sex,drug,SYMBOL,ENSEMBL,expr_logFC,expr_p,expr_direction,CpG,region,island,delta_M,meth_p,meth_direction,biological_pattern
male,Etanercept,CSRNP2,ENSG00000110925,0.45616748292219295,6.568414272582832e-6,UP in responders,cg06314235,TSS200,S_Shore,0.3425581016630472,0.06027039192428141,HYPERmethylated in responders,non-canonical / not the textbook direction
male,Etanercept,CSRNP2,ENSG00000110925,0.45616748292219295,6.568414272582832e-6,UP in responders,cg06314235,TSS1500,S_Shore,0.3425581016630472,0.06027039192428141,HYPERmethylated in responders,non-canonical / not the textbook direction
male,Etanercept,CSRNP2,ENSG00000110925,0.45616748292219295,6.568414272582832e-6,UP in responders,cg04396637,5'UTR,Island,0.3101876268422762,0.12122231422079768,HYPERmethylated in responders,non-canonical / not the textbook direction
male,Etanercept,CSRNP2,ENSG00000110925,0.45616748292219295,6.568414272582832e-6,UP in responders,cg21339676,TSS200,Island,-0.3297004535120169,0.16863719526174067,HYPOmethylated in responders,concordant (promoter hypomethylation -> higher expression)
male,Etanercept,CSRNP2,ENSG00000110925,0.45616748292219295,6.568414272582832e-6,UP in responders,cg23618218,5'UTR,N_Shelf,-0.1767751295727633,0.1972167508753349,HYPOmethylated in responders,concordant (promoter hypomethylation -> higher expression)
male,Etanercept,CSRNP2,ENSG00000110925,0.45616748292219295,6.568414272582832e-6,UP in responders,cg23314055,3'UTR,OpenSea,-0.19390136511194506,0.20178108599015945,HYPOmethylated in responders,non-canonical / not the textbook direction
male,Etanercept,CSRNP2,ENSG00000110925,0.45616748292219295,6.568414272582832e-6,UP in responders,cg02675652,TSS1500,S_Shore,0.31954630538388823,0.20469070457555263,HYPERmethylated in responders,non-canonical / not the textbook direction
male,Etanercept,CSRNP2,ENSG00000110925,0.45616748292219295,6.568414272582832e-6,UP in responders,cg09479489,TSS1500,S_Shore,-0.18886484463780184,0.21445889107346672,HYPOmethylated in responders,concordant (promoter hypomethylation -> higher expression)
male,Etanercept,CSRNP2,ENSG00000110925,0.45616748292219295,6.568414272582832e-6,UP in responders,cg02456869,TSS1500,S_Shore,0.15746841582742682,0.2439672387708922,HYPERmethylated in responders,non-canonical / not the textbook direction
male,Etanercept,CSRNP2,ENSG00000110925,0.45616748292219295,6.568414272582832e-6,UP in responders,cg11053966,5'UTR,N_Shore,0.2536035897453702,0.24495451700515766,HYPERmethylated in responders,non-canonical / not the textbook direction
male,Etanercept,CSRNP2,ENSG00000110925,0.45616748292219295,6.568414272582832e-6,UP in responders,cg07772537,Body,OpenSea,0.18078383825290975,0.31976711621646475,HYPERmethylated in responders,concordant (gene-body hypermethylation -> higher expression)
male,Etanercept,CSRNP2,ENSG00000110925,0.45616748292219295,6.568414272582832e-6,UP in responders,cg10789295,3'UTR,OpenSea,-0.12328901735835898,0.3503197685973818,HYPOmethylated in responders,non-canonical / not the textbook direction
male,Etanercept,CSRNP2,ENSG00000110925,0.45616748292219295,6.568414272582832e-6,UP in responders,cg10789295,Body,OpenSea,-0.12328901735835898,0.3503197685973818,HYPOmethylated in responders,non-canonical / not the textbook direction
male,Etanercept,CSRNP2,ENSG00000110925,0.45616748292219295,6.568414272582832e-6,UP in responders,cg00552387,TSS1500,Island,0.13527091621072565,0.3767770899352887,HYPERmethylated in responders,non-canonical / not the textbook direction
male,Etanercept,CSRNP2,ENSG00000110925,0.45616748292219295,6.568414272582832e-6,UP in responders,cg20041532,TSS1500,S_Shore,-0.09650686609797182,0.4670984414968191,HYPOmethylated in responders,concordant (promoter hypomethylation -> higher expression)
male,Etanercept,CSRNP2,ENSG00000110925,0.45616748292219295,6.568414272582832e-6,UP in responders,cg06260527,TSS1500,S_Shore,0.14849640155755303,0.4845589543586656,HYPERmethylated in responders,non-canonical / not the textbook direction
male,Etanercept,CSRNP2,ENSG00000110925,0.45616748292219295,6.568414272582832e-6,UP in responders,cg06134974,TSS1500,Island,0.0891196361847492,0.49954741060069885,HYPERmethylated in responders,non-canonical / not the textbook direction
male,Etanercept,CSRNP2,ENSG00000110925,0.45616748292219295,6.568414272582832e-6,UP in responders,cg05249199,TSS1500,Island,-0.09072303861125892,0.658004091781335,HYPOmethylated in responders,concordant (promoter hypomethylation -> higher expression)
male,Etanercept,CSRNP2,ENSG00000110925,0.45616748292219295,6.568414272582832e-6,UP in responders,cg12594348,TSS200,Island,-0.08046457818969019,0.693288904001667,HYPOmethylated in responders,concordant (promoter hypomethylation -> higher expression)
male,Etanercept,CSRNP2,ENSG00000110925,0.45616748292219295,6.568414272582832e-6,UP in responders,cg11701951,5'UTR,Island,0.07866614752308951,0.7348689023906584,HYPERmethylated in responders,non-canonical / not the textbook direction
male,Etanercept,CSRNP2,ENSG00000110925,0.45616748292219295,6.568414272582832e-6,UP in responders,cg11701951,1stExon,Island,0.07866614752308951,0.7348689023906584,HYPERmethylated in responders,non-canonical / not the textbook direction
male,Etanercept,CSRNP2,ENSG00000110925,0.45616748292219295,6.568414272582832e-6,UP in responders,ch.12.1048628F,Body,OpenSea,-0.0789962155999863,0.7355368137255578,HYPOmethylated in responders,non-canonical / not the textbook direction
male,Etanercept,CSRNP2,ENSG00000110925,0.45616748292219295,6.568414272582832e-6,UP in responders,cg13069910,TSS200,Island,0.07147593178884416,0.7438044495275962,HYPERmethylated in responders,non-canonical / not the textbook direction
male,Etanercept,CSRNP2,ENSG00000110925,0.45616748292219295,6.568414272582832e-6,UP in responders,cg01577361,TSS200,Island,0.04943477378816407,0.748754781172075,HYPERmethylated in responders,non-canonical / not the textbook direction
male,Etanercept,CSRNP2,ENSG00000110925,0.45616748292219295,6.568414272582832e-6,UP in responders,cg15141173,Body,OpenSea,-0.0017166951353844227,0.9910903507445248,HYPOmethylated in responders,non-canonical / not the textbook direction
male,Etanercept,NOS3,ENSG00000164867,-1.174966055582022,5.9236237503805156e-5,DOWN in responders,cg19963510,1stExon,OpenSea,-0.5880242208628299,0.0011261933885823882,HYPOmethylated in responders,non-canonical / not the textbook direction
male,Etanercept,NOS3,ENSG00000164867,-1.174966055582022,5.9236237503805156e-5,DOWN in responders,cg19963510,5'UTR,OpenSea,-0.5880242208628299,0.0011261933885823882,HYPOmethylated in responders,non-canonical / not the textbook direction
male,Etanercept,NOS3,ENSG00000164867,-1.174966055582022,5.9236237503805156e-5,DOWN in responders,cg20109855,Body,OpenSea,-0.723968862042579,0.0019306886608302784,HYPOmethylated in responders,concordant (gene-body hypomethylation -> lower expression)
male,Etanercept,NOS3,ENSG00000164867,-1.174966055582022,5.9236237503805156e-5,DOWN in responders,cg03842617,5'UTR,OpenSea,-0.6268869181584433,0.003842688115296253,HYPOmethylated in responders,non-canonical / not the textbook direction
male,Etanercept,NOS3,ENSG00000164867,-1.174966055582022,5.9236237503805156e-5,DOWN in responders,cg17580526,Body,N_Shore,-0.35683025224044995,0.009507199829061909,HYPOmethylated in responders,concordant (gene-body hypomethylation -> lower expression)
male,Etanercept,NOS3,ENSG00000164867,-1.174966055582022,5.9236237503805156e-5,DOWN in responders,cg08682175,5'UTR,OpenSea,-0.4131038947314705,0.011465609435877863,HYPOmethylated in responders,non-canonical / not the textbook direction
male,Etanercept,NOS3,ENSG00000164867,-1.174966055582022,5.9236237503805156e-5,DOWN in responders,cg08682175,TSS200,OpenSea,-0.4131038947314705,0.011465609435877863,HYPOmethylated in responders,non-canonical / not the textbook direction
male,Etanercept,NOS3,ENSG00000164867,-1.174966055582022,5.9236237503805156e-5,DOWN in responders,cg16035633,3'UTR,OpenSea,-0.3290985935640358,0.026760490845420794,HYPOmethylated in responders,non-canonical / not the textbook direction
male,Etanercept,NOS3,ENSG00000164867,-1.174966055582022,5.9236237503805156e-5,DOWN in responders,cg16035633,Body,OpenSea,-0.3290985935640358,0.026760490845420794,HYPOmethylated in responders,concordant (gene-body hypomethylation -> lower expression)
male,Etanercept,NOS3,ENSG00000164867,-1.174966055582022,5.9236237503805156e-5,DOWN in responders,cg02027878,Body,Island,-0.38917853035658684,0.03774351382151151,HYPOmethylated in responders,concordant (gene-body hypomethylation -> lower expression)
male,Etanercept,NOS3,ENSG00000164867,-1.174966055582022,5.9236237503805156e-5,DOWN in responders,cg00478390,Body,N_Shore,-0.30570006137603495,0.047491472245816145,HYPOmethylated in responders,concordant (gene-body hypomethylation -> lower expression)
male,Etanercept,NOS3,ENSG00000164867,-1.174966055582022,5.9236237503805156e-5,DOWN in responders,cg17980032,3'UTR,OpenSea,-0.32453562964110816,0.04979442275298866,HYPOmethylated in responders,non-canonical / not the textbook direction
male,Etanercept,NOS3,ENSG00000164867,-1.174966055582022,5.9236237503805156e-5,DOWN in responders,cg17980032,Body,OpenSea,-0.32453562964110816,0.04979442275298866,HYPOmethylated in responders,concordant (gene-body hypomethylation -> lower expression)
male,Etanercept,NOS3,ENSG00000164867,-1.174966055582022,5.9236237503805156e-5,DOWN in responders,cg19087068,5'UTR,OpenSea,-0.2936722484364503,0.0717875969728411,HYPOmethylated in responders,non-canonical / not the textbook direction
male,Etanercept,NOS3,ENSG00000164867,-1.174966055582022,5.9236237503805156e-5,DOWN in responders,cg19087068,TSS1500,OpenSea,-0.2936722484364503,0.0717875969728411,HYPOmethylated in responders,non-canonical / not the textbook direction
male,Etanercept,NOS3,ENSG00000164867,-1.174966055582022,5.9236237503805156e-5,DOWN in responders,cg11061317,Body,OpenSea,-0.24463948052218204,0.071976398560594,HYPOmethylated in responders,concordant (gene-body hypomethylation -> lower expression)
male,Etanercept,NOS3,ENSG00000164867,-1.174966055582022,5.9236237503805156e-5,DOWN in responders,cg12547085,5'UTR,OpenSea,-0.23443554866167246,0.09727482025932593,HYPOmethylated in responders,non-canonical / not the textbook direction
male,Etanercept,NOS3,ENSG00000164867,-1.174966055582022,5.9236237503805156e-5,DOWN in responders,cg12547085,TSS1500,OpenSea,-0.23443554866167246,0.09727482025932593,HYPOmethylated in responders,non-canonical / not the textbook direction
male,Etanercept,NOS3,ENSG00000164867,-1.174966055582022,5.9236237503805156e-5,DOWN in responders,cg17690263,1stExon,OpenSea,-0.20058131232012716,0.12690700613307962,HYPOmethylated in responders,non-canonical / not the textbook direction
male,Etanercept,NOS3,ENSG00000164867,-1.174966055582022,5.9236237503805156e-5,DOWN in responders,cg17690263,Body,OpenSea,-0.20058131232012716,0.12690700613307962,HYPOmethylated in responders,concordant (gene-body hypomethylation -> lower expression)
male,Etanercept,NOS3,ENSG00000164867,-1.174966055582022,5.9236237503805156e-5,DOWN in responders,cg13224213,5'UTR,OpenSea,-0.16341216958958893,0.14614136840710398,HYPOmethylated in responders,non-canonical / not the textbook direction
male,Etanercept,NOS3,ENSG00000164867,-1.174966055582022,5.9236237503805156e-5,DOWN in responders,cg13224213,TSS1500,OpenSea,-0.16341216958958893,0.14614136840710398,HYPOmethylated in responders,non-canonical / not the textbook direction
male,Etanercept,NOS3,ENSG00000164867,-1.174966055582022,5.9236237503805156e-5,DOWN in responders,cg02283051,5'UTR,OpenSea,-0.17977468372334707,0.15244735689562924,HYPOmethylated in responders,non-canonical / not the textbook direction
male,Etanercept,NOS3,ENSG00000164867,-1.174966055582022,5.9236237503805156e-5,DOWN in responders,cg02283051,TSS200,OpenSea,-0.17977468372334707,0.15244735689562924,HYPOmethylated in responders,non-canonical / not the textbook direction
male,Etanercept,NOS3,ENSG00000164867,-1.174966055582022,5.9236237503805156e-5,DOWN in responders,cg21901847,Body,N_Shore,0.2550705508212654,0.15453170044142725,HYPERmethylated in responders,non-canonical / not the textbook direction
male,Etanercept,NOS3,ENSG00000164867,-1.174966055582022,5.9236237503805156e-5,DOWN in responders,cg22232119,Body,N_Shore,-0.16178608662048782,0.17834421966433783,HYPOmethylated in responders,concordant (gene-body hypomethylation -> lower expression)
male,Etanercept,NOS3,ENSG00000164867,-1.174966055582022,5.9236237503805156e-5,DOWN in responders,cg09655835,Body,OpenSea,-0.3109687200300097,0.19741543425867772,HYPOmethylated in responders,concordant (gene-body hypomethylation -> lower expression)
male,Etanercept,NOS3,ENSG00000164867,-1.174966055582022,5.9236237503805156e-5,DOWN in responders,cg04071701,TSS200,OpenSea,-0.21519883071702295,0.20374949862995576,HYPOmethylated in responders,non-canonical / not the textbook direction
male,Etanercept,NOS3,ENSG00000164867,-1.174966055582022,5.9236237503805156e-5,DOWN in responders,cg21932452,Body,N_Shelf,-0.24575976585444492,0.20789382448442653,HYPOmethylated in responders,concordant (gene-body hypomethylation -> lower expression)
male,Etanercept,NOS3,ENSG00000164867,-1.174966055582022,5.9236237503805156e-5,DOWN in responders,cg16420354,5'UTR,OpenSea,-0.14804210960338596,0.21379824939609482,HYPOmethylated in responders,non-canonical / not the textbook direction
male,Etanercept,NOS3,ENSG00000164867,-1.174966055582022,5.9236237503805156e-5,DOWN in responders,cg16420354,TSS200,OpenSea,-0.14804210960338596,0.21379824939609482,HYPOmethylated in responders,non-canonical / not the textbook direction
male,Etanercept,NOS3,ENSG00000164867,-1.174966055582022,5.9236237503805156e-5,DOWN in responders,cg00448659,Body,N_Shore,-0.14293677527991744,0.29435845897642504,HYPOmethylated in responders,concordant (gene-body hypomethylation -> lower expression)
male,Etanercept,NOS3,ENSG00000164867,-1.174966055582022,5.9236237503805156e-5,DOWN in responders,cg20498962,Body,Island,0.1589700659450625,0.3256373978243673,HYPERmethylated in responders,non-canonical / not the textbook direction
male,Etanercept,NOS3,ENSG00000164867,-1.174966055582022,5.9236237503805156e-5,DOWN in responders,cg07841866,Body,S_Shore,-0.12161661585390157,0.3441711654934839,HYPOmethylated in responders,concordant (gene-body hypomethylation -> lower expression)
male,Etanercept,NOS3,ENSG00000164867,-1.174966055582022,5.9236237503805156e-5,DOWN in responders,cg25007250,TSS1500,OpenSea,-0.1728431141176631,0.35938457898649834,HYPOmethylated in responders,non-canonical / not the textbook direction
male,Etanercept,NOS3,ENSG00000164867,-1.174966055582022,5.9236237503805156e-5,DOWN in responders,cg17429236,Body,OpenSea,0.1756891829823109,0.3657152037182856,HYPERmethylated in responders,non-canonical / not the textbook direction
male,Etanercept,NOS3,ENSG00000164867,-1.174966055582022,5.9236237503805156e-5,DOWN in responders,cg24032393,Body,S_Shore,-0.10380592913048152,0.40866649005641653,HYPOmethylated in responders,concordant (gene-body hypomethylation -> lower expression)
male,Etanercept,NOS3,ENSG00000164867,-1.174966055582022,5.9236237503805156e-5,DOWN in responders,cg03469471,Body,S_Shore,0.10761286146281031,0.4453513285301799,HYPERmethylated in responders,non-canonical / not the textbook direction
male,Etanercept,NOS3,ENSG00000164867,-1.174966055582022,5.9236237503805156e-5,DOWN in responders,cg13024471,5'UTR,OpenSea,-0.13175786446432072,0.47019097202167115,HYPOmethylated in responders,non-canonical / not the textbook direction
male,Etanercept,NOS3,ENSG00000164867,-1.174966055582022,5.9236237503805156e-5,DOWN in responders,cg13024471,TSS200,OpenSea,-0.13175786446432072,0.47019097202167115,HYPOmethylated in responders,non-canonical / not the textbook direction
male,Etanercept,NOS3,ENSG00000164867,-1.174966055582022,5.9236237503805156e-5,DOWN in responders,cg00571021,Body,S_Shore,-0.11979613672374723,0.5059213803979115,HYPOmethylated in responders,concordant (gene-body hypomethylation -> lower expression)
male,Etanercept,NOS3,ENSG00000164867,-1.174966055582022,5.9236237503805156e-5,DOWN in responders,cg25136644,Body,N_Shore,-0.07678468998063634,0.5209040582103692,HYPOmethylated in responders,concordant (gene-body hypomethylation -> lower expression)
male,Etanercept,NOS3,ENSG00000164867,-1.174966055582022,5.9236237503805156e-5,DOWN in responders,cg19475224,5'UTR,OpenSea,-0.09058323105832346,0.5665402941558662,HYPOmethylated in responders,non-canonical / not the textbook direction
male,Etanercept,NOS3,ENSG00000164867,-1.174966055582022,5.9236237503805156e-5,DOWN in responders,cg19475224,TSS1500,OpenSea,-0.09058323105832346,0.5665402941558662,HYPOmethylated in responders,non-canonical / not the textbook direction
male,Etanercept,NOS3,ENSG00000164867,-1.174966055582022,5.9236237503805156e-5,DOWN in responders,cg12294678,TSS1500,OpenSea,-0.07395701043616615,0.5758538878187822,HYPOmethylated in responders,non-canonical / not the textbook direction
male,Etanercept,NOS3,ENSG00000164867,-1.174966055582022,5.9236237503805156e-5,DOWN in responders,cg12337026,Body,OpenSea,0.09343243165903986,0.5963052638458166,HYPERmethylated in responders,non-canonical / not the textbook direction
male,Etanercept,NOS3,ENSG00000164867,-1.174966055582022,5.9236237503805156e-5,DOWN in responders,cg04018315,Body,N_Shore,-0.09996537304247598,0.6006046889296097,HYPOmethylated in responders,concordant (gene-body hypomethylation -> lower expression)
male,Etanercept,NOS3,ENSG00000164867,-1.174966055582022,5.9236237503805156e-5,DOWN in responders,cg25025646,3'UTR,S_Shore,-0.12543963417059031,0.6163301556668019,HYPOmethylated in responders,non-canonical / not the textbook direction
male,Etanercept,NOS3,ENSG00000164867,-1.174966055582022,5.9236237503805156e-5,DOWN in responders,cg20068156,TSS1500,OpenSea,-0.05078472167315166,0.6443615566259107,HYPOmethylated in responders,non-canonical / not the textbook direction
male,Etanercept,NOS3,ENSG00000164867,-1.174966055582022,5.9236237503805156e-5,DOWN in responders,cg06971766,TSS1500,OpenSea,0.04561954163603347,0.7670658206025824,HYPERmethylated in responders,concordant (promoter hypermethylation -> lower expression)
male,Etanercept,NOS3,ENSG00000164867,-1.174966055582022,5.9236237503805156e-5,DOWN in responders,cg07643980,Body,N_Shore,-0.039292091793055414,0.773519856451087,HYPOmethylated in responders,concordant (gene-body hypomethylation -> lower expression)
male,Etanercept,NOS3,ENSG00000164867,-1.174966055582022,5.9236237503805156e-5,DOWN in responders,cg00700487,Body,Island,-0.04488759312091557,0.7745937545268031,HYPOmethylated in responders,concordant (gene-body hypomethylation -> lower expression)
male,Etanercept,NOS3,ENSG00000164867,-1.174966055582022,5.9236237503805156e-5,DOWN in responders,cg10501602,Body,Island,0.03428941633846121,0.8391286201236559,HYPERmethylated in responders,non-canonical / not the textbook direction
male,Etanercept,NOS3,ENSG00000164867,-1.174966055582022,5.9236237503805156e-5,DOWN in responders,cg15183092,Body,Island,-0.010573095889653704,0.9548802615643934,HYPOmethylated in responders,concordant (gene-body hypomethylation -> lower expression)
male,Etanercept,NOS3,ENSG00000164867,-1.174966055582022,5.9236237503805156e-5,DOWN in responders,cg05337454,Body,N_Shore,0.007541491590061927,0.9587707645034378,HYPERmethylated in responders,non-canonical / not the textbook direction
male,Etanercept,NOS3,ENSG00000164867,-1.174966055582022,5.9236237503805156e-5,DOWN in responders,cg09519327,Body,Island,0.007317679926606423,0.9875552083967438,HYPERmethylated in responders,non-canonical / not the textbook direction
male,Etanercept,TP53BP2,ENSG00000143514,0.38409769226972834,7.321853790726998e-5,UP in responders,cg03992323,Body,OpenSea,-0.5809992349677211,0.022050075770870866,HYPOmethylated in responders,non-canonical / not the textbook direction
male,Etanercept,TP53BP2,ENSG00000143514,0.38409769226972834,7.321853790726998e-5,UP in responders,cg03992323,5'UTR,OpenSea,-0.5809992349677211,0.022050075770870866,HYPOmethylated in responders,concordant (promoter hypomethylation -> higher expression)
male,Etanercept,TP53BP2,ENSG00000143514,0.38409769226972834,7.321853790726998e-5,UP in responders,cg05944124,Body,OpenSea,-0.43725562411883817,0.029261773183724353,HYPOmethylated in responders,non-canonical / not the textbook direction
male,Etanercept,TP53BP2,ENSG00000143514,0.38409769226972834,7.321853790726998e-5,UP in responders,cg05944124,5'UTR,OpenSea,-0.43725562411883817,0.029261773183724353,HYPOmethylated in responders,concordant (promoter hypomethylation -> higher expression)
male,Etanercept,TP53BP2,ENSG00000143514,0.38409769226972834,7.321853790726998e-5,UP in responders,cg03388409,Body,OpenSea,-0.40246466425787947,0.03284524467050322,HYPOmethylated in responders,non-canonical / not the textbook direction
male,Etanercept,TP53BP2,ENSG00000143514,0.38409769226972834,7.321853790726998e-5,UP in responders,cg03388409,5'UTR,OpenSea,-0.40246466425787947,0.03284524467050322,HYPOmethylated in responders,concordant (promoter hypomethylation -> higher expression)
male,Etanercept,TP53BP2,ENSG00000143514,0.38409769226972834,7.321853790726998e-5,UP in responders,cg12316766,Body,OpenSea,-0.23634688202810394,0.035831550604783644,HYPOmethylated in responders,non-canonical / not the textbook direction
male,Etanercept,TP53BP2,ENSG00000143514,0.38409769226972834,7.321853790726998e-5,UP in responders,cg12316766,5'UTR,OpenSea,-0.23634688202810394,0.035831550604783644,HYPOmethylated in responders,concordant (promoter hypomethylation -> higher expression)
male,Etanercept,TP53BP2,ENSG00000143514,0.38409769226972834,7.321853790726998e-5,UP in responders,cg20033578,Body,OpenSea,-0.26238538852916143,0.04808019467331257,HYPOmethylated in responders,non-canonical / not the textbook direction
male,Etanercept,TP53BP2,ENSG00000143514,0.38409769226972834,7.321853790726998e-5,UP in responders,cg02526551,Body,N_Shore,-0.39534560332919566,0.05170240375993084,HYPOmethylated in responders,non-canonical / not the textbook direction
male,Etanercept,TP53BP2,ENSG00000143514,0.38409769226972834,7.321853790726998e-5,UP in responders,cg02526551,5'UTR,N_Shore,-0.39534560332919566,0.05170240375993084,HYPOmethylated in responders,concordant (promoter hypomethylation -> higher expression)
male,Etanercept,TP53BP2,ENSG00000143514,0.38409769226972834,7.321853790726998e-5,UP in responders,cg13094652,TSS1500,S_Shore,-0.29048642277984976,0.06028908930061512,HYPOmethylated in responders,concordant (promoter hypomethylation -> higher expression)
male,Etanercept,TP53BP2,ENSG00000143514,0.38409769226972834,7.321853790726998e-5,UP in responders,cg13016598,Body,OpenSea,-0.28312358940392335,0.06538646044772407,HYPOmethylated in responders,non-canonical / not the textbook direction
male,Etanercept,TP53BP2,ENSG00000143514,0.38409769226972834,7.321853790726998e-5,UP in responders,cg13016598,5'UTR,OpenSea,-0.28312358940392335,0.06538646044772407,HYPOmethylated in responders,concordant (promoter hypomethylation -> higher expression)
male,Etanercept,TP53BP2,ENSG00000143514,0.38409769226972834,7.321853790726998e-5,UP in responders,cg15700160,TSS1500,Island,0.3798179319862049,0.07169565498210424,HYPERmethylated in responders,non-canonical / not the textbook direction
male,Etanercept,TP53BP2,ENSG00000143514,0.38409769226972834,7.321853790726998e-5,UP in responders,cg23857197,TSS200,Island,0.660990135902367,0.08209609051326085,HYPERmethylated in responders,non-canonical / not the textbook direction
male,Etanercept,TP53BP2,ENSG00000143514,0.38409769226972834,7.321853790726998e-5,UP in responders,cg12206317,Body,OpenSea,-0.20432585222057367,0.09685427677967501,HYPOmethylated in responders,non-canonical / not the textbook direction
male,Etanercept,TP53BP2,ENSG00000143514,0.38409769226972834,7.321853790726998e-5,UP in responders,cg12206317,5'UTR,OpenSea,-0.20432585222057367,0.09685427677967501,HYPOmethylated in responders,concordant (promoter hypomethylation -> higher expression)
male,Etanercept,TP53BP2,ENSG00000143514,0.38409769226972834,7.321853790726998e-5,UP in responders,cg11418427,Body,N_Shore,0.4715239308169074,0.11230401370968597,HYPERmethylated in responders,concordant (gene-body hypermethylation -> higher expression)
male,Etanercept,TP53BP2,ENSG00000143514,0.38409769226972834,7.321853790726998e-5,UP in responders,cg11418427,5'UTR,N_Shore,0.4715239308169074,0.11230401370968597,HYPERmethylated in responders,non-canonical / not the textbook direction
male,Etanercept,TP53BP2,ENSG00000143514,0.38409769226972834,7.321853790726998e-5,UP in responders,cg12993990,Body,OpenSea,-0.39617563518689997,0.12603491793905314,HYPOmethylated in responders,non-canonical / not the textbook direction
male,Etanercept,TP53BP2,ENSG00000143514,0.38409769226972834,7.321853790726998e-5,UP in responders,cg12993990,5'UTR,OpenSea,-0.39617563518689997,0.12603491793905314,HYPOmethylated in responders,concordant (promoter hypomethylation -> higher expression)
male,Etanercept,TP53BP2,ENSG00000143514,0.38409769226972834,7.321853790726998e-5,UP in responders,cg16514063,Body,OpenSea,-0.20352629909916947,0.15164745969791804,HYPOmethylated in responders,non-canonical / not the textbook direction
male,Etanercept,TP53BP2,ENSG00000143514,0.38409769226972834,7.321853790726998e-5,UP in responders,ch.1.4359995F,Body,OpenSea,0.526733132494753,0.16652215701936665,HYPERmethylated in responders,concordant (gene-body hypermethylation -> higher expression)
male,Etanercept,TP53BP2,ENSG00000143514,0.38409769226972834,7.321853790726998e-5,UP in responders,ch.1.4359995F,5'UTR,OpenSea,0.526733132494753,0.16652215701936665,HYPERmethylated in responders,non-canonical / not the textbook direction
male,Etanercept,TP53BP2,ENSG00000143514,0.38409769226972834,7.321853790726998e-5,UP in responders,cg02655745,TSS1500,Island,-0.20872947342639878,0.1767759154066963,HYPOmethylated in responders,concordant (promoter hypomethylation -> higher expression)
male,Etanercept,TP53BP2,ENSG00000143514,0.38409769226972834,7.321853790726998e-5,UP in responders,cg05734185,Body,N_Shore,-0.22358547552619562,0.1898257366106303,HYPOmethylated in responders,non-canonical / not the textbook direction
male,Etanercept,TP53BP2,ENSG00000143514,0.38409769226972834,7.321853790726998e-5,UP in responders,cg05734185,5'UTR,N_Shore,-0.22358547552619562,0.1898257366106303,HYPOmethylated in responders,concordant (promoter hypomethylation -> higher expression)
male,Etanercept,TP53BP2,ENSG00000143514,0.38409769226972834,7.321853790726998e-5,UP in responders,cg05930186,Body,OpenSea,-0.19155932224539243,0.2155214825922151,HYPOmethylated in responders,non-canonical / not the textbook direction
male,Etanercept,TP53BP2,ENSG00000143514,0.38409769226972834,7.321853790726998e-5,UP in responders,cg05930186,5'UTR,OpenSea,-0.19155932224539243,0.2155214825922151,HYPOmethylated in responders,concordant (promoter hypomethylation -> higher expression)
male,Etanercept,TP53BP2,ENSG00000143514,0.38409769226972834,7.321853790726998e-5,UP in responders,cg19938833,Body,OpenSea,-0.17949267060958482,0.2718979339272274,HYPOmethylated in responders,non-canonical / not the textbook direction
male,Etanercept,TP53BP2,ENSG00000143514,0.38409769226972834,7.321853790726998e-5,UP in responders,cg19938833,5'UTR,OpenSea,-0.17949267060958482,0.2718979339272274,HYPOmethylated in responders,concordant (promoter hypomethylation -> higher expression)
male,Etanercept,TP53BP2,ENSG00000143514,0.38409769226972834,7.321853790726998e-5,UP in responders,cg19938833,ExonBnd,OpenSea,-0.17949267060958482,0.2718979339272274,HYPOmethylated in responders,non-canonical / not the textbook direction
male,Etanercept,TP53BP2,ENSG00000143514,0.38409769226972834,7.321853790726998e-5,UP in responders,cg16904639,Body,N_Shore,0.2189745325968938,0.27459023331630383,HYPERmethylated in responders,concordant (gene-body hypermethylation -> higher expression)
male,Etanercept,TP53BP2,ENSG00000143514,0.38409769226972834,7.321853790726998e-5,UP in responders,cg16904639,5'UTR,N_Shore,0.2189745325968938,0.27459023331630383,HYPERmethylated in responders,non-canonical / not the textbook direction
male,Etanercept,TP53BP2,ENSG00000143514,0.38409769226972834,7.321853790726998e-5,UP in responders,cg24185736,Body,OpenSea,-0.3015341730636042,0.29834082738683254,HYPOmethylated in responders,non-canonical / not the textbook direction
male,Etanercept,TP53BP2,ENSG00000143514,0.38409769226972834,7.321853790726998e-5,UP in responders,cg24185736,5'UTR,OpenSea,-0.3015341730636042,0.29834082738683254,HYPOmethylated in responders,concordant (promoter hypomethylation -> higher expression)
male,Etanercept,TP53BP2,ENSG00000143514,0.38409769226972834,7.321853790726998e-5,UP in responders,cg02652525,Body,OpenSea,-0.11303023680812394,0.3337824087333371,HYPOmethylated in responders,non-canonical / not the textbook direction
male,Etanercept,TP53BP2,ENSG00000143514,0.38409769226972834,7.321853790726998e-5,UP in responders,cg02652525,5'UTR,OpenSea,-0.11303023680812394,0.3337824087333371,HYPOmethylated in responders,concordant (promoter hypomethylation -> higher expression)
male,Etanercept,TP53BP2,ENSG00000143514,0.38409769226972834,7.321853790726998e-5,UP in responders,cg15975832,Body,N_Shelf,-0.1853114392702893,0.34674442100045766,HYPOmethylated in responders,non-canonical / not the textbook direction
male,Etanercept,TP53BP2,ENSG00000143514,0.38409769226972834,7.321853790726998e-5,UP in responders,cg15975832,5'UTR,N_Shelf,-0.1853114392702893,0.34674442100045766,HYPOmethylated in responders,concordant (promoter hypomethylation -> higher expression)
male,Etanercept,TP53BP2,ENSG00000143514,0.38409769226972834,7.321853790726998e-5,UP in responders,cg20695057,TSS1500,Island,-0.32505203595686183,0.34794032950969633,HYPOmethylated in responders,concordant (promoter hypomethylation -> higher expression)
male,Etanercept,TP53BP2,ENSG00000143514,0.38409769226972834,7.321853790726998e-5,UP in responders,cg11145399,TSS1500,S_Shore,-0.17305871839766762,0.357045208178822,HYPOmethylated in responders,concordant (promoter hypomethylation -> higher expression)
male,Etanercept,TP53BP2,ENSG00000143514,0.38409769226972834,7.321853790726998e-5,UP in responders,cg07956992,Body,OpenSea,-0.11524019506723567,0.3572080377908208,HYPOmethylated in responders,non-canonical / not the textbook direction
male,Etanercept,TP53BP2,ENSG00000143514,0.38409769226972834,7.321853790726998e-5,UP in responders,cg19448365,Body,OpenSea,-0.12029661873814661,0.36334799973583354,HYPOmethylated in responders,non-canonical / not the textbook direction
male,Etanercept,TP53BP2,ENSG00000143514,0.38409769226972834,7.321853790726998e-5,UP in responders,cg01022171,Body,Island,0.1967245468633781,0.3721213927081518,HYPERmethylated in responders,concordant (gene-body hypermethylation -> higher expression)
male,Etanercept,TP53BP2,ENSG00000143514,0.38409769226972834,7.321853790726998e-5,UP in responders,cg01022171,5'UTR,Island,0.1967245468633781,0.3721213927081518,HYPERmethylated in responders,non-canonical / not the textbook direction
male,Etanercept,TP53BP2,ENSG00000143514,0.38409769226972834,7.321853790726998e-5,UP in responders,cg15481858,Body,OpenSea,0.11932149522452151,0.3723338244510055,HYPERmethylated in responders,concordant (gene-body hypermethylation -> higher expression)
male,Etanercept,TP53BP2,ENSG00000143514,0.38409769226972834,7.321853790726998e-5,UP in responders,cg10165962,Body,OpenSea,-0.1019157968717494,0.4367075642743723,HYPOmethylated in responders,non-canonical / not the textbook direction
male,Etanercept,TP53BP2,ENSG00000143514,0.38409769226972834,7.321853790726998e-5,UP in responders,cg21062875,Body,OpenSea,-0.09273161858106242,0.44072899337916005,HYPOmethylated in responders,non-canonical / not the textbook direction
male,Etanercept,TP53BP2,ENSG00000143514,0.38409769226972834,7.321853790726998e-5,UP in responders,cg13858554,Body,OpenSea,-0.10136893957839899,0.500083058401266,HYPOmethylated in responders,non-canonical / not the textbook direction
male,Etanercept,TP53BP2,ENSG00000143514,0.38409769226972834,7.321853790726998e-5,UP in responders,cg13858554,5'UTR,OpenSea,-0.10136893957839899,0.500083058401266,HYPOmethylated in responders,concordant (promoter hypomethylation -> higher expression)
male,Etanercept,TP53BP2,ENSG00000143514,0.38409769226972834,7.321853790726998e-5,UP in responders,cg10453443,Body,OpenSea,-0.15261226422482008,0.5366221508942016,HYPOmethylated in responders,non-canonical / not the textbook direction
male,Etanercept,TP53BP2,ENSG00000143514,0.38409769226972834,7.321853790726998e-5,UP in responders,cg10453443,5'UTR,OpenSea,-0.15261226422482008,0.5366221508942016,HYPOmethylated in responders,concordant (promoter hypomethylation -> higher expression)
male,Etanercept,TP53BP2,ENSG00000143514,0.38409769226972834,7.321853790726998e-5,UP in responders,cg15134583,Body,OpenSea,-0.12612202042237283,0.5497289455692052,HYPOmethylated in responders,non-canonical / not the textbook direction
male,Etanercept,TP53BP2,ENSG00000143514,0.38409769226972834,7.321853790726998e-5,UP in responders,cg15134583,5'UTR,OpenSea,-0.12612202042237283,0.5497289455692052,HYPOmethylated in responders,concordant (promoter hypomethylation -> higher expression)
male,Etanercept,TP53BP2,ENSG00000143514,0.38409769226972834,7.321853790726998e-5,UP in responders,cg18885406,Body,Island,-0.07599281608964986,0.5725858183878535,HYPOmethylated in responders,non-canonical / not the textbook direction
male,Etanercept,TP53BP2,ENSG00000143514,0.38409769226972834,7.321853790726998e-5,UP in responders,cg18885406,5'UTR,Island,-0.07599281608964986,0.5725858183878535,HYPOmethylated in responders,concordant (promoter hypomethylation -> higher expression)
male,Etanercept,TP53BP2,ENSG00000143514,0.38409769226972834,7.321853790726998e-5,UP in responders,cg22396730,Body,OpenSea,-0.06921424613161506,0.6125689478051062,HYPOmethylated in responders,non-canonical / not the textbook direction
male,Etanercept,TP53BP2,ENSG00000143514,0.38409769226972834,7.321853790726998e-5,UP in responders,cg22396730,5'UTR,OpenSea,-0.06921424613161506,0.6125689478051062,HYPOmethylated in responders,concordant (promoter hypomethylation -> higher expression)
male,Etanercept,TP53BP2,ENSG00000143514,0.38409769226972834,7.321853790726998e-5,UP in responders,cg07374490,3'UTR,OpenSea,-0.06444904368205108,0.6148335637313669,HYPOmethylated in responders,non-canonical / not the textbook direction
male,Etanercept,TP53BP2,ENSG00000143514,0.38409769226972834,7.321853790726998e-5,UP in responders,cg01566069,ExonBnd,OpenSea,-0.04748258441263023,0.6883488067235254,HYPOmethylated in responders,non-canonical / not the textbook direction
male,Etanercept,TP53BP2,ENSG00000143514,0.38409769226972834,7.321853790726998e-5,UP in responders,cg01566069,Body,OpenSea,-0.04748258441263023,0.6883488067235254,HYPOmethylated in responders,non-canonical / not the textbook direction
male,Etanercept,TP53BP2,ENSG00000143514,0.38409769226972834,7.321853790726998e-5,UP in responders,cg02107442,Body,OpenSea,-0.05254511751400401,0.7196476336614427,HYPOmethylated in responders,non-canonical / not the textbook direction
male,Etanercept,TP53BP2,ENSG00000143514,0.38409769226972834,7.321853790726998e-5,UP in responders,cg04911722,Body,OpenSea,0.045676125834277125,0.7582329618532794,HYPERmethylated in responders,concordant (gene-body hypermethylation -> higher expression)
male,Etanercept,TP53BP2,ENSG00000143514,0.38409769226972834,7.321853790726998e-5,UP in responders,cg04911722,5'UTR,OpenSea,0.045676125834277125,0.7582329618532794,HYPERmethylated in responders,non-canonical / not the textbook direction
male,Etanercept,TP53BP2,ENSG00000143514,0.38409769226972834,7.321853790726998e-5,UP in responders,cg11745838,Body,OpenSea,-0.024895529874571682,0.9095469437095478,HYPOmethylated in responders,non-canonical / not the textbook direction
male,Etanercept,TP53BP2,ENSG00000143514,0.38409769226972834,7.321853790726998e-5,UP in responders,cg11745838,5'UTR,OpenSea,-0.024895529874571682,0.9095469437095478,HYPOmethylated in responders,concordant (promoter hypomethylation -> higher expression)
male,Etanercept,TP53BP2,ENSG00000143514,0.38409769226972834,7.321853790726998e-5,UP in responders,cg16028934,TSS1500,Island,-0.006410501028028848,0.950467321091971,HYPOmethylated in responders,concordant (promoter hypomethylation -> higher expression)
male,Etanercept,TP53BP2,ENSG00000143514,0.38409769226972834,7.321853790726998e-5,UP in responders,cg09032093,Body,OpenSea,0.0012581821638774718,0.9904540510126132,HYPERmethylated in responders,concordant (gene-body hypermethylation -> higher expression)
male,Etanercept,TP53BP2,ENSG00000143514,0.38409769226972834,7.321853790726998e-5,UP in responders,cg09032093,5'UTR,OpenSea,0.0012581821638774718,0.9904540510126132,HYPERmethylated in responders,non-canonical / not the textbook direction
male,Etanercept,TP53BP2,ENSG00000143514,0.38409769226972834,7.321853790726998e-5,UP in responders,cg14247594,Body,OpenSea,-3.602056789381704e-4,0.9982886118485974,HYPOmethylated in responders,non-canonical / not the textbook direction
male,Etanercept,SESN2,ENSG00000130766,0.822498827659203,8.355520682661833e-5,UP in responders,cg05353710,Body,Island,0.8761694105307567,0.011397856259227682,HYPERmethylated in responders,concordant (gene-body hypermethylation -> higher expression)
male,Etanercept,SESN2,ENSG00000130766,0.822498827659203,8.355520682661833e-5,UP in responders,cg25973092,TSS200,Island,-0.3479741883123491,0.030975695924538492,HYPOmethylated in responders,concordant (promoter hypomethylation -> higher expression)
male,Etanercept,SESN2,ENSG00000130766,0.822498827659203,8.355520682661833e-5,UP in responders,cg16577607,TSS200,Island,0.4608792720573026,0.08737508373930296,HYPERmethylated in responders,non-canonical / not the textbook direction
male,Etanercept,SESN2,ENSG00000130766,0.822498827659203,8.355520682661833e-5,UP in responders,cg01259101,TSS200,N_Shore,-0.24445725612940472,0.11486888746933684,HYPOmethylated in responders,concordant (promoter hypomethylation -> higher expression)
male,Etanercept,SESN2,ENSG00000130766,0.822498827659203,8.355520682661833e-5,UP in responders,cg17233022,TSS1500,N_Shore,-0.26387365137566887,0.13476298284375063,HYPOmethylated in responders,concordant (promoter hypomethylation -> higher expression)
male,Etanercept,SESN2,ENSG00000130766,0.822498827659203,8.355520682661833e-5,UP in responders,cg15099410,TSS200,Island,-0.22332584572038355,0.15640983528476823,HYPOmethylated in responders,concordant (promoter hypomethylation -> higher expression)
male,Etanercept,SESN2,ENSG00000130766,0.822498827659203,8.355520682661833e-5,UP in responders,cg08729985,TSS1500,N_Shore,-0.2755192537318592,0.18061902575337713,HYPOmethylated in responders,concordant (promoter hypomethylation -> higher expression)
male,Etanercept,SESN2,ENSG00000130766,0.822498827659203,8.355520682661833e-5,UP in responders,cg14174719,Body,OpenSea,-0.1387131572296068,0.2350429302400126,HYPOmethylated in responders,non-canonical / not the textbook direction
male,Etanercept,SESN2,ENSG00000130766,0.822498827659203,8.355520682661833e-5,UP in responders,cg26158528,3'UTR,OpenSea,-0.1731676430715222,0.2575784152601287,HYPOmethylated in responders,non-canonical / not the textbook direction
male,Etanercept,SESN2,ENSG00000130766,0.822498827659203,8.355520682661833e-5,UP in responders,cg05540338,Body,OpenSea,-0.12084901428585243,0.42032399040213664,HYPOmethylated in responders,non-canonical / not the textbook direction
male,Etanercept,SESN2,ENSG00000130766,0.822498827659203,8.355520682661833e-5,UP in responders,cg01557411,Body,Island,0.2041830864771589,0.464294400836485,HYPERmethylated in responders,concordant (gene-body hypermethylation -> higher expression)
male,Etanercept,SESN2,ENSG00000130766,0.822498827659203,8.355520682661833e-5,UP in responders,cg26341453,Body,OpenSea,-0.08381452856452641,0.49814310456466493,HYPOmethylated in responders,non-canonical / not the textbook direction
male,Etanercept,SESN2,ENSG00000130766,0.822498827659203,8.355520682661833e-5,UP in responders,cg17602823,Body,Island,-0.1495215580962443,0.5563322820185744,HYPOmethylated in responders,non-canonical / not the textbook direction
male,Etanercept,SESN2,ENSG00000130766,0.822498827659203,8.355520682661833e-5,UP in responders,cg27427051,TSS200,Island,0.07520810333393682,0.7697913059548751,HYPERmethylated in responders,non-canonical / not the textbook direction
male,Etanercept,SESN2,ENSG00000130766,0.822498827659203,8.355520682661833e-5,UP in responders,cg02737621,TSS1500,N_Shore,-0.016021685992360448,0.9221242499801849,HYPOmethylated in responders,concordant (promoter hypomethylation -> higher expression)
male,Etanercept,SESN2,ENSG00000130766,0.822498827659203,8.355520682661833e-5,UP in responders,cg01172735,Body,Island,-0.016828905329444564,0.9277975105065945,HYPOmethylated in responders,non-canonical / not the textbook direction
male,Etanercept,SESN2,ENSG00000130766,0.822498827659203,8.355520682661833e-5,UP in responders,cg14183647,Body,Island,0.00367009906937516,0.9865093018258955,HYPERmethylated in responders,concordant (gene-body hypermethylation -> higher expression)
male,Etanercept,SESN2,ENSG00000130766,0.822498827659203,8.355520682661833e-5,UP in responders,cg06754224,TSS1500,N_Shore,6.765376101513419e-4,0.9973221174544307,HYPERmethylated in responders,non-canonical / not the textbook direction
male,Etanercept,SV2B,ENSG00000185518,-2.7125442665288397,2.102132567392737e-4,DOWN in responders,cg01019444,5'UTR,OpenSea,-0.5831313511541485,0.0016323801591197774,HYPOmethylated in responders,non-canonical / not the textbook direction
male,Etanercept,SV2B,ENSG00000185518,-2.7125442665288397,2.102132567392737e-4,DOWN in responders,cg14167651,5'UTR,OpenSea,-0.6343272006401908,0.006110356678153359,HYPOmethylated in responders,non-canonical / not the textbook direction
male,Etanercept,SV2B,ENSG00000185518,-2.7125442665288397,2.102132567392737e-4,DOWN in responders,cg19438750,5'UTR,OpenSea,-0.5442690436827595,0.009332094261592955,HYPOmethylated in responders,non-canonical / not the textbook direction
male,Etanercept,SV2B,ENSG00000185518,-2.7125442665288397,2.102132567392737e-4,DOWN in responders,cg03017269,1stExon,Island,0.6028494639427905,0.011665618572459898,HYPERmethylated in responders,concordant (promoter hypermethylation -> lower expression)
male,Etanercept,SV2B,ENSG00000185518,-2.7125442665288397,2.102132567392737e-4,DOWN in responders,cg03017269,TSS200,Island,0.6028494639427905,0.011665618572459898,HYPERmethylated in responders,concordant (promoter hypermethylation -> lower expression)
male,Etanercept,SV2B,ENSG00000185518,-2.7125442665288397,2.102132567392737e-4,DOWN in responders,cg03017269,5'UTR,Island,0.6028494639427905,0.011665618572459898,HYPERmethylated in responders,concordant (promoter hypermethylation -> lower expression)
male,Etanercept,SV2B,ENSG00000185518,-2.7125442665288397,2.102132567392737e-4,DOWN in responders,cg16301926,5'UTR,OpenSea,-0.4669756555607511,0.018557481356343566,HYPOmethylated in responders,non-canonical / not the textbook direction
male,Etanercept,SV2B,ENSG00000185518,-2.7125442665288397,2.102132567392737e-4,DOWN in responders,cg18547377,5'UTR,OpenSea,-0.3319085523753956,0.021947970937052284,HYPOmethylated in responders,non-canonical / not the textbook direction
male,Etanercept,SV2B,ENSG00000185518,-2.7125442665288397,2.102132567392737e-4,DOWN in responders,cg25969814,5'UTR,OpenSea,-0.4728446302091122,0.027498650755191423,HYPOmethylated in responders,non-canonical / not the textbook direction
male,Etanercept,SV2B,ENSG00000185518,-2.7125442665288397,2.102132567392737e-4,DOWN in responders,cg09147776,Body,OpenSea,-0.38290480399739896,0.030968760661839838,HYPOmethylated in responders,concordant (gene-body hypomethylation -> lower expression)
male,Etanercept,SV2B,ENSG00000185518,-2.7125442665288397,2.102132567392737e-4,DOWN in responders,cg18761976,Body,OpenSea,-0.3731506705572938,0.03686773914807733,HYPOmethylated in responders,concordant (gene-body hypomethylation -> lower expression)
male,Etanercept,SV2B,ENSG00000185518,-2.7125442665288397,2.102132567392737e-4,DOWN in responders,cg03940484,5'UTR,OpenSea,-0.36587451719411884,0.04203772254315907,HYPOmethylated in responders,non-canonical / not the textbook direction
male,Etanercept,SV2B,ENSG00000185518,-2.7125442665288397,2.102132567392737e-4,DOWN in responders,cg06091929,5'UTR,OpenSea,-0.38499774793203234,0.04858502430035071,HYPOmethylated in responders,non-canonical / not the textbook direction
male,Etanercept,SV2B,ENSG00000185518,-2.7125442665288397,2.102132567392737e-4,DOWN in responders,cg10570014,1stExon,Island,0.7075730334163162,0.05113602562378752,HYPERmethylated in responders,concordant (promoter hypermethylation -> lower expression)
male,Etanercept,SV2B,ENSG00000185518,-2.7125442665288397,2.102132567392737e-4,DOWN in responders,cg10570014,TSS200,Island,0.7075730334163162,0.05113602562378752,HYPERmethylated in responders,concordant (promoter hypermethylation -> lower expression)
male,Etanercept,SV2B,ENSG00000185518,-2.7125442665288397,2.102132567392737e-4,DOWN in responders,cg10570014,5'UTR,Island,0.7075730334163162,0.05113602562378752,HYPERmethylated in responders,concordant (promoter hypermethylation -> lower expression)
male,Etanercept,SV2B,ENSG00000185518,-2.7125442665288397,2.102132567392737e-4,DOWN in responders,cg16663063,Body,OpenSea,-0.38976179602082595,0.05380493196162555,HYPOmethylated in responders,concordant (gene-body hypomethylation -> lower expression)
male,Etanercept,SV2B,ENSG00000185518,-2.7125442665288397,2.102132567392737e-4,DOWN in responders,cg25368412,Body,OpenSea,-0.44731693902633884,0.0584554051690494,HYPOmethylated in responders,concordant (gene-body hypomethylation -> lower expression)
male,Etanercept,SV2B,ENSG00000185518,-2.7125442665288397,2.102132567392737e-4,DOWN in responders,cg25368412,5'UTR,OpenSea,-0.44731693902633884,0.0584554051690494,HYPOmethylated in responders,non-canonical / not the textbook direction
male,Etanercept,SV2B,ENSG00000185518,-2.7125442665288397,2.102132567392737e-4,DOWN in responders,cg22012327,5'UTR,OpenSea,-0.48233981232226963,0.05923037915090891,HYPOmethylated in responders,non-canonical / not the textbook direction
male,Etanercept,SV2B,ENSG00000185518,-2.7125442665288397,2.102132567392737e-4,DOWN in responders,cg19432780,Body,OpenSea,-0.31020932139322116,0.060503093314772494,HYPOmethylated in responders,concordant (gene-body hypomethylation -> lower expression)
male,Etanercept,SV2B,ENSG00000185518,-2.7125442665288397,2.102132567392737e-4,DOWN in responders,cg27056762,5'UTR,OpenSea,-0.32605863575599114,0.06798601739751386,HYPOmethylated in responders,non-canonical / not the textbook direction
male,Etanercept,SV2B,ENSG00000185518,-2.7125442665288397,2.102132567392737e-4,DOWN in responders,cg05960970,5'UTR,OpenSea,-0.2847108771918496,0.07627131715886591,HYPOmethylated in responders,non-canonical / not the textbook direction
male,Etanercept,SV2B,ENSG00000185518,-2.7125442665288397,2.102132567392737e-4,DOWN in responders,cg05330604,3'UTR,N_Shelf,-0.27424976762914033,0.0860654290472297,HYPOmethylated in responders,non-canonical / not the textbook direction
male,Etanercept,SV2B,ENSG00000185518,-2.7125442665288397,2.102132567392737e-4,DOWN in responders,cg02628281,5'UTR,OpenSea,-0.4297726290232273,0.10308010447256141,HYPOmethylated in responders,non-canonical / not the textbook direction
male,Etanercept,SV2B,ENSG00000185518,-2.7125442665288397,2.102132567392737e-4,DOWN in responders,cg17337427,5'UTR,OpenSea,-0.3100626272212363,0.11987560688494646,HYPOmethylated in responders,non-canonical / not the textbook direction
male,Etanercept,SV2B,ENSG00000185518,-2.7125442665288397,2.102132567392737e-4,DOWN in responders,cg26941392,5'UTR,S_Shore,0.4015766202771525,0.1259125896937623,HYPERmethylated in responders,concordant (promoter hypermethylation -> lower expression)
male,Etanercept,SV2B,ENSG00000185518,-2.7125442665288397,2.102132567392737e-4,DOWN in responders,cg21894919,5'UTR,OpenSea,-0.22997851235943925,0.16519459029599667,HYPOmethylated in responders,non-canonical / not the textbook direction
male,Etanercept,SV2B,ENSG00000185518,-2.7125442665288397,2.102132567392737e-4,DOWN in responders,cg08439244,TSS1500,N_Shore,-0.2326948429449945,0.17518546778552838,HYPOmethylated in responders,non-canonical / not the textbook direction
male,Etanercept,SV2B,ENSG00000185518,-2.7125442665288397,2.102132567392737e-4,DOWN in responders,cg24516362,3'UTR,N_Shore,-0.21756635829081938,0.17592346069668446,HYPOmethylated in responders,non-canonical / not the textbook direction
male,Etanercept,SV2B,ENSG00000185518,-2.7125442665288397,2.102132567392737e-4,DOWN in responders,cg08254954,5'UTR,OpenSea,-0.25325856218042647,0.19225479948914684,HYPOmethylated in responders,non-canonical / not the textbook direction
male,Etanercept,SV2B,ENSG00000185518,-2.7125442665288397,2.102132567392737e-4,DOWN in responders,cg23204239,3'UTR,S_Shelf,-0.1873385070618074,0.20573666493879836,HYPOmethylated in responders,non-canonical / not the textbook direction
male,Etanercept,SV2B,ENSG00000185518,-2.7125442665288397,2.102132567392737e-4,DOWN in responders,cg13191092,Body,OpenSea,-0.26816392130679967,0.21634790765697354,HYPOmethylated in responders,concordant (gene-body hypomethylation -> lower expression)
male,Etanercept,SV2B,ENSG00000185518,-2.7125442665288397,2.102132567392737e-4,DOWN in responders,cg14825383,5'UTR,OpenSea,-0.2001930886349872,0.3145272461481343,HYPOmethylated in responders,non-canonical / not the textbook direction
male,Etanercept,SV2B,ENSG00000185518,-2.7125442665288397,2.102132567392737e-4,DOWN in responders,cg08326075,TSS200,Island,0.5205019405260005,0.3438310112679206,HYPERmethylated in responders,concordant (promoter hypermethylation -> lower expression)
male,Etanercept,SV2B,ENSG00000185518,-2.7125442665288397,2.102132567392737e-4,DOWN in responders,cg08326075,TSS1500,Island,0.5205019405260005,0.3438310112679206,HYPERmethylated in responders,concordant (promoter hypermethylation -> lower expression)
male,Etanercept,SV2B,ENSG00000185518,-2.7125442665288397,2.102132567392737e-4,DOWN in responders,cg26079234,5'UTR,OpenSea,-0.1469629157227797,0.3509973149868335,HYPOmethylated in responders,non-canonical / not the textbook direction
male,Etanercept,SV2B,ENSG00000185518,-2.7125442665288397,2.102132567392737e-4,DOWN in responders,cg12637309,3'UTR,Island,-0.17951098431674056,0.35803439134400283,HYPOmethylated in responders,non-canonical / not the textbook direction
male,Etanercept,SV2B,ENSG00000185518,-2.7125442665288397,2.102132567392737e-4,DOWN in responders,cg25742540,TSS200,Island,0.20893734467036065,0.363027536777463,HYPERmethylated in responders,concordant (promoter hypermethylation -> lower expression)
male,Etanercept,SV2B,ENSG00000185518,-2.7125442665288397,2.102132567392737e-4,DOWN in responders,cg25742540,TSS1500,Island,0.20893734467036065,0.363027536777463,HYPERmethylated in responders,concordant (promoter hypermethylation -> lower expression)
male,Etanercept,SV2B,ENSG00000185518,-2.7125442665288397,2.102132567392737e-4,DOWN in responders,cg11165422,TSS1500,N_Shore,-0.20497102042885326,0.36511545375762666,HYPOmethylated in responders,non-canonical / not the textbook direction
male,Etanercept,SV2B,ENSG00000185518,-2.7125442665288397,2.102132567392737e-4,DOWN in responders,cg24824266,5'UTR,Island,0.1457945114248057,0.41039583631004173,HYPERmethylated in responders,concordant (promoter hypermethylation -> lower expression)
male,Etanercept,SV2B,ENSG00000185518,-2.7125442665288397,2.102132567392737e-4,DOWN in responders,cg00894435,TSS1500,Island,0.187799014975479,0.4266467715026918,HYPERmethylated in responders,concordant (promoter hypermethylation -> lower expression)
male,Etanercept,SV2B,ENSG00000185518,-2.7125442665288397,2.102132567392737e-4,DOWN in responders,cg11893186,TSS1500,Island,0.18385596339256474,0.4592489268803389,HYPERmethylated in responders,concordant (promoter hypermethylation -> lower expression)
male,Etanercept,SV2B,ENSG00000185518,-2.7125442665288397,2.102132567392737e-4,DOWN in responders,cg11893186,1stExon,Island,0.18385596339256474,0.4592489268803389,HYPERmethylated in responders,concordant (promoter hypermethylation -> lower expression)
male,Etanercept,SV2B,ENSG00000185518,-2.7125442665288397,2.102132567392737e-4,DOWN in responders,cg11893186,5'UTR,Island,0.18385596339256474,0.4592489268803389,HYPERmethylated in responders,concordant (promoter hypermethylation -> lower expression)
male,Etanercept,SV2B,ENSG00000185518,-2.7125442665288397,2.102132567392737e-4,DOWN in responders,cg25475171,TSS200,Island,0.1345080486243019,0.4665660789049164,HYPERmethylated in responders,concordant (promoter hypermethylation -> lower expression)
male,Etanercept,SV2B,ENSG00000185518,-2.7125442665288397,2.102132567392737e-4,DOWN in responders,cg25475171,TSS1500,Island,0.1345080486243019,0.4665660789049164,HYPERmethylated in responders,concordant (promoter hypermethylation -> lower expression)
male,Etanercept,SV2B,ENSG00000185518,-2.7125442665288397,2.102132567392737e-4,DOWN in responders,cg12536880,3'UTR,N_Shore,-0.11233159010915165,0.48769771935048845,HYPOmethylated in responders,non-canonical / not the textbook direction
male,Etanercept,SV2B,ENSG00000185518,-2.7125442665288397,2.102132567392737e-4,DOWN in responders,cg15501674,3'UTR,Island,-0.1159689257491969,0.5053205770216718,HYPOmethylated in responders,non-canonical / not the textbook direction
male,Etanercept,SV2B,ENSG00000185518,-2.7125442665288397,2.102132567392737e-4,DOWN in responders,cg13856711,5'UTR,Island,-0.09314826031833312,0.552899030821811,HYPOmethylated in responders,non-canonical / not the textbook direction
male,Etanercept,SV2B,ENSG00000185518,-2.7125442665288397,2.102132567392737e-4,DOWN in responders,cg18750433,TSS200,Island,0.14206430575799456,0.5645048029874153,HYPERmethylated in responders,concordant (promoter hypermethylation -> lower expression)
male,Etanercept,SV2B,ENSG00000185518,-2.7125442665288397,2.102132567392737e-4,DOWN in responders,cg18750433,TSS1500,Island,0.14206430575799456,0.5645048029874153,HYPERmethylated in responders,concordant (promoter hypermethylation -> lower expression)
male,Etanercept,SV2B,ENSG00000185518,-2.7125442665288397,2.102132567392737e-4,DOWN in responders,cg20298415,3'UTR,S_Shore,0.1206741215123762,0.5750631715560571,HYPERmethylated in responders,non-canonical / not the textbook direction
male,Etanercept,SV2B,ENSG00000185518,-2.7125442665288397,2.102132567392737e-4,DOWN in responders,cg21110939,TSS200,Island,0.1235476024394318,0.5816789243388749,HYPERmethylated in responders,concordant (promoter hypermethylation -> lower expression)
male,Etanercept,SV2B,ENSG00000185518,-2.7125442665288397,2.102132567392737e-4,DOWN in responders,cg21110939,TSS1500,Island,0.1235476024394318,0.5816789243388749,HYPERmethylated in responders,concordant (promoter hypermethylation -> lower expression)
male,Etanercept,SV2B,ENSG00000185518,-2.7125442665288397,2.102132567392737e-4,DOWN in responders,cg09799310,5'UTR,S_Shore,-0.10498837777052797,0.5837962482170838,HYPOmethylated in responders,non-canonical / not the textbook direction
male,Etanercept,SV2B,ENSG00000185518,-2.7125442665288397,2.102132567392737e-4,DOWN in responders,cg11639719,5'UTR,OpenSea,-0.11326031662659437,0.5867856915323763,HYPOmethylated in responders,non-canonical / not the textbook direction
male,Etanercept,SV2B,ENSG00000185518,-2.7125442665288397,2.102132567392737e-4,DOWN in responders,cg01569001,5'UTR,OpenSea,0.10731172060032353,0.5926885039806813,HYPERmethylated in responders,concordant (promoter hypermethylation -> lower expression)
male,Etanercept,SV2B,ENSG00000185518,-2.7125442665288397,2.102132567392737e-4,DOWN in responders,cg22722028,5'UTR,OpenSea,0.10445086262673665,0.6123439062959986,HYPERmethylated in responders,concordant (promoter hypermethylation -> lower expression)
male,Etanercept,SV2B,ENSG00000185518,-2.7125442665288397,2.102132567392737e-4,DOWN in responders,cg13936261,TSS1500,Island,-0.10592022255350199,0.619338219101974,HYPOmethylated in responders,non-canonical / not the textbook direction
male,Etanercept,SV2B,ENSG00000185518,-2.7125442665288397,2.102132567392737e-4,DOWN in responders,cg07722372,Body,OpenSea,-0.10747033397856766,0.6420473605946597,HYPOmethylated in responders,concordant (gene-body hypomethylation -> lower expression)
male,Etanercept,SV2B,ENSG00000185518,-2.7125442665288397,2.102132567392737e-4,DOWN in responders,cg05197447,TSS1500,Island,-0.10852188086975414,0.6568340682318782,HYPOmethylated in responders,non-canonical / not the textbook direction
male,Etanercept,SV2B,ENSG00000185518,-2.7125442665288397,2.102132567392737e-4,DOWN in responders,cg27121538,5'UTR,S_Shelf,0.052672559127605906,0.7620424637167313,HYPERmethylated in responders,concordant (promoter hypermethylation -> lower expression)
male,Etanercept,SV2B,ENSG00000185518,-2.7125442665288397,2.102132567392737e-4,DOWN in responders,cg12422201,Body,OpenSea,-0.03998763464172291,0.8131340933127578,HYPOmethylated in responders,concordant (gene-body hypomethylation -> lower expression)
male,Etanercept,SV2B,ENSG00000185518,-2.7125442665288397,2.102132567392737e-4,DOWN in responders,cg07342559,5'UTR,OpenSea,-0.03982497666050816,0.8173752661404357,HYPOmethylated in responders,non-canonical / not the textbook direction
male,Etanercept,SV2B,ENSG00000185518,-2.7125442665288397,2.102132567392737e-4,DOWN in responders,cg18144285,TSS200,Island,0.051054157989846145,0.8489858106590975,HYPERmethylated in responders,concordant (promoter hypermethylation -> lower expression)
male,Etanercept,SV2B,ENSG00000185518,-2.7125442665288397,2.102132567392737e-4,DOWN in responders,cg18144285,TSS1500,Island,0.051054157989846145,0.8489858106590975,HYPERmethylated in responders,concordant (promoter hypermethylation -> lower expression)
male,Etanercept,SV2B,ENSG00000185518,-2.7125442665288397,2.102132567392737e-4,DOWN in responders,cg20234282,5'UTR,S_Shore,-0.030537208126758142,0.8535811168478704,HYPOmethylated in responders,non-canonical / not the textbook direction
male,Etanercept,SV2B,ENSG00000185518,-2.7125442665288397,2.102132567392737e-4,DOWN in responders,cg12476052,3'UTR,Island,0.018365318777526334,0.9102924307948652,HYPERmethylated in responders,non-canonical / not the textbook direction
male,Etanercept,SV2B,ENSG00000185518,-2.7125442665288397,2.102132567392737e-4,DOWN in responders,cg22694935,5'UTR,S_Shore,0.020436895571598328,0.9138617785312535,HYPERmethylated in responders,concordant (promoter hypermethylation -> lower expression)
male,Etanercept,SV2B,ENSG00000185518,-2.7125442665288397,2.102132567392737e-4,DOWN in responders,cg16226745,5'UTR,Island,0.014636341764537954,0.9252251805225438,HYPERmethylated in responders,concordant (promoter hypermethylation -> lower expression)
male,Etanercept,SV2B,ENSG00000185518,-2.7125442665288397,2.102132567392737e-4,DOWN in responders,cg16226745,1stExon,Island,0.014636341764537954,0.9252251805225438,HYPERmethylated in responders,concordant (promoter hypermethylation -> lower expression)
male,Etanercept,SV2B,ENSG00000185518,-2.7125442665288397,2.102132567392737e-4,DOWN in responders,cg16226745,TSS200,Island,0.014636341764537954,0.9252251805225438,HYPERmethylated in responders,concordant (promoter hypermethylation -> lower expression)
male,Etanercept,SV2B,ENSG00000185518,-2.7125442665288397,2.102132567392737e-4,DOWN in responders,cg08687449,Body,OpenSea,-0.02161531932468376,0.9304069132571358,HYPOmethylated in responders,concordant (gene-body hypomethylation -> lower expression)
male,Etanercept,KCTD9,ENSG00000104756,0.502771471528102,2.250909016482009e-4,UP in responders,cg22974837,Body,N_Shore,-0.37651146077191444,0.013338284527969148,HYPOmethylated in responders,non-canonical / not the textbook direction
male,Etanercept,KCTD9,ENSG00000104756,0.502771471528102,2.250909016482009e-4,UP in responders,cg21305265,TSS1500,Island,-0.41290213942957105,0.050084935259520826,HYPOmethylated in responders,concordant (promoter hypomethylation -> higher expression)
male,Etanercept,KCTD9,ENSG00000104756,0.502771471528102,2.250909016482009e-4,UP in responders,cg13701205,TSS1500,Island,-0.22742341383484652,0.07288102449794208,HYPOmethylated in responders,concordant (promoter hypomethylation -> higher expression)
male,Etanercept,KCTD9,ENSG00000104756,0.502771471528102,2.250909016482009e-4,UP in responders,cg14778644,TSS1500,S_Shore,-0.2613492710933222,0.10036621589063581,HYPOmethylated in responders,concordant (promoter hypomethylation -> higher expression)
male,Etanercept,KCTD9,ENSG00000104756,0.502771471528102,2.250909016482009e-4,UP in responders,cg19434320,TSS1500,Island,-0.24958616909901288,0.1054325873019337,HYPOmethylated in responders,concordant (promoter hypomethylation -> higher expression)
male,Etanercept,KCTD9,ENSG00000104756,0.502771471528102,2.250909016482009e-4,UP in responders,cg08110559,Body,N_Shore,-0.3091810688528904,0.1087453533158342,HYPOmethylated in responders,non-canonical / not the textbook direction
male,Etanercept,KCTD9,ENSG00000104756,0.502771471528102,2.250909016482009e-4,UP in responders,cg05244581,Body,N_Shore,-0.21296177663139004,0.15567266218418935,HYPOmethylated in responders,non-canonical / not the textbook direction
male,Etanercept,KCTD9,ENSG00000104756,0.502771471528102,2.250909016482009e-4,UP in responders,cg03879836,TSS200,Island,0.37425996114911764,0.19482701112563,HYPERmethylated in responders,non-canonical / not the textbook direction
male,Etanercept,KCTD9,ENSG00000104756,0.502771471528102,2.250909016482009e-4,UP in responders,cg00685971,Body,OpenSea,-0.176774631238094,0.19830259401713418,HYPOmethylated in responders,non-canonical / not the textbook direction
male,Etanercept,KCTD9,ENSG00000104756,0.502771471528102,2.250909016482009e-4,UP in responders,cg03525527,TSS1500,Island,0.36775976271058686,0.21464369663496705,HYPERmethylated in responders,non-canonical / not the textbook direction
male,Etanercept,KCTD9,ENSG00000104756,0.502771471528102,2.250909016482009e-4,UP in responders,cg05587067,TSS1500,Island,-0.23534080131502103,0.2281786381382927,HYPOmethylated in responders,concordant (promoter hypomethylation -> higher expression)
male,Etanercept,KCTD9,ENSG00000104756,0.502771471528102,2.250909016482009e-4,UP in responders,cg01076035,TSS200,Island,-0.17922906539887526,0.26014767312356574,HYPOmethylated in responders,concordant (promoter hypomethylation -> higher expression)
male,Etanercept,KCTD9,ENSG00000104756,0.502771471528102,2.250909016482009e-4,UP in responders,cg03897897,TSS1500,Island,-0.17128539764100667,0.26089847124731014,HYPOmethylated in responders,concordant (promoter hypomethylation -> higher expression)
male,Etanercept,KCTD9,ENSG00000104756,0.502771471528102,2.250909016482009e-4,UP in responders,cg05366058,Body,N_Shore,-0.14634454114886641,0.2664653983083916,HYPOmethylated in responders,non-canonical / not the textbook direction
male,Etanercept,KCTD9,ENSG00000104756,0.502771471528102,2.250909016482009e-4,UP in responders,cg08996415,TSS200,Island,-0.13006425590540288,0.2956965338381278,HYPOmethylated in responders,concordant (promoter hypomethylation -> higher expression)
male,Etanercept,KCTD9,ENSG00000104756,0.502771471528102,2.250909016482009e-4,UP in responders,cg07149772,Body,N_Shore,-0.1685787014842219,0.3206443276520858,HYPOmethylated in responders,non-canonical / not the textbook direction
male,Etanercept,KCTD9,ENSG00000104756,0.502771471528102,2.250909016482009e-4,UP in responders,cg14332079,TSS1500,Island,0.1868895610189211,0.3452388104386753,HYPERmethylated in responders,non-canonical / not the textbook direction
male,Etanercept,KCTD9,ENSG00000104756,0.502771471528102,2.250909016482009e-4,UP in responders,cg14988396,TSS1500,Island,-0.5329051499858233,0.378755289194429,HYPOmethylated in responders,concordant (promoter hypomethylation -> higher expression)
male,Etanercept,KCTD9,ENSG00000104756,0.502771471528102,2.250909016482009e-4,UP in responders,cg16450821,Body,Island,0.07958724968607021,0.5349496392719971,HYPERmethylated in responders,concordant (gene-body hypermethylation -> higher expression)
male,Etanercept,KCTD9,ENSG00000104756,0.502771471528102,2.250909016482009e-4,UP in responders,cg05593615,Body,OpenSea,0.07735111038907824,0.580864067989139,HYPERmethylated in responders,concordant (gene-body hypermethylation -> higher expression)
male,Etanercept,KCTD9,ENSG00000104756,0.502771471528102,2.250909016482009e-4,UP in responders,cg17161883,TSS1500,Island,-0.08388706063317766,0.6305380800710014,HYPOmethylated in responders,concordant (promoter hypomethylation -> higher expression)
male,Etanercept,KCTD9,ENSG00000104756,0.502771471528102,2.250909016482009e-4,UP in responders,cg10177147,TSS1500,Island,-0.09274965548916012,0.6374649382729553,HYPOmethylated in responders,concordant (promoter hypomethylation -> higher expression)
male,Etanercept,KCTD9,ENSG00000104756,0.502771471528102,2.250909016482009e-4,UP in responders,cg20708129,TSS200,Island,0.07280104224220459,0.6834564874455998,HYPERmethylated in responders,non-canonical / not the textbook direction
male,Etanercept,KCTD9,ENSG00000104756,0.502771471528102,2.250909016482009e-4,UP in responders,cg24971181,TSS1500,Island,-0.055515710694118724,0.7166189122789457,HYPOmethylated in responders,concordant (promoter hypomethylation -> higher expression)
male,Etanercept,KCTD9,ENSG00000104756,0.502771471528102,2.250909016482009e-4,UP in responders,cg27411370,TSS1500,Island,-0.10198784980812874,0.7211658695758449,HYPOmethylated in responders,concordant (promoter hypomethylation -> higher expression)
male,Etanercept,KCTD9,ENSG00000104756,0.502771471528102,2.250909016482009e-4,UP in responders,cg05414575,TSS1500,Island,-0.06531920099206508,0.753703858582865,HYPOmethylated in responders,concordant (promoter hypomethylation -> higher expression)
male,Etanercept,KCTD9,ENSG00000104756,0.502771471528102,2.250909016482009e-4,UP in responders,cg12009115,Body,N_Shore,-0.05028521185454406,0.7775526284919351,HYPOmethylated in responders,non-canonical / not the textbook direction
male,Etanercept,KCTD9,ENSG00000104756,0.502771471528102,2.250909016482009e-4,UP in responders,cg08716729,TSS1500,Island,-0.05127947192677076,0.7934809190732892,HYPOmethylated in responders,concordant (promoter hypomethylation -> higher expression)
male,Etanercept,KCTD9,ENSG00000104756,0.502771471528102,2.250909016482009e-4,UP in responders,cg24785433,3'UTR,OpenSea,-0.02606323457300732,0.8360346257736697,HYPOmethylated in responders,non-canonical / not the textbook direction
male,Etanercept,KCTD9,ENSG00000104756,0.502771471528102,2.250909016482009e-4,UP in responders,cg22852235,Body,N_Shelf,-0.026331933816597316,0.8548119380109019,HYPOmethylated in responders,non-canonical / not the textbook direction
male,Etanercept,KCTD9,ENSG00000104756,0.502771471528102,2.250909016482009e-4,UP in responders,cg15679325,TSS1500,Island,0.02888534264630591,0.890274981759272,HYPERmethylated in responders,non-canonical / not the textbook direction
male,Etanercept,KCTD9,ENSG00000104756,0.502771471528102,2.250909016482009e-4,UP in responders,cg04696654,1stExon,Island,0.003000267889345552,0.9832474777035094,HYPERmethylated in responders,non-canonical / not the textbook direction
male,Etanercept,GABARAPL1,ENSG00000139112,0.8348332621120339,2.85947582876103e-4,UP in responders,cg19606514,Body,S_Shore,-0.5378907317605536,0.011460140762396747,HYPOmethylated in responders,non-canonical / not the textbook direction
male,Etanercept,GABARAPL1,ENSG00000139112,0.8348332621120339,2.85947582876103e-4,UP in responders,cg06279252,TSS200,N_Shore,-0.38353004171176414,0.02106916349860571,HYPOmethylated in responders,concordant (promoter hypomethylation -> higher expression)
male,Etanercept,GABARAPL1,ENSG00000139112,0.8348332621120339,2.85947582876103e-4,UP in responders,cg00843973,Body,S_Shore,-0.3687276638432287,0.031283002798265486,HYPOmethylated in responders,non-canonical / not the textbook direction
male,Etanercept,GABARAPL1,ENSG00000139112,0.8348332621120339,2.85947582876103e-4,UP in responders,cg18572759,TSS1500,N_Shore,-0.30573490772700357,0.08626821144491682,HYPOmethylated in responders,concordant (promoter hypomethylation -> higher expression)
male,Etanercept,GABARAPL1,ENSG00000139112,0.8348332621120339,2.85947582876103e-4,UP in responders,cg05545406,Body,S_Shelf,-0.3581815448164616,0.1271390648367985,HYPOmethylated in responders,non-canonical / not the textbook direction
male,Etanercept,GABARAPL1,ENSG00000139112,0.8348332621120339,2.85947582876103e-4,UP in responders,cg13511842,Body,OpenSea,-0.20190321599696698,0.1369046838129505,HYPOmethylated in responders,non-canonical / not the textbook direction
male,Etanercept,GABARAPL1,ENSG00000139112,0.8348332621120339,2.85947582876103e-4,UP in responders,cg18684595,3'UTR,OpenSea,-0.23425339388328867,0.1556405493610321,HYPOmethylated in responders,non-canonical / not the textbook direction
male,Etanercept,GABARAPL1,ENSG00000139112,0.8348332621120339,2.85947582876103e-4,UP in responders,cg07369113,Body,S_Shore,-0.2955588521722023,0.19134081762919536,HYPOmethylated in responders,non-canonical / not the textbook direction
male,Etanercept,GABARAPL1,ENSG00000139112,0.8348332621120339,2.85947582876103e-4,UP in responders,cg20005057,TSS1500,N_Shore,-0.2612039204285586,0.22487454877378749,HYPOmethylated in responders,concordant (promoter hypomethylation -> higher expression)
male,Etanercept,GABARAPL1,ENSG00000139112,0.8348332621120339,2.85947582876103e-4,UP in responders,cg13279675,TSS200,Island,-0.1940986358743135,0.2277762115066506,HYPOmethylated in responders,concordant (promoter hypomethylation -> higher expression)
male,Etanercept,GABARAPL1,ENSG00000139112,0.8348332621120339,2.85947582876103e-4,UP in responders,cg05165990,Body,S_Shore,-0.17273922405307696,0.2766162829967419,HYPOmethylated in responders,non-canonical / not the textbook direction
male,Etanercept,GABARAPL1,ENSG00000139112,0.8348332621120339,2.85947582876103e-4,UP in responders,cg12149272,TSS200,Island,-0.24060116328800185,0.2867612108746246,HYPOmethylated in responders,concordant (promoter hypomethylation -> higher expression)
male,Etanercept,GABARAPL1,ENSG00000139112,0.8348332621120339,2.85947582876103e-4,UP in responders,cg06915165,TSS1500,N_Shore,-0.1676256713784749,0.30152753618878486,HYPOmethylated in responders,concordant (promoter hypomethylation -> higher expression)
male,Etanercept,GABARAPL1,ENSG00000139112,0.8348332621120339,2.85947582876103e-4,UP in responders,cg18075287,TSS200,Island,-0.1991779628262349,0.3273119692768598,HYPOmethylated in responders,concordant (promoter hypomethylation -> higher expression)
male,Etanercept,GABARAPL1,ENSG00000139112,0.8348332621120339,2.85947582876103e-4,UP in responders,cg11450001,1stExon,Island,-0.1555085891655684,0.34939542477928087,HYPOmethylated in responders,concordant (promoter hypomethylation -> higher expression)
male,Etanercept,GABARAPL1,ENSG00000139112,0.8348332621120339,2.85947582876103e-4,UP in responders,cg11450001,5'UTR,Island,-0.1555085891655684,0.34939542477928087,HYPOmethylated in responders,concordant (promoter hypomethylation -> higher expression)
male,Etanercept,GABARAPL1,ENSG00000139112,0.8348332621120339,2.85947582876103e-4,UP in responders,cg02319097,Body,OpenSea,-0.14021882259874313,0.36460222831949096,HYPOmethylated in responders,non-canonical / not the textbook direction
male,Etanercept,GABARAPL1,ENSG00000139112,0.8348332621120339,2.85947582876103e-4,UP in responders,cg22673432,Body,S_Shore,-0.11119036400514844,0.39244630227651767,HYPOmethylated in responders,non-canonical / not the textbook direction
male,Etanercept,GABARAPL1,ENSG00000139112,0.8348332621120339,2.85947582876103e-4,UP in responders,cg22453744,TSS200,Island,-0.15981612106798576,0.4281760454510086,HYPOmethylated in responders,concordant (promoter hypomethylation -> higher expression)
male,Etanercept,GABARAPL1,ENSG00000139112,0.8348332621120339,2.85947582876103e-4,UP in responders,cg10833829,Body,S_Shelf,-0.09894253270663611,0.4580544729482826,HYPOmethylated in responders,non-canonical / not the textbook direction
male,Etanercept,GABARAPL1,ENSG00000139112,0.8348332621120339,2.85947582876103e-4,UP in responders,cg13014531,Body,S_Shore,-0.11506726891814346,0.47197926203460094,HYPOmethylated in responders,non-canonical / not the textbook direction
male,Etanercept,GABARAPL1,ENSG00000139112,0.8348332621120339,2.85947582876103e-4,UP in responders,cg22699500,Body,S_Shore,-0.11589426812851021,0.5012723501099021,HYPOmethylated in responders,non-canonical / not the textbook direction
male,Etanercept,GABARAPL1,ENSG00000139112,0.8348332621120339,2.85947582876103e-4,UP in responders,cg06934426,Body,OpenSea,-0.11176570042944246,0.5122750817865738,HYPOmethylated in responders,non-canonical / not the textbook direction
male,Etanercept,GABARAPL1,ENSG00000139112,0.8348332621120339,2.85947582876103e-4,UP in responders,cg03247389,Body,S_Shore,0.10346550583303649,0.5826835964939212,HYPERmethylated in responders,concordant (gene-body hypermethylation -> higher expression)
male,Etanercept,GABARAPL1,ENSG00000139112,0.8348332621120339,2.85947582876103e-4,UP in responders,cg16479592,Body,OpenSea,-0.08642732719497843,0.587737966587501,HYPOmethylated in responders,non-canonical / not the textbook direction
male,Etanercept,GABARAPL1,ENSG00000139112,0.8348332621120339,2.85947582876103e-4,UP in responders,cg09927529,TSS1500,N_Shore,-0.052043521556662066,0.7055602900172722,HYPOmethylated in responders,concordant (promoter hypomethylation -> higher expression)
male,Etanercept,GABARAPL1,ENSG00000139112,0.8348332621120339,2.85947582876103e-4,UP in responders,cg13300549,1stExon,Island,0.10525242243540966,0.7350179912293651,HYPERmethylated in responders,non-canonical / not the textbook direction
male,Etanercept,GABARAPL1,ENSG00000139112,0.8348332621120339,2.85947582876103e-4,UP in responders,cg13300549,5'UTR,Island,0.10525242243540966,0.7350179912293651,HYPERmethylated in responders,non-canonical / not the textbook direction
male,Etanercept,GABARAPL1,ENSG00000139112,0.8348332621120339,2.85947582876103e-4,UP in responders,cg23659377,Body,OpenSea,-0.059428171220970195,0.7437846201060412,HYPOmethylated in responders,non-canonical / not the textbook direction
male,Etanercept,GABARAPL1,ENSG00000139112,0.8348332621120339,2.85947582876103e-4,UP in responders,cg16417563,1stExon,Island,-0.09496513763192681,0.7507419313433317,HYPOmethylated in responders,concordant (promoter hypomethylation -> higher expression)
male,Etanercept,GABARAPL1,ENSG00000139112,0.8348332621120339,2.85947582876103e-4,UP in responders,cg16417563,5'UTR,Island,-0.09496513763192681,0.7507419313433317,HYPOmethylated in responders,concordant (promoter hypomethylation -> higher expression)
male,Etanercept,GABARAPL1,ENSG00000139112,0.8348332621120339,2.85947582876103e-4,UP in responders,cg25666879,Body,S_Shore,0.04856683676520048,0.7586548882812628,HYPERmethylated in responders,concordant (gene-body hypermethylation -> higher expression)
male,Etanercept,GABARAPL1,ENSG00000139112,0.8348332621120339,2.85947582876103e-4,UP in responders,cg02267312,TSS200,Island,0.047777407903363385,0.8839800355202202,HYPERmethylated in responders,non-canonical / not the textbook direction
male,Etanercept,GABARAPL1,ENSG00000139112,0.8348332621120339,2.85947582876103e-4,UP in responders,cg23016101,TSS200,N_Shore,-0.026865258970463535,0.9120370853759794,HYPOmethylated in responders,concordant (promoter hypomethylation -> higher expression)
male,Etanercept,GABARAPL1,ENSG00000139112,0.8348332621120339,2.85947582876103e-4,UP in responders,cg23519421,TSS1500,N_Shore,-0.01150121263831532,0.9399430122452463,HYPOmethylated in responders,concordant (promoter hypomethylation -> higher expression)
male,Etanercept,BFSP1,ENSG00000125864,1.7123863651923503,3.9323708182501075e-4,UP in responders,cg16739092,Body,OpenSea,-0.5802658547725628,0.00794401424325107,HYPOmethylated in responders,non-canonical / not the textbook direction
male,Etanercept,BFSP1,ENSG00000125864,1.7123863651923503,3.9323708182501075e-4,UP in responders,cg16739092,5'UTR,OpenSea,-0.5802658547725628,0.00794401424325107,HYPOmethylated in responders,concordant (promoter hypomethylation -> higher expression)
male,Etanercept,BFSP1,ENSG00000125864,1.7123863651923503,3.9323708182501075e-4,UP in responders,cg20083679,TSS1500,OpenSea,-0.405424486515665,0.011022837828067627,HYPOmethylated in responders,concordant (promoter hypomethylation -> higher expression)
male,Etanercept,BFSP1,ENSG00000125864,1.7123863651923503,3.9323708182501075e-4,UP in responders,cg20083679,5'UTR,OpenSea,-0.405424486515665,0.011022837828067627,HYPOmethylated in responders,concordant (promoter hypomethylation -> higher expression)
male,Etanercept,BFSP1,ENSG00000125864,1.7123863651923503,3.9323708182501075e-4,UP in responders,cg14801864,TSS1500,OpenSea,-0.34148606727483866,0.01868626290515428,HYPOmethylated in responders,concordant (promoter hypomethylation -> higher expression)
male,Etanercept,BFSP1,ENSG00000125864,1.7123863651923503,3.9323708182501075e-4,UP in responders,cg24525607,Body,OpenSea,-0.2523906415574037,0.021363485226103773,HYPOmethylated in responders,non-canonical / not the textbook direction
male,Etanercept,BFSP1,ENSG00000125864,1.7123863651923503,3.9323708182501075e-4,UP in responders,cg05588074,Body,OpenSea,-0.6591225260674138,0.02429699918908681,HYPOmethylated in responders,non-canonical / not the textbook direction
male,Etanercept,BFSP1,ENSG00000125864,1.7123863651923503,3.9323708182501075e-4,UP in responders,cg04263118,Body,Island,0.33802097585531604,0.030501498324251967,HYPERmethylated in responders,concordant (gene-body hypermethylation -> higher expression)
male,Etanercept,BFSP1,ENSG00000125864,1.7123863651923503,3.9323708182501075e-4,UP in responders,cg04263118,TSS200,Island,0.33802097585531604,0.030501498324251967,HYPERmethylated in responders,non-canonical / not the textbook direction
male,Etanercept,BFSP1,ENSG00000125864,1.7123863651923503,3.9323708182501075e-4,UP in responders,cg06521030,Body,N_Shelf,-0.3020725482637676,0.03251213823934876,HYPOmethylated in responders,non-canonical / not the textbook direction
male,Etanercept,BFSP1,ENSG00000125864,1.7123863651923503,3.9323708182501075e-4,UP in responders,cg21693930,TSS200,Island,0.9425529427846017,0.04164607269821414,HYPERmethylated in responders,non-canonical / not the textbook direction
male,Etanercept,BFSP1,ENSG00000125864,1.7123863651923503,3.9323708182501075e-4,UP in responders,cg04394336,ExonBnd,OpenSea,-0.39224067866707757,0.04296270797379212,HYPOmethylated in responders,non-canonical / not the textbook direction
male,Etanercept,BFSP1,ENSG00000125864,1.7123863651923503,3.9323708182501075e-4,UP in responders,cg04394336,5'UTR,OpenSea,-0.39224067866707757,0.04296270797379212,HYPOmethylated in responders,concordant (promoter hypomethylation -> higher expression)
male,Etanercept,BFSP1,ENSG00000125864,1.7123863651923503,3.9323708182501075e-4,UP in responders,cg04015097,Body,OpenSea,-0.3939179610195102,0.05866936667783736,HYPOmethylated in responders,non-canonical / not the textbook direction
male,Etanercept,BFSP1,ENSG00000125864,1.7123863651923503,3.9323708182501075e-4,UP in responders,cg04015097,5'UTR,OpenSea,-0.3939179610195102,0.05866936667783736,HYPOmethylated in responders,concordant (promoter hypomethylation -> higher expression)
male,Etanercept,BFSP1,ENSG00000125864,1.7123863651923503,3.9323708182501075e-4,UP in responders,cg27500292,Body,OpenSea,-0.35090744952798275,0.05982437025045527,HYPOmethylated in responders,non-canonical / not the textbook direction
male,Etanercept,BFSP1,ENSG00000125864,1.7123863651923503,3.9323708182501075e-4,UP in responders,cg23145488,Body,OpenSea,-0.42281209924051405,0.060774869119798604,HYPOmethylated in responders,non-canonical / not the textbook direction
male,Etanercept,BFSP1,ENSG00000125864,1.7123863651923503,3.9323708182501075e-4,UP in responders,cg23145488,5'UTR,OpenSea,-0.42281209924051405,0.060774869119798604,HYPOmethylated in responders,concordant (promoter hypomethylation -> higher expression)
male,Etanercept,BFSP1,ENSG00000125864,1.7123863651923503,3.9323708182501075e-4,UP in responders,cg18815565,TSS1500,OpenSea,-0.3169926725785718,0.06258399231330661,HYPOmethylated in responders,concordant (promoter hypomethylation -> higher expression)
male,Etanercept,BFSP1,ENSG00000125864,1.7123863651923503,3.9323708182501075e-4,UP in responders,cg23386126,Body,OpenSea,-0.292394130736112,0.06296447878587494,HYPOmethylated in responders,non-canonical / not the textbook direction
male,Etanercept,BFSP1,ENSG00000125864,1.7123863651923503,3.9323708182501075e-4,UP in responders,cg23386126,5'UTR,OpenSea,-0.292394130736112,0.06296447878587494,HYPOmethylated in responders,concordant (promoter hypomethylation -> higher expression)
male,Etanercept,BFSP1,ENSG00000125864,1.7123863651923503,3.9323708182501075e-4,UP in responders,cg07217075,Body,Island,0.4118778144340347,0.07723190978270703,HYPERmethylated in responders,concordant (gene-body hypermethylation -> higher expression)
male,Etanercept,BFSP1,ENSG00000125864,1.7123863651923503,3.9323708182501075e-4,UP in responders,cg07217075,1stExon,Island,0.4118778144340347,0.07723190978270703,HYPERmethylated in responders,non-canonical / not the textbook direction
male,Etanercept,BFSP1,ENSG00000125864,1.7123863651923503,3.9323708182501075e-4,UP in responders,cg02401734,Body,OpenSea,-0.2910417433867271,0.0896147504297827,HYPOmethylated in responders,non-canonical / not the textbook direction
male,Etanercept,BFSP1,ENSG00000125864,1.7123863651923503,3.9323708182501075e-4,UP in responders,cg02401734,5'UTR,OpenSea,-0.2910417433867271,0.0896147504297827,HYPOmethylated in responders,concordant (promoter hypomethylation -> higher expression)
male,Etanercept,BFSP1,ENSG00000125864,1.7123863651923503,3.9323708182501075e-4,UP in responders,cg11854964,TSS1500,S_Shore,-0.28438094271020437,0.1131130833266212,HYPOmethylated in responders,concordant (promoter hypomethylation -> higher expression)
male,Etanercept,BFSP1,ENSG00000125864,1.7123863651923503,3.9323708182501075e-4,UP in responders,cg11854964,Body,S_Shore,-0.28438094271020437,0.1131130833266212,HYPOmethylated in responders,non-canonical / not the textbook direction
male,Etanercept,BFSP1,ENSG00000125864,1.7123863651923503,3.9323708182501075e-4,UP in responders,cg11854964,5'UTR,S_Shore,-0.28438094271020437,0.1131130833266212,HYPOmethylated in responders,concordant (promoter hypomethylation -> higher expression)
male,Etanercept,BFSP1,ENSG00000125864,1.7123863651923503,3.9323708182501075e-4,UP in responders,cg21267291,TSS200,Island,0.5622584639051219,0.1297577926764146,HYPERmethylated in responders,non-canonical / not the textbook direction
male,Etanercept,BFSP1,ENSG00000125864,1.7123863651923503,3.9323708182501075e-4,UP in responders,cg02795691,Body,S_Shelf,-0.16161752131146714,0.17276183354958483,HYPOmethylated in responders,non-canonical / not the textbook direction
male,Etanercept,BFSP1,ENSG00000125864,1.7123863651923503,3.9323708182501075e-4,UP in responders,cg21663770,Body,OpenSea,-0.19333774632278675,0.2374690389142476,HYPOmethylated in responders,non-canonical / not the textbook direction
male,Etanercept,BFSP1,ENSG00000125864,1.7123863651923503,3.9323708182501075e-4,UP in responders,cg21663770,5'UTR,OpenSea,-0.19333774632278675,0.2374690389142476,HYPOmethylated in responders,concordant (promoter hypomethylation -> higher expression)
male,Etanercept,BFSP1,ENSG00000125864,1.7123863651923503,3.9323708182501075e-4,UP in responders,cg11606365,TSS200,Island,0.2817369482803102,0.24684773333892177,HYPERmethylated in responders,non-canonical / not the textbook direction
male,Etanercept,BFSP1,ENSG00000125864,1.7123863651923503,3.9323708182501075e-4,UP in responders,cg13393661,Body,OpenSea,-0.14236409396483238,0.2510081600135308,HYPOmethylated in responders,non-canonical / not the textbook direction
male,Etanercept,BFSP1,ENSG00000125864,1.7123863651923503,3.9323708182501075e-4,UP in responders,cg13393661,5'UTR,OpenSea,-0.14236409396483238,0.2510081600135308,HYPOmethylated in responders,concordant (promoter hypomethylation -> higher expression)
male,Etanercept,BFSP1,ENSG00000125864,1.7123863651923503,3.9323708182501075e-4,UP in responders,cg25052121,TSS200,OpenSea,-0.21901093407819028,0.2764298160153643,HYPOmethylated in responders,concordant (promoter hypomethylation -> higher expression)
male,Etanercept,BFSP1,ENSG00000125864,1.7123863651923503,3.9323708182501075e-4,UP in responders,cg16473733,TSS1500,S_Shore,-0.1347178630097768,0.2854815631620287,HYPOmethylated in responders,concordant (promoter hypomethylation -> higher expression)
male,Etanercept,BFSP1,ENSG00000125864,1.7123863651923503,3.9323708182501075e-4,UP in responders,cg16473733,Body,S_Shore,-0.1347178630097768,0.2854815631620287,HYPOmethylated in responders,non-canonical / not the textbook direction
male,Etanercept,BFSP1,ENSG00000125864,1.7123863651923503,3.9323708182501075e-4,UP in responders,cg16473733,5'UTR,S_Shore,-0.1347178630097768,0.2854815631620287,HYPOmethylated in responders,concordant (promoter hypomethylation -> higher expression)
male,Etanercept,BFSP1,ENSG00000125864,1.7123863651923503,3.9323708182501075e-4,UP in responders,cg17106526,3'UTR,OpenSea,-0.14319605266983207,0.3579567772055334,HYPOmethylated in responders,non-canonical / not the textbook direction
male,Etanercept,BFSP1,ENSG00000125864,1.7123863651923503,3.9323708182501075e-4,UP in responders,cg04583625,5'UTR,N_Shore,-0.1366278650647337,0.36265778049888864,HYPOmethylated in responders,concordant (promoter hypomethylation -> higher expression)
male,Etanercept,BFSP1,ENSG00000125864,1.7123863651923503,3.9323708182501075e-4,UP in responders,cg26371206,Body,Island,-0.10164636404922307,0.397227316810592,HYPOmethylated in responders,non-canonical / not the textbook direction
male,Etanercept,BFSP1,ENSG00000125864,1.7123863651923503,3.9323708182501075e-4,UP in responders,cg26371206,TSS200,Island,-0.10164636404922307,0.397227316810592,HYPOmethylated in responders,concordant (promoter hypomethylation -> higher expression)
male,Etanercept,BFSP1,ENSG00000125864,1.7123863651923503,3.9323708182501075e-4,UP in responders,cg23651728,Body,N_Shore,-0.13298567596182984,0.4684393585380491,HYPOmethylated in responders,non-canonical / not the textbook direction
male,Etanercept,BFSP1,ENSG00000125864,1.7123863651923503,3.9323708182501075e-4,UP in responders,cg04346572,Body,S_Shore,0.13903457276702277,0.5282135915041088,HYPERmethylated in responders,concordant (gene-body hypermethylation -> higher expression)
male,Etanercept,BFSP1,ENSG00000125864,1.7123863651923503,3.9323708182501075e-4,UP in responders,cg04346572,TSS1500,S_Shore,0.13903457276702277,0.5282135915041088,HYPERmethylated in responders,non-canonical / not the textbook direction
male,Etanercept,BFSP1,ENSG00000125864,1.7123863651923503,3.9323708182501075e-4,UP in responders,cg07366996,Body,OpenSea,0.07008877948642979,0.5478845467187554,HYPERmethylated in responders,concordant (gene-body hypermethylation -> higher expression)
male,Etanercept,BFSP1,ENSG00000125864,1.7123863651923503,3.9323708182501075e-4,UP in responders,cg07366996,5'UTR,OpenSea,0.07008877948642979,0.5478845467187554,HYPERmethylated in responders,non-canonical / not the textbook direction
male,Etanercept,BFSP1,ENSG00000125864,1.7123863651923503,3.9323708182501075e-4,UP in responders,cg23985077,Body,S_Shore,-0.07873110198327617,0.7017446109500471,HYPOmethylated in responders,non-canonical / not the textbook direction
male,Etanercept,BFSP1,ENSG00000125864,1.7123863651923503,3.9323708182501075e-4,UP in responders,cg23985077,TSS1500,S_Shore,-0.07873110198327617,0.7017446109500471,HYPOmethylated in responders,concordant (promoter hypomethylation -> higher expression)
male,Etanercept,BFSP1,ENSG00000125864,1.7123863651923503,3.9323708182501075e-4,UP in responders,cg23032598,Body,S_Shore,-0.04962056623075752,0.7186019392319225,HYPOmethylated in responders,non-canonical / not the textbook direction
male,Etanercept,BFSP1,ENSG00000125864,1.7123863651923503,3.9323708182501075e-4,UP in responders,cg23032598,TSS1500,S_Shore,-0.04962056623075752,0.7186019392319225,HYPOmethylated in responders,concordant (promoter hypomethylation -> higher expression)
male,Etanercept,BFSP1,ENSG00000125864,1.7123863651923503,3.9323708182501075e-4,UP in responders,cg04264633,TSS1500,OpenSea,-0.04978173231401827,0.744139989907552,HYPOmethylated in responders,concordant (promoter hypomethylation -> higher expression)
male,Etanercept,BFSP1,ENSG00000125864,1.7123863651923503,3.9323708182501075e-4,UP in responders,cg07904983,Body,Island,0.07178877227258859,0.8239755658669699,HYPERmethylated in responders,concordant (gene-body hypermethylation -> higher expression)
male,Etanercept,BFSP1,ENSG00000125864,1.7123863651923503,3.9323708182501075e-4,UP in responders,cg07904983,5'UTR,Island,0.07178877227258859,0.8239755658669699,HYPERmethylated in responders,non-canonical / not the textbook direction
male,Etanercept,BFSP1,ENSG00000125864,1.7123863651923503,3.9323708182501075e-4,UP in responders,cg07904983,1stExon,Island,0.07178877227258859,0.8239755658669699,HYPERmethylated in responders,non-canonical / not the textbook direction
male,Etanercept,BFSP1,ENSG00000125864,1.7123863651923503,3.9323708182501075e-4,UP in responders,cg00412842,Body,Island,-0.035206189108803555,0.8568911025689758,HYPOmethylated in responders,non-canonical / not the textbook direction
male,Etanercept,BFSP1,ENSG00000125864,1.7123863651923503,3.9323708182501075e-4,UP in responders,cg05881058,1stExon,Island,0.01767316592288417,0.9322938110851242,HYPERmethylated in responders,non-canonical / not the textbook direction
male,Etanercept,BFSP1,ENSG00000125864,1.7123863651923503,3.9323708182501075e-4,UP in responders,cg05881058,5'UTR,Island,0.01767316592288417,0.9322938110851242,HYPERmethylated in responders,non-canonical / not the textbook direction
male,Etanercept,BFSP1,ENSG00000125864,1.7123863651923503,3.9323708182501075e-4,UP in responders,cg15907228,TSS200,Island,0.029215770566714292,0.9361606097218151,HYPERmethylated in responders,non-canonical / not the textbook direction
male,Etanercept,BFSP1,ENSG00000125864,1.7123863651923503,3.9323708182501075e-4,UP in responders,cg15907228,Body,Island,0.029215770566714292,0.9361606097218151,HYPERmethylated in responders,concordant (gene-body hypermethylation -> higher expression)
male,Etanercept,BFSP1,ENSG00000125864,1.7123863651923503,3.9323708182501075e-4,UP in responders,cg15907228,5'UTR,Island,0.029215770566714292,0.9361606097218151,HYPERmethylated in responders,non-canonical / not the textbook direction
male,Etanercept,BFSP1,ENSG00000125864,1.7123863651923503,3.9323708182501075e-4,UP in responders,cg17493633,Body,OpenSea,-0.0023199725419945205,0.9836032239107507,HYPOmethylated in responders,non-canonical / not the textbook direction
male,Etanercept,ANKRD55,ENSG00000164512,-2.177176521573137,5.022558238345719e-4,DOWN in responders,cg03038773,Body,OpenSea,-0.5223375137329573,0.0040578445602867524,HYPOmethylated in responders,concordant (gene-body hypomethylation -> lower expression)
male,Etanercept,ANKRD55,ENSG00000164512,-2.177176521573137,5.022558238345719e-4,DOWN in responders,cg05633605,TSS1500,OpenSea,-0.6296536614929141,0.005824370173368326,HYPOmethylated in responders,non-canonical / not the textbook direction
male,Etanercept,ANKRD55,ENSG00000164512,-2.177176521573137,5.022558238345719e-4,DOWN in responders,cg11264935,5'UTR,OpenSea,-0.4109204759622108,0.006861741161863613,HYPOmethylated in responders,non-canonical / not the textbook direction
male,Etanercept,ANKRD55,ENSG00000164512,-2.177176521573137,5.022558238345719e-4,DOWN in responders,cg11264935,1stExon,OpenSea,-0.4109204759622108,0.006861741161863613,HYPOmethylated in responders,non-canonical / not the textbook direction
male,Etanercept,ANKRD55,ENSG00000164512,-2.177176521573137,5.022558238345719e-4,DOWN in responders,cg00101079,Body,OpenSea,-0.4291538287880374,0.008154890515923227,HYPOmethylated in responders,concordant (gene-body hypomethylation -> lower expression)
male,Etanercept,ANKRD55,ENSG00000164512,-2.177176521573137,5.022558238345719e-4,DOWN in responders,cg15667493,Body,OpenSea,0.520064037903158,0.019771990257299987,HYPERmethylated in responders,non-canonical / not the textbook direction
male,Etanercept,ANKRD55,ENSG00000164512,-2.177176521573137,5.022558238345719e-4,DOWN in responders,cg12849108,Body,OpenSea,-0.49430691167092977,0.02752643703958577,HYPOmethylated in responders,concordant (gene-body hypomethylation -> lower expression)
male,Etanercept,ANKRD55,ENSG00000164512,-2.177176521573137,5.022558238345719e-4,DOWN in responders,cg19418629,Body,OpenSea,-0.3177166432827046,0.028941750613874457,HYPOmethylated in responders,concordant (gene-body hypomethylation -> lower expression)
male,Etanercept,ANKRD55,ENSG00000164512,-2.177176521573137,5.022558238345719e-4,DOWN in responders,cg00391767,Body,OpenSea,-0.35571102692933454,0.036475654540108635,HYPOmethylated in responders,concordant (gene-body hypomethylation -> lower expression)
male,Etanercept,ANKRD55,ENSG00000164512,-2.177176521573137,5.022558238345719e-4,DOWN in responders,cg06528416,Body,OpenSea,-0.34435114638916386,0.04530041219463255,HYPOmethylated in responders,concordant (gene-body hypomethylation -> lower expression)
male,Etanercept,ANKRD55,ENSG00000164512,-2.177176521573137,5.022558238345719e-4,DOWN in responders,cg21919257,Body,OpenSea,-0.3565183020879867,0.04719578414106188,HYPOmethylated in responders,concordant (gene-body hypomethylation -> lower expression)
male,Etanercept,ANKRD55,ENSG00000164512,-2.177176521573137,5.022558238345719e-4,DOWN in responders,cg07877517,Body,OpenSea,-0.22490371374946594,0.052940962367736495,HYPOmethylated in responders,concordant (gene-body hypomethylation -> lower expression)
male,Etanercept,ANKRD55,ENSG00000164512,-2.177176521573137,5.022558238345719e-4,DOWN in responders,cg12968987,Body,OpenSea,-0.2501440059308241,0.05653260280474589,HYPOmethylated in responders,concordant (gene-body hypomethylation -> lower expression)
male,Etanercept,ANKRD55,ENSG00000164512,-2.177176521573137,5.022558238345719e-4,DOWN in responders,cg23109206,TSS1500,OpenSea,-0.4824850529043437,0.05758494677051192,HYPOmethylated in responders,non-canonical / not the textbook direction
male,Etanercept,ANKRD55,ENSG00000164512,-2.177176521573137,5.022558238345719e-4,DOWN in responders,cg21642375,5'UTR,OpenSea,-0.19857634013887007,0.08082779745185234,HYPOmethylated in responders,non-canonical / not the textbook direction
male,Etanercept,ANKRD55,ENSG00000164512,-2.177176521573137,5.022558238345719e-4,DOWN in responders,cg15288366,Body,OpenSea,-0.3504099032552771,0.0898983077480392,HYPOmethylated in responders,concordant (gene-body hypomethylation -> lower expression)
male,Etanercept,ANKRD55,ENSG00000164512,-2.177176521573137,5.022558238345719e-4,DOWN in responders,cg13802904,Body,OpenSea,-0.2853447348262496,0.11672049002041224,HYPOmethylated in responders,concordant (gene-body hypomethylation -> lower expression)
male,Etanercept,ANKRD55,ENSG00000164512,-2.177176521573137,5.022558238345719e-4,DOWN in responders,cg21124310,Body,OpenSea,0.2457489986029126,0.13388003054806125,HYPERmethylated in responders,non-canonical / not the textbook direction
male,Etanercept,ANKRD55,ENSG00000164512,-2.177176521573137,5.022558238345719e-4,DOWN in responders,cg14609733,TSS1500,OpenSea,-0.21142875047617374,0.13720577650751947,HYPOmethylated in responders,non-canonical / not the textbook direction
male,Etanercept,ANKRD55,ENSG00000164512,-2.177176521573137,5.022558238345719e-4,DOWN in responders,cg06750410,TSS200,OpenSea,0.28934264829927364,0.14250325728702679,HYPERmethylated in responders,concordant (promoter hypermethylation -> lower expression)
male,Etanercept,ANKRD55,ENSG00000164512,-2.177176521573137,5.022558238345719e-4,DOWN in responders,cg06750410,Body,OpenSea,0.28934264829927364,0.14250325728702679,HYPERmethylated in responders,non-canonical / not the textbook direction
male,Etanercept,ANKRD55,ENSG00000164512,-2.177176521573137,5.022558238345719e-4,DOWN in responders,cg24442367,Body,OpenSea,-0.2440183153977879,0.1619167960046939,HYPOmethylated in responders,concordant (gene-body hypomethylation -> lower expression)
male,Etanercept,ANKRD55,ENSG00000164512,-2.177176521573137,5.022558238345719e-4,DOWN in responders,cg07645190,Body,OpenSea,-0.20755342452113637,0.16584808586783628,HYPOmethylated in responders,concordant (gene-body hypomethylation -> lower expression)
male,Etanercept,ANKRD55,ENSG00000164512,-2.177176521573137,5.022558238345719e-4,DOWN in responders,cg10051228,Body,OpenSea,-0.301307047322828,0.16809968691615082,HYPOmethylated in responders,concordant (gene-body hypomethylation -> lower expression)
male,Etanercept,ANKRD55,ENSG00000164512,-2.177176521573137,5.022558238345719e-4,DOWN in responders,cg03936251,TSS1500,OpenSea,-0.1925310460162848,0.20383006126896244,HYPOmethylated in responders,non-canonical / not the textbook direction
male,Etanercept,ANKRD55,ENSG00000164512,-2.177176521573137,5.022558238345719e-4,DOWN in responders,cg10404427,Body,OpenSea,0.3209043502790162,0.2108968400107335,HYPERmethylated in responders,non-canonical / not the textbook direction
male,Etanercept,ANKRD55,ENSG00000164512,-2.177176521573137,5.022558238345719e-4,DOWN in responders,cg17027138,TSS200,OpenSea,-0.17087014065726563,0.2166367817096189,HYPOmethylated in responders,non-canonical / not the textbook direction
male,Etanercept,ANKRD55,ENSG00000164512,-2.177176521573137,5.022558238345719e-4,DOWN in responders,cg08478182,Body,OpenSea,-0.22665746391883285,0.237502989192221,HYPOmethylated in responders,concordant (gene-body hypomethylation -> lower expression)
male,Etanercept,ANKRD55,ENSG00000164512,-2.177176521573137,5.022558238345719e-4,DOWN in responders,cg12725358,TSS1500,OpenSea,-0.18092446512160135,0.28853917718506134,HYPOmethylated in responders,non-canonical / not the textbook direction
male,Etanercept,ANKRD55,ENSG00000164512,-2.177176521573137,5.022558238345719e-4,DOWN in responders,cg16501561,Body,OpenSea,-0.1600729716706003,0.2972356438224928,HYPOmethylated in responders,concordant (gene-body hypomethylation -> lower expression)
male,Etanercept,ANKRD55,ENSG00000164512,-2.177176521573137,5.022558238345719e-4,DOWN in responders,cg18293664,Body,OpenSea,-0.11689435434653907,0.33670240447763267,HYPOmethylated in responders,concordant (gene-body hypomethylation -> lower expression)
male,Etanercept,ANKRD55,ENSG00000164512,-2.177176521573137,5.022558238345719e-4,DOWN in responders,cg21671668,Body,OpenSea,0.13888253796294756,0.3407723666297243,HYPERmethylated in responders,non-canonical / not the textbook direction
male,Etanercept,ANKRD55,ENSG00000164512,-2.177176521573137,5.022558238345719e-4,DOWN in responders,cg07611171,Body,OpenSea,0.16028276850338175,0.3451319346232512,HYPERmethylated in responders,non-canonical / not the textbook direction
male,Etanercept,ANKRD55,ENSG00000164512,-2.177176521573137,5.022558238345719e-4,DOWN in responders,cg17683529,Body,OpenSea,0.12147993844239142,0.35032746951952654,HYPERmethylated in responders,non-canonical / not the textbook direction
male,Etanercept,ANKRD55,ENSG00000164512,-2.177176521573137,5.022558238345719e-4,DOWN in responders,cg14095963,Body,OpenSea,0.17178717985059294,0.4058776156227315,HYPERmethylated in responders,non-canonical / not the textbook direction
male,Etanercept,ANKRD55,ENSG00000164512,-2.177176521573137,5.022558238345719e-4,DOWN in responders,cg01866434,Body,OpenSea,-0.17905106844699634,0.43312012242853937,HYPOmethylated in responders,concordant (gene-body hypomethylation -> lower expression)
male,Etanercept,ANKRD55,ENSG00000164512,-2.177176521573137,5.022558238345719e-4,DOWN in responders,cg08990507,TSS200,OpenSea,-0.12126626114087678,0.4354557944977808,HYPOmethylated in responders,non-canonical / not the textbook direction
male,Etanercept,ANKRD55,ENSG00000164512,-2.177176521573137,5.022558238345719e-4,DOWN in responders,cg15431103,Body,OpenSea,-0.25385594000929573,0.44835869123322236,HYPOmethylated in responders,concordant (gene-body hypomethylation -> lower expression)
male,Etanercept,ANKRD55,ENSG00000164512,-2.177176521573137,5.022558238345719e-4,DOWN in responders,cg14435796,TSS200,OpenSea,-0.09511749752685571,0.4582137378603931,HYPOmethylated in responders,non-canonical / not the textbook direction
male,Etanercept,ANKRD55,ENSG00000164512,-2.177176521573137,5.022558238345719e-4,DOWN in responders,cg11203914,Body,OpenSea,-0.08866279289309315,0.4595004879268373,HYPOmethylated in responders,concordant (gene-body hypomethylation -> lower expression)
male,Etanercept,ANKRD55,ENSG00000164512,-2.177176521573137,5.022558238345719e-4,DOWN in responders,cg05899688,Body,OpenSea,-0.1437365382652624,0.4652084581705932,HYPOmethylated in responders,concordant (gene-body hypomethylation -> lower expression)
male,Etanercept,ANKRD55,ENSG00000164512,-2.177176521573137,5.022558238345719e-4,DOWN in responders,cg24155989,Body,OpenSea,-0.0867212444171914,0.5164430276971358,HYPOmethylated in responders,concordant (gene-body hypomethylation -> lower expression)
male,Etanercept,ANKRD55,ENSG00000164512,-2.177176521573137,5.022558238345719e-4,DOWN in responders,cg26405198,Body,OpenSea,-0.2753930405264998,0.53101331217301,HYPOmethylated in responders,concordant (gene-body hypomethylation -> lower expression)
male,Etanercept,ANKRD55,ENSG00000164512,-2.177176521573137,5.022558238345719e-4,DOWN in responders,cg19678610,TSS200,OpenSea,-0.08911157123420992,0.5331490990872202,HYPOmethylated in responders,non-canonical / not the textbook direction
male,Etanercept,ANKRD55,ENSG00000164512,-2.177176521573137,5.022558238345719e-4,DOWN in responders,cg17577695,3'UTR,OpenSea,-0.07368965365313748,0.5446532638853909,HYPOmethylated in responders,non-canonical / not the textbook direction
male,Etanercept,ANKRD55,ENSG00000164512,-2.177176521573137,5.022558238345719e-4,DOWN in responders,cg24000259,Body,OpenSea,-0.06739684714393467,0.5847910722392862,HYPOmethylated in responders,concordant (gene-body hypomethylation -> lower expression)
male,Etanercept,ANKRD55,ENSG00000164512,-2.177176521573137,5.022558238345719e-4,DOWN in responders,cg17613707,Body,OpenSea,0.062172490318527764,0.6148288233151473,HYPERmethylated in responders,non-canonical / not the textbook direction
male,Etanercept,ANKRD55,ENSG00000164512,-2.177176521573137,5.022558238345719e-4,DOWN in responders,cg21772997,Body,OpenSea,-0.06195216721431045,0.6812577183973341,HYPOmethylated in responders,concordant (gene-body hypomethylation -> lower expression)
male,Etanercept,ANKRD55,ENSG00000164512,-2.177176521573137,5.022558238345719e-4,DOWN in responders,cg10794933,Body,OpenSea,-0.058398014061039435,0.7000869694953663,HYPOmethylated in responders,concordant (gene-body hypomethylation -> lower expression)
male,Etanercept,ANKRD55,ENSG00000164512,-2.177176521573137,5.022558238345719e-4,DOWN in responders,cg06662755,Body,OpenSea,0.04204743529841089,0.7364914100487974,HYPERmethylated in responders,non-canonical / not the textbook direction
male,Etanercept,ANKRD55,ENSG00000164512,-2.177176521573137,5.022558238345719e-4,DOWN in responders,cg11971517,Body,OpenSea,-0.036964097780473756,0.7919444339272395,HYPOmethylated in responders,concordant (gene-body hypomethylation -> lower expression)
male,Etanercept,ANKRD55,ENSG00000164512,-2.177176521573137,5.022558238345719e-4,DOWN in responders,cg21274670,Body,OpenSea,0.03579931332991569,0.8564050702881765,HYPERmethylated in responders,non-canonical / not the textbook direction
male,Etanercept,ANKRD55,ENSG00000164512,-2.177176521573137,5.022558238345719e-4,DOWN in responders,cg02795190,Body,OpenSea,-0.024632436702652666,0.8863874127340483,HYPOmethylated in responders,concordant (gene-body hypomethylation -> lower expression)
male,Etanercept,ANKRD55,ENSG00000164512,-2.177176521573137,5.022558238345719e-4,DOWN in responders,cg05501672,Body,OpenSea,0.02103210962909353,0.8869320464963254,HYPERmethylated in responders,non-canonical / not the textbook direction
male,Etanercept,ANKRD55,ENSG00000164512,-2.177176521573137,5.022558238345719e-4,DOWN in responders,cg02035766,Body,OpenSea,0.02444918339035638,0.8979358494075147,HYPERmethylated in responders,non-canonical / not the textbook direction
male,Etanercept,ANKRD55,ENSG00000164512,-2.177176521573137,5.022558238345719e-4,DOWN in responders,cg19034084,Body,OpenSea,-0.01837414434067528,0.9060374425306925,HYPOmethylated in responders,concordant (gene-body hypomethylation -> lower expression)
male,Etanercept,ANKRD55,ENSG00000164512,-2.177176521573137,5.022558238345719e-4,DOWN in responders,cg09577966,Body,OpenSea,0.021532124919814096,0.9068948065376321,HYPERmethylated in responders,non-canonical / not the textbook direction
male,Etanercept,ANKRD55,ENSG00000164512,-2.177176521573137,5.022558238345719e-4,DOWN in responders,cg23120015,Body,OpenSea,0.01563351179340273,0.907497342190217,HYPERmethylated in responders,non-canonical / not the textbook direction
male,Etanercept,ANKRD55,ENSG00000164512,-2.177176521573137,5.022558238345719e-4,DOWN in responders,cg22447380,Body,OpenSea,-0.0076484200384587964,0.974867656613986,HYPOmethylated in responders,concordant (gene-body hypomethylation -> lower expression)
male,Etanercept,C1QBP,ENSG00000108561,-0.4683761445118584,9.23479151450373e-4,DOWN in responders,cg08292559,Body,OpenSea,-0.3608312229283606,0.006779136046059547,HYPOmethylated in responders,concordant (gene-body hypomethylation -> lower expression)
male,Etanercept,C1QBP,ENSG00000108561,-0.4683761445118584,9.23479151450373e-4,DOWN in responders,cg12556635,TSS1500,S_Shore,-0.24928155342546215,0.057220592195450136,HYPOmethylated in responders,non-canonical / not the textbook direction
male,Etanercept,C1QBP,ENSG00000108561,-0.4683761445118584,9.23479151450373e-4,DOWN in responders,cg14827528,Body,N_Shelf,-0.21159774950258356,0.10313851604312199,HYPOmethylated in responders,concordant (gene-body hypomethylation -> lower expression)
male,Etanercept,C1QBP,ENSG00000108561,-0.4683761445118584,9.23479151450373e-4,DOWN in responders,cg27660155,TSS200,Island,-0.45601630522048986,0.1176343780204557,HYPOmethylated in responders,non-canonical / not the textbook direction
male,Etanercept,C1QBP,ENSG00000108561,-0.4683761445118584,9.23479151450373e-4,DOWN in responders,cg17137380,TSS200,Island,-0.2386756666318948,0.12980191674313102,HYPOmethylated in responders,non-canonical / not the textbook direction
male,Etanercept,C1QBP,ENSG00000108561,-0.4683761445118584,9.23479151450373e-4,DOWN in responders,cg08082803,Body,N_Shore,-0.18620746396833385,0.18269444515917393,HYPOmethylated in responders,concordant (gene-body hypomethylation -> lower expression)
male,Etanercept,C1QBP,ENSG00000108561,-0.4683761445118584,9.23479151450373e-4,DOWN in responders,cg21007116,TSS200,Island,-0.4511487291651324,0.2606403642746693,HYPOmethylated in responders,non-canonical / not the textbook direction
male,Etanercept,C1QBP,ENSG00000108561,-0.4683761445118584,9.23479151450373e-4,DOWN in responders,cg11491457,TSS1500,S_Shore,-0.16839890944263478,0.2805828574740419,HYPOmethylated in responders,non-canonical / not the textbook direction
male,Etanercept,C1QBP,ENSG00000108561,-0.4683761445118584,9.23479151450373e-4,DOWN in responders,cg04407929,TSS1500,S_Shore,-0.11964986720905177,0.29897989944483255,HYPOmethylated in responders,non-canonical / not the textbook direction
male,Etanercept,C1QBP,ENSG00000108561,-0.4683761445118584,9.23479151450373e-4,DOWN in responders,cg22761641,Body,OpenSea,-0.14564098512035908,0.29935888279194256,HYPOmethylated in responders,concordant (gene-body hypomethylation -> lower expression)
male,Etanercept,C1QBP,ENSG00000108561,-0.4683761445118584,9.23479151450373e-4,DOWN in responders,cg01583769,Body,OpenSea,-0.14743034506509148,0.31981307712980356,HYPOmethylated in responders,concordant (gene-body hypomethylation -> lower expression)
male,Etanercept,C1QBP,ENSG00000108561,-0.4683761445118584,9.23479151450373e-4,DOWN in responders,cg06345277,TSS200,Island,0.08449232949706127,0.4582236784798639,HYPERmethylated in responders,concordant (promoter hypermethylation -> lower expression)
male,Etanercept,C1QBP,ENSG00000108561,-0.4683761445118584,9.23479151450373e-4,DOWN in responders,cg24340911,Body,N_Shore,0.10719758393214843,0.48480575438450524,HYPERmethylated in responders,non-canonical / not the textbook direction
male,Etanercept,C1QBP,ENSG00000108561,-0.4683761445118584,9.23479151450373e-4,DOWN in responders,cg08537418,1stExon,Island,-0.08514820166702816,0.6438623815444285,HYPOmethylated in responders,non-canonical / not the textbook direction
male,Etanercept,C1QBP,ENSG00000108561,-0.4683761445118584,9.23479151450373e-4,DOWN in responders,cg08537418,5'UTR,Island,-0.08514820166702816,0.6438623815444285,HYPOmethylated in responders,non-canonical / not the textbook direction
male,Etanercept,C1QBP,ENSG00000108561,-0.4683761445118584,9.23479151450373e-4,DOWN in responders,cg21024253,Body,Island,-0.0600906871189935,0.6468508661214236,HYPOmethylated in responders,concordant (gene-body hypomethylation -> lower expression)
male,Etanercept,C1QBP,ENSG00000108561,-0.4683761445118584,9.23479151450373e-4,DOWN in responders,cg27509381,TSS1500,S_Shore,-0.04708138679761644,0.715282082795497,HYPOmethylated in responders,non-canonical / not the textbook direction
male,Etanercept,C1QBP,ENSG00000108561,-0.4683761445118584,9.23479151450373e-4,DOWN in responders,cg21200380,1stExon,Island,-0.03814577547376214,0.7461742647286651,HYPOmethylated in responders,non-canonical / not the textbook direction
male,Etanercept,C1QBP,ENSG00000108561,-0.4683761445118584,9.23479151450373e-4,DOWN in responders,cg21200380,5'UTR,Island,-0.03814577547376214,0.7461742647286651,HYPOmethylated in responders,non-canonical / not the textbook direction
male,Etanercept,C1QBP,ENSG00000108561,-0.4683761445118584,9.23479151450373e-4,DOWN in responders,cg20137147,TSS1500,S_Shore,0.053871623581024604,0.7738211665124459,HYPERmethylated in responders,concordant (promoter hypermethylation -> lower expression)
male,Etanercept,C1QBP,ENSG00000108561,-0.4683761445118584,9.23479151450373e-4,DOWN in responders,cg18962055,Body,Island,-0.045664175027265407,0.8037849799675693,HYPOmethylated in responders,concordant (gene-body hypomethylation -> lower expression)
male,Etanercept,C1QBP,ENSG00000108561,-0.4683761445118584,9.23479151450373e-4,DOWN in responders,cg07083667,TSS200,S_Shore,0.020949739467151042,0.9224988417850215,HYPERmethylated in responders,concordant (promoter hypermethylation -> lower expression)
female,Etanercept,CHRNA7,ENSG00000175344,1.9413974890137071,7.331903204494345e-5,UP in responders,cg00111677,Body,Island,0.2807026187372245,0.007197633973653365,HYPERmethylated in responders,concordant (gene-body hypermethylation -> higher expression)
female,Etanercept,CHRNA7,ENSG00000175344,1.9413974890137071,7.331903204494345e-5,UP in responders,cg11100126,Body,OpenSea,0.3392202977779336,0.008345356350988159,HYPERmethylated in responders,concordant (gene-body hypermethylation -> higher expression)
female,Etanercept,CHRNA7,ENSG00000175344,1.9413974890137071,7.331903204494345e-5,UP in responders,cg05168573,Body,OpenSea,0.25627475503009256,0.014184220671441483,HYPERmethylated in responders,concordant (gene-body hypermethylation -> higher expression)
female,Etanercept,CHRNA7,ENSG00000175344,1.9413974890137071,7.331903204494345e-5,UP in responders,cg03924653,Body,OpenSea,0.49580094095429156,0.022244263887107107,HYPERmethylated in responders,concordant (gene-body hypermethylation -> higher expression)
female,Etanercept,CHRNA7,ENSG00000175344,1.9413974890137071,7.331903204494345e-5,UP in responders,cg22193013,Body,N_Shore,0.3198480163012203,0.023371630516804128,HYPERmethylated in responders,concordant (gene-body hypermethylation -> higher expression)
female,Etanercept,CHRNA7,ENSG00000175344,1.9413974890137071,7.331903204494345e-5,UP in responders,cg13643814,TSS1500,N_Shore,0.3115072432916471,0.03875798867401205,HYPERmethylated in responders,non-canonical / not the textbook direction
female,Etanercept,CHRNA7,ENSG00000175344,1.9413974890137071,7.331903204494345e-5,UP in responders,cg27420946,Body,OpenSea,0.2312341357112868,0.059994930927167775,HYPERmethylated in responders,concordant (gene-body hypermethylation -> higher expression)
female,Etanercept,CHRNA7,ENSG00000175344,1.9413974890137071,7.331903204494345e-5,UP in responders,cg26351826,Body,OpenSea,0.26658496340183185,0.06615152716376911,HYPERmethylated in responders,concordant (gene-body hypermethylation -> higher expression)
female,Etanercept,CHRNA7,ENSG00000175344,1.9413974890137071,7.331903204494345e-5,UP in responders,cg04978360,TSS200,Island,-0.5053911443090233,0.07418882250571232,HYPOmethylated in responders,concordant (promoter hypomethylation -> higher expression)
female,Etanercept,CHRNA7,ENSG00000175344,1.9413974890137071,7.331903204494345e-5,UP in responders,cg07900886,Body,OpenSea,0.2154913856746085,0.07974528089185938,HYPERmethylated in responders,concordant (gene-body hypermethylation -> higher expression)
female,Etanercept,CHRNA7,ENSG00000175344,1.9413974890137071,7.331903204494345e-5,UP in responders,cg11887844,Body,OpenSea,0.330584128609936,0.10615774176371583,HYPERmethylated in responders,concordant (gene-body hypermethylation -> higher expression)
female,Etanercept,CHRNA7,ENSG00000175344,1.9413974890137071,7.331903204494345e-5,UP in responders,cg19702085,TSS200,Island,-0.615901758352501,0.10689949653569746,HYPOmethylated in responders,concordant (promoter hypomethylation -> higher expression)
female,Etanercept,CHRNA7,ENSG00000175344,1.9413974890137071,7.331903204494345e-5,UP in responders,cg12113981,Body,OpenSea,0.24969977242599684,0.12539991135682388,HYPERmethylated in responders,concordant (gene-body hypermethylation -> higher expression)
female,Etanercept,CHRNA7,ENSG00000175344,1.9413974890137071,7.331903204494345e-5,UP in responders,cg09427354,Body,Island,-0.23230295711569346,0.17039889708759542,HYPOmethylated in responders,non-canonical / not the textbook direction
female,Etanercept,CHRNA7,ENSG00000175344,1.9413974890137071,7.331903204494345e-5,UP in responders,cg02599615,Body,S_Shore,0.14482271551592288,0.2195427848804331,HYPERmethylated in responders,concordant (gene-body hypermethylation -> higher expression)
female,Etanercept,CHRNA7,ENSG00000175344,1.9413974890137071,7.331903204494345e-5,UP in responders,cg13564812,Body,OpenSea,0.18253245003620633,0.2321581138502034,HYPERmethylated in responders,concordant (gene-body hypermethylation -> higher expression)
female,Etanercept,CHRNA7,ENSG00000175344,1.9413974890137071,7.331903204494345e-5,UP in responders,cg04975305,Body,OpenSea,0.18690264512696766,0.2531666653280768,HYPERmethylated in responders,concordant (gene-body hypermethylation -> higher expression)
female,Etanercept,CHRNA7,ENSG00000175344,1.9413974890137071,7.331903204494345e-5,UP in responders,cg21526106,Body,OpenSea,0.24371415068818444,0.26941108443857237,HYPERmethylated in responders,concordant (gene-body hypermethylation -> higher expression)
female,Etanercept,CHRNA7,ENSG00000175344,1.9413974890137071,7.331903204494345e-5,UP in responders,cg12584785,Body,S_Shelf,0.1346866221103556,0.3940267213337991,HYPERmethylated in responders,concordant (gene-body hypermethylation -> higher expression)
female,Etanercept,CHRNA7,ENSG00000175344,1.9413974890137071,7.331903204494345e-5,UP in responders,cg13980533,1stExon,Island,-0.17050013455165117,0.464130545257848,HYPOmethylated in responders,concordant (promoter hypomethylation -> higher expression)
female,Etanercept,CHRNA7,ENSG00000175344,1.9413974890137071,7.331903204494345e-5,UP in responders,cg21932384,TSS1500,N_Shore,-0.07061842456707344,0.601744793947314,HYPOmethylated in responders,concordant (promoter hypomethylation -> higher expression)
female,Etanercept,CHRNA7,ENSG00000175344,1.9413974890137071,7.331903204494345e-5,UP in responders,cg21883683,TSS200,Island,-0.08708622358519064,0.6106181847771771,HYPOmethylated in responders,concordant (promoter hypomethylation -> higher expression)
female,Etanercept,CHRNA7,ENSG00000175344,1.9413974890137071,7.331903204494345e-5,UP in responders,cg20861607,Body,S_Shore,0.057123524381388006,0.6375341437786893,HYPERmethylated in responders,concordant (gene-body hypermethylation -> higher expression)
female,Etanercept,CHRNA7,ENSG00000175344,1.9413974890137071,7.331903204494345e-5,UP in responders,cg23854667,TSS1500,N_Shore,0.04102422947696077,0.6704434367502169,HYPERmethylated in responders,non-canonical / not the textbook direction
female,Etanercept,CHRNA7,ENSG00000175344,1.9413974890137071,7.331903204494345e-5,UP in responders,cg20764417,Body,Island,0.07792301170583138,0.7182025173119138,HYPERmethylated in responders,concordant (gene-body hypermethylation -> higher expression)
female,Etanercept,CHRNA7,ENSG00000175344,1.9413974890137071,7.331903204494345e-5,UP in responders,cg15546607,Body,Island,-0.11840559839074687,0.720743294168045,HYPOmethylated in responders,non-canonical / not the textbook direction
female,Etanercept,CHRNA7,ENSG00000175344,1.9413974890137071,7.331903204494345e-5,UP in responders,cg02364618,Body,OpenSea,0.04967229304812713,0.7368577332865692,HYPERmethylated in responders,concordant (gene-body hypermethylation -> higher expression)
female,Etanercept,CHRNA7,ENSG00000175344,1.9413974890137071,7.331903204494345e-5,UP in responders,cg08481732,Body,Island,-0.03032896205720189,0.7771026259125074,HYPOmethylated in responders,non-canonical / not the textbook direction
female,Etanercept,CHRNA7,ENSG00000175344,1.9413974890137071,7.331903204494345e-5,UP in responders,cg00721086,TSS1500,Island,0.02419187184852416,0.8099747844843661,HYPERmethylated in responders,non-canonical / not the textbook direction
female,Etanercept,CHRNA7,ENSG00000175344,1.9413974890137071,7.331903204494345e-5,UP in responders,cg12793879,TSS200,Island,-0.033976533390589675,0.8200463948739393,HYPOmethylated in responders,concordant (promoter hypomethylation -> higher expression)
female,Etanercept,CHRNA7,ENSG00000175344,1.9413974890137071,7.331903204494345e-5,UP in responders,cg04785227,TSS1500,N_Shore,-0.03376233548701842,0.8254347486958223,HYPOmethylated in responders,concordant (promoter hypomethylation -> higher expression)
female,Etanercept,CHRNA7,ENSG00000175344,1.9413974890137071,7.331903204494345e-5,UP in responders,cg03222361,Body,OpenSea,-0.029002666967342754,0.8482891335426895,HYPOmethylated in responders,non-canonical / not the textbook direction
female,Etanercept,LRIT3,ENSG00000183423,2.264398478904942,2.0240979801739475e-4,UP in responders,cg09428681,3'UTR,OpenSea,0.23188729723444995,0.011552662054413666,HYPERmethylated in responders,non-canonical / not the textbook direction
female,Etanercept,LRIT3,ENSG00000183423,2.264398478904942,2.0240979801739475e-4,UP in responders,cg16016288,TSS1500,OpenSea,0.2539711406817023,0.015579188124901125,HYPERmethylated in responders,non-canonical / not the textbook direction
female,Etanercept,LRIT3,ENSG00000183423,2.264398478904942,2.0240979801739475e-4,UP in responders,cg08061367,Body,OpenSea,0.27592469934534547,0.027222026578880728,HYPERmethylated in responders,concordant (gene-body hypermethylation -> higher expression)
female,Etanercept,LRIT3,ENSG00000183423,2.264398478904942,2.0240979801739475e-4,UP in responders,cg13576948,Body,OpenSea,0.28974382931422527,0.03960213295836664,HYPERmethylated in responders,concordant (gene-body hypermethylation -> higher expression)
female,Etanercept,LRIT3,ENSG00000183423,2.264398478904942,2.0240979801739475e-4,UP in responders,cg05080015,TSS1500,OpenSea,0.16132195526789106,0.08232671128528103,HYPERmethylated in responders,non-canonical / not the textbook direction
female,Etanercept,LRIT3,ENSG00000183423,2.264398478904942,2.0240979801739475e-4,UP in responders,cg27252583,TSS1500,OpenSea,0.15461631831322725,0.11344279584267365,HYPERmethylated in responders,non-canonical / not the textbook direction
female,Etanercept,LRIT3,ENSG00000183423,2.264398478904942,2.0240979801739475e-4,UP in responders,cg06760315,TSS1500,OpenSea,0.18238636889828697,0.11940620086449798,HYPERmethylated in responders,non-canonical / not the textbook direction
female,Etanercept,LRIT3,ENSG00000183423,2.264398478904942,2.0240979801739475e-4,UP in responders,cg01326085,TSS200,OpenSea,0.21957458577113462,0.1330154363420007,HYPERmethylated in responders,non-canonical / not the textbook direction
female,Etanercept,LRIT3,ENSG00000183423,2.264398478904942,2.0240979801739475e-4,UP in responders,cg14819399,TSS1500,OpenSea,0.11998882540231746,0.1374379205256174,HYPERmethylated in responders,non-canonical / not the textbook direction
female,Etanercept,LRIT3,ENSG00000183423,2.264398478904942,2.0240979801739475e-4,UP in responders,cg08309692,Body,OpenSea,0.1463861735962004,0.1526470834386479,HYPERmethylated in responders,concordant (gene-body hypermethylation -> higher expression)
female,Etanercept,LRIT3,ENSG00000183423,2.264398478904942,2.0240979801739475e-4,UP in responders,cg18484654,Body,OpenSea,0.1572265548266463,0.17103528705693213,HYPERmethylated in responders,concordant (gene-body hypermethylation -> higher expression)
female,Etanercept,LRIT3,ENSG00000183423,2.264398478904942,2.0240979801739475e-4,UP in responders,cg17469779,TSS200,OpenSea,0.1678041749681739,0.1765916270662825,HYPERmethylated in responders,non-canonical / not the textbook direction
female,Etanercept,LRIT3,ENSG00000183423,2.264398478904942,2.0240979801739475e-4,UP in responders,cg12862901,TSS1500,OpenSea,0.0638363483399908,0.5578983743793584,HYPERmethylated in responders,non-canonical / not the textbook direction
female,Etanercept,LRIT3,ENSG00000183423,2.264398478904942,2.0240979801739475e-4,UP in responders,cg23196557,Body,OpenSea,0.06013424036669497,0.6535768678247871,HYPERmethylated in responders,concordant (gene-body hypermethylation -> higher expression)
female,Etanercept,LRIT3,ENSG00000183423,2.264398478904942,2.0240979801739475e-4,UP in responders,cg22257487,5'UTR,OpenSea,0.027140448754637093,0.767898404973878,HYPERmethylated in responders,non-canonical / not the textbook direction
female,Etanercept,LRIT3,ENSG00000183423,2.264398478904942,2.0240979801739475e-4,UP in responders,cg22257487,1stExon,OpenSea,0.027140448754637093,0.767898404973878,HYPERmethylated in responders,non-canonical / not the textbook direction
female,Etanercept,LRIT3,ENSG00000183423,2.264398478904942,2.0240979801739475e-4,UP in responders,cg22606559,1stExon,OpenSea,-0.022395326147519025,0.801355077395833,HYPOmethylated in responders,concordant (promoter hypomethylation -> higher expression)
female,Etanercept,LRIT3,ENSG00000183423,2.264398478904942,2.0240979801739475e-4,UP in responders,cg00718382,Body,OpenSea,0.012923370574664606,0.899837142071332,HYPERmethylated in responders,concordant (gene-body hypermethylation -> higher expression)
female,Etanercept,COMTD1,ENSG00000165644,-0.7296827359026888,2.0774507946384966e-4,DOWN in responders,cg16004814,TSS1500,S_Shore,0.5774085117819338,0.001133834727727622,HYPERmethylated in responders,concordant (promoter hypermethylation -> lower expression)
female,Etanercept,COMTD1,ENSG00000165644,-0.7296827359026888,2.0774507946384966e-4,DOWN in responders,cg04944931,TSS1500,S_Shore,0.8362457192788543,0.007879378554799315,HYPERmethylated in responders,concordant (promoter hypermethylation -> lower expression)
female,Etanercept,COMTD1,ENSG00000165644,-0.7296827359026888,2.0774507946384966e-4,DOWN in responders,cg06113708,TSS1500,S_Shore,0.8583394038983994,0.011959558117255359,HYPERmethylated in responders,concordant (promoter hypermethylation -> lower expression)
female,Etanercept,COMTD1,ENSG00000165644,-0.7296827359026888,2.0774507946384966e-4,DOWN in responders,cg02271943,TSS1500,S_Shore,0.7235614856226045,0.01658978737986887,HYPERmethylated in responders,concordant (promoter hypermethylation -> lower expression)
female,Etanercept,COMTD1,ENSG00000165644,-0.7296827359026888,2.0774507946384966e-4,DOWN in responders,cg26103201,Body,Island,-0.296260958637929,0.034509974649128014,HYPOmethylated in responders,concordant (gene-body hypomethylation -> lower expression)
female,Etanercept,COMTD1,ENSG00000165644,-0.7296827359026888,2.0774507946384966e-4,DOWN in responders,cg00478333,TSS200,Island,0.21880990078774637,0.03760854874407142,HYPERmethylated in responders,concordant (promoter hypermethylation -> lower expression)
female,Etanercept,COMTD1,ENSG00000165644,-0.7296827359026888,2.0774507946384966e-4,DOWN in responders,cg26305606,TSS1500,S_Shore,0.14668819053951543,0.09675766912391656,HYPERmethylated in responders,concordant (promoter hypermethylation -> lower expression)
female,Etanercept,COMTD1,ENSG00000165644,-0.7296827359026888,2.0774507946384966e-4,DOWN in responders,cg26483332,3'UTR,N_Shore,0.19397543600449743,0.12437845568100689,HYPERmethylated in responders,non-canonical / not the textbook direction
female,Etanercept,COMTD1,ENSG00000165644,-0.7296827359026888,2.0774507946384966e-4,DOWN in responders,cg14498492,Body,Island,0.16097024160049175,0.13873058431842072,HYPERmethylated in responders,non-canonical / not the textbook direction
female,Etanercept,COMTD1,ENSG00000165644,-0.7296827359026888,2.0774507946384966e-4,DOWN in responders,cg23068548,TSS200,Island,0.15198849110641924,0.14471830803463775,HYPERmethylated in responders,concordant (promoter hypermethylation -> lower expression)
female,Etanercept,COMTD1,ENSG00000165644,-0.7296827359026888,2.0774507946384966e-4,DOWN in responders,cg08815670,TSS200,Island,-0.3730963780318184,0.1658048667620391,HYPOmethylated in responders,non-canonical / not the textbook direction
female,Etanercept,COMTD1,ENSG00000165644,-0.7296827359026888,2.0774507946384966e-4,DOWN in responders,cg17226566,Body,Island,-0.15324956131368797,0.22289327381594634,HYPOmethylated in responders,concordant (gene-body hypomethylation -> lower expression)
female,Etanercept,COMTD1,ENSG00000165644,-0.7296827359026888,2.0774507946384966e-4,DOWN in responders,cg15336438,Body,Island,0.11958325584279453,0.26918517126057884,HYPERmethylated in responders,non-canonical / not the textbook direction
female,Etanercept,COMTD1,ENSG00000165644,-0.7296827359026888,2.0774507946384966e-4,DOWN in responders,cg02749825,1stExon,Island,0.10307599635251184,0.3772708790194178,HYPERmethylated in responders,concordant (promoter hypermethylation -> lower expression)
female,Etanercept,COMTD1,ENSG00000165644,-0.7296827359026888,2.0774507946384966e-4,DOWN in responders,cg02749825,5'UTR,Island,0.10307599635251184,0.3772708790194178,HYPERmethylated in responders,concordant (promoter hypermethylation -> lower expression)
female,Etanercept,COMTD1,ENSG00000165644,-0.7296827359026888,2.0774507946384966e-4,DOWN in responders,cg14493508,Body,Island,0.05523006389680913,0.6183530936534851,HYPERmethylated in responders,non-canonical / not the textbook direction
female,Etanercept,COMTD1,ENSG00000165644,-0.7296827359026888,2.0774507946384966e-4,DOWN in responders,cg03704503,Body,Island,0.009195725089448058,0.9231028466954908,HYPERmethylated in responders,non-canonical / not the textbook direction
female,Etanercept,COMTD1,ENSG00000165644,-0.7296827359026888,2.0774507946384966e-4,DOWN in responders,cg18620298,TSS200,Island,-0.007052030267130174,0.9614111321569832,HYPOmethylated in responders,non-canonical / not the textbook direction
female,Etanercept,INTU,ENSG00000164066,1.9071144996108738,8.581266865245205e-4,UP in responders,cg03905962,Body,OpenSea,0.37459321709002646,0.004225703276988661,HYPERmethylated in responders,concordant (gene-body hypermethylation -> higher expression)
female,Etanercept,INTU,ENSG00000164066,1.9071144996108738,8.581266865245205e-4,UP in responders,cg27431234,5'UTR,OpenSea,0.48244767003891703,0.007602899138076171,HYPERmethylated in responders,non-canonical / not the textbook direction
female,Etanercept,INTU,ENSG00000164066,1.9071144996108738,8.581266865245205e-4,UP in responders,cg27431234,1stExon,OpenSea,0.48244767003891703,0.007602899138076171,HYPERmethylated in responders,non-canonical / not the textbook direction
female,Etanercept,INTU,ENSG00000164066,1.9071144996108738,8.581266865245205e-4,UP in responders,cg01107157,Body,OpenSea,0.20852919079665352,0.03957561331269155,HYPERmethylated in responders,concordant (gene-body hypermethylation -> higher expression)
female,Etanercept,INTU,ENSG00000164066,1.9071144996108738,8.581266865245205e-4,UP in responders,cg22664861,TSS1500,OpenSea,0.24804980846385408,0.041011561860144624,HYPERmethylated in responders,non-canonical / not the textbook direction
female,Etanercept,INTU,ENSG00000164066,1.9071144996108738,8.581266865245205e-4,UP in responders,cg05376648,3'UTR,OpenSea,0.18844644677611952,0.07819724781309985,HYPERmethylated in responders,non-canonical / not the textbook direction
female,Etanercept,INTU,ENSG00000164066,1.9071144996108738,8.581266865245205e-4,UP in responders,cg07752095,Body,OpenSea,0.2011549478723565,0.08302502633955876,HYPERmethylated in responders,concordant (gene-body hypermethylation -> higher expression)
female,Etanercept,INTU,ENSG00000164066,1.9071144996108738,8.581266865245205e-4,UP in responders,cg11125787,TSS200,OpenSea,0.1638693960875567,0.18104984143379213,HYPERmethylated in responders,non-canonical / not the textbook direction
female,Etanercept,INTU,ENSG00000164066,1.9071144996108738,8.581266865245205e-4,UP in responders,cg27577379,TSS1500,OpenSea,-0.20917284762610364,0.2215885997129098,HYPOmethylated in responders,concordant (promoter hypomethylation -> higher expression)
female,Etanercept,INTU,ENSG00000164066,1.9071144996108738,8.581266865245205e-4,UP in responders,cg01237202,Body,OpenSea,0.12154648924801678,0.2469972767073498,HYPERmethylated in responders,concordant (gene-body hypermethylation -> higher expression)
female,Etanercept,INTU,ENSG00000164066,1.9071144996108738,8.581266865245205e-4,UP in responders,cg03521360,Body,OpenSea,0.1554353161227382,0.2558101492537129,HYPERmethylated in responders,concordant (gene-body hypermethylation -> higher expression)
female,Etanercept,INTU,ENSG00000164066,1.9071144996108738,8.581266865245205e-4,UP in responders,cg21951594,5'UTR,OpenSea,0.15700681599226488,0.26568719430592785,HYPERmethylated in responders,non-canonical / not the textbook direction
female,Etanercept,INTU,ENSG00000164066,1.9071144996108738,8.581266865245205e-4,UP in responders,cg21951594,1stExon,OpenSea,0.15700681599226488,0.26568719430592785,HYPERmethylated in responders,non-canonical / not the textbook direction
female,Etanercept,INTU,ENSG00000164066,1.9071144996108738,8.581266865245205e-4,UP in responders,cg08719267,Body,OpenSea,0.2115904041966353,0.2823932683392307,HYPERmethylated in responders,concordant (gene-body hypermethylation -> higher expression)
female,Etanercept,INTU,ENSG00000164066,1.9071144996108738,8.581266865245205e-4,UP in responders,cg10868394,Body,OpenSea,0.1362502955888047,0.3110542675978592,HYPERmethylated in responders,concordant (gene-body hypermethylation -> higher expression)
female,Etanercept,INTU,ENSG00000164066,1.9071144996108738,8.581266865245205e-4,UP in responders,cg09293415,Body,OpenSea,0.11457222518413637,0.3152357105477911,HYPERmethylated in responders,concordant (gene-body hypermethylation -> higher expression)
female,Etanercept,INTU,ENSG00000164066,1.9071144996108738,8.581266865245205e-4,UP in responders,cg11779273,TSS200,OpenSea,0.1804130475728506,0.4787628334093199,HYPERmethylated in responders,non-canonical / not the textbook direction
female,Etanercept,INTU,ENSG00000164066,1.9071144996108738,8.581266865245205e-4,UP in responders,cg17557679,Body,OpenSea,-0.0748341339319059,0.502850351302768,HYPOmethylated in responders,non-canonical / not the textbook direction
female,Etanercept,INTU,ENSG00000164066,1.9071144996108738,8.581266865245205e-4,UP in responders,cg24003635,TSS1500,OpenSea,0.09644165829589718,0.5551447254633315,HYPERmethylated in responders,non-canonical / not the textbook direction
female,Etanercept,INTU,ENSG00000164066,1.9071144996108738,8.581266865245205e-4,UP in responders,cg25442239,TSS1500,OpenSea,0.09408770573285964,0.6253184969988932,HYPERmethylated in responders,non-canonical / not the textbook direction
female,Etanercept,INTU,ENSG00000164066,1.9071144996108738,8.581266865245205e-4,UP in responders,cg15437651,TSS200,OpenSea,-0.05077213757641331,0.6856608454847155,HYPOmethylated in responders,concordant (promoter hypomethylation -> higher expression)
female,Etanercept,INTU,ENSG00000164066,1.9071144996108738,8.581266865245205e-4,UP in responders,cg08099574,Body,OpenSea,0.05410870139345142,0.7109231351862333,HYPERmethylated in responders,concordant (gene-body hypermethylation -> higher expression)
female,Etanercept,INTU,ENSG00000164066,1.9071144996108738,8.581266865245205e-4,UP in responders,cg19854376,TSS1500,OpenSea,0.06884562051653903,0.7128152975956512,HYPERmethylated in responders,non-canonical / not the textbook direction
female,Etanercept,INTU,ENSG00000164066,1.9071144996108738,8.581266865245205e-4,UP in responders,cg13084458,TSS1500,OpenSea,-0.059313796685166995,0.746664542979157,HYPOmethylated in responders,concordant (promoter hypomethylation -> higher expression)
female,Etanercept,INTU,ENSG00000164066,1.9071144996108738,8.581266865245205e-4,UP in responders,cg24008263,TSS1500,OpenSea,0.03058698660512357,0.8409752412701659,HYPERmethylated in responders,non-canonical / not the textbook direction
female,Etanercept,INTU,ENSG00000164066,1.9071144996108738,8.581266865245205e-4,UP in responders,cg13283703,Body,OpenSea,0.013037921149476274,0.883876964141479,HYPERmethylated in responders,concordant (gene-body hypermethylation -> higher expression)
female,Etanercept,INTU,ENSG00000164066,1.9071144996108738,8.581266865245205e-4,UP in responders,cg03376712,5'UTR,OpenSea,-0.0018248295087690072,0.988709597735418,HYPOmethylated in responders,concordant (promoter hypomethylation -> higher expression)
female,Etanercept,INTU,ENSG00000164066,1.9071144996108738,8.581266865245205e-4,UP in responders,cg03376712,1stExon,OpenSea,-0.0018248295087690072,0.988709597735418,HYPOmethylated in responders,concordant (promoter hypomethylation -> higher expression)
female,Etanercept,CCR8,ENSG00000179934,-1.1644176469016516,0.0012500484234670298,DOWN in responders,cg23519969,5'UTR,OpenSea,0.3130801248546044,0.007964087194475387,HYPERmethylated in responders,concordant (promoter hypermethylation -> lower expression)
female,Etanercept,CCR8,ENSG00000179934,-1.1644176469016516,0.0012500484234670298,DOWN in responders,cg11492964,5'UTR,OpenSea,0.20032116388996857,0.044998330104297476,HYPERmethylated in responders,concordant (promoter hypermethylation -> lower expression)
female,Etanercept,CCR8,ENSG00000179934,-1.1644176469016516,0.0012500484234670298,DOWN in responders,cg06598794,TSS200,OpenSea,0.20977134336683473,0.09313578062056345,HYPERmethylated in responders,concordant (promoter hypermethylation -> lower expression)
female,Etanercept,CCR8,ENSG00000179934,-1.1644176469016516,0.0012500484234670298,DOWN in responders,cg26647600,TSS1500,OpenSea,0.25792711233327964,0.1167357167157849,HYPERmethylated in responders,concordant (promoter hypermethylation -> lower expression)
female,Etanercept,CCR8,ENSG00000179934,-1.1644176469016516,0.0012500484234670298,DOWN in responders,cg12924224,Body,OpenSea,0.16805448539454587,0.2121343934667102,HYPERmethylated in responders,non-canonical / not the textbook direction
female,Etanercept,CCR8,ENSG00000179934,-1.1644176469016516,0.0012500484234670298,DOWN in responders,cg06494037,5'UTR,OpenSea,0.10777723003860805,0.2763599908223663,HYPERmethylated in responders,concordant (promoter hypermethylation -> lower expression)
female,Etanercept,CCR8,ENSG00000179934,-1.1644176469016516,0.0012500484234670298,DOWN in responders,cg19559989,TSS1500,OpenSea,0.07452898727562512,0.4378654127564343,HYPERmethylated in responders,concordant (promoter hypermethylation -> lower expression)
female,Etanercept,CCR8,ENSG00000179934,-1.1644176469016516,0.0012500484234670298,DOWN in responders,cg27121316,5'UTR,OpenSea,0.011897934336013844,0.9170972757124848,HYPERmethylated in responders,concordant (promoter hypermethylation -> lower expression)
female,Etanercept,RPS2P32,ENSG00000232818,2.019803140177892,0.001401659312117341,UP in responders,cg15839482,Body,Island,-0.06025590329780264,0.2568580037917347,HYPOmethylated in responders,non-canonical / not the textbook direction
female,Etanercept,RPS2P32,ENSG00000232818,2.019803140177892,0.001401659312117341,UP in responders,cg03841655,Body,N_Shore,0.11939259777174036,0.2896010993636944,HYPERmethylated in responders,concordant (gene-body hypermethylation -> higher expression)
female,Etanercept,RPS2P32,ENSG00000232818,2.019803140177892,0.001401659312117341,UP in responders,cg12829142,TSS200,N_Shore,0.13373510991880896,0.30362964504928236,HYPERmethylated in responders,non-canonical / not the textbook direction
female,Etanercept,RPS2P32,ENSG00000232818,2.019803140177892,0.001401659312117341,UP in responders,cg26074723,Body,Island,0.0734801721042937,0.3562542163565553,HYPERmethylated in responders,concordant (gene-body hypermethylation -> higher expression)
female,Etanercept,RPS2P32,ENSG00000232818,2.019803140177892,0.001401659312117341,UP in responders,cg16204552,Body,S_Shore,0.07358572757136216,0.5316028898079314,HYPERmethylated in responders,concordant (gene-body hypermethylation -> higher expression)
female,Etanercept,RPS2P32,ENSG00000232818,2.019803140177892,0.001401659312117341,UP in responders,cg09424415,Body,N_Shore,0.03139392489327235,0.7026189163169071,HYPERmethylated in responders,concordant (gene-body hypermethylation -> higher expression)
female,Etanercept,RPS2P32,ENSG00000232818,2.019803140177892,0.001401659312117341,UP in responders,cg05487769,Body,Island,-0.01217452261052577,0.8601716649432009,HYPOmethylated in responders,non-canonical / not the textbook direction
female,Etanercept,RPS2P32,ENSG00000232818,2.019803140177892,0.001401659312117341,UP in responders,cg05764531,TSS1500,N_Shore,-8.581196413337183e-4,0.9931960717381372,HYPOmethylated in responders,concordant (promoter hypomethylation -> higher expression)
female,Etanercept,PIANP,ENSG00000139200,-1.936560224785281,0.0014492670148870302,DOWN in responders,cg03052567,TSS1500,S_Shore,0.3195221845702386,0.019964724888275758,HYPERmethylated in responders,concordant (promoter hypermethylation -> lower expression)
female,Etanercept,PIANP,ENSG00000139200,-1.936560224785281,0.0014492670148870302,DOWN in responders,cg18285692,5'UTR,Island,-0.2748331722380379,0.04772931452544208,HYPOmethylated in responders,non-canonical / not the textbook direction
female,Etanercept,PIANP,ENSG00000139200,-1.936560224785281,0.0014492670148870302,DOWN in responders,cg18285692,TSS200,Island,-0.2748331722380379,0.04772931452544208,HYPOmethylated in responders,non-canonical / not the textbook direction
female,Etanercept,PIANP,ENSG00000139200,-1.936560224785281,0.0014492670148870302,DOWN in responders,cg20594768,TSS1500,S_Shore,0.223271264311176,0.059061474251934566,HYPERmethylated in responders,concordant (promoter hypermethylation -> lower expression)
female,Etanercept,PIANP,ENSG00000139200,-1.936560224785281,0.0014492670148870302,DOWN in responders,cg17100154,5'UTR,N_Shore,0.22749611453106464,0.10322184551255435,HYPERmethylated in responders,concordant (promoter hypermethylation -> lower expression)
female,Etanercept,PIANP,ENSG00000139200,-1.936560224785281,0.0014492670148870302,DOWN in responders,cg24156659,5'UTR,Island,-0.22942678745445785,0.217794752360791,HYPOmethylated in responders,non-canonical / not the textbook direction
female,Etanercept,PIANP,ENSG00000139200,-1.936560224785281,0.0014492670148870302,DOWN in responders,cg24156659,TSS200,Island,-0.22942678745445785,0.217794752360791,HYPOmethylated in responders,non-canonical / not the textbook direction
female,Etanercept,PIANP,ENSG00000139200,-1.936560224785281,0.0014492670148870302,DOWN in responders,cg21044607,5'UTR,Island,-0.09638185459391216,0.3967751646053763,HYPOmethylated in responders,non-canonical / not the textbook direction
female,Etanercept,PIANP,ENSG00000139200,-1.936560224785281,0.0014492670148870302,DOWN in responders,cg21044607,TSS200,Island,-0.09638185459391216,0.3967751646053763,HYPOmethylated in responders,non-canonical / not the textbook direction
female,Etanercept,PIANP,ENSG00000139200,-1.936560224785281,0.0014492670148870302,DOWN in responders,cg12502617,5'UTR,Island,-0.0740083231496895,0.4704643314390574,HYPOmethylated in responders,non-canonical / not the textbook direction
female,Etanercept,PIANP,ENSG00000139200,-1.936560224785281,0.0014492670148870302,DOWN in responders,cg12502617,TSS200,Island,-0.0740083231496895,0.4704643314390574,HYPOmethylated in responders,non-canonical / not the textbook direction
female,Etanercept,PIANP,ENSG00000139200,-1.936560224785281,0.0014492670148870302,DOWN in responders,cg00116882,TSS1500,S_Shore,-0.026423933423206238,0.8137191619301782,HYPOmethylated in responders,non-canonical / not the textbook direction
female,Etanercept,PIANP,ENSG00000139200,-1.936560224785281,0.0014492670148870302,DOWN in responders,cg00116882,TSS200,S_Shore,-0.026423933423206238,0.8137191619301782,HYPOmethylated in responders,non-canonical / not the textbook direction
female,Etanercept,PIANP,ENSG00000139200,-1.936560224785281,0.0014492670148870302,DOWN in responders,cg06439425,TSS1500,S_Shore,0.04227774311336724,0.822679160956435,HYPERmethylated in responders,concordant (promoter hypermethylation -> lower expression)
female,Etanercept,PIANP,ENSG00000139200,-1.936560224785281,0.0014492670148870302,DOWN in responders,cg06439425,TSS200,S_Shore,0.04227774311336724,0.822679160956435,HYPERmethylated in responders,concordant (promoter hypermethylation -> lower expression)
female,Etanercept,SNORD9,ENSG00000199436,1.7763236048805877,0.0032879243420960887,UP in responders,cg13176990,TSS1500,OpenSea,0.21914586160174737,0.018411718984283877,HYPERmethylated in responders,non-canonical / not the textbook direction
female,Etanercept,SNORD9,ENSG00000199436,1.7763236048805877,0.0032879243420960887,UP in responders,cg17907583,TSS1500,OpenSea,0.20290241017062605,0.0287804844277854,HYPERmethylated in responders,non-canonical / not the textbook direction
female,Etanercept,SNORD9,ENSG00000199436,1.7763236048805877,0.0032879243420960887,UP in responders,cg20593274,TSS1500,OpenSea,0.14492882085555597,0.11636221052191834,HYPERmethylated in responders,non-canonical / not the textbook direction
female,Etanercept,SNORD9,ENSG00000199436,1.7763236048805877,0.0032879243420960887,UP in responders,cg00842161,Body,OpenSea,0.1112522985974237,0.2269744295989557,HYPERmethylated in responders,concordant (gene-body hypermethylation -> higher expression)
female,Etanercept,MTBP,ENSG00000172167,-0.8027678925481491,0.00364102265950142,DOWN in responders,cg00675313,Body,S_Shore,0.3593575401139559,0.03611477069101794,HYPERmethylated in responders,non-canonical / not the textbook direction
female,Etanercept,MTBP,ENSG00000172167,-0.8027678925481491,0.00364102265950142,DOWN in responders,cg17971798,TSS1500,N_Shore,0.2516821771744186,0.05817937197396421,HYPERmethylated in responders,concordant (promoter hypermethylation -> lower expression)
female,Etanercept,MTBP,ENSG00000172167,-0.8027678925481491,0.00364102265950142,DOWN in responders,cg07352234,TSS200,Island,-0.6084022794673957,0.09955913082689932,HYPOmethylated in responders,non-canonical / not the textbook direction
female,Etanercept,MTBP,ENSG00000172167,-0.8027678925481491,0.00364102265950142,DOWN in responders,cg22790836,TSS200,Island,0.21125108322322703,0.11454633138861262,HYPERmethylated in responders,concordant (promoter hypermethylation -> lower expression)
female,Etanercept,MTBP,ENSG00000172167,-0.8027678925481491,0.00364102265950142,DOWN in responders,cg03521600,TSS200,Island,0.18089442742750772,0.1787466244308346,HYPERmethylated in responders,concordant (promoter hypermethylation -> lower expression)
female,Etanercept,MTBP,ENSG00000172167,-0.8027678925481491,0.00364102265950142,DOWN in responders,cg03499095,Body,OpenSea,0.18801749190278436,0.22663929655479442,HYPERmethylated in responders,non-canonical / not the textbook direction
female,Etanercept,MTBP,ENSG00000172167,-0.8027678925481491,0.00364102265950142,DOWN in responders,cg26205175,1stExon,S_Shore,-0.18560948172458386,0.3591376759260384,HYPOmethylated in responders,non-canonical / not the textbook direction
female,Etanercept,MTBP,ENSG00000172167,-0.8027678925481491,0.00364102265950142,DOWN in responders,cg08395460,Body,OpenSea,0.10066769269614965,0.40781062295656645,HYPERmethylated in responders,non-canonical / not the textbook direction
female,Etanercept,MTBP,ENSG00000172167,-0.8027678925481491,0.00364102265950142,DOWN in responders,cg02510299,TSS200,Island,-0.0929398812700447,0.4857032421513584,HYPOmethylated in responders,non-canonical / not the textbook direction
female,Etanercept,MTBP,ENSG00000172167,-0.8027678925481491,0.00364102265950142,DOWN in responders,cg23380947,Body,OpenSea,0.0678450837513729,0.5030009951060435,HYPERmethylated in responders,non-canonical / not the textbook direction
female,Etanercept,MTBP,ENSG00000172167,-0.8027678925481491,0.00364102265950142,DOWN in responders,cg12994248,Body,S_Shore,0.08948907636918159,0.5512440757914493,HYPERmethylated in responders,non-canonical / not the textbook direction
female,Etanercept,MTBP,ENSG00000172167,-0.8027678925481491,0.00364102265950142,DOWN in responders,cg14863489,TSS1500,N_Shore,0.05751059780584922,0.6568321788410763,HYPERmethylated in responders,concordant (promoter hypermethylation -> lower expression)
female,Etanercept,MTBP,ENSG00000172167,-0.8027678925481491,0.00364102265950142,DOWN in responders,cg08714886,TSS200,Island,-0.08296532969437555,0.7117289891659586,HYPOmethylated in responders,non-canonical / not the textbook direction
female,Etanercept,MTBP,ENSG00000172167,-0.8027678925481491,0.00364102265950142,DOWN in responders,cg20695230,TSS200,Island,0.04125394710262532,0.7608855136508645,HYPERmethylated in responders,concordant (promoter hypermethylation -> lower expression)
female,Etanercept,MTBP,ENSG00000172167,-0.8027678925481491,0.00364102265950142,DOWN in responders,cg09948425,Body,S_Shore,0.07277602106092892,0.8518363866095486,HYPERmethylated in responders,non-canonical / not the textbook direction
female,Etanercept,MTBP,ENSG00000172167,-0.8027678925481491,0.00364102265950142,DOWN in responders,cg14806103,TSS1500,N_Shore,0.020494700932699162,0.8770064455020594,HYPERmethylated in responders,concordant (promoter hypermethylation -> lower expression)
female,Etanercept,MTBP,ENSG00000172167,-0.8027678925481491,0.00364102265950142,DOWN in responders,cg02335971,TSS1500,Island,-0.004401376214100167,0.973629235152599,HYPOmethylated in responders,non-canonical / not the textbook direction
female,Etanercept,MTBP,ENSG00000172167,-0.8027678925481491,0.00364102265950142,DOWN in responders,cg21051423,Body,S_Shore,8.241825681403768e-4,0.9952019698949877,HYPERmethylated in responders,non-canonical / not the textbook direction
female,Etanercept,FANCC,ENSG00000158169,-0.45007204596332095,0.008525917323341407,DOWN in responders,cg00781817,Body,OpenSea,0.27654257280596495,0.0012813847271038303,HYPERmethylated in responders,non-canonical / not the textbook direction
female,Etanercept,FANCC,ENSG00000158169,-0.45007204596332095,0.008525917323341407,DOWN in responders,cg06202984,1stExon,Island,0.30322017857499106,0.0014859648795981844,HYPERmethylated in responders,concordant (promoter hypermethylation -> lower expression)
female,Etanercept,FANCC,ENSG00000158169,-0.45007204596332095,0.008525917323341407,DOWN in responders,cg06202984,5'UTR,Island,0.30322017857499106,0.0014859648795981844,HYPERmethylated in responders,concordant (promoter hypermethylation -> lower expression)
female,Etanercept,FANCC,ENSG00000158169,-0.45007204596332095,0.008525917323341407,DOWN in responders,cg03635682,Body,OpenSea,0.32990021814962744,0.0018857247143591795,HYPERmethylated in responders,non-canonical / not the textbook direction
female,Etanercept,FANCC,ENSG00000158169,-0.45007204596332095,0.008525917323341407,DOWN in responders,cg05477617,3'UTR,OpenSea,0.2579271655835436,0.0029605427431858276,HYPERmethylated in responders,non-canonical / not the textbook direction
female,Etanercept,FANCC,ENSG00000158169,-0.45007204596332095,0.008525917323341407,DOWN in responders,cg02226959,Body,OpenSea,0.31683373171147394,0.003360166920231346,HYPERmethylated in responders,non-canonical / not the textbook direction
female,Etanercept,FANCC,ENSG00000158169,-0.45007204596332095,0.008525917323341407,DOWN in responders,cg06653878,TSS1500,S_Shore,0.2630089444309426,0.004394228082407157,HYPERmethylated in responders,concordant (promoter hypermethylation -> lower expression)
female,Etanercept,FANCC,ENSG00000158169,-0.45007204596332095,0.008525917323341407,DOWN in responders,cg19456628,Body,OpenSea,0.25427008370604115,0.005542112170235527,HYPERmethylated in responders,non-canonical / not the textbook direction
female,Etanercept,FANCC,ENSG00000158169,-0.45007204596332095,0.008525917323341407,DOWN in responders,cg12698381,Body,OpenSea,0.2658677969016825,0.006685289843969229,HYPERmethylated in responders,non-canonical / not the textbook direction
female,Etanercept,FANCC,ENSG00000158169,-0.45007204596332095,0.008525917323341407,DOWN in responders,cg18849593,Body,OpenSea,0.3026504658658856,0.007722974944292185,HYPERmethylated in responders,non-canonical / not the textbook direction
female,Etanercept,FANCC,ENSG00000158169,-0.45007204596332095,0.008525917323341407,DOWN in responders,cg12252256,5'UTR,S_Shore,0.25316859368583444,0.015080368412488145,HYPERmethylated in responders,concordant (promoter hypermethylation -> lower expression)
female,Etanercept,FANCC,ENSG00000158169,-0.45007204596332095,0.008525917323341407,DOWN in responders,ch.9.1395144F,Body,OpenSea,0.37180306001394337,0.019455846273430586,HYPERmethylated in responders,non-canonical / not the textbook direction
female,Etanercept,FANCC,ENSG00000158169,-0.45007204596332095,0.008525917323341407,DOWN in responders,cg08930752,Body,OpenSea,0.36519331168872776,0.020887495578698814,HYPERmethylated in responders,non-canonical / not the textbook direction
female,Etanercept,FANCC,ENSG00000158169,-0.45007204596332095,0.008525917323341407,DOWN in responders,cg07416865,Body,OpenSea,0.16094860284528117,0.025474423298119577,HYPERmethylated in responders,non-canonical / not the textbook direction
female,Etanercept,FANCC,ENSG00000158169,-0.45007204596332095,0.008525917323341407,DOWN in responders,cg21122925,Body,OpenSea,0.24097354665545656,0.02643694688374824,HYPERmethylated in responders,non-canonical / not the textbook direction
female,Etanercept,FANCC,ENSG00000158169,-0.45007204596332095,0.008525917323341407,DOWN in responders,cg05040464,Body,OpenSea,0.2038449497162113,0.0273729852681489,HYPERmethylated in responders,non-canonical / not the textbook direction
female,Etanercept,FANCC,ENSG00000158169,-0.45007204596332095,0.008525917323341407,DOWN in responders,cg01070468,5'UTR,OpenSea,0.2511935237177058,0.02811527071638977,HYPERmethylated in responders,concordant (promoter hypermethylation -> lower expression)
female,Etanercept,FANCC,ENSG00000158169,-0.45007204596332095,0.008525917323341407,DOWN in responders,cg13633659,5'UTR,OpenSea,0.20579177417040576,0.02989455718594215,HYPERmethylated in responders,concordant (promoter hypermethylation -> lower expression)
female,Etanercept,FANCC,ENSG00000158169,-0.45007204596332095,0.008525917323341407,DOWN in responders,cg02904598,Body,OpenSea,0.2598540947583262,0.030378134288480498,HYPERmethylated in responders,non-canonical / not the textbook direction
female,Etanercept,FANCC,ENSG00000158169,-0.45007204596332095,0.008525917323341407,DOWN in responders,cg20226638,5'UTR,N_Shore,0.22582304150905108,0.030800771319889446,HYPERmethylated in responders,concordant (promoter hypermethylation -> lower expression)
female,Etanercept,FANCC,ENSG00000158169,-0.45007204596332095,0.008525917323341407,DOWN in responders,cg18450658,5'UTR,OpenSea,0.1982136300607009,0.030882702533398403,HYPERmethylated in responders,concordant (promoter hypermethylation -> lower expression)
female,Etanercept,FANCC,ENSG00000158169,-0.45007204596332095,0.008525917323341407,DOWN in responders,cg01889095,5'UTR,N_Shore,0.1882868587310151,0.033520834548912755,HYPERmethylated in responders,concordant (promoter hypermethylation -> lower expression)
female,Etanercept,FANCC,ENSG00000158169,-0.45007204596332095,0.008525917323341407,DOWN in responders,cg14088532,Body,OpenSea,0.2899825145374177,0.03384937393399837,HYPERmethylated in responders,non-canonical / not the textbook direction
female,Etanercept,FANCC,ENSG00000158169,-0.45007204596332095,0.008525917323341407,DOWN in responders,cg23862308,Body,OpenSea,0.24234593713375213,0.041383720613522496,HYPERmethylated in responders,non-canonical / not the textbook direction
female,Etanercept,FANCC,ENSG00000158169,-0.45007204596332095,0.008525917323341407,DOWN in responders,cg21240847,Body,OpenSea,0.156244286725469,0.04912142130623564,HYPERmethylated in responders,non-canonical / not the textbook direction
female,Etanercept,FANCC,ENSG00000158169,-0.45007204596332095,0.008525917323341407,DOWN in responders,cg04060013,Body,OpenSea,0.1697588246172171,0.05870207742738429,HYPERmethylated in responders,non-canonical / not the textbook direction
female,Etanercept,FANCC,ENSG00000158169,-0.45007204596332095,0.008525917323341407,DOWN in responders,cg01451758,Body,OpenSea,0.18869343731126598,0.05914461373434788,HYPERmethylated in responders,non-canonical / not the textbook direction
female,Etanercept,FANCC,ENSG00000158169,-0.45007204596332095,0.008525917323341407,DOWN in responders,cg13791971,Body,OpenSea,0.1947962912675221,0.06901910578246477,HYPERmethylated in responders,non-canonical / not the textbook direction
female,Etanercept,FANCC,ENSG00000158169,-0.45007204596332095,0.008525917323341407,DOWN in responders,cg07229600,Body,OpenSea,0.19864353340363097,0.06924608465797513,HYPERmethylated in responders,non-canonical / not the textbook direction
female,Etanercept,FANCC,ENSG00000158169,-0.45007204596332095,0.008525917323341407,DOWN in responders,cg23992284,Body,OpenSea,0.16705942179270702,0.07025271675746844,HYPERmethylated in responders,non-canonical / not the textbook direction
female,Etanercept,FANCC,ENSG00000158169,-0.45007204596332095,0.008525917323341407,DOWN in responders,cg08757423,Body,OpenSea,0.3144701355489298,0.0814128471031971,HYPERmethylated in responders,non-canonical / not the textbook direction
female,Etanercept,FANCC,ENSG00000158169,-0.45007204596332095,0.008525917323341407,DOWN in responders,cg20496045,Body,OpenSea,0.14841632789003611,0.09229033422610629,HYPERmethylated in responders,non-canonical / not the textbook direction
female,Etanercept,FANCC,ENSG00000158169,-0.45007204596332095,0.008525917323341407,DOWN in responders,cg02466749,5'UTR,Island,0.15902751000928428,0.1020401460746383,HYPERmethylated in responders,concordant (promoter hypermethylation -> lower expression)
female,Etanercept,FANCC,ENSG00000158169,-0.45007204596332095,0.008525917323341407,DOWN in responders,cg14565164,5'UTR,S_Shelf,0.15413118006227108,0.1043494630080941,HYPERmethylated in responders,concordant (promoter hypermethylation -> lower expression)
female,Etanercept,FANCC,ENSG00000158169,-0.45007204596332095,0.008525917323341407,DOWN in responders,cg14418944,TSS1500,S_Shore,0.1716292728462489,0.12151124776784787,HYPERmethylated in responders,concordant (promoter hypermethylation -> lower expression)
female,Etanercept,FANCC,ENSG00000158169,-0.45007204596332095,0.008525917323341407,DOWN in responders,cg13197800,Body,OpenSea,0.239691067798038,0.12274702017183269,HYPERmethylated in responders,non-canonical / not the textbook direction
female,Etanercept,FANCC,ENSG00000158169,-0.45007204596332095,0.008525917323341407,DOWN in responders,cg10302297,Body,OpenSea,0.16167309112368008,0.12696078524397758,HYPERmethylated in responders,non-canonical / not the textbook direction
female,Etanercept,FANCC,ENSG00000158169,-0.45007204596332095,0.008525917323341407,DOWN in responders,cg16669388,Body,OpenSea,0.2239270607775797,0.14441648097037385,HYPERmethylated in responders,non-canonical / not the textbook direction
female,Etanercept,FANCC,ENSG00000158169,-0.45007204596332095,0.008525917323341407,DOWN in responders,cg13408597,Body,OpenSea,0.1551050140755213,0.15114756896620213,HYPERmethylated in responders,non-canonical / not the textbook direction
female,Etanercept,FANCC,ENSG00000158169,-0.45007204596332095,0.008525917323341407,DOWN in responders,cg10119458,Body,OpenSea,0.10554968452563344,0.1549297680935111,HYPERmethylated in responders,non-canonical / not the textbook direction
female,Etanercept,FANCC,ENSG00000158169,-0.45007204596332095,0.008525917323341407,DOWN in responders,cg04228065,Body,OpenSea,0.1861816841572135,0.15681635079140258,HYPERmethylated in responders,non-canonical / not the textbook direction
female,Etanercept,FANCC,ENSG00000158169,-0.45007204596332095,0.008525917323341407,DOWN in responders,cg08633088,Body,OpenSea,0.10139304822064589,0.16527366886634576,HYPERmethylated in responders,non-canonical / not the textbook direction
female,Etanercept,FANCC,ENSG00000158169,-0.45007204596332095,0.008525917323341407,DOWN in responders,cg09394661,5'UTR,N_Shelf,0.1803060904005674,0.17364431736338792,HYPERmethylated in responders,concordant (promoter hypermethylation -> lower expression)
female,Etanercept,FANCC,ENSG00000158169,-0.45007204596332095,0.008525917323341407,DOWN in responders,cg27364375,Body,OpenSea,0.11923627879690318,0.18747155453690229,HYPERmethylated in responders,non-canonical / not the textbook direction
female,Etanercept,FANCC,ENSG00000158169,-0.45007204596332095,0.008525917323341407,DOWN in responders,cg03546113,Body,OpenSea,0.17472262323947185,0.20145247961183835,HYPERmethylated in responders,non-canonical / not the textbook direction
female,Etanercept,FANCC,ENSG00000158169,-0.45007204596332095,0.008525917323341407,DOWN in responders,cg20068613,Body,OpenSea,0.13932368711627846,0.20350445230712222,HYPERmethylated in responders,non-canonical / not the textbook direction
female,Etanercept,FANCC,ENSG00000158169,-0.45007204596332095,0.008525917323341407,DOWN in responders,cg06214133,Body,OpenSea,0.11413615899699393,0.20399592151240173,HYPERmethylated in responders,non-canonical / not the textbook direction
female,Etanercept,FANCC,ENSG00000158169,-0.45007204596332095,0.008525917323341407,DOWN in responders,cg04021421,TSS1500,S_Shore,0.12297566981411857,0.20570198357436556,HYPERmethylated in responders,concordant (promoter hypermethylation -> lower expression)
female,Etanercept,FANCC,ENSG00000158169,-0.45007204596332095,0.008525917323341407,DOWN in responders,cg13600149,5'UTR,N_Shore,0.175649367880653,0.2264076490364385,HYPERmethylated in responders,concordant (promoter hypermethylation -> lower expression)
female,Etanercept,FANCC,ENSG00000158169,-0.45007204596332095,0.008525917323341407,DOWN in responders,cg05523925,Body,OpenSea,0.17024458138943363,0.22650315031442397,HYPERmethylated in responders,non-canonical / not the textbook direction
female,Etanercept,FANCC,ENSG00000158169,-0.45007204596332095,0.008525917323341407,DOWN in responders,cg14229655,5'UTR,N_Shelf,0.23922239105204343,0.2570610537435106,HYPERmethylated in responders,concordant (promoter hypermethylation -> lower expression)
female,Etanercept,FANCC,ENSG00000158169,-0.45007204596332095,0.008525917323341407,DOWN in responders,cg03897462,Body,OpenSea,0.09923654738568123,0.2765905953719468,HYPERmethylated in responders,non-canonical / not the textbook direction
female,Etanercept,FANCC,ENSG00000158169,-0.45007204596332095,0.008525917323341407,DOWN in responders,cg26688367,Body,OpenSea,0.15390332402588372,0.30094592699544065,HYPERmethylated in responders,non-canonical / not the textbook direction
female,Etanercept,FANCC,ENSG00000158169,-0.45007204596332095,0.008525917323341407,DOWN in responders,cg12322148,Body,OpenSea,0.09878659226631255,0.3173616658124812,HYPERmethylated in responders,non-canonical / not the textbook direction
female,Etanercept,FANCC,ENSG00000158169,-0.45007204596332095,0.008525917323341407,DOWN in responders,cg03614051,TSS1500,Island,-0.19244523765565064,0.32888592516514503,HYPOmethylated in responders,non-canonical / not the textbook direction
female,Etanercept,FANCC,ENSG00000158169,-0.45007204596332095,0.008525917323341407,DOWN in responders,cg03614051,TSS200,Island,-0.19244523765565064,0.32888592516514503,HYPOmethylated in responders,non-canonical / not the textbook direction
female,Etanercept,FANCC,ENSG00000158169,-0.45007204596332095,0.008525917323341407,DOWN in responders,cg15989983,Body,OpenSea,0.12727715731100706,0.33314943311223044,HYPERmethylated in responders,non-canonical / not the textbook direction
female,Etanercept,FANCC,ENSG00000158169,-0.45007204596332095,0.008525917323341407,DOWN in responders,cg21657010,TSS1500,Island,-0.1532806827622884,0.33329044408160546,HYPOmethylated in responders,non-canonical / not the textbook direction
female,Etanercept,FANCC,ENSG00000158169,-0.45007204596332095,0.008525917323341407,DOWN in responders,cg21657010,TSS200,Island,-0.1532806827622884,0.33329044408160546,HYPOmethylated in responders,non-canonical / not the textbook direction
female,Etanercept,FANCC,ENSG00000158169,-0.45007204596332095,0.008525917323341407,DOWN in responders,cg14330621,TSS1500,S_Shore,-0.08503006365040178,0.3393744732463988,HYPOmethylated in responders,non-canonical / not the textbook direction
female,Etanercept,FANCC,ENSG00000158169,-0.45007204596332095,0.008525917323341407,DOWN in responders,cg12579499,TSS1500,Island,0.24844781406239466,0.3537801480152931,HYPERmethylated in responders,concordant (promoter hypermethylation -> lower expression)
female,Etanercept,FANCC,ENSG00000158169,-0.45007204596332095,0.008525917323341407,DOWN in responders,cg12579499,TSS200,Island,0.24844781406239466,0.3537801480152931,HYPERmethylated in responders,concordant (promoter hypermethylation -> lower expression)
female,Etanercept,FANCC,ENSG00000158169,-0.45007204596332095,0.008525917323341407,DOWN in responders,cg16239041,Body,OpenSea,0.1087568222135913,0.3704806078198756,HYPERmethylated in responders,non-canonical / not the textbook direction
female,Etanercept,FANCC,ENSG00000158169,-0.45007204596332095,0.008525917323341407,DOWN in responders,cg15357165,Body,OpenSea,0.07787455809712973,0.4106078869530436,HYPERmethylated in responders,non-canonical / not the textbook direction
female,Etanercept,FANCC,ENSG00000158169,-0.45007204596332095,0.008525917323341407,DOWN in responders,cg14060898,Body,OpenSea,0.06835820486038988,0.43641686530013424,HYPERmethylated in responders,non-canonical / not the textbook direction
female,Etanercept,FANCC,ENSG00000158169,-0.45007204596332095,0.008525917323341407,DOWN in responders,cg18195172,Body,OpenSea,0.07315225875642163,0.46247836903413664,HYPERmethylated in responders,non-canonical / not the textbook direction
female,Etanercept,FANCC,ENSG00000158169,-0.45007204596332095,0.008525917323341407,DOWN in responders,cg21891967,5'UTR,Island,0.09055237897455137,0.5032426454511469,HYPERmethylated in responders,concordant (promoter hypermethylation -> lower expression)
female,Etanercept,FANCC,ENSG00000158169,-0.45007204596332095,0.008525917323341407,DOWN in responders,cg05092628,5'UTR,OpenSea,0.06931929171440476,0.5085514946409988,HYPERmethylated in responders,concordant (promoter hypermethylation -> lower expression)
female,Etanercept,FANCC,ENSG00000158169,-0.45007204596332095,0.008525917323341407,DOWN in responders,cg10732739,Body,OpenSea,-0.13265896525177004,0.5562622104254118,HYPOmethylated in responders,concordant (gene-body hypomethylation -> lower expression)
female,Etanercept,FANCC,ENSG00000158169,-0.45007204596332095,0.008525917323341407,DOWN in responders,cg22018784,5'UTR,Island,0.047190099163668134,0.5613168950411096,HYPERmethylated in responders,concordant (promoter hypermethylation -> lower expression)
female,Etanercept,FANCC,ENSG00000158169,-0.45007204596332095,0.008525917323341407,DOWN in responders,cg14650464,Body,OpenSea,0.252842307067949,0.5772963666726155,HYPERmethylated in responders,non-canonical / not the textbook direction
female,Etanercept,FANCC,ENSG00000158169,-0.45007204596332095,0.008525917323341407,DOWN in responders,cg00597139,5'UTR,OpenSea,-0.04945075331765666,0.6137644989876939,HYPOmethylated in responders,non-canonical / not the textbook direction
female,Etanercept,FANCC,ENSG00000158169,-0.45007204596332095,0.008525917323341407,DOWN in responders,cg18600074,Body,OpenSea,0.05094734928318016,0.6220523898481338,HYPERmethylated in responders,non-canonical / not the textbook direction
female,Etanercept,FANCC,ENSG00000158169,-0.45007204596332095,0.008525917323341407,DOWN in responders,cg21061821,Body,OpenSea,0.0559235827171498,0.6285880697885915,HYPERmethylated in responders,non-canonical / not the textbook direction
female,Etanercept,FANCC,ENSG00000158169,-0.45007204596332095,0.008525917323341407,DOWN in responders,cg01088571,TSS1500,Island,-0.20615665712591827,0.6674932235562272,HYPOmethylated in responders,non-canonical / not the textbook direction
female,Etanercept,FANCC,ENSG00000158169,-0.45007204596332095,0.008525917323341407,DOWN in responders,cg01088571,TSS200,Island,-0.20615665712591827,0.6674932235562272,HYPOmethylated in responders,non-canonical / not the textbook direction
female,Etanercept,FANCC,ENSG00000158169,-0.45007204596332095,0.008525917323341407,DOWN in responders,cg09857878,Body,OpenSea,-0.038036082230090654,0.6835304607492916,HYPOmethylated in responders,concordant (gene-body hypomethylation -> lower expression)
female,Etanercept,FANCC,ENSG00000158169,-0.45007204596332095,0.008525917323341407,DOWN in responders,cg11775053,Body,OpenSea,0.05182398002422372,0.7291907331593565,HYPERmethylated in responders,non-canonical / not the textbook direction
female,Etanercept,FANCC,ENSG00000158169,-0.45007204596332095,0.008525917323341407,DOWN in responders,cg02584975,5'UTR,OpenSea,0.04305264290151971,0.759779303064819,HYPERmethylated in responders,concordant (promoter hypermethylation -> lower expression)
female,Etanercept,FANCC,ENSG00000158169,-0.45007204596332095,0.008525917323341407,DOWN in responders,cg10862471,TSS200,Island,0.07965277443015796,0.763914243296631,HYPERmethylated in responders,concordant (promoter hypermethylation -> lower expression)
female,Etanercept,FANCC,ENSG00000158169,-0.45007204596332095,0.008525917323341407,DOWN in responders,cg10862471,5'UTR,Island,0.07965277443015796,0.763914243296631,HYPERmethylated in responders,concordant (promoter hypermethylation -> lower expression)
female,Etanercept,FANCC,ENSG00000158169,-0.45007204596332095,0.008525917323341407,DOWN in responders,cg14115740,5'UTR,Island,-0.033701760873048284,0.8372392648186919,HYPOmethylated in responders,non-canonical / not the textbook direction
female,Etanercept,FANCC,ENSG00000158169,-0.45007204596332095,0.008525917323341407,DOWN in responders,cg02828506,5'UTR,Island,0.02671501840212151,0.8735770376913289,HYPERmethylated in responders,concordant (promoter hypermethylation -> lower expression)
female,Etanercept,FANCC,ENSG00000158169,-0.45007204596332095,0.008525917323341407,DOWN in responders,cg01245423,TSS1500,Island,0.017629126385841493,0.9053823855321088,HYPERmethylated in responders,concordant (promoter hypermethylation -> lower expression)
female,Etanercept,FANCC,ENSG00000158169,-0.45007204596332095,0.008525917323341407,DOWN in responders,cg14633742,5'UTR,OpenSea,-0.003254807282388188,0.9696304741894999,HYPOmethylated in responders,non-canonical / not the textbook direction
female,Etanercept,FANCC,ENSG00000158169,-0.45007204596332095,0.008525917323341407,DOWN in responders,cg14583550,5'UTR,N_Shelf,-0.004000814158348061,0.9745618837678421,HYPOmethylated in responders,non-canonical / not the textbook direction
female,Etanercept,FANCC,ENSG00000158169,-0.45007204596332095,0.008525917323341407,DOWN in responders,cg01691411,TSS200,Island,0.0017990333273160085,0.9829606005401967,HYPERmethylated in responders,concordant (promoter hypermethylation -> lower expression)
female,Etanercept,FANCC,ENSG00000158169,-0.45007204596332095,0.008525917323341407,DOWN in responders,cg01691411,5'UTR,Island,0.0017990333273160085,0.9829606005401967,HYPERmethylated in responders,concordant (promoter hypermethylation -> lower expression)
female,Etanercept,RFC2,ENSG00000049541,-0.3088469795725243,0.01098511923915321,DOWN in responders,cg15076481,Body,N_Shelf,0.3600733189379639,0.0035205865374039382,HYPERmethylated in responders,non-canonical / not the textbook direction
female,Etanercept,RFC2,ENSG00000049541,-0.3088469795725243,0.01098511923915321,DOWN in responders,cg14232041,Body,OpenSea,0.3024748699712995,0.007762133163202243,HYPERmethylated in responders,non-canonical / not the textbook direction
female,Etanercept,RFC2,ENSG00000049541,-0.3088469795725243,0.01098511923915321,DOWN in responders,cg15336237,5'UTR,N_Shore,0.23400247697781362,0.02227012853436552,HYPERmethylated in responders,concordant (promoter hypermethylation -> lower expression)
female,Etanercept,RFC2,ENSG00000049541,-0.3088469795725243,0.01098511923915321,DOWN in responders,cg15336237,Body,N_Shore,0.23400247697781362,0.02227012853436552,HYPERmethylated in responders,non-canonical / not the textbook direction
female,Etanercept,RFC2,ENSG00000049541,-0.3088469795725243,0.01098511923915321,DOWN in responders,cg06143328,5'UTR,N_Shore,0.24259426564343056,0.04003687545155921,HYPERmethylated in responders,concordant (promoter hypermethylation -> lower expression)
female,Etanercept,RFC2,ENSG00000049541,-0.3088469795725243,0.01098511923915321,DOWN in responders,cg06143328,Body,N_Shore,0.24259426564343056,0.04003687545155921,HYPERmethylated in responders,non-canonical / not the textbook direction
female,Etanercept,RFC2,ENSG00000049541,-0.3088469795725243,0.01098511923915321,DOWN in responders,cg04577162,Body,N_Shore,0.24673926066397397,0.06154065592381112,HYPERmethylated in responders,non-canonical / not the textbook direction
female,Etanercept,RFC2,ENSG00000049541,-0.3088469795725243,0.01098511923915321,DOWN in responders,cg04650104,Body,OpenSea,0.21131758491405697,0.08019679756839236,HYPERmethylated in responders,non-canonical / not the textbook direction
female,Etanercept,RFC2,ENSG00000049541,-0.3088469795725243,0.01098511923915321,DOWN in responders,cg23560257,Body,OpenSea,0.2731655591576716,0.09250657194487621,HYPERmethylated in responders,non-canonical / not the textbook direction
female,Etanercept,RFC2,ENSG00000049541,-0.3088469795725243,0.01098511923915321,DOWN in responders,cg14330119,TSS200,Island,0.44768415596793404,0.1866657625956019,HYPERmethylated in responders,concordant (promoter hypermethylation -> lower expression)
female,Etanercept,RFC2,ENSG00000049541,-0.3088469795725243,0.01098511923915321,DOWN in responders,cg07799480,Body,OpenSea,0.18928057996327843,0.20061348176250676,HYPERmethylated in responders,non-canonical / not the textbook direction
female,Etanercept,RFC2,ENSG00000049541,-0.3088469795725243,0.01098511923915321,DOWN in responders,cg17069650,Body,OpenSea,0.11414113449684445,0.21237283574627724,HYPERmethylated in responders,non-canonical / not the textbook direction
female,Etanercept,RFC2,ENSG00000049541,-0.3088469795725243,0.01098511923915321,DOWN in responders,cg21828319,3'UTR,OpenSea,0.16845905593543894,0.22471178632276775,HYPERmethylated in responders,non-canonical / not the textbook direction
female,Etanercept,RFC2,ENSG00000049541,-0.3088469795725243,0.01098511923915321,DOWN in responders,cg03098361,Body,Island,0.11157030983569814,0.2700561669831045,HYPERmethylated in responders,non-canonical / not the textbook direction
female,Etanercept,RFC2,ENSG00000049541,-0.3088469795725243,0.01098511923915321,DOWN in responders,cg15097551,Body,OpenSea,0.28295782122975105,0.270667579976442,HYPERmethylated in responders,non-canonical / not the textbook direction
female,Etanercept,RFC2,ENSG00000049541,-0.3088469795725243,0.01098511923915321,DOWN in responders,cg20764033,Body,OpenSea,0.14773986389329105,0.2842747288380085,HYPERmethylated in responders,non-canonical / not the textbook direction
female,Etanercept,RFC2,ENSG00000049541,-0.3088469795725243,0.01098511923915321,DOWN in responders,cg10541446,Body,OpenSea,0.3063542574907461,0.3116372005199633,HYPERmethylated in responders,non-canonical / not the textbook direction
female,Etanercept,RFC2,ENSG00000049541,-0.3088469795725243,0.01098511923915321,DOWN in responders,cg26052553,TSS1500,Island,-0.21118795561463907,0.333441956736233,HYPOmethylated in responders,non-canonical / not the textbook direction
female,Etanercept,RFC2,ENSG00000049541,-0.3088469795725243,0.01098511923915321,DOWN in responders,cg23765834,TSS200,Island,-0.20275964646062394,0.366625314651542,HYPOmethylated in responders,non-canonical / not the textbook direction
female,Etanercept,RFC2,ENSG00000049541,-0.3088469795725243,0.01098511923915321,DOWN in responders,cg27460715,1stExon,Island,0.06877447830820993,0.44542111624187064,HYPERmethylated in responders,concordant (promoter hypermethylation -> lower expression)
female,Etanercept,RFC2,ENSG00000049541,-0.3088469795725243,0.01098511923915321,DOWN in responders,cg16135995,TSS200,Island,-0.14387844026594343,0.5505976300483922,HYPOmethylated in responders,non-canonical / not the textbook direction
female,Etanercept,RFC2,ENSG00000049541,-0.3088469795725243,0.01098511923915321,DOWN in responders,cg00955230,TSS1500,S_Shore,0.07068746573710578,0.5520224325762042,HYPERmethylated in responders,concordant (promoter hypermethylation -> lower expression)
female,Etanercept,RFC2,ENSG00000049541,-0.3088469795725243,0.01098511923915321,DOWN in responders,cg16189722,TSS200,Island,-0.0932355637896009,0.5777776606065725,HYPOmethylated in responders,non-canonical / not the textbook direction
female,Etanercept,RFC2,ENSG00000049541,-0.3088469795725243,0.01098511923915321,DOWN in responders,cg13986881,TSS1500,Island,0.043474536234177415,0.6868096306410079,HYPERmethylated in responders,concordant (promoter hypermethylation -> lower expression)
female,Etanercept,RFC2,ENSG00000049541,-0.3088469795725243,0.01098511923915321,DOWN in responders,cg15966198,TSS200,Island,0.04798972710231202,0.7126924076930775,HYPERmethylated in responders,concordant (promoter hypermethylation -> lower expression)
female,Etanercept,RFC2,ENSG00000049541,-0.3088469795725243,0.01098511923915321,DOWN in responders,cg01288377,Body,OpenSea,0.04184379991576331,0.793212074985444,HYPERmethylated in responders,non-canonical / not the textbook direction
female,Etanercept,RFC2,ENSG00000049541,-0.3088469795725243,0.01098511923915321,DOWN in responders,cg21899921,TSS1500,S_Shore,0.03481569688206268,0.8029516636376764,HYPERmethylated in responders,concordant (promoter hypermethylation -> lower expression)
female,Etanercept,RFC2,ENSG00000049541,-0.3088469795725243,0.01098511923915321,DOWN in responders,cg24115067,TSS200,Island,0.04072018393305712,0.8165413969496309,HYPERmethylated in responders,concordant (promoter hypermethylation -> lower expression)
female,Etanercept,RFC2,ENSG00000049541,-0.3088469795725243,0.01098511923915321,DOWN in responders,cg12500857,3'UTR,OpenSea,0.015296133894220597,0.9294954459709925,HYPERmethylated in responders,non-canonical / not the textbook direction
