sex,SYMBOL,ENSEMBL,expr_logFC,expr_p,expr_direction,CpG,region,island,delta_M,meth_p,meth_direction,biological_pattern
female,SLC26A1,ENSG00000145217,1.7427106460647168,1.460364490157451e-4,UP in responders,cg11629380,Body,Island,0.13472388782494446,0.02550999169962048,HYPERmethylated in responders,concordant (gene-body hypermethylation -> higher expression)
female,SLC26A1,ENSG00000145217,1.7427106460647168,1.460364490157451e-4,UP in responders,cg21616051,TSS200,S_Shore,0.20424020245798866,0.051687019780013846,HYPERmethylated in responders,non-canonical / not the textbook direction
female,SLC26A1,ENSG00000145217,1.7427106460647168,1.460364490157451e-4,UP in responders,cg17000427,Body,Island,-0.24755084754425938,0.07506616013951095,HYPOmethylated in responders,non-canonical / not the textbook direction
female,SLC26A1,ENSG00000145217,1.7427106460647168,1.460364490157451e-4,UP in responders,cg05320215,3'UTR,Island,0.12311312141031547,0.07780711487974201,HYPERmethylated in responders,non-canonical / not the textbook direction
female,SLC26A1,ENSG00000145217,1.7427106460647168,1.460364490157451e-4,UP in responders,cg05320215,Body,Island,0.12311312141031547,0.07780711487974201,HYPERmethylated in responders,concordant (gene-body hypermethylation -> higher expression)
female,SLC26A1,ENSG00000145217,1.7427106460647168,1.460364490157451e-4,UP in responders,cg08823577,5'UTR,Island,0.1483217346657223,0.1498817310425198,HYPERmethylated in responders,non-canonical / not the textbook direction
female,SLC26A1,ENSG00000145217,1.7427106460647168,1.460364490157451e-4,UP in responders,cg06120755,Body,N_Shore,0.0839050536623483,0.20420441831946948,HYPERmethylated in responders,concordant (gene-body hypermethylation -> higher expression)
female,SLC26A1,ENSG00000145217,1.7427106460647168,1.460364490157451e-4,UP in responders,cg02703850,5'UTR,Island,0.08526196379182366,0.20690898444494202,HYPERmethylated in responders,non-canonical / not the textbook direction
female,SLC26A1,ENSG00000145217,1.7427106460647168,1.460364490157451e-4,UP in responders,cg02406484,3'UTR,Island,0.0847613858602093,0.21379858299624374,HYPERmethylated in responders,non-canonical / not the textbook direction
female,SLC26A1,ENSG00000145217,1.7427106460647168,1.460364490157451e-4,UP in responders,cg02406484,Body,Island,0.0847613858602093,0.21379858299624374,HYPERmethylated in responders,concordant (gene-body hypermethylation -> higher expression)
female,SLC26A1,ENSG00000145217,1.7427106460647168,1.460364490157451e-4,UP in responders,cg22954703,Body,Island,-0.12093100177374864,0.21428537668565545,HYPOmethylated in responders,non-canonical / not the textbook direction
female,SLC26A1,ENSG00000145217,1.7427106460647168,1.460364490157451e-4,UP in responders,cg24226891,Body,N_Shore,0.08227319607383085,0.22257104214091436,HYPERmethylated in responders,concordant (gene-body hypermethylation -> higher expression)
female,SLC26A1,ENSG00000145217,1.7427106460647168,1.460364490157451e-4,UP in responders,cg16817180,3'UTR,Island,0.06799742530899879,0.24026285762921012,HYPERmethylated in responders,non-canonical / not the textbook direction
female,SLC26A1,ENSG00000145217,1.7427106460647168,1.460364490157451e-4,UP in responders,cg16817180,Body,Island,0.06799742530899879,0.24026285762921012,HYPERmethylated in responders,concordant (gene-body hypermethylation -> higher expression)
female,SLC26A1,ENSG00000145217,1.7427106460647168,1.460364490157451e-4,UP in responders,cg15045084,TSS1500,N_Shelf,0.08118101543060904,0.24496217546426133,HYPERmethylated in responders,non-canonical / not the textbook direction
female,SLC26A1,ENSG00000145217,1.7427106460647168,1.460364490157451e-4,UP in responders,cg22399211,Body,Island,0.10032246338762252,0.24997393018276517,HYPERmethylated in responders,concordant (gene-body hypermethylation -> higher expression)
female,SLC26A1,ENSG00000145217,1.7427106460647168,1.460364490157451e-4,UP in responders,cg02401749,Body,Island,0.08712330720998934,0.2545509078442954,HYPERmethylated in responders,concordant (gene-body hypermethylation -> higher expression)
female,SLC26A1,ENSG00000145217,1.7427106460647168,1.460364490157451e-4,UP in responders,cg04648402,TSS1500,S_Shore,0.06996425537062141,0.2599615610464487,HYPERmethylated in responders,non-canonical / not the textbook direction
female,SLC26A1,ENSG00000145217,1.7427106460647168,1.460364490157451e-4,UP in responders,cg18168751,Body,OpenSea,0.09279705338913008,0.29910640519869797,HYPERmethylated in responders,concordant (gene-body hypermethylation -> higher expression)
female,SLC26A1,ENSG00000145217,1.7427106460647168,1.460364490157451e-4,UP in responders,cg21628539,TSS1500,N_Shelf,0.09813797453602022,0.3055964003734695,HYPERmethylated in responders,non-canonical / not the textbook direction
female,SLC26A1,ENSG00000145217,1.7427106460647168,1.460364490157451e-4,UP in responders,cg23802491,TSS200,S_Shore,0.07628865323067913,0.3402213573960208,HYPERmethylated in responders,non-canonical / not the textbook direction
female,SLC26A1,ENSG00000145217,1.7427106460647168,1.460364490157451e-4,UP in responders,cg21743826,Body,OpenSea,-0.148448188969798,0.3712698966120944,HYPOmethylated in responders,non-canonical / not the textbook direction
female,SLC26A1,ENSG00000145217,1.7427106460647168,1.460364490157451e-4,UP in responders,cg11017086,Body,N_Shore,-0.09927639051131625,0.37512251603958857,HYPOmethylated in responders,non-canonical / not the textbook direction
female,SLC26A1,ENSG00000145217,1.7427106460647168,1.460364490157451e-4,UP in responders,cg05208196,Body,Island,0.06385243129441269,0.3764720054132862,HYPERmethylated in responders,concordant (gene-body hypermethylation -> higher expression)
female,SLC26A1,ENSG00000145217,1.7427106460647168,1.460364490157451e-4,UP in responders,cg17584035,Body,Island,0.06448415806930337,0.3807424727604406,HYPERmethylated in responders,concordant (gene-body hypermethylation -> higher expression)
female,SLC26A1,ENSG00000145217,1.7427106460647168,1.460364490157451e-4,UP in responders,cg20229048,Body,N_Shore,0.08047129354599815,0.38526351510039314,HYPERmethylated in responders,concordant (gene-body hypermethylation -> higher expression)
female,SLC26A1,ENSG00000145217,1.7427106460647168,1.460364490157451e-4,UP in responders,cg27620356,Body,Island,0.039809058303709254,0.40024454363760886,HYPERmethylated in responders,concordant (gene-body hypermethylation -> higher expression)
female,SLC26A1,ENSG00000145217,1.7427106460647168,1.460364490157451e-4,UP in responders,cg18659028,Body,N_Shore,0.04921810145948422,0.40199022603272494,HYPERmethylated in responders,concordant (gene-body hypermethylation -> higher expression)
female,SLC26A1,ENSG00000145217,1.7427106460647168,1.460364490157451e-4,UP in responders,cg09153458,Body,N_Shore,0.0700367476106132,0.40395675118336527,HYPERmethylated in responders,concordant (gene-body hypermethylation -> higher expression)
female,SLC26A1,ENSG00000145217,1.7427106460647168,1.460364490157451e-4,UP in responders,cg15058036,3'UTR,N_Shore,0.06062823267292126,0.4113378574236546,HYPERmethylated in responders,non-canonical / not the textbook direction
female,SLC26A1,ENSG00000145217,1.7427106460647168,1.460364490157451e-4,UP in responders,cg15058036,Body,N_Shore,0.06062823267292126,0.4113378574236546,HYPERmethylated in responders,concordant (gene-body hypermethylation -> higher expression)
female,SLC26A1,ENSG00000145217,1.7427106460647168,1.460364490157451e-4,UP in responders,cg15138543,TSS1500,S_Shore,0.29820455092165543,0.41671320273715196,HYPERmethylated in responders,non-canonical / not the textbook direction
female,SLC26A1,ENSG00000145217,1.7427106460647168,1.460364490157451e-4,UP in responders,cg15138543,TSS200,S_Shore,0.29820455092165543,0.41671320273715196,HYPERmethylated in responders,non-canonical / not the textbook direction
female,SLC26A1,ENSG00000145217,1.7427106460647168,1.460364490157451e-4,UP in responders,cg04969220,Body,N_Shore,0.06272565745488018,0.4478947227916972,HYPERmethylated in responders,concordant (gene-body hypermethylation -> higher expression)
female,SLC26A1,ENSG00000145217,1.7427106460647168,1.460364490157451e-4,UP in responders,cg03402994,Body,Island,0.06319120360344066,0.4512319409271436,HYPERmethylated in responders,concordant (gene-body hypermethylation -> higher expression)
female,SLC26A1,ENSG00000145217,1.7427106460647168,1.460364490157451e-4,UP in responders,cg23332689,TSS1500,S_Shore,0.06497983516379123,0.46807818510653,HYPERmethylated in responders,non-canonical / not the textbook direction
female,SLC26A1,ENSG00000145217,1.7427106460647168,1.460364490157451e-4,UP in responders,cg08891904,Body,Island,-0.14939974330708822,0.5353503050199202,HYPOmethylated in responders,non-canonical / not the textbook direction
female,SLC26A1,ENSG00000145217,1.7427106460647168,1.460364490157451e-4,UP in responders,cg15707747,Body,N_Shore,0.047038989280892195,0.540624168520005,HYPERmethylated in responders,concordant (gene-body hypermethylation -> higher expression)
female,SLC26A1,ENSG00000145217,1.7427106460647168,1.460364490157451e-4,UP in responders,cg06177255,5'UTR,S_Shore,0.0486647693627796,0.5779462153312374,HYPERmethylated in responders,non-canonical / not the textbook direction
female,SLC26A1,ENSG00000145217,1.7427106460647168,1.460364490157451e-4,UP in responders,cg23299989,Body,Island,-0.06415484059146971,0.578616818569974,HYPOmethylated in responders,non-canonical / not the textbook direction
female,SLC26A1,ENSG00000145217,1.7427106460647168,1.460364490157451e-4,UP in responders,cg02776128,Body,Island,0.029469294292570773,0.6617650277111469,HYPERmethylated in responders,concordant (gene-body hypermethylation -> higher expression)
female,SLC26A1,ENSG00000145217,1.7427106460647168,1.460364490157451e-4,UP in responders,cg09359391,Body,N_Shore,0.029168677786253316,0.7085797186310029,HYPERmethylated in responders,concordant (gene-body hypermethylation -> higher expression)
female,SLC26A1,ENSG00000145217,1.7427106460647168,1.460364490157451e-4,UP in responders,cg21459867,3'UTR,Island,0.0240286017007943,0.7144456120784732,HYPERmethylated in responders,non-canonical / not the textbook direction
female,SLC26A1,ENSG00000145217,1.7427106460647168,1.460364490157451e-4,UP in responders,cg21459867,Body,Island,0.0240286017007943,0.7144456120784732,HYPERmethylated in responders,concordant (gene-body hypermethylation -> higher expression)
female,SLC26A1,ENSG00000145217,1.7427106460647168,1.460364490157451e-4,UP in responders,cg03889767,TSS1500,S_Shore,-0.09402287676960812,0.7562042004592846,HYPOmethylated in responders,concordant (promoter hypomethylation -> higher expression)
female,SLC26A1,ENSG00000145217,1.7427106460647168,1.460364490157451e-4,UP in responders,cg21570464,3'UTR,OpenSea,0.03686757108674663,0.7635560272349553,HYPERmethylated in responders,non-canonical / not the textbook direction
female,SLC26A1,ENSG00000145217,1.7427106460647168,1.460364490157451e-4,UP in responders,cg10467352,Body,OpenSea,-0.015475964725859031,0.795395480311609,HYPOmethylated in responders,non-canonical / not the textbook direction
female,SLC26A1,ENSG00000145217,1.7427106460647168,1.460364490157451e-4,UP in responders,cg04912050,Body,Island,0.017850113376280678,0.8077495782615861,HYPERmethylated in responders,concordant (gene-body hypermethylation -> higher expression)
female,SLC26A1,ENSG00000145217,1.7427106460647168,1.460364490157451e-4,UP in responders,cg08393516,1stExon,S_Shore,0.013969858834199298,0.8249900403857303,HYPERmethylated in responders,non-canonical / not the textbook direction
female,SLC26A1,ENSG00000145217,1.7427106460647168,1.460364490157451e-4,UP in responders,cg08393516,5'UTR,S_Shore,0.013969858834199298,0.8249900403857303,HYPERmethylated in responders,non-canonical / not the textbook direction
female,SLC26A1,ENSG00000145217,1.7427106460647168,1.460364490157451e-4,UP in responders,cg10827011,Body,Island,-0.02050158369114058,0.904249808342271,HYPOmethylated in responders,non-canonical / not the textbook direction
female,SLC26A1,ENSG00000145217,1.7427106460647168,1.460364490157451e-4,UP in responders,cg23958868,Body,N_Shore,-0.011662311459922277,0.9307515021708634,HYPOmethylated in responders,non-canonical / not the textbook direction
female,SLC26A1,ENSG00000145217,1.7427106460647168,1.460364490157451e-4,UP in responders,cg25025399,Body,OpenSea,-0.007302791134510395,0.9340444631331573,HYPOmethylated in responders,non-canonical / not the textbook direction
female,SLC26A1,ENSG00000145217,1.7427106460647168,1.460364490157451e-4,UP in responders,cg07658508,3'UTR,OpenSea,0.011561250886245038,0.9430413340982857,HYPERmethylated in responders,non-canonical / not the textbook direction
female,SLC26A1,ENSG00000145217,1.7427106460647168,1.460364490157451e-4,UP in responders,cg16868776,Body,OpenSea,0.004517351537399287,0.9562073607319399,HYPERmethylated in responders,concordant (gene-body hypermethylation -> higher expression)
female,SLC26A1,ENSG00000145217,1.7427106460647168,1.460364490157451e-4,UP in responders,cg08848753,Body,N_Shelf,-0.0024018082487083452,0.9807415343619242,HYPOmethylated in responders,non-canonical / not the textbook direction
female,KCNK17,ENSG00000124780,2.0046587068057544,1.5679459990180204e-4,UP in responders,cg20869405,Body,N_Shelf,0.17719248736422807,0.14752571320957691,HYPERmethylated in responders,concordant (gene-body hypermethylation -> higher expression)
female,KCNK17,ENSG00000124780,2.0046587068057544,1.5679459990180204e-4,UP in responders,cg18960642,Body,Island,-0.28392039254455226,0.1956516888911601,HYPOmethylated in responders,non-canonical / not the textbook direction
female,KCNK17,ENSG00000124780,2.0046587068057544,1.5679459990180204e-4,UP in responders,cg14742186,3'UTR,OpenSea,0.12293085397260123,0.2634450885461613,HYPERmethylated in responders,non-canonical / not the textbook direction
female,KCNK17,ENSG00000124780,2.0046587068057544,1.5679459990180204e-4,UP in responders,cg23833119,Body,N_Shore,-0.1067974554196071,0.3769894814444369,HYPOmethylated in responders,non-canonical / not the textbook direction
female,KCNK17,ENSG00000124780,2.0046587068057544,1.5679459990180204e-4,UP in responders,cg00029521,Body,S_Shore,0.10240390987708516,0.3896283135628763,HYPERmethylated in responders,concordant (gene-body hypermethylation -> higher expression)
female,KCNK17,ENSG00000124780,2.0046587068057544,1.5679459990180204e-4,UP in responders,cg07699454,Body,S_Shelf,0.0894514501358098,0.4365373016739994,HYPERmethylated in responders,concordant (gene-body hypermethylation -> higher expression)
female,KCNK17,ENSG00000124780,2.0046587068057544,1.5679459990180204e-4,UP in responders,cg06362331,TSS1500,S_Shore,-0.053200131750460976,0.498893054796257,HYPOmethylated in responders,concordant (promoter hypomethylation -> higher expression)
female,KCNK17,ENSG00000124780,2.0046587068057544,1.5679459990180204e-4,UP in responders,cg03252829,1stExon,Island,-0.06890181989523791,0.6398745064274332,HYPOmethylated in responders,concordant (promoter hypomethylation -> higher expression)
female,KCNK17,ENSG00000124780,2.0046587068057544,1.5679459990180204e-4,UP in responders,cg03252829,5'UTR,Island,-0.06890181989523791,0.6398745064274332,HYPOmethylated in responders,concordant (promoter hypomethylation -> higher expression)
female,KCNK17,ENSG00000124780,2.0046587068057544,1.5679459990180204e-4,UP in responders,cg04755571,TSS200,S_Shore,0.03491415762870995,0.6446542531835779,HYPERmethylated in responders,non-canonical / not the textbook direction
female,KCNK17,ENSG00000124780,2.0046587068057544,1.5679459990180204e-4,UP in responders,cg13855924,Body,Island,-0.07791794100903851,0.6534218533613272,HYPOmethylated in responders,non-canonical / not the textbook direction
female,KCNK17,ENSG00000124780,2.0046587068057544,1.5679459990180204e-4,UP in responders,cg03496473,Body,N_Shore,-0.0533489433694471,0.6705773997300137,HYPOmethylated in responders,non-canonical / not the textbook direction
female,KCNK17,ENSG00000124780,2.0046587068057544,1.5679459990180204e-4,UP in responders,cg12760573,Body,Island,0.03358554917062619,0.6741974152250367,HYPERmethylated in responders,concordant (gene-body hypermethylation -> higher expression)
female,KCNK17,ENSG00000124780,2.0046587068057544,1.5679459990180204e-4,UP in responders,cg18001180,Body,Island,-0.07221533809261182,0.741583245103371,HYPOmethylated in responders,non-canonical / not the textbook direction
female,KCNK17,ENSG00000124780,2.0046587068057544,1.5679459990180204e-4,UP in responders,cg20716812,3'UTR,N_Shelf,0.0318067328353061,0.7845899303388927,HYPERmethylated in responders,non-canonical / not the textbook direction
female,KCNK17,ENSG00000124780,2.0046587068057544,1.5679459990180204e-4,UP in responders,cg20716812,Body,N_Shelf,0.0318067328353061,0.7845899303388927,HYPERmethylated in responders,concordant (gene-body hypermethylation -> higher expression)
female,KCNK17,ENSG00000124780,2.0046587068057544,1.5679459990180204e-4,UP in responders,cg02883595,Body,Island,-0.042554384033585066,0.8028851680160114,HYPOmethylated in responders,non-canonical / not the textbook direction
female,KCNK17,ENSG00000124780,2.0046587068057544,1.5679459990180204e-4,UP in responders,cg02611419,TSS1500,S_Shore,0.020646566621394875,0.819336455394849,HYPERmethylated in responders,non-canonical / not the textbook direction
female,KCNK17,ENSG00000124780,2.0046587068057544,1.5679459990180204e-4,UP in responders,cg17748645,Body,N_Shore,0.018810837677948042,0.8305312696733022,HYPERmethylated in responders,concordant (gene-body hypermethylation -> higher expression)
female,KCNK17,ENSG00000124780,2.0046587068057544,1.5679459990180204e-4,UP in responders,cg06347083,TSS200,S_Shore,0.015291398965522882,0.8689231047715694,HYPERmethylated in responders,non-canonical / not the textbook direction
female,KCNK17,ENSG00000124780,2.0046587068057544,1.5679459990180204e-4,UP in responders,cg13075951,TSS200,S_Shore,0.010464653894232578,0.9037617922200363,HYPERmethylated in responders,non-canonical / not the textbook direction
female,KCNK17,ENSG00000124780,2.0046587068057544,1.5679459990180204e-4,UP in responders,cg24537809,TSS1500,S_Shore,-0.007605991104989025,0.9121533204778005,HYPOmethylated in responders,concordant (promoter hypomethylation -> higher expression)
female,KCNK17,ENSG00000124780,2.0046587068057544,1.5679459990180204e-4,UP in responders,cg10712551,Body,Island,0.00413312796803885,0.9643043863844843,HYPERmethylated in responders,concordant (gene-body hypermethylation -> higher expression)
female,KCNK17,ENSG00000124780,2.0046587068057544,1.5679459990180204e-4,UP in responders,cg08315770,1stExon,Island,-0.0034112750937050147,0.9746342682685041,HYPOmethylated in responders,concordant (promoter hypomethylation -> higher expression)
female,KCNK17,ENSG00000124780,2.0046587068057544,1.5679459990180204e-4,UP in responders,cg18601596,TSS1500,S_Shore,-0.0010687394928678114,0.9897551019746715,HYPOmethylated in responders,concordant (promoter hypomethylation -> higher expression)
female,DSP,ENSG00000096696,2.8701393723996205,2.875354907696039e-4,UP in responders,cg24931324,Body,OpenSea,0.24404206494957156,0.02112405880273102,HYPERmethylated in responders,concordant (gene-body hypermethylation -> higher expression)
female,DSP,ENSG00000096696,2.8701393723996205,2.875354907696039e-4,UP in responders,cg18798460,Body,OpenSea,0.14798682931490373,0.05300331825328784,HYPERmethylated in responders,concordant (gene-body hypermethylation -> higher expression)
female,DSP,ENSG00000096696,2.8701393723996205,2.875354907696039e-4,UP in responders,cg02365862,TSS1500,Island,-0.2533597943719202,0.08823309148489089,HYPOmethylated in responders,concordant (promoter hypomethylation -> higher expression)
female,DSP,ENSG00000096696,2.8701393723996205,2.875354907696039e-4,UP in responders,cg15605567,Body,OpenSea,0.11481660998483098,0.11077630139844924,HYPERmethylated in responders,concordant (gene-body hypermethylation -> higher expression)
female,DSP,ENSG00000096696,2.8701393723996205,2.875354907696039e-4,UP in responders,cg12011536,Body,OpenSea,0.10392599481238506,0.17053738103016933,HYPERmethylated in responders,concordant (gene-body hypermethylation -> higher expression)
female,DSP,ENSG00000096696,2.8701393723996205,2.875354907696039e-4,UP in responders,cg02643433,Body,S_Shore,0.1711956928458201,0.20735907998309155,HYPERmethylated in responders,concordant (gene-body hypermethylation -> higher expression)
female,DSP,ENSG00000096696,2.8701393723996205,2.875354907696039e-4,UP in responders,cg25147604,TSS1500,N_Shore,-0.09340524335557711,0.2595257430689105,HYPOmethylated in responders,concordant (promoter hypomethylation -> higher expression)
female,DSP,ENSG00000096696,2.8701393723996205,2.875354907696039e-4,UP in responders,cg15585190,Body,OpenSea,0.07831853702950756,0.29078826183169126,HYPERmethylated in responders,concordant (gene-body hypermethylation -> higher expression)
female,DSP,ENSG00000096696,2.8701393723996205,2.875354907696039e-4,UP in responders,cg04762615,TSS200,Island,-0.2600910238916941,0.31037083372760327,HYPOmethylated in responders,concordant (promoter hypomethylation -> higher expression)
female,DSP,ENSG00000096696,2.8701393723996205,2.875354907696039e-4,UP in responders,cg00668638,TSS1500,N_Shore,-0.0866147467020215,0.36189819451582994,HYPOmethylated in responders,concordant (promoter hypomethylation -> higher expression)
female,DSP,ENSG00000096696,2.8701393723996205,2.875354907696039e-4,UP in responders,cg08781626,Body,OpenSea,0.09691902958933907,0.38151387583296503,HYPERmethylated in responders,concordant (gene-body hypermethylation -> higher expression)
female,DSP,ENSG00000096696,2.8701393723996205,2.875354907696039e-4,UP in responders,cg13469471,TSS200,Island,0.12153628242524843,0.3900748992003443,HYPERmethylated in responders,non-canonical / not the textbook direction
female,DSP,ENSG00000096696,2.8701393723996205,2.875354907696039e-4,UP in responders,cg12817734,Body,OpenSea,0.08379590387104326,0.3947025588396801,HYPERmethylated in responders,concordant (gene-body hypermethylation -> higher expression)
female,DSP,ENSG00000096696,2.8701393723996205,2.875354907696039e-4,UP in responders,cg19402039,Body,S_Shelf,0.06746514534893577,0.41052634159671464,HYPERmethylated in responders,concordant (gene-body hypermethylation -> higher expression)
female,DSP,ENSG00000096696,2.8701393723996205,2.875354907696039e-4,UP in responders,cg13923094,TSS1500,Island,0.04786768809390217,0.42084535672794077,HYPERmethylated in responders,non-canonical / not the textbook direction
female,DSP,ENSG00000096696,2.8701393723996205,2.875354907696039e-4,UP in responders,cg13855473,TSS200,Island,-0.21201492256332763,0.45623747727194963,HYPOmethylated in responders,concordant (promoter hypomethylation -> higher expression)
female,DSP,ENSG00000096696,2.8701393723996205,2.875354907696039e-4,UP in responders,cg02789094,Body,OpenSea,0.051817320430496416,0.4616956642494753,HYPERmethylated in responders,concordant (gene-body hypermethylation -> higher expression)
female,DSP,ENSG00000096696,2.8701393723996205,2.875354907696039e-4,UP in responders,cg24148304,Body,S_Shore,0.06744337518276235,0.4801619297952483,HYPERmethylated in responders,concordant (gene-body hypermethylation -> higher expression)
female,DSP,ENSG00000096696,2.8701393723996205,2.875354907696039e-4,UP in responders,cg08964675,Body,OpenSea,-0.05307584126284441,0.48766432558574524,HYPOmethylated in responders,non-canonical / not the textbook direction
female,DSP,ENSG00000096696,2.8701393723996205,2.875354907696039e-4,UP in responders,cg27321931,TSS1500,N_Shore,-0.0778213807984799,0.5307576876546244,HYPOmethylated in responders,concordant (promoter hypomethylation -> higher expression)
female,DSP,ENSG00000096696,2.8701393723996205,2.875354907696039e-4,UP in responders,cg03814872,TSS1500,N_Shore,-0.03985731272566176,0.5886417727429785,HYPOmethylated in responders,concordant (promoter hypomethylation -> higher expression)
female,DSP,ENSG00000096696,2.8701393723996205,2.875354907696039e-4,UP in responders,cg04616797,1stExon,Island,-0.13455348067332049,0.6075442018033251,HYPOmethylated in responders,concordant (promoter hypomethylation -> higher expression)
female,DSP,ENSG00000096696,2.8701393723996205,2.875354907696039e-4,UP in responders,cg04616797,5'UTR,Island,-0.13455348067332049,0.6075442018033251,HYPOmethylated in responders,concordant (promoter hypomethylation -> higher expression)
female,DSP,ENSG00000096696,2.8701393723996205,2.875354907696039e-4,UP in responders,cg21068339,Body,Island,0.05239079930543363,0.6095475600400252,HYPERmethylated in responders,concordant (gene-body hypermethylation -> higher expression)
female,DSP,ENSG00000096696,2.8701393723996205,2.875354907696039e-4,UP in responders,cg19428339,Body,OpenSea,0.03346639605278116,0.6169176318491723,HYPERmethylated in responders,concordant (gene-body hypermethylation -> higher expression)
female,DSP,ENSG00000096696,2.8701393723996205,2.875354907696039e-4,UP in responders,cg24485642,Body,OpenSea,0.04082172274390891,0.6617705325723316,HYPERmethylated in responders,concordant (gene-body hypermethylation -> higher expression)
female,DSP,ENSG00000096696,2.8701393723996205,2.875354907696039e-4,UP in responders,cg02647388,TSS200,Island,0.05924003092664173,0.6877210726946672,HYPERmethylated in responders,non-canonical / not the textbook direction
female,DSP,ENSG00000096696,2.8701393723996205,2.875354907696039e-4,UP in responders,cg01070854,Body,Island,0.03479258916844024,0.7141096247973494,HYPERmethylated in responders,concordant (gene-body hypermethylation -> higher expression)
female,DSP,ENSG00000096696,2.8701393723996205,2.875354907696039e-4,UP in responders,cg20448717,1stExon,Island,0.05879946383803348,0.7198630423802461,HYPERmethylated in responders,non-canonical / not the textbook direction
female,DSP,ENSG00000096696,2.8701393723996205,2.875354907696039e-4,UP in responders,cg20448717,5'UTR,Island,0.05879946383803348,0.7198630423802461,HYPERmethylated in responders,non-canonical / not the textbook direction
female,DSP,ENSG00000096696,2.8701393723996205,2.875354907696039e-4,UP in responders,cg13251891,Body,Island,-0.024322005710771536,0.7403323144389261,HYPOmethylated in responders,non-canonical / not the textbook direction
female,DSP,ENSG00000096696,2.8701393723996205,2.875354907696039e-4,UP in responders,cg19708340,Body,OpenSea,0.02743125217730948,0.7819498050559227,HYPERmethylated in responders,concordant (gene-body hypermethylation -> higher expression)
female,DSP,ENSG00000096696,2.8701393723996205,2.875354907696039e-4,UP in responders,cg06197760,Body,OpenSea,0.011336166587748553,0.9091884185221331,HYPERmethylated in responders,concordant (gene-body hypermethylation -> higher expression)
female,DSP,ENSG00000096696,2.8701393723996205,2.875354907696039e-4,UP in responders,cg22542300,Body,OpenSea,-0.0015395470779571148,0.9842274470106587,HYPOmethylated in responders,non-canonical / not the textbook direction
female,BUB1B,ENSG00000156970,-1.6029217693935371,5.622100298584444e-4,DOWN in responders,cg04774722,TSS1500,N_Shore,0.11940080855979507,0.05924178991959863,HYPERmethylated in responders,concordant (promoter hypermethylation -> lower expression)
female,BUB1B,ENSG00000156970,-1.6029217693935371,5.622100298584444e-4,DOWN in responders,cg08197837,ExonBnd,S_Shelf,0.11657591542554828,0.12576593804457845,HYPERmethylated in responders,non-canonical / not the textbook direction
female,BUB1B,ENSG00000156970,-1.6029217693935371,5.622100298584444e-4,DOWN in responders,cg08197837,Body,S_Shelf,0.11657591542554828,0.12576593804457845,HYPERmethylated in responders,non-canonical / not the textbook direction
female,BUB1B,ENSG00000156970,-1.6029217693935371,5.622100298584444e-4,DOWN in responders,cg23033889,Body,OpenSea,0.11031992006051167,0.13203830121440793,HYPERmethylated in responders,non-canonical / not the textbook direction
female,BUB1B,ENSG00000156970,-1.6029217693935371,5.622100298584444e-4,DOWN in responders,cg05289639,TSS200,Island,0.09868668468640715,0.17137341333606324,HYPERmethylated in responders,concordant (promoter hypermethylation -> lower expression)
female,BUB1B,ENSG00000156970,-1.6029217693935371,5.622100298584444e-4,DOWN in responders,cg12378950,Body,OpenSea,0.0824384257192037,0.26743282959707493,HYPERmethylated in responders,non-canonical / not the textbook direction
female,BUB1B,ENSG00000156970,-1.6029217693935371,5.622100298584444e-4,DOWN in responders,cg24359188,Body,OpenSea,0.08308447609085329,0.2790279347922296,HYPERmethylated in responders,non-canonical / not the textbook direction
female,BUB1B,ENSG00000156970,-1.6029217693935371,5.622100298584444e-4,DOWN in responders,cg11963280,Body,S_Shore,0.11102527897311498,0.28007313329296096,HYPERmethylated in responders,non-canonical / not the textbook direction
female,BUB1B,ENSG00000156970,-1.6029217693935371,5.622100298584444e-4,DOWN in responders,cg21893314,TSS200,Island,0.06335929998985322,0.2929815690700173,HYPERmethylated in responders,concordant (promoter hypermethylation -> lower expression)
female,BUB1B,ENSG00000156970,-1.6029217693935371,5.622100298584444e-4,DOWN in responders,cg14923124,Body,S_Shelf,0.08631127085080252,0.30438390901250106,HYPERmethylated in responders,non-canonical / not the textbook direction
female,BUB1B,ENSG00000156970,-1.6029217693935371,5.622100298584444e-4,DOWN in responders,cg20139630,Body,OpenSea,0.09623698166737918,0.343569811931125,HYPERmethylated in responders,non-canonical / not the textbook direction
female,BUB1B,ENSG00000156970,-1.6029217693935371,5.622100298584444e-4,DOWN in responders,cg07019442,TSS1500,N_Shore,0.05543674585613678,0.39222823722937517,HYPERmethylated in responders,concordant (promoter hypermethylation -> lower expression)
female,BUB1B,ENSG00000156970,-1.6029217693935371,5.622100298584444e-4,DOWN in responders,cg24221715,TSS1500,Island,-0.04824623904838766,0.47212036735399876,HYPOmethylated in responders,non-canonical / not the textbook direction
female,BUB1B,ENSG00000156970,-1.6029217693935371,5.622100298584444e-4,DOWN in responders,cg20918218,Body,OpenSea,0.051241146521902745,0.49852951262513334,HYPERmethylated in responders,non-canonical / not the textbook direction
female,BUB1B,ENSG00000156970,-1.6029217693935371,5.622100298584444e-4,DOWN in responders,cg27329848,TSS200,Island,0.040342177909493473,0.5550909016491534,HYPERmethylated in responders,concordant (promoter hypermethylation -> lower expression)
female,BUB1B,ENSG00000156970,-1.6029217693935371,5.622100298584444e-4,DOWN in responders,cg24451981,1stExon,Island,0.1386102884775293,0.5612505900580881,HYPERmethylated in responders,concordant (promoter hypermethylation -> lower expression)
female,BUB1B,ENSG00000156970,-1.6029217693935371,5.622100298584444e-4,DOWN in responders,cg24451981,5'UTR,Island,0.1386102884775293,0.5612505900580881,HYPERmethylated in responders,concordant (promoter hypermethylation -> lower expression)
female,BUB1B,ENSG00000156970,-1.6029217693935371,5.622100298584444e-4,DOWN in responders,cg11331988,1stExon,Island,-0.11651648062899472,0.5887317282052321,HYPOmethylated in responders,non-canonical / not the textbook direction
female,BUB1B,ENSG00000156970,-1.6029217693935371,5.622100298584444e-4,DOWN in responders,cg11331988,5'UTR,Island,-0.11651648062899472,0.5887317282052321,HYPOmethylated in responders,non-canonical / not the textbook direction
female,BUB1B,ENSG00000156970,-1.6029217693935371,5.622100298584444e-4,DOWN in responders,cg04887414,Body,Island,0.08846872189880163,0.5940235045722713,HYPERmethylated in responders,non-canonical / not the textbook direction
female,BUB1B,ENSG00000156970,-1.6029217693935371,5.622100298584444e-4,DOWN in responders,cg15875609,Body,OpenSea,0.04023606947286035,0.6568799105968839,HYPERmethylated in responders,non-canonical / not the textbook direction
female,BUB1B,ENSG00000156970,-1.6029217693935371,5.622100298584444e-4,DOWN in responders,cg03763391,TSS200,Island,0.013480925261089025,0.8384357218006605,HYPERmethylated in responders,concordant (promoter hypermethylation -> lower expression)
female,BUB1B,ENSG00000156970,-1.6029217693935371,5.622100298584444e-4,DOWN in responders,cg20259534,TSS200,Island,0.016483884015627673,0.8473600278651985,HYPERmethylated in responders,concordant (promoter hypermethylation -> lower expression)
female,BUB1B,ENSG00000156970,-1.6029217693935371,5.622100298584444e-4,DOWN in responders,cg14343107,Body,S_Shore,-0.014277377057888709,0.8492651321748093,HYPOmethylated in responders,concordant (gene-body hypomethylation -> lower expression)
female,BUB1B,ENSG00000156970,-1.6029217693935371,5.622100298584444e-4,DOWN in responders,cg02847760,TSS200,Island,-0.013179514619575748,0.8504930119898482,HYPOmethylated in responders,non-canonical / not the textbook direction
female,BUB1B,ENSG00000156970,-1.6029217693935371,5.622100298584444e-4,DOWN in responders,cg09946396,TSS1500,N_Shore,0.01412172675099269,0.8509682124652862,HYPERmethylated in responders,concordant (promoter hypermethylation -> lower expression)
female,BUB1B,ENSG00000156970,-1.6029217693935371,5.622100298584444e-4,DOWN in responders,cg18039797,Body,OpenSea,0.014937421687452927,0.8751883088142021,HYPERmethylated in responders,non-canonical / not the textbook direction
female,BUB1B,ENSG00000156970,-1.6029217693935371,5.622100298584444e-4,DOWN in responders,cg24584161,TSS1500,N_Shore,0.008776415620448405,0.901881995605829,HYPERmethylated in responders,concordant (promoter hypermethylation -> lower expression)
female,BUB1B,ENSG00000156970,-1.6029217693935371,5.622100298584444e-4,DOWN in responders,cg27380503,TSS200,Island,-0.005619974217191397,0.941503598067398,HYPOmethylated in responders,non-canonical / not the textbook direction
female,GRB10,ENSG00000106070,-0.5593091093426991,0.0010253775352938373,DOWN in responders,cg00350885,5'UTR,N_Shore,-0.5079516225343318,0.011684373829923253,HYPOmethylated in responders,non-canonical / not the textbook direction
female,GRB10,ENSG00000106070,-0.5593091093426991,0.0010253775352938373,DOWN in responders,cg08372825,Body,OpenSea,0.20419930988414772,0.01191376732625303,HYPERmethylated in responders,non-canonical / not the textbook direction
female,GRB10,ENSG00000106070,-0.5593091093426991,0.0010253775352938373,DOWN in responders,cg19017034,Body,OpenSea,0.17929813970561917,0.038035702917124443,HYPERmethylated in responders,non-canonical / not the textbook direction
female,GRB10,ENSG00000106070,-0.5593091093426991,0.0010253775352938373,DOWN in responders,cg06386517,5'UTR,N_Shore,-0.6931838975617555,0.03850672727238851,HYPOmethylated in responders,non-canonical / not the textbook direction
female,GRB10,ENSG00000106070,-0.5593091093426991,0.0010253775352938373,DOWN in responders,cg16450086,5'UTR,OpenSea,0.18625728443770542,0.0424978669762638,HYPERmethylated in responders,concordant (promoter hypermethylation -> lower expression)
female,GRB10,ENSG00000106070,-0.5593091093426991,0.0010253775352938373,DOWN in responders,cg16450086,Body,OpenSea,0.18625728443770542,0.0424978669762638,HYPERmethylated in responders,non-canonical / not the textbook direction
female,GRB10,ENSG00000106070,-0.5593091093426991,0.0010253775352938373,DOWN in responders,cg14569352,5'UTR,OpenSea,0.1532823785049321,0.058276685211237134,HYPERmethylated in responders,concordant (promoter hypermethylation -> lower expression)
female,GRB10,ENSG00000106070,-0.5593091093426991,0.0010253775352938373,DOWN in responders,cg14569352,Body,OpenSea,0.1532823785049321,0.058276685211237134,HYPERmethylated in responders,non-canonical / not the textbook direction
female,GRB10,ENSG00000106070,-0.5593091093426991,0.0010253775352938373,DOWN in responders,cg11867552,5'UTR,OpenSea,0.11919595904925176,0.06416795309608488,HYPERmethylated in responders,concordant (promoter hypermethylation -> lower expression)
female,GRB10,ENSG00000106070,-0.5593091093426991,0.0010253775352938373,DOWN in responders,cg11867552,TSS1500,OpenSea,0.11919595904925176,0.06416795309608488,HYPERmethylated in responders,concordant (promoter hypermethylation -> lower expression)
female,GRB10,ENSG00000106070,-0.5593091093426991,0.0010253775352938373,DOWN in responders,cg13459606,TSS1500,S_Shore,0.1332945795810036,0.0784563595305208,HYPERmethylated in responders,concordant (promoter hypermethylation -> lower expression)
female,GRB10,ENSG00000106070,-0.5593091093426991,0.0010253775352938373,DOWN in responders,cg10845890,5'UTR,OpenSea,0.24058614408417367,0.0803349059792193,HYPERmethylated in responders,concordant (promoter hypermethylation -> lower expression)
female,GRB10,ENSG00000106070,-0.5593091093426991,0.0010253775352938373,DOWN in responders,cg10845890,Body,OpenSea,0.24058614408417367,0.0803349059792193,HYPERmethylated in responders,non-canonical / not the textbook direction
female,GRB10,ENSG00000106070,-0.5593091093426991,0.0010253775352938373,DOWN in responders,cg01610059,Body,OpenSea,0.1348054997427855,0.08570451607053668,HYPERmethylated in responders,non-canonical / not the textbook direction
female,GRB10,ENSG00000106070,-0.5593091093426991,0.0010253775352938373,DOWN in responders,cg19499709,3'UTR,OpenSea,0.1270751064704801,0.09454886611715109,HYPERmethylated in responders,non-canonical / not the textbook direction
female,GRB10,ENSG00000106070,-0.5593091093426991,0.0010253775352938373,DOWN in responders,cg02468316,5'UTR,OpenSea,0.12217075473157814,0.10688848307437342,HYPERmethylated in responders,concordant (promoter hypermethylation -> lower expression)
female,GRB10,ENSG00000106070,-0.5593091093426991,0.0010253775352938373,DOWN in responders,cg02468316,TSS1500,OpenSea,0.12217075473157814,0.10688848307437342,HYPERmethylated in responders,concordant (promoter hypermethylation -> lower expression)
female,GRB10,ENSG00000106070,-0.5593091093426991,0.0010253775352938373,DOWN in responders,cg07235057,Body,OpenSea,0.18498687282473208,0.11058344165635278,HYPERmethylated in responders,non-canonical / not the textbook direction
female,GRB10,ENSG00000106070,-0.5593091093426991,0.0010253775352938373,DOWN in responders,cg22812151,Body,OpenSea,0.1304996645978515,0.12184475949736844,HYPERmethylated in responders,non-canonical / not the textbook direction
female,GRB10,ENSG00000106070,-0.5593091093426991,0.0010253775352938373,DOWN in responders,cg22812151,5'UTR,OpenSea,0.1304996645978515,0.12184475949736844,HYPERmethylated in responders,concordant (promoter hypermethylation -> lower expression)
female,GRB10,ENSG00000106070,-0.5593091093426991,0.0010253775352938373,DOWN in responders,cg07040697,5'UTR,OpenSea,0.08857097967046132,0.13044530137916832,HYPERmethylated in responders,concordant (promoter hypermethylation -> lower expression)
female,GRB10,ENSG00000106070,-0.5593091093426991,0.0010253775352938373,DOWN in responders,cg07398810,5'UTR,OpenSea,0.09312642725361145,0.13369626218513259,HYPERmethylated in responders,concordant (promoter hypermethylation -> lower expression)
female,GRB10,ENSG00000106070,-0.5593091093426991,0.0010253775352938373,DOWN in responders,cg22821931,5'UTR,OpenSea,0.11876096207192476,0.13498886665479962,HYPERmethylated in responders,concordant (promoter hypermethylation -> lower expression)
female,GRB10,ENSG00000106070,-0.5593091093426991,0.0010253775352938373,DOWN in responders,cg22821931,TSS1500,OpenSea,0.11876096207192476,0.13498886665479962,HYPERmethylated in responders,concordant (promoter hypermethylation -> lower expression)
female,GRB10,ENSG00000106070,-0.5593091093426991,0.0010253775352938373,DOWN in responders,cg07338713,ExonBnd,OpenSea,0.10435598522978382,0.1380568645592074,HYPERmethylated in responders,non-canonical / not the textbook direction
female,GRB10,ENSG00000106070,-0.5593091093426991,0.0010253775352938373,DOWN in responders,cg07338713,5'UTR,OpenSea,0.10435598522978382,0.1380568645592074,HYPERmethylated in responders,concordant (promoter hypermethylation -> lower expression)
female,GRB10,ENSG00000106070,-0.5593091093426991,0.0010253775352938373,DOWN in responders,cg24874805,5'UTR,OpenSea,0.09615097627955849,0.14091809992872179,HYPERmethylated in responders,concordant (promoter hypermethylation -> lower expression)
female,GRB10,ENSG00000106070,-0.5593091093426991,0.0010253775352938373,DOWN in responders,cg19740223,5'UTR,OpenSea,0.10549435176031938,0.14998121436587789,HYPERmethylated in responders,concordant (promoter hypermethylation -> lower expression)
female,GRB10,ENSG00000106070,-0.5593091093426991,0.0010253775352938373,DOWN in responders,cg22055162,TSS1500,S_Shore,0.10716736055969914,0.16289555121291716,HYPERmethylated in responders,concordant (promoter hypermethylation -> lower expression)
female,GRB10,ENSG00000106070,-0.5593091093426991,0.0010253775352938373,DOWN in responders,cg23891601,5'UTR,OpenSea,0.5592202752348532,0.17000655691859104,HYPERmethylated in responders,concordant (promoter hypermethylation -> lower expression)
female,GRB10,ENSG00000106070,-0.5593091093426991,0.0010253775352938373,DOWN in responders,cg20447079,3'UTR,OpenSea,-0.11420301818345438,0.18367377378673813,HYPOmethylated in responders,non-canonical / not the textbook direction
female,GRB10,ENSG00000106070,-0.5593091093426991,0.0010253775352938373,DOWN in responders,cg27006764,TSS1500,Island,0.1155482622426957,0.18745474508227772,HYPERmethylated in responders,concordant (promoter hypermethylation -> lower expression)
female,GRB10,ENSG00000106070,-0.5593091093426991,0.0010253775352938373,DOWN in responders,cg11685652,3'UTR,OpenSea,0.09504069427840357,0.18927257792617894,HYPERmethylated in responders,non-canonical / not the textbook direction
female,GRB10,ENSG00000106070,-0.5593091093426991,0.0010253775352938373,DOWN in responders,cg09268453,TSS1500,S_Shore,0.08975951460306941,0.20185147067315223,HYPERmethylated in responders,concordant (promoter hypermethylation -> lower expression)
female,GRB10,ENSG00000106070,-0.5593091093426991,0.0010253775352938373,DOWN in responders,cg24864397,Body,OpenSea,0.11932817648647705,0.2047342734084557,HYPERmethylated in responders,non-canonical / not the textbook direction
female,GRB10,ENSG00000106070,-0.5593091093426991,0.0010253775352938373,DOWN in responders,cg24864397,5'UTR,OpenSea,0.11932817648647705,0.2047342734084557,HYPERmethylated in responders,concordant (promoter hypermethylation -> lower expression)
female,GRB10,ENSG00000106070,-0.5593091093426991,0.0010253775352938373,DOWN in responders,cg05343808,5'UTR,N_Shelf,0.08539487834291945,0.21955012502106716,HYPERmethylated in responders,concordant (promoter hypermethylation -> lower expression)
female,GRB10,ENSG00000106070,-0.5593091093426991,0.0010253775352938373,DOWN in responders,cg26957150,TSS1500,S_Shore,0.10220365001352787,0.22382258468041819,HYPERmethylated in responders,concordant (promoter hypermethylation -> lower expression)
female,GRB10,ENSG00000106070,-0.5593091093426991,0.0010253775352938373,DOWN in responders,cg12999836,Body,OpenSea,0.11716570129072974,0.23058551508102798,HYPERmethylated in responders,non-canonical / not the textbook direction
female,GRB10,ENSG00000106070,-0.5593091093426991,0.0010253775352938373,DOWN in responders,cg12999836,5'UTR,OpenSea,0.11716570129072974,0.23058551508102798,HYPERmethylated in responders,concordant (promoter hypermethylation -> lower expression)
female,GRB10,ENSG00000106070,-0.5593091093426991,0.0010253775352938373,DOWN in responders,cg10289927,5'UTR,OpenSea,0.07882517363937142,0.24104117372959252,HYPERmethylated in responders,concordant (promoter hypermethylation -> lower expression)
female,GRB10,ENSG00000106070,-0.5593091093426991,0.0010253775352938373,DOWN in responders,cg21517389,TSS1500,Island,0.10760247111092017,0.24151811996528688,HYPERmethylated in responders,concordant (promoter hypermethylation -> lower expression)
female,GRB10,ENSG00000106070,-0.5593091093426991,0.0010253775352938373,DOWN in responders,cg24621107,Body,OpenSea,0.13250512891352564,0.24806312231326408,HYPERmethylated in responders,non-canonical / not the textbook direction
female,GRB10,ENSG00000106070,-0.5593091093426991,0.0010253775352938373,DOWN in responders,cg07620446,5'UTR,OpenSea,0.1002166136630001,0.2572166124384143,HYPERmethylated in responders,concordant (promoter hypermethylation -> lower expression)
female,GRB10,ENSG00000106070,-0.5593091093426991,0.0010253775352938373,DOWN in responders,cg09795520,Body,OpenSea,0.13194631463161782,0.25961230165451726,HYPERmethylated in responders,non-canonical / not the textbook direction
female,GRB10,ENSG00000106070,-0.5593091093426991,0.0010253775352938373,DOWN in responders,cg09795520,5'UTR,OpenSea,0.13194631463161782,0.25961230165451726,HYPERmethylated in responders,concordant (promoter hypermethylation -> lower expression)
female,GRB10,ENSG00000106070,-0.5593091093426991,0.0010253775352938373,DOWN in responders,cg25748357,5'UTR,OpenSea,0.07722050088172089,0.268804134415589,HYPERmethylated in responders,concordant (promoter hypermethylation -> lower expression)
female,GRB10,ENSG00000106070,-0.5593091093426991,0.0010253775352938373,DOWN in responders,cg25748357,1stExon,OpenSea,0.07722050088172089,0.268804134415589,HYPERmethylated in responders,concordant (promoter hypermethylation -> lower expression)
female,GRB10,ENSG00000106070,-0.5593091093426991,0.0010253775352938373,DOWN in responders,cg21655143,Body,OpenSea,0.09962628936250181,0.27124831124378695,HYPERmethylated in responders,non-canonical / not the textbook direction
female,GRB10,ENSG00000106070,-0.5593091093426991,0.0010253775352938373,DOWN in responders,cg03514139,Body,OpenSea,0.1537471073812553,0.27170956682020186,HYPERmethylated in responders,non-canonical / not the textbook direction
female,GRB10,ENSG00000106070,-0.5593091093426991,0.0010253775352938373,DOWN in responders,cg02204205,TSS1500,Island,0.09447074486532832,0.28339440167102725,HYPERmethylated in responders,concordant (promoter hypermethylation -> lower expression)
female,GRB10,ENSG00000106070,-0.5593091093426991,0.0010253775352938373,DOWN in responders,cg25472458,5'UTR,OpenSea,-0.08324788369239064,0.2961002101070437,HYPOmethylated in responders,non-canonical / not the textbook direction
female,GRB10,ENSG00000106070,-0.5593091093426991,0.0010253775352938373,DOWN in responders,cg25472458,TSS1500,OpenSea,-0.08324788369239064,0.2961002101070437,HYPOmethylated in responders,non-canonical / not the textbook direction
female,GRB10,ENSG00000106070,-0.5593091093426991,0.0010253775352938373,DOWN in responders,cg26288058,Body,OpenSea,0.09889385771387771,0.3020805777956503,HYPERmethylated in responders,non-canonical / not the textbook direction
female,GRB10,ENSG00000106070,-0.5593091093426991,0.0010253775352938373,DOWN in responders,cg23104539,TSS1500,Island,0.10773729545726764,0.3055131914219666,HYPERmethylated in responders,concordant (promoter hypermethylation -> lower expression)
female,GRB10,ENSG00000106070,-0.5593091093426991,0.0010253775352938373,DOWN in responders,cg06398390,5'UTR,OpenSea,0.07879169072789938,0.3073393492480741,HYPERmethylated in responders,concordant (promoter hypermethylation -> lower expression)
female,GRB10,ENSG00000106070,-0.5593091093426991,0.0010253775352938373,DOWN in responders,ch.7.1171004F,Body,OpenSea,0.09217288241354596,0.3346111881528999,HYPERmethylated in responders,non-canonical / not the textbook direction
female,GRB10,ENSG00000106070,-0.5593091093426991,0.0010253775352938373,DOWN in responders,cg06224905,3'UTR,OpenSea,0.09823441572060726,0.3350768431524338,HYPERmethylated in responders,non-canonical / not the textbook direction
female,GRB10,ENSG00000106070,-0.5593091093426991,0.0010253775352938373,DOWN in responders,cg09761747,Body,OpenSea,0.10690357221057398,0.3356694937438601,HYPERmethylated in responders,non-canonical / not the textbook direction
female,GRB10,ENSG00000106070,-0.5593091093426991,0.0010253775352938373,DOWN in responders,cg09761747,5'UTR,OpenSea,0.10690357221057398,0.3356694937438601,HYPERmethylated in responders,concordant (promoter hypermethylation -> lower expression)
female,GRB10,ENSG00000106070,-0.5593091093426991,0.0010253775352938373,DOWN in responders,cg11291906,5'UTR,OpenSea,0.08527168895077133,0.3363858304492833,HYPERmethylated in responders,concordant (promoter hypermethylation -> lower expression)
female,GRB10,ENSG00000106070,-0.5593091093426991,0.0010253775352938373,DOWN in responders,cg16826856,5'UTR,OpenSea,0.06906688353986315,0.33845763047888944,HYPERmethylated in responders,concordant (promoter hypermethylation -> lower expression)
female,GRB10,ENSG00000106070,-0.5593091093426991,0.0010253775352938373,DOWN in responders,cg19381814,5'UTR,OpenSea,0.07102935198625443,0.3416174723974674,HYPERmethylated in responders,concordant (promoter hypermethylation -> lower expression)
female,GRB10,ENSG00000106070,-0.5593091093426991,0.0010253775352938373,DOWN in responders,cg19381814,TSS1500,OpenSea,0.07102935198625443,0.3416174723974674,HYPERmethylated in responders,concordant (promoter hypermethylation -> lower expression)
female,GRB10,ENSG00000106070,-0.5593091093426991,0.0010253775352938373,DOWN in responders,cg24977055,5'UTR,Island,0.06239636133335462,0.35117638233264337,HYPERmethylated in responders,concordant (promoter hypermethylation -> lower expression)
female,GRB10,ENSG00000106070,-0.5593091093426991,0.0010253775352938373,DOWN in responders,cg25674763,5'UTR,OpenSea,0.07240936088430566,0.3527003786359685,HYPERmethylated in responders,concordant (promoter hypermethylation -> lower expression)
female,GRB10,ENSG00000106070,-0.5593091093426991,0.0010253775352938373,DOWN in responders,cg00110519,5'UTR,OpenSea,0.0634615784187164,0.3535878380071894,HYPERmethylated in responders,concordant (promoter hypermethylation -> lower expression)
female,GRB10,ENSG00000106070,-0.5593091093426991,0.0010253775352938373,DOWN in responders,cg16349612,5'UTR,N_Shore,0.061820198693936235,0.3542043722616708,HYPERmethylated in responders,concordant (promoter hypermethylation -> lower expression)
female,GRB10,ENSG00000106070,-0.5593091093426991,0.0010253775352938373,DOWN in responders,cg27204197,Body,OpenSea,0.1132684771518697,0.35661693321016785,HYPERmethylated in responders,non-canonical / not the textbook direction
female,GRB10,ENSG00000106070,-0.5593091093426991,0.0010253775352938373,DOWN in responders,cg03370077,5'UTR,OpenSea,0.06077017452714891,0.3588148710480876,HYPERmethylated in responders,concordant (promoter hypermethylation -> lower expression)
female,GRB10,ENSG00000106070,-0.5593091093426991,0.0010253775352938373,DOWN in responders,cg03370077,TSS1500,OpenSea,0.06077017452714891,0.3588148710480876,HYPERmethylated in responders,concordant (promoter hypermethylation -> lower expression)
female,GRB10,ENSG00000106070,-0.5593091093426991,0.0010253775352938373,DOWN in responders,cg23120299,TSS200,OpenSea,0.07141201045871977,0.3603427413501372,HYPERmethylated in responders,concordant (promoter hypermethylation -> lower expression)
female,GRB10,ENSG00000106070,-0.5593091093426991,0.0010253775352938373,DOWN in responders,cg23120299,Body,OpenSea,0.07141201045871977,0.3603427413501372,HYPERmethylated in responders,non-canonical / not the textbook direction
female,GRB10,ENSG00000106070,-0.5593091093426991,0.0010253775352938373,DOWN in responders,cg23120299,5'UTR,OpenSea,0.07141201045871977,0.3603427413501372,HYPERmethylated in responders,concordant (promoter hypermethylation -> lower expression)
female,GRB10,ENSG00000106070,-0.5593091093426991,0.0010253775352938373,DOWN in responders,cg01448853,5'UTR,OpenSea,0.06340476268053835,0.3702546757758245,HYPERmethylated in responders,concordant (promoter hypermethylation -> lower expression)
female,GRB10,ENSG00000106070,-0.5593091093426991,0.0010253775352938373,DOWN in responders,cg01448853,Body,OpenSea,0.06340476268053835,0.3702546757758245,HYPERmethylated in responders,non-canonical / not the textbook direction
female,GRB10,ENSG00000106070,-0.5593091093426991,0.0010253775352938373,DOWN in responders,cg01448853,1stExon,OpenSea,0.06340476268053835,0.3702546757758245,HYPERmethylated in responders,concordant (promoter hypermethylation -> lower expression)
female,GRB10,ENSG00000106070,-0.5593091093426991,0.0010253775352938373,DOWN in responders,cg05998930,5'UTR,N_Shore,0.08765801708413433,0.37907347411912795,HYPERmethylated in responders,concordant (promoter hypermethylation -> lower expression)
female,GRB10,ENSG00000106070,-0.5593091093426991,0.0010253775352938373,DOWN in responders,cg02093266,5'UTR,OpenSea,0.1596734303119081,0.3905571613595904,HYPERmethylated in responders,concordant (promoter hypermethylation -> lower expression)
female,GRB10,ENSG00000106070,-0.5593091093426991,0.0010253775352938373,DOWN in responders,cg26812147,5'UTR,OpenSea,-0.08321254797873534,0.39164537823517864,HYPOmethylated in responders,non-canonical / not the textbook direction
female,GRB10,ENSG00000106070,-0.5593091093426991,0.0010253775352938373,DOWN in responders,cg26812147,Body,OpenSea,-0.08321254797873534,0.39164537823517864,HYPOmethylated in responders,concordant (gene-body hypomethylation -> lower expression)
female,GRB10,ENSG00000106070,-0.5593091093426991,0.0010253775352938373,DOWN in responders,cg26812147,TSS1500,OpenSea,-0.08321254797873534,0.39164537823517864,HYPOmethylated in responders,non-canonical / not the textbook direction
female,GRB10,ENSG00000106070,-0.5593091093426991,0.0010253775352938373,DOWN in responders,cg07958937,Body,OpenSea,0.07859825833279578,0.39233828339339705,HYPERmethylated in responders,non-canonical / not the textbook direction
female,GRB10,ENSG00000106070,-0.5593091093426991,0.0010253775352938373,DOWN in responders,cg00294065,3'UTR,OpenSea,0.058794087096960886,0.3926191693677933,HYPERmethylated in responders,non-canonical / not the textbook direction
female,GRB10,ENSG00000106070,-0.5593091093426991,0.0010253775352938373,DOWN in responders,cg01495332,5'UTR,OpenSea,0.08709017501135982,0.39892890498672195,HYPERmethylated in responders,concordant (promoter hypermethylation -> lower expression)
female,GRB10,ENSG00000106070,-0.5593091093426991,0.0010253775352938373,DOWN in responders,cg01495332,Body,OpenSea,0.08709017501135982,0.39892890498672195,HYPERmethylated in responders,non-canonical / not the textbook direction
female,GRB10,ENSG00000106070,-0.5593091093426991,0.0010253775352938373,DOWN in responders,cg16945249,5'UTR,OpenSea,-0.0573005572029232,0.4253308937457382,HYPOmethylated in responders,non-canonical / not the textbook direction
female,GRB10,ENSG00000106070,-0.5593091093426991,0.0010253775352938373,DOWN in responders,cg16535493,TSS1500,S_Shore,0.07468915739267412,0.4346235907731313,HYPERmethylated in responders,concordant (promoter hypermethylation -> lower expression)
female,GRB10,ENSG00000106070,-0.5593091093426991,0.0010253775352938373,DOWN in responders,cg06120688,5'UTR,OpenSea,0.05131027450719344,0.4427738584227373,HYPERmethylated in responders,concordant (promoter hypermethylation -> lower expression)
female,GRB10,ENSG00000106070,-0.5593091093426991,0.0010253775352938373,DOWN in responders,cg06120688,Body,OpenSea,0.05131027450719344,0.4427738584227373,HYPERmethylated in responders,non-canonical / not the textbook direction
female,GRB10,ENSG00000106070,-0.5593091093426991,0.0010253775352938373,DOWN in responders,cg06120688,1stExon,OpenSea,0.05131027450719344,0.4427738584227373,HYPERmethylated in responders,concordant (promoter hypermethylation -> lower expression)
female,GRB10,ENSG00000106070,-0.5593091093426991,0.0010253775352938373,DOWN in responders,cg03466198,Body,OpenSea,-0.19277410714122734,0.4504038357983494,HYPOmethylated in responders,concordant (gene-body hypomethylation -> lower expression)
female,GRB10,ENSG00000106070,-0.5593091093426991,0.0010253775352938373,DOWN in responders,cg22281380,TSS1500,Island,0.10826108640849823,0.47215693500618505,HYPERmethylated in responders,concordant (promoter hypermethylation -> lower expression)
female,GRB10,ENSG00000106070,-0.5593091093426991,0.0010253775352938373,DOWN in responders,cg25829805,Body,OpenSea,-0.05857151557718292,0.48208393489997003,HYPOmethylated in responders,concordant (gene-body hypomethylation -> lower expression)
female,GRB10,ENSG00000106070,-0.5593091093426991,0.0010253775352938373,DOWN in responders,cg25829805,5'UTR,OpenSea,-0.05857151557718292,0.48208393489997003,HYPOmethylated in responders,non-canonical / not the textbook direction
female,GRB10,ENSG00000106070,-0.5593091093426991,0.0010253775352938373,DOWN in responders,cg27653667,5'UTR,Island,-0.07435380409524688,0.48434344406299734,HYPOmethylated in responders,non-canonical / not the textbook direction
female,GRB10,ENSG00000106070,-0.5593091093426991,0.0010253775352938373,DOWN in responders,cg00754947,TSS1500,S_Shore,0.06071339026655898,0.484934381273161,HYPERmethylated in responders,concordant (promoter hypermethylation -> lower expression)
female,GRB10,ENSG00000106070,-0.5593091093426991,0.0010253775352938373,DOWN in responders,cg26050906,5'UTR,OpenSea,0.08563190574431373,0.499935226012169,HYPERmethylated in responders,concordant (promoter hypermethylation -> lower expression)
female,GRB10,ENSG00000106070,-0.5593091093426991,0.0010253775352938373,DOWN in responders,cg26050906,TSS200,OpenSea,0.08563190574431373,0.499935226012169,HYPERmethylated in responders,concordant (promoter hypermethylation -> lower expression)
female,GRB10,ENSG00000106070,-0.5593091093426991,0.0010253775352938373,DOWN in responders,cg10516089,5'UTR,OpenSea,-0.05660996583051231,0.5021158329516884,HYPOmethylated in responders,non-canonical / not the textbook direction
female,GRB10,ENSG00000106070,-0.5593091093426991,0.0010253775352938373,DOWN in responders,cg10516089,TSS1500,OpenSea,-0.05660996583051231,0.5021158329516884,HYPOmethylated in responders,non-canonical / not the textbook direction
female,GRB10,ENSG00000106070,-0.5593091093426991,0.0010253775352938373,DOWN in responders,cg23776146,5'UTR,N_Shore,-0.14617385029632934,0.5113013870463194,HYPOmethylated in responders,non-canonical / not the textbook direction
female,GRB10,ENSG00000106070,-0.5593091093426991,0.0010253775352938373,DOWN in responders,cg10719847,Body,OpenSea,0.06409219903356317,0.519460587867626,HYPERmethylated in responders,non-canonical / not the textbook direction
female,GRB10,ENSG00000106070,-0.5593091093426991,0.0010253775352938373,DOWN in responders,cg04053021,5'UTR,OpenSea,0.07521077708361497,0.542521239779109,HYPERmethylated in responders,concordant (promoter hypermethylation -> lower expression)
female,GRB10,ENSG00000106070,-0.5593091093426991,0.0010253775352938373,DOWN in responders,cg04053021,Body,OpenSea,0.07521077708361497,0.542521239779109,HYPERmethylated in responders,non-canonical / not the textbook direction
female,GRB10,ENSG00000106070,-0.5593091093426991,0.0010253775352938373,DOWN in responders,cg11587609,3'UTR,OpenSea,0.038247943461879624,0.5455723248759464,HYPERmethylated in responders,non-canonical / not the textbook direction
female,GRB10,ENSG00000106070,-0.5593091093426991,0.0010253775352938373,DOWN in responders,cg06125049,3'UTR,OpenSea,-0.05319821847814469,0.5493400323018814,HYPOmethylated in responders,non-canonical / not the textbook direction
female,GRB10,ENSG00000106070,-0.5593091093426991,0.0010253775352938373,DOWN in responders,cg01604051,5'UTR,S_Shore,0.0453947927069839,0.5622908533755504,HYPERmethylated in responders,concordant (promoter hypermethylation -> lower expression)
female,GRB10,ENSG00000106070,-0.5593091093426991,0.0010253775352938373,DOWN in responders,cg13311902,5'UTR,OpenSea,0.04038295305740434,0.5693009339622017,HYPERmethylated in responders,concordant (promoter hypermethylation -> lower expression)
female,GRB10,ENSG00000106070,-0.5593091093426991,0.0010253775352938373,DOWN in responders,cg13311902,Body,OpenSea,0.04038295305740434,0.5693009339622017,HYPERmethylated in responders,non-canonical / not the textbook direction
female,GRB10,ENSG00000106070,-0.5593091093426991,0.0010253775352938373,DOWN in responders,cg13311902,TSS1500,OpenSea,0.04038295305740434,0.5693009339622017,HYPERmethylated in responders,concordant (promoter hypermethylation -> lower expression)
female,GRB10,ENSG00000106070,-0.5593091093426991,0.0010253775352938373,DOWN in responders,cg25975369,TSS1500,S_Shore,0.041503806305845645,0.5731907110621894,HYPERmethylated in responders,concordant (promoter hypermethylation -> lower expression)
female,GRB10,ENSG00000106070,-0.5593091093426991,0.0010253775352938373,DOWN in responders,cg03013699,5'UTR,OpenSea,-0.036605427611093436,0.5786894877755749,HYPOmethylated in responders,non-canonical / not the textbook direction
female,GRB10,ENSG00000106070,-0.5593091093426991,0.0010253775352938373,DOWN in responders,cg03013699,Body,OpenSea,-0.036605427611093436,0.5786894877755749,HYPOmethylated in responders,concordant (gene-body hypomethylation -> lower expression)
female,GRB10,ENSG00000106070,-0.5593091093426991,0.0010253775352938373,DOWN in responders,cg00901940,5'UTR,OpenSea,0.059397293255075374,0.5905174734360052,HYPERmethylated in responders,concordant (promoter hypermethylation -> lower expression)
female,GRB10,ENSG00000106070,-0.5593091093426991,0.0010253775352938373,DOWN in responders,cg16058498,5'UTR,OpenSea,0.04881179502723719,0.5914450693265594,HYPERmethylated in responders,concordant (promoter hypermethylation -> lower expression)
female,GRB10,ENSG00000106070,-0.5593091093426991,0.0010253775352938373,DOWN in responders,cg16058498,TSS1500,OpenSea,0.04881179502723719,0.5914450693265594,HYPERmethylated in responders,concordant (promoter hypermethylation -> lower expression)
female,GRB10,ENSG00000106070,-0.5593091093426991,0.0010253775352938373,DOWN in responders,cg07553378,Body,OpenSea,0.06058517885180464,0.5915574700693712,HYPERmethylated in responders,non-canonical / not the textbook direction
female,GRB10,ENSG00000106070,-0.5593091093426991,0.0010253775352938373,DOWN in responders,cg06790324,5'UTR,N_Shore,0.04823939445306853,0.6066236541953176,HYPERmethylated in responders,concordant (promoter hypermethylation -> lower expression)
female,GRB10,ENSG00000106070,-0.5593091093426991,0.0010253775352938373,DOWN in responders,cg15774495,TSS1500,Island,0.05420047410735113,0.618709783562695,HYPERmethylated in responders,concordant (promoter hypermethylation -> lower expression)
female,GRB10,ENSG00000106070,-0.5593091093426991,0.0010253775352938373,DOWN in responders,cg26163537,TSS1500,Island,0.041196008960656644,0.6197307974808124,HYPERmethylated in responders,concordant (promoter hypermethylation -> lower expression)
female,GRB10,ENSG00000106070,-0.5593091093426991,0.0010253775352938373,DOWN in responders,cg23305109,Body,OpenSea,0.03490251112186494,0.6336547676280975,HYPERmethylated in responders,non-canonical / not the textbook direction
female,GRB10,ENSG00000106070,-0.5593091093426991,0.0010253775352938373,DOWN in responders,cg23305109,5'UTR,OpenSea,0.03490251112186494,0.6336547676280975,HYPERmethylated in responders,concordant (promoter hypermethylation -> lower expression)
female,GRB10,ENSG00000106070,-0.5593091093426991,0.0010253775352938373,DOWN in responders,cg18454288,TSS1500,Island,0.040545272915894146,0.6368380996510594,HYPERmethylated in responders,concordant (promoter hypermethylation -> lower expression)
female,GRB10,ENSG00000106070,-0.5593091093426991,0.0010253775352938373,DOWN in responders,cg12256753,5'UTR,OpenSea,0.052026678820544535,0.6496511557556355,HYPERmethylated in responders,concordant (promoter hypermethylation -> lower expression)
female,GRB10,ENSG00000106070,-0.5593091093426991,0.0010253775352938373,DOWN in responders,cg01765238,Body,OpenSea,-0.04096544361506375,0.6496699247586282,HYPOmethylated in responders,concordant (gene-body hypomethylation -> lower expression)
female,GRB10,ENSG00000106070,-0.5593091093426991,0.0010253775352938373,DOWN in responders,cg09521872,5'UTR,OpenSea,0.04990138917816509,0.6508477219724567,HYPERmethylated in responders,concordant (promoter hypermethylation -> lower expression)
female,GRB10,ENSG00000106070,-0.5593091093426991,0.0010253775352938373,DOWN in responders,cg09521872,TSS1500,OpenSea,0.04990138917816509,0.6508477219724567,HYPERmethylated in responders,concordant (promoter hypermethylation -> lower expression)
female,GRB10,ENSG00000106070,-0.5593091093426991,0.0010253775352938373,DOWN in responders,cg05493751,TSS1500,S_Shore,0.030971480609204145,0.6510465342071798,HYPERmethylated in responders,concordant (promoter hypermethylation -> lower expression)
female,GRB10,ENSG00000106070,-0.5593091093426991,0.0010253775352938373,DOWN in responders,cg09150232,5'UTR,N_Shore,0.04203662627260061,0.6523350691463765,HYPERmethylated in responders,concordant (promoter hypermethylation -> lower expression)
female,GRB10,ENSG00000106070,-0.5593091093426991,0.0010253775352938373,DOWN in responders,cg23023285,5'UTR,Island,0.03126036603165654,0.6668861672748565,HYPERmethylated in responders,concordant (promoter hypermethylation -> lower expression)
female,GRB10,ENSG00000106070,-0.5593091093426991,0.0010253775352938373,DOWN in responders,cg05336198,5'UTR,S_Shelf,-0.027365350280317745,0.669254893941216,HYPOmethylated in responders,non-canonical / not the textbook direction
female,GRB10,ENSG00000106070,-0.5593091093426991,0.0010253775352938373,DOWN in responders,cg27058667,TSS1500,S_Shore,-0.027733748269834817,0.7223986526097721,HYPOmethylated in responders,non-canonical / not the textbook direction
female,GRB10,ENSG00000106070,-0.5593091093426991,0.0010253775352938373,DOWN in responders,cg12288551,5'UTR,OpenSea,0.0394664621178882,0.7295040142882295,HYPERmethylated in responders,concordant (promoter hypermethylation -> lower expression)
female,GRB10,ENSG00000106070,-0.5593091093426991,0.0010253775352938373,DOWN in responders,cg12288551,TSS1500,OpenSea,0.0394664621178882,0.7295040142882295,HYPERmethylated in responders,concordant (promoter hypermethylation -> lower expression)
female,GRB10,ENSG00000106070,-0.5593091093426991,0.0010253775352938373,DOWN in responders,cg18047172,Body,OpenSea,0.029215551638861796,0.7340331764102299,HYPERmethylated in responders,non-canonical / not the textbook direction
female,GRB10,ENSG00000106070,-0.5593091093426991,0.0010253775352938373,DOWN in responders,cg12358041,5'UTR,OpenSea,0.027629097891590602,0.7519769084769831,HYPERmethylated in responders,concordant (promoter hypermethylation -> lower expression)
female,GRB10,ENSG00000106070,-0.5593091093426991,0.0010253775352938373,DOWN in responders,cg12358041,Body,OpenSea,0.027629097891590602,0.7519769084769831,HYPERmethylated in responders,non-canonical / not the textbook direction
female,GRB10,ENSG00000106070,-0.5593091093426991,0.0010253775352938373,DOWN in responders,cg14598721,Body,OpenSea,0.03607185660964107,0.7592658839415678,HYPERmethylated in responders,non-canonical / not the textbook direction
female,GRB10,ENSG00000106070,-0.5593091093426991,0.0010253775352938373,DOWN in responders,cg01238073,5'UTR,OpenSea,0.019622507007898752,0.7661681680582638,HYPERmethylated in responders,concordant (promoter hypermethylation -> lower expression)
female,GRB10,ENSG00000106070,-0.5593091093426991,0.0010253775352938373,DOWN in responders,cg01238073,Body,OpenSea,0.019622507007898752,0.7661681680582638,HYPERmethylated in responders,non-canonical / not the textbook direction
female,GRB10,ENSG00000106070,-0.5593091093426991,0.0010253775352938373,DOWN in responders,cg03104936,5'UTR,N_Shore,0.024134376135309554,0.791343142115427,HYPERmethylated in responders,concordant (promoter hypermethylation -> lower expression)
female,GRB10,ENSG00000106070,-0.5593091093426991,0.0010253775352938373,DOWN in responders,cg21408624,5'UTR,OpenSea,0.031384876151124785,0.8054836182735274,HYPERmethylated in responders,concordant (promoter hypermethylation -> lower expression)
female,GRB10,ENSG00000106070,-0.5593091093426991,0.0010253775352938373,DOWN in responders,cg21408624,TSS200,OpenSea,0.031384876151124785,0.8054836182735274,HYPERmethylated in responders,concordant (promoter hypermethylation -> lower expression)
female,GRB10,ENSG00000106070,-0.5593091093426991,0.0010253775352938373,DOWN in responders,cg19392396,TSS1500,S_Shore,0.017868162774201342,0.8150855012979483,HYPERmethylated in responders,concordant (promoter hypermethylation -> lower expression)
female,GRB10,ENSG00000106070,-0.5593091093426991,0.0010253775352938373,DOWN in responders,cg08586669,Body,OpenSea,-0.03663109590530272,0.816893352968877,HYPOmethylated in responders,concordant (gene-body hypomethylation -> lower expression)
female,GRB10,ENSG00000106070,-0.5593091093426991,0.0010253775352938373,DOWN in responders,cg23742152,5'UTR,Island,-0.013487178898631387,0.8265383798243581,HYPOmethylated in responders,non-canonical / not the textbook direction
female,GRB10,ENSG00000106070,-0.5593091093426991,0.0010253775352938373,DOWN in responders,cg08835688,5'UTR,Island,0.011324694731469381,0.8272799655963383,HYPERmethylated in responders,concordant (promoter hypermethylation -> lower expression)
female,GRB10,ENSG00000106070,-0.5593091093426991,0.0010253775352938373,DOWN in responders,cg24183958,5'UTR,N_Shore,0.015356049561147575,0.8315059408788142,HYPERmethylated in responders,concordant (promoter hypermethylation -> lower expression)
female,GRB10,ENSG00000106070,-0.5593091093426991,0.0010253775352938373,DOWN in responders,cg00228281,5'UTR,OpenSea,0.017145373848907085,0.8348964850243717,HYPERmethylated in responders,concordant (promoter hypermethylation -> lower expression)
female,GRB10,ENSG00000106070,-0.5593091093426991,0.0010253775352938373,DOWN in responders,cg00228281,TSS1500,OpenSea,0.017145373848907085,0.8348964850243717,HYPERmethylated in responders,concordant (promoter hypermethylation -> lower expression)
female,GRB10,ENSG00000106070,-0.5593091093426991,0.0010253775352938373,DOWN in responders,cg17819489,TSS1500,S_Shore,0.01609330186643245,0.8480361807613706,HYPERmethylated in responders,concordant (promoter hypermethylation -> lower expression)
female,GRB10,ENSG00000106070,-0.5593091093426991,0.0010253775352938373,DOWN in responders,cg19944002,Body,OpenSea,-0.024717687440537192,0.8551458549351074,HYPOmethylated in responders,concordant (gene-body hypomethylation -> lower expression)
female,GRB10,ENSG00000106070,-0.5593091093426991,0.0010253775352938373,DOWN in responders,cg01177190,Body,OpenSea,0.017702943980917086,0.8577444741132546,HYPERmethylated in responders,non-canonical / not the textbook direction
female,GRB10,ENSG00000106070,-0.5593091093426991,0.0010253775352938373,DOWN in responders,cg01177190,5'UTR,OpenSea,0.017702943980917086,0.8577444741132546,HYPERmethylated in responders,concordant (promoter hypermethylation -> lower expression)
female,GRB10,ENSG00000106070,-0.5593091093426991,0.0010253775352938373,DOWN in responders,cg13338445,5'UTR,OpenSea,-0.01481652653101833,0.8638610303933487,HYPOmethylated in responders,non-canonical / not the textbook direction
female,GRB10,ENSG00000106070,-0.5593091093426991,0.0010253775352938373,DOWN in responders,cg00224523,5'UTR,OpenSea,-0.0142483096053113,0.8647260346883493,HYPOmethylated in responders,non-canonical / not the textbook direction
female,GRB10,ENSG00000106070,-0.5593091093426991,0.0010253775352938373,DOWN in responders,cg00224523,Body,OpenSea,-0.0142483096053113,0.8647260346883493,HYPOmethylated in responders,concordant (gene-body hypomethylation -> lower expression)
female,GRB10,ENSG00000106070,-0.5593091093426991,0.0010253775352938373,DOWN in responders,cg04223026,Body,OpenSea,-0.0124782217255228,0.8770171313464687,HYPOmethylated in responders,concordant (gene-body hypomethylation -> lower expression)
female,GRB10,ENSG00000106070,-0.5593091093426991,0.0010253775352938373,DOWN in responders,cg04223026,5'UTR,OpenSea,-0.0124782217255228,0.8770171313464687,HYPOmethylated in responders,non-canonical / not the textbook direction
female,GRB10,ENSG00000106070,-0.5593091093426991,0.0010253775352938373,DOWN in responders,ch.7.1172609R,Body,OpenSea,0.019464517101582965,0.8914916971791533,HYPERmethylated in responders,non-canonical / not the textbook direction
female,GRB10,ENSG00000106070,-0.5593091093426991,0.0010253775352938373,DOWN in responders,cg24713989,5'UTR,OpenSea,-0.012533103233548656,0.8919653659255403,HYPOmethylated in responders,non-canonical / not the textbook direction
female,GRB10,ENSG00000106070,-0.5593091093426991,0.0010253775352938373,DOWN in responders,cg24713989,Body,OpenSea,-0.012533103233548656,0.8919653659255403,HYPOmethylated in responders,concordant (gene-body hypomethylation -> lower expression)
female,GRB10,ENSG00000106070,-0.5593091093426991,0.0010253775352938373,DOWN in responders,cg24713989,TSS1500,OpenSea,-0.012533103233548656,0.8919653659255403,HYPOmethylated in responders,non-canonical / not the textbook direction
female,GRB10,ENSG00000106070,-0.5593091093426991,0.0010253775352938373,DOWN in responders,cg17739152,Body,OpenSea,-0.016448553204371972,0.8942341938780434,HYPOmethylated in responders,concordant (gene-body hypomethylation -> lower expression)
female,GRB10,ENSG00000106070,-0.5593091093426991,0.0010253775352938373,DOWN in responders,cg24302095,5'UTR,N_Shore,0.02219800761541041,0.9168483032751538,HYPERmethylated in responders,concordant (promoter hypermethylation -> lower expression)
female,GRB10,ENSG00000106070,-0.5593091093426991,0.0010253775352938373,DOWN in responders,cg24302095,1stExon,N_Shore,0.02219800761541041,0.9168483032751538,HYPERmethylated in responders,concordant (promoter hypermethylation -> lower expression)
female,GRB10,ENSG00000106070,-0.5593091093426991,0.0010253775352938373,DOWN in responders,cg25848339,5'UTR,OpenSea,0.007359498851601454,0.9242221006252,HYPERmethylated in responders,concordant (promoter hypermethylation -> lower expression)
female,GRB10,ENSG00000106070,-0.5593091093426991,0.0010253775352938373,DOWN in responders,cg25848339,TSS1500,OpenSea,0.007359498851601454,0.9242221006252,HYPERmethylated in responders,concordant (promoter hypermethylation -> lower expression)
female,GRB10,ENSG00000106070,-0.5593091093426991,0.0010253775352938373,DOWN in responders,cg14113973,5'UTR,N_Shelf,-0.009257282193364665,0.9313722498245124,HYPOmethylated in responders,non-canonical / not the textbook direction
female,GRB10,ENSG00000106070,-0.5593091093426991,0.0010253775352938373,DOWN in responders,cg15565231,TSS1500,S_Shore,0.006767371539980067,0.9354009942517639,HYPERmethylated in responders,concordant (promoter hypermethylation -> lower expression)
female,GRB10,ENSG00000106070,-0.5593091093426991,0.0010253775352938373,DOWN in responders,cg16960292,Body,OpenSea,0.006880259963486725,0.9589021552249064,HYPERmethylated in responders,non-canonical / not the textbook direction
female,GRB10,ENSG00000106070,-0.5593091093426991,0.0010253775352938373,DOWN in responders,cg01749252,Body,OpenSea,-0.003422482637573009,0.9772641697876907,HYPOmethylated in responders,concordant (gene-body hypomethylation -> lower expression)
female,GRB10,ENSG00000106070,-0.5593091093426991,0.0010253775352938373,DOWN in responders,cg01749252,5'UTR,OpenSea,-0.003422482637573009,0.9772641697876907,HYPOmethylated in responders,non-canonical / not the textbook direction
female,GRB10,ENSG00000106070,-0.5593091093426991,0.0010253775352938373,DOWN in responders,cg07519654,5'UTR,OpenSea,-0.00204423986903241,0.9824182894860949,HYPOmethylated in responders,non-canonical / not the textbook direction
female,GRB10,ENSG00000106070,-0.5593091093426991,0.0010253775352938373,DOWN in responders,cg07519654,Body,OpenSea,-0.00204423986903241,0.9824182894860949,HYPOmethylated in responders,concordant (gene-body hypomethylation -> lower expression)
female,GRB10,ENSG00000106070,-0.5593091093426991,0.0010253775352938373,DOWN in responders,cg12903171,5'UTR,Island,8.024662875937995e-4,0.990331962026646,HYPERmethylated in responders,concordant (promoter hypermethylation -> lower expression)
female,PIANP,ENSG00000139200,-1.6553092071675797,0.0013355750160362462,DOWN in responders,cg24156659,5'UTR,Island,-0.2116619042652721,0.08018466555729993,HYPOmethylated in responders,non-canonical / not the textbook direction
female,PIANP,ENSG00000139200,-1.6553092071675797,0.0013355750160362462,DOWN in responders,cg24156659,TSS200,Island,-0.2116619042652721,0.08018466555729993,HYPOmethylated in responders,non-canonical / not the textbook direction
female,PIANP,ENSG00000139200,-1.6553092071675797,0.0013355750160362462,DOWN in responders,cg17100154,5'UTR,N_Shore,0.15058739999822937,0.1336776771161376,HYPERmethylated in responders,concordant (promoter hypermethylation -> lower expression)
female,PIANP,ENSG00000139200,-1.6553092071675797,0.0013355750160362462,DOWN in responders,cg00116882,TSS1500,S_Shore,0.08367025896323219,0.3525073400020161,HYPERmethylated in responders,concordant (promoter hypermethylation -> lower expression)
female,PIANP,ENSG00000139200,-1.6553092071675797,0.0013355750160362462,DOWN in responders,cg00116882,TSS200,S_Shore,0.08367025896323219,0.3525073400020161,HYPERmethylated in responders,concordant (promoter hypermethylation -> lower expression)
female,PIANP,ENSG00000139200,-1.6553092071675797,0.0013355750160362462,DOWN in responders,cg21044607,5'UTR,Island,-0.07419942600822917,0.3622693975653555,HYPOmethylated in responders,non-canonical / not the textbook direction
female,PIANP,ENSG00000139200,-1.6553092071675797,0.0013355750160362462,DOWN in responders,cg21044607,TSS200,Island,-0.07419942600822917,0.3622693975653555,HYPOmethylated in responders,non-canonical / not the textbook direction
female,PIANP,ENSG00000139200,-1.6553092071675797,0.0013355750160362462,DOWN in responders,cg03052567,TSS1500,S_Shore,0.07492796726648286,0.45937968416950925,HYPERmethylated in responders,concordant (promoter hypermethylation -> lower expression)
female,PIANP,ENSG00000139200,-1.6553092071675797,0.0013355750160362462,DOWN in responders,cg12502617,5'UTR,Island,-0.0328416429284594,0.6657663865706257,HYPOmethylated in responders,non-canonical / not the textbook direction
female,PIANP,ENSG00000139200,-1.6553092071675797,0.0013355750160362462,DOWN in responders,cg12502617,TSS200,Island,-0.0328416429284594,0.6657663865706257,HYPOmethylated in responders,non-canonical / not the textbook direction
female,PIANP,ENSG00000139200,-1.6553092071675797,0.0013355750160362462,DOWN in responders,cg18285692,5'UTR,Island,0.03665853587876356,0.7478653454828323,HYPERmethylated in responders,concordant (promoter hypermethylation -> lower expression)
female,PIANP,ENSG00000139200,-1.6553092071675797,0.0013355750160362462,DOWN in responders,cg18285692,TSS200,Island,0.03665853587876356,0.7478653454828323,HYPERmethylated in responders,concordant (promoter hypermethylation -> lower expression)
female,PIANP,ENSG00000139200,-1.6553092071675797,0.0013355750160362462,DOWN in responders,cg06439425,TSS1500,S_Shore,0.03975793698957918,0.8008446805469052,HYPERmethylated in responders,concordant (promoter hypermethylation -> lower expression)
female,PIANP,ENSG00000139200,-1.6553092071675797,0.0013355750160362462,DOWN in responders,cg06439425,TSS200,S_Shore,0.03975793698957918,0.8008446805469052,HYPERmethylated in responders,concordant (promoter hypermethylation -> lower expression)
female,PIANP,ENSG00000139200,-1.6553092071675797,0.0013355750160362462,DOWN in responders,cg20594768,TSS1500,S_Shore,-0.004029765351369283,0.9611561050061133,HYPOmethylated in responders,non-canonical / not the textbook direction
female,DNAL4,ENSG00000100246,-0.38817541102017267,0.001976900524742876,DOWN in responders,cg08534256,5'UTR,Island,0.2144441459653673,0.012281447702412214,HYPERmethylated in responders,concordant (promoter hypermethylation -> lower expression)
female,DNAL4,ENSG00000100246,-0.38817541102017267,0.001976900524742876,DOWN in responders,cg05628436,5'UTR,N_Shelf,0.11957496109430227,0.08434391157881814,HYPERmethylated in responders,concordant (promoter hypermethylation -> lower expression)
female,DNAL4,ENSG00000100246,-0.38817541102017267,0.001976900524742876,DOWN in responders,cg07837516,TSS1500,S_Shore,0.15083641645933715,0.19078049348083498,HYPERmethylated in responders,concordant (promoter hypermethylation -> lower expression)
female,DNAL4,ENSG00000100246,-0.38817541102017267,0.001976900524742876,DOWN in responders,cg10220806,3'UTR,OpenSea,0.08719776393864055,0.23656417171267452,HYPERmethylated in responders,non-canonical / not the textbook direction
female,DNAL4,ENSG00000100246,-0.38817541102017267,0.001976900524742876,DOWN in responders,cg24099813,TSS200,S_Shore,-0.09617276888084612,0.24212463142508767,HYPOmethylated in responders,non-canonical / not the textbook direction
female,DNAL4,ENSG00000100246,-0.38817541102017267,0.001976900524742876,DOWN in responders,cg17515744,TSS200,S_Shore,0.10455768066735813,0.2571786850487336,HYPERmethylated in responders,concordant (promoter hypermethylation -> lower expression)
female,DNAL4,ENSG00000100246,-0.38817541102017267,0.001976900524742876,DOWN in responders,cg16601515,TSS200,S_Shore,-0.20844281575545331,0.2684886859310567,HYPOmethylated in responders,non-canonical / not the textbook direction
female,DNAL4,ENSG00000100246,-0.38817541102017267,0.001976900524742876,DOWN in responders,cg14872888,5'UTR,Island,-0.1428119040240947,0.3029422450306198,HYPOmethylated in responders,non-canonical / not the textbook direction
female,DNAL4,ENSG00000100246,-0.38817541102017267,0.001976900524742876,DOWN in responders,cg09783309,TSS200,S_Shore,0.06730839269929799,0.3474139311197951,HYPERmethylated in responders,concordant (promoter hypermethylation -> lower expression)
female,DNAL4,ENSG00000100246,-0.38817541102017267,0.001976900524742876,DOWN in responders,cg19543968,TSS1500,S_Shore,0.09761533651594625,0.41056506210813715,HYPERmethylated in responders,concordant (promoter hypermethylation -> lower expression)
female,DNAL4,ENSG00000100246,-0.38817541102017267,0.001976900524742876,DOWN in responders,cg00561025,5'UTR,OpenSea,0.06400708548107518,0.5536744743858277,HYPERmethylated in responders,concordant (promoter hypermethylation -> lower expression)
female,DNAL4,ENSG00000100246,-0.38817541102017267,0.001976900524742876,DOWN in responders,cg09426746,5'UTR,OpenSea,0.06853041921347944,0.5555366826769541,HYPERmethylated in responders,concordant (promoter hypermethylation -> lower expression)
female,DNAL4,ENSG00000100246,-0.38817541102017267,0.001976900524742876,DOWN in responders,cg09454509,TSS1500,S_Shore,-0.06632069163973446,0.5912723914562341,HYPOmethylated in responders,non-canonical / not the textbook direction
female,DNAL4,ENSG00000100246,-0.38817541102017267,0.001976900524742876,DOWN in responders,cg06254264,5'UTR,N_Shore,0.054021215392039725,0.6346205180354969,HYPERmethylated in responders,concordant (promoter hypermethylation -> lower expression)
female,DNAL4,ENSG00000100246,-0.38817541102017267,0.001976900524742876,DOWN in responders,cg24961492,Body,OpenSea,0.03455001327035789,0.7113429701270292,HYPERmethylated in responders,non-canonical / not the textbook direction
female,DNAL4,ENSG00000100246,-0.38817541102017267,0.001976900524742876,DOWN in responders,cg09299381,TSS200,S_Shore,0.00813490738401326,0.9220167591703026,HYPERmethylated in responders,concordant (promoter hypermethylation -> lower expression)
female,DNAL4,ENSG00000100246,-0.38817541102017267,0.001976900524742876,DOWN in responders,cg09092174,5'UTR,Island,0.006235252961414875,0.9372337552237912,HYPERmethylated in responders,concordant (promoter hypermethylation -> lower expression)
female,DNAL4,ENSG00000100246,-0.38817541102017267,0.001976900524742876,DOWN in responders,cg09092174,1stExon,Island,0.006235252961414875,0.9372337552237912,HYPERmethylated in responders,concordant (promoter hypermethylation -> lower expression)
female,TUBE1,ENSG00000074935,0.3334368584107499,0.002364365479584191,UP in responders,cg10140286,Body,N_Shore,0.15730157185917815,0.1258689971147877,HYPERmethylated in responders,concordant (gene-body hypermethylation -> higher expression)
female,TUBE1,ENSG00000074935,0.3334368584107499,0.002364365479584191,UP in responders,cg18827738,Body,Island,-0.28306007825773555,0.17725544965477505,HYPOmethylated in responders,non-canonical / not the textbook direction
female,TUBE1,ENSG00000074935,0.3334368584107499,0.002364365479584191,UP in responders,cg05668720,TSS200,Island,0.09610819318798527,0.17819922192137186,HYPERmethylated in responders,non-canonical / not the textbook direction
female,TUBE1,ENSG00000074935,0.3334368584107499,0.002364365479584191,UP in responders,cg13487859,TSS1500,S_Shore,0.13799231720640842,0.18391858647979847,HYPERmethylated in responders,non-canonical / not the textbook direction
female,TUBE1,ENSG00000074935,0.3334368584107499,0.002364365479584191,UP in responders,cg17256227,Body,N_Shelf,0.1015113971116551,0.20935587020937463,HYPERmethylated in responders,concordant (gene-body hypermethylation -> higher expression)
female,TUBE1,ENSG00000074935,0.3334368584107499,0.002364365479584191,UP in responders,cg15763935,Body,OpenSea,-0.08061163148554724,0.21777928813765757,HYPOmethylated in responders,non-canonical / not the textbook direction
female,TUBE1,ENSG00000074935,0.3334368584107499,0.002364365479584191,UP in responders,cg10255322,Body,N_Shore,0.09398784847185714,0.2215925087582756,HYPERmethylated in responders,concordant (gene-body hypermethylation -> higher expression)
female,TUBE1,ENSG00000074935,0.3334368584107499,0.002364365479584191,UP in responders,cg02403059,Body,N_Shore,0.09648697314285994,0.22727241849120774,HYPERmethylated in responders,concordant (gene-body hypermethylation -> higher expression)
female,TUBE1,ENSG00000074935,0.3334368584107499,0.002364365479584191,UP in responders,cg09351636,TSS1500,S_Shore,0.09266664409166239,0.23285800153216749,HYPERmethylated in responders,non-canonical / not the textbook direction
female,TUBE1,ENSG00000074935,0.3334368584107499,0.002364365479584191,UP in responders,cg12289509,Body,Island,-0.10655695634840813,0.23989649441948518,HYPOmethylated in responders,non-canonical / not the textbook direction
female,TUBE1,ENSG00000074935,0.3334368584107499,0.002364365479584191,UP in responders,cg09703789,Body,Island,0.11444265717791534,0.2689641621494212,HYPERmethylated in responders,concordant (gene-body hypermethylation -> higher expression)
female,TUBE1,ENSG00000074935,0.3334368584107499,0.002364365479584191,UP in responders,cg23586272,TSS1500,S_Shore,0.09982127177803375,0.31476208721895216,HYPERmethylated in responders,non-canonical / not the textbook direction
female,TUBE1,ENSG00000074935,0.3334368584107499,0.002364365479584191,UP in responders,cg18350186,5'UTR,Island,0.1808373676074788,0.5444057704673879,HYPERmethylated in responders,non-canonical / not the textbook direction
female,TUBE1,ENSG00000074935,0.3334368584107499,0.002364365479584191,UP in responders,cg18350186,1stExon,Island,0.1808373676074788,0.5444057704673879,HYPERmethylated in responders,non-canonical / not the textbook direction
female,TUBE1,ENSG00000074935,0.3334368584107499,0.002364365479584191,UP in responders,cg11944219,Body,Island,-0.0469201675718397,0.5601925218602863,HYPOmethylated in responders,non-canonical / not the textbook direction
female,TUBE1,ENSG00000074935,0.3334368584107499,0.002364365479584191,UP in responders,cg15155408,TSS1500,S_Shore,0.056220517845960355,0.5614568903540238,HYPERmethylated in responders,non-canonical / not the textbook direction
female,TUBE1,ENSG00000074935,0.3334368584107499,0.002364365479584191,UP in responders,cg18289746,5'UTR,Island,-0.06202265532460245,0.581636375540009,HYPOmethylated in responders,concordant (promoter hypomethylation -> higher expression)
female,TUBE1,ENSG00000074935,0.3334368584107499,0.002364365479584191,UP in responders,cg18289746,1stExon,Island,-0.06202265532460245,0.581636375540009,HYPOmethylated in responders,concordant (promoter hypomethylation -> higher expression)
female,TUBE1,ENSG00000074935,0.3334368584107499,0.002364365479584191,UP in responders,cg18964261,TSS1500,S_Shore,0.062021564660838475,0.597712411437738,HYPERmethylated in responders,non-canonical / not the textbook direction
female,TUBE1,ENSG00000074935,0.3334368584107499,0.002364365479584191,UP in responders,cg06878278,1stExon,Island,0.03467528957432023,0.6145028108253978,HYPERmethylated in responders,non-canonical / not the textbook direction
female,TUBE1,ENSG00000074935,0.3334368584107499,0.002364365479584191,UP in responders,cg06878278,5'UTR,Island,0.03467528957432023,0.6145028108253978,HYPERmethylated in responders,non-canonical / not the textbook direction
female,TUBE1,ENSG00000074935,0.3334368584107499,0.002364365479584191,UP in responders,cg10078446,TSS1500,S_Shore,-0.049801333709079465,0.6224061422777833,HYPOmethylated in responders,concordant (promoter hypomethylation -> higher expression)
female,TUBE1,ENSG00000074935,0.3334368584107499,0.002364365479584191,UP in responders,cg11257342,TSS200,Island,0.0269013220185448,0.6357736471354347,HYPERmethylated in responders,non-canonical / not the textbook direction
female,TUBE1,ENSG00000074935,0.3334368584107499,0.002364365479584191,UP in responders,cg24579212,TSS200,Island,0.0385941682437873,0.6769850722077793,HYPERmethylated in responders,non-canonical / not the textbook direction
female,TUBE1,ENSG00000074935,0.3334368584107499,0.002364365479584191,UP in responders,cg07949478,Body,N_Shore,0.022023165902878353,0.7569690063081177,HYPERmethylated in responders,concordant (gene-body hypermethylation -> higher expression)
female,TUBE1,ENSG00000074935,0.3334368584107499,0.002364365479584191,UP in responders,cg18967320,Body,N_Shore,0.031255301592494844,0.807300946667487,HYPERmethylated in responders,concordant (gene-body hypermethylation -> higher expression)
female,TUBE1,ENSG00000074935,0.3334368584107499,0.002364365479584191,UP in responders,cg27025758,Body,Island,0.010597639950463502,0.8319973644565024,HYPERmethylated in responders,concordant (gene-body hypermethylation -> higher expression)
female,TUBE1,ENSG00000074935,0.3334368584107499,0.002364365479584191,UP in responders,cg13079941,TSS200,Island,-0.0140614860586005,0.8390230574522757,HYPOmethylated in responders,concordant (promoter hypomethylation -> higher expression)
female,TUBE1,ENSG00000074935,0.3334368584107499,0.002364365479584191,UP in responders,cg10310756,TSS1500,S_Shore,0.016322756110528202,0.8507387922187083,HYPERmethylated in responders,non-canonical / not the textbook direction
female,TUBE1,ENSG00000074935,0.3334368584107499,0.002364365479584191,UP in responders,cg20279784,Body,Island,0.02121249904331169,0.864421844330052,HYPERmethylated in responders,concordant (gene-body hypermethylation -> higher expression)
female,TUBE1,ENSG00000074935,0.3334368584107499,0.002364365479584191,UP in responders,cg11991806,TSS200,Island,-0.013131303807031645,0.8781647016090961,HYPOmethylated in responders,concordant (promoter hypomethylation -> higher expression)
female,TUBE1,ENSG00000074935,0.3334368584107499,0.002364365479584191,UP in responders,cg01018096,Body,N_Shore,0.0028136610051194147,0.9761172773317276,HYPERmethylated in responders,concordant (gene-body hypermethylation -> higher expression)
female,SNRNP25,ENSG00000161981,-0.39503056693397376,0.0029984851325562025,DOWN in responders,cg07181413,TSS1500,N_Shore,0.11705624387279372,0.20230030348162556,HYPERmethylated in responders,concordant (promoter hypermethylation -> lower expression)
female,SNRNP25,ENSG00000161981,-0.39503056693397376,0.0029984851325562025,DOWN in responders,cg08718695,Body,Island,-0.15237923710564177,0.2935485159158076,HYPOmethylated in responders,concordant (gene-body hypomethylation -> lower expression)
female,SNRNP25,ENSG00000161981,-0.39503056693397376,0.0029984851325562025,DOWN in responders,cg03974483,1stExon,Island,0.10859615064531783,0.30108761336443984,HYPERmethylated in responders,concordant (promoter hypermethylation -> lower expression)
female,SNRNP25,ENSG00000161981,-0.39503056693397376,0.0029984851325562025,DOWN in responders,cg26869941,Body,S_Shore,0.07062154334455212,0.31324311606959965,HYPERmethylated in responders,non-canonical / not the textbook direction
female,SNRNP25,ENSG00000161981,-0.39503056693397376,0.0029984851325562025,DOWN in responders,cg14747225,TSS1500,N_Shore,0.10190735257464527,0.3595411686555776,HYPERmethylated in responders,concordant (promoter hypermethylation -> lower expression)
female,SNRNP25,ENSG00000161981,-0.39503056693397376,0.0029984851325562025,DOWN in responders,cg20146203,TSS200,Island,0.09615893022198636,0.381632069809682,HYPERmethylated in responders,concordant (promoter hypermethylation -> lower expression)
female,SNRNP25,ENSG00000161981,-0.39503056693397376,0.0029984851325562025,DOWN in responders,cg01188584,5'UTR,Island,-0.0823937296085328,0.4186156846413235,HYPOmethylated in responders,non-canonical / not the textbook direction
female,SNRNP25,ENSG00000161981,-0.39503056693397376,0.0029984851325562025,DOWN in responders,cg01188584,1stExon,Island,-0.0823937296085328,0.4186156846413235,HYPOmethylated in responders,non-canonical / not the textbook direction
female,SNRNP25,ENSG00000161981,-0.39503056693397376,0.0029984851325562025,DOWN in responders,cg11653271,TSS200,Island,0.0849536140456124,0.44216946994398143,HYPERmethylated in responders,concordant (promoter hypermethylation -> lower expression)
female,SNRNP25,ENSG00000161981,-0.39503056693397376,0.0029984851325562025,DOWN in responders,cg00958578,TSS200,Island,0.04830014744762611,0.6051272210326525,HYPERmethylated in responders,concordant (promoter hypermethylation -> lower expression)
female,SNRNP25,ENSG00000161981,-0.39503056693397376,0.0029984851325562025,DOWN in responders,cg25150199,TSS1500,N_Shore,-0.04582978414878801,0.623180293796253,HYPOmethylated in responders,non-canonical / not the textbook direction
female,SNRNP25,ENSG00000161981,-0.39503056693397376,0.0029984851325562025,DOWN in responders,cg04169960,Body,S_Shore,0.045877158018892986,0.6587767927280208,HYPERmethylated in responders,non-canonical / not the textbook direction
female,SNRNP25,ENSG00000161981,-0.39503056693397376,0.0029984851325562025,DOWN in responders,cg00992207,3'UTR,N_Shelf,-0.03059543574346746,0.6787260696336385,HYPOmethylated in responders,non-canonical / not the textbook direction
female,SNRNP25,ENSG00000161981,-0.39503056693397376,0.0029984851325562025,DOWN in responders,cg01062126,Body,S_Shore,-0.046108273158722894,0.688611897731348,HYPOmethylated in responders,concordant (gene-body hypomethylation -> lower expression)
female,SNRNP25,ENSG00000161981,-0.39503056693397376,0.0029984851325562025,DOWN in responders,cg00762468,TSS1500,Island,-0.031386086525106875,0.7320422053255403,HYPOmethylated in responders,non-canonical / not the textbook direction
female,SNRNP25,ENSG00000161981,-0.39503056693397376,0.0029984851325562025,DOWN in responders,cg09969830,TSS200,Island,0.0658715934288504,0.7890223486985162,HYPERmethylated in responders,concordant (promoter hypermethylation -> lower expression)
female,SNRNP25,ENSG00000161981,-0.39503056693397376,0.0029984851325562025,DOWN in responders,cg05055400,TSS1500,Island,0.03194925819223057,0.8438526336128309,HYPERmethylated in responders,concordant (promoter hypermethylation -> lower expression)
male,ATR,ENSG00000175054,0.2603075376854926,9.259977777201457e-5,UP in responders,cg20938830,Body,OpenSea,-0.2990296716793283,0.025705006089881816,HYPOmethylated in responders,non-canonical / not the textbook direction
male,ATR,ENSG00000175054,0.2603075376854926,9.259977777201457e-5,UP in responders,cg01617437,Body,OpenSea,-0.2196308521039059,0.0625312147169508,HYPOmethylated in responders,non-canonical / not the textbook direction
male,ATR,ENSG00000175054,0.2603075376854926,9.259977777201457e-5,UP in responders,cg24856922,TSS200,Island,-0.17850346463394778,0.1178920454638085,HYPOmethylated in responders,concordant (promoter hypomethylation -> higher expression)
male,ATR,ENSG00000175054,0.2603075376854926,9.259977777201457e-5,UP in responders,cg05334062,Body,OpenSea,-0.13823943734366936,0.17582463325728054,HYPOmethylated in responders,non-canonical / not the textbook direction
male,ATR,ENSG00000175054,0.2603075376854926,9.259977777201457e-5,UP in responders,cg20032934,TSS1500,S_Shore,0.19158857816736188,0.21748973467628555,HYPERmethylated in responders,non-canonical / not the textbook direction
male,ATR,ENSG00000175054,0.2603075376854926,9.259977777201457e-5,UP in responders,cg09169923,Body,N_Shore,-0.14557872650685427,0.23165978659609976,HYPOmethylated in responders,non-canonical / not the textbook direction
male,ATR,ENSG00000175054,0.2603075376854926,9.259977777201457e-5,UP in responders,cg19088717,Body,OpenSea,-0.12013566928682613,0.2564465998899004,HYPOmethylated in responders,non-canonical / not the textbook direction
male,ATR,ENSG00000175054,0.2603075376854926,9.259977777201457e-5,UP in responders,cg16156228,Body,OpenSea,-0.11022575567568885,0.3001241663074036,HYPOmethylated in responders,non-canonical / not the textbook direction
male,ATR,ENSG00000175054,0.2603075376854926,9.259977777201457e-5,UP in responders,cg24631870,5'UTR,Island,-0.13166683878847413,0.31289991705039516,HYPOmethylated in responders,concordant (promoter hypomethylation -> higher expression)
male,ATR,ENSG00000175054,0.2603075376854926,9.259977777201457e-5,UP in responders,cg24631870,1stExon,Island,-0.13166683878847413,0.31289991705039516,HYPOmethylated in responders,concordant (promoter hypomethylation -> higher expression)
male,ATR,ENSG00000175054,0.2603075376854926,9.259977777201457e-5,UP in responders,cg24593231,Body,N_Shelf,-0.09891592892455547,0.3337661363874037,HYPOmethylated in responders,non-canonical / not the textbook direction
male,ATR,ENSG00000175054,0.2603075376854926,9.259977777201457e-5,UP in responders,cg15291273,TSS200,Island,0.23643436163768936,0.3734412172053517,HYPERmethylated in responders,non-canonical / not the textbook direction
male,ATR,ENSG00000175054,0.2603075376854926,9.259977777201457e-5,UP in responders,cg11458642,Body,Island,0.09499259334319045,0.3940049333443464,HYPERmethylated in responders,concordant (gene-body hypermethylation -> higher expression)
male,ATR,ENSG00000175054,0.2603075376854926,9.259977777201457e-5,UP in responders,cg12825470,Body,S_Shelf,-0.08014484159359526,0.4085333328801276,HYPOmethylated in responders,non-canonical / not the textbook direction
male,ATR,ENSG00000175054,0.2603075376854926,9.259977777201457e-5,UP in responders,cg00969988,TSS200,Island,0.11398083685384204,0.41031102428277055,HYPERmethylated in responders,non-canonical / not the textbook direction
male,ATR,ENSG00000175054,0.2603075376854926,9.259977777201457e-5,UP in responders,cg00950962,TSS1500,S_Shore,-0.06855725969430312,0.483224695482232,HYPOmethylated in responders,concordant (promoter hypomethylation -> higher expression)
male,ATR,ENSG00000175054,0.2603075376854926,9.259977777201457e-5,UP in responders,cg15135999,Body,Island,-0.11372649442422736,0.5256048020969557,HYPOmethylated in responders,non-canonical / not the textbook direction
male,ATR,ENSG00000175054,0.2603075376854926,9.259977777201457e-5,UP in responders,cg20636078,TSS1500,S_Shore,-0.06350410363074085,0.576502063799782,HYPOmethylated in responders,concordant (promoter hypomethylation -> higher expression)
male,ATR,ENSG00000175054,0.2603075376854926,9.259977777201457e-5,UP in responders,cg11936145,TSS200,Island,0.05268133440820319,0.6534561387885207,HYPERmethylated in responders,non-canonical / not the textbook direction
male,ATR,ENSG00000175054,0.2603075376854926,9.259977777201457e-5,UP in responders,cg12087681,Body,OpenSea,-0.0523028399912483,0.6541697940740383,HYPOmethylated in responders,non-canonical / not the textbook direction
male,ATR,ENSG00000175054,0.2603075376854926,9.259977777201457e-5,UP in responders,cg21293230,Body,OpenSea,-0.054504950375776545,0.7067442191684141,HYPOmethylated in responders,non-canonical / not the textbook direction
male,ATR,ENSG00000175054,0.2603075376854926,9.259977777201457e-5,UP in responders,cg17945282,TSS1500,S_Shore,0.04511141284448725,0.7099235769620389,HYPERmethylated in responders,non-canonical / not the textbook direction
male,ATR,ENSG00000175054,0.2603075376854926,9.259977777201457e-5,UP in responders,cg16031872,5'UTR,Island,-0.05260496004202,0.7382271205103652,HYPOmethylated in responders,concordant (promoter hypomethylation -> higher expression)
male,ATR,ENSG00000175054,0.2603075376854926,9.259977777201457e-5,UP in responders,cg16031872,1stExon,Island,-0.05260496004202,0.7382271205103652,HYPOmethylated in responders,concordant (promoter hypomethylation -> higher expression)
male,ATR,ENSG00000175054,0.2603075376854926,9.259977777201457e-5,UP in responders,cg26163178,Body,OpenSea,-0.03152927209115224,0.7465041902381242,HYPOmethylated in responders,non-canonical / not the textbook direction
male,ATR,ENSG00000175054,0.2603075376854926,9.259977777201457e-5,UP in responders,cg00911981,TSS200,Island,0.03161088846104338,0.7777569584093995,HYPERmethylated in responders,non-canonical / not the textbook direction
male,ATR,ENSG00000175054,0.2603075376854926,9.259977777201457e-5,UP in responders,cg23828851,Body,N_Shore,-0.026042552204639326,0.8441069573562434,HYPOmethylated in responders,non-canonical / not the textbook direction
male,ATR,ENSG00000175054,0.2603075376854926,9.259977777201457e-5,UP in responders,cg02643228,Body,S_Shore,-0.013661508814546313,0.9126626126619252,HYPOmethylated in responders,non-canonical / not the textbook direction
male,ATR,ENSG00000175054,0.2603075376854926,9.259977777201457e-5,UP in responders,cg15480357,TSS1500,S_Shore,0.007461509686302466,0.9483392788142136,HYPERmethylated in responders,non-canonical / not the textbook direction
male,ATR,ENSG00000175054,0.2603075376854926,9.259977777201457e-5,UP in responders,cg23709466,Body,OpenSea,0.0027119624055650764,0.9780181080026829,HYPERmethylated in responders,concordant (gene-body hypermethylation -> higher expression)
male,NUDT5,ENSG00000165609,0.2643275935198515,2.8820532681748766e-4,UP in responders,cg13430851,5'UTR,N_Shore,-0.3125468443920598,0.01602349653838595,HYPOmethylated in responders,concordant (promoter hypomethylation -> higher expression)
male,NUDT5,ENSG00000165609,0.2643275935198515,2.8820532681748766e-4,UP in responders,cg01730181,Body,OpenSea,-0.1726031111784094,0.02021962650440108,HYPOmethylated in responders,non-canonical / not the textbook direction
male,NUDT5,ENSG00000165609,0.2643275935198515,2.8820532681748766e-4,UP in responders,cg07986187,Body,OpenSea,-0.2572803596994886,0.06492835412107967,HYPOmethylated in responders,non-canonical / not the textbook direction
male,NUDT5,ENSG00000165609,0.2643275935198515,2.8820532681748766e-4,UP in responders,cg18634342,1stExon,N_Shore,0.3777548931894347,0.08619448927558779,HYPERmethylated in responders,non-canonical / not the textbook direction
male,NUDT5,ENSG00000165609,0.2643275935198515,2.8820532681748766e-4,UP in responders,cg18634342,5'UTR,N_Shore,0.3777548931894347,0.08619448927558779,HYPERmethylated in responders,non-canonical / not the textbook direction
male,NUDT5,ENSG00000165609,0.2643275935198515,2.8820532681748766e-4,UP in responders,cg16739342,Body,OpenSea,-0.15573791225310074,0.13243926766737374,HYPOmethylated in responders,non-canonical / not the textbook direction
male,NUDT5,ENSG00000165609,0.2643275935198515,2.8820532681748766e-4,UP in responders,cg01723142,5'UTR,N_Shore,-0.44493872241519866,0.13754051377177592,HYPOmethylated in responders,concordant (promoter hypomethylation -> higher expression)
male,NUDT5,ENSG00000165609,0.2643275935198515,2.8820532681748766e-4,UP in responders,cg23705032,1stExon,Island,0.2192211936450532,0.1531326349897164,HYPERmethylated in responders,non-canonical / not the textbook direction
male,NUDT5,ENSG00000165609,0.2643275935198515,2.8820532681748766e-4,UP in responders,cg23705032,5'UTR,Island,0.2192211936450532,0.1531326349897164,HYPERmethylated in responders,non-canonical / not the textbook direction
male,NUDT5,ENSG00000165609,0.2643275935198515,2.8820532681748766e-4,UP in responders,cg00542493,5'UTR,Island,0.12722938893060257,0.1928778733560877,HYPERmethylated in responders,non-canonical / not the textbook direction
male,NUDT5,ENSG00000165609,0.2643275935198515,2.8820532681748766e-4,UP in responders,cg00542493,1stExon,Island,0.12722938893060257,0.1928778733560877,HYPERmethylated in responders,non-canonical / not the textbook direction
male,NUDT5,ENSG00000165609,0.2643275935198515,2.8820532681748766e-4,UP in responders,cg02630694,5'UTR,N_Shore,-0.15585686356331568,0.26892024443227125,HYPOmethylated in responders,concordant (promoter hypomethylation -> higher expression)
male,NUDT5,ENSG00000165609,0.2643275935198515,2.8820532681748766e-4,UP in responders,cg22687873,Body,OpenSea,-0.09412659405518344,0.2768741285912286,HYPOmethylated in responders,non-canonical / not the textbook direction
male,NUDT5,ENSG00000165609,0.2643275935198515,2.8820532681748766e-4,UP in responders,cg27255378,5'UTR,Island,0.1832348389333242,0.3045599613382799,HYPERmethylated in responders,non-canonical / not the textbook direction
male,NUDT5,ENSG00000165609,0.2643275935198515,2.8820532681748766e-4,UP in responders,cg27255378,1stExon,Island,0.1832348389333242,0.3045599613382799,HYPERmethylated in responders,non-canonical / not the textbook direction
male,NUDT5,ENSG00000165609,0.2643275935198515,2.8820532681748766e-4,UP in responders,cg05164094,TSS1500,S_Shore,-0.19293917815270617,0.35899660535428235,HYPOmethylated in responders,concordant (promoter hypomethylation -> higher expression)
male,NUDT5,ENSG00000165609,0.2643275935198515,2.8820532681748766e-4,UP in responders,ch.10.345533F,5'UTR,OpenSea,-0.3619871668723379,0.37059804533663165,HYPOmethylated in responders,concordant (promoter hypomethylation -> higher expression)
male,NUDT5,ENSG00000165609,0.2643275935198515,2.8820532681748766e-4,UP in responders,cg23575124,Body,OpenSea,0.07907267726040389,0.468782588754699,HYPERmethylated in responders,concordant (gene-body hypermethylation -> higher expression)
male,NUDT5,ENSG00000165609,0.2643275935198515,2.8820532681748766e-4,UP in responders,cg13266326,Body,OpenSea,0.09996528354009303,0.4857039956262006,HYPERmethylated in responders,concordant (gene-body hypermethylation -> higher expression)
male,NUDT5,ENSG00000165609,0.2643275935198515,2.8820532681748766e-4,UP in responders,cg04491766,Body,OpenSea,0.06627954941169421,0.5021975630107098,HYPERmethylated in responders,concordant (gene-body hypermethylation -> higher expression)
male,NUDT5,ENSG00000165609,0.2643275935198515,2.8820532681748766e-4,UP in responders,cg07594977,3'UTR,OpenSea,0.06516630521863365,0.5666733093731051,HYPERmethylated in responders,non-canonical / not the textbook direction
male,NUDT5,ENSG00000165609,0.2643275935198515,2.8820532681748766e-4,UP in responders,cg11203153,TSS200,Island,-0.1088302604793667,0.5705533522931482,HYPOmethylated in responders,concordant (promoter hypomethylation -> higher expression)
male,NUDT5,ENSG00000165609,0.2643275935198515,2.8820532681748766e-4,UP in responders,cg06692023,TSS200,Island,-0.053105136000332225,0.5770550597157601,HYPOmethylated in responders,concordant (promoter hypomethylation -> higher expression)
male,NUDT5,ENSG00000165609,0.2643275935198515,2.8820532681748766e-4,UP in responders,cg04225510,5'UTR,N_Shore,0.07862486086611774,0.5942715665999225,HYPERmethylated in responders,non-canonical / not the textbook direction
male,NUDT5,ENSG00000165609,0.2643275935198515,2.8820532681748766e-4,UP in responders,cg22879105,TSS1500,Island,-0.08267950806935781,0.6512586181595781,HYPOmethylated in responders,concordant (promoter hypomethylation -> higher expression)
male,NUDT5,ENSG00000165609,0.2643275935198515,2.8820532681748766e-4,UP in responders,cg03965620,TSS200,Island,0.03732118614724048,0.6747969055268643,HYPERmethylated in responders,non-canonical / not the textbook direction
male,NUDT5,ENSG00000165609,0.2643275935198515,2.8820532681748766e-4,UP in responders,cg24589691,TSS1500,Island,0.06272141832820348,0.674889091935946,HYPERmethylated in responders,non-canonical / not the textbook direction
male,NUDT5,ENSG00000165609,0.2643275935198515,2.8820532681748766e-4,UP in responders,cg24736100,Body,OpenSea,0.03636322652646828,0.6812039847049628,HYPERmethylated in responders,concordant (gene-body hypermethylation -> higher expression)
male,NUDT5,ENSG00000165609,0.2643275935198515,2.8820532681748766e-4,UP in responders,cg26625369,1stExon,Island,-0.053837936369027124,0.6977322275165339,HYPOmethylated in responders,concordant (promoter hypomethylation -> higher expression)
male,NUDT5,ENSG00000165609,0.2643275935198515,2.8820532681748766e-4,UP in responders,cg26625369,5'UTR,Island,-0.053837936369027124,0.6977322275165339,HYPOmethylated in responders,concordant (promoter hypomethylation -> higher expression)
male,NUDT5,ENSG00000165609,0.2643275935198515,2.8820532681748766e-4,UP in responders,cg01867280,TSS1500,S_Shore,-0.07782396032324339,0.7045251407912951,HYPOmethylated in responders,concordant (promoter hypomethylation -> higher expression)
male,NUDT5,ENSG00000165609,0.2643275935198515,2.8820532681748766e-4,UP in responders,cg26451923,TSS1500,S_Shore,-0.025667549570671248,0.7841729890386606,HYPOmethylated in responders,concordant (promoter hypomethylation -> higher expression)
male,NUDT5,ENSG00000165609,0.2643275935198515,2.8820532681748766e-4,UP in responders,cg20029140,5'UTR,N_Shelf,-0.04089685160430463,0.8093181532962419,HYPOmethylated in responders,concordant (promoter hypomethylation -> higher expression)
male,NUDT5,ENSG00000165609,0.2643275935198515,2.8820532681748766e-4,UP in responders,cg17586365,1stExon,Island,0.021929911973401352,0.8807423584288847,HYPERmethylated in responders,non-canonical / not the textbook direction
male,NUDT5,ENSG00000165609,0.2643275935198515,2.8820532681748766e-4,UP in responders,cg17586365,5'UTR,Island,0.021929911973401352,0.8807423584288847,HYPERmethylated in responders,non-canonical / not the textbook direction
male,NUDT5,ENSG00000165609,0.2643275935198515,2.8820532681748766e-4,UP in responders,cg16595404,TSS200,Island,0.014404675023196119,0.9283213909940907,HYPERmethylated in responders,non-canonical / not the textbook direction
male,NUDT5,ENSG00000165609,0.2643275935198515,2.8820532681748766e-4,UP in responders,ch.10.344997F,Body,OpenSea,-0.005793235995613575,0.9309224842544672,HYPOmethylated in responders,non-canonical / not the textbook direction
male,NUDT5,ENSG00000165609,0.2643275935198515,2.8820532681748766e-4,UP in responders,cg05609254,1stExon,Island,-0.009127939021670178,0.944956043246006,HYPOmethylated in responders,concordant (promoter hypomethylation -> higher expression)
male,NUDT5,ENSG00000165609,0.2643275935198515,2.8820532681748766e-4,UP in responders,cg05609254,5'UTR,Island,-0.009127939021670178,0.944956043246006,HYPOmethylated in responders,concordant (promoter hypomethylation -> higher expression)
male,NUDT5,ENSG00000165609,0.2643275935198515,2.8820532681748766e-4,UP in responders,cg08043317,5'UTR,N_Shelf,-0.008376893502508104,0.9638325991223713,HYPOmethylated in responders,concordant (promoter hypomethylation -> higher expression)
male,NUDT5,ENSG00000165609,0.2643275935198515,2.8820532681748766e-4,UP in responders,cg06109724,5'UTR,N_Shore,0.002002317394723629,0.983853105633673,HYPERmethylated in responders,non-canonical / not the textbook direction
male,UBXN1,ENSG00000162191,-0.22854626479946366,2.906833673701741e-4,DOWN in responders,cg05621131,3'UTR,N_Shore,-0.15674420476602838,0.09413343327755219,HYPOmethylated in responders,non-canonical / not the textbook direction
male,UBXN1,ENSG00000162191,-0.22854626479946366,2.906833673701741e-4,DOWN in responders,cg20140054,Body,N_Shore,-0.15838279705946717,0.1291070958457271,HYPOmethylated in responders,concordant (gene-body hypomethylation -> lower expression)
male,UBXN1,ENSG00000162191,-0.22854626479946366,2.906833673701741e-4,DOWN in responders,cg10127679,TSS200,S_Shore,-0.1819508097201184,0.12975123764432586,HYPOmethylated in responders,non-canonical / not the textbook direction
male,UBXN1,ENSG00000162191,-0.22854626479946366,2.906833673701741e-4,DOWN in responders,cg05279643,Body,N_Shore,-0.15144619889535738,0.14675291297932602,HYPOmethylated in responders,concordant (gene-body hypomethylation -> lower expression)
male,UBXN1,ENSG00000162191,-0.22854626479946366,2.906833673701741e-4,DOWN in responders,cg12069677,TSS1500,S_Shore,-0.11964855430268997,0.22909198859001145,HYPOmethylated in responders,non-canonical / not the textbook direction
male,UBXN1,ENSG00000162191,-0.22854626479946366,2.906833673701741e-4,DOWN in responders,cg00386581,Body,Island,0.2757084008306037,0.24238908600925477,HYPERmethylated in responders,non-canonical / not the textbook direction
male,UBXN1,ENSG00000162191,-0.22854626479946366,2.906833673701741e-4,DOWN in responders,cg27230446,TSS1500,S_Shore,-0.12226965352463433,0.2604023085212453,HYPOmethylated in responders,non-canonical / not the textbook direction
male,UBXN1,ENSG00000162191,-0.22854626479946366,2.906833673701741e-4,DOWN in responders,cg09491948,TSS200,Island,-0.20082029533663268,0.3081542212091772,HYPOmethylated in responders,non-canonical / not the textbook direction
male,UBXN1,ENSG00000162191,-0.22854626479946366,2.906833673701741e-4,DOWN in responders,cg07635579,Body,N_Shore,-0.0960857998928897,0.31081367098896456,HYPOmethylated in responders,concordant (gene-body hypomethylation -> lower expression)
male,UBXN1,ENSG00000162191,-0.22854626479946366,2.906833673701741e-4,DOWN in responders,cg07635579,ExonBnd,N_Shore,-0.0960857998928897,0.31081367098896456,HYPOmethylated in responders,non-canonical / not the textbook direction
male,UBXN1,ENSG00000162191,-0.22854626479946366,2.906833673701741e-4,DOWN in responders,cg10365670,TSS1500,S_Shore,-0.18959705660649795,0.3478526767502358,HYPOmethylated in responders,non-canonical / not the textbook direction
male,UBXN1,ENSG00000162191,-0.22854626479946366,2.906833673701741e-4,DOWN in responders,cg22091798,TSS200,Island,-0.11370461838778634,0.3637405967325791,HYPOmethylated in responders,non-canonical / not the textbook direction
male,UBXN1,ENSG00000162191,-0.22854626479946366,2.906833673701741e-4,DOWN in responders,cg15472179,TSS1500,S_Shore,-0.07928709156957035,0.513661303131587,HYPOmethylated in responders,non-canonical / not the textbook direction
male,UBXN1,ENSG00000162191,-0.22854626479946366,2.906833673701741e-4,DOWN in responders,cg02446814,Body,N_Shore,-0.0792224432819435,0.5137332124916274,HYPOmethylated in responders,concordant (gene-body hypomethylation -> lower expression)
male,UBXN1,ENSG00000162191,-0.22854626479946366,2.906833673701741e-4,DOWN in responders,cg05404161,1stExon,Island,-0.16431480385271952,0.5232452116683421,HYPOmethylated in responders,non-canonical / not the textbook direction
male,UBXN1,ENSG00000162191,-0.22854626479946366,2.906833673701741e-4,DOWN in responders,cg05404161,5'UTR,Island,-0.16431480385271952,0.5232452116683421,HYPOmethylated in responders,non-canonical / not the textbook direction
male,UBXN1,ENSG00000162191,-0.22854626479946366,2.906833673701741e-4,DOWN in responders,cg22367077,1stExon,Island,0.08009624277291545,0.5637684214398656,HYPERmethylated in responders,concordant (promoter hypermethylation -> lower expression)
male,UBXN1,ENSG00000162191,-0.22854626479946366,2.906833673701741e-4,DOWN in responders,cg22367077,5'UTR,Island,0.08009624277291545,0.5637684214398656,HYPERmethylated in responders,concordant (promoter hypermethylation -> lower expression)
male,UBXN1,ENSG00000162191,-0.22854626479946366,2.906833673701741e-4,DOWN in responders,cg19993359,Body,Island,0.06409914568067888,0.5986961471029499,HYPERmethylated in responders,non-canonical / not the textbook direction
male,UBXN1,ENSG00000162191,-0.22854626479946366,2.906833673701741e-4,DOWN in responders,cg11220773,TSS200,S_Shore,-0.06359359202948456,0.6080154571326264,HYPOmethylated in responders,non-canonical / not the textbook direction
male,UBXN1,ENSG00000162191,-0.22854626479946366,2.906833673701741e-4,DOWN in responders,cg16392086,Body,N_Shore,-0.033789007397021835,0.7413755180404376,HYPOmethylated in responders,concordant (gene-body hypomethylation -> lower expression)
male,UBXN1,ENSG00000162191,-0.22854626479946366,2.906833673701741e-4,DOWN in responders,cg10190729,TSS200,S_Shore,0.039313319126435306,0.7953977165648696,HYPERmethylated in responders,concordant (promoter hypermethylation -> lower expression)
male,UBXN1,ENSG00000162191,-0.22854626479946366,2.906833673701741e-4,DOWN in responders,cg01421380,TSS1500,S_Shore,0.016713181717290818,0.8890882943296954,HYPERmethylated in responders,concordant (promoter hypermethylation -> lower expression)
male,UBXN1,ENSG00000162191,-0.22854626479946366,2.906833673701741e-4,DOWN in responders,cg17240496,1stExon,Island,-0.00587489100644587,0.9549313602464964,HYPOmethylated in responders,non-canonical / not the textbook direction
male,UBXN1,ENSG00000162191,-0.22854626479946366,2.906833673701741e-4,DOWN in responders,cg09172423,TSS200,Island,0.006111971926015835,0.9735009584578347,HYPERmethylated in responders,concordant (promoter hypermethylation -> lower expression)
male,MMS22L,ENSG00000146263,0.38634202152368224,7.272241735712782e-4,UP in responders,cg19535507,Body,OpenSea,-0.23321272861282766,0.08125234818394851,HYPOmethylated in responders,non-canonical / not the textbook direction
male,MMS22L,ENSG00000146263,0.38634202152368224,7.272241735712782e-4,UP in responders,cg12172080,Body,OpenSea,-0.16749390661560917,0.11320104947835814,HYPOmethylated in responders,non-canonical / not the textbook direction
male,MMS22L,ENSG00000146263,0.38634202152368224,7.272241735712782e-4,UP in responders,cg23300129,Body,OpenSea,-0.19301839317037123,0.14505200809325317,HYPOmethylated in responders,non-canonical / not the textbook direction
male,MMS22L,ENSG00000146263,0.38634202152368224,7.272241735712782e-4,UP in responders,cg05893251,Body,OpenSea,-0.15452011497311374,0.1696215801554568,HYPOmethylated in responders,non-canonical / not the textbook direction
male,MMS22L,ENSG00000146263,0.38634202152368224,7.272241735712782e-4,UP in responders,cg23689404,Body,OpenSea,-0.15734724678221726,0.17518444080521858,HYPOmethylated in responders,non-canonical / not the textbook direction
male,MMS22L,ENSG00000146263,0.38634202152368224,7.272241735712782e-4,UP in responders,cg19562453,TSS1500,S_Shore,-0.08085369675002978,0.46885145171645537,HYPOmethylated in responders,concordant (promoter hypomethylation -> higher expression)
male,MMS22L,ENSG00000146263,0.38634202152368224,7.272241735712782e-4,UP in responders,cg13873343,TSS1500,S_Shore,-0.0699293918270057,0.5321958517316216,HYPOmethylated in responders,concordant (promoter hypomethylation -> higher expression)
male,MMS22L,ENSG00000146263,0.38634202152368224,7.272241735712782e-4,UP in responders,cg13957432,Body,OpenSea,-0.0694200932775489,0.5665113654152958,HYPOmethylated in responders,non-canonical / not the textbook direction
male,MMS22L,ENSG00000146263,0.38634202152368224,7.272241735712782e-4,UP in responders,cg22395021,Body,OpenSea,0.05197098792675645,0.7120116458387369,HYPERmethylated in responders,concordant (gene-body hypermethylation -> higher expression)
male,MMS22L,ENSG00000146263,0.38634202152368224,7.272241735712782e-4,UP in responders,cg26759943,Body,N_Shore,0.043351729113216504,0.7130148279890939,HYPERmethylated in responders,concordant (gene-body hypermethylation -> higher expression)
male,MMS22L,ENSG00000146263,0.38634202152368224,7.272241735712782e-4,UP in responders,cg22566643,TSS200,Island,0.04658429835811725,0.7693432263323865,HYPERmethylated in responders,non-canonical / not the textbook direction
male,MMS22L,ENSG00000146263,0.38634202152368224,7.272241735712782e-4,UP in responders,cg15778867,Body,OpenSea,0.02879143194616935,0.8145676876449682,HYPERmethylated in responders,concordant (gene-body hypermethylation -> higher expression)
male,POGZ,ENSG00000143442,0.2460042297969428,8.000974577677625e-4,UP in responders,cg15197893,5'UTR,OpenSea,-0.3968780731443567,0.013258169290016508,HYPOmethylated in responders,concordant (promoter hypomethylation -> higher expression)
male,POGZ,ENSG00000143442,0.2460042297969428,8.000974577677625e-4,UP in responders,cg10816874,Body,OpenSea,-0.20078401126983605,0.0425543892337752,HYPOmethylated in responders,non-canonical / not the textbook direction
male,POGZ,ENSG00000143442,0.2460042297969428,8.000974577677625e-4,UP in responders,cg12049329,Body,OpenSea,-0.19858933683839342,0.1156443878973957,HYPOmethylated in responders,non-canonical / not the textbook direction
male,POGZ,ENSG00000143442,0.2460042297969428,8.000974577677625e-4,UP in responders,cg25606020,TSS1500,OpenSea,-0.1306614377754786,0.1445272918347062,HYPOmethylated in responders,concordant (promoter hypomethylation -> higher expression)
male,POGZ,ENSG00000143442,0.2460042297969428,8.000974577677625e-4,UP in responders,cg25606020,5'UTR,OpenSea,-0.1306614377754786,0.1445272918347062,HYPOmethylated in responders,concordant (promoter hypomethylation -> higher expression)
male,POGZ,ENSG00000143442,0.2460042297969428,8.000974577677625e-4,UP in responders,cg09457057,Body,OpenSea,-0.09127260257974835,0.18150214524058556,HYPOmethylated in responders,non-canonical / not the textbook direction
male,POGZ,ENSG00000143442,0.2460042297969428,8.000974577677625e-4,UP in responders,cg12666411,ExonBnd,OpenSea,-0.12469267973165127,0.2060450105296528,HYPOmethylated in responders,non-canonical / not the textbook direction
male,POGZ,ENSG00000143442,0.2460042297969428,8.000974577677625e-4,UP in responders,cg12666411,Body,OpenSea,-0.12469267973165127,0.2060450105296528,HYPOmethylated in responders,non-canonical / not the textbook direction
male,POGZ,ENSG00000143442,0.2460042297969428,8.000974577677625e-4,UP in responders,cg16167502,Body,OpenSea,-0.16926555371013385,0.20628909995809616,HYPOmethylated in responders,non-canonical / not the textbook direction
male,POGZ,ENSG00000143442,0.2460042297969428,8.000974577677625e-4,UP in responders,cg22852636,Body,OpenSea,-0.08933164152253648,0.2739008924604373,HYPOmethylated in responders,non-canonical / not the textbook direction
male,POGZ,ENSG00000143442,0.2460042297969428,8.000974577677625e-4,UP in responders,cg24355835,TSS1500,OpenSea,-0.07507513084238092,0.3151062058126427,HYPOmethylated in responders,concordant (promoter hypomethylation -> higher expression)
male,POGZ,ENSG00000143442,0.2460042297969428,8.000974577677625e-4,UP in responders,cg24355835,5'UTR,OpenSea,-0.07507513084238092,0.3151062058126427,HYPOmethylated in responders,concordant (promoter hypomethylation -> higher expression)
male,POGZ,ENSG00000143442,0.2460042297969428,8.000974577677625e-4,UP in responders,cg15901199,TSS1500,S_Shore,0.11872199659203805,0.3214777047983934,HYPERmethylated in responders,non-canonical / not the textbook direction
male,POGZ,ENSG00000143442,0.2460042297969428,8.000974577677625e-4,UP in responders,cg01444413,Body,OpenSea,-0.10285012049374084,0.40777323973338997,HYPOmethylated in responders,non-canonical / not the textbook direction
male,POGZ,ENSG00000143442,0.2460042297969428,8.000974577677625e-4,UP in responders,cg14520360,3'UTR,S_Shelf,-0.0678321621281818,0.4445584616586059,HYPOmethylated in responders,non-canonical / not the textbook direction
male,POGZ,ENSG00000143442,0.2460042297969428,8.000974577677625e-4,UP in responders,cg21915935,TSS200,Island,0.14946352659931925,0.4807968619014402,HYPERmethylated in responders,non-canonical / not the textbook direction
male,POGZ,ENSG00000143442,0.2460042297969428,8.000974577677625e-4,UP in responders,cg01538659,TSS200,Island,-0.13568201415280193,0.48620318031284726,HYPOmethylated in responders,concordant (promoter hypomethylation -> higher expression)
male,POGZ,ENSG00000143442,0.2460042297969428,8.000974577677625e-4,UP in responders,cg19893947,TSS1500,S_Shore,-0.08239843597354633,0.48823769357382574,HYPOmethylated in responders,concordant (promoter hypomethylation -> higher expression)
male,POGZ,ENSG00000143442,0.2460042297969428,8.000974577677625e-4,UP in responders,cg03863551,Body,OpenSea,-0.07479936668749025,0.5002663183627389,HYPOmethylated in responders,non-canonical / not the textbook direction
male,POGZ,ENSG00000143442,0.2460042297969428,8.000974577677625e-4,UP in responders,cg12647320,TSS1500,S_Shore,0.07609023636756795,0.5263752417719392,HYPERmethylated in responders,non-canonical / not the textbook direction
male,POGZ,ENSG00000143442,0.2460042297969428,8.000974577677625e-4,UP in responders,cg10700717,5'UTR,N_Shore,0.09156342408750509,0.532268317322661,HYPERmethylated in responders,non-canonical / not the textbook direction
male,POGZ,ENSG00000143442,0.2460042297969428,8.000974577677625e-4,UP in responders,cg01557844,TSS200,Island,0.1517413338683554,0.5504123562530021,HYPERmethylated in responders,non-canonical / not the textbook direction
male,POGZ,ENSG00000143442,0.2460042297969428,8.000974577677625e-4,UP in responders,cg01003245,5'UTR,N_Shelf,0.10149905894092831,0.5555262243810584,HYPERmethylated in responders,non-canonical / not the textbook direction
male,POGZ,ENSG00000143442,0.2460042297969428,8.000974577677625e-4,UP in responders,cg00374382,Body,OpenSea,0.056302218484265414,0.5630057493573424,HYPERmethylated in responders,concordant (gene-body hypermethylation -> higher expression)
male,POGZ,ENSG00000143442,0.2460042297969428,8.000974577677625e-4,UP in responders,cg27629583,1stExon,Island,0.056137533199591826,0.5745334878237655,HYPERmethylated in responders,non-canonical / not the textbook direction
male,POGZ,ENSG00000143442,0.2460042297969428,8.000974577677625e-4,UP in responders,cg27629583,5'UTR,Island,0.056137533199591826,0.5745334878237655,HYPERmethylated in responders,non-canonical / not the textbook direction
male,POGZ,ENSG00000143442,0.2460042297969428,8.000974577677625e-4,UP in responders,cg12213201,1stExon,Island,-0.10417685644675634,0.5869596641720353,HYPOmethylated in responders,concordant (promoter hypomethylation -> higher expression)
male,POGZ,ENSG00000143442,0.2460042297969428,8.000974577677625e-4,UP in responders,cg12213201,5'UTR,Island,-0.10417685644675634,0.5869596641720353,HYPOmethylated in responders,concordant (promoter hypomethylation -> higher expression)
male,POGZ,ENSG00000143442,0.2460042297969428,8.000974577677625e-4,UP in responders,ch.1.2927887F,Body,OpenSea,0.145869428110138,0.6491811408891079,HYPERmethylated in responders,concordant (gene-body hypermethylation -> higher expression)
male,POGZ,ENSG00000143442,0.2460042297969428,8.000974577677625e-4,UP in responders,cg23576325,TSS1500,S_Shore,-0.043083717421183665,0.6647314010274028,HYPOmethylated in responders,concordant (promoter hypomethylation -> higher expression)
male,POGZ,ENSG00000143442,0.2460042297969428,8.000974577677625e-4,UP in responders,cg17021527,TSS1500,S_Shore,-0.042445959172106904,0.6744395498384099,HYPOmethylated in responders,concordant (promoter hypomethylation -> higher expression)
male,POGZ,ENSG00000143442,0.2460042297969428,8.000974577677625e-4,UP in responders,cg20006164,5'UTR,N_Shore,-0.07789567132320335,0.6978456861662465,HYPOmethylated in responders,concordant (promoter hypomethylation -> higher expression)
male,POGZ,ENSG00000143442,0.2460042297969428,8.000974577677625e-4,UP in responders,cg24848129,TSS1500,OpenSea,-0.027007476285476766,0.8118782590026876,HYPOmethylated in responders,concordant (promoter hypomethylation -> higher expression)
male,POGZ,ENSG00000143442,0.2460042297969428,8.000974577677625e-4,UP in responders,cg24848129,5'UTR,OpenSea,-0.027007476285476766,0.8118782590026876,HYPOmethylated in responders,concordant (promoter hypomethylation -> higher expression)
male,POGZ,ENSG00000143442,0.2460042297969428,8.000974577677625e-4,UP in responders,cg15352537,1stExon,OpenSea,-0.031527012483681296,0.8148233975567325,HYPOmethylated in responders,concordant (promoter hypomethylation -> higher expression)
male,POGZ,ENSG00000143442,0.2460042297969428,8.000974577677625e-4,UP in responders,cg15352537,ExonBnd,OpenSea,-0.031527012483681296,0.8148233975567325,HYPOmethylated in responders,non-canonical / not the textbook direction
male,POGZ,ENSG00000143442,0.2460042297969428,8.000974577677625e-4,UP in responders,cg15352537,Body,OpenSea,-0.031527012483681296,0.8148233975567325,HYPOmethylated in responders,non-canonical / not the textbook direction
male,POGZ,ENSG00000143442,0.2460042297969428,8.000974577677625e-4,UP in responders,cg24782170,TSS1500,OpenSea,0.021936157702650123,0.8528365138924647,HYPERmethylated in responders,non-canonical / not the textbook direction
male,POGZ,ENSG00000143442,0.2460042297969428,8.000974577677625e-4,UP in responders,cg24782170,5'UTR,OpenSea,0.021936157702650123,0.8528365138924647,HYPERmethylated in responders,non-canonical / not the textbook direction
male,POGZ,ENSG00000143442,0.2460042297969428,8.000974577677625e-4,UP in responders,cg24400488,5'UTR,N_Shore,0.02502071065961479,0.8635109549942452,HYPERmethylated in responders,non-canonical / not the textbook direction
male,POGZ,ENSG00000143442,0.2460042297969428,8.000974577677625e-4,UP in responders,cg01928794,5'UTR,N_Shelf,0.02352508533850032,0.8808509158469123,HYPERmethylated in responders,non-canonical / not the textbook direction
male,POGZ,ENSG00000143442,0.2460042297969428,8.000974577677625e-4,UP in responders,cg09667589,Body,OpenSea,0.00834975013070707,0.9383529495659757,HYPERmethylated in responders,concordant (gene-body hypermethylation -> higher expression)
male,POGZ,ENSG00000143442,0.2460042297969428,8.000974577677625e-4,UP in responders,cg18162373,Body,OpenSea,0.00781111181393927,0.9407322341219674,HYPERmethylated in responders,concordant (gene-body hypermethylation -> higher expression)
male,POGZ,ENSG00000143442,0.2460042297969428,8.000974577677625e-4,UP in responders,cg09988380,1stExon,Island,0.015392972420140994,0.943315169056393,HYPERmethylated in responders,non-canonical / not the textbook direction
male,POGZ,ENSG00000143442,0.2460042297969428,8.000974577677625e-4,UP in responders,cg09988380,5'UTR,Island,0.015392972420140994,0.943315169056393,HYPERmethylated in responders,non-canonical / not the textbook direction
male,CREB3L2,ENSG00000182158,0.3756700454236669,8.720868574230834e-4,UP in responders,cg08459437,Body,OpenSea,-0.5267179529044143,0.002801049200287947,HYPOmethylated in responders,non-canonical / not the textbook direction
male,CREB3L2,ENSG00000182158,0.3756700454236669,8.720868574230834e-4,UP in responders,cg22523050,3'UTR,OpenSea,-0.3646866280683915,0.007532650197688587,HYPOmethylated in responders,non-canonical / not the textbook direction
male,CREB3L2,ENSG00000182158,0.3756700454236669,8.720868574230834e-4,UP in responders,cg14537015,Body,OpenSea,-0.3182464804944774,0.010230672583376692,HYPOmethylated in responders,non-canonical / not the textbook direction
male,CREB3L2,ENSG00000182158,0.3756700454236669,8.720868574230834e-4,UP in responders,cg15975598,Body,OpenSea,-0.29264095134799256,0.010902317351547508,HYPOmethylated in responders,non-canonical / not the textbook direction
male,CREB3L2,ENSG00000182158,0.3756700454236669,8.720868574230834e-4,UP in responders,cg14522047,Body,OpenSea,-0.30833815057271124,0.015326248308112142,HYPOmethylated in responders,non-canonical / not the textbook direction
male,CREB3L2,ENSG00000182158,0.3756700454236669,8.720868574230834e-4,UP in responders,cg05723179,Body,OpenSea,-0.2896033319833346,0.021840997689800724,HYPOmethylated in responders,non-canonical / not the textbook direction
male,CREB3L2,ENSG00000182158,0.3756700454236669,8.720868574230834e-4,UP in responders,cg13310971,Body,OpenSea,-0.194329052429528,0.042457816486402275,HYPOmethylated in responders,non-canonical / not the textbook direction
male,CREB3L2,ENSG00000182158,0.3756700454236669,8.720868574230834e-4,UP in responders,cg04229315,Body,OpenSea,-0.27192559918513937,0.07486919864961729,HYPOmethylated in responders,non-canonical / not the textbook direction
male,CREB3L2,ENSG00000182158,0.3756700454236669,8.720868574230834e-4,UP in responders,cg03930781,Body,OpenSea,-0.16537633871906043,0.07488043404062995,HYPOmethylated in responders,non-canonical / not the textbook direction
male,CREB3L2,ENSG00000182158,0.3756700454236669,8.720868574230834e-4,UP in responders,cg10223193,Body,OpenSea,-1.1533723489287393,0.08497559815145461,HYPOmethylated in responders,non-canonical / not the textbook direction
male,CREB3L2,ENSG00000182158,0.3756700454236669,8.720868574230834e-4,UP in responders,cg16192068,Body,OpenSea,-0.11397604715625655,0.11200225404123447,HYPOmethylated in responders,non-canonical / not the textbook direction
male,CREB3L2,ENSG00000182158,0.3756700454236669,8.720868574230834e-4,UP in responders,cg07382687,Body,OpenSea,-0.2096403399514132,0.11994714384481472,HYPOmethylated in responders,non-canonical / not the textbook direction
male,CREB3L2,ENSG00000182158,0.3756700454236669,8.720868574230834e-4,UP in responders,cg11638553,Body,OpenSea,-0.1347257690187604,0.12562219279102577,HYPOmethylated in responders,non-canonical / not the textbook direction
male,CREB3L2,ENSG00000182158,0.3756700454236669,8.720868574230834e-4,UP in responders,cg13656809,Body,OpenSea,0.37691741717951605,0.12609865277106422,HYPERmethylated in responders,concordant (gene-body hypermethylation -> higher expression)
male,CREB3L2,ENSG00000182158,0.3756700454236669,8.720868574230834e-4,UP in responders,cg05041511,Body,OpenSea,-0.13156559591298964,0.1306245185673052,HYPOmethylated in responders,non-canonical / not the textbook direction
male,CREB3L2,ENSG00000182158,0.3756700454236669,8.720868574230834e-4,UP in responders,cg03304981,Body,N_Shore,0.1549036103172307,0.13105528124055893,HYPERmethylated in responders,concordant (gene-body hypermethylation -> higher expression)
male,CREB3L2,ENSG00000182158,0.3756700454236669,8.720868574230834e-4,UP in responders,cg05811904,Body,OpenSea,0.266223312072933,0.1393164939380472,HYPERmethylated in responders,concordant (gene-body hypermethylation -> higher expression)
male,CREB3L2,ENSG00000182158,0.3756700454236669,8.720868574230834e-4,UP in responders,cg18851730,TSS1500,S_Shore,0.17458873036035555,0.1395442250571257,HYPERmethylated in responders,non-canonical / not the textbook direction
male,CREB3L2,ENSG00000182158,0.3756700454236669,8.720868574230834e-4,UP in responders,cg04796012,Body,OpenSea,-0.14579925185362427,0.15617475053012805,HYPOmethylated in responders,non-canonical / not the textbook direction
male,CREB3L2,ENSG00000182158,0.3756700454236669,8.720868574230834e-4,UP in responders,cg20513916,Body,OpenSea,-0.16652469055320285,0.1643607244604554,HYPOmethylated in responders,non-canonical / not the textbook direction
male,CREB3L2,ENSG00000182158,0.3756700454236669,8.720868574230834e-4,UP in responders,cg04472009,Body,N_Shelf,-0.14876844966336816,0.1868605208309489,HYPOmethylated in responders,non-canonical / not the textbook direction
male,CREB3L2,ENSG00000182158,0.3756700454236669,8.720868574230834e-4,UP in responders,cg18548666,Body,OpenSea,-0.12930562657258593,0.1871858357766088,HYPOmethylated in responders,non-canonical / not the textbook direction
male,CREB3L2,ENSG00000182158,0.3756700454236669,8.720868574230834e-4,UP in responders,cg27241752,Body,OpenSea,-0.18968178499605573,0.19309331133521468,HYPOmethylated in responders,non-canonical / not the textbook direction
male,CREB3L2,ENSG00000182158,0.3756700454236669,8.720868574230834e-4,UP in responders,cg17400489,Body,OpenSea,0.1267388796652129,0.20243392758157439,HYPERmethylated in responders,concordant (gene-body hypermethylation -> higher expression)
male,CREB3L2,ENSG00000182158,0.3756700454236669,8.720868574230834e-4,UP in responders,cg07587590,Body,OpenSea,-0.1206097754278553,0.2094794859097291,HYPOmethylated in responders,non-canonical / not the textbook direction
male,CREB3L2,ENSG00000182158,0.3756700454236669,8.720868574230834e-4,UP in responders,cg00940243,Body,OpenSea,-0.12272049776635743,0.22906610505142894,HYPOmethylated in responders,non-canonical / not the textbook direction
male,CREB3L2,ENSG00000182158,0.3756700454236669,8.720868574230834e-4,UP in responders,cg21985184,3'UTR,OpenSea,-0.09949662936011848,0.24668677156642654,HYPOmethylated in responders,non-canonical / not the textbook direction
male,CREB3L2,ENSG00000182158,0.3756700454236669,8.720868574230834e-4,UP in responders,cg19418273,3'UTR,OpenSea,-0.10937767653585032,0.30339898962438705,HYPOmethylated in responders,non-canonical / not the textbook direction
male,CREB3L2,ENSG00000182158,0.3756700454236669,8.720868574230834e-4,UP in responders,cg02691450,Body,OpenSea,0.09485689159158804,0.3220512874523417,HYPERmethylated in responders,concordant (gene-body hypermethylation -> higher expression)
male,CREB3L2,ENSG00000182158,0.3756700454236669,8.720868574230834e-4,UP in responders,cg18716737,Body,OpenSea,-0.07456239983163143,0.33008312097663806,HYPOmethylated in responders,non-canonical / not the textbook direction
male,CREB3L2,ENSG00000182158,0.3756700454236669,8.720868574230834e-4,UP in responders,cg18091615,Body,OpenSea,-0.09959307392876585,0.33257202993056223,HYPOmethylated in responders,non-canonical / not the textbook direction
male,CREB3L2,ENSG00000182158,0.3756700454236669,8.720868574230834e-4,UP in responders,cg22186263,Body,OpenSea,-0.11228971597178888,0.33990444770710504,HYPOmethylated in responders,non-canonical / not the textbook direction
male,CREB3L2,ENSG00000182158,0.3756700454236669,8.720868574230834e-4,UP in responders,cg00718401,Body,OpenSea,-0.08877062393163361,0.35606275781456287,HYPOmethylated in responders,non-canonical / not the textbook direction
male,CREB3L2,ENSG00000182158,0.3756700454236669,8.720868574230834e-4,UP in responders,cg00711711,TSS200,Island,0.07189808485757003,0.3577582255806757,HYPERmethylated in responders,non-canonical / not the textbook direction
male,CREB3L2,ENSG00000182158,0.3756700454236669,8.720868574230834e-4,UP in responders,cg02883053,Body,OpenSea,-0.08742201459831225,0.3598059866304162,HYPOmethylated in responders,non-canonical / not the textbook direction
male,CREB3L2,ENSG00000182158,0.3756700454236669,8.720868574230834e-4,UP in responders,cg23697157,Body,OpenSea,0.14319890856385725,0.3832710853933623,HYPERmethylated in responders,concordant (gene-body hypermethylation -> higher expression)
male,CREB3L2,ENSG00000182158,0.3756700454236669,8.720868574230834e-4,UP in responders,cg04604708,Body,OpenSea,0.09212870540369969,0.38423917021434983,HYPERmethylated in responders,concordant (gene-body hypermethylation -> higher expression)
male,CREB3L2,ENSG00000182158,0.3756700454236669,8.720868574230834e-4,UP in responders,cg12751400,Body,OpenSea,0.07698035650536877,0.40102563340761654,HYPERmethylated in responders,concordant (gene-body hypermethylation -> higher expression)
male,CREB3L2,ENSG00000182158,0.3756700454236669,8.720868574230834e-4,UP in responders,cg26938153,TSS200,Island,-0.08889840911661563,0.4091408143539289,HYPOmethylated in responders,concordant (promoter hypomethylation -> higher expression)
male,CREB3L2,ENSG00000182158,0.3756700454236669,8.720868574230834e-4,UP in responders,cg02216939,TSS1500,S_Shore,0.07589138591365518,0.44208377420689404,HYPERmethylated in responders,non-canonical / not the textbook direction
male,CREB3L2,ENSG00000182158,0.3756700454236669,8.720868574230834e-4,UP in responders,cg13264822,Body,OpenSea,-0.07983411474527335,0.4569431635518246,HYPOmethylated in responders,non-canonical / not the textbook direction
male,CREB3L2,ENSG00000182158,0.3756700454236669,8.720868574230834e-4,UP in responders,cg19943035,TSS200,Island,-0.11298685571111217,0.47084291833110015,HYPOmethylated in responders,concordant (promoter hypomethylation -> higher expression)
male,CREB3L2,ENSG00000182158,0.3756700454236669,8.720868574230834e-4,UP in responders,cg19591084,Body,OpenSea,-0.07196166623807185,0.5181892691560741,HYPOmethylated in responders,non-canonical / not the textbook direction
male,CREB3L2,ENSG00000182158,0.3756700454236669,8.720868574230834e-4,UP in responders,cg18998499,Body,OpenSea,0.12540636841541125,0.5330011051243222,HYPERmethylated in responders,concordant (gene-body hypermethylation -> higher expression)
male,CREB3L2,ENSG00000182158,0.3756700454236669,8.720868574230834e-4,UP in responders,cg10299131,Body,OpenSea,0.07580612940490025,0.5418018833979995,HYPERmethylated in responders,concordant (gene-body hypermethylation -> higher expression)
male,CREB3L2,ENSG00000182158,0.3756700454236669,8.720868574230834e-4,UP in responders,cg13016916,Body,OpenSea,0.12952553361234842,0.5485329770568412,HYPERmethylated in responders,concordant (gene-body hypermethylation -> higher expression)
male,CREB3L2,ENSG00000182158,0.3756700454236669,8.720868574230834e-4,UP in responders,cg17324366,1stExon,Island,0.08624661249700859,0.5491989778809866,HYPERmethylated in responders,non-canonical / not the textbook direction
male,CREB3L2,ENSG00000182158,0.3756700454236669,8.720868574230834e-4,UP in responders,cg17324366,5'UTR,Island,0.08624661249700859,0.5491989778809866,HYPERmethylated in responders,non-canonical / not the textbook direction
male,CREB3L2,ENSG00000182158,0.3756700454236669,8.720868574230834e-4,UP in responders,cg11987509,TSS200,Island,0.05538152666267579,0.5600509983977165,HYPERmethylated in responders,non-canonical / not the textbook direction
male,CREB3L2,ENSG00000182158,0.3756700454236669,8.720868574230834e-4,UP in responders,cg18444122,1stExon,Island,-0.12259990043940788,0.571189631101187,HYPOmethylated in responders,concordant (promoter hypomethylation -> higher expression)
male,CREB3L2,ENSG00000182158,0.3756700454236669,8.720868574230834e-4,UP in responders,cg18444122,5'UTR,Island,-0.12259990043940788,0.571189631101187,HYPOmethylated in responders,concordant (promoter hypomethylation -> higher expression)
male,CREB3L2,ENSG00000182158,0.3756700454236669,8.720868574230834e-4,UP in responders,cg03970798,Body,OpenSea,-0.0690352276047538,0.5738653104057642,HYPOmethylated in responders,non-canonical / not the textbook direction
male,CREB3L2,ENSG00000182158,0.3756700454236669,8.720868574230834e-4,UP in responders,ch.7.2864275F,Body,OpenSea,-0.18954246375688621,0.5769376268734852,HYPOmethylated in responders,non-canonical / not the textbook direction
male,CREB3L2,ENSG00000182158,0.3756700454236669,8.720868574230834e-4,UP in responders,cg27619122,Body,OpenSea,0.04455379959765718,0.5855270053779404,HYPERmethylated in responders,concordant (gene-body hypermethylation -> higher expression)
male,CREB3L2,ENSG00000182158,0.3756700454236669,8.720868574230834e-4,UP in responders,cg13832670,Body,OpenSea,0.10262004708264635,0.6040701969958823,HYPERmethylated in responders,concordant (gene-body hypermethylation -> higher expression)
male,CREB3L2,ENSG00000182158,0.3756700454236669,8.720868574230834e-4,UP in responders,cg03280605,Body,OpenSea,-0.05677514862217675,0.6043766262953583,HYPOmethylated in responders,non-canonical / not the textbook direction
male,CREB3L2,ENSG00000182158,0.3756700454236669,8.720868574230834e-4,UP in responders,cg05684132,Body,OpenSea,0.09103711377014007,0.6373391094371639,HYPERmethylated in responders,concordant (gene-body hypermethylation -> higher expression)
male,CREB3L2,ENSG00000182158,0.3756700454236669,8.720868574230834e-4,UP in responders,cg02087367,Body,OpenSea,0.047494089979043336,0.6375216495634697,HYPERmethylated in responders,concordant (gene-body hypermethylation -> higher expression)
male,CREB3L2,ENSG00000182158,0.3756700454236669,8.720868574230834e-4,UP in responders,cg13471756,Body,Island,-0.11416412837093366,0.6376695637541603,HYPOmethylated in responders,non-canonical / not the textbook direction
male,CREB3L2,ENSG00000182158,0.3756700454236669,8.720868574230834e-4,UP in responders,cg02149314,1stExon,Island,-0.0383205056403723,0.675590269872981,HYPOmethylated in responders,concordant (promoter hypomethylation -> higher expression)
male,CREB3L2,ENSG00000182158,0.3756700454236669,8.720868574230834e-4,UP in responders,cg02149314,5'UTR,Island,-0.0383205056403723,0.675590269872981,HYPOmethylated in responders,concordant (promoter hypomethylation -> higher expression)
male,CREB3L2,ENSG00000182158,0.3756700454236669,8.720868574230834e-4,UP in responders,cg23693897,Body,OpenSea,-0.03593063576108757,0.6769912584436808,HYPOmethylated in responders,non-canonical / not the textbook direction
male,CREB3L2,ENSG00000182158,0.3756700454236669,8.720868574230834e-4,UP in responders,cg02633286,TSS200,Island,-0.050113691209451,0.6770362513935471,HYPOmethylated in responders,concordant (promoter hypomethylation -> higher expression)
male,CREB3L2,ENSG00000182158,0.3756700454236669,8.720868574230834e-4,UP in responders,cg07694984,Body,OpenSea,-0.05153346321156566,0.7182865478429493,HYPOmethylated in responders,non-canonical / not the textbook direction
male,CREB3L2,ENSG00000182158,0.3756700454236669,8.720868574230834e-4,UP in responders,cg11376472,Body,OpenSea,0.06485727530200228,0.7285085406311953,HYPERmethylated in responders,concordant (gene-body hypermethylation -> higher expression)
male,CREB3L2,ENSG00000182158,0.3756700454236669,8.720868574230834e-4,UP in responders,cg09238162,Body,OpenSea,-0.03535583704290091,0.7463614317485912,HYPOmethylated in responders,non-canonical / not the textbook direction
male,CREB3L2,ENSG00000182158,0.3756700454236669,8.720868574230834e-4,UP in responders,cg17658118,Body,OpenSea,-0.0243104845265686,0.7563016467530279,HYPOmethylated in responders,non-canonical / not the textbook direction
male,CREB3L2,ENSG00000182158,0.3756700454236669,8.720868574230834e-4,UP in responders,cg05839418,Body,OpenSea,0.041349009108590955,0.7646706882318813,HYPERmethylated in responders,concordant (gene-body hypermethylation -> higher expression)
male,CREB3L2,ENSG00000182158,0.3756700454236669,8.720868574230834e-4,UP in responders,cg04096472,TSS1500,S_Shore,0.03141306004005879,0.7688840807684986,HYPERmethylated in responders,non-canonical / not the textbook direction
male,CREB3L2,ENSG00000182158,0.3756700454236669,8.720868574230834e-4,UP in responders,cg24732344,3'UTR,OpenSea,0.03184061915237993,0.7839323511710625,HYPERmethylated in responders,non-canonical / not the textbook direction
male,CREB3L2,ENSG00000182158,0.3756700454236669,8.720868574230834e-4,UP in responders,cg00262280,TSS1500,Island,-0.02792201920488321,0.8004286103129686,HYPOmethylated in responders,concordant (promoter hypomethylation -> higher expression)
male,CREB3L2,ENSG00000182158,0.3756700454236669,8.720868574230834e-4,UP in responders,cg02582320,Body,OpenSea,-0.03749903499158545,0.805562021024017,HYPOmethylated in responders,non-canonical / not the textbook direction
male,CREB3L2,ENSG00000182158,0.3756700454236669,8.720868574230834e-4,UP in responders,cg21654684,1stExon,Island,0.05042413160969841,0.8124056884197456,HYPERmethylated in responders,non-canonical / not the textbook direction
male,CREB3L2,ENSG00000182158,0.3756700454236669,8.720868574230834e-4,UP in responders,cg21654684,5'UTR,Island,0.05042413160969841,0.8124056884197456,HYPERmethylated in responders,non-canonical / not the textbook direction
male,CREB3L2,ENSG00000182158,0.3756700454236669,8.720868574230834e-4,UP in responders,cg09205945,Body,OpenSea,-0.03509661328419957,0.8523179413864819,HYPOmethylated in responders,non-canonical / not the textbook direction
male,CREB3L2,ENSG00000182158,0.3756700454236669,8.720868574230834e-4,UP in responders,cg14936234,Body,N_Shore,-0.02383487361600641,0.857473963522669,HYPOmethylated in responders,non-canonical / not the textbook direction
male,CREB3L2,ENSG00000182158,0.3756700454236669,8.720868574230834e-4,UP in responders,cg09136938,1stExon,Island,0.015859290521520138,0.9061201105802451,HYPERmethylated in responders,non-canonical / not the textbook direction
male,CREB3L2,ENSG00000182158,0.3756700454236669,8.720868574230834e-4,UP in responders,cg09136938,5'UTR,Island,0.015859290521520138,0.9061201105802451,HYPERmethylated in responders,non-canonical / not the textbook direction
male,CREB3L2,ENSG00000182158,0.3756700454236669,8.720868574230834e-4,UP in responders,cg11787891,Body,OpenSea,0.02090143416935097,0.9112359464222473,HYPERmethylated in responders,concordant (gene-body hypermethylation -> higher expression)
male,CREB3L2,ENSG00000182158,0.3756700454236669,8.720868574230834e-4,UP in responders,cg25318608,1stExon,Island,-0.00964667746020231,0.9446046546102513,HYPOmethylated in responders,concordant (promoter hypomethylation -> higher expression)
male,CREB3L2,ENSG00000182158,0.3756700454236669,8.720868574230834e-4,UP in responders,cg25318608,5'UTR,Island,-0.00964667746020231,0.9446046546102513,HYPOmethylated in responders,concordant (promoter hypomethylation -> higher expression)
male,CREB3L2,ENSG00000182158,0.3756700454236669,8.720868574230834e-4,UP in responders,cg05879072,Body,OpenSea,0.006055340706985761,0.9610110375088006,HYPERmethylated in responders,concordant (gene-body hypermethylation -> higher expression)
male,CREB3L2,ENSG00000182158,0.3756700454236669,8.720868574230834e-4,UP in responders,cg12872621,Body,OpenSea,-0.0028809111939794543,0.9754465473906249,HYPOmethylated in responders,non-canonical / not the textbook direction
male,BLVRA,ENSG00000106605,-0.727223499619628,0.0011814622291597722,DOWN in responders,cg19173487,5'UTR,OpenSea,-0.1837217284475922,0.012490696663281025,HYPOmethylated in responders,non-canonical / not the textbook direction
male,BLVRA,ENSG00000106605,-0.727223499619628,0.0011814622291597722,DOWN in responders,cg16670742,Body,OpenSea,-0.19639962998002733,0.021069600872348996,HYPOmethylated in responders,concordant (gene-body hypomethylation -> lower expression)
male,BLVRA,ENSG00000106605,-0.727223499619628,0.0011814622291597722,DOWN in responders,cg25450376,Body,OpenSea,-0.3146230036250487,0.035536210272182796,HYPOmethylated in responders,concordant (gene-body hypomethylation -> lower expression)
male,BLVRA,ENSG00000106605,-0.727223499619628,0.0011814622291597722,DOWN in responders,cg19725553,TSS1500,Island,0.4388270060209202,0.06246747406093738,HYPERmethylated in responders,concordant (promoter hypermethylation -> lower expression)
male,BLVRA,ENSG00000106605,-0.727223499619628,0.0011814622291597722,DOWN in responders,cg20208398,5'UTR,OpenSea,0.363954049154465,0.09937928257484407,HYPERmethylated in responders,concordant (promoter hypermethylation -> lower expression)
male,BLVRA,ENSG00000106605,-0.727223499619628,0.0011814622291597722,DOWN in responders,cg27496339,5'UTR,OpenSea,0.49850235294915757,0.09978960851769181,HYPERmethylated in responders,concordant (promoter hypermethylation -> lower expression)
male,BLVRA,ENSG00000106605,-0.727223499619628,0.0011814622291597722,DOWN in responders,cg20980993,Body,OpenSea,-0.14977208388515195,0.10455175954565424,HYPOmethylated in responders,concordant (gene-body hypomethylation -> lower expression)
male,BLVRA,ENSG00000106605,-0.727223499619628,0.0011814622291597722,DOWN in responders,cg17737867,5'UTR,OpenSea,-0.11200863897615765,0.18575601582690096,HYPOmethylated in responders,non-canonical / not the textbook direction
male,BLVRA,ENSG00000106605,-0.727223499619628,0.0011814622291597722,DOWN in responders,cg04391064,TSS1500,Island,0.4233922942686991,0.1915707496984233,HYPERmethylated in responders,concordant (promoter hypermethylation -> lower expression)
male,BLVRA,ENSG00000106605,-0.727223499619628,0.0011814622291597722,DOWN in responders,cg10045861,Body,OpenSea,0.2571195441094943,0.21986371576162725,HYPERmethylated in responders,non-canonical / not the textbook direction
male,BLVRA,ENSG00000106605,-0.727223499619628,0.0011814622291597722,DOWN in responders,cg16767274,Body,OpenSea,-0.08688941349439262,0.2541552577546252,HYPOmethylated in responders,concordant (gene-body hypomethylation -> lower expression)
male,BLVRA,ENSG00000106605,-0.727223499619628,0.0011814622291597722,DOWN in responders,cg00167504,5'UTR,Island,0.1159689669509604,0.2745285876599951,HYPERmethylated in responders,concordant (promoter hypermethylation -> lower expression)
male,BLVRA,ENSG00000106605,-0.727223499619628,0.0011814622291597722,DOWN in responders,cg08074427,5'UTR,S_Shore,0.19539968072325317,0.35878186465510864,HYPERmethylated in responders,concordant (promoter hypermethylation -> lower expression)
male,BLVRA,ENSG00000106605,-0.727223499619628,0.0011814622291597722,DOWN in responders,cg16198851,5'UTR,Island,0.12296280938037832,0.35962088526264113,HYPERmethylated in responders,concordant (promoter hypermethylation -> lower expression)
male,BLVRA,ENSG00000106605,-0.727223499619628,0.0011814622291597722,DOWN in responders,cg25548328,5'UTR,S_Shelf,-0.06305775603042976,0.4246868255271542,HYPOmethylated in responders,non-canonical / not the textbook direction
male,BLVRA,ENSG00000106605,-0.727223499619628,0.0011814622291597722,DOWN in responders,cg12387275,TSS1500,Island,0.16472030168975346,0.4302332940857755,HYPERmethylated in responders,concordant (promoter hypermethylation -> lower expression)
male,BLVRA,ENSG00000106605,-0.727223499619628,0.0011814622291597722,DOWN in responders,cg04087920,5'UTR,OpenSea,0.07437744973868239,0.46214919121578546,HYPERmethylated in responders,concordant (promoter hypermethylation -> lower expression)
male,BLVRA,ENSG00000106605,-0.727223499619628,0.0011814622291597722,DOWN in responders,cg06685411,Body,OpenSea,0.13681429566669961,0.4668624062942026,HYPERmethylated in responders,non-canonical / not the textbook direction
male,BLVRA,ENSG00000106605,-0.727223499619628,0.0011814622291597722,DOWN in responders,cg15997773,TSS200,Island,0.05521822481229644,0.4684344451509075,HYPERmethylated in responders,concordant (promoter hypermethylation -> lower expression)
male,BLVRA,ENSG00000106605,-0.727223499619628,0.0011814622291597722,DOWN in responders,cg11928698,Body,OpenSea,0.057587626586331146,0.5342327989253379,HYPERmethylated in responders,non-canonical / not the textbook direction
male,BLVRA,ENSG00000106605,-0.727223499619628,0.0011814622291597722,DOWN in responders,cg15728966,Body,OpenSea,0.08124111029452455,0.5487243326312778,HYPERmethylated in responders,non-canonical / not the textbook direction
male,BLVRA,ENSG00000106605,-0.727223499619628,0.0011814622291597722,DOWN in responders,cg08947908,Body,OpenSea,-0.04973756324722097,0.634726867203425,HYPOmethylated in responders,concordant (gene-body hypomethylation -> lower expression)
male,BLVRA,ENSG00000106605,-0.727223499619628,0.0011814622291597722,DOWN in responders,cg27030336,5'UTR,Island,0.06677969880218418,0.6363105500816201,HYPERmethylated in responders,concordant (promoter hypermethylation -> lower expression)
male,BLVRA,ENSG00000106605,-0.727223499619628,0.0011814622291597722,DOWN in responders,cg07332178,TSS1500,Island,-0.03830595022489608,0.7235239592386773,HYPOmethylated in responders,non-canonical / not the textbook direction
male,BLVRA,ENSG00000106605,-0.727223499619628,0.0011814622291597722,DOWN in responders,cg12894711,Body,OpenSea,0.034341855704627326,0.8313167115811022,HYPERmethylated in responders,non-canonical / not the textbook direction
male,BLVRA,ENSG00000106605,-0.727223499619628,0.0011814622291597722,DOWN in responders,cg14579118,TSS1500,N_Shore,-0.02181433042964226,0.8857261259988888,HYPOmethylated in responders,non-canonical / not the textbook direction
male,BLVRA,ENSG00000106605,-0.727223499619628,0.0011814622291597722,DOWN in responders,cg01581867,TSS200,Island,-0.006271015696716933,0.9594948352138539,HYPOmethylated in responders,non-canonical / not the textbook direction
male,COX19,ENSG00000240230,0.2924542617951274,0.001529972599573156,UP in responders,cg00694777,3'UTR,N_Shore,-0.31621517020304424,0.002128442293792932,HYPOmethylated in responders,non-canonical / not the textbook direction
male,COX19,ENSG00000240230,0.2924542617951274,0.001529972599573156,UP in responders,cg25337795,5'UTR,Island,-0.7417142012476678,0.021568997208124007,HYPOmethylated in responders,concordant (promoter hypomethylation -> higher expression)
male,COX19,ENSG00000240230,0.2924542617951274,0.001529972599573156,UP in responders,cg25337795,1stExon,Island,-0.7417142012476678,0.021568997208124007,HYPOmethylated in responders,concordant (promoter hypomethylation -> higher expression)
male,COX19,ENSG00000240230,0.2924542617951274,0.001529972599573156,UP in responders,cg11309342,Body,Island,0.36597009720285045,0.02171882557278487,HYPERmethylated in responders,concordant (gene-body hypermethylation -> higher expression)
male,COX19,ENSG00000240230,0.2924542617951274,0.001529972599573156,UP in responders,cg04095145,TSS1500,S_Shore,-0.23147787694209232,0.029135836884181216,HYPOmethylated in responders,concordant (promoter hypomethylation -> higher expression)
male,COX19,ENSG00000240230,0.2924542617951274,0.001529972599573156,UP in responders,cg16306644,3'UTR,N_Shore,0.2657057594230693,0.0495810250932758,HYPERmethylated in responders,non-canonical / not the textbook direction
male,COX19,ENSG00000240230,0.2924542617951274,0.001529972599573156,UP in responders,cg02039839,TSS1500,S_Shore,-0.21847656532837215,0.06732874956004856,HYPOmethylated in responders,concordant (promoter hypomethylation -> higher expression)
male,COX19,ENSG00000240230,0.2924542617951274,0.001529972599573156,UP in responders,cg22126965,TSS1500,S_Shore,0.40294558260405705,0.08724946755143652,HYPERmethylated in responders,non-canonical / not the textbook direction
male,COX19,ENSG00000240230,0.2924542617951274,0.001529972599573156,UP in responders,cg23320834,3'UTR,Island,-0.14700599068612166,0.0877550406312508,HYPOmethylated in responders,non-canonical / not the textbook direction
male,COX19,ENSG00000240230,0.2924542617951274,0.001529972599573156,UP in responders,cg03392753,3'UTR,N_Shore,-0.5155093729964019,0.09857118652742425,HYPOmethylated in responders,non-canonical / not the textbook direction
male,COX19,ENSG00000240230,0.2924542617951274,0.001529972599573156,UP in responders,cg24206161,Body,Island,-0.24557386128591507,0.144980254392765,HYPOmethylated in responders,non-canonical / not the textbook direction
male,COX19,ENSG00000240230,0.2924542617951274,0.001529972599573156,UP in responders,cg21355619,3'UTR,S_Shore,-0.10584264352111884,0.17431855141673955,HYPOmethylated in responders,non-canonical / not the textbook direction
male,COX19,ENSG00000240230,0.2924542617951274,0.001529972599573156,UP in responders,cg16404342,TSS200,Island,-0.2073611996718786,0.1758637805763743,HYPOmethylated in responders,concordant (promoter hypomethylation -> higher expression)
male,COX19,ENSG00000240230,0.2924542617951274,0.001529972599573156,UP in responders,cg08521170,TSS1500,S_Shore,0.14524912491934933,0.2592971849382877,HYPERmethylated in responders,non-canonical / not the textbook direction
male,COX19,ENSG00000240230,0.2924542617951274,0.001529972599573156,UP in responders,cg07981471,TSS200,S_Shore,-0.11892339978240588,0.27580718397151466,HYPOmethylated in responders,concordant (promoter hypomethylation -> higher expression)
male,COX19,ENSG00000240230,0.2924542617951274,0.001529972599573156,UP in responders,cg02595922,Body,Island,-0.12127294765553995,0.2909618927044382,HYPOmethylated in responders,non-canonical / not the textbook direction
male,COX19,ENSG00000240230,0.2924542617951274,0.001529972599573156,UP in responders,cg16404364,3'UTR,N_Shore,-0.09914256060696065,0.2980893991931165,HYPOmethylated in responders,non-canonical / not the textbook direction
male,COX19,ENSG00000240230,0.2924542617951274,0.001529972599573156,UP in responders,cg22301154,3'UTR,S_Shore,-0.07306106818264482,0.4026214344205994,HYPOmethylated in responders,non-canonical / not the textbook direction
male,COX19,ENSG00000240230,0.2924542617951274,0.001529972599573156,UP in responders,cg24136937,Body,N_Shelf,-0.09092097831708308,0.40550174612991685,HYPOmethylated in responders,non-canonical / not the textbook direction
male,COX19,ENSG00000240230,0.2924542617951274,0.001529972599573156,UP in responders,cg06515404,3'UTR,Island,-0.09880614543226185,0.41783852866048643,HYPOmethylated in responders,non-canonical / not the textbook direction
male,COX19,ENSG00000240230,0.2924542617951274,0.001529972599573156,UP in responders,cg10374962,Body,N_Shelf,0.08640518562002446,0.43621403795649194,HYPERmethylated in responders,concordant (gene-body hypermethylation -> higher expression)
male,COX19,ENSG00000240230,0.2924542617951274,0.001529972599573156,UP in responders,cg14148253,TSS1500,S_Shore,0.09066289207896969,0.5118824471032302,HYPERmethylated in responders,non-canonical / not the textbook direction
male,COX19,ENSG00000240230,0.2924542617951274,0.001529972599573156,UP in responders,cg19314263,3'UTR,S_Shore,0.07011504328362303,0.5237960827268067,HYPERmethylated in responders,non-canonical / not the textbook direction
male,COX19,ENSG00000240230,0.2924542617951274,0.001529972599573156,UP in responders,cg02028351,3'UTR,S_Shore,-0.053758406646532406,0.5323869989830106,HYPOmethylated in responders,non-canonical / not the textbook direction
male,COX19,ENSG00000240230,0.2924542617951274,0.001529972599573156,UP in responders,cg16055334,Body,Island,-0.06044688542036641,0.5888513039684323,HYPOmethylated in responders,non-canonical / not the textbook direction
male,COX19,ENSG00000240230,0.2924542617951274,0.001529972599573156,UP in responders,cg15783470,Body,S_Shelf,-0.042537572410866774,0.593529663024144,HYPOmethylated in responders,non-canonical / not the textbook direction
male,COX19,ENSG00000240230,0.2924542617951274,0.001529972599573156,UP in responders,cg16245431,3'UTR,N_Shelf,0.06877720383688483,0.6705769804127943,HYPERmethylated in responders,non-canonical / not the textbook direction
male,COX19,ENSG00000240230,0.2924542617951274,0.001529972599573156,UP in responders,cg02333960,Body,N_Shore,-0.05401979215240204,0.6887904252241333,HYPOmethylated in responders,non-canonical / not the textbook direction
male,COX19,ENSG00000240230,0.2924542617951274,0.001529972599573156,UP in responders,cg06579756,TSS200,S_Shore,0.056542091629502425,0.7364142761904267,HYPERmethylated in responders,non-canonical / not the textbook direction
male,COX19,ENSG00000240230,0.2924542617951274,0.001529972599573156,UP in responders,cg21511321,3'UTR,N_Shelf,0.048922334561822725,0.7444367059352843,HYPERmethylated in responders,non-canonical / not the textbook direction
male,COX19,ENSG00000240230,0.2924542617951274,0.001529972599573156,UP in responders,cg09125316,TSS200,S_Shore,0.03839716271551405,0.7689957870926075,HYPERmethylated in responders,non-canonical / not the textbook direction
male,COX19,ENSG00000240230,0.2924542617951274,0.001529972599573156,UP in responders,cg19242378,Body,Island,-0.032672624506279654,0.7749438271358364,HYPOmethylated in responders,non-canonical / not the textbook direction
male,COX19,ENSG00000240230,0.2924542617951274,0.001529972599573156,UP in responders,cg24094675,TSS200,S_Shore,0.030891559057805617,0.7858014758004909,HYPERmethylated in responders,non-canonical / not the textbook direction
male,COX19,ENSG00000240230,0.2924542617951274,0.001529972599573156,UP in responders,cg09363068,3'UTR,N_Shelf,-0.028153981621220927,0.8615426751158464,HYPOmethylated in responders,non-canonical / not the textbook direction
male,COX19,ENSG00000240230,0.2924542617951274,0.001529972599573156,UP in responders,cg10833236,Body,N_Shelf,-0.017442984763427996,0.8985489441076185,HYPOmethylated in responders,non-canonical / not the textbook direction
male,COX19,ENSG00000240230,0.2924542617951274,0.001529972599573156,UP in responders,cg17732894,3'UTR,N_Shelf,0.010798036222346041,0.9498051854699798,HYPERmethylated in responders,non-canonical / not the textbook direction
male,COX19,ENSG00000240230,0.2924542617951274,0.001529972599573156,UP in responders,cg03788406,Body,N_Shelf,0.004229440356057737,0.9724864639932131,HYPERmethylated in responders,concordant (gene-body hypermethylation -> higher expression)
male,NDFIP1,ENSG00000131507,-0.2796121638024922,0.0016038048997739937,DOWN in responders,cg07392085,Body,S_Shore,0.547904557367559,0.03350948753221158,HYPERmethylated in responders,non-canonical / not the textbook direction
male,NDFIP1,ENSG00000131507,-0.2796121638024922,0.0016038048997739937,DOWN in responders,cg19979946,Body,Island,0.8374339131167041,0.04607799490263773,HYPERmethylated in responders,non-canonical / not the textbook direction
male,NDFIP1,ENSG00000131507,-0.2796121638024922,0.0016038048997739937,DOWN in responders,cg00716870,Body,OpenSea,0.20384567667422754,0.1029286218733922,HYPERmethylated in responders,non-canonical / not the textbook direction
male,NDFIP1,ENSG00000131507,-0.2796121638024922,0.0016038048997739937,DOWN in responders,cg01838380,5'UTR,Island,0.31142279009845525,0.12383956963418759,HYPERmethylated in responders,concordant (promoter hypermethylation -> lower expression)
male,NDFIP1,ENSG00000131507,-0.2796121638024922,0.0016038048997739937,DOWN in responders,cg01838380,1stExon,Island,0.31142279009845525,0.12383956963418759,HYPERmethylated in responders,concordant (promoter hypermethylation -> lower expression)
male,NDFIP1,ENSG00000131507,-0.2796121638024922,0.0016038048997739937,DOWN in responders,cg16821394,Body,Island,-0.2810720289908433,0.1327225630227572,HYPOmethylated in responders,concordant (gene-body hypomethylation -> lower expression)
male,NDFIP1,ENSG00000131507,-0.2796121638024922,0.0016038048997739937,DOWN in responders,cg25547248,Body,OpenSea,-0.11128930003432128,0.26580858699949417,HYPOmethylated in responders,concordant (gene-body hypomethylation -> lower expression)
male,NDFIP1,ENSG00000131507,-0.2796121638024922,0.0016038048997739937,DOWN in responders,cg03077789,TSS200,N_Shore,0.11263675388628279,0.3164591446564907,HYPERmethylated in responders,concordant (promoter hypermethylation -> lower expression)
male,NDFIP1,ENSG00000131507,-0.2796121638024922,0.0016038048997739937,DOWN in responders,cg19024165,3'UTR,OpenSea,-0.10854818906498107,0.3233065157962748,HYPOmethylated in responders,non-canonical / not the textbook direction
male,NDFIP1,ENSG00000131507,-0.2796121638024922,0.0016038048997739937,DOWN in responders,cg13490971,TSS1500,N_Shore,-0.12867182012192635,0.3491223069334075,HYPOmethylated in responders,non-canonical / not the textbook direction
male,NDFIP1,ENSG00000131507,-0.2796121638024922,0.0016038048997739937,DOWN in responders,cg13135535,TSS200,N_Shore,-0.07928505051520217,0.48896917883159596,HYPOmethylated in responders,non-canonical / not the textbook direction
male,NDFIP1,ENSG00000131507,-0.2796121638024922,0.0016038048997739937,DOWN in responders,cg09883264,Body,S_Shore,0.06545556259706195,0.5247500789814816,HYPERmethylated in responders,non-canonical / not the textbook direction
male,NDFIP1,ENSG00000131507,-0.2796121638024922,0.0016038048997739937,DOWN in responders,cg02567576,Body,S_Shelf,0.09082098401006128,0.5859604224764291,HYPERmethylated in responders,non-canonical / not the textbook direction
male,NDFIP1,ENSG00000131507,-0.2796121638024922,0.0016038048997739937,DOWN in responders,cg08523384,TSS1500,N_Shore,-0.07301262759246734,0.6530605861097889,HYPOmethylated in responders,non-canonical / not the textbook direction
male,NDFIP1,ENSG00000131507,-0.2796121638024922,0.0016038048997739937,DOWN in responders,cg23435118,TSS1500,N_Shore,-0.049976271847379475,0.7174779194410867,HYPOmethylated in responders,non-canonical / not the textbook direction
male,NDFIP1,ENSG00000131507,-0.2796121638024922,0.0016038048997739937,DOWN in responders,cg09754081,Body,OpenSea,0.03999026992693969,0.7629791621554656,HYPERmethylated in responders,non-canonical / not the textbook direction
male,NDFIP1,ENSG00000131507,-0.2796121638024922,0.0016038048997739937,DOWN in responders,cg03477586,3'UTR,OpenSea,-0.03233651929417876,0.770051276801855,HYPOmethylated in responders,non-canonical / not the textbook direction
male,NDFIP1,ENSG00000131507,-0.2796121638024922,0.0016038048997739937,DOWN in responders,cg00280524,TSS1500,N_Shore,-0.034298471834259686,0.7990909678127162,HYPOmethylated in responders,non-canonical / not the textbook direction
male,NDFIP1,ENSG00000131507,-0.2796121638024922,0.0016038048997739937,DOWN in responders,cg07352798,1stExon,Island,0.03759296822128765,0.7997353642726689,HYPERmethylated in responders,concordant (promoter hypermethylation -> lower expression)
male,NDFIP1,ENSG00000131507,-0.2796121638024922,0.0016038048997739937,DOWN in responders,cg08006980,TSS200,N_Shore,0.035663757500648145,0.8014755042488129,HYPERmethylated in responders,concordant (promoter hypermethylation -> lower expression)
male,NDFIP1,ENSG00000131507,-0.2796121638024922,0.0016038048997739937,DOWN in responders,cg10321460,3'UTR,OpenSea,-0.021591692698649967,0.8350306860802839,HYPOmethylated in responders,non-canonical / not the textbook direction
male,NDFIP1,ENSG00000131507,-0.2796121638024922,0.0016038048997739937,DOWN in responders,cg23144115,TSS1500,N_Shore,-0.0225497629954365,0.8391876927412905,HYPOmethylated in responders,non-canonical / not the textbook direction
male,NDFIP1,ENSG00000131507,-0.2796121638024922,0.0016038048997739937,DOWN in responders,cg05049695,TSS1500,N_Shore,0.02651974116841582,0.8471719613343137,HYPERmethylated in responders,concordant (promoter hypermethylation -> lower expression)
male,NDFIP1,ENSG00000131507,-0.2796121638024922,0.0016038048997739937,DOWN in responders,cg17323243,TSS200,N_Shore,0.021697677446733257,0.8894294178175118,HYPERmethylated in responders,concordant (promoter hypermethylation -> lower expression)
male,NDFIP1,ENSG00000131507,-0.2796121638024922,0.0016038048997739937,DOWN in responders,cg17347828,Body,OpenSea,0.016142410259379722,0.9196977175783086,HYPERmethylated in responders,non-canonical / not the textbook direction
male,NDFIP1,ENSG00000131507,-0.2796121638024922,0.0016038048997739937,DOWN in responders,cg06840973,5'UTR,Island,0.011772844902830494,0.9536760249428013,HYPERmethylated in responders,concordant (promoter hypermethylation -> lower expression)
male,NDFIP1,ENSG00000131507,-0.2796121638024922,0.0016038048997739937,DOWN in responders,cg06840973,1stExon,Island,0.011772844902830494,0.9536760249428013,HYPERmethylated in responders,concordant (promoter hypermethylation -> lower expression)
male,CASZ1,ENSG00000130940,0.5509503599236191,0.0016132139032040652,UP in responders,cg09415955,Body,S_Shore,-0.34699061322282715,0.0011219801986762038,HYPOmethylated in responders,non-canonical / not the textbook direction
male,CASZ1,ENSG00000130940,0.5509503599236191,0.0016132139032040652,UP in responders,cg09511724,5'UTR,OpenSea,-0.37846754377678526,0.001158532064365609,HYPOmethylated in responders,concordant (promoter hypomethylation -> higher expression)
male,CASZ1,ENSG00000130940,0.5509503599236191,0.0016132139032040652,UP in responders,cg12796481,5'UTR,OpenSea,-0.33019491448255534,0.001815312387452252,HYPOmethylated in responders,concordant (promoter hypomethylation -> higher expression)
male,CASZ1,ENSG00000130940,0.5509503599236191,0.0016132139032040652,UP in responders,cg02096887,Body,Island,-0.3516262345394305,0.0026124288093262896,HYPOmethylated in responders,non-canonical / not the textbook direction
male,CASZ1,ENSG00000130940,0.5509503599236191,0.0016132139032040652,UP in responders,cg05171823,5'UTR,S_Shore,-0.3802100633778282,0.0031965430184105422,HYPOmethylated in responders,concordant (promoter hypomethylation -> higher expression)
male,CASZ1,ENSG00000130940,0.5509503599236191,0.0016132139032040652,UP in responders,cg01589827,5'UTR,OpenSea,-0.34579065330770986,0.0035878041504927064,HYPOmethylated in responders,concordant (promoter hypomethylation -> higher expression)
male,CASZ1,ENSG00000130940,0.5509503599236191,0.0016132139032040652,UP in responders,cg20027547,5'UTR,OpenSea,-0.25616725419370423,0.005177565176009444,HYPOmethylated in responders,concordant (promoter hypomethylation -> higher expression)
male,CASZ1,ENSG00000130940,0.5509503599236191,0.0016132139032040652,UP in responders,cg23690808,5'UTR,OpenSea,-0.3695756217420015,0.006375383741639416,HYPOmethylated in responders,concordant (promoter hypomethylation -> higher expression)
male,CASZ1,ENSG00000130940,0.5509503599236191,0.0016132139032040652,UP in responders,cg09255388,5'UTR,S_Shelf,-0.21290051837287768,0.006467853329007717,HYPOmethylated in responders,concordant (promoter hypomethylation -> higher expression)
male,CASZ1,ENSG00000130940,0.5509503599236191,0.0016132139032040652,UP in responders,cg01437425,5'UTR,OpenSea,-0.362188322607723,0.006531249498373329,HYPOmethylated in responders,concordant (promoter hypomethylation -> higher expression)
male,CASZ1,ENSG00000130940,0.5509503599236191,0.0016132139032040652,UP in responders,cg04842880,5'UTR,OpenSea,-0.25476560557880945,0.00765456876912099,HYPOmethylated in responders,concordant (promoter hypomethylation -> higher expression)
male,CASZ1,ENSG00000130940,0.5509503599236191,0.0016132139032040652,UP in responders,cg09601002,5'UTR,N_Shelf,-0.2772133864682577,0.008732943198591631,HYPOmethylated in responders,concordant (promoter hypomethylation -> higher expression)
male,CASZ1,ENSG00000130940,0.5509503599236191,0.0016132139032040652,UP in responders,cg07985864,5'UTR,Island,-0.2914516986334498,0.00893988695526724,HYPOmethylated in responders,concordant (promoter hypomethylation -> higher expression)
male,CASZ1,ENSG00000130940,0.5509503599236191,0.0016132139032040652,UP in responders,cg20318235,Body,Island,-0.2561337651581461,0.009321287977018915,HYPOmethylated in responders,non-canonical / not the textbook direction
male,CASZ1,ENSG00000130940,0.5509503599236191,0.0016132139032040652,UP in responders,cg19253831,5'UTR,OpenSea,-0.28688830012824407,0.010455710825320675,HYPOmethylated in responders,concordant (promoter hypomethylation -> higher expression)
male,CASZ1,ENSG00000130940,0.5509503599236191,0.0016132139032040652,UP in responders,cg08885197,Body,OpenSea,-0.2597675840179075,0.010701395136876877,HYPOmethylated in responders,non-canonical / not the textbook direction
male,CASZ1,ENSG00000130940,0.5509503599236191,0.0016132139032040652,UP in responders,cg00135211,5'UTR,OpenSea,-0.3249854006783946,0.011070693901808357,HYPOmethylated in responders,concordant (promoter hypomethylation -> higher expression)
male,CASZ1,ENSG00000130940,0.5509503599236191,0.0016132139032040652,UP in responders,cg06278549,5'UTR,OpenSea,-0.3045614610022658,0.012037312425839814,HYPOmethylated in responders,concordant (promoter hypomethylation -> higher expression)
male,CASZ1,ENSG00000130940,0.5509503599236191,0.0016132139032040652,UP in responders,cg07589381,5'UTR,Island,-0.25831610367417074,0.012391908313824845,HYPOmethylated in responders,concordant (promoter hypomethylation -> higher expression)
male,CASZ1,ENSG00000130940,0.5509503599236191,0.0016132139032040652,UP in responders,cg19706390,Body,S_Shore,-0.5158990558268646,0.013472563096610211,HYPOmethylated in responders,non-canonical / not the textbook direction
male,CASZ1,ENSG00000130940,0.5509503599236191,0.0016132139032040652,UP in responders,cg17177074,5'UTR,OpenSea,-0.29742581817440056,0.013583739051442046,HYPOmethylated in responders,concordant (promoter hypomethylation -> higher expression)
male,CASZ1,ENSG00000130940,0.5509503599236191,0.0016132139032040652,UP in responders,cg16346321,Body,S_Shore,-0.44123326862497814,0.0142772914594075,HYPOmethylated in responders,non-canonical / not the textbook direction
male,CASZ1,ENSG00000130940,0.5509503599236191,0.0016132139032040652,UP in responders,cg00003513,5'UTR,N_Shore,-0.28176996026193196,0.016396122436501234,HYPOmethylated in responders,concordant (promoter hypomethylation -> higher expression)
male,CASZ1,ENSG00000130940,0.5509503599236191,0.0016132139032040652,UP in responders,cg17932607,5'UTR,OpenSea,-0.2844435109826593,0.018031997700018447,HYPOmethylated in responders,concordant (promoter hypomethylation -> higher expression)
male,CASZ1,ENSG00000130940,0.5509503599236191,0.0016132139032040652,UP in responders,cg05398769,5'UTR,N_Shelf,-0.2968633294293678,0.01918986633337745,HYPOmethylated in responders,concordant (promoter hypomethylation -> higher expression)
male,CASZ1,ENSG00000130940,0.5509503599236191,0.0016132139032040652,UP in responders,cg09798722,5'UTR,OpenSea,-0.3782791077939038,0.01939528905848979,HYPOmethylated in responders,concordant (promoter hypomethylation -> higher expression)
male,CASZ1,ENSG00000130940,0.5509503599236191,0.0016132139032040652,UP in responders,cg01821043,5'UTR,S_Shore,-0.22324957825053043,0.022624178048182904,HYPOmethylated in responders,concordant (promoter hypomethylation -> higher expression)
male,CASZ1,ENSG00000130940,0.5509503599236191,0.0016132139032040652,UP in responders,cg00365487,5'UTR,OpenSea,-0.2295027506819803,0.022887639231336188,HYPOmethylated in responders,concordant (promoter hypomethylation -> higher expression)
male,CASZ1,ENSG00000130940,0.5509503599236191,0.0016132139032040652,UP in responders,cg09579869,Body,OpenSea,-0.24751465312511942,0.023171324721599478,HYPOmethylated in responders,non-canonical / not the textbook direction
male,CASZ1,ENSG00000130940,0.5509503599236191,0.0016132139032040652,UP in responders,cg15490335,Body,N_Shelf,-0.2203390365955039,0.023316923792593435,HYPOmethylated in responders,non-canonical / not the textbook direction
male,CASZ1,ENSG00000130940,0.5509503599236191,0.0016132139032040652,UP in responders,cg14768598,5'UTR,S_Shelf,-0.3275909268867517,0.02532087646744089,HYPOmethylated in responders,concordant (promoter hypomethylation -> higher expression)
male,CASZ1,ENSG00000130940,0.5509503599236191,0.0016132139032040652,UP in responders,cg27295042,Body,OpenSea,-0.20833541880796674,0.026688731370526363,HYPOmethylated in responders,non-canonical / not the textbook direction
male,CASZ1,ENSG00000130940,0.5509503599236191,0.0016132139032040652,UP in responders,cg19178679,5'UTR,N_Shore,0.3282084812078257,0.02812166019328635,HYPERmethylated in responders,non-canonical / not the textbook direction
male,CASZ1,ENSG00000130940,0.5509503599236191,0.0016132139032040652,UP in responders,cg09270672,5'UTR,OpenSea,-0.19758667842437683,0.030388056154176384,HYPOmethylated in responders,concordant (promoter hypomethylation -> higher expression)
male,CASZ1,ENSG00000130940,0.5509503599236191,0.0016132139032040652,UP in responders,cg07177917,Body,N_Shore,-0.23306247441295228,0.03070471080823412,HYPOmethylated in responders,non-canonical / not the textbook direction
male,CASZ1,ENSG00000130940,0.5509503599236191,0.0016132139032040652,UP in responders,cg16531715,5'UTR,OpenSea,-0.2911492846070297,0.03488831272882348,HYPOmethylated in responders,concordant (promoter hypomethylation -> higher expression)
male,CASZ1,ENSG00000130940,0.5509503599236191,0.0016132139032040652,UP in responders,cg22347357,Body,N_Shelf,-0.20452068873925144,0.03490598113175936,HYPOmethylated in responders,non-canonical / not the textbook direction
male,CASZ1,ENSG00000130940,0.5509503599236191,0.0016132139032040652,UP in responders,cg09692769,5'UTR,OpenSea,-0.17410704490066467,0.03505937610822833,HYPOmethylated in responders,concordant (promoter hypomethylation -> higher expression)
male,CASZ1,ENSG00000130940,0.5509503599236191,0.0016132139032040652,UP in responders,cg19727827,Body,N_Shore,-0.23289880134079058,0.035549333008654226,HYPOmethylated in responders,non-canonical / not the textbook direction
male,CASZ1,ENSG00000130940,0.5509503599236191,0.0016132139032040652,UP in responders,cg04622001,5'UTR,OpenSea,-0.23523048410838054,0.03810511556193746,HYPOmethylated in responders,concordant (promoter hypomethylation -> higher expression)
male,CASZ1,ENSG00000130940,0.5509503599236191,0.0016132139032040652,UP in responders,cg16523380,TSS200,Island,0.60111861508761,0.03896435273736858,HYPERmethylated in responders,non-canonical / not the textbook direction
male,CASZ1,ENSG00000130940,0.5509503599236191,0.0016132139032040652,UP in responders,cg14315768,5'UTR,N_Shore,-0.27248521747538224,0.04211478973821523,HYPOmethylated in responders,concordant (promoter hypomethylation -> higher expression)
male,CASZ1,ENSG00000130940,0.5509503599236191,0.0016132139032040652,UP in responders,cg15161309,Body,N_Shore,-0.20849256109918504,0.04405173656705912,HYPOmethylated in responders,non-canonical / not the textbook direction
male,CASZ1,ENSG00000130940,0.5509503599236191,0.0016132139032040652,UP in responders,cg10221299,Body,S_Shore,-0.1886316198971419,0.044619360213284394,HYPOmethylated in responders,non-canonical / not the textbook direction
male,CASZ1,ENSG00000130940,0.5509503599236191,0.0016132139032040652,UP in responders,cg01049849,5'UTR,OpenSea,-0.34563100437670213,0.04493584338466897,HYPOmethylated in responders,concordant (promoter hypomethylation -> higher expression)
male,CASZ1,ENSG00000130940,0.5509503599236191,0.0016132139032040652,UP in responders,cg18232828,5'UTR,OpenSea,-0.2188879857752457,0.046666201919601864,HYPOmethylated in responders,concordant (promoter hypomethylation -> higher expression)
male,CASZ1,ENSG00000130940,0.5509503599236191,0.0016132139032040652,UP in responders,cg04115147,5'UTR,OpenSea,-0.25165143820633257,0.04789609861511551,HYPOmethylated in responders,concordant (promoter hypomethylation -> higher expression)
male,CASZ1,ENSG00000130940,0.5509503599236191,0.0016132139032040652,UP in responders,cg03962214,Body,Island,-0.2629967733948848,0.048418577705904874,HYPOmethylated in responders,non-canonical / not the textbook direction
male,CASZ1,ENSG00000130940,0.5509503599236191,0.0016132139032040652,UP in responders,cg26522708,5'UTR,OpenSea,-0.25566636256217096,0.05033595908999885,HYPOmethylated in responders,concordant (promoter hypomethylation -> higher expression)
male,CASZ1,ENSG00000130940,0.5509503599236191,0.0016132139032040652,UP in responders,cg06964706,5'UTR,OpenSea,-0.24125415301769526,0.050420452354768316,HYPOmethylated in responders,concordant (promoter hypomethylation -> higher expression)
male,CASZ1,ENSG00000130940,0.5509503599236191,0.0016132139032040652,UP in responders,cg22508928,Body,S_Shore,-0.21673722456882838,0.0547065702791769,HYPOmethylated in responders,non-canonical / not the textbook direction
male,CASZ1,ENSG00000130940,0.5509503599236191,0.0016132139032040652,UP in responders,cg01016030,Body,N_Shelf,-0.1435605388796602,0.05868407241929782,HYPOmethylated in responders,non-canonical / not the textbook direction
male,CASZ1,ENSG00000130940,0.5509503599236191,0.0016132139032040652,UP in responders,cg25463742,5'UTR,OpenSea,-0.294504301516605,0.06007299682929591,HYPOmethylated in responders,concordant (promoter hypomethylation -> higher expression)
male,CASZ1,ENSG00000130940,0.5509503599236191,0.0016132139032040652,UP in responders,cg02903756,Body,N_Shelf,-0.19152614986230432,0.0671419869046238,HYPOmethylated in responders,non-canonical / not the textbook direction
male,CASZ1,ENSG00000130940,0.5509503599236191,0.0016132139032040652,UP in responders,cg12760995,5'UTR,OpenSea,-0.23129054177859307,0.07085748500432044,HYPOmethylated in responders,concordant (promoter hypomethylation -> higher expression)
male,CASZ1,ENSG00000130940,0.5509503599236191,0.0016132139032040652,UP in responders,cg05683742,5'UTR,N_Shore,-0.3311804959390773,0.07109635580015282,HYPOmethylated in responders,concordant (promoter hypomethylation -> higher expression)
male,CASZ1,ENSG00000130940,0.5509503599236191,0.0016132139032040652,UP in responders,cg13085232,5'UTR,OpenSea,-0.17073697070333746,0.08501069510884149,HYPOmethylated in responders,concordant (promoter hypomethylation -> higher expression)
male,CASZ1,ENSG00000130940,0.5509503599236191,0.0016132139032040652,UP in responders,cg10816626,Body,N_Shelf,-0.29770180665342105,0.08632310883583798,HYPOmethylated in responders,non-canonical / not the textbook direction
male,CASZ1,ENSG00000130940,0.5509503599236191,0.0016132139032040652,UP in responders,cg24073777,5'UTR,OpenSea,-0.34408735602161095,0.087531781869635,HYPOmethylated in responders,concordant (promoter hypomethylation -> higher expression)
male,CASZ1,ENSG00000130940,0.5509503599236191,0.0016132139032040652,UP in responders,cg07433908,5'UTR,OpenSea,-0.1639791798002683,0.08967963327851511,HYPOmethylated in responders,concordant (promoter hypomethylation -> higher expression)
male,CASZ1,ENSG00000130940,0.5509503599236191,0.0016132139032040652,UP in responders,cg18878351,Body,S_Shore,-0.28228958971813506,0.09070857367187037,HYPOmethylated in responders,non-canonical / not the textbook direction
male,CASZ1,ENSG00000130940,0.5509503599236191,0.0016132139032040652,UP in responders,cg09368070,5'UTR,OpenSea,-0.1845774621974187,0.09360943849996287,HYPOmethylated in responders,concordant (promoter hypomethylation -> higher expression)
male,CASZ1,ENSG00000130940,0.5509503599236191,0.0016132139032040652,UP in responders,cg01399485,Body,OpenSea,-0.14988637423587053,0.09469513250244183,HYPOmethylated in responders,non-canonical / not the textbook direction
male,CASZ1,ENSG00000130940,0.5509503599236191,0.0016132139032040652,UP in responders,cg06187132,TSS1500,S_Shore,-0.15157292378549958,0.0970630960746412,HYPOmethylated in responders,concordant (promoter hypomethylation -> higher expression)
male,CASZ1,ENSG00000130940,0.5509503599236191,0.0016132139032040652,UP in responders,cg11949866,5'UTR,N_Shore,0.1653749763579567,0.0973737203361443,HYPERmethylated in responders,non-canonical / not the textbook direction
male,CASZ1,ENSG00000130940,0.5509503599236191,0.0016132139032040652,UP in responders,cg24293689,Body,OpenSea,-0.17128233811427238,0.10699455041155562,HYPOmethylated in responders,non-canonical / not the textbook direction
male,CASZ1,ENSG00000130940,0.5509503599236191,0.0016132139032040652,UP in responders,cg13840194,5'UTR,Island,0.6804045115571904,0.10747787017205904,HYPERmethylated in responders,non-canonical / not the textbook direction
male,CASZ1,ENSG00000130940,0.5509503599236191,0.0016132139032040652,UP in responders,cg22608619,Body,S_Shore,-0.17626156146089825,0.10840709983821675,HYPOmethylated in responders,non-canonical / not the textbook direction
male,CASZ1,ENSG00000130940,0.5509503599236191,0.0016132139032040652,UP in responders,cg20288000,Body,OpenSea,0.16206805995289836,0.11127805505414803,HYPERmethylated in responders,concordant (gene-body hypermethylation -> higher expression)
male,CASZ1,ENSG00000130940,0.5509503599236191,0.0016132139032040652,UP in responders,cg14347383,Body,N_Shelf,-0.15730805210724338,0.11312589187064143,HYPOmethylated in responders,non-canonical / not the textbook direction
male,CASZ1,ENSG00000130940,0.5509503599236191,0.0016132139032040652,UP in responders,cg11344572,Body,S_Shore,-0.19678749955764763,0.11402412883762529,HYPOmethylated in responders,non-canonical / not the textbook direction
male,CASZ1,ENSG00000130940,0.5509503599236191,0.0016132139032040652,UP in responders,cg26689934,5'UTR,OpenSea,-0.21146851556937424,0.1149060836901617,HYPOmethylated in responders,concordant (promoter hypomethylation -> higher expression)
male,CASZ1,ENSG00000130940,0.5509503599236191,0.0016132139032040652,UP in responders,cg00145904,3'UTR,N_Shore,-0.14949126844557148,0.11697249158798076,HYPOmethylated in responders,non-canonical / not the textbook direction
male,CASZ1,ENSG00000130940,0.5509503599236191,0.0016132139032040652,UP in responders,cg18271964,Body,OpenSea,-0.15604943448921282,0.11884591621860534,HYPOmethylated in responders,non-canonical / not the textbook direction
male,CASZ1,ENSG00000130940,0.5509503599236191,0.0016132139032040652,UP in responders,cg23957159,5'UTR,OpenSea,-0.16658333327147173,0.11949912662337367,HYPOmethylated in responders,concordant (promoter hypomethylation -> higher expression)
male,CASZ1,ENSG00000130940,0.5509503599236191,0.0016132139032040652,UP in responders,cg19370715,Body,N_Shelf,-0.21931192015699905,0.1198308353799546,HYPOmethylated in responders,non-canonical / not the textbook direction
male,CASZ1,ENSG00000130940,0.5509503599236191,0.0016132139032040652,UP in responders,cg12804772,5'UTR,OpenSea,-0.22076753782488054,0.12404390780237935,HYPOmethylated in responders,concordant (promoter hypomethylation -> higher expression)
male,CASZ1,ENSG00000130940,0.5509503599236191,0.0016132139032040652,UP in responders,cg09017718,5'UTR,S_Shore,-0.13774645691347456,0.12914103577976876,HYPOmethylated in responders,concordant (promoter hypomethylation -> higher expression)
male,CASZ1,ENSG00000130940,0.5509503599236191,0.0016132139032040652,UP in responders,cg19590227,5'UTR,Island,0.45601474222142035,0.12987312194346504,HYPERmethylated in responders,non-canonical / not the textbook direction
male,CASZ1,ENSG00000130940,0.5509503599236191,0.0016132139032040652,UP in responders,cg13486959,Body,Island,-0.13226544290357922,0.1358081519092325,HYPOmethylated in responders,non-canonical / not the textbook direction
male,CASZ1,ENSG00000130940,0.5509503599236191,0.0016132139032040652,UP in responders,cg17944110,1stExon,Island,0.2466852472477998,0.13806366165510092,HYPERmethylated in responders,non-canonical / not the textbook direction
male,CASZ1,ENSG00000130940,0.5509503599236191,0.0016132139032040652,UP in responders,cg17944110,5'UTR,Island,0.2466852472477998,0.13806366165510092,HYPERmethylated in responders,non-canonical / not the textbook direction
male,CASZ1,ENSG00000130940,0.5509503599236191,0.0016132139032040652,UP in responders,cg01824138,Body,Island,-0.26038488807818866,0.13865569763992242,HYPOmethylated in responders,non-canonical / not the textbook direction
male,CASZ1,ENSG00000130940,0.5509503599236191,0.0016132139032040652,UP in responders,cg10491460,5'UTR,Island,0.40498427720841773,0.14524057709447918,HYPERmethylated in responders,non-canonical / not the textbook direction
male,CASZ1,ENSG00000130940,0.5509503599236191,0.0016132139032040652,UP in responders,cg18495204,5'UTR,S_Shore,-0.17566380885727736,0.1475424493911552,HYPOmethylated in responders,concordant (promoter hypomethylation -> higher expression)
male,CASZ1,ENSG00000130940,0.5509503599236191,0.0016132139032040652,UP in responders,cg08233833,Body,Island,-0.12761985697623457,0.14931897145878043,HYPOmethylated in responders,non-canonical / not the textbook direction
male,CASZ1,ENSG00000130940,0.5509503599236191,0.0016132139032040652,UP in responders,cg14865393,5'UTR,Island,0.2322717784151644,0.15671056366364283,HYPERmethylated in responders,non-canonical / not the textbook direction
male,CASZ1,ENSG00000130940,0.5509503599236191,0.0016132139032040652,UP in responders,cg05821633,5'UTR,OpenSea,-0.22689981590728708,0.16542028226362723,HYPOmethylated in responders,concordant (promoter hypomethylation -> higher expression)
male,CASZ1,ENSG00000130940,0.5509503599236191,0.0016132139032040652,UP in responders,cg10053369,Body,OpenSea,-0.14326976753750956,0.17265860310367964,HYPOmethylated in responders,non-canonical / not the textbook direction
male,CASZ1,ENSG00000130940,0.5509503599236191,0.0016132139032040652,UP in responders,cg26537894,Body,N_Shore,-0.13898490755152879,0.1755569441767355,HYPOmethylated in responders,non-canonical / not the textbook direction
male,CASZ1,ENSG00000130940,0.5509503599236191,0.0016132139032040652,UP in responders,cg09302209,5'UTR,OpenSea,-0.11408284310199242,0.17790819825981485,HYPOmethylated in responders,concordant (promoter hypomethylation -> higher expression)
male,CASZ1,ENSG00000130940,0.5509503599236191,0.0016132139032040652,UP in responders,cg15063715,TSS1500,S_Shore,-0.14591090502078746,0.18169749682040853,HYPOmethylated in responders,concordant (promoter hypomethylation -> higher expression)
male,CASZ1,ENSG00000130940,0.5509503599236191,0.0016132139032040652,UP in responders,cg21295222,Body,N_Shore,-0.11642162000913048,0.1839972922293335,HYPOmethylated in responders,non-canonical / not the textbook direction
male,CASZ1,ENSG00000130940,0.5509503599236191,0.0016132139032040652,UP in responders,cg13428086,Body,OpenSea,-0.12018353268399208,0.18586813150153117,HYPOmethylated in responders,non-canonical / not the textbook direction
male,CASZ1,ENSG00000130940,0.5509503599236191,0.0016132139032040652,UP in responders,cg13387643,Body,OpenSea,-0.7197042927961953,0.19119712769367347,HYPOmethylated in responders,non-canonical / not the textbook direction
male,CASZ1,ENSG00000130940,0.5509503599236191,0.0016132139032040652,UP in responders,cg02335988,5'UTR,OpenSea,-0.1234706444663919,0.19472028495443772,HYPOmethylated in responders,concordant (promoter hypomethylation -> higher expression)
male,CASZ1,ENSG00000130940,0.5509503599236191,0.0016132139032040652,UP in responders,cg15597109,Body,N_Shelf,-0.1536659827115463,0.19581327662388728,HYPOmethylated in responders,non-canonical / not the textbook direction
male,CASZ1,ENSG00000130940,0.5509503599236191,0.0016132139032040652,UP in responders,cg13553158,5'UTR,N_Shelf,-0.16787926207795134,0.20885402647770487,HYPOmethylated in responders,concordant (promoter hypomethylation -> higher expression)
male,CASZ1,ENSG00000130940,0.5509503599236191,0.0016132139032040652,UP in responders,cg01973605,5'UTR,OpenSea,-0.15748478815392541,0.21219882254573125,HYPOmethylated in responders,concordant (promoter hypomethylation -> higher expression)
male,CASZ1,ENSG00000130940,0.5509503599236191,0.0016132139032040652,UP in responders,cg07643626,5'UTR,OpenSea,-0.18155965174939198,0.21918542474770047,HYPOmethylated in responders,concordant (promoter hypomethylation -> higher expression)
male,CASZ1,ENSG00000130940,0.5509503599236191,0.0016132139032040652,UP in responders,cg13681765,5'UTR,OpenSea,-0.10095186757765837,0.22052538372407524,HYPOmethylated in responders,concordant (promoter hypomethylation -> higher expression)
male,CASZ1,ENSG00000130940,0.5509503599236191,0.0016132139032040652,UP in responders,cg20643900,Body,S_Shore,-0.1085524563820737,0.22339625235913751,HYPOmethylated in responders,non-canonical / not the textbook direction
male,CASZ1,ENSG00000130940,0.5509503599236191,0.0016132139032040652,UP in responders,cg11073602,5'UTR,S_Shelf,-0.09877337669606531,0.2253696348954755,HYPOmethylated in responders,concordant (promoter hypomethylation -> higher expression)
male,CASZ1,ENSG00000130940,0.5509503599236191,0.0016132139032040652,UP in responders,cg20704560,3'UTR,Island,0.16800256869610442,0.23057874200629322,HYPERmethylated in responders,non-canonical / not the textbook direction
male,CASZ1,ENSG00000130940,0.5509503599236191,0.0016132139032040652,UP in responders,cg03137826,Body,Island,-0.09823051505912196,0.23533081735812073,HYPOmethylated in responders,non-canonical / not the textbook direction
male,CASZ1,ENSG00000130940,0.5509503599236191,0.0016132139032040652,UP in responders,cg04149978,5'UTR,Island,-0.13944944572644075,0.2409855546711255,HYPOmethylated in responders,concordant (promoter hypomethylation -> higher expression)
male,CASZ1,ENSG00000130940,0.5509503599236191,0.0016132139032040652,UP in responders,cg22513691,Body,OpenSea,-0.12314974479532781,0.24290410923007985,HYPOmethylated in responders,non-canonical / not the textbook direction
male,CASZ1,ENSG00000130940,0.5509503599236191,0.0016132139032040652,UP in responders,cg18346784,5'UTR,Island,0.20263796233648945,0.25245791790859684,HYPERmethylated in responders,non-canonical / not the textbook direction
male,CASZ1,ENSG00000130940,0.5509503599236191,0.0016132139032040652,UP in responders,cg27563027,5'UTR,OpenSea,-0.10410832175923462,0.2543961695576118,HYPOmethylated in responders,concordant (promoter hypomethylation -> higher expression)
male,CASZ1,ENSG00000130940,0.5509503599236191,0.0016132139032040652,UP in responders,cg17221941,Body,OpenSea,0.11242033023352452,0.2639116738465304,HYPERmethylated in responders,concordant (gene-body hypermethylation -> higher expression)
male,CASZ1,ENSG00000130940,0.5509503599236191,0.0016132139032040652,UP in responders,cg13840252,Body,OpenSea,-0.10486938577707537,0.2677956939701215,HYPOmethylated in responders,non-canonical / not the textbook direction
male,CASZ1,ENSG00000130940,0.5509503599236191,0.0016132139032040652,UP in responders,cg05742354,5'UTR,Island,0.1251734061055659,0.2710567496438017,HYPERmethylated in responders,non-canonical / not the textbook direction
male,CASZ1,ENSG00000130940,0.5509503599236191,0.0016132139032040652,UP in responders,cg27170141,Body,N_Shelf,-0.19907195377275705,0.2727698725418758,HYPOmethylated in responders,non-canonical / not the textbook direction
male,CASZ1,ENSG00000130940,0.5509503599236191,0.0016132139032040652,UP in responders,cg02172466,Body,Island,-0.09737364313880398,0.27566162144045775,HYPOmethylated in responders,non-canonical / not the textbook direction
male,CASZ1,ENSG00000130940,0.5509503599236191,0.0016132139032040652,UP in responders,cg16238819,5'UTR,Island,0.21190220758566347,0.28125568634726283,HYPERmethylated in responders,non-canonical / not the textbook direction
male,CASZ1,ENSG00000130940,0.5509503599236191,0.0016132139032040652,UP in responders,cg05767489,Body,Island,-0.10957631851017909,0.28139874989864266,HYPOmethylated in responders,non-canonical / not the textbook direction
male,CASZ1,ENSG00000130940,0.5509503599236191,0.0016132139032040652,UP in responders,cg24298421,TSS1500,Island,0.16059925361043384,0.285048218004607,HYPERmethylated in responders,non-canonical / not the textbook direction
male,CASZ1,ENSG00000130940,0.5509503599236191,0.0016132139032040652,UP in responders,cg06377684,Body,N_Shore,-0.11938443165441404,0.287641431903681,HYPOmethylated in responders,non-canonical / not the textbook direction
male,CASZ1,ENSG00000130940,0.5509503599236191,0.0016132139032040652,UP in responders,cg00787856,TSS1500,S_Shore,-0.12503069480738435,0.2916414148106931,HYPOmethylated in responders,concordant (promoter hypomethylation -> higher expression)
male,CASZ1,ENSG00000130940,0.5509503599236191,0.0016132139032040652,UP in responders,cg22728186,Body,N_Shore,-0.08162521369785283,0.3032887246019495,HYPOmethylated in responders,non-canonical / not the textbook direction
male,CASZ1,ENSG00000130940,0.5509503599236191,0.0016132139032040652,UP in responders,cg18760055,5'UTR,OpenSea,-0.08557690773353105,0.31189802118376053,HYPOmethylated in responders,concordant (promoter hypomethylation -> higher expression)
male,CASZ1,ENSG00000130940,0.5509503599236191,0.0016132139032040652,UP in responders,cg18437144,5'UTR,OpenSea,-0.08548962156126122,0.3239402316668746,HYPOmethylated in responders,concordant (promoter hypomethylation -> higher expression)
male,CASZ1,ENSG00000130940,0.5509503599236191,0.0016132139032040652,UP in responders,cg12612309,Body,Island,-0.1115408862516927,0.3364225247080368,HYPOmethylated in responders,non-canonical / not the textbook direction
male,CASZ1,ENSG00000130940,0.5509503599236191,0.0016132139032040652,UP in responders,cg20462360,Body,Island,-0.18775942754343677,0.33655636313297166,HYPOmethylated in responders,non-canonical / not the textbook direction
male,CASZ1,ENSG00000130940,0.5509503599236191,0.0016132139032040652,UP in responders,cg08655893,5'UTR,Island,0.12392935629964173,0.3369056023796766,HYPERmethylated in responders,non-canonical / not the textbook direction
male,CASZ1,ENSG00000130940,0.5509503599236191,0.0016132139032040652,UP in responders,cg22657530,5'UTR,OpenSea,-0.12936903598737792,0.33833862441524465,HYPOmethylated in responders,concordant (promoter hypomethylation -> higher expression)
male,CASZ1,ENSG00000130940,0.5509503599236191,0.0016132139032040652,UP in responders,cg01797680,Body,OpenSea,-0.09490571522564238,0.33884806093672004,HYPOmethylated in responders,non-canonical / not the textbook direction
male,CASZ1,ENSG00000130940,0.5509503599236191,0.0016132139032040652,UP in responders,cg24661860,5'UTR,OpenSea,-0.10529970579978859,0.33929017406576256,HYPOmethylated in responders,concordant (promoter hypomethylation -> higher expression)
male,CASZ1,ENSG00000130940,0.5509503599236191,0.0016132139032040652,UP in responders,cg10234511,5'UTR,OpenSea,-0.07992229456189606,0.35587614874859896,HYPOmethylated in responders,concordant (promoter hypomethylation -> higher expression)
male,CASZ1,ENSG00000130940,0.5509503599236191,0.0016132139032040652,UP in responders,cg04830124,Body,Island,-0.10464757875944139,0.36254612768613703,HYPOmethylated in responders,non-canonical / not the textbook direction
male,CASZ1,ENSG00000130940,0.5509503599236191,0.0016132139032040652,UP in responders,cg22853713,Body,OpenSea,0.08795582975065593,0.36379640632059695,HYPERmethylated in responders,concordant (gene-body hypermethylation -> higher expression)
male,CASZ1,ENSG00000130940,0.5509503599236191,0.0016132139032040652,UP in responders,cg25665265,5'UTR,OpenSea,-0.08660224894565592,0.3740974280390009,HYPOmethylated in responders,concordant (promoter hypomethylation -> higher expression)
male,CASZ1,ENSG00000130940,0.5509503599236191,0.0016132139032040652,UP in responders,cg16101008,3'UTR,Island,0.1649103000368826,0.3765121796278622,HYPERmethylated in responders,non-canonical / not the textbook direction
male,CASZ1,ENSG00000130940,0.5509503599236191,0.0016132139032040652,UP in responders,cg07974958,3'UTR,N_Shore,-0.08264385600499671,0.3794653671245092,HYPOmethylated in responders,non-canonical / not the textbook direction
male,CASZ1,ENSG00000130940,0.5509503599236191,0.0016132139032040652,UP in responders,cg07974958,Body,N_Shore,-0.08264385600499671,0.3794653671245092,HYPOmethylated in responders,non-canonical / not the textbook direction
male,CASZ1,ENSG00000130940,0.5509503599236191,0.0016132139032040652,UP in responders,cg04305764,5'UTR,Island,0.19471222000000465,0.38170112380939747,HYPERmethylated in responders,non-canonical / not the textbook direction
male,CASZ1,ENSG00000130940,0.5509503599236191,0.0016132139032040652,UP in responders,cg15161393,5'UTR,N_Shelf,0.08382356961295113,0.38433510358987744,HYPERmethylated in responders,non-canonical / not the textbook direction
male,CASZ1,ENSG00000130940,0.5509503599236191,0.0016132139032040652,UP in responders,cg00925802,Body,OpenSea,0.08557020771742621,0.3880166887278391,HYPERmethylated in responders,concordant (gene-body hypermethylation -> higher expression)
male,CASZ1,ENSG00000130940,0.5509503599236191,0.0016132139032040652,UP in responders,cg04513718,5'UTR,OpenSea,-0.0953258203472583,0.39080620827222523,HYPOmethylated in responders,concordant (promoter hypomethylation -> higher expression)
male,CASZ1,ENSG00000130940,0.5509503599236191,0.0016132139032040652,UP in responders,cg11913218,5'UTR,Island,0.09347731669848115,0.39740539055028534,HYPERmethylated in responders,non-canonical / not the textbook direction
male,CASZ1,ENSG00000130940,0.5509503599236191,0.0016132139032040652,UP in responders,cg16120244,Body,N_Shore,-0.07970236510370524,0.39746128838554917,HYPOmethylated in responders,non-canonical / not the textbook direction
male,CASZ1,ENSG00000130940,0.5509503599236191,0.0016132139032040652,UP in responders,cg25618916,5'UTR,OpenSea,-0.08567181304590574,0.4086914019069563,HYPOmethylated in responders,concordant (promoter hypomethylation -> higher expression)
male,CASZ1,ENSG00000130940,0.5509503599236191,0.0016132139032040652,UP in responders,cg11233000,5'UTR,N_Shelf,-0.10205889627750814,0.4114414685291503,HYPOmethylated in responders,concordant (promoter hypomethylation -> higher expression)
male,CASZ1,ENSG00000130940,0.5509503599236191,0.0016132139032040652,UP in responders,cg07159230,Body,OpenSea,0.17501904494007786,0.41870964998450255,HYPERmethylated in responders,concordant (gene-body hypermethylation -> higher expression)
male,CASZ1,ENSG00000130940,0.5509503599236191,0.0016132139032040652,UP in responders,cg18539865,5'UTR,OpenSea,-0.11595568620423552,0.4188498405426927,HYPOmethylated in responders,concordant (promoter hypomethylation -> higher expression)
male,CASZ1,ENSG00000130940,0.5509503599236191,0.0016132139032040652,UP in responders,cg00003345,5'UTR,OpenSea,-0.08353271322823229,0.42856212191852916,HYPOmethylated in responders,concordant (promoter hypomethylation -> higher expression)
male,CASZ1,ENSG00000130940,0.5509503599236191,0.0016132139032040652,UP in responders,cg26839728,5'UTR,Island,0.10986318191814745,0.44415936820554325,HYPERmethylated in responders,non-canonical / not the textbook direction
male,CASZ1,ENSG00000130940,0.5509503599236191,0.0016132139032040652,UP in responders,cg08108188,5'UTR,Island,0.11293031049104675,0.4500270504290741,HYPERmethylated in responders,non-canonical / not the textbook direction
male,CASZ1,ENSG00000130940,0.5509503599236191,0.0016132139032040652,UP in responders,cg04022560,Body,Island,-0.07622137951833383,0.4743639298901068,HYPOmethylated in responders,non-canonical / not the textbook direction
male,CASZ1,ENSG00000130940,0.5509503599236191,0.0016132139032040652,UP in responders,cg14314341,5'UTR,N_Shore,-0.09247031197499417,0.48186269993551023,HYPOmethylated in responders,concordant (promoter hypomethylation -> higher expression)
male,CASZ1,ENSG00000130940,0.5509503599236191,0.0016132139032040652,UP in responders,cg11800379,Body,S_Shore,-0.09760304332186072,0.4896995725166359,HYPOmethylated in responders,non-canonical / not the textbook direction
male,CASZ1,ENSG00000130940,0.5509503599236191,0.0016132139032040652,UP in responders,cg23231666,Body,Island,0.06944355582878388,0.49540106614792834,HYPERmethylated in responders,concordant (gene-body hypermethylation -> higher expression)
male,CASZ1,ENSG00000130940,0.5509503599236191,0.0016132139032040652,UP in responders,cg24102726,5'UTR,Island,0.13737025132409839,0.49628739086475615,HYPERmethylated in responders,non-canonical / not the textbook direction
male,CASZ1,ENSG00000130940,0.5509503599236191,0.0016132139032040652,UP in responders,cg13114836,Body,S_Shore,-0.06472078594901313,0.5057879452226113,HYPOmethylated in responders,non-canonical / not the textbook direction
male,CASZ1,ENSG00000130940,0.5509503599236191,0.0016132139032040652,UP in responders,cg24929966,Body,S_Shore,-0.07578232614646939,0.5074259349459389,HYPOmethylated in responders,non-canonical / not the textbook direction
male,CASZ1,ENSG00000130940,0.5509503599236191,0.0016132139032040652,UP in responders,cg01515508,Body,S_Shelf,0.08112048591362396,0.5240294548922186,HYPERmethylated in responders,concordant (gene-body hypermethylation -> higher expression)
male,CASZ1,ENSG00000130940,0.5509503599236191,0.0016132139032040652,UP in responders,cg10891879,Body,Island,-0.06478074853938787,0.5271901098816588,HYPOmethylated in responders,non-canonical / not the textbook direction
male,CASZ1,ENSG00000130940,0.5509503599236191,0.0016132139032040652,UP in responders,cg27025731,Body,N_Shelf,-0.10724122912571835,0.5399408015848981,HYPOmethylated in responders,non-canonical / not the textbook direction
male,CASZ1,ENSG00000130940,0.5509503599236191,0.0016132139032040652,UP in responders,cg13778721,Body,Island,-0.0524950330490189,0.5549570088615581,HYPOmethylated in responders,non-canonical / not the textbook direction
male,CASZ1,ENSG00000130940,0.5509503599236191,0.0016132139032040652,UP in responders,cg02634861,5'UTR,Island,0.08200900991665222,0.557822124000571,HYPERmethylated in responders,non-canonical / not the textbook direction
male,CASZ1,ENSG00000130940,0.5509503599236191,0.0016132139032040652,UP in responders,cg01934856,Body,Island,0.06259857617968066,0.5609744346589266,HYPERmethylated in responders,concordant (gene-body hypermethylation -> higher expression)
male,CASZ1,ENSG00000130940,0.5509503599236191,0.0016132139032040652,UP in responders,cg14206273,Body,OpenSea,-0.06324880040935868,0.5656117589836561,HYPOmethylated in responders,non-canonical / not the textbook direction
male,CASZ1,ENSG00000130940,0.5509503599236191,0.0016132139032040652,UP in responders,cg24872446,Body,S_Shore,0.05334593437532128,0.567429167636802,HYPERmethylated in responders,concordant (gene-body hypermethylation -> higher expression)
male,CASZ1,ENSG00000130940,0.5509503599236191,0.0016132139032040652,UP in responders,cg18236877,Body,OpenSea,0.09142192178542899,0.5867060965124629,HYPERmethylated in responders,concordant (gene-body hypermethylation -> higher expression)
male,CASZ1,ENSG00000130940,0.5509503599236191,0.0016132139032040652,UP in responders,cg04896832,Body,OpenSea,-0.06163991930602939,0.5926628743288506,HYPOmethylated in responders,non-canonical / not the textbook direction
male,CASZ1,ENSG00000130940,0.5509503599236191,0.0016132139032040652,UP in responders,cg13333265,Body,Island,-0.055812674785691775,0.5942555739844888,HYPOmethylated in responders,non-canonical / not the textbook direction
male,CASZ1,ENSG00000130940,0.5509503599236191,0.0016132139032040652,UP in responders,cg07917614,5'UTR,OpenSea,-0.05188189037670775,0.604229312743762,HYPOmethylated in responders,concordant (promoter hypomethylation -> higher expression)
male,CASZ1,ENSG00000130940,0.5509503599236191,0.0016132139032040652,UP in responders,cg09754110,Body,Island,-0.07551038401927962,0.6087377330407142,HYPOmethylated in responders,non-canonical / not the textbook direction
male,CASZ1,ENSG00000130940,0.5509503599236191,0.0016132139032040652,UP in responders,cg15031409,Body,N_Shore,-0.0463601074190111,0.6198545721589576,HYPOmethylated in responders,non-canonical / not the textbook direction
male,CASZ1,ENSG00000130940,0.5509503599236191,0.0016132139032040652,UP in responders,cg04998589,Body,Island,-0.05249573970025329,0.6229166071180341,HYPOmethylated in responders,non-canonical / not the textbook direction
male,CASZ1,ENSG00000130940,0.5509503599236191,0.0016132139032040652,UP in responders,cg23051261,5'UTR,OpenSea,0.041096059854823334,0.6324412642768584,HYPERmethylated in responders,non-canonical / not the textbook direction
male,CASZ1,ENSG00000130940,0.5509503599236191,0.0016132139032040652,UP in responders,cg02697519,5'UTR,OpenSea,0.03953544869053772,0.6339535924079209,HYPERmethylated in responders,non-canonical / not the textbook direction
male,CASZ1,ENSG00000130940,0.5509503599236191,0.0016132139032040652,UP in responders,cg05654925,Body,N_Shore,-0.054196938828645444,0.6440310591898097,HYPOmethylated in responders,non-canonical / not the textbook direction
male,CASZ1,ENSG00000130940,0.5509503599236191,0.0016132139032040652,UP in responders,cg23937582,5'UTR,Island,-0.03965504915397873,0.6448460071978774,HYPOmethylated in responders,concordant (promoter hypomethylation -> higher expression)
male,CASZ1,ENSG00000130940,0.5509503599236191,0.0016132139032040652,UP in responders,cg02055255,Body,S_Shore,-0.05332932083308913,0.6468605968531951,HYPOmethylated in responders,non-canonical / not the textbook direction
male,CASZ1,ENSG00000130940,0.5509503599236191,0.0016132139032040652,UP in responders,cg24504936,5'UTR,OpenSea,0.048145475876662555,0.6613728876731475,HYPERmethylated in responders,non-canonical / not the textbook direction
male,CASZ1,ENSG00000130940,0.5509503599236191,0.0016132139032040652,UP in responders,cg23901904,5'UTR,Island,0.05515407558578856,0.6668384359254164,HYPERmethylated in responders,non-canonical / not the textbook direction
male,CASZ1,ENSG00000130940,0.5509503599236191,0.0016132139032040652,UP in responders,cg21787835,Body,Island,-0.06362124967244506,0.6686492603344468,HYPOmethylated in responders,non-canonical / not the textbook direction
male,CASZ1,ENSG00000130940,0.5509503599236191,0.0016132139032040652,UP in responders,cg20681985,Body,N_Shelf,-0.0377423473819831,0.6789614195574725,HYPOmethylated in responders,non-canonical / not the textbook direction
male,CASZ1,ENSG00000130940,0.5509503599236191,0.0016132139032040652,UP in responders,cg23670372,Body,OpenSea,-0.06278432561506404,0.6851987409280422,HYPOmethylated in responders,non-canonical / not the textbook direction
male,CASZ1,ENSG00000130940,0.5509503599236191,0.0016132139032040652,UP in responders,cg09118017,Body,N_Shelf,0.04392184567494487,0.6934111629630922,HYPERmethylated in responders,concordant (gene-body hypermethylation -> higher expression)
male,CASZ1,ENSG00000130940,0.5509503599236191,0.0016132139032040652,UP in responders,cg17158913,5'UTR,Island,-0.07859642128968125,0.7046501706496995,HYPOmethylated in responders,concordant (promoter hypomethylation -> higher expression)
male,CASZ1,ENSG00000130940,0.5509503599236191,0.0016132139032040652,UP in responders,cg20141509,5'UTR,OpenSea,0.053842577500273096,0.7130924904493747,HYPERmethylated in responders,non-canonical / not the textbook direction
male,CASZ1,ENSG00000130940,0.5509503599236191,0.0016132139032040652,UP in responders,cg22800477,5'UTR,N_Shore,0.0648296283032063,0.7204315692276515,HYPERmethylated in responders,non-canonical / not the textbook direction
male,CASZ1,ENSG00000130940,0.5509503599236191,0.0016132139032040652,UP in responders,cg08945452,5'UTR,Island,0.10064749552014098,0.7423392776434022,HYPERmethylated in responders,non-canonical / not the textbook direction
male,CASZ1,ENSG00000130940,0.5509503599236191,0.0016132139032040652,UP in responders,cg20452711,Body,N_Shore,-0.045953573622455356,0.7472737177425393,HYPOmethylated in responders,non-canonical / not the textbook direction
male,CASZ1,ENSG00000130940,0.5509503599236191,0.0016132139032040652,UP in responders,cg18994297,5'UTR,OpenSea,0.06291812818800635,0.7593521056101089,HYPERmethylated in responders,non-canonical / not the textbook direction
male,CASZ1,ENSG00000130940,0.5509503599236191,0.0016132139032040652,UP in responders,cg26427827,Body,Island,0.033197152996911325,0.763111455155672,HYPERmethylated in responders,concordant (gene-body hypermethylation -> higher expression)
male,CASZ1,ENSG00000130940,0.5509503599236191,0.0016132139032040652,UP in responders,cg16436377,Body,Island,-0.021170161547579863,0.7986752823342209,HYPOmethylated in responders,non-canonical / not the textbook direction
male,CASZ1,ENSG00000130940,0.5509503599236191,0.0016132139032040652,UP in responders,cg02486355,Body,Island,-0.02905125925452796,0.8086917387277732,HYPOmethylated in responders,non-canonical / not the textbook direction
male,CASZ1,ENSG00000130940,0.5509503599236191,0.0016132139032040652,UP in responders,cg09179249,Body,OpenSea,-0.026951220427870463,0.8128495645409474,HYPOmethylated in responders,non-canonical / not the textbook direction
male,CASZ1,ENSG00000130940,0.5509503599236191,0.0016132139032040652,UP in responders,cg13057174,TSS1500,S_Shore,0.03682587777551344,0.8258558724679782,HYPERmethylated in responders,non-canonical / not the textbook direction
male,CASZ1,ENSG00000130940,0.5509503599236191,0.0016132139032040652,UP in responders,cg01550887,5'UTR,OpenSea,0.02528366275713494,0.8259532055564596,HYPERmethylated in responders,non-canonical / not the textbook direction
male,CASZ1,ENSG00000130940,0.5509503599236191,0.0016132139032040652,UP in responders,cg17270248,5'UTR,OpenSea,-0.026311503720525164,0.8267408462412333,HYPOmethylated in responders,concordant (promoter hypomethylation -> higher expression)
male,CASZ1,ENSG00000130940,0.5509503599236191,0.0016132139032040652,UP in responders,cg22849913,Body,N_Shore,-0.020440609860555677,0.8289202472557151,HYPOmethylated in responders,non-canonical / not the textbook direction
male,CASZ1,ENSG00000130940,0.5509503599236191,0.0016132139032040652,UP in responders,cg11066780,Body,Island,-0.026575927069439557,0.8315183456189849,HYPOmethylated in responders,non-canonical / not the textbook direction
male,CASZ1,ENSG00000130940,0.5509503599236191,0.0016132139032040652,UP in responders,cg11222217,Body,OpenSea,0.029724552892646878,0.831579149952745,HYPERmethylated in responders,concordant (gene-body hypermethylation -> higher expression)
male,CASZ1,ENSG00000130940,0.5509503599236191,0.0016132139032040652,UP in responders,cg01421021,Body,Island,-0.0300111997061061,0.8316363402160075,HYPOmethylated in responders,non-canonical / not the textbook direction
male,CASZ1,ENSG00000130940,0.5509503599236191,0.0016132139032040652,UP in responders,cg08537783,5'UTR,OpenSea,0.02333943524214718,0.8337812099156046,HYPERmethylated in responders,non-canonical / not the textbook direction
male,CASZ1,ENSG00000130940,0.5509503599236191,0.0016132139032040652,UP in responders,cg12035827,5'UTR,Island,0.036359041378464685,0.8357339995175421,HYPERmethylated in responders,non-canonical / not the textbook direction
male,CASZ1,ENSG00000130940,0.5509503599236191,0.0016132139032040652,UP in responders,cg02720091,Body,Island,-0.019913449262696278,0.8433040046459948,HYPOmethylated in responders,non-canonical / not the textbook direction
male,CASZ1,ENSG00000130940,0.5509503599236191,0.0016132139032040652,UP in responders,cg21285062,5'UTR,OpenSea,-0.017950600977167996,0.8482299164555902,HYPOmethylated in responders,concordant (promoter hypomethylation -> higher expression)
male,CASZ1,ENSG00000130940,0.5509503599236191,0.0016132139032040652,UP in responders,cg07570644,Body,OpenSea,0.018823861241395737,0.8502311422171149,HYPERmethylated in responders,concordant (gene-body hypermethylation -> higher expression)
male,CASZ1,ENSG00000130940,0.5509503599236191,0.0016132139032040652,UP in responders,cg02396224,3'UTR,Island,0.02642893354769632,0.8520109312861939,HYPERmethylated in responders,non-canonical / not the textbook direction
male,CASZ1,ENSG00000130940,0.5509503599236191,0.0016132139032040652,UP in responders,cg12631000,Body,S_Shelf,-0.016225225592573746,0.861432243320932,HYPOmethylated in responders,non-canonical / not the textbook direction
male,CASZ1,ENSG00000130940,0.5509503599236191,0.0016132139032040652,UP in responders,cg01228206,5'UTR,S_Shelf,0.01413972273347692,0.8619868820983154,HYPERmethylated in responders,non-canonical / not the textbook direction
male,CASZ1,ENSG00000130940,0.5509503599236191,0.0016132139032040652,UP in responders,cg04899446,Body,OpenSea,-0.015334862316533478,0.8855172539601354,HYPOmethylated in responders,non-canonical / not the textbook direction
male,CASZ1,ENSG00000130940,0.5509503599236191,0.0016132139032040652,UP in responders,cg11732134,Body,OpenSea,0.014017299197100585,0.9030315171658087,HYPERmethylated in responders,concordant (gene-body hypermethylation -> higher expression)
male,CASZ1,ENSG00000130940,0.5509503599236191,0.0016132139032040652,UP in responders,cg10582871,Body,Island,-0.006302382364207635,0.9455585670723515,HYPOmethylated in responders,non-canonical / not the textbook direction
male,CASZ1,ENSG00000130940,0.5509503599236191,0.0016132139032040652,UP in responders,cg16401490,Body,N_Shelf,0.008024154762999175,0.9563345857196506,HYPERmethylated in responders,concordant (gene-body hypermethylation -> higher expression)
male,CASZ1,ENSG00000130940,0.5509503599236191,0.0016132139032040652,UP in responders,cg17244801,5'UTR,Island,-0.0028882326690894073,0.9771349283308551,HYPOmethylated in responders,concordant (promoter hypomethylation -> higher expression)
male,PRDM10,ENSG00000170325,0.39844271030530193,0.002245769642126031,UP in responders,cg16166054,Body,OpenSea,-0.292663881821686,0.013379100456592585,HYPOmethylated in responders,non-canonical / not the textbook direction
male,PRDM10,ENSG00000170325,0.39844271030530193,0.002245769642126031,UP in responders,cg15358855,Body,OpenSea,-0.2767267035588687,0.06874210384554887,HYPOmethylated in responders,non-canonical / not the textbook direction
male,PRDM10,ENSG00000170325,0.39844271030530193,0.002245769642126031,UP in responders,cg07298431,TSS200,OpenSea,-0.2046257983579638,0.087714368198135,HYPOmethylated in responders,concordant (promoter hypomethylation -> higher expression)
male,PRDM10,ENSG00000170325,0.39844271030530193,0.002245769642126031,UP in responders,cg07298431,Body,OpenSea,-0.2046257983579638,0.087714368198135,HYPOmethylated in responders,non-canonical / not the textbook direction
male,PRDM10,ENSG00000170325,0.39844271030530193,0.002245769642126031,UP in responders,cg10931433,Body,OpenSea,-0.15896577343824633,0.14123041948142123,HYPOmethylated in responders,non-canonical / not the textbook direction
male,PRDM10,ENSG00000170325,0.39844271030530193,0.002245769642126031,UP in responders,cg16006970,TSS1500,Island,-0.16540835102730728,0.15817941021499937,HYPOmethylated in responders,concordant (promoter hypomethylation -> higher expression)
male,PRDM10,ENSG00000170325,0.39844271030530193,0.002245769642126031,UP in responders,cg12284171,Body,OpenSea,-0.1761012538092515,0.15943766310134602,HYPOmethylated in responders,non-canonical / not the textbook direction
male,PRDM10,ENSG00000170325,0.39844271030530193,0.002245769642126031,UP in responders,cg07205452,TSS1500,OpenSea,-0.13274732561143085,0.17086336644272898,HYPOmethylated in responders,concordant (promoter hypomethylation -> higher expression)
male,PRDM10,ENSG00000170325,0.39844271030530193,0.002245769642126031,UP in responders,cg07205452,Body,OpenSea,-0.13274732561143085,0.17086336644272898,HYPOmethylated in responders,non-canonical / not the textbook direction
male,PRDM10,ENSG00000170325,0.39844271030530193,0.002245769642126031,UP in responders,cg24937685,Body,OpenSea,-0.13231489947838176,0.21211812478296319,HYPOmethylated in responders,non-canonical / not the textbook direction
male,PRDM10,ENSG00000170325,0.39844271030530193,0.002245769642126031,UP in responders,cg17627813,TSS1500,OpenSea,-0.10821150213171928,0.228641769245977,HYPOmethylated in responders,concordant (promoter hypomethylation -> higher expression)
male,PRDM10,ENSG00000170325,0.39844271030530193,0.002245769642126031,UP in responders,cg17627813,Body,OpenSea,-0.10821150213171928,0.228641769245977,HYPOmethylated in responders,non-canonical / not the textbook direction
male,PRDM10,ENSG00000170325,0.39844271030530193,0.002245769642126031,UP in responders,ch.11.2720214F,5'UTR,OpenSea,0.28326182598232974,0.2475408878418256,HYPERmethylated in responders,non-canonical / not the textbook direction
male,PRDM10,ENSG00000170325,0.39844271030530193,0.002245769642126031,UP in responders,cg13408712,TSS200,OpenSea,-0.1278354955676141,0.26695680270429145,HYPOmethylated in responders,concordant (promoter hypomethylation -> higher expression)
male,PRDM10,ENSG00000170325,0.39844271030530193,0.002245769642126031,UP in responders,cg13408712,Body,OpenSea,-0.1278354955676141,0.26695680270429145,HYPOmethylated in responders,non-canonical / not the textbook direction
male,PRDM10,ENSG00000170325,0.39844271030530193,0.002245769642126031,UP in responders,cg09036621,5'UTR,N_Shore,-0.10045682667607662,0.27966418223266903,HYPOmethylated in responders,concordant (promoter hypomethylation -> higher expression)
male,PRDM10,ENSG00000170325,0.39844271030530193,0.002245769642126031,UP in responders,cg14146092,TSS1500,Island,0.22131709705556124,0.3130463192609376,HYPERmethylated in responders,non-canonical / not the textbook direction
male,PRDM10,ENSG00000170325,0.39844271030530193,0.002245769642126031,UP in responders,cg23580219,TSS1500,OpenSea,-0.1447720166268005,0.3257809281635099,HYPOmethylated in responders,concordant (promoter hypomethylation -> higher expression)
male,PRDM10,ENSG00000170325,0.39844271030530193,0.002245769642126031,UP in responders,cg23580219,Body,OpenSea,-0.1447720166268005,0.3257809281635099,HYPOmethylated in responders,non-canonical / not the textbook direction
male,PRDM10,ENSG00000170325,0.39844271030530193,0.002245769642126031,UP in responders,cg11197563,5'UTR,Island,-0.21712588999347646,0.3328604482622973,HYPOmethylated in responders,concordant (promoter hypomethylation -> higher expression)
male,PRDM10,ENSG00000170325,0.39844271030530193,0.002245769642126031,UP in responders,cg13841616,5'UTR,OpenSea,-0.08655723864513355,0.35363672780500244,HYPOmethylated in responders,concordant (promoter hypomethylation -> higher expression)
male,PRDM10,ENSG00000170325,0.39844271030530193,0.002245769642126031,UP in responders,cg04440811,TSS200,OpenSea,-0.14754088457348166,0.36829077350621453,HYPOmethylated in responders,concordant (promoter hypomethylation -> higher expression)
male,PRDM10,ENSG00000170325,0.39844271030530193,0.002245769642126031,UP in responders,cg04440811,Body,OpenSea,-0.14754088457348166,0.36829077350621453,HYPOmethylated in responders,non-canonical / not the textbook direction
male,PRDM10,ENSG00000170325,0.39844271030530193,0.002245769642126031,UP in responders,cg16983588,Body,OpenSea,0.16952403584327252,0.3704157716855132,HYPERmethylated in responders,concordant (gene-body hypermethylation -> higher expression)
male,PRDM10,ENSG00000170325,0.39844271030530193,0.002245769642126031,UP in responders,cg21494075,TSS1500,OpenSea,-0.15334759394318806,0.3717364695034052,HYPOmethylated in responders,concordant (promoter hypomethylation -> higher expression)
male,PRDM10,ENSG00000170325,0.39844271030530193,0.002245769642126031,UP in responders,cg21494075,Body,OpenSea,-0.15334759394318806,0.3717364695034052,HYPOmethylated in responders,non-canonical / not the textbook direction
male,PRDM10,ENSG00000170325,0.39844271030530193,0.002245769642126031,UP in responders,cg16324497,5'UTR,OpenSea,0.1672885450138518,0.37349320702542665,HYPERmethylated in responders,non-canonical / not the textbook direction
male,PRDM10,ENSG00000170325,0.39844271030530193,0.002245769642126031,UP in responders,cg14082919,Body,OpenSea,-0.09069040766049843,0.3754276431321504,HYPOmethylated in responders,non-canonical / not the textbook direction
male,PRDM10,ENSG00000170325,0.39844271030530193,0.002245769642126031,UP in responders,cg04181189,5'UTR,OpenSea,-0.09196212979264361,0.3978940467679032,HYPOmethylated in responders,concordant (promoter hypomethylation -> higher expression)
male,PRDM10,ENSG00000170325,0.39844271030530193,0.002245769642126031,UP in responders,cg04181189,Body,OpenSea,-0.09196212979264361,0.3978940467679032,HYPOmethylated in responders,non-canonical / not the textbook direction
male,PRDM10,ENSG00000170325,0.39844271030530193,0.002245769642126031,UP in responders,cg04181189,1stExon,OpenSea,-0.09196212979264361,0.3978940467679032,HYPOmethylated in responders,concordant (promoter hypomethylation -> higher expression)
male,PRDM10,ENSG00000170325,0.39844271030530193,0.002245769642126031,UP in responders,cg22345428,Body,OpenSea,0.14153736434675834,0.4102471863273487,HYPERmethylated in responders,concordant (gene-body hypermethylation -> higher expression)
male,PRDM10,ENSG00000170325,0.39844271030530193,0.002245769642126031,UP in responders,cg11094705,Body,OpenSea,-0.07599560569834653,0.41423479011001285,HYPOmethylated in responders,non-canonical / not the textbook direction
male,PRDM10,ENSG00000170325,0.39844271030530193,0.002245769642126031,UP in responders,cg07003579,5'UTR,Island,-0.11676930772759121,0.4283374628242528,HYPOmethylated in responders,concordant (promoter hypomethylation -> higher expression)
male,PRDM10,ENSG00000170325,0.39844271030530193,0.002245769642126031,UP in responders,cg06182390,5'UTR,OpenSea,0.16408154690491245,0.4513813163657122,HYPERmethylated in responders,non-canonical / not the textbook direction
male,PRDM10,ENSG00000170325,0.39844271030530193,0.002245769642126031,UP in responders,cg12775337,1stExon,OpenSea,-0.07455005694334345,0.4668654458798246,HYPOmethylated in responders,concordant (promoter hypomethylation -> higher expression)
male,PRDM10,ENSG00000170325,0.39844271030530193,0.002245769642126031,UP in responders,cg12775337,5'UTR,OpenSea,-0.07455005694334345,0.4668654458798246,HYPOmethylated in responders,concordant (promoter hypomethylation -> higher expression)
male,PRDM10,ENSG00000170325,0.39844271030530193,0.002245769642126031,UP in responders,cg12775337,Body,OpenSea,-0.07455005694334345,0.4668654458798246,HYPOmethylated in responders,non-canonical / not the textbook direction
male,PRDM10,ENSG00000170325,0.39844271030530193,0.002245769642126031,UP in responders,cg04324167,5'UTR,OpenSea,0.13008482637178345,0.5410786400041088,HYPERmethylated in responders,non-canonical / not the textbook direction
male,PRDM10,ENSG00000170325,0.39844271030530193,0.002245769642126031,UP in responders,cg05726208,TSS1500,OpenSea,-0.1005788856474522,0.5450227090019728,HYPOmethylated in responders,concordant (promoter hypomethylation -> higher expression)
male,PRDM10,ENSG00000170325,0.39844271030530193,0.002245769642126031,UP in responders,cg05726208,Body,OpenSea,-0.1005788856474522,0.5450227090019728,HYPOmethylated in responders,non-canonical / not the textbook direction
male,PRDM10,ENSG00000170325,0.39844271030530193,0.002245769642126031,UP in responders,cg03876030,TSS200,Island,-0.09369529051776891,0.5471748363542082,HYPOmethylated in responders,concordant (promoter hypomethylation -> higher expression)
male,PRDM10,ENSG00000170325,0.39844271030530193,0.002245769642126031,UP in responders,cg12409074,5'UTR,N_Shore,-0.07564544342001082,0.5834748345491458,HYPOmethylated in responders,concordant (promoter hypomethylation -> higher expression)
male,PRDM10,ENSG00000170325,0.39844271030530193,0.002245769642126031,UP in responders,cg10486879,TSS200,Island,0.10573232905457311,0.6115707551412455,HYPERmethylated in responders,non-canonical / not the textbook direction
male,PRDM10,ENSG00000170325,0.39844271030530193,0.002245769642126031,UP in responders,cg03561745,5'UTR,OpenSea,0.06266948189992202,0.6426940194725688,HYPERmethylated in responders,non-canonical / not the textbook direction
male,PRDM10,ENSG00000170325,0.39844271030530193,0.002245769642126031,UP in responders,cg18958437,Body,OpenSea,-0.07819114534876637,0.6490102809076278,HYPOmethylated in responders,non-canonical / not the textbook direction
male,PRDM10,ENSG00000170325,0.39844271030530193,0.002245769642126031,UP in responders,cg02323334,1stExon,Island,-0.0605815890198174,0.6573306575965083,HYPOmethylated in responders,concordant (promoter hypomethylation -> higher expression)
male,PRDM10,ENSG00000170325,0.39844271030530193,0.002245769642126031,UP in responders,cg02323334,5'UTR,Island,-0.0605815890198174,0.6573306575965083,HYPOmethylated in responders,concordant (promoter hypomethylation -> higher expression)
male,PRDM10,ENSG00000170325,0.39844271030530193,0.002245769642126031,UP in responders,cg16131203,Body,OpenSea,0.06354702161186443,0.7015441089059866,HYPERmethylated in responders,concordant (gene-body hypermethylation -> higher expression)
male,PRDM10,ENSG00000170325,0.39844271030530193,0.002245769642126031,UP in responders,cg12750446,5'UTR,OpenSea,-0.035595563166809695,0.7020578855512947,HYPOmethylated in responders,concordant (promoter hypomethylation -> higher expression)
male,PRDM10,ENSG00000170325,0.39844271030530193,0.002245769642126031,UP in responders,cg21270316,Body,OpenSea,-0.06314843247563937,0.7242806016094636,HYPOmethylated in responders,non-canonical / not the textbook direction
male,PRDM10,ENSG00000170325,0.39844271030530193,0.002245769642126031,UP in responders,cg19405965,TSS200,Island,0.058025679980568616,0.7564324511807705,HYPERmethylated in responders,non-canonical / not the textbook direction
male,PRDM10,ENSG00000170325,0.39844271030530193,0.002245769642126031,UP in responders,cg20424239,5'UTR,OpenSea,-0.03552242952361787,0.7807356022612988,HYPOmethylated in responders,concordant (promoter hypomethylation -> higher expression)
male,PRDM10,ENSG00000170325,0.39844271030530193,0.002245769642126031,UP in responders,cg05235625,Body,OpenSea,0.0462205947443407,0.8036158962749884,HYPERmethylated in responders,concordant (gene-body hypermethylation -> higher expression)
male,PRDM10,ENSG00000170325,0.39844271030530193,0.002245769642126031,UP in responders,cg07259651,Body,OpenSea,-0.03732265817696094,0.8245650616896194,HYPOmethylated in responders,non-canonical / not the textbook direction
male,PRDM10,ENSG00000170325,0.39844271030530193,0.002245769642126031,UP in responders,cg03925135,TSS200,Island,-0.028099145644190183,0.835706770908817,HYPOmethylated in responders,concordant (promoter hypomethylation -> higher expression)
male,PRDM10,ENSG00000170325,0.39844271030530193,0.002245769642126031,UP in responders,cg22539285,TSS1500,Island,0.019739360699687767,0.8404300169038718,HYPERmethylated in responders,non-canonical / not the textbook direction
male,PRDM10,ENSG00000170325,0.39844271030530193,0.002245769642126031,UP in responders,cg04598683,5'UTR,Island,-0.018845651649053503,0.8622569507585685,HYPOmethylated in responders,concordant (promoter hypomethylation -> higher expression)
male,PRDM10,ENSG00000170325,0.39844271030530193,0.002245769642126031,UP in responders,cg05471949,Body,OpenSea,0.02269759719268342,0.8636633408657582,HYPERmethylated in responders,concordant (gene-body hypermethylation -> higher expression)
male,PRDM10,ENSG00000170325,0.39844271030530193,0.002245769642126031,UP in responders,cg06718720,ExonBnd,OpenSea,-0.025839170387167796,0.8753295986589003,HYPOmethylated in responders,non-canonical / not the textbook direction
male,PRDM10,ENSG00000170325,0.39844271030530193,0.002245769642126031,UP in responders,cg06718720,Body,OpenSea,-0.025839170387167796,0.8753295986589003,HYPOmethylated in responders,non-canonical / not the textbook direction
male,PRDM10,ENSG00000170325,0.39844271030530193,0.002245769642126031,UP in responders,cg18958339,Body,OpenSea,-0.020287840304651365,0.89299131904943585,HYPOmethylated in responders,non-canonical / not the textbook direction
male,PRDM10,ENSG00000170325,0.39844271030530193,0.002245769642126031,UP in responders,cg00808419,Body,OpenSea,-0.0071997059208081,0.9481572713023627,HYPOmethylated in responders,non-canonical / not the textbook direction
male,PRDM10,ENSG00000170325,0.39844271030530193,0.002245769642126031,UP in responders,cg13990976,Body,OpenSea,-0.005851798455087687,0.9491822408071212,HYPOmethylated in responders,non-canonical / not the textbook direction
male,PRDM10,ENSG00000170325,0.39844271030530193,0.002245769642126031,UP in responders,cg26014711,Body,OpenSea,-0.004668862375741388,0.9511031401122507,HYPOmethylated in responders,non-canonical / not the textbook direction
male,PRDM10,ENSG00000170325,0.39844271030530193,0.002245769642126031,UP in responders,cg02997048,TSS1500,S_Shore,-0.007321647729298982,0.95378873046709,HYPOmethylated in responders,concordant (promoter hypomethylation -> higher expression)
male,PRDM10,ENSG00000170325,0.39844271030530193,0.002245769642126031,UP in responders,cg13058581,TSS200,Island,-0.012771592313597667,0.9558924462767572,HYPOmethylated in responders,concordant (promoter hypomethylation -> higher expression)
male,PRDM10,ENSG00000170325,0.39844271030530193,0.002245769642126031,UP in responders,cg25007761,5'UTR,OpenSea,-0.005374929860916562,0.9588303106879852,HYPOmethylated in responders,concordant (promoter hypomethylation -> higher expression)
male,PRDM10,ENSG00000170325,0.39844271030530193,0.002245769642126031,UP in responders,cg20615246,5'UTR,OpenSea,0.0037493217805154456,0.9787905499833142,HYPERmethylated in responders,non-canonical / not the textbook direction
male,PRDM10,ENSG00000170325,0.39844271030530193,0.002245769642126031,UP in responders,cg14019670,TSS200,Island,0.0027475885438965598,0.9831635259846367,HYPERmethylated in responders,non-canonical / not the textbook direction
male,PRDM10,ENSG00000170325,0.39844271030530193,0.002245769642126031,UP in responders,cg15580075,5'UTR,N_Shore,0.002373581167656358,0.9844614450642675,HYPERmethylated in responders,non-canonical / not the textbook direction
male,PRDM10,ENSG00000170325,0.39844271030530193,0.002245769642126031,UP in responders,cg20873801,3'UTR,OpenSea,-0.0019346258760398435,0.9858701234346362,HYPOmethylated in responders,non-canonical / not the textbook direction
