cpg,module
cg11738485,grey
cg14521995,cyan
cg06032337,violet
cg05875700,grey
cg24506221,grey
cg08103988,grey
cg08779649,grey
cg27586797,grey
cg19214707,grey
cg17421046,grey
cg00211215,grey
cg04657146,grey
cg26748794,grey
cg21358336,grey
cg21139150,grey
cg14799809,grey
cg11888470,grey
cg03651054,grey
cg25134647,grey
cg06417478,grey
cg06559318,grey
cg16032108,grey
cg11445109,grey
cg08422420,grey
cg09949906,grey
cg14859874,grey
cg08477332,grey
cg04777551,grey
cg22627029,grey
cg23899408,grey
cg07134666,violet
cg22933800,grey
cg11064039,grey
cg04131969,grey
cg11287055,grey
cg03748376,grey
cg02487331,grey
cg11383134,violet
cg21931717,grey
cg19778375,grey
cg15014361,grey
cg11787167,grey
cg04090468,grey
cg04028570,grey
cg15570656,violet
cg19384241,grey
cg01218619,grey
cg08750459,grey
cg09120722,grey
cg13462158,grey
cg23603995,grey
cg06390613,grey
cg15145296,grey
cg04546413,grey
cg21484985,grey
cg13862711,grey
cg15864601,grey
cg08419873,grey
cg08208480,grey
cg14554157,grey
cg19357499,grey
cg01097406,grey
cg26536949,grey
cg24960960,grey
cg15982117,grey
cg03329597,grey
cg02902672,grey
cg12988522,grey
cg18428180,cyan
cg20057198,grey
cg26764761,grey
cg02403292,grey
cg16744531,grey
cg17509989,grey
cg16761754,grey
cg18531559,grey
cg02891314,grey
cg10411146,grey
cg13835168,violet
cg01053087,grey
cg07314988,grey
cg15224432,grey
cg05729249,grey
cg01778345,grey
cg03461641,grey
cg08944170,grey
cg23248424,grey
cg13910785,grey
cg20435485,grey
cg06657917,grey
cg10197305,grey
cg26163238,grey
cg04663285,grey
cg24638099,grey
cg25755428,grey
cg13830619,grey
cg13012494,grey
cg27083089,grey
cg13752114,grey
cg21594961,grey
cg13902645,grey
cg00274965,grey
cg22984587,grey
cg08041448,violet
cg25924602,grey
cg07147204,grey
cg26146732,grey
cg01854967,grey
cg06766960,grey
cg24853868,grey
cg18918831,grey
cg03198009,violet
cg02004499,grey
cg21167402,grey
cg11459648,grey
cg22244940,grey
cg04043455,grey
cg20507276,grey
cg16704958,grey
cg12950816,grey
cg23635910,grey
cg20961245,violet
cg12717203,grey
cg23649088,grey
cg15568074,grey
cg22337407,grey
cg00873648,cyan
cg21847720,grey
cg04926385,grey
cg17749961,grey
cg03605463,grey
cg09584650,grey
cg22240348,grey
cg13944838,grey
cg11949518,grey
cg01079515,grey
cg15532640,grey
cg21171335,grey
cg00304520,orange
cg13077366,grey
cg24851651,grey
cg26121931,grey
cg24399712,grey
cg03188948,grey
cg23221052,grey
cg18105134,grey
cg06406458,grey
cg03635442,grey
cg24810735,grey
cg14013597,grey
cg18727742,grey
cg16431720,grey
cg03449857,violet
cg07234876,grey
cg17920646,grey
cg12641240,grey
cg15752756,grey
cg23758822,grey
cg07414487,grey
cg10578777,grey
cg09352518,grey
cg26893861,grey
cg08564027,grey
cg16006841,grey
cg17052675,grey
cg22494932,violet
cg20290983,grey
cg10261205,grey
cg23779604,grey
cg13498757,grey
cg22618164,grey
cg06205333,grey
cg08260406,grey
cg04398451,grey
cg16514085,grey
cg05388281,grey
cg05528899,grey
cg06715136,grey
cg14815891,grey
cg20228636,violet
cg17611936,grey
cg06751007,grey
cg18805164,grey
cg06609049,grey
cg16875032,grey
cg27413643,grey
cg08584759,grey
cg00964333,grey
cg06777732,grey
cg09252806,grey
cg04798314,grey
cg02574844,grey
cg22325292,grey
cg06675417,grey
cg16885113,violet
cg24838063,grey
cg00588198,violet
cg08829299,grey
cg08508337,grey
cg05401945,grey
cg03181300,grey
cg16814680,grey
cg22635676,grey
cg23627948,grey
cg17165241,grey
cg18872420,grey
cg03168497,grey
cg05130482,grey
cg09756125,grey
cg27244972,grey
cg12609785,cyan
cg01707795,grey
cg07796016,grey
cg16700025,grey
cg26076054,grey
cg19469447,grey
cg20311868,grey
cg24634471,grey
cg16906346,grey
cg20320494,grey
cg10501093,grey
cg07870920,grey
cg13571460,grey
cg23997132,grey
cg02249577,grey
cg16611967,grey
cg14388170,grey
cg20356878,grey
cg14911689,grey
cg08206881,grey
cg02157626,violet
cg06546677,grey
cg08709360,grey
cg01201512,grey
cg01819759,grey
cg16379671,grey
cg27214960,grey
cg08265274,grey
cg06242242,grey
cg08573926,grey
cg18402987,grey
cg08899523,grey
cg05053403,grey
cg08164151,grey
cg12036633,grey
cg14026325,grey
cg19876987,grey
cg02407415,grey
cg27326062,grey
cg08240917,grey
cg13732083,grey
cg04793911,grey
cg07984380,grey
cg27036347,grey
cg24100841,violet
cg16316162,grey
cg02119792,grey
cg17851276,grey
cg19312314,grey
cg14856563,grey
cg27266060,grey
cg05406088,grey
cg09035930,grey
cg05194426,grey
cg25271479,grey
cg05590257,grey
cg10909185,grey
cg10864200,grey
cg07564979,grey
cg15577010,grey
cg17658113,grey
cg03393996,grey
cg23231268,grey
cg21873524,grey
cg18587137,grey
cg07044115,grey
cg00937982,grey
cg19636627,violet
cg13106476,grey
cg03447554,grey
cg04434909,grey
cg04255276,grey
cg12756686,grey
cg02304092,grey
cg27366766,grey
cg10596483,grey
cg24840300,grey
cg24467349,grey
cg26929925,grey
cg27149073,grey
cg07076816,grey
cg10786572,grey
cg15896447,grey
cg26472636,grey
cg23876832,grey
cg01516851,grey
cg10047753,cyan
cg23400446,grey
cg21469772,grey
cg06494592,grey
cg01156747,grey
cg12016809,grey
cg03749207,grey
cg18786623,grey
cg04348223,grey
cg27633287,grey
cg01911613,grey
cg07509935,grey
cg10645314,grey
cg21898246,cyan
cg20007021,grey
cg13312387,grey
cg00579423,grey
cg25243082,grey
cg27176264,grey
cg12081754,grey
cg04329454,grey
cg05872129,grey
cg07733481,grey
cg08551532,grey
cg17537073,grey
cg24088508,grey
cg26964592,grey
cg02524346,grey
cg06027927,grey
cg14983838,grey
cg04811114,grey
cg17099656,grey
cg02896835,grey
cg08010094,grey
cg24104387,grey
cg16474696,grey
cg09232555,grey
cg03030317,grey
cg05475109,grey
cg13469425,grey
cg11965913,grey
cg17172308,grey
cg09622121,grey
cg07679219,grey
cg06394109,grey
cg03623568,grey
cg09139047,grey
cg08611411,grey
cg15727583,grey
cg04395153,grey
cg17497608,grey
cg22082780,grey
cg22216157,grey
cg03728813,cyan
cg05197062,grey
cg02299497,grey
cg15706568,grey
cg27153400,grey
cg02408697,grey
cg17035899,grey
cg10296238,grey
cg01808030,grey
cg17240725,grey
cg25210835,grey
cg05820861,grey
cg09768983,grey
cg15132673,grey
cg24796644,grey
cg14371731,grey
cg17043823,grey
cg13679714,grey
cg19665696,grey
cg03787837,grey
cg10317314,grey
cg12310025,grey
cg23731272,grey
cg14279361,grey
cg05166302,grey
cg00713939,grey
cg00874817,grey
cg00744351,grey
cg22987448,grey
cg08509907,grey
cg26371957,grey
cg16127683,grey
cg13148921,grey
cg21665850,grey
cg03654560,grey
cg05302542,cyan
cg00614959,grey
cg19413350,grey
cg15635302,grey
cg07547798,orange
cg12333160,grey
cg08172999,cyan
cg19383211,grey
cg02224314,grey
cg21138405,grey
cg13707894,grey
cg02398342,grey
cg13871695,grey
cg22462726,grey
cg16702083,grey
cg18136963,grey
cg03455316,grey
cg05376465,grey
cg17755888,grey
cg10075506,grey
cg09499248,cyan
cg11062466,grey
cg04024692,grey
cg17220055,grey
cg26094651,grey
cg20549346,grey
cg24487372,grey
cg13298116,grey
cg27171569,grey
cg07490070,grey
cg18620571,grey
cg04349084,grey
cg05353869,grey
cg15028160,grey
cg03950599,grey
cg06400119,grey
cg14304349,grey
cg09975044,grey
cg09077675,cyan
cg22256960,grey
cg21717724,grey
cg01239735,grey
cg03834411,grey
cg25052156,grey
cg12346749,cyan
cg12744031,grey
cg08578320,grey
cg15845071,grey
cg15993027,grey
cg09827761,grey
cg07100532,grey
cg18868178,grey
cg12760041,cyan
cg10727171,grey
cg17933807,cyan
cg00805880,grey
cg19421368,grey
cg08322580,grey
cg05592035,grey
cg00791851,grey
cg24536782,grey
cg23958373,grey
cg26654770,grey
cg07464355,cyan
cg01448562,grey
cg07001481,grey
cg27119318,grey
cg18924965,cyan
cg04282082,grey
cg26310551,grey
cg11070193,grey
cg23712405,white
cg00044796,grey
cg17529386,grey
cg15686800,cyan
cg01903420,grey
cg19754622,grey
cg20098848,grey
cg02981003,grey
cg22676075,grey
cg18430555,grey
cg23268197,grey
cg03335125,grey
cg11747594,violet
cg08317284,cyan
cg04378603,cyan
cg12159023,grey
cg17178900,grey
cg25125450,grey
cg10862468,grey
cg05044291,grey
cg13749113,grey
cg16034541,grey
cg24419828,cyan
cg06726860,grey
cg03606898,grey
cg27427514,grey
cg24591913,grey
cg04536689,cyan
cg20102877,grey
cg06201514,grey
cg13982318,grey
cg14631276,grey
cg14580085,grey
cg03299990,grey
cg20264068,grey
cg02769477,grey
cg03314029,grey
cg02808338,cyan
cg09894276,grey
cg13353717,grey
cg06712767,grey
cg08714590,grey
cg02159489,grey
cg25830305,grey
cg15719606,cyan
cg13111532,grey
cg12036553,blue
cg21123519,grey
cg09888468,grey
cg07747299,grey
cg19827875,grey
cg12927641,grey
cg15977137,grey
cg16653991,grey
cg17154563,cyan
cg22459517,grey
cg19684207,grey
cg19801747,cyan
cg00329300,grey
cg11247378,grey
cg24231558,grey
cg19418458,grey
cg23024343,grey
cg27423959,grey
cg08742575,grey
cg14959291,cyan
cg20744163,grey
cg19558933,grey
cg24503407,grey
cg26220594,grey
cg00594560,cyan
cg20738202,cyan
cg10399005,grey
cg25994622,grey
cg06238316,grey
cg20255370,grey
cg18890544,grey
cg24352561,grey
cg24837411,grey
cg02486855,grey
cg14215459,grey
cg27567864,grey
cg26035071,grey
cg16106427,grey
cg12654743,cyan
cg13504318,grey
cg03986562,grey
cg20744362,grey
cg15465743,grey
cg11404906,grey
cg23823879,grey
cg00758881,grey
cg21177396,grey
cg14882966,grey
cg08970795,cyan
cg06823034,grey
cg24875593,grey
cg12943317,blue
cg26722322,cyan
cg03849834,grey
cg24027202,cyan
cg17696517,grey
cg24307440,cyan
cg20888907,cyan
cg15286784,grey
cg26347746,grey
cg11885357,grey
cg10022553,grey
cg10223066,grey
cg23314071,cyan
cg18800136,cyan
cg00255919,grey
cg10499753,grey
cg07562483,grey
cg04737881,grey
cg11012078,cyan
cg04181038,grey
cg05505459,grey
cg00631329,grey
cg19093397,cyan
cg09808176,cyan
cg26607620,grey
cg14964336,grey
cg02846841,grey
cg06791446,grey
cg22905511,grey
cg02102533,grey
cg02645710,cyan
cg04842962,grey
cg25937216,grey
cg01797371,grey
cg02674305,cyan
cg06710981,grey
cg05004142,grey
cg24626312,cyan
cg15070894,grey
cg08291996,grey
cg22141696,grey
cg19109608,grey
cg16298867,grey
cg20955328,grey
cg08430355,cyan
cg15011837,white
cg00681103,cyan
cg27141850,grey
cg09381666,grey
cg25705717,grey
cg10135260,grey
cg01343206,cyan
cg04554929,grey
cg10210594,grey
cg06221963,grey
cg20160729,lightgreen
cg01023271,cyan
cg00522231,grey
cg14998086,blue
cg12451631,cyan
cg10812634,grey
cg06825163,grey
cg14143304,grey
cg08269402,grey
cg10342614,cyan
cg03738707,grey
cg24985459,cyan
cg26540559,grey
cg23878564,grey
cg24814075,cyan
cg18984983,grey
cg25066665,grey
cg03292213,grey
cg27312944,cyan
cg06108461,grey
cg26100149,grey
cg04076766,grey
cg06211550,grey
cg04517722,grey
cg26597838,grey
cg15988970,grey
cg25574765,cyan
cg13750264,grey
cg20607798,grey
cg26379339,cyan
cg09508938,grey
cg23708337,grey
cg18551877,cyan
cg12941754,grey
cg01948083,cyan
cg18202502,grey
cg05017628,grey
cg14544631,cyan
cg26182037,cyan
cg04354002,grey
cg00061551,blue
cg08052226,cyan
cg22062537,grey
cg12968518,cyan
cg21862353,grey
cg12128740,cyan
cg23512958,cyan
cg16308533,grey
cg12861945,cyan
cg22619763,cyan
cg09513133,cyan
cg15954353,grey
cg02919082,grey
cg22132788,grey
cg23717290,cyan
cg22711741,grey
cg06064525,grey
cg12980917,cyan
cg20293942,grey
cg14240646,grey
cg03312856,blue
cg18705301,grey
cg26427109,grey
cg25335841,grey
cg20491223,cyan
cg05643303,cyan
cg05772155,grey
cg16784985,grey
cg19905861,cyan
cg12798157,grey
cg10919664,grey
cg12889195,grey
cg14011486,grey
cg14159672,grey
cg21004358,grey
cg16781264,grey
cg01699425,cyan
cg07470512,grey
cg08918224,cyan
cg12301620,cyan
cg14036830,grey
cg08762424,grey
cg10127162,cyan
cg15652532,grey
cg18433519,grey
cg10997002,cyan
cg01178624,grey
cg14986359,grey
cg01351822,grey
cg21226059,grey
cg00297950,grey
cg26099834,grey
cg11799593,grey
cg14285533,grey
cg00923880,grey
cg25356393,grey
cg07148458,grey
cg03003216,cyan
cg27051433,cyan
cg13081526,grey
cg19738233,grey
cg06864789,grey
cg01612292,grey
cg16434002,cyan
cg25412017,cyan
cg22563390,grey
cg16516959,cyan
cg21102739,grey
cg08634464,grey
cg21111256,grey
cg20923605,grey
cg02970077,grey
cg17224732,grey
cg07654678,cyan
cg25699073,violet
cg11406134,grey
cg08369870,cyan
cg11702455,cyan
cg19375418,grey
cg23066280,grey
cg08926642,grey
cg00901687,grey
cg14352983,grey
cg13931599,grey
cg26694831,grey
cg03423038,cyan
cg20493885,cyan
cg16857610,cyan
cg10072237,grey
cg19998150,grey
cg15215612,grey
cg04633141,grey
cg10582608,grey
cg19408572,grey
cg21698185,grey
cg02000145,cyan
cg01567173,grey
cg14181982,cyan
cg25978138,violet
cg15975750,grey
cg26476930,grey
cg17187559,cyan
cg13154104,cyan
cg18155407,grey
cg25932869,grey
cg18426444,grey
cg03363289,grey
cg14291257,blue
cg23681866,grey
cg00928596,grey
cg14154082,grey
cg20517616,cyan
cg00224807,grey
cg10667338,grey
cg12645284,grey
cg19312667,grey
cg01640684,grey
cg10543947,cyan
cg22480875,grey
cg18451016,grey
cg14659662,grey
cg20053110,grey
cg21109666,grey
cg02953545,grey
cg06916001,grey
cg15765251,grey
cg08928753,grey
cg17610333,grey
cg15659132,cyan
cg21585512,grey
cg08823027,grey
cg06891548,cyan
cg11430259,grey
cg27514038,grey
cg23246911,grey
cg27505492,grey
cg27436995,grey
cg04863005,grey
cg10218876,grey
cg02811067,grey
cg25283336,blue
cg16602316,grey
cg06060754,grey
cg07562055,cyan
cg11295144,cyan
cg14712794,cyan
cg21482265,grey
cg05082466,grey
cg19066060,orange
cg03096830,cyan
cg26103828,cyan
cg16786756,grey
cg11343894,grey
cg14527050,grey
cg01637175,grey
cg22566624,cyan
cg01951420,cyan
cg10314470,blue
cg02023345,cyan
cg10632894,grey
cg23664385,cyan
cg06524264,grey
cg27611887,grey
cg01741372,grey
cg09841842,grey
cg22920501,grey
cg06950634,grey
cg14413466,grey
cg16125762,grey
cg18989174,cyan
cg24703804,cyan
cg11805450,cyan
cg26745581,cyan
cg05659223,cyan
cg02691506,grey
cg21432322,cyan
cg27128560,grey
cg02452435,grey
cg19919828,cyan
cg09712682,grey
cg18071071,grey
cg18207141,cyan
cg12335829,cyan
cg06925387,cyan
cg15454820,grey
cg05030953,grey
cg00452882,grey
cg27159088,cyan
cg02657760,grey
cg23257386,cyan
cg27307781,grey
cg01588581,grey
cg00101728,grey
cg05992904,grey
cg22051345,grey
cg14317384,grey
cg09233429,grey
cg02765225,cyan
cg10486069,grey
cg00101154,grey
cg25828445,grey
cg12049462,cyan
cg13768055,grey
cg20245116,grey
cg02247823,cyan
cg25288140,grey
cg04762397,cyan
cg09996633,blue
cg08390760,cyan
cg17526424,cyan
cg04774496,cyan
cg10648573,violet
cg19892287,grey
cg01821018,grey
cg17642017,cyan
cg02770061,grey
cg21862992,grey
cg08134829,cyan
cg07099606,grey
cg03644281,grey
cg13096242,grey
cg21242009,grey
cg13489479,cyan
cg02953382,cyan
cg26862620,cyan
cg08811588,grey
cg24923891,cyan
cg11081185,grey
cg02652768,cyan
cg26755097,cyan
cg19085146,cyan
cg17127214,cyan
cg22885367,cyan
cg03575163,cyan
cg19962075,grey
cg11480278,grey
cg19664712,cyan
cg25330361,grey
cg11372818,grey
cg00514665,grey
cg20927656,grey
cg19953646,cyan
cg15506703,grey
cg10871120,grey
cg24127743,cyan
cg03847932,grey
cg23742080,cyan
cg07110043,grey
cg27074582,grey
cg10763059,cyan
cg00456011,cyan
cg13952336,cyan
cg21705063,cyan
cg07341007,grey
cg03760927,cyan
cg17724687,grey
cg13697193,grey
cg02314846,cyan
cg16557370,grey
cg25508118,cyan
cg14162940,grey
cg25901000,blue
cg00785941,grey
cg07628769,grey
cg02712075,cyan
cg22333733,cyan
cg06444984,cyan
cg26813794,cyan
cg17971929,grey
cg04136259,grey
cg12064373,grey
cg05234568,grey
cg23984997,cyan
cg13105599,grey
cg07629776,grey
cg25977965,grey
cg27136994,grey
cg15671450,grey
cg19899312,cyan
cg09798888,grey
cg24739189,grey
cg14418922,grey
cg00862618,cyan
cg13679303,grey
cg26164155,cyan
cg11560654,grey
cg16739396,cyan
cg04977124,cyan
cg05926928,grey
cg00363841,cyan
cg24476033,grey
cg20415053,grey
cg15007983,grey
cg25432232,grey
cg23155965,grey
cg12162424,grey
cg08904082,cyan
cg10553204,grey
cg06917450,grey
cg25823419,cyan
cg06197574,cyan
cg25474507,cyan
cg25010788,grey
cg25826404,cyan
cg18566515,grey
cg24702069,grey
cg01916088,cyan
cg05773442,cyan
cg04737319,cyan
cg04653913,grey
cg04346459,grey
cg18644286,grey
cg21610904,grey
cg07168142,grey
cg03699307,grey
cg11862551,grey
cg04506728,grey
cg03058232,grey
cg22526939,grey
cg04585209,grey
cg16530959,cyan
cg05195235,cyan
cg01103255,cyan
cg18710053,grey
cg17027195,cyan
cg00256329,grey
cg22401835,blue
cg12403142,grey
cg01479768,grey
cg03161606,grey
cg13399903,grey
cg13703062,cyan
cg04138181,cyan
cg17801295,grey
cg17074816,cyan
cg27119456,grey
cg03891574,blue
cg20503657,grey
cg10770187,grey
cg11478607,grey
cg27370471,grey
cg14192299,grey
cg03226844,grey
cg00685614,grey
cg11826685,cyan
cg12267883,cyan
cg15235172,cyan
cg14029686,grey
cg10523679,grey
cg01588435,cyan
cg21364560,cyan
cg19083407,grey
cg18589478,cyan
cg22832407,cyan
cg12624829,grey
cg13872356,grey
cg08882774,cyan
cg08243963,cyan
cg13683218,cyan
cg11223711,cyan
cg05191217,grey
cg05779406,grey
cg14133635,grey
cg11168104,grey
cg22990158,grey
cg23755720,blue
cg12042659,grey
cg19761502,grey
cg02270332,grey
cg21351392,grey
cg05668405,cyan
cg00467244,cyan
cg17666981,blue
cg04761648,cyan
cg18029791,cyan
cg01290755,grey
cg11076954,grey
cg14425796,cyan
cg21073930,grey
cg02060408,cyan
cg24895754,cyan
cg05115862,grey
cg01056242,grey
cg12454169,grey
cg15478005,cyan
cg12286307,cyan
cg26351027,cyan
cg17459215,blue
cg05890377,grey
cg10409680,grey
cg07057042,cyan
cg06804154,cyan
cg05827468,grey
cg13943068,grey
cg21838488,grey
cg08562672,grey
cg07366506,grey
cg11904906,grey
cg05731801,grey
cg00869285,cyan
cg25802888,grey
cg26138821,grey
cg07611106,cyan
cg03496709,grey
cg21557108,grey
cg02239258,grey
cg03446079,cyan
cg15848628,cyan
cg22417566,grey
cg26677194,grey
cg23099839,grey
cg25903497,grey
cg02174092,grey
cg19045731,grey
cg09044981,grey
cg05983883,cyan
cg24536410,cyan
cg00976097,grey
cg05212510,grey
cg04150382,cyan
cg19767548,grey
cg20765267,cyan
cg14024893,grey
cg12412902,grey
cg21736038,cyan
cg06505394,cyan
cg03431989,cyan
cg18295068,cyan
cg24838517,cyan
cg25877086,cyan
cg22790973,cyan
cg24019078,grey
cg24820672,grey
cg19692996,cyan
cg16277922,blue
cg10138041,grey
cg21744417,blue
cg24708350,cyan
cg22318304,cyan
cg20982046,grey
cg15896487,grey
cg10621924,grey
cg15347434,grey
cg23348014,grey
cg07338058,cyan
cg06751175,cyan
cg19689828,cyan
cg20007643,cyan
cg17501823,grey
cg27573991,grey
cg10671668,grey
cg26893544,cyan
cg26064155,cyan
cg25799969,cyan
cg06834261,cyan
cg12637942,brown
cg27461800,cyan
cg23517954,grey
cg05122437,grey
cg11661340,cyan
cg02091185,grey
cg03758011,cyan
cg19305040,cyan
cg27211696,grey
cg17453780,grey
cg11633191,cyan
cg17833169,grey
cg11561443,cyan
cg24608381,grey
cg02133786,grey
cg24033633,grey
cg24834873,grey
cg07498239,cyan
cg11739541,grey
cg16301894,grey
cg21107549,cyan
cg18082014,cyan
cg14593317,cyan
cg23223544,blue
cg10146935,grey
cg09359103,grey
cg18598029,grey
cg14790686,cyan
cg24602417,grey
cg15571277,cyan
cg12603338,cyan
cg07944724,cyan
cg02452966,grey
cg22549504,cyan
cg15535896,grey
cg20835659,grey
cg04342328,cyan
cg02599498,grey
cg21076702,cyan
cg06902200,cyan
cg23757474,cyan
cg08180285,cyan
cg16386425,blue
cg19464247,blue
cg05200811,grey
cg23240149,cyan
cg04683509,grey
cg09937190,grey
cg08099141,cyan
cg27362222,cyan
cg22489583,cyan
cg19156231,grey
cg00156216,cyan
cg26135573,grey
cg05569877,cyan
cg14677130,grey
cg06513375,grey
cg08241307,grey
cg20698501,grey
cg04577441,cyan
cg06440615,cyan
cg08607907,cyan
cg03909863,grey
cg24847621,grey
cg13375589,grey
cg19870512,grey
cg07167872,grey
cg19272349,grey
cg22344745,grey
cg08583625,blue
cg25514328,cyan
cg00523161,grey
cg00733288,cyan
cg04873833,cyan
cg23497383,grey
cg10193721,grey
cg00191853,grey
cg08729407,cyan
cg25006249,grey
cg17716961,cyan
cg14503395,grey
cg22620746,grey
cg21166785,grey
cg21809007,cyan
cg24804544,cyan
cg19022814,grey
cg04707531,cyan
cg02006977,cyan
cg20356637,grey
cg14106680,grey
cg27205649,cyan
cg19585676,grey
cg04392266,grey
cg08492202,grey
cg19317226,grey
cg25725258,cyan
cg09007161,cyan
cg03762505,grey
cg20485607,grey
cg08922308,grey
cg18845950,grey
cg01331196,grey
cg08738040,cyan
cg25258812,cyan
cg16770933,cyan
cg05306950,cyan
cg12828262,cyan
cg20496693,cyan
cg05425699,grey
cg17479576,blue
cg21384492,grey
cg23763647,grey
cg06088084,cyan
cg16452840,cyan
cg08879403,cyan
cg00159523,grey
cg04896168,grey
cg21213617,grey
cg02532014,grey
cg16898124,grey
cg03088475,cyan
cg12111432,grey
cg11766577,grey
cg23670372,blue
cg09127314,grey
cg17993442,cyan
cg26210447,cyan
cg08316083,grey
cg14687298,grey
cg19048327,blue
cg15201545,grey
cg12837306,grey
cg04704193,cyan
cg09068086,grey
cg08681904,grey
cg06109664,cyan
cg18821281,cyan
cg01392184,grey
cg05348272,cyan
cg13736514,grey
cg01847719,grey
cg00289052,cyan
cg01996567,grey
cg13922901,grey
cg17759252,grey
cg16088107,cyan
cg13098082,cyan
cg09678349,grey
cg26865747,grey
cg17504698,cyan
cg06643849,grey
cg11800714,blue
cg24317190,grey
cg24652615,grey
cg00912449,grey
cg18912855,cyan
cg02961798,grey
cg07119389,cyan
cg05456022,grey
cg05395061,cyan
cg23489630,grey
cg03061811,cyan
cg05457628,grey
cg18713687,grey
cg15131808,cyan
cg19526685,cyan
cg03595538,cyan
cg12160103,cyan
cg03060590,grey
cg03702435,cyan
cg14526732,cyan
cg23661344,grey
cg13857646,grey
cg17527589,grey
cg10091662,cyan
cg16701105,cyan
cg03184037,cyan
cg03235083,cyan
cg03149565,cyan
cg07148880,cyan
cg10512498,blue
cg19287610,grey
cg11723066,blue
cg02320083,grey
cg09256131,cyan
cg09654157,cyan
cg07727872,grey
cg21724239,grey
cg02707464,cyan
cg26820375,cyan
cg01286930,grey
cg14078579,grey
cg02963119,grey
cg14711866,cyan
cg26668129,cyan
cg21081097,cyan
cg16737422,cyan
cg26858704,grey
cg06150148,grey
cg09562655,grey
cg14205126,cyan
cg25580254,cyan
cg12047714,cyan
cg22992730,grey
cg25251562,grey
cg12580665,cyan
cg03257341,cyan
cg20636351,grey
cg05372444,grey
cg22133704,grey
cg27088830,cyan
cg25894985,cyan
cg17501792,cyan
cg09918394,blue
cg03727229,cyan
cg05931087,cyan
cg27209117,grey
cg13516551,cyan
cg20051795,cyan
cg14161159,grey
cg25350087,cyan
cg18057887,grey
cg21736411,grey
cg01062020,grey
cg11561737,cyan
cg01694488,grey
cg05471949,blue
cg14310877,grey
cg25702335,grey
cg03205007,cyan
cg27116888,cyan
cg02415057,grey
cg00413089,grey
cg12580870,cyan
cg14380609,cyan
cg04917446,grey
cg00002033,grey
cg17759082,grey
cg09817162,grey
cg24545961,grey
cg02263539,cyan
cg02802904,cyan
cg03669949,grey
cg27399012,cyan
cg16073349,cyan
cg24047578,cyan
cg10548700,cyan
cg00321709,grey
cg24923430,grey
cg24102817,grey
cg26124560,blue
cg10475468,blue
cg21447227,cyan
cg26662579,cyan
cg19738812,grey
cg05377417,cyan
cg05419812,grey
cg23214606,cyan
cg15709401,grey
cg01822573,cyan
cg13997649,cyan
cg18855466,cyan
cg24346905,grey
cg15642854,grey
cg25513173,cyan
cg24411299,darkorange
cg12799314,grey
cg24684739,cyan
cg00807871,grey
cg27398640,grey
cg13550731,cyan
cg20512947,grey
cg00954003,cyan
cg05245319,cyan
cg09586646,grey
cg00438215,cyan
cg19428472,cyan
cg25208724,grey
cg13943985,cyan
cg10111008,cyan
cg03142458,orange
cg01652244,grey
cg23057706,cyan
cg10284592,grey
cg07921092,cyan
cg13219564,cyan
cg13091707,cyan
cg17751872,grey
cg19969778,cyan
cg06899053,cyan
cg19187521,cyan
cg22259797,grey
cg13516655,cyan
cg01072121,cyan
cg08027110,grey
cg05768908,cyan
cg12000995,grey
cg22699044,cyan
cg11831003,cyan
cg23758765,cyan
cg09474156,cyan
cg00688236,cyan
cg27435467,cyan
cg07092448,cyan
cg24005131,cyan
cg15256164,cyan
cg03049243,grey
cg09812376,grey
cg03927037,cyan
cg25381667,cyan
cg08122386,grey
cg25417842,grey
cg02676175,grey
cg11812810,cyan
cg02405503,grey
cg00495303,grey
cg27097438,grey
cg09568464,grey
cg02399249,grey
cg01217666,cyan
cg06491573,grey
cg00515161,cyan
cg12152938,cyan
cg20174585,cyan
cg06316553,cyan
cg11742103,grey
cg07488417,cyan
cg01179580,cyan
cg15212455,grey
cg24801210,grey
cg08570243,grey
cg16242106,cyan
cg08880849,grey
cg09150117,cyan
cg06218113,cyan
cg18692382,cyan
cg20276503,cyan
cg05154615,cyan
cg11769049,cyan
cg19247551,cyan
cg23687319,cyan
cg11214757,grey
cg00377087,blue
cg12022184,cyan
cg04146011,cyan
cg24530264,grey
cg04783966,cyan
cg05698228,cyan
cg23340935,grey
cg00027083,grey
cg06538660,cyan
cg07508394,cyan
cg12965799,cyan
cg03517284,grey
cg25945821,cyan
cg09671242,cyan
cg18388270,grey
cg13294447,grey
cg13207630,grey
cg24740026,cyan
cg20732881,grey
cg16534505,cyan
cg08522428,cyan
cg24712108,cyan
cg23690444,grey
cg11713788,cyan
cg17441280,cyan
cg08893875,cyan
cg09841758,cyan
cg03177231,cyan
cg06531573,grey
cg07549162,cyan
cg20720597,grey
cg06423211,grey
cg10960055,grey
cg07521193,grey
cg04037372,blue
cg09286061,cyan
cg06329735,grey
cg13622209,cyan
cg13446543,cyan
cg18792536,grey
cg14825413,grey
cg09614565,cyan
cg03410815,cyan
cg18497394,cyan
cg02784823,grey
cg25433490,cyan
cg18939664,blue
cg07613333,blue
cg02490460,grey
cg07693657,cyan
cg14813417,cyan
cg14131285,cyan
cg23840219,lightgreen
cg05701676,cyan
cg01303655,blue
cg17722231,cyan
cg26116260,cyan
cg21374208,cyan
cg01359822,grey
cg27116036,cyan
cg00755470,cyan
cg17651973,cyan
cg01971667,grey
cg06618935,grey
cg02758899,cyan
cg12068463,blue
cg26061898,cyan
cg17839226,grey
cg13209122,cyan
cg11305259,cyan
cg25459280,grey
cg01788773,grey
cg05643120,cyan
cg17093362,cyan
cg23660999,grey
cg05516942,cyan
cg08750053,blue
cg25364880,cyan
cg22999099,grey
cg10023862,grey
cg19795502,cyan
cg24885417,grey
cg23641158,cyan
cg10113872,cyan
cg19839825,grey
cg13443842,cyan
cg09419670,grey
cg05888082,cyan
cg10102256,cyan
cg17462478,grey
cg01992382,grey
cg09438612,cyan
cg20064151,cyan
cg24343515,grey
cg15614628,cyan
cg17959722,grey
cg14375779,cyan
cg21395152,cyan
cg09669930,cyan
cg08215925,grey
cg22369954,cyan
cg01272707,cyan
cg12718519,grey
cg27064064,grey
cg15146462,grey
cg05074908,cyan
cg11631173,blue
cg09113850,cyan
cg22452837,grey
cg14048834,cyan
cg25434864,grey
cg05301102,cyan
cg23932011,cyan
cg06366585,cyan
cg17831680,cyan
cg15411550,grey
cg27065742,blue
cg24336839,grey
cg10190104,cyan
cg08302650,grey
cg03621881,cyan
cg24246628,grey
cg14970695,grey
cg09229797,cyan
cg10877797,cyan
cg07490776,cyan
cg21144063,grey
cg20704819,blue
cg13464744,cyan
cg06780839,cyan
cg05891497,cyan
cg10113715,blue
cg02972257,cyan
cg12025522,cyan
cg06418219,cyan
cg26837681,cyan
cg04289040,cyan
cg26720545,grey
cg23402429,cyan
cg07375277,cyan
cg24868248,cyan
cg07314337,cyan
cg05313261,cyan
cg02976405,cyan
cg25613600,cyan
cg17403731,grey
cg04453241,grey
cg08816590,cyan
cg23201549,cyan
cg25813936,grey
cg13447295,grey
cg17420885,grey
cg26875219,cyan
cg06976003,cyan
cg01324343,grey
cg10923346,cyan
cg12489353,grey
cg17576266,cyan
cg04120645,cyan
cg02964324,grey
cg25061131,cyan
cg08109516,cyan
cg10455938,cyan
cg06134690,cyan
cg01820262,cyan
cg18850127,grey
cg08877521,grey
cg14926196,grey
cg00507259,cyan
cg13984289,grey
cg03492495,blue
cg09526685,grey
cg09258022,blue
cg25919922,cyan
cg11409361,grey
cg26668626,cyan
cg00530492,cyan
cg04570624,blue
cg06286685,cyan
cg12052203,grey
cg08170745,cyan
cg19827599,blue
cg14042597,grey
cg14073481,cyan
cg00940786,cyan
cg13435392,cyan
cg11185456,grey
cg14542802,cyan
cg11500391,cyan
cg07873154,grey
cg26539818,grey
cg00828689,cyan
cg21918786,grey
cg07916022,grey
cg06081609,cyan
cg06301252,grey
cg12580445,grey
cg27405321,cyan
cg10773587,cyan
cg15595755,grey
cg07594247,grey
cg15211499,cyan
cg12847279,cyan
cg07926092,grey
cg08105174,darkorange
cg12865552,cyan
cg14704780,grey
cg00993824,cyan
cg19657723,cyan
cg02692441,cyan
cg21609526,grey
cg16081992,blue
cg05294497,blue
cg15363314,grey
cg09386954,cyan
cg05711928,cyan
cg02937966,cyan
cg22775138,grey
cg01177167,cyan
cg21667817,cyan
cg08022281,violet
cg05315874,cyan
cg10957242,cyan
cg04813639,cyan
cg14040252,cyan
cg08015590,cyan
cg13854012,grey
cg27662412,cyan
cg22700015,grey
cg08506353,grey
cg05567920,cyan
cg11685843,grey
cg15103675,cyan
cg18357291,cyan
cg00857660,cyan
cg22024281,cyan
cg17441724,cyan
cg04214467,cyan
cg13746813,grey
cg12630461,grey
cg03535985,blue
cg12352347,cyan
cg22685807,grey
cg08940853,cyan
cg15388895,grey
cg10490147,cyan
cg07212292,cyan
cg03990732,blue
cg27559842,blue
cg15690347,grey
cg12417372,cyan
cg06238736,cyan
cg17827850,grey
cg16329650,cyan
cg22687569,grey
cg22250642,cyan
cg16236270,blue
cg20829193,cyan
cg08190400,grey
cg18603466,cyan
cg11719323,cyan
cg23302570,grey
cg10923662,grey
cg23247274,grey
cg19689029,cyan
cg27523423,cyan
cg23174406,grey
cg08584628,cyan
cg17301379,grey
cg21854759,grey
cg01424889,grey
cg15971518,grey
cg27102141,grey
cg22776392,grey
cg11077019,cyan
cg18582848,cyan
cg27440050,cyan
cg00793935,grey
cg11436817,cyan
cg17180012,cyan
cg09315921,cyan
cg02083539,cyan
cg10599438,grey
cg07904983,cyan
cg16678153,cyan
cg00989226,cyan
cg26464535,cyan
cg10153335,cyan
cg05212836,cyan
cg15196314,cyan
cg14838188,cyan
cg08013331,grey
cg21346818,cyan
cg01142386,cyan
cg19342764,cyan
cg19040032,cyan
cg01624173,grey
cg15340644,cyan
cg23638640,grey
cg01775802,grey
cg09894698,cyan
cg10594709,cyan
cg00792235,grey
cg03556393,cyan
cg11023815,cyan
cg24455236,grey
cg19034708,grey
cg12580752,cyan
cg13319049,cyan
cg16044925,cyan
cg03255741,cyan
cg09370599,cyan
cg14213978,cyan
cg25976170,grey
cg25800500,grey
cg02394686,grey
cg11512797,grey
cg05457730,grey
cg07157834,grey
cg04008252,grey
cg00632914,blue
cg25399148,grey
cg19763774,blue
cg03761846,cyan
cg22935921,grey
cg09689449,cyan
cg25793507,cyan
cg18522231,grey
cg12661648,cyan
cg25987077,cyan
cg09531436,cyan
cg05636467,grey
cg24441899,grey
cg14669362,cyan
cg16706559,cyan
cg02325243,cyan
cg27402591,cyan
cg17477052,grey
cg17096289,grey
cg11199770,cyan
cg16801535,cyan
cg12632753,cyan
cg01066472,grey
cg05373962,grey
cg12329405,cyan
cg17262328,grey
cg22748740,cyan
cg20237074,grey
cg20276377,grey
cg26673609,cyan
cg16345366,grey
cg14460343,cyan
cg08330690,grey
cg11239220,cyan
cg01214346,grey
cg10751382,grey
cg03162686,grey
cg17812951,cyan
cg25004981,grey
cg26728390,blue
cg15003763,grey
cg12392916,cyan
cg05976119,cyan
cg15053253,grey
cg25498107,grey
cg00487780,cyan
cg20724681,cyan
cg06953130,grey
cg19520219,cyan
cg20302533,grey
cg19863210,cyan
cg25677688,grey
cg07673080,grey
cg22582617,grey
cg16705073,cyan
cg14971810,cyan
cg24526056,blue
cg13086581,cyan
cg00134611,blue
cg20381404,grey
cg07454558,grey
cg11232610,grey
cg14378964,cyan
cg16593333,grey
cg12651540,blue
cg24364518,cyan
cg14440102,blue
cg06565975,grey
cg24680439,grey
cg18130437,cyan
cg26390924,grey
cg07264401,grey
cg09360571,cyan
cg08293242,grey
cg13762257,cyan
cg05666130,blue
cg17411546,blue
cg20004424,darkorange
cg24875017,grey
cg10590925,grey
cg18021992,grey
cg11059159,grey
cg08110718,cyan
cg03506045,cyan
cg10426581,grey
cg05856321,grey
cg01701002,cyan
cg22870344,cyan
cg01412970,grey
cg08143636,cyan
cg02254774,grey
cg25513933,cyan
cg18188782,cyan
cg01978534,grey
cg03074424,cyan
cg24217844,cyan
cg20603222,grey
cg20916362,grey
cg18082402,cyan
cg11146691,grey
cg05103387,cyan
cg19777992,cyan
cg23511169,cyan
cg09756865,cyan
cg06679270,grey
cg11594731,grey
cg13716933,cyan
cg14139511,cyan
cg04775238,cyan
cg03420670,cyan
cg19978674,grey
cg21682474,cyan
cg22135109,cyan
cg26382075,cyan
cg16502980,grey
cg06906472,grey
cg10225865,grey
cg19985056,grey
cg17714225,cyan
cg15123824,grey
cg00584885,blue
cg00257271,cyan
cg23080985,cyan
cg10002561,cyan
cg05694749,grey
cg04381873,grey
cg27202913,grey
cg24859945,grey
cg13387677,cyan
cg16763089,grey
cg13974464,grey
cg21650737,grey
cg14927855,grey
cg03547487,cyan
cg10111153,blue
cg18106189,cyan
cg11271157,cyan
cg14902204,grey
cg01572989,grey
cg10072078,orange
cg03741657,cyan
cg05626790,grey
cg11630554,grey
cg25632648,grey
cg19721680,cyan
cg23669081,grey
cg02094989,cyan
cg17695831,blue
cg20055841,brown
cg07231649,cyan
cg04108612,cyan
cg10667044,cyan
cg14395298,grey
cg02675527,grey
cg20003805,cyan
cg08593949,cyan
cg07812059,grey
cg05844583,cyan
cg24686911,cyan
cg10520349,cyan
cg22885965,cyan
cg20718083,grey
cg00767116,blue
cg22159341,blue
cg01614237,grey
cg02837212,cyan
cg21890002,cyan
cg05486188,cyan
cg00412273,cyan
cg10881242,grey
cg06632214,cyan
cg02567119,grey
cg11845111,grey
cg13777681,cyan
cg01112801,blue
cg09501821,grey
cg26099902,blue
cg12607413,grey
cg21654974,cyan
cg20725670,cyan
cg23837804,blue
cg15891645,cyan
cg11801727,grey
cg02287093,cyan
cg12747844,blue
cg16474170,grey
cg17469292,cyan
cg14868663,grey
cg15720975,cyan
cg16968115,grey
cg24857620,cyan
cg09202269,cyan
cg16425060,cyan
cg10040196,cyan
cg11763394,grey
cg19777824,cyan
cg18095725,cyan
cg16895170,cyan
cg01159515,orange
cg08016802,grey
cg19142026,grey
cg26910651,cyan
cg14589148,cyan
cg18765565,grey
cg22218512,blue
cg03264133,grey
cg19760250,grey
cg22802111,cyan
cg02841571,grey
cg03970588,cyan
cg02785814,cyan
cg08450636,cyan
cg02425140,grey
cg04785418,cyan
cg09599399,grey
cg20402074,cyan
cg18277682,grey
cg18650626,grey
cg19542119,cyan
cg15844785,cyan
cg18793571,grey
cg13593275,blue
cg12751644,grey
cg05386387,cyan
cg10064886,grey
cg19975931,cyan
cg17294928,cyan
cg09841001,grey
cg08642068,grey
cg15245556,grey
cg26321464,cyan
cg21268422,grey
cg16273215,grey
cg27339282,grey
cg13530621,cyan
cg00982548,grey
cg03590420,grey
cg11023328,grey
cg27174978,blue
cg02659673,cyan
cg10416105,cyan
cg17522965,grey
cg05841967,cyan
cg03555424,cyan
cg12664207,cyan
cg06303288,cyan
cg13052034,cyan
cg18556788,grey
cg13174850,cyan
cg11252048,cyan
cg10938586,grey
cg00266566,grey
cg13501446,blue
cg02925840,cyan
cg19374305,grey
cg11111423,cyan
cg09640425,grey
cg21729159,cyan
cg11028445,cyan
cg24176311,grey
cg15062310,grey
cg01171898,cyan
cg25319279,grey
cg12504187,cyan
cg17660446,cyan
cg09336947,cyan
cg00019809,cyan
cg16212881,cyan
cg10676327,grey
cg04458869,cyan
cg20486294,cyan
cg07315766,cyan
cg27090594,blue
cg00581979,cyan
cg00571935,cyan
cg10916967,cyan
cg12184854,blue
cg26372060,cyan
cg22814681,cyan
cg20140229,cyan
cg05672026,grey
cg17121412,grey
cg03801902,cyan
cg00728999,cyan
cg14792031,grey
cg11258452,grey
cg17335114,cyan
cg01628528,grey
cg24475210,grey
cg06870868,cyan
cg05602566,cyan
cg17266581,grey
cg20188212,grey
cg07104388,cyan
cg09738429,cyan
cg19529709,grey
cg14732324,cyan
cg25683069,cyan
cg24131747,grey
cg02180766,grey
cg15058956,cyan
cg02331910,grey
cg14688104,cyan
cg10755058,grey
cg11242978,lightgreen
cg02314201,grey
cg17694851,grey
cg14895945,cyan
cg09184899,blue
cg09758623,cyan
cg06256295,cyan
cg16091055,blue
cg16613143,grey
cg16582118,grey
cg19179603,grey
cg02895278,grey
cg22675645,cyan
cg18019037,blue
cg07857119,blue
cg00499399,cyan
cg12253191,grey
cg20389472,cyan
cg06132400,grey
cg00172189,cyan
cg18342621,cyan
cg02250291,blue
cg00698771,grey
cg17024828,grey
cg26228943,cyan
cg15611164,blue
cg22867608,grey
cg25779653,cyan
cg05009394,cyan
cg26267481,grey
cg16782807,cyan
cg14275946,cyan
cg13793166,cyan
cg08031982,grey
cg06074256,white
cg18200150,grey
cg09981929,grey
cg27113326,grey
cg22410499,grey
cg24410064,grey
cg27048067,grey
cg13186327,grey
cg01074767,grey
cg07149862,cyan
cg00439706,grey
cg03498886,grey
cg17177219,cyan
cg16658931,grey
cg08966155,cyan
cg03255942,blue
cg25255293,cyan
cg07997941,cyan
cg20540806,cyan
cg04590313,darkorange
cg15837308,grey
cg14755414,blue
cg10321208,cyan
cg10833066,grey
cg06352730,grey
cg16050468,grey
cg25138311,cyan
cg14554372,grey
cg13709128,cyan
cg16659480,cyan
cg09744766,grey
cg20901426,grey
cg23252259,grey
cg02573825,cyan
cg07668501,grey
cg21424801,grey
cg06248406,cyan
cg18144860,cyan
cg01439854,cyan
cg18315527,cyan
cg16572410,blue
cg09681675,grey
cg03906434,blue
cg08385486,darkorange
cg16468949,brown
cg19356117,cyan
cg23995446,grey
cg12519992,cyan
cg15782153,grey
cg20909159,cyan
cg01477942,grey
cg23460835,cyan
cg21550804,grey
cg05107039,grey
cg15116481,grey
cg18153137,cyan
cg04872557,cyan
cg00913755,cyan
cg13671249,cyan
cg02510453,cyan
cg16027622,cyan
cg21501616,cyan
cg23026554,grey
cg14837557,cyan
cg13686104,cyan
cg03400443,grey
cg21024122,cyan
cg17508302,grey
cg22043634,cyan
cg12195369,grey
cg14789928,cyan
cg26996890,grey
cg12503243,cyan
cg02054479,grey
cg14550007,cyan
cg16362014,blue
cg19160520,cyan
cg02331830,grey
cg21610815,grey
cg12002139,grey
cg08767686,grey
cg15964717,blue
cg05805236,grey
cg21550016,grey
cg08143011,cyan
cg03243497,cyan
cg09883994,cyan
cg11220641,cyan
cg22194904,blue
cg24274982,cyan
cg24536200,cyan
cg25617012,grey
cg01835766,cyan
cg04558174,cyan
cg15984406,grey
cg25598086,cyan
cg02735423,grey
cg12390516,grey
cg04062383,cyan
cg20489345,cyan
cg22716280,grey
cg02291164,grey
cg21321885,cyan
cg20016673,grey
cg24201964,cyan
cg06516331,blue
cg17931620,cyan
cg14180718,cyan
cg05637266,grey
cg15837280,grey
cg01871920,blue
cg09102409,cyan
cg02284587,cyan
cg17012863,cyan
cg26664871,cyan
cg21030419,cyan
cg07206676,blue
cg12799003,cyan
cg14270002,blue
cg20860638,cyan
cg20062978,cyan
cg07531072,cyan
cg11121865,grey
cg25510282,cyan
cg23858040,white
cg25587211,grey
cg04054303,grey
cg06839380,cyan
cg23074703,grey
cg05256605,grey
cg03916912,cyan
cg13379325,grey
cg13622047,cyan
cg15689154,cyan
cg23232844,cyan
cg18944910,cyan
cg01996304,cyan
cg06795971,grey
cg00374596,cyan
cg13223806,cyan
cg27358426,cyan
cg02616966,grey
cg04608855,cyan
cg27560282,cyan
cg19376709,cyan
cg22615819,cyan
cg22402043,blue
cg13443092,cyan
cg13542817,cyan
cg20831741,cyan
cg14297026,blue
cg10543624,blue
cg15886004,cyan
cg19136454,blue
cg01348922,grey
cg04490349,grey
cg17004897,blue
cg10805483,cyan
cg00045190,grey
cg17172851,cyan
cg02289287,grey
cg10695234,grey
cg17086421,cyan
cg04143909,grey
cg15979150,cyan
cg14168080,grey
cg03017653,cyan
cg02522311,cyan
cg05246403,grey
cg10440639,grey
cg07914309,cyan
cg23935255,blue
cg00992297,grey
cg11594415,cyan
cg13534536,grey
cg11784071,cyan
cg03487200,blue
cg19294256,cyan
cg10069155,grey
cg16963062,orange
cg19238422,cyan
cg14921691,grey
cg02210151,grey
cg26147554,grey
cg01180513,cyan
cg17100207,cyan
cg17540624,cyan
cg21219373,grey
cg11618704,grey
cg21704267,cyan
cg07973095,grey
cg08992324,grey
cg13045913,grey
cg02561205,cyan
cg12893697,grey
cg01341976,cyan
cg21632158,grey
cg04945388,cyan
cg26384229,cyan
cg20386875,cyan
cg15019001,grey
cg26970113,cyan
cg21127318,cyan
cg17292337,grey
cg25642217,cyan
cg25532501,cyan
cg22703975,blue
cg00370820,cyan
cg02604407,cyan
cg08547343,cyan
cg14678442,cyan
cg01680010,cyan
cg23354319,cyan
cg00750481,grey
cg11740152,cyan
cg02711652,cyan
cg04795713,cyan
cg21466874,cyan
cg10788475,cyan
cg24778241,cyan
cg23795217,cyan
cg27651003,cyan
cg21950155,grey
cg09107594,blue
cg18493069,grey
cg23601030,grey
cg15653282,cyan
cg07868599,grey
cg17168838,grey
cg04149955,cyan
cg09498379,cyan
cg09508496,grey
cg04470054,cyan
cg16995420,cyan
cg22875332,grey
cg14137381,grey
cg26274596,cyan
cg15745900,grey
cg13500797,cyan
cg10366439,grey
cg10607059,cyan
cg11897690,cyan
cg07970752,grey
cg26850117,grey
cg18140645,cyan
cg00898013,grey
cg14042879,cyan
cg16791216,cyan
cg20088245,grey
cg02522760,grey
cg26793226,cyan
cg20296298,grey
cg23947326,cyan
cg10316525,grey
cg01934787,blue
cg27482485,cyan
cg10348543,cyan
cg02586637,cyan
cg11553311,grey
cg24058852,blue
cg08847885,cyan
cg16080552,grey
cg05638359,cyan
cg07719100,grey
cg27139117,grey
cg06081482,cyan
cg19655070,cyan
cg02607605,cyan
cg01860063,cyan
cg21944567,cyan
cg24451981,cyan
cg09414673,grey
cg11112892,cyan
cg24741225,cyan
cg21788624,cyan
cg04934727,cyan
cg09464509,cyan
cg11629889,grey
cg01642183,cyan
cg22674210,cyan
cg04563419,cyan
cg23188121,cyan
cg07898899,grey
cg07007674,cyan
cg19444027,cyan
cg05264764,cyan
cg24219751,cyan
cg16449840,cyan
cg24477193,cyan
cg16440561,grey
cg10212558,cyan
cg22412063,cyan
cg09523472,cyan
cg13045555,grey
cg13435101,cyan
cg21547824,blue
cg15248135,cyan
cg26660312,grey
cg26331326,blue
cg02692313,grey
cg13600149,cyan
cg08169659,cyan
cg13421116,cyan
cg25146017,grey
cg00298020,cyan
cg19972124,grey
cg05179038,cyan
cg20366601,cyan
cg14398860,blue
cg25017620,grey
cg11748417,grey
cg21516302,grey
cg19573236,grey
cg09667551,cyan
cg00748494,grey
cg20223162,cyan
cg04043795,cyan
cg14513822,cyan
cg11960655,grey
cg24140037,blue
cg13553453,cyan
cg17904852,cyan
cg09506600,grey
cg17713488,grey
cg00699807,cyan
cg07428200,blue
cg03662843,cyan
cg01352656,grey
cg12060306,cyan
cg01697541,cyan
cg16901082,cyan
cg19227719,cyan
cg03547245,cyan
cg01292810,grey
cg07075026,grey
cg11392858,grey
cg11327054,cyan
cg06081153,cyan
cg06559874,cyan
cg03000603,cyan
cg15007959,grey
cg15620207,cyan
cg17829936,grey
cg10831901,grey
cg13448596,grey
cg18122406,cyan
cg23728669,cyan
cg17860174,cyan
cg26224354,grey
cg18631330,grey
cg04264908,cyan
cg17211447,grey
cg03938978,grey
cg24131748,cyan
cg20059492,blue
cg10734240,cyan
cg14148609,cyan
cg21575283,cyan
cg18698690,cyan
cg02637781,cyan
cg07906351,cyan
cg04309230,cyan
cg05741490,cyan
cg17541810,grey
cg19814210,cyan
cg01620164,grey
cg13213997,cyan
cg19872996,grey
cg04370829,grey
cg21402921,grey
cg03342130,grey
cg01888566,grey
cg11732257,cyan
cg24853871,cyan
cg01434672,cyan
cg19533957,cyan
cg10968396,cyan
cg10871529,cyan
cg13820039,cyan
cg11589139,cyan
cg18725375,grey
cg21062780,grey
cg04751069,cyan
cg12153106,blue
cg19493827,cyan
cg06067573,cyan
cg13611226,cyan
cg09287864,cyan
cg12294506,grey
cg25922341,cyan
cg09354380,cyan
cg15708526,violet
cg23226914,grey
cg15458996,grey
cg08965527,grey
cg23394673,grey
cg20917491,grey
cg05732436,cyan
cg25660583,cyan
cg04746670,cyan
cg17888390,grey
cg16005540,cyan
cg18227923,cyan
cg25858160,cyan
cg00203089,cyan
cg23635355,cyan
cg08402652,cyan
cg00044463,cyan
cg16077741,cyan
cg05243311,cyan
cg16179938,cyan
cg08847173,grey
cg19930721,cyan
cg06419659,grey
cg20143895,cyan
cg00084338,grey
cg07508773,cyan
cg06436655,cyan
cg18174326,lightgreen
cg17989428,cyan
cg14562081,cyan
cg02428792,grey
cg11166106,cyan
cg10342722,cyan
cg21433558,grey
cg07504200,grey
cg07967851,grey
cg26668828,grey
cg07681084,cyan
cg07395500,blue
cg00580805,cyan
cg07883762,cyan
cg10006408,cyan
cg10775050,cyan
cg21168444,grey
cg26229752,grey
cg23288653,cyan
cg11819639,cyan
cg17198230,cyan
cg00763094,cyan
cg12746557,grey
cg07835181,cyan
cg16510485,cyan
cg20337934,cyan
cg14780466,grey
cg07274235,cyan
cg13911269,cyan
cg06157539,cyan
cg18074726,cyan
cg05013027,cyan
cg07697006,cyan
cg18256985,cyan
cg02463440,grey
cg23976457,grey
cg14927745,grey
cg15138249,cyan
cg05871781,cyan
cg15205435,grey
cg12129209,cyan
cg22721334,grey
cg02152233,grey
cg23856027,cyan
cg00876704,cyan
cg24277876,blue
cg01449425,blue
cg24131848,cyan
cg04718342,cyan
cg02161084,cyan
cg26256158,cyan
cg02924619,cyan
cg21819984,grey
cg17033499,cyan
cg22877570,cyan
cg13946767,grey
cg11545949,cyan
cg15059639,grey
cg21930136,cyan
cg02470697,grey
cg16677019,grey
cg22467129,grey
cg10130344,cyan
cg04238096,cyan
cg18096251,grey
cg00035636,grey
cg27019245,cyan
cg26230819,cyan
cg09941202,cyan
cg16469099,grey
cg00993799,grey
cg00658016,cyan
cg23370306,grey
cg11884230,cyan
cg07286881,cyan
cg02479773,cyan
cg19216490,cyan
cg05351940,cyan
cg03565782,cyan
cg26791826,cyan
cg19544767,grey
cg07818646,cyan
cg07011961,grey
cg03831912,blue
cg16540036,cyan
cg06926377,grey
cg19412217,cyan
cg12045875,grey
cg12046602,grey
cg16888106,cyan
cg12169977,cyan
cg05767788,grey
cg06060522,grey
cg16438432,cyan
cg18245365,cyan
cg21831451,cyan
cg05629378,cyan
cg14145049,cyan
cg21148362,cyan
cg25296236,cyan
cg02724435,cyan
cg24772760,grey
cg08196628,cyan
cg27264388,grey
cg01865610,cyan
cg13401533,cyan
cg05031455,blue
cg21755440,cyan
cg26976390,cyan
cg11448996,cyan
cg11136235,cyan
cg27052777,cyan
cg03881961,cyan
cg22529511,blue
cg07076277,cyan
cg01120902,grey
cg14899731,cyan
cg05403469,cyan
cg03490460,blue
cg16897579,blue
cg20038368,blue
cg25277809,grey
cg22147539,cyan
cg05797186,cyan
cg13710790,blue
cg01593751,cyan
cg09238677,cyan
cg01770109,cyan
cg16095440,grey
cg06299997,grey
cg01103911,cyan
cg00332802,blue
cg20208801,cyan
cg07184922,blue
cg24779751,cyan
cg00538642,cyan
cg12262681,cyan
cg27592410,cyan
cg10114372,cyan
cg24109415,cyan
cg15805053,cyan
cg05173834,cyan
cg14508358,grey
cg06779606,blue
cg03839554,cyan
cg02649279,cyan
cg15576492,grey
cg00811081,cyan
cg04826345,grey
cg24690094,grey
cg16216148,cyan
cg03469608,cyan
cg01056350,cyan
cg14307477,grey
cg18844029,grey
cg25130734,cyan
cg24822053,grey
cg02216295,cyan
cg07879540,cyan
cg15622655,blue
cg25289973,cyan
cg19773547,blue
cg12148237,blue
cg10883421,cyan
cg13712476,cyan
cg08947187,blue
cg22005853,cyan
cg01188822,cyan
cg03185704,grey
cg04157308,blue
cg21424120,cyan
cg16732970,cyan
cg25561581,cyan
cg11830507,cyan
cg01910249,cyan
cg00493304,grey
cg25544073,cyan
cg11721273,blue
cg26312542,grey
cg02656741,cyan
cg15012981,grey
cg02007090,cyan
cg01458105,grey
cg13426857,cyan
cg25888386,cyan
cg08422863,cyan
cg00663719,blue
cg03269218,grey
cg10241671,cyan
cg18194343,cyan
cg04274758,blue
cg20771287,cyan
cg19979355,cyan
cg23638801,cyan
cg13806870,cyan
cg05257397,cyan
cg26690034,grey
cg11461836,cyan
cg12198729,cyan
cg06963648,cyan
cg16017089,grey
cg00711831,cyan
cg24555763,blue
cg13644807,cyan
cg08201700,cyan
cg22538664,cyan
cg20847668,blue
cg20613337,cyan
cg10439911,cyan
cg01576340,cyan
cg13257514,cyan
cg05422022,grey
cg01061890,grey
cg17555499,cyan
cg08899937,blue
cg09307727,cyan
cg10385290,blue
cg12089985,cyan
cg04667586,cyan
cg10606797,cyan
cg25107608,cyan
cg02461391,cyan
cg22983534,cyan
cg06299284,grey
cg26361646,cyan
cg18264306,grey
cg12906381,grey
cg03011535,grey
cg25774457,cyan
cg08537890,grey
cg05491695,cyan
cg00738934,grey
cg08033130,grey
cg18891020,cyan
cg00066748,blue
cg26715042,grey
cg00618312,cyan
cg14713933,cyan
cg22611817,cyan
cg20141549,grey
cg20943039,cyan
cg18693985,grey
cg26094646,cyan
cg25559849,cyan
cg27194182,cyan
cg08576658,grey
cg06097707,cyan
cg14193550,cyan
cg13448401,cyan
cg16201963,cyan
cg15695738,grey
cg01056945,cyan
cg16273546,grey
cg04294990,cyan
cg13403462,grey
cg13900773,grey
cg21962611,blue
cg08235183,grey
cg12623852,grey
cg13289463,blue
cg08557188,blue
cg24891846,grey
cg03117949,cyan
cg02582194,blue
cg03420356,cyan
cg03051777,cyan
cg26917462,cyan
cg08319422,grey
cg10815657,grey
cg13315147,grey
cg17794299,grey
cg25922163,cyan
cg05329785,cyan
cg25034941,cyan
cg02325679,cyan
cg14535332,grey
cg26985912,cyan
cg02153584,cyan
cg22414192,grey
cg14634152,cyan
cg20569141,cyan
cg26567712,cyan
cg06756169,grey
cg02815900,cyan
cg21980954,blue
cg08669259,cyan
cg01352882,cyan
cg05903289,grey
cg22198853,grey
cg07302069,cyan
cg22651271,cyan
cg18226478,cyan
cg22223119,grey
cg19159162,grey
cg06726167,cyan
cg18323922,cyan
cg15295332,cyan
cg13945107,cyan
cg20299002,cyan
cg18565702,grey
cg24098013,cyan
cg23442198,grey
cg14687118,blue
cg17611045,grey
cg11829072,grey
cg14217861,grey
cg16294570,cyan
cg10038679,cyan
cg27069054,cyan
cg14893161,grey
cg26320663,grey
cg19322445,blue
cg26627933,cyan
cg07093428,grey
cg02628508,cyan
cg07962934,grey
cg20215695,cyan
cg24112000,grey
cg20475486,grey
cg13993183,grey
cg05250969,cyan
cg14223671,grey
cg17137980,cyan
cg22266470,cyan
cg04938335,blue
cg04609868,cyan
cg24789487,brown
cg25969878,grey
cg01999229,cyan
cg02712183,cyan
cg01883591,cyan
cg11534293,grey
cg20821042,grey
cg25332918,grey
cg14657818,cyan
cg27130242,cyan
cg22496723,grey
cg23049737,blue
cg22886405,cyan
cg13114458,cyan
cg17201273,grey
cg20932348,cyan
cg00456348,grey
cg10204951,blue
cg20867963,cyan
cg15518923,cyan
cg06742891,cyan
cg14513226,cyan
cg06824382,cyan
cg01896926,grey
cg26986681,grey
cg00763096,cyan
cg01434608,cyan
cg07673020,grey
cg21471580,grey
cg00557959,grey
cg23108714,cyan
cg04672538,cyan
cg14871628,cyan
cg23970798,cyan
cg24550149,grey
cg11030744,grey
cg16765873,cyan
cg04868078,cyan
cg01425746,grey
cg24007445,blue
cg22836535,cyan
cg09840623,grey
cg16202736,cyan
cg08477740,cyan
cg01460805,cyan
cg04529868,grey
cg15848685,grey
cg20397078,cyan
cg13096721,blue
cg22125968,cyan
cg13401987,cyan
cg24055655,cyan
cg17639394,cyan
cg12970830,blue
cg08872937,cyan
cg10606127,grey
cg02071292,grey
cg00627621,cyan
cg16524762,cyan
cg08654443,grey
cg17984641,cyan
cg10546459,cyan
cg14762436,grey
cg10174687,darkorange
cg01145054,cyan
cg17973407,cyan
cg19261559,cyan
cg24440658,grey
cg07329467,cyan
cg24325362,cyan
cg27549878,grey
cg12397802,grey
cg23104954,grey
cg10007002,cyan
cg09365677,cyan
cg12905261,cyan
cg19735538,grey
cg10437627,cyan
cg10523966,cyan
cg02831260,blue
cg05994148,cyan
cg00629370,cyan
cg03167954,grey
cg14820908,grey
cg24312661,cyan
cg13263723,blue
cg24662666,cyan
cg27252587,cyan
cg07062847,cyan
cg25152368,cyan
cg20668662,cyan
cg01274643,grey
cg01310397,grey
cg07524214,grey
cg22770560,blue
cg05476169,cyan
cg09336323,grey
cg00716604,grey
cg00475645,cyan
cg22427477,cyan
cg26182317,blue
cg14417784,grey
cg15505141,cyan
cg14089267,grey
cg14116764,white
cg24738387,cyan
cg12498453,cyan
cg09660878,grey
cg23122401,cyan
cg16094925,grey
cg13995427,cyan
cg01558040,cyan
cg20070536,cyan
cg07482202,grey
cg20942286,grey
cg12141218,grey
cg17166282,cyan
cg02733266,cyan
cg15871749,cyan
cg22356839,grey
cg01858014,blue
cg06102790,cyan
cg05729499,cyan
cg25179963,grey
cg10282371,brown
cg04444761,cyan
cg00688900,cyan
cg16008931,cyan
cg02836531,grey
cg25674826,cyan
cg01395760,cyan
cg14710552,cyan
cg24611823,cyan
cg15117891,blue
cg17512779,cyan
cg02072885,cyan
cg00054971,blue
cg08524197,cyan
cg19150029,grey
cg05073382,grey
cg17059263,cyan
cg10935586,cyan
cg08809223,grey
cg14078157,grey
cg09592244,grey
cg06999381,cyan
cg23699239,cyan
cg17380795,grey
cg00160388,grey
cg18005217,blue
cg19858576,grey
cg11378242,cyan
cg19818298,cyan
cg07135405,grey
cg03257200,cyan
cg03691735,cyan
cg01206923,cyan
cg11011512,grey
cg05886952,cyan
cg25129384,cyan
cg20038794,cyan
cg06840699,cyan
cg09785344,grey
cg23533254,cyan
cg25622155,cyan
cg00154902,grey
cg26670245,cyan
cg17688525,grey
cg26401028,grey
cg09361966,grey
cg14957748,blue
cg03651199,blue
cg24459738,cyan
cg07338836,cyan
cg08515989,grey
cg15643574,cyan
cg23637155,cyan
cg00269553,grey
cg01833234,grey
cg20269997,cyan
cg24722577,grey
cg05783139,grey
cg19990476,blue
cg21126969,blue
cg02169279,blue
cg25431399,cyan
cg08118646,grey
cg22376366,blue
cg21899558,grey
cg05493407,grey
cg27591450,cyan
cg19734811,cyan
cg15082992,grey
cg12132617,blue
cg23546619,cyan
cg14167415,grey
cg13217159,cyan
cg05570946,cyan
cg23472215,grey
cg24933247,cyan
cg15827554,cyan
cg24441068,grey
cg10948883,cyan
cg01253545,cyan
cg03961283,grey
cg09816855,blue
cg24612772,cyan
cg02987705,cyan
cg13520373,cyan
cg01522456,lightgreen
cg01906442,cyan
cg01162053,blue
cg13746315,cyan
cg10127463,cyan
cg10236452,grey
cg20826740,grey
cg04706904,cyan
cg04003871,grey
cg00256231,grey
cg05237932,cyan
cg07016276,grey
cg05419696,cyan
cg08317738,grey
cg05383619,grey
cg09171882,cyan
cg12803068,grey
cg16257254,cyan
cg00419333,cyan
cg14560110,grey
cg26820501,cyan
cg22571038,grey
cg08204280,cyan
cg10261416,grey
cg03701427,cyan
cg06865629,blue
cg15304692,cyan
cg13298070,grey
cg04741932,grey
cg00087195,cyan
cg12648201,grey
cg13666253,cyan
cg09064314,blue
cg23769345,blue
cg10178308,cyan
cg10357728,grey
cg24444521,grey
cg12894990,cyan
cg04900999,cyan
cg22510582,cyan
cg24140629,grey
cg14624895,cyan
cg15557168,grey
cg21918548,grey
cg01480180,grey
cg00611301,grey
cg07235071,cyan
cg24308654,cyan
cg00876541,cyan
cg11029501,cyan
cg23297477,cyan
cg04335207,blue
cg22799902,cyan
cg27510182,grey
cg01340310,blue
cg17431280,grey
cg16655383,cyan
cg21059366,cyan
cg18800085,cyan
cg26057380,cyan
cg00770871,cyan
cg23012310,grey
cg06759629,cyan
cg10623600,cyan
cg07876788,grey
cg15708001,cyan
cg06341731,grey
cg00786761,grey
cg16766914,grey
cg21037057,grey
cg00086297,cyan
cg03929569,cyan
cg15379354,grey
cg26252281,grey
cg23281012,cyan
cg23134869,cyan
cg06481168,grey
cg11345693,grey
cg14752227,grey
cg04796146,cyan
cg16400434,cyan
cg26562263,grey
cg02712854,blue
cg00742920,cyan
cg03803858,grey
cg19988204,cyan
cg10890233,cyan
cg03414321,cyan
cg18762016,cyan
cg23889393,grey
cg07789359,blue
cg18598117,grey
cg10861751,cyan
cg12375025,grey
cg11216456,blue
cg23199886,cyan
cg08550724,blue
cg04375284,cyan
cg02400139,blue
cg09135584,cyan
cg02300154,grey
cg07387044,cyan
cg19982658,cyan
cg05338745,cyan
cg19610638,cyan
cg25951501,cyan
cg13976375,grey
cg25582488,grey
cg00616369,cyan
cg14507427,blue
cg05621091,cyan
cg19011844,cyan
cg23108931,grey
cg12601032,cyan
cg14409029,grey
cg04375213,cyan
cg07615067,cyan
cg26097011,grey
cg18146737,grey
cg05658707,blue
cg05526731,grey
cg20553577,blue
cg19025736,cyan
cg16293892,grey
cg03366925,cyan
cg21092413,cyan
cg13334285,cyan
cg15487992,grey
cg12548629,cyan
cg02617655,cyan
cg03372365,cyan
cg22196848,cyan
cg06713675,grey
cg10158843,grey
cg05378942,cyan
cg27572370,grey
cg02637593,blue
cg08616654,cyan
cg05401764,cyan
cg14993123,cyan
cg02257681,cyan
cg23528488,blue
cg15553385,grey
cg07133412,cyan
cg23279355,grey
cg14690343,cyan
cg04977109,grey
cg08479688,cyan
cg07449105,cyan
cg16643261,blue
cg15750303,grey
cg11201654,grey
cg24717854,cyan
cg26347359,blue
cg18150300,cyan
cg25235638,blue
cg05225012,grey
cg24664526,cyan
cg26770917,cyan
cg05284480,cyan
cg22978658,cyan
cg13590055,grey
cg12121643,grey
cg24508426,grey
cg13722634,cyan
cg21661138,cyan
cg10944144,cyan
cg20969372,cyan
cg13811417,grey
cg09227138,grey
cg08569242,cyan
cg01663953,grey
cg27425719,cyan
cg09863786,cyan
cg07138768,grey
cg15118824,cyan
cg13705674,orange
cg09193193,blue
cg07807575,cyan
cg09180702,grey
cg18356634,grey
cg20295248,grey
cg03026373,cyan
cg07599136,grey
cg23432306,cyan
cg23942268,grey
cg15509235,cyan
cg19078576,grey
cg25439807,grey
cg19509514,cyan
cg17925022,cyan
cg16926284,cyan
cg09428340,grey
cg02195995,blue
cg19182353,cyan
cg05596911,blue
cg09417038,grey
cg04939919,cyan
cg26172907,cyan
cg25283577,cyan
cg03705042,cyan
cg09580153,grey
cg15783935,cyan
cg21296613,cyan
cg00215587,grey
cg12390081,blue
cg26635824,cyan
cg26181490,grey
cg19301206,cyan
cg14352442,cyan
cg24124703,cyan
cg02644052,cyan
cg14195684,cyan
cg02734259,grey
cg05467012,grey
cg21660531,grey
cg03299782,blue
cg05525499,cyan
cg18044385,cyan
cg10208301,grey
cg13115617,cyan
cg09236780,blue
cg25379161,cyan
cg20099416,cyan
cg16178289,grey
cg26444623,cyan
cg12955789,grey
cg07437286,cyan
cg01665212,cyan
cg24585418,grey
cg02772935,grey
cg19464320,cyan
cg13958749,cyan
cg11376198,grey
cg24828620,grey
cg10552282,blue
cg19430489,cyan
cg02037518,cyan
cg18952796,grey
cg21906335,cyan
cg24127310,grey
cg05321960,cyan
cg10832304,grey
cg03429968,grey
cg17414580,cyan
cg18369686,blue
cg22898362,grey
cg05482066,cyan
cg12929567,cyan
cg14309500,grey
cg16047970,cyan
cg11750080,cyan
cg27137978,cyan
cg21813473,cyan
cg01485838,cyan
cg20909380,grey
cg19312935,grey
cg09671060,cyan
cg10857441,grey
cg19378602,cyan
cg01114163,grey
cg20821980,grey
cg24000099,cyan
cg05032135,cyan
cg19089201,grey
cg18761058,cyan
cg04021544,grey
cg24636336,grey
cg20289913,grey
cg04534276,cyan
cg20552696,cyan
cg12758451,cyan
cg26365299,cyan
cg26922917,grey
cg15013768,cyan
cg06942027,cyan
cg03957420,grey
cg26856965,cyan
cg16303686,cyan
cg09156097,grey
cg04861263,cyan
cg03998338,grey
cg14155482,cyan
cg20956634,cyan
cg15160843,cyan
cg26758338,blue
cg11057457,cyan
cg08074201,cyan
cg09732150,cyan
cg02673002,grey
cg13665998,grey
cg11658970,blue
cg05002314,blue
cg09791621,grey
cg13860785,blue
cg14992035,blue
cg04871330,cyan
cg26666968,blue
cg11076275,blue
cg12600418,cyan
cg04154027,grey
cg15451585,darkorange
cg05502662,cyan
cg14026747,blue
cg13530938,grey
cg20959907,grey
cg11696475,cyan
cg16100845,blue
cg24394819,blue
cg26741686,grey
cg19981263,cyan
cg02728595,cyan
cg11821269,cyan
cg14781635,blue
cg05105529,grey
cg18862597,grey
cg14608422,cyan
cg18207099,blue
cg18447772,cyan
cg05217468,grey
cg26408565,grey
cg05529236,grey
cg02891332,cyan
cg07484894,cyan
cg00267054,cyan
cg13196826,grey
cg25867726,cyan
cg14224441,blue
cg06381587,cyan
cg10799055,grey
cg07430988,cyan
cg19461383,grey
cg10208897,grey
cg01055610,cyan
cg26550851,blue
cg19831031,cyan
cg05124021,grey
cg04825215,grey
cg12235988,cyan
cg27322699,lightgreen
cg11928000,cyan
cg11956825,cyan
cg00553120,cyan
cg12233208,cyan
cg16488304,cyan
cg26161170,cyan
cg05076167,cyan
cg02532518,grey
cg24890023,grey
cg19447671,grey
cg20272280,cyan
cg20973347,cyan
cg16850897,grey
cg02370373,lightgreen
cg22028544,brown
cg20946056,cyan
cg26600753,grey
cg09363841,blue
cg08781755,grey
cg03975104,cyan
cg01168283,cyan
cg13468174,grey
cg09399716,grey
cg12648931,grey
cg16448620,cyan
cg12485685,blue
cg10214058,cyan
cg20568147,blue
cg13904806,grey
cg25487775,grey
cg12339802,grey
cg02964356,blue
cg26287612,cyan
cg00369241,grey
cg23226358,cyan
cg13557804,blue
cg08268266,cyan
cg18699744,grey
cg23614428,blue
cg23268914,cyan
cg08252887,cyan
cg13026587,cyan
cg24410256,cyan
cg24693447,cyan
cg04307710,blue
cg01819863,cyan
cg07113870,blue
cg16484943,cyan
cg20128772,blue
cg23705119,cyan
cg03544320,grey
cg24909753,blue
cg02537221,cyan
cg01816997,cyan
cg22189786,grey
cg19778737,cyan
cg15501359,cyan
cg12342675,grey
cg03214277,cyan
cg23333723,blue
cg26082690,cyan
cg18803045,grey
cg26707398,grey
cg06572093,grey
cg01970638,cyan
cg21915509,cyan
cg13132497,grey
cg20475000,cyan
cg23517607,cyan
cg21972156,cyan
cg02036832,cyan
cg22052758,cyan
cg13019149,cyan
cg07765659,grey
cg27154418,grey
cg03176411,cyan
cg16916165,blue
cg07688416,cyan
cg13668544,cyan
cg11621586,cyan
cg23089673,cyan
cg04863573,cyan
cg01411142,grey
cg08974450,grey
cg19474029,cyan
cg25796445,cyan
cg25215594,blue
cg04307927,grey
cg19446018,cyan
cg00292857,cyan
cg27036341,blue
cg08277382,cyan
cg19196401,grey
cg02140159,blue
cg07844021,cyan
cg27298420,blue
cg05173737,grey
cg14852134,cyan
cg07388801,cyan
cg04985582,grey
cg00746864,cyan
cg06679296,grey
cg12858909,cyan
cg10017293,cyan
cg22237300,grey
cg14580848,cyan
cg19968421,cyan
cg15690092,cyan
cg25390787,grey
cg14893889,grey
cg04717802,grey
cg04996158,cyan
cg19249678,cyan
cg21822573,cyan
cg03128011,grey
cg24573310,cyan
cg01645676,blue
cg16395953,cyan
cg09255666,cyan
cg13448197,grey
cg20625393,cyan
cg08083251,grey
cg08141395,cyan
cg05664664,cyan
cg10472067,cyan
cg14953804,blue
cg23484655,grey
cg16793043,cyan
cg11447699,cyan
cg12323980,cyan
cg16605590,cyan
cg19540291,blue
cg21483125,cyan
cg23210013,cyan
cg22092811,grey
cg17250082,grey
cg20603181,cyan
cg09800012,cyan
cg23003881,cyan
cg24745548,cyan
cg19452316,cyan
cg19362328,cyan
cg07125991,cyan
cg14955300,cyan
cg27663389,grey
cg06872500,cyan
cg12319143,grey
cg20801464,cyan
cg12209861,blue
cg12891197,cyan
cg12679965,cyan
cg21581287,cyan
cg01517571,grey
cg24079969,cyan
cg16502865,cyan
cg11985321,blue
cg17023776,cyan
cg18469224,blue
cg12192884,blue
cg19787366,cyan
cg20206319,blue
cg25191041,cyan
cg21085022,blue
cg20205877,cyan
cg16164276,cyan
cg08720517,grey
cg26342671,cyan
cg07129212,cyan
cg24833027,grey
cg22817198,grey
cg20846728,grey
cg19106932,grey
cg04899715,grey
cg04143294,cyan
cg20032495,cyan
cg08385995,blue
cg26399396,cyan
cg18026227,cyan
cg15944457,cyan
cg18147485,grey
cg03345454,grey
cg03735496,grey
cg24994173,cyan
cg26749518,grey
cg04059647,blue
cg05267394,grey
cg26220725,grey
cg05125558,cyan
cg02155927,cyan
cg27190206,grey
cg05986044,cyan
cg12255352,blue
cg00238692,blue
cg07159131,blue
cg04028315,grey
cg24850932,cyan
cg02399570,grey
cg20360395,grey
cg25736982,grey
cg14504418,cyan
cg11440486,grey
cg10808198,blue
cg01292486,cyan
cg26429095,cyan
cg26218983,cyan
cg16387046,grey
cg14845962,grey
cg03687532,grey
cg03511311,grey
cg11757033,cyan
cg24600221,blue
cg17648103,cyan
cg10912581,cyan
cg04473020,cyan
cg08578305,cyan
cg19683494,grey
cg26665082,cyan
cg04737131,cyan
cg12314510,cyan
cg03680873,grey
cg08219700,grey
cg11924572,cyan
cg02633599,cyan
cg16127514,grey
cg20269046,cyan
cg23523755,cyan
cg27535677,grey
cg14583365,blue
cg00684529,cyan
cg00559439,cyan
cg04997273,cyan
cg10651319,cyan
cg16139664,cyan
cg26546862,blue
cg03357803,blue
cg24953233,cyan
cg25131247,cyan
cg04210779,blue
cg19070398,grey
cg04287574,grey
cg11798658,cyan
cg17929492,cyan
cg22733073,cyan
cg25148771,cyan
cg23073439,cyan
cg22344793,grey
cg04263685,cyan
cg19963544,blue
cg10164300,cyan
cg04360458,cyan
cg05993306,lightgreen
cg26678649,cyan
cg15996282,grey
cg21001184,cyan
cg23914842,grey
cg02728748,brown
cg12616926,cyan
cg19611193,cyan
cg20051444,cyan
cg23403256,grey
cg05825244,grey
cg01373687,blue
cg25632672,cyan
cg12870705,grey
cg22238209,grey
cg25806100,cyan
cg08045906,blue
cg15933195,cyan
cg04499901,cyan
cg24541871,cyan
cg02779467,cyan
cg27411298,cyan
cg12351126,grey
cg27004170,cyan
cg00101118,cyan
cg01341891,cyan
cg24428877,grey
cg16512163,grey
cg09523171,cyan
cg15928377,cyan
cg15129307,cyan
cg09580214,grey
cg06972019,grey
cg22535103,grey
cg07186094,cyan
cg01013630,cyan
cg18936022,cyan
cg24455359,cyan
cg12575325,cyan
cg17225129,cyan
cg10599456,cyan
cg08186584,blue
cg10624054,grey
cg17504765,blue
cg23542134,cyan
cg08624648,cyan
cg15649774,cyan
cg02212310,cyan
cg04410073,cyan
cg26516362,grey
cg13756768,cyan
cg18880897,cyan
cg18147584,blue
cg09629019,cyan
cg20516472,cyan
cg01143569,cyan
cg10086030,cyan
cg12186219,grey
cg04855216,cyan
cg01422262,cyan
cg14138116,cyan
cg25713309,cyan
cg11873667,cyan
cg27398637,blue
cg02256410,cyan
cg07979357,grey
cg21821990,cyan
cg18214799,cyan
cg14165633,blue
cg11508669,grey
cg19593314,cyan
cg15393004,cyan
cg26153578,cyan
cg26752884,cyan
cg02175309,blue
cg25794830,blue
cg02772682,cyan
cg08330972,grey
cg21599089,cyan
cg24345060,cyan
cg03569616,cyan
cg08525147,blue
cg05281831,cyan
cg00632778,cyan
cg06948985,cyan
cg27083329,grey
cg07162097,blue
cg18028999,grey
cg14743593,cyan
cg15602841,grey
cg07287188,cyan
cg12193927,cyan
cg15906799,cyan
cg17052552,blue
cg09886360,cyan
cg16875108,blue
cg11734019,cyan
cg20686432,cyan
cg11978873,grey
cg00311883,cyan
cg21520933,cyan
cg14625731,grey
cg09247657,blue
cg13331354,cyan
cg19429286,cyan
cg17200161,cyan
cg12006118,grey
cg20973720,grey
cg21746997,grey
cg16274205,grey
cg08133631,grey
cg23022783,blue
cg03530437,blue
cg24641125,cyan
cg13532571,cyan
cg15212418,grey
cg20825892,cyan
cg10855528,cyan
cg27260738,cyan
cg04919811,blue
cg23081670,cyan
cg11189052,grey
cg26393261,blue
cg21051519,grey
cg02286847,cyan
cg18658556,grey
cg12668710,cyan
cg26862690,cyan
cg02121891,cyan
cg12222699,cyan
cg11991866,cyan
cg17467752,cyan
cg12286861,blue
cg03987199,grey
cg21848700,cyan
cg26289871,cyan
cg00069314,cyan
cg25607920,grey
cg23043438,white
cg03031660,grey
cg22560837,cyan
cg09547081,cyan
cg25475056,cyan
cg20634726,blue
cg22918572,cyan
cg08653874,cyan
cg14914809,blue
cg04890036,blue
cg19103175,grey
cg04467278,cyan
cg25353026,cyan
cg26180612,cyan
cg12794421,cyan
cg21994712,grey
cg11552829,blue
cg16016616,cyan
cg17627829,blue
cg18474443,grey
cg00350885,cyan
cg03326215,grey
cg19788015,cyan
cg25029264,grey
cg26530701,cyan
cg01879488,brown
cg00461901,brown
cg03234437,cyan
cg24294529,cyan
cg03178820,cyan
cg01981960,grey
cg22510032,cyan
cg24373308,cyan
cg13792596,blue
cg15364618,grey
cg10987792,cyan
cg17838182,blue
cg07305938,cyan
cg23316818,cyan
cg06583518,cyan
cg14592406,cyan
cg06087619,cyan
cg09785847,cyan
cg27607319,cyan
cg11860760,blue
cg25142702,cyan
cg18630040,grey
cg13007763,blue
cg07876903,cyan
cg20644253,grey
cg06805546,cyan
cg06840659,cyan
cg26039058,cyan
cg27093000,cyan
cg22971216,cyan
cg07063911,blue
cg18774755,cyan
cg13746854,grey
cg05693308,blue
cg19247124,grey
cg11390645,cyan
cg13465838,cyan
cg13322601,blue
cg13550107,cyan
cg18085206,cyan
cg17190403,cyan
cg27417922,cyan
cg24049348,grey
cg05422369,cyan
cg00908822,blue
cg11871345,cyan
cg19060371,cyan
cg27301328,cyan
cg12678451,cyan
cg00288155,cyan
cg09081385,cyan
cg06760423,blue
cg23834363,blue
cg04509607,cyan
cg16599266,cyan
cg05625889,brown
cg14470647,grey
cg03778669,cyan
cg00620629,cyan
cg24924563,cyan
cg20249469,cyan
cg22913584,cyan
cg20141578,grey
cg02072376,cyan
cg26437123,cyan
cg14326210,cyan
cg22800025,cyan
cg06069179,grey
cg17704177,grey
cg05786725,cyan
cg20607287,grey
cg10122910,cyan
cg04566512,grey
cg16435808,cyan
cg06988897,grey
cg11398452,grey
cg04099454,blue
cg17100201,blue
cg13257436,grey
cg19091366,cyan
cg26554952,cyan
cg00443673,cyan
cg17879320,cyan
cg01445689,blue
cg25436886,grey
cg02018764,grey
cg15203566,grey
cg26039829,grey
cg18448581,grey
cg23305440,blue
cg17544762,blue
cg05303408,cyan
cg22277672,cyan
cg14288209,cyan
cg01408127,cyan
cg00551617,grey
cg10535919,cyan
cg14126863,cyan
cg19623624,grey
cg07998290,cyan
cg24431515,grey
cg05903872,blue
cg21418104,blue
cg17221813,grey
cg22527415,cyan
cg20296188,grey
cg11955456,cyan
cg02558537,cyan
cg02162144,grey
cg04507495,cyan
cg15703070,cyan
cg12440927,grey
cg00809820,grey
cg24937727,grey
cg08888203,grey
cg24527560,grey
cg02845274,grey
cg22798984,cyan
cg04252152,blue
cg13716787,cyan
cg04931582,cyan
cg01555270,cyan
cg17216414,cyan
cg12792264,grey
cg25277723,cyan
cg18902440,grey
cg27150010,grey
cg27665377,cyan
cg23502966,grey
cg02324737,cyan
cg06437840,grey
cg10327440,grey
cg10530613,blue
cg21846177,grey
cg24599107,grey
cg09667775,grey
cg12765123,grey
cg20848291,grey
cg27575106,cyan
cg12500731,grey
cg05146416,cyan
cg27284194,grey
cg12849795,grey
cg18976044,grey
cg02792140,brown
cg00146756,grey
cg21567971,grey
cg23606751,cyan
cg06252382,cyan
cg13518792,cyan
cg23249667,cyan
cg00499859,cyan
cg23181861,cyan
cg01580340,grey
cg06476337,cyan
cg19484848,orange
cg00462311,cyan
cg15607103,cyan
cg06564284,cyan
cg25838465,grey
cg23581656,cyan
cg02392688,cyan
cg07307241,cyan
cg13735469,grey
cg18849920,cyan
cg08629417,cyan
cg16168624,cyan
cg14906510,grey
cg15881990,cyan
cg02705895,cyan
cg15470836,cyan
cg11643773,grey
cg24662107,cyan
cg03219922,grey
cg13332474,cyan
cg05966045,cyan
cg06789517,grey
cg07524919,grey
cg12526997,grey
cg03595792,cyan
cg16879452,blue
cg10130662,blue
cg12302189,blue
cg27134147,cyan
cg00940812,cyan
cg07481320,cyan
cg19769967,cyan
cg03256090,grey
cg27100990,grey
cg17736116,blue
cg22530927,blue
cg03448241,blue
cg10907941,cyan
cg02771260,grey
cg11278262,cyan
cg02901790,blue
cg00767948,blue
cg26504421,grey
cg17038216,blue
cg27415032,cyan
cg01106040,cyan
cg09715682,cyan
cg00817464,grey
cg01283332,grey
cg06100899,cyan
cg26481355,cyan
cg11519760,grey
cg09463917,grey
cg11161011,blue
cg08267591,blue
cg21546874,cyan
cg22518046,cyan
cg12762432,cyan
cg27400772,cyan
cg00251875,blue
cg03054684,grey
cg15694180,grey
cg08742780,cyan
cg27662220,cyan
cg22493117,cyan
cg22646311,cyan
cg15926342,cyan
cg02848777,cyan
cg24511782,cyan
cg02128139,cyan
cg27610579,cyan
cg04258219,grey
cg22865501,blue
cg15970035,cyan
cg20703240,cyan
cg13029706,cyan
cg13524748,blue
cg07742374,cyan
cg02930242,cyan
cg14654822,grey
cg23092358,cyan
cg10958487,cyan
cg11056945,cyan
cg14583973,grey
cg15534084,cyan
cg27471464,cyan
cg14155825,grey
cg00335715,grey
cg23926367,blue
cg24310336,grey
cg23478225,blue
cg26552784,cyan
cg03191045,cyan
cg24250549,cyan
cg11492536,blue
cg14789911,grey
cg25591794,grey
cg17398233,cyan
cg27366305,grey
cg26445772,cyan
cg21349645,cyan
cg19092981,grey
cg26357538,cyan
cg15641364,grey
cg14848772,cyan
cg18748888,blue
cg13141192,cyan
cg18464896,cyan
cg17316564,grey
cg08969549,grey
cg00827008,blue
cg06796435,grey
cg21685655,blue
cg15711016,cyan
cg14312538,grey
cg21553524,cyan
cg21334191,blue
cg16667508,grey
cg15027433,blue
cg27641830,cyan
cg13209085,cyan
cg24826892,cyan
cg16406658,cyan
cg07285237,grey
cg27638597,cyan
cg00650762,cyan
cg12481734,grey
cg02313495,grey
cg22155038,blue
cg21816336,cyan
cg12196389,grey
cg19442545,grey
cg16804899,cyan
cg25525163,grey
cg26801047,cyan
cg03486986,grey
cg01388144,cyan
cg11862959,cyan
cg07927426,cyan
cg19988028,cyan
cg11004401,cyan
cg14730097,blue
cg18932726,grey
cg03658716,cyan
cg12206093,cyan
cg06662140,grey
cg23215109,darkorange
cg06131755,grey
cg24577193,cyan
cg22851092,blue
cg24802244,cyan
cg00999904,grey
cg01175433,blue
cg02083989,cyan
cg25993851,cyan
cg13455597,grey
cg13288599,blue
cg21176488,grey
cg18965377,cyan
cg14527262,blue
cg10612867,cyan
cg08172536,cyan
cg01437515,grey
cg14294708,grey
cg17122213,grey
cg06574335,cyan
cg17573068,cyan
cg17693534,blue
cg23407507,cyan
cg22825116,grey
cg20111703,cyan
cg13359054,cyan
cg19782173,cyan
cg14733161,cyan
cg02167713,grey
cg25677261,grey
cg24676486,cyan
cg21728101,grey
cg16004911,cyan
cg02538825,orange
cg06866005,cyan
cg07240554,cyan
cg19609284,cyan
cg12073754,cyan
cg15829088,grey
cg20123915,cyan
cg07917502,cyan
cg16773067,grey
cg14954143,cyan
cg20601620,brown
cg13497506,cyan
cg18395988,cyan
cg06391894,cyan
cg14413050,grey
cg00329748,cyan
cg21486411,lightgreen
cg18634211,grey
cg06068627,cyan
cg18245890,cyan
cg18782736,cyan
cg20048870,cyan
cg09709656,blue
cg18200038,blue
cg14350958,blue
cg23387569,grey
cg09423703,grey
cg21080253,cyan
cg03025986,blue
cg25232397,blue
cg05224126,blue
cg17125623,cyan
cg15616898,cyan
cg12637869,cyan
cg01422370,grey
cg25363559,grey
cg27507687,grey
cg17364114,grey
cg27177195,blue
cg03021120,cyan
cg01070694,cyan
cg22005832,cyan
cg09680719,blue
cg12565250,grey
cg15375239,cyan
cg10020892,cyan
cg12824246,cyan
cg18760916,cyan
cg01843524,cyan
cg25568981,grey
cg08684580,grey
cg20813491,cyan
cg01176271,grey
cg08207377,grey
cg21700663,grey
cg01559663,grey
cg09224134,cyan
cg02185053,cyan
cg00116554,cyan
cg18988412,blue
cg07346310,cyan
cg18522266,cyan
cg10381957,cyan
cg26918792,cyan
cg13676983,cyan
cg09588770,cyan
cg10844118,cyan
cg00779602,blue
cg14664575,grey
cg15469871,grey
cg03366858,grey
cg12356249,blue
cg10915739,grey
cg15074709,grey
cg02959285,cyan
cg10612681,cyan
cg06797068,grey
cg23513784,cyan
cg14572485,cyan
cg24703390,cyan
cg00940891,cyan
cg01947949,cyan
cg07321776,grey
cg25906220,cyan
cg22403767,blue
cg14143331,blue
cg01412936,cyan
cg04819497,grey
cg13222022,blue
cg20039944,grey
cg20648229,blue
cg22949274,blue
cg14785464,grey
cg17269137,cyan
cg18906324,blue
cg12011299,grey
cg11510586,grey
cg22360024,blue
cg18326657,cyan
cg14250206,cyan
cg17096665,cyan
cg12379294,cyan
cg19651757,grey
cg04571742,cyan
cg25311330,cyan
cg01218414,grey
cg04074536,grey
cg14547067,cyan
cg13214190,cyan
cg17345994,blue
cg19383689,cyan
cg06550177,cyan
cg00066499,cyan
cg13565129,grey
cg11940040,grey
cg00245957,blue
cg17166802,cyan
cg07300976,cyan
cg14460953,cyan
cg15744368,blue
cg17099445,blue
cg04079722,cyan
cg18456803,cyan
cg09654669,grey
cg20914370,cyan
cg21365564,grey
cg11557938,cyan
cg13195796,cyan
cg06363887,cyan
cg26863200,cyan
cg12939425,grey
cg11964823,grey
cg25861327,cyan
cg11691393,cyan
cg06516543,blue
cg11963883,brown
cg22813140,cyan
cg11581362,cyan
cg00090648,cyan
cg07776130,grey
cg07966140,cyan
cg15652989,cyan
cg25880573,blue
cg05491587,grey
cg05001532,cyan
cg21199988,cyan
cg18274279,cyan
cg14998926,blue
cg05436064,cyan
cg14353079,grey
cg16293631,cyan
cg03894339,grey
cg14587604,grey
cg11208859,cyan
cg20913732,cyan
cg06998282,cyan
cg23734815,cyan
cg20587188,grey
cg00759707,blue
cg11834844,cyan
cg22588144,grey
cg21540775,cyan
cg12725760,grey
cg18229914,cyan
cg26015683,cyan
cg25051134,blue
cg18064474,cyan
cg04057238,grey
cg19877581,cyan
cg14795047,grey
cg01812337,cyan
cg15742818,blue
cg24024511,cyan
cg03315007,cyan
cg02824295,cyan
cg17276794,blue
cg24684349,cyan
cg17723355,cyan
cg03767932,cyan
cg08439880,grey
cg18339722,blue
cg23590273,grey
cg00597055,cyan
cg20369775,cyan
cg07777203,cyan
cg24555360,blue
cg24003306,cyan
cg11918740,cyan
cg25215885,cyan
cg15215114,cyan
cg23224828,cyan
cg00878630,cyan
cg26210602,cyan
cg18881873,cyan
cg20963592,cyan
cg15134787,grey
cg06889571,grey
cg26513576,grey
cg18346412,grey
cg13730859,grey
cg14634210,cyan
cg19148440,grey
cg16066641,grey
cg26309261,blue
cg06218338,grey
cg05283521,blue
cg05678191,blue
cg01493318,cyan
cg17416644,grey
cg01540024,cyan
cg03807316,grey
cg04654677,cyan
cg05984388,grey
cg01326531,cyan
cg11498652,cyan
cg09596239,cyan
cg17826324,cyan
cg26134751,blue
cg19711258,cyan
cg17888096,cyan
cg23053918,cyan
cg16306148,cyan
cg03954927,blue
cg11982525,cyan
cg02530824,grey
cg20447301,blue
cg11150901,cyan
cg20738996,blue
cg09391128,cyan
cg22214262,cyan
cg01055696,grey
cg22688104,cyan
cg05619116,grey
cg09097345,grey
cg25674883,blue
cg07120314,cyan
cg16453901,blue
cg25977101,cyan
cg08152058,cyan
cg25440958,cyan
cg14032204,cyan
cg23858530,cyan
cg05678571,blue
cg17038645,blue
cg04944784,grey
cg17218435,cyan
cg21434132,grey
cg03537301,cyan
cg12925355,blue
cg17524265,grey
cg18842474,cyan
cg20600756,cyan
cg12020433,grey
cg19734015,cyan
cg24003216,blue
cg26168975,cyan
cg02952686,grey
cg15612392,cyan
cg18303847,blue
cg13084049,cyan
cg16702747,blue
cg17740950,cyan
cg19023046,cyan
cg25077654,cyan
cg19045894,cyan
cg07993547,cyan
cg27362927,cyan
cg11012412,grey
cg04646100,cyan
cg09398845,cyan
cg02802309,cyan
cg24550302,cyan
cg02625745,grey
cg20354552,grey
cg06515732,cyan
cg18555069,cyan
cg09512891,grey
cg11703007,blue
cg03917623,cyan
cg19731286,blue
cg10560079,cyan
cg22539390,blue
cg23314283,cyan
cg26427070,cyan
cg06062945,blue
cg26207102,blue
cg24190308,cyan
cg24786579,cyan
cg17588350,grey
cg26865201,cyan
cg07516978,cyan
cg20225999,grey
cg08003150,cyan
cg15775457,cyan
cg00758217,blue
cg21428647,cyan
cg05570096,cyan
cg04547220,cyan
cg01814731,blue
cg19433769,cyan
cg04071440,violet
cg24721750,blue
cg21790861,cyan
cg10360769,cyan
cg17520080,cyan
cg00890070,blue
cg09763865,cyan
cg25980689,grey
cg14079463,grey
cg12011343,grey
cg13283691,cyan
cg25532409,cyan
cg13292458,cyan
cg04865412,grey
cg14614693,cyan
cg18262958,cyan
cg14239359,blue
cg01897796,cyan
cg10079801,cyan
cg23224396,cyan
cg15670680,blue
cg14701410,cyan
cg04998498,blue
cg10881514,cyan
cg05931423,grey
cg03558399,cyan
cg20079298,grey
cg05481991,cyan
cg17290508,cyan
cg24246705,cyan
cg13558371,grey
cg22857963,grey
cg08531025,blue
cg12207120,darkorange
cg10113760,grey
cg05670461,cyan
cg23835894,brown
cg00367615,grey
cg18794839,grey
cg11930908,cyan
cg21623748,cyan
cg01295646,grey
cg22112443,cyan
cg03866757,cyan
cg02119577,grey
cg07438165,blue
cg19731340,cyan
cg08944430,cyan
cg26294710,cyan
cg20690919,cyan
cg05216211,blue
cg13320211,grey
cg23901444,grey
cg00782697,blue
cg11496226,blue
cg01178451,cyan
cg17666096,cyan
cg19908139,cyan
cg09273054,cyan
cg19702347,blue
cg13179983,cyan
cg10469704,cyan
cg01757534,cyan
cg15870379,blue
cg25147866,cyan
cg06851207,grey
cg22177364,cyan
cg15291304,cyan
cg22747897,cyan
cg22524657,cyan
cg24426391,grey
cg27216998,cyan
cg22901226,cyan
cg03120717,cyan
cg15158376,grey
cg14242928,grey
cg02236651,cyan
cg13370754,blue
cg21884374,blue
cg10469112,blue
cg11910829,cyan
cg18019451,blue
cg00076195,cyan
cg07628233,cyan
cg12988534,grey
cg00402812,cyan
cg09073052,cyan
cg14418756,grey
cg01725199,cyan
cg25636833,grey
cg03142697,grey
cg19183433,cyan
cg14376618,blue
cg17444972,blue
cg04662943,grey
cg23004710,cyan
cg16579555,grey
cg04375578,cyan
cg03124146,grey
cg19760323,darkorange
cg08315050,cyan
cg03124680,orange
cg22279341,cyan
cg21130463,blue
cg17951991,blue
cg04385875,cyan
cg15104702,cyan
cg15108060,blue
cg09932636,cyan
cg06569993,cyan
cg22480783,grey
cg20595745,cyan
cg14417407,cyan
cg02401614,blue
cg19052272,grey
cg16896687,blue
cg25433188,cyan
cg09994553,cyan
cg00773413,cyan
cg14095000,cyan
cg22373079,cyan
cg04243827,grey
cg17234198,cyan
cg24441127,cyan
cg04861014,cyan
cg19753794,cyan
cg23548274,cyan
cg26463908,cyan
cg09893588,cyan
cg03993376,cyan
cg11944110,blue
cg27177954,lightgreen
cg01086895,cyan
cg13904018,cyan
cg04663720,cyan
cg22050897,blue
cg12707135,grey
cg07085590,blue
cg01407460,grey
cg25753473,cyan
cg09762043,grey
cg06627077,cyan
cg10501074,cyan
cg21952685,cyan
cg06140118,grey
cg11838463,cyan
cg24125901,cyan
cg21428081,cyan
cg11822088,blue
cg14434995,blue
cg09050832,grey
cg16257375,blue
cg18386310,cyan
cg15911239,cyan
cg06974755,cyan
cg04108811,cyan
cg05903251,cyan
cg27316798,grey
cg13998728,blue
cg02667667,grey
cg10130694,cyan
cg18325794,cyan
cg05991492,grey
cg17213048,blue
cg11467331,cyan
cg25298319,grey
cg12660026,cyan
cg18240653,blue
cg13423076,cyan
cg01993680,cyan
cg07846220,grey
cg23935593,grey
cg23024810,blue
cg27033198,cyan
cg22892276,blue
cg22989813,blue
cg14350318,blue
cg03860051,cyan
cg01606516,grey
cg05630745,cyan
cg16221651,blue
cg10507402,cyan
cg04884481,cyan
cg21639922,grey
cg26183330,cyan
cg25994470,grey
cg25157280,cyan
cg14807553,blue
cg01299579,grey
cg05696801,cyan
cg00024416,grey
cg23613305,cyan
cg22056094,grey
cg10266196,cyan
cg08522087,grey
cg07387607,cyan
cg23093692,grey
cg10626925,cyan
cg20639658,cyan
cg00220905,cyan
cg08094206,grey
cg25481252,blue
cg15825116,cyan
cg06357843,grey
cg19416604,cyan
cg17250302,cyan
cg00906926,cyan
cg12212829,cyan
cg23973310,grey
cg09580822,cyan
cg04111436,blue
cg17432267,cyan
cg17416271,cyan
cg06238864,cyan
cg02466830,grey
cg23954171,cyan
cg03956646,grey
cg25627144,cyan
cg17329110,blue
cg17655970,grey
cg24475182,grey
cg07799434,cyan
cg11527839,cyan
cg01112923,cyan
cg01926066,cyan
cg20667480,grey
cg18322510,grey
cg14372753,grey
cg03847052,blue
cg27354620,cyan
cg25845597,grey
cg11583751,blue
cg19420482,blue
cg09656239,cyan
cg21381525,blue
cg10886007,blue
cg14088196,cyan
cg22064195,cyan
cg15480336,blue
cg19279080,blue
cg07074390,cyan
cg08873424,grey
cg20089095,cyan
cg17684478,blue
cg13665940,cyan
cg03070236,cyan
cg05050757,cyan
cg04896381,cyan
cg16448960,cyan
cg19268386,cyan
cg22389964,cyan
cg02455571,blue
cg13049961,blue
cg07619683,blue
cg00461735,grey
cg01962727,grey
cg16530595,grey
cg02720683,cyan
cg20651916,cyan
cg23726566,grey
cg20478129,grey
cg19813935,cyan
cg05840931,cyan
cg14818248,grey
cg06416472,cyan
cg25105536,cyan
cg26006558,cyan
cg09836347,blue
cg24786174,grey
cg19537932,blue
cg26657539,blue
cg00012522,grey
cg07441565,cyan
cg09163686,cyan
cg05649108,grey
cg03953257,cyan
cg12020549,cyan
cg04677623,cyan
cg04723601,cyan
cg04589975,cyan
cg03453431,grey
cg26043149,grey
cg26863324,cyan
cg25945090,cyan
cg14531049,blue
cg17577923,cyan
cg01788568,cyan
cg07040834,cyan
cg25900902,grey
cg18697636,grey
cg08804111,grey
cg14898116,cyan
cg23011788,cyan
cg13263472,blue
cg24754223,grey
cg06308025,cyan
cg22387890,cyan
cg08969593,cyan
cg19688749,cyan
cg09024126,brown
cg19937378,blue
cg19446358,blue
cg12600030,cyan
cg22431992,cyan
cg20728685,cyan
cg07196014,cyan
cg24599951,cyan
cg15096327,blue
cg21532953,cyan
cg06099431,white
cg16399312,cyan
cg03165859,cyan
cg04348427,cyan
cg05211947,blue
cg01273330,grey
cg00919118,cyan
cg04213845,blue
cg18489945,cyan
cg00533620,cyan
cg06618322,grey
cg07311521,grey
cg27547703,blue
cg25936980,blue
cg04870498,cyan
cg23320987,blue
cg21516384,grey
cg05012551,cyan
cg27290274,blue
cg18707501,blue
cg14000074,blue
cg06862673,cyan
cg19035254,grey
cg06118626,cyan
cg05483731,grey
cg07571282,blue
cg12274443,cyan
cg10191460,cyan
cg06745695,cyan
cg11014582,blue
cg21160290,grey
cg20486407,blue
cg03116837,grey
cg07413356,cyan
cg07931783,cyan
cg00027037,white
cg24012887,cyan
cg12103149,cyan
cg19634332,cyan
cg13980808,cyan
cg11214047,blue
cg20786706,blue
cg07691531,grey
cg11705470,cyan
cg04480106,grey
cg15093775,cyan
cg16443926,grey
cg08941714,cyan
cg22284043,grey
cg20557710,blue
cg19305111,cyan
cg03242819,grey
cg11776676,cyan
cg09622941,cyan
cg17457986,cyan
cg27599058,cyan
cg08737755,cyan
cg02806645,grey
cg26906998,grey
cg10804090,cyan
cg26735215,cyan
cg03565189,grey
cg03607054,blue
cg24129947,grey
cg03346523,grey
cg17328171,cyan
cg08854313,cyan
cg24330922,cyan
cg00563238,cyan
cg04332613,cyan
cg00155429,cyan
cg19628686,blue
cg07035436,grey
cg16026212,blue
cg05356998,blue
cg01302712,cyan
cg17495087,grey
cg08893117,blue
cg06153298,cyan
cg03221366,blue
cg18144065,cyan
cg17179911,grey
cg27326642,grey
cg03701930,grey
cg03294458,grey
cg22648182,grey
cg00733150,grey
cg12635019,cyan
cg26008267,cyan
cg19235955,grey
cg21293562,cyan
cg07308931,cyan
cg09772954,cyan
cg21696677,blue
cg17347471,cyan
cg26700447,grey
cg13924176,cyan
cg00637745,grey
cg25148282,blue
cg15077769,blue
cg03299479,blue
cg04747226,cyan
cg01382105,blue
cg09817993,cyan
cg04554987,cyan
cg04301102,cyan
cg06073449,cyan
cg18974903,blue
cg19104422,cyan
cg04021745,cyan
cg08474478,grey
cg18807049,orange
cg12283822,cyan
cg13410446,cyan
cg12878710,cyan
cg26228812,blue
cg02057157,cyan
cg24794857,grey
cg21125441,blue
cg16399182,cyan
cg22988458,blue
cg12630974,cyan
cg01094684,cyan
cg11506907,cyan
cg15674596,cyan
cg16373817,grey
cg10833620,cyan
cg19192280,cyan
cg01763702,cyan
cg05780074,cyan
cg20390702,cyan
cg06443583,cyan
cg09715738,cyan
cg17929169,cyan
cg05699136,cyan
cg10607745,cyan
cg25469221,blue
cg05547895,grey
cg08478177,cyan
cg16976047,cyan
cg13644629,cyan
cg05998153,cyan
cg22817650,blue
cg11104418,cyan
cg18760835,cyan
cg14888255,blue
cg21415068,cyan
cg05081694,blue
cg10377414,blue
cg17834425,blue
cg00843105,grey
cg12510981,cyan
cg00596184,grey
cg21755806,blue
cg11640740,blue
cg07015775,cyan
cg14142965,cyan
cg05481257,grey
cg01778981,cyan
cg12052250,grey
cg19245361,cyan
cg04342821,cyan
cg25220063,grey
cg08844894,cyan
cg08366446,cyan
cg20368463,blue
cg25893869,cyan
cg25495024,blue
cg25190465,cyan
cg05716504,cyan
cg23734759,cyan
cg15458585,cyan
cg10440342,blue
cg21539223,cyan
cg26654790,cyan
cg22269486,cyan
cg19183166,grey
cg13436232,cyan
cg00778905,cyan
cg19510792,cyan
cg07050555,cyan
cg12102151,grey
cg09863749,cyan
cg12099727,cyan
cg26198430,cyan
cg07376753,cyan
cg03327386,grey
cg21819722,blue
cg11844660,cyan
cg18932008,blue
cg18686665,grey
cg11310693,grey
cg17952661,cyan
cg21966289,cyan
cg12406825,cyan
cg03850334,cyan
cg12777448,cyan
cg25282780,cyan
cg16271912,cyan
cg07392449,cyan
cg20752420,cyan
cg18880319,cyan
cg17010941,cyan
cg07229027,cyan
cg20876096,blue
cg19098690,blue
cg24166450,cyan
cg01429662,cyan
cg21755257,cyan
cg02717618,cyan
cg00676224,cyan
cg13744663,cyan
cg10426814,blue
cg04223671,cyan
cg17842157,cyan
cg13636373,cyan
cg22913585,blue
cg12475128,cyan
cg19050973,cyan
cg14317230,blue
cg23186422,cyan
cg26289450,cyan
cg17240499,cyan
cg12936639,cyan
cg10503906,cyan
cg14477780,blue
cg25728174,cyan
cg06905132,cyan
cg11733245,cyan
cg02689072,blue
cg19949948,grey
cg16423461,cyan
cg04681219,cyan
cg14768367,cyan
cg16723134,cyan
cg04082016,grey
cg17140034,blue
cg17429870,grey
cg09696653,cyan
cg21380183,cyan
cg11666770,grey
cg11862610,cyan
cg12262427,cyan
cg05595345,grey
cg05098125,blue
cg10879958,blue
cg25370039,grey
cg27355527,cyan
cg25319337,blue
cg01157809,cyan
cg13169479,blue
cg08323199,cyan
cg10552385,cyan
cg22196952,cyan
cg17075937,cyan
cg24234651,grey
cg21620608,cyan
cg24761212,blue
cg22715321,blue
cg04689082,cyan
cg19157243,grey
cg17428043,grey
cg24457521,cyan
cg20185890,grey
cg21327887,cyan
cg09584112,cyan
cg25011749,cyan
cg24792813,cyan
cg14664764,cyan
cg07713120,cyan
cg00837987,grey
cg14029206,cyan
cg13978689,cyan
cg12586596,grey
cg12929486,cyan
cg13676759,blue
cg24319171,grey
cg27161488,cyan
cg10488141,cyan
cg26910511,grey
cg00922376,cyan
cg00866976,cyan
cg25410318,cyan
cg27355050,cyan
cg11067756,cyan
cg21280320,grey
cg20383948,cyan
cg26898352,cyan
cg15131722,cyan
cg06341513,cyan
cg26215849,cyan
cg24093715,blue
cg13092405,grey
cg19147015,blue
cg07303801,cyan
cg21005756,grey
cg16570129,blue
cg20943999,blue
cg02945294,cyan
cg09705457,grey
cg17212000,blue
cg03655662,cyan
cg10906729,grey
cg14701880,blue
cg01864468,cyan
cg16008148,grey
cg04410987,blue
cg23654844,cyan
cg26640895,cyan
cg22425474,cyan
cg18838701,grey
cg19830147,cyan
cg07491444,cyan
cg12503237,blue
cg05802141,cyan
cg14995433,grey
cg12813394,grey
cg19518093,blue
cg10798059,cyan
cg11039789,cyan
cg18053383,blue
cg26708638,cyan
cg09154978,cyan
cg07774478,cyan
cg23412309,cyan
cg17991990,cyan
cg26858423,grey
cg14828484,cyan
cg09316894,cyan
cg08506260,cyan
cg02376887,blue
cg18447419,grey
cg13448814,cyan
cg01554777,blue
cg24637308,grey
cg20973561,blue
cg21800989,blue
cg01261464,cyan
cg25595431,blue
cg05926266,cyan
cg01065977,grey
cg05453358,grey
cg03902642,cyan
cg21856234,cyan
cg15520443,cyan
cg21860629,grey
cg16997989,cyan
cg07704495,grey
cg18625951,cyan
cg26893197,cyan
cg13220357,cyan
cg06007607,cyan
cg26674752,grey
cg18477163,grey
cg10979612,cyan
cg07428804,cyan
cg05509203,cyan
cg02652202,cyan
cg20415170,cyan
cg02351223,cyan
cg19774624,cyan
cg25408707,blue
cg07455790,grey
cg04264658,grey
cg26068141,cyan
cg11946719,grey
cg06652675,cyan
cg12725284,cyan
cg21630368,cyan
cg00146096,cyan
cg06128195,cyan
cg15111469,grey
cg00530298,blue
cg18057128,blue
cg12022049,cyan
cg05083358,cyan
cg02712555,cyan
cg13872812,blue
cg12662931,cyan
cg23363754,grey
cg17349753,cyan
cg24598948,grey
cg24891986,cyan
cg08931102,cyan
cg26621790,grey
cg11821245,grey
cg17756530,cyan
cg17784876,blue
cg25994584,cyan
cg26357453,cyan
cg24867279,grey
cg16279940,cyan
cg09742751,cyan
cg23248324,grey
cg16103098,blue
cg01680839,cyan
cg10107434,cyan
cg00761859,blue
cg14908245,cyan
cg14209987,cyan
cg11672338,blue
cg04263115,cyan
cg16491319,grey
cg10853637,cyan
cg26303603,blue
cg02886208,grey
cg25910506,cyan
cg14992181,cyan
cg12082025,grey
cg21839504,blue
cg22992815,cyan
cg19972068,blue
cg24424146,cyan
cg17936229,blue
cg04108328,blue
cg14595059,cyan
cg12461281,blue
cg03054303,cyan
cg21114407,blue
cg04996251,cyan
cg15043711,cyan
cg05187247,blue
cg02939508,cyan
cg25539435,cyan
cg12993975,cyan
cg27148471,cyan
cg11586600,grey
cg02299195,blue
cg03680680,blue
cg19507068,grey
cg19850149,cyan
cg04576042,grey
cg26014827,cyan
cg02279953,blue
cg14615266,grey
cg10234841,cyan
cg05844852,cyan
cg21023520,grey
cg25063151,grey
cg23730244,cyan
cg01037362,blue
cg14002682,cyan
cg06837552,blue
cg21644669,cyan
cg26038582,grey
cg22796363,grey
cg21216618,cyan
cg20163429,cyan
cg08516262,cyan
cg08290072,cyan
cg23015983,cyan
cg15790820,grey
cg19612504,blue
cg02951568,cyan
cg14434408,cyan
cg16449687,grey
cg24864161,grey
cg24403578,grey
cg23881902,cyan
cg14888846,cyan
cg03059048,cyan
cg07233502,cyan
cg27312359,cyan
cg01423916,cyan
cg24489344,grey
cg04290779,cyan
cg26040729,blue
cg02758706,blue
cg14557288,blue
cg16830966,cyan
cg26511997,cyan
cg13376290,grey
cg19313015,cyan
cg05130022,cyan
cg22819824,blue
cg06809455,cyan
cg25367905,cyan
cg23207835,blue
cg26678575,cyan
cg15066197,grey
cg11491381,grey
cg10910545,cyan
cg13143525,cyan
cg02072446,blue
cg02767296,cyan
cg04223645,cyan
cg09517251,cyan
cg20725261,cyan
cg23730222,blue
cg17039842,cyan
cg09251771,cyan
cg00158683,grey
cg07615347,blue
cg13848035,cyan
cg11256152,grey
cg15110300,cyan
cg04915414,cyan
cg17859187,cyan
cg06768944,grey
cg19132726,grey
cg06259025,grey
cg25040670,cyan
cg10578696,cyan
cg06914774,blue
cg21849932,grey
cg14163408,cyan
cg24233211,grey
cg06735806,cyan
cg26869362,cyan
cg05839875,cyan
cg19115692,blue
cg09244489,grey
cg23523811,blue
cg01151686,cyan
cg11136969,blue
cg24663490,cyan
cg04054907,cyan
cg04875118,cyan
cg27530186,blue
cg10714639,grey
cg18341924,cyan
cg18947032,cyan
cg08668878,blue
cg06383531,cyan
cg09276368,cyan
cg15585670,cyan
cg04443690,grey
cg20415529,cyan
cg14361252,grey
cg10421979,grey
cg18945335,cyan
cg06125576,cyan
cg17485454,cyan
cg18178197,grey
cg18228590,grey
cg08888278,cyan
cg03639396,blue
cg20187250,cyan
cg13885357,grey
cg07600533,grey
cg27369242,blue
cg08357436,grey
cg00927231,cyan
cg20022454,grey
cg14785449,cyan
cg03938320,cyan
cg24633833,cyan
cg26498966,blue
cg19917744,brown
cg25063058,cyan
cg05206690,cyan
cg02952711,cyan
cg02274108,cyan
cg13517138,cyan
cg12932813,cyan
cg02067580,cyan
cg23052386,blue
cg23173466,cyan
cg02996639,cyan
cg08642731,blue
cg25803766,cyan
cg21154964,grey
cg08851591,grey
cg26481045,blue
cg17927777,cyan
cg08626560,orange
cg16746026,blue
cg12033943,grey
cg27528817,blue
cg18280007,cyan
cg05424526,blue
cg06383759,cyan
cg11916478,cyan
cg23522468,cyan
cg26576206,grey
cg19937480,cyan
cg18202336,cyan
cg23570471,cyan
cg22478210,cyan
cg09606941,grey
cg23598886,grey
cg21934564,cyan
cg26720913,cyan
cg07027174,cyan
cg25172604,cyan
cg13665890,cyan
cg00589864,cyan
cg10970751,cyan
cg06821828,grey
cg06058187,cyan
cg24608458,blue
cg07031916,cyan
cg18482098,cyan
cg22821606,grey
cg15254671,grey
cg23299919,grey
cg23543318,cyan
cg22296762,cyan
cg22227138,blue
cg11757894,cyan
cg18811130,grey
cg03983476,grey
cg23374964,cyan
cg17005595,cyan
cg23350296,blue
cg22501760,cyan
cg25937149,cyan
cg18535437,cyan
cg26569395,cyan
cg17490921,grey
cg15974673,grey
cg03758774,grey
cg10915301,cyan
cg08242217,cyan
cg06331271,cyan
cg13173903,cyan
cg10107958,cyan
cg22369252,grey
cg00655071,cyan
cg12234287,cyan
cg23216101,blue
cg06935598,cyan
cg27430369,blue
cg02972356,cyan
cg03363567,cyan
cg02537960,cyan
cg10755973,cyan
cg10421688,cyan
cg21934237,cyan
cg13475699,cyan
cg16164092,cyan
cg01587550,cyan
cg24046271,cyan
cg05845376,grey
cg08895590,grey
cg10365886,grey
cg21773297,cyan
cg05179396,blue
cg26243894,cyan
cg03023068,cyan
cg27301885,cyan
cg05279284,cyan
cg26843074,grey
cg15698995,cyan
cg23714091,cyan
cg08210228,grey
cg11947423,blue
cg04956511,grey
cg12954512,grey
cg17298925,grey
cg00269245,blue
cg15929573,cyan
cg23149492,cyan
cg02120714,cyan
cg16818768,cyan
cg19337852,cyan
cg17407324,blue
cg08048268,grey
cg22381300,cyan
cg26521561,blue
cg17069743,cyan
cg20142271,cyan
cg06559547,cyan
cg03732185,cyan
cg16721977,cyan
cg23118561,grey
cg16005559,grey
cg27429457,cyan
cg24770389,blue
cg23674647,blue
cg25355972,cyan
cg09704584,cyan
cg08083976,cyan
cg07675399,grey
cg22863802,blue
cg03632357,blue
cg03151810,grey
cg13946860,cyan
cg20495404,cyan
cg02150927,blue
cg19493077,cyan
cg01492656,cyan
cg27543214,cyan
cg10851033,cyan
cg19859486,grey
cg16441347,blue
cg20643274,blue
cg05480594,cyan
cg25052374,blue
cg07472764,cyan
cg23549902,grey
cg03208830,cyan
cg01000656,cyan
cg16138161,cyan
cg11196751,cyan
cg14972792,grey
cg19526130,cyan
cg22625420,cyan
cg01423393,grey
cg13264672,grey
cg05794325,cyan
cg16002322,cyan
cg23090372,blue
cg12270520,cyan
cg25126456,cyan
cg00016996,blue
cg16442452,blue
cg20619067,cyan
cg10039163,blue
cg26973266,cyan
cg00237586,blue
cg13920824,cyan
cg24699670,grey
cg27208536,grey
cg06250059,cyan
cg16435561,cyan
cg02126435,grey
cg11806367,grey
cg24107988,cyan
cg08170757,cyan
cg07749055,grey
cg22618350,cyan
cg24663638,grey
cg01190037,cyan
cg20663403,orange
cg05661093,grey
cg07472199,grey
cg09060608,grey
cg03333149,grey
cg03338209,blue
cg07835668,cyan
cg09644986,grey
cg07327417,blue
cg08885381,blue
cg25807487,grey
cg02873954,grey
cg08421685,grey
cg12218126,darkorange
cg19468022,cyan
cg23595396,grey
cg12631735,cyan
cg12522039,cyan
cg20896113,cyan
cg26783057,cyan
cg25859670,blue
cg01957971,blue
cg26082665,cyan
cg26332926,grey
cg12039242,cyan
cg06442836,cyan
cg26479374,grey
cg04628008,cyan
cg08544209,blue
cg13131034,cyan
cg18512313,grey
cg21979724,cyan
cg15463775,cyan
cg25673357,cyan
cg11331988,cyan
cg07281377,blue
cg09285851,grey
cg23401796,blue
cg03582793,blue
cg25031040,cyan
cg03449387,grey
cg23246666,blue
cg14361162,cyan
cg01842890,blue
cg19913448,cyan
cg22034507,blue
cg27494647,grey
cg11613003,grey
cg17329518,cyan
cg10705717,blue
cg18095732,cyan
cg25027028,lightgreen
cg06579790,cyan
cg26037239,cyan
cg14533120,blue
cg02219949,grey
cg20454620,cyan
cg02879661,cyan
cg11166893,cyan
cg01573149,cyan
cg19429281,grey
cg04826071,cyan
cg14664464,cyan
cg01044722,cyan
cg26572989,cyan
cg18825927,cyan
cg15073248,cyan
cg12738763,grey
cg08492886,cyan
cg16663674,cyan
cg00482898,cyan
cg04619437,blue
cg00604356,cyan
cg16706631,grey
cg10554698,blue
cg19990483,blue
cg13521951,cyan
cg11341775,cyan
cg20666379,blue
cg00704012,cyan
cg06245158,grey
cg09234415,blue
cg05890887,cyan
cg20927547,blue
cg07024339,grey
cg22301984,cyan
cg03041027,cyan
cg19684190,blue
cg02404636,cyan
cg14013659,white
cg16045498,blue
cg11717700,cyan
cg26873439,grey
cg16628484,cyan
cg14159971,cyan
cg26665055,brown
cg10751960,grey
cg26507637,grey
cg10183714,cyan
cg15480830,cyan
cg26332258,cyan
cg08122789,cyan
cg20003050,blue
cg24041036,grey
cg21907156,orange
cg00207534,cyan
cg09884389,cyan
cg06063519,blue
cg19158176,cyan
cg27208307,cyan
cg22505075,grey
cg00431894,grey
cg27279460,cyan
cg09178529,cyan
cg22626973,cyan
cg11532431,grey
cg02635786,blue
cg23559680,cyan
cg15548588,cyan
cg14848783,grey
cg27370558,blue
cg06212582,blue
cg19605788,grey
cg05994672,cyan
cg06588556,grey
cg22977254,cyan
cg20718679,grey
cg23681339,grey
cg01769980,blue
cg11821403,grey
cg14215748,cyan
cg17780956,grey
cg10158614,cyan
cg02083376,blue
cg14561217,cyan
cg03124214,blue
cg21220708,cyan
cg15135762,cyan
cg21234162,blue
cg24882324,grey
cg06087298,cyan
cg21395723,cyan
cg24354818,grey
cg21784498,cyan
cg09377823,blue
cg07510163,blue
cg07210466,blue
cg13910983,cyan
cg03592940,cyan
cg14227731,grey
cg12173535,grey
cg14843632,grey
cg12084011,cyan
cg16915863,grey
cg03061122,cyan
cg08637514,cyan
cg00594128,cyan
cg15236460,cyan
cg05484508,blue
cg04809453,grey
cg01033356,grey
cg03498228,blue
cg11839415,grey
cg02568806,blue
cg17152850,blue
cg24041721,cyan
cg10211454,blue
cg06460869,cyan
cg26485563,cyan
cg16999099,grey
cg20850195,grey
cg06907229,blue
cg12938565,cyan
cg21211367,grey
cg17895310,grey
cg18015985,cyan
cg04193422,cyan
cg22695986,grey
cg19358805,blue
cg08507009,cyan
cg22652561,cyan
cg06205817,cyan
cg20428512,cyan
cg02923571,cyan
cg20615379,cyan
cg10570941,cyan
cg10434361,blue
cg01974656,blue
cg19084281,blue
cg24420205,cyan
cg18443437,grey
cg23833352,blue
cg16430955,blue
cg15448220,grey
cg26207201,cyan
cg22960449,blue
cg20141910,cyan
cg12592974,cyan
cg18173726,blue
cg09695735,cyan
cg21893185,grey
cg09039647,cyan
cg10069353,cyan
cg04832268,blue
cg19739264,cyan
cg27277183,blue
cg02335554,cyan
cg01179140,cyan
cg19463349,grey
cg23929674,grey
cg21435684,cyan
cg21127268,cyan
cg06635392,cyan
cg04509559,cyan
cg11314310,blue
cg10113231,cyan
cg05393741,blue
cg04387418,cyan
cg15545871,cyan
cg16322792,grey
cg03500965,cyan
cg12390895,cyan
cg11141497,cyan
cg02357389,cyan
cg10374976,cyan
cg19432505,blue
cg00426921,cyan
cg26102760,cyan
cg03966514,cyan
cg00776558,cyan
cg15676203,cyan
cg04206699,blue
cg17339505,cyan
cg10724774,blue
cg23905935,cyan
cg22442454,grey
cg17228231,cyan
cg16287042,grey
cg16253809,cyan
cg14938514,cyan
cg26187194,grey
cg19075839,cyan
cg04359351,blue
cg25432738,grey
cg03153062,cyan
cg15712577,blue
cg08224763,cyan
cg27353899,grey
cg06740227,orange
cg20691120,cyan
cg05730301,cyan
cg01915642,blue
cg00229039,cyan
cg27275634,grey
cg15234627,grey
cg11988964,cyan
cg09163117,cyan
cg21450784,grey
cg08839312,cyan
cg17892539,cyan
cg10107671,grey
cg11829033,cyan
cg09994323,cyan
cg11015012,cyan
cg14087768,blue
cg15744108,blue
cg01754525,grey
cg09524080,cyan
cg10236745,blue
cg26571142,cyan
cg26915779,blue
cg00414890,grey
cg23847415,cyan
cg08872494,cyan
cg02190746,cyan
cg06570025,cyan
cg06849719,cyan
cg22715398,blue
cg18760876,blue
cg04256316,cyan
cg15038512,cyan
cg14982203,cyan
cg15246131,grey
cg06671561,cyan
cg00261781,cyan
cg05785488,grey
cg18675617,cyan
cg22753668,blue
cg17394176,cyan
cg01275887,blue
cg24176037,cyan
cg06641548,lightgreen
cg05719877,grey
cg03646291,blue
cg23167307,cyan
cg04109898,cyan
cg22332266,grey
cg11781847,grey
cg07786258,blue
cg19773376,blue
cg23369017,cyan
cg09968630,cyan
cg24973150,cyan
cg05819860,grey
cg12278631,blue
cg18861300,cyan
cg20725662,blue
cg25155006,cyan
cg24667575,grey
cg10929761,cyan
cg07755760,blue
cg27178293,cyan
cg03030717,cyan
cg19414071,cyan
cg07197526,blue
cg16485682,grey
cg08684761,grey
cg11829380,brown
cg17594860,grey
cg04074793,cyan
cg14127398,cyan
cg07746943,grey
cg01018360,blue
cg03686964,grey
cg12606911,grey
cg20214692,cyan
cg19488431,grey
cg05597554,cyan
cg27496299,blue
cg09102835,cyan
cg22877623,cyan
cg23942311,grey
cg12698349,cyan
cg20361475,cyan
cg01835037,cyan
cg06221218,cyan
cg17681698,blue
cg05238741,grey
cg02048807,cyan
cg12212336,cyan
cg19477551,cyan
cg24738140,blue
cg08070028,cyan
cg07871384,cyan
cg20378199,cyan
cg22942971,cyan
cg07668908,cyan
cg08791131,cyan
cg15196197,grey
cg02455615,grey
cg11379392,cyan
cg09839635,grey
cg25857090,cyan
cg19592336,grey
cg12888358,cyan
cg05999287,cyan
cg07107824,cyan
cg11661235,blue
cg12377026,blue
cg13184723,cyan
cg08993878,grey
cg08739841,cyan
cg11575912,brown
cg16987804,cyan
cg03293206,grey
cg13126279,grey
cg08313638,cyan
cg18435880,grey
cg13436085,grey
cg12722217,grey
cg17901955,cyan
cg07376381,cyan
cg14034858,grey
cg27049129,blue
cg21491163,blue
cg08550615,cyan
cg00448482,cyan
cg08848774,cyan
cg14530983,cyan
cg18865685,grey
cg01566282,cyan
cg04220541,grey
cg00322319,cyan
cg09528660,blue
cg01367424,cyan
cg08500017,cyan
cg12787036,blue
cg14552663,cyan
cg08423350,brown
cg20448966,grey
cg22142122,cyan
cg16196758,cyan
cg18462916,blue
cg23219808,cyan
cg05852568,grey
cg17162132,cyan
cg01246520,grey
cg19401529,cyan
cg16993249,cyan
cg24463073,cyan
cg25698777,grey
cg14804593,grey
cg19940969,cyan
cg10990040,blue
cg27127705,cyan
cg17754473,grey
cg10899547,grey
cg17112089,cyan
cg23489390,blue
cg27089146,blue
cg00750399,blue
cg10612452,grey
cg15922174,grey
cg14373189,cyan
cg06796806,cyan
cg22074858,cyan
cg16530177,grey
cg00558990,cyan
cg02704946,blue
cg19549314,blue
cg23882862,cyan
cg06817669,blue
cg02513556,grey
cg00667976,cyan
cg00116058,cyan
cg07167168,cyan
cg05615019,cyan
cg01554235,cyan
cg04996689,cyan
cg19813724,blue
cg26287152,grey
cg11298989,cyan
cg01561368,cyan
cg13348059,lightgreen
cg02992881,cyan
cg10100747,cyan
cg05047465,brown
cg05065989,cyan
cg04248279,grey
cg08885659,cyan
cg02573091,grey
cg15052665,grey
cg07504288,cyan
cg03102879,cyan
cg18946787,grey
cg08387538,blue
cg15720343,cyan
cg19259013,grey
cg22106721,cyan
cg01558660,cyan
cg01500633,cyan
cg10451425,grey
cg08208505,cyan
cg06851253,grey
cg03059131,cyan
cg22605179,grey
cg00815399,grey
cg09274402,cyan
cg19296258,blue
cg11615303,cyan
cg14359435,cyan
cg04598251,cyan
cg04428071,blue
cg25120325,grey
cg27336068,grey
cg11041457,cyan
cg07775309,grey
cg26284390,cyan
cg08650016,cyan
cg08517826,cyan
cg00450312,cyan
cg04928513,cyan
cg19916740,grey
cg14793137,grey
cg21826815,cyan
cg13810660,cyan
cg01687301,cyan
cg19533977,cyan
cg19530217,cyan
cg17397028,cyan
cg02126753,cyan
cg19157140,cyan
cg26272058,cyan
cg02993280,cyan
cg04737207,cyan
cg22870172,cyan
cg05795157,cyan
cg01881255,cyan
cg17155907,cyan
cg16605745,cyan
cg22952834,cyan
cg12967164,grey
cg03251655,grey
cg12854762,blue
cg14460708,grey
cg21806242,grey
cg15146556,grey
cg00354549,grey
cg19171375,blue
cg24022821,grey
cg10332116,grey
cg06008419,grey
cg15755662,cyan
cg18684142,grey
cg00965052,cyan
cg12271223,cyan
cg02396009,cyan
cg15030294,cyan
cg09482748,cyan
cg08860070,cyan
cg01932125,blue
cg26275825,blue
cg15298323,grey
cg06576532,grey
cg19622488,cyan
cg19340941,grey
cg04432377,cyan
cg03309180,cyan
cg01089095,grey
cg00087005,cyan
cg13303475,grey
cg13481969,grey
cg02801598,white
cg11948367,cyan
cg17130504,cyan
cg26415571,cyan
cg09502221,grey
cg23639308,grey
cg24507739,cyan
cg13617192,grey
cg05758861,grey
cg10513253,cyan
cg01178486,cyan
cg16840616,blue
cg03630847,cyan
cg12066398,cyan
cg27113419,grey
cg02490942,blue
cg05407396,cyan
cg24429831,grey
cg15333689,cyan
cg07678644,cyan
cg15605918,cyan
cg15579148,cyan
cg16561657,grey
cg11452329,blue
cg03067660,cyan
cg09124703,cyan
cg15481858,blue
cg04403629,cyan
cg09968817,cyan
cg23400413,blue
cg04533380,cyan
cg06753883,cyan
cg26072327,cyan
cg19853494,cyan
cg01033463,grey
cg21474955,cyan
cg18891090,blue
cg13388615,grey
cg24035447,grey
cg13703721,grey
cg05785394,grey
cg03641439,cyan
cg13594244,cyan
cg08773462,cyan
cg26361807,cyan
cg25804718,cyan
cg14768946,cyan
cg11613015,cyan
cg08367326,grey
cg25126854,blue
cg19578388,cyan
cg01129128,blue
cg21672889,cyan
cg04737885,blue
cg25355065,cyan
cg01878788,cyan
cg09149974,grey
cg09818520,cyan
cg09320337,blue
cg09837748,cyan
cg13698398,blue
cg13607511,cyan
cg12055610,blue
cg07444152,blue
cg17916960,grey
cg05622261,cyan
cg14500486,grey
cg17792564,cyan
cg20639618,grey
cg02800362,grey
cg15249106,cyan
cg08177264,brown
cg21447117,cyan
cg04414720,cyan
cg03396347,grey
cg11062095,cyan
cg19223190,blue
cg22870256,cyan
cg07207599,cyan
cg24251111,blue
cg26802289,cyan
cg14898306,cyan
cg09484009,cyan
cg12754571,grey
cg14713137,blue
cg09978860,grey
cg14861497,cyan
cg13018120,cyan
cg19614698,cyan
cg15705469,cyan
cg19640754,cyan
cg24549659,grey
cg22261030,cyan
cg24728112,cyan
cg21811021,grey
cg17566325,grey
cg24886843,blue
cg12565636,cyan
cg24810933,blue
cg12833861,blue
cg03445587,cyan
cg16944589,cyan
cg07190752,blue
cg19832312,cyan
cg06008724,grey
cg03132911,cyan
cg26058965,cyan
cg21697007,grey
cg06024852,cyan
cg06716730,grey
cg16746620,blue
cg01579950,cyan
cg13932375,cyan
cg16788912,cyan
cg26451735,grey
cg26102599,blue
cg04415427,cyan
cg26918510,cyan
cg08703595,cyan
cg02225897,cyan
cg07107441,cyan
cg08722395,blue
cg09246754,cyan
cg21288778,cyan
cg20096614,cyan
cg11214507,cyan
cg06085657,blue
cg14771938,cyan
cg04237662,cyan
cg06242599,blue
cg25753841,cyan
cg15473325,cyan
cg24143843,cyan
cg16440058,grey
cg13813247,grey
cg10731794,cyan
cg06654604,cyan
cg18754555,cyan
cg01895398,grey
cg08316775,grey
cg20957095,cyan
cg00330936,cyan
cg26494929,grey
cg12512466,blue
cg23928165,cyan
cg18004175,cyan
cg24704730,grey
cg21280014,cyan
cg18031436,grey
cg27251709,cyan
cg19815989,grey
cg16687447,cyan
cg00994804,grey
cg21951543,blue
cg00767642,grey
cg08188419,cyan
cg15056687,cyan
cg24372256,grey
cg27369934,cyan
cg20584918,cyan
cg10790723,cyan
cg24809037,cyan
cg03673016,blue
cg00907218,blue
cg11838227,cyan
cg08492615,cyan
cg26422329,blue
cg09155575,grey
cg24465118,grey
cg17610929,cyan
cg06938133,blue
cg18260424,cyan
cg05307864,cyan
cg27527593,cyan
cg22873725,blue
cg14498592,blue
cg13727691,cyan
cg02666184,cyan
cg00519627,cyan
cg05738196,cyan
cg01963221,cyan
cg15992535,cyan
cg22792432,cyan
cg11077225,blue
cg21336547,cyan
cg12630522,cyan
cg01510153,blue
cg16411979,grey
cg24605529,cyan
cg00991755,cyan
cg18633379,cyan
cg10778415,cyan
cg14430937,cyan
cg11103390,grey
cg13347201,cyan
cg08912666,blue
cg20586750,blue
cg02110333,cyan
cg04290376,cyan
cg10202788,blue
cg06791546,grey
cg17722664,cyan
cg27282281,grey
cg03329576,cyan
cg25560363,cyan
cg19881999,blue
cg17715262,cyan
cg08049640,cyan
cg06273041,grey
cg19829856,grey
cg05598205,grey
cg08719296,blue
cg25964019,blue
cg26196213,grey
cg22373676,blue
cg21163347,grey
cg16149857,cyan
cg09381635,cyan
cg26847156,blue
cg24650267,grey
cg09729182,cyan
cg22138327,grey
cg16310717,cyan
cg04915566,cyan
cg15104526,grey
cg03297569,grey
cg15289316,cyan
cg27620871,grey
cg13169132,grey
cg22052566,grey
cg14225546,cyan
cg23542858,grey
cg03854665,cyan
cg22863523,cyan
cg18806716,grey
cg15169943,blue
cg02278959,blue
cg11917595,blue
cg22526139,grey
cg23236404,cyan
cg02111786,blue
cg02121704,cyan
cg25397557,grey
cg00712898,cyan
cg16699148,grey
cg07116732,grey
cg03999872,grey
cg22746765,cyan
cg04577786,grey
cg24102726,cyan
cg09065776,cyan
cg02825052,cyan
cg09602562,cyan
cg07672479,cyan
cg04906764,blue
cg14591786,grey
cg26209990,grey
cg11123440,grey
cg13173848,cyan
cg08337959,grey
cg18691565,cyan
cg14576616,brown
cg13526981,cyan
cg03384979,cyan
cg24374738,grey
cg07169535,grey
cg07327202,cyan
cg24076747,blue
cg22166900,cyan
cg21565299,blue
cg05191700,cyan
cg13236637,cyan
cg01997089,cyan
cg19486070,blue
cg02754929,grey
cg02582203,cyan
cg00101453,cyan
cg18282812,cyan
cg27661711,grey
cg19836460,cyan
cg02400092,grey
cg23440882,cyan
cg07856667,grey
cg22260415,cyan
cg21820610,blue
cg22213235,blue
cg03385233,cyan
cg02317534,blue
cg07677396,cyan
cg19404215,cyan
cg12870876,grey
cg07105947,grey
cg04356381,cyan
cg14461522,cyan
cg16938490,cyan
cg24952959,cyan
cg26177544,blue
cg20466748,cyan
cg20603637,cyan
cg19586159,cyan
cg23674202,grey
cg20066120,cyan
cg22702784,grey
cg00909514,grey
cg20392240,cyan
cg05365033,grey
cg10025714,grey
cg26746936,grey
cg08603911,cyan
cg20986134,cyan
cg05364038,grey
cg26441200,blue
cg26695758,grey
cg09455823,grey
cg26664634,cyan
cg12891252,cyan
cg14279439,cyan
cg02440668,grey
cg16358155,grey
cg16033376,cyan
cg13444538,grey
cg01715370,lightgreen
cg15822049,blue
cg15645660,grey
cg19457237,grey
cg03032456,cyan
cg13710375,cyan
cg05545635,grey
cg13696300,brown
cg21130861,grey
cg11257935,cyan
cg01307092,grey
cg25856005,cyan
cg22546686,cyan
cg27209395,grey
cg19566405,grey
cg06456258,cyan
cg01252526,grey
cg18817900,blue
cg07719884,cyan
cg04657470,grey
cg06627617,grey
cg12094942,blue
cg03747695,cyan
cg09330885,grey
cg13457410,grey
cg02632227,blue
cg04566848,cyan
cg13346441,grey
cg09861871,grey
cg18887608,cyan
cg01994542,cyan
cg10019392,blue
cg22643080,cyan
cg17662683,white
cg02910553,cyan
cg22324028,cyan
cg26115851,cyan
cg01664727,grey
cg07480327,cyan
cg25599538,grey
cg17598339,grey
cg07645888,cyan
cg25943061,cyan
cg12560992,cyan
cg14199455,cyan
cg15862215,cyan
cg14574489,grey
cg21468511,cyan
cg19753607,blue
cg01016191,grey
cg04543131,blue
cg24470734,grey
cg19828022,cyan
cg07089990,grey
cg05143012,blue
cg08251901,cyan
cg00908027,cyan
cg01003015,cyan
cg20556702,grey
cg23654971,cyan
cg06703092,cyan
cg07987587,grey
cg17696166,grey
cg14115200,blue
cg26063721,grey
cg02126098,cyan
cg14942793,blue
cg19005662,cyan
cg27002185,cyan
cg03900386,cyan
cg18210730,cyan
cg21270243,cyan
cg24999924,grey
cg10402576,blue
cg25613170,cyan
cg07173100,cyan
cg23945789,cyan
cg21067540,cyan
cg26456506,cyan
cg24983383,blue
cg07880045,cyan
cg03727554,blue
cg20908224,cyan
cg15427886,grey
cg26656136,cyan
cg06077305,grey
cg17871792,cyan
cg08121961,blue
cg09896598,cyan
cg14220678,grey
cg20241801,cyan
cg01216369,blue
cg25726425,blue
cg02750935,grey
cg06958766,blue
cg09826002,cyan
cg14870128,blue
cg22805485,grey
cg16117781,cyan
cg10662968,cyan
cg24591318,cyan
cg14538238,grey
cg17112155,cyan
cg00878163,grey
cg05124918,grey
cg01682506,cyan
cg04534697,grey
cg07287384,lightgreen
cg21697381,grey
cg06375761,grey
cg10825398,cyan
cg12667888,cyan
cg07243103,cyan
cg21535980,cyan
cg13725062,cyan
cg03992063,blue
cg22296620,cyan
cg19778582,blue
cg05697101,cyan
cg04917181,grey
cg06474323,grey
cg16975002,blue
cg01358940,blue
cg26146949,cyan
cg26526443,blue
cg27599391,cyan
cg06945936,cyan
cg01835854,blue
cg15825321,grey
cg12477880,grey
cg19778201,cyan
cg10045999,cyan
cg20820997,cyan
cg22713941,cyan
cg09341015,blue
cg13720890,blue
cg19021466,darkorange
cg16017144,grey
cg23811476,cyan
cg09662571,cyan
cg15600835,cyan
cg08572016,cyan
cg04099562,cyan
cg09759458,grey
cg19431881,cyan
cg09374648,cyan
cg19320816,cyan
cg11229771,grey
cg18280382,grey
cg22762992,grey
cg18089426,grey
cg07364009,blue
cg07195197,grey
cg11153872,cyan
cg21126344,cyan
cg11390378,grey
cg18168751,blue
cg27228601,cyan
cg00223863,blue
cg10226628,grey
cg10146185,cyan
cg25990494,grey
cg02788233,blue
cg21812277,cyan
cg00474465,cyan
cg08561530,blue
cg04020792,blue
cg19190728,cyan
cg00624150,cyan
cg20761860,cyan
cg02716173,cyan
cg13179085,cyan
cg02190610,cyan
cg05173913,cyan
cg13466565,cyan
cg18933840,cyan
cg04664999,cyan
cg10547050,cyan
cg18925846,grey
cg04010471,cyan
cg07395436,blue
cg10381502,cyan
cg16500101,cyan
cg04014805,blue
cg05627083,grey
cg00405789,blue
cg08527179,cyan
cg24837026,blue
cg24322382,cyan
cg13957721,cyan
cg04836154,grey
cg14397361,grey
cg01982516,grey
cg05445051,grey
cg04802236,cyan
cg25113081,blue
cg22390894,cyan
cg02658739,cyan
cg09787504,grey
cg00777209,cyan
cg19428682,cyan
cg00002749,blue
cg10938836,cyan
cg23575063,cyan
cg11338389,grey
cg25291941,blue
cg05161930,cyan
cg19646445,cyan
cg11186706,grey
cg07148919,grey
cg27626617,cyan
cg03823904,grey
cg04154138,cyan
cg08160706,blue
cg16207673,cyan
cg05636177,cyan
cg15080701,cyan
cg06697017,blue
cg14229247,grey
cg26383936,cyan
cg10962762,grey
cg08757742,cyan
cg24167975,cyan
cg26421286,cyan
cg08299859,grey
cg11119131,cyan
cg05642379,grey
cg17082727,blue
cg26680317,grey
cg26272907,blue
cg00299286,grey
cg23827657,cyan
cg25465019,brown
cg14764050,cyan
cg09549848,cyan
cg07202461,blue
cg15541040,grey
cg07419021,cyan
cg06663068,cyan
cg27224718,grey
cg11494123,cyan
cg14913676,cyan
cg23664459,brown
cg07038191,white
cg08122179,cyan
cg27636594,blue
cg14573833,grey
cg11926764,cyan
cg22451149,blue
cg06843687,cyan
cg19774488,cyan
cg11240230,blue
cg05084668,grey
cg00969787,grey
cg17304878,cyan
cg18189236,blue
cg25326998,cyan
cg22309949,grey
cg06297470,cyan
cg21183846,cyan
cg04955951,cyan
cg00258132,cyan
cg10308950,blue
cg00298153,grey
cg19646204,cyan
cg06888746,grey
cg03327343,blue
cg04995860,cyan
cg14725733,blue
cg05847772,cyan
cg17299615,cyan
cg25333216,cyan
cg15473092,grey
cg09976142,grey
cg26900034,cyan
cg00778059,cyan
cg05345527,cyan
cg24258712,blue
cg23778596,grey
cg25404394,cyan
cg15772797,grey
cg22258713,grey
cg20430725,cyan
cg21077559,cyan
cg14218037,blue
cg13703912,grey
cg25399239,grey
cg26825934,cyan
cg08448341,blue
cg13582724,blue
cg15255946,grey
cg25615509,cyan
cg23120335,cyan
cg08469540,cyan
cg27390009,grey
cg07954620,blue
cg16928526,blue
cg07944420,grey
cg18877635,brown
cg04881214,cyan
cg21635584,cyan
cg22090773,cyan
cg00497232,grey
cg06353611,cyan
cg10445421,grey
cg11718235,grey
cg23711881,blue
cg09354341,cyan
cg03115019,grey
cg03520103,cyan
cg24998145,cyan
cg27503573,cyan
cg23928763,grey
cg13400176,cyan
cg24465429,grey
cg06429214,grey
cg11045746,grey
cg04599965,cyan
cg13326420,blue
cg01092528,brown
cg10439651,cyan
cg01430302,cyan
cg12317470,cyan
cg17146640,cyan
cg25683570,grey
cg13847977,blue
cg22491225,cyan
cg03998066,blue
cg20784314,cyan
cg03147452,cyan
cg03861798,cyan
cg00311772,blue
cg14217589,cyan
cg17461599,cyan
cg14192029,grey
cg25208017,cyan
cg26697691,blue
cg02569458,grey
cg02096172,grey
cg27305735,grey
cg12711755,grey
cg20391652,cyan
cg24170511,grey
cg22022881,grey
cg21735491,cyan
cg05417788,blue
cg06646715,cyan
cg10592446,cyan
cg21480646,cyan
cg02593352,cyan
cg26442810,blue
cg01683948,cyan
cg21029932,cyan
cg22496973,grey
cg24299306,grey
cg23233802,grey
cg04384112,grey
cg08641024,blue
cg01810623,blue
cg01562537,grey
cg02136620,grey
cg00341915,cyan
cg26406907,cyan
cg05731183,grey
cg00458210,cyan
cg21911849,cyan
cg21041100,cyan
cg10227705,cyan
cg00744229,cyan
cg12098896,blue
cg02939598,grey
cg25453957,blue
cg01165287,cyan
cg25485192,cyan
cg17334937,grey
cg17389218,cyan
cg25477839,blue
cg23936585,cyan
cg05352016,grey
cg03243432,cyan
cg00533340,blue
cg00365499,cyan
cg19365843,cyan
cg22641430,blue
cg09000385,cyan
cg10811681,cyan
cg07921030,blue
cg01556715,cyan
cg14565881,cyan
cg05510519,cyan
cg20425447,grey
cg10645943,cyan
cg08762449,cyan
cg14808521,cyan
cg15833099,grey
cg09858108,grey
cg24125287,cyan
cg11017065,cyan
cg18806438,cyan
cg05545777,grey
cg21674495,cyan
cg17926950,grey
cg26568304,grey
cg06162746,cyan
cg03652890,cyan
cg25927529,cyan
cg23973272,grey
cg06787317,blue
cg04133023,cyan
cg06406026,grey
cg12469954,cyan
cg20664996,blue
cg05613002,cyan
cg03976895,cyan
cg17809849,cyan
cg04261066,cyan
cg13598480,grey
cg19403939,cyan
cg04562522,cyan
cg21952313,cyan
cg06316695,cyan
cg22007559,blue
cg17306261,cyan
cg09141300,grey
cg14823666,cyan
cg06073570,blue
cg11090139,cyan
cg14167982,grey
cg19935055,blue
cg17077639,cyan
cg04038724,blue
cg23666180,cyan
cg16275960,cyan
cg26597500,grey
cg20965255,grey
cg17759616,blue
cg04270405,cyan
cg21033514,cyan
cg25771041,cyan
cg00510320,grey
cg01797567,cyan
cg26118008,cyan
cg07889862,cyan
cg17846497,blue
cg14089881,grey
cg15262242,brown
cg17798749,cyan
cg23997263,cyan
cg23985619,cyan
cg27201679,blue
cg22300819,cyan
cg17342469,blue
cg02516257,cyan
cg17585343,cyan
cg07243941,cyan
cg23731668,blue
cg18709881,grey
cg27386033,blue
cg02172616,cyan
cg18805518,blue
cg20592017,grey
cg08867452,cyan
cg12604058,blue
cg27094516,cyan
cg10384373,cyan
cg15318396,grey
cg07367434,cyan
cg08287994,cyan
cg17497066,cyan
cg23352942,grey
cg21448554,cyan
cg05415020,grey
cg07951488,grey
cg17167289,cyan
cg05682561,cyan
cg26819388,cyan
cg17235179,cyan
cg09999650,grey
cg06817312,blue
cg05225993,blue
cg04077210,cyan
cg02917596,cyan
cg25555137,cyan
cg19144769,blue
cg19416623,blue
cg15899474,cyan
cg12793314,blue
cg25994838,cyan
cg15871215,grey
cg23081331,cyan
cg10664339,blue
cg00071565,cyan
cg11539674,grey
cg08792797,cyan
cg06423975,cyan
cg15911567,cyan
cg16339238,grey
cg13393721,grey
cg23868720,cyan
cg23990723,grey
cg08911368,grey
cg18021161,cyan
cg08445782,cyan
cg15332604,cyan
cg09977703,grey
cg02269984,blue
cg13329981,cyan
cg19516921,grey
cg15068050,cyan
cg25131503,cyan
cg03808172,cyan
cg26138937,cyan
cg16447680,cyan
cg23202277,cyan
cg09551864,cyan
cg01493198,cyan
cg19774315,cyan
cg21621906,cyan
cg04570362,blue
cg17039262,cyan
cg08279316,white
cg08320059,cyan
cg27490465,blue
cg16272786,cyan
cg03060201,cyan
cg11932837,grey
cg02446006,cyan
cg00127036,cyan
cg03179435,grey
cg17287553,cyan
cg08407486,grey
cg27423729,cyan
cg27098804,grey
cg02711976,cyan
cg16016583,blue
cg01579024,grey
cg02962380,cyan
cg18731202,blue
cg06199468,cyan
cg10160068,cyan
cg16100555,cyan
cg19279342,grey
cg19096424,cyan
cg18028483,blue
cg10248552,cyan
cg03656137,blue
cg27166033,cyan
cg04432319,grey
cg00905725,cyan
cg17737388,grey
cg15825264,cyan
cg03026420,grey
cg03733263,cyan
cg14265813,grey
cg08687718,cyan
cg07161369,cyan
cg23525514,cyan
cg26314534,blue
cg26159077,cyan
cg20532937,blue
cg12832355,cyan
cg10226467,blue
cg09761690,blue
cg00782772,blue
cg13460643,grey
cg06651838,blue
cg14714578,cyan
cg22980127,cyan
cg25511667,grey
cg25147842,cyan
cg09122588,grey
cg22047910,orange
cg20483857,cyan
cg17097782,cyan
cg02383089,cyan
cg24720361,cyan
cg06937548,cyan
cg16452361,cyan
cg02944007,blue
cg12103840,cyan
cg08933467,grey
cg21985631,cyan
cg16671114,cyan
cg25215329,cyan
cg13452400,grey
cg13775005,cyan
cg05554000,grey
cg09333532,cyan
cg18517516,cyan
cg14307443,cyan
cg23970458,blue
cg03294547,cyan
cg06919568,cyan
cg01392544,brown
cg16546016,cyan
cg14228484,grey
cg25278669,grey
cg23713965,cyan
cg22828340,blue
cg00002719,cyan
cg14504603,cyan
cg19714762,cyan
cg23557926,cyan
cg07063745,cyan
cg23428725,cyan
cg00510718,cyan
cg22709100,blue
cg27543040,grey
cg06708390,blue
cg16460466,cyan
cg18068919,cyan
cg10285526,grey
cg16528597,grey
cg06484146,grey
cg12628672,cyan
cg00425885,blue
cg02759489,grey
cg16347018,cyan
cg17496877,blue
cg25908368,cyan
cg26313599,grey
cg25789216,cyan
cg11600186,blue
cg03485262,grey
cg05367846,cyan
cg11504511,cyan
cg07510080,cyan
cg26590411,cyan
cg07870486,cyan
cg27137810,cyan
cg08807892,grey
cg24660030,cyan
cg17935304,cyan
cg10514658,cyan
cg25382214,grey
cg19891452,grey
cg13868466,cyan
cg25042948,grey
cg04296257,cyan
cg25052180,cyan
cg08080475,cyan
cg18363538,grey
cg15207885,blue
cg02675010,cyan
cg06209143,blue
cg26425669,cyan
cg07049998,grey
cg00157456,grey
cg20525461,cyan
cg02979010,blue
cg00782260,cyan
cg23329272,grey
cg11731300,grey
cg19498844,cyan
cg09879382,grey
cg25734825,cyan
cg15205733,cyan
cg09180070,blue
cg01663052,blue
cg17215666,cyan
cg03837827,cyan
cg07356130,cyan
cg18045093,cyan
cg03804148,cyan
cg02678768,grey
cg22804236,cyan
cg22043013,blue
cg01723606,grey
cg20865239,cyan
cg17152658,cyan
cg15859008,blue
cg22898729,cyan
cg21428833,cyan
cg00584636,cyan
cg17880256,cyan
cg13174197,cyan
cg26301516,blue
cg19802165,cyan
cg10070257,blue
cg22117760,cyan
cg14695524,grey
cg23048951,cyan
cg18446690,brown
cg05927817,grey
cg16370685,cyan
cg00893875,grey
cg01525669,blue
cg09694403,cyan
cg26992213,cyan
cg09798418,cyan
cg19092248,cyan
cg03607220,grey
cg16650529,cyan
cg10254974,cyan
cg11015188,grey
cg26545983,cyan
cg02119693,blue
cg14097577,cyan
cg22443212,grey
cg14909329,blue
cg27388983,cyan
cg03043160,grey
cg25419628,cyan
cg14988347,cyan
cg16443455,cyan
cg08599792,grey
cg15564428,cyan
cg13495532,cyan
cg18540455,cyan
cg00347546,cyan
cg03201044,cyan
cg00486627,cyan
cg14665523,orange
cg01438737,grey
cg11825621,grey
cg07697134,cyan
cg25345738,grey
cg05966809,cyan
cg02580895,grey
cg00514413,cyan
cg17191933,cyan
cg22586956,blue
cg00096845,cyan
cg03040522,cyan
cg23511432,orange
cg04680746,cyan
cg23840812,blue
cg11910118,cyan
cg21044426,cyan
cg01196121,blue
cg04029055,cyan
cg17226324,blue
cg03392386,grey
cg21222634,grey
cg10052368,blue
cg14115232,cyan
cg02827371,cyan
cg13237365,cyan
cg25612391,grey
cg10576459,grey
cg11245233,cyan
cg11558328,cyan
cg22748179,grey
cg06364629,grey
cg27002758,cyan
cg24007312,grey
cg20197358,cyan
cg13149330,cyan
cg05624577,grey
cg09021012,cyan
cg08065408,grey
cg06441362,grey
cg16738929,blue
cg20504077,brown
cg26018738,cyan
cg11113760,grey
cg14163827,cyan
cg13660803,cyan
cg19846609,blue
cg11138719,blue
cg11995506,cyan
cg25307665,grey
cg04072545,cyan
cg13832669,cyan
cg16475925,cyan
cg04525384,blue
cg11976929,cyan
cg11157765,grey
cg03070473,cyan
cg26839252,cyan
cg22152887,blue
cg00713605,cyan
cg07559696,cyan
cg17188169,grey
cg08460801,cyan
cg18470427,grey
cg17454509,blue
cg18158385,lightgreen
cg22727109,cyan
cg02989645,blue
cg08835099,blue
cg13763308,cyan
cg08811349,cyan
cg21149582,cyan
cg01083380,cyan
cg02631126,grey
cg02015219,blue
cg20739864,blue
cg11231949,grey
cg00321286,grey
cg26112797,cyan
cg18867141,cyan
cg20305142,brown
cg22009052,blue
cg18397137,cyan
cg07077277,blue
cg21245492,blue
cg12173150,grey
cg27582696,grey
cg24686497,grey
cg21586955,cyan
cg19815565,grey
cg09833785,cyan
cg14970029,cyan
cg08656222,cyan
cg26257177,brown
cg02348116,grey
cg24493334,cyan
cg09320190,grey
cg05999245,cyan
cg03384545,cyan
cg23336486,cyan
cg16048517,grey
cg08325191,grey
cg09718371,grey
cg24409356,cyan
cg23194433,blue
cg15056638,blue
cg16638945,blue
cg18202521,grey
cg21258057,grey
cg08270491,grey
cg22049899,grey
cg21451504,cyan
cg08241630,cyan
cg12126027,cyan
cg17174180,cyan
cg13808180,blue
cg14076977,cyan
cg08479752,grey
cg20193324,grey
cg23690369,cyan
cg25526920,cyan
cg24835458,cyan
cg00504919,cyan
cg25032991,cyan
cg08826863,cyan
cg05190533,cyan
cg10641809,grey
cg03904534,blue
cg13604623,cyan
cg02267270,grey
cg13752184,grey
cg15643796,blue
cg17751414,blue
cg18049045,blue
cg13784878,blue
cg17147121,cyan
cg13710595,cyan
cg22457642,blue
cg05161218,blue
cg14058100,grey
cg13264059,cyan
cg12434587,grey
cg13418935,cyan
cg27180365,cyan
cg08713212,cyan
cg03205258,grey
cg07063853,cyan
cg04240809,grey
cg10155891,blue
cg15025200,cyan
cg01029901,blue
cg11213987,cyan
cg06842781,cyan
cg10360323,cyan
cg23008238,blue
cg11029346,cyan
cg15896259,cyan
cg13498382,blue
cg12076931,grey
cg21665078,cyan
cg10041390,grey
cg16700924,grey
cg04826215,cyan
cg04708398,cyan
cg02499249,cyan
cg06161540,grey
cg07280807,grey
cg00597043,blue
cg04965879,grey
cg22700790,grey
cg19958696,cyan
cg27134251,grey
cg03605784,cyan
cg19365884,cyan
cg01719793,cyan
cg00815440,cyan
cg18831738,cyan
cg07311313,cyan
cg11142248,cyan
cg03519711,cyan
cg02847098,cyan
cg19236745,grey
cg20714462,cyan
cg05926586,grey
cg09390371,cyan
cg07449543,cyan
cg04486417,cyan
cg07297681,blue
cg19389001,grey
cg19232382,grey
cg25770698,cyan
cg08085267,cyan
cg16313278,cyan
cg23655816,cyan
cg01406988,cyan
cg01816482,blue
cg12491688,cyan
cg08158324,grey
cg24001719,cyan
cg11752893,blue
cg05117633,cyan
cg25137590,blue
cg03618937,cyan
cg22889584,cyan
cg15672749,cyan
cg08788712,blue
cg00829406,cyan
cg09250423,blue
cg21566513,grey
cg14044916,cyan
cg11388673,grey
cg01526870,cyan
cg04892437,blue
cg22120063,grey
cg02075405,cyan
cg23625084,blue
cg26927232,blue
cg15201175,blue
cg03911494,cyan
cg25026013,cyan
cg25211093,blue
cg08011645,blue
cg00544901,grey
cg07026259,cyan
cg14280181,grey
cg22763753,cyan
cg04699104,cyan
cg18327883,cyan
cg03668495,cyan
cg07086945,grey
cg21722655,grey
cg25314600,blue
cg02842197,cyan
cg16325326,cyan
cg13653195,cyan
cg12280242,grey
cg12644625,cyan
cg04468564,cyan
cg18174089,blue
cg27310031,blue
cg03658009,cyan
cg22221870,grey
cg06644844,grey
cg17646392,grey
cg07254537,cyan
cg14454440,blue
cg04021127,blue
cg03117951,blue
cg18555073,cyan
cg24481633,cyan
cg08986767,cyan
cg03064080,cyan
cg00336022,blue
cg06193723,cyan
cg19637330,grey
cg24377657,cyan
cg15766101,cyan
cg26561611,cyan
cg26473478,cyan
cg02782889,cyan
cg14207210,cyan
cg26396721,grey
cg23682543,cyan
cg24661986,cyan
cg07213482,blue
cg06143663,blue
cg14339068,grey
cg10828210,cyan
cg17397364,blue
cg18075691,grey
cg24062526,cyan
cg10186232,cyan
cg25943031,cyan
cg02257953,grey
cg21052958,blue
cg07809452,grey
cg16448525,cyan
cg19751179,cyan
cg07835809,cyan
cg09712216,cyan
cg03192598,grey
cg03382370,grey
cg21980364,blue
cg08871608,grey
cg27319123,grey
cg19482086,cyan
cg19196264,cyan
cg25744767,grey
cg08080916,cyan
cg20481416,grey
cg17097992,cyan
cg24465787,cyan
cg24040595,grey
cg03307092,cyan
cg17991919,blue
cg11854791,cyan
cg22782929,grey
cg07521723,cyan
cg03496359,blue
cg25205988,cyan
cg01481569,grey
cg10282162,grey
cg11738162,cyan
cg15325978,cyan
cg16823822,cyan
cg08724636,cyan
cg05805973,cyan
cg17142722,cyan
cg05044694,cyan
cg02873868,cyan
cg04030842,cyan
cg20929551,blue
cg26532499,blue
cg06614534,blue
cg16587158,cyan
cg13957198,cyan
cg19431891,cyan
cg27140647,cyan
cg27393667,cyan
cg09692531,cyan
cg27056880,grey
cg02177621,cyan
cg21873275,blue
cg18865445,grey
cg26576890,grey
cg19145055,blue
cg25181751,grey
cg18435900,cyan
cg06927165,cyan
cg10829004,blue
cg04529724,grey
cg07019536,cyan
cg11088422,grey
cg16229364,cyan
cg00958781,cyan
cg12361311,lightgreen
cg18480233,cyan
cg18290190,grey
cg21542174,cyan
cg11717782,blue
cg20891283,cyan
cg19149410,cyan
cg21526654,cyan
cg21151335,cyan
cg05859214,blue
cg15126544,cyan
cg19678392,grey
cg11668079,cyan
cg03050687,cyan
cg07815177,blue
cg02873525,blue
cg14420613,blue
cg01769749,cyan
cg19961545,grey
cg07495363,grey
cg08082908,cyan
cg00112952,grey
cg12732284,blue
cg15009088,blue
cg14700609,cyan
cg15283212,blue
cg14326196,grey
cg25277534,cyan
cg22471075,grey
cg01786048,grey
cg14399369,cyan
cg27122127,cyan
cg01554231,blue
cg19136718,cyan
cg12980527,cyan
cg03745386,cyan
cg21712805,blue
cg24477102,blue
cg17002518,blue
cg10124287,cyan
cg09297514,cyan
cg08234689,grey
cg06975979,grey
cg10717387,cyan
cg24634420,grey
cg07553297,cyan
cg09260640,cyan
cg13311886,blue
cg26312059,cyan
cg08680689,cyan
cg02293936,cyan
cg13227646,cyan
cg02527881,grey
cg24118521,grey
cg16238819,cyan
cg03201262,blue
cg17510056,cyan
cg17944940,grey
cg03683171,grey
cg24372565,grey
cg10706642,cyan
cg10117180,cyan
cg09782726,blue
cg04052427,cyan
cg26887625,cyan
cg16250754,cyan
cg26788616,blue
cg01745275,blue
cg09199014,blue
cg11688696,cyan
cg04004754,cyan
cg01169952,cyan
cg11014109,cyan
cg27310251,cyan
cg10221014,blue
cg11528101,cyan
cg17384898,cyan
cg11868356,cyan
cg22356451,cyan
cg11061033,blue
cg17477090,grey
cg13300757,cyan
cg10638657,cyan
cg00505936,cyan
cg12710567,cyan
cg24693760,grey
cg25830692,grey
cg03204906,cyan
cg18875460,cyan
cg16722058,cyan
cg27227183,blue
cg19572051,grey
cg04870212,cyan
cg21816308,grey
cg11319719,cyan
cg13503816,blue
cg06210054,cyan
cg25865570,blue
cg06963182,cyan
cg01177470,cyan
cg14060111,grey
cg19910922,cyan
cg08857159,cyan
cg05470389,cyan
cg03436149,cyan
cg27237671,grey
cg06517794,blue
cg20668838,cyan
cg09489281,cyan
cg14018807,cyan
cg21703138,cyan
cg13491584,cyan
cg00564714,blue
cg26999505,cyan
cg20073882,blue
cg05511815,cyan
cg25168288,cyan
cg03359964,cyan
cg03850936,grey
cg10559104,cyan
cg25266327,blue
cg06030229,cyan
cg07215822,blue
cg14631462,cyan
cg01022117,grey
cg17119612,cyan
cg08128680,cyan
cg12066438,cyan
cg07311968,cyan
cg02047577,cyan
cg22055790,cyan
cg03727754,grey
cg27289662,blue
cg23013546,cyan
cg04005958,blue
cg08923669,grey
cg27248875,blue
cg17159837,cyan
cg19142411,cyan
cg08795861,blue
cg19364137,cyan
cg06167719,grey
cg11373869,blue
cg20257096,grey
cg15534212,cyan
cg26352374,cyan
cg07831432,grey
cg18379624,cyan
cg15911859,grey
cg08847533,cyan
cg13470477,cyan
cg17094985,cyan
cg00958605,cyan
cg24337640,cyan
cg22108259,cyan
cg13301155,grey
cg26936930,cyan
cg03342928,grey
cg11152454,cyan
cg03346802,cyan
cg22817718,cyan
cg16836250,grey
cg22470850,cyan
cg27135788,cyan
cg20221991,blue
cg21240492,grey
cg01067849,grey
cg09933458,grey
cg23429847,cyan
cg12062051,cyan
cg22335490,cyan
cg17716617,cyan
cg24771094,grey
cg06556616,cyan
cg16418163,cyan
cg16701893,blue
cg17629447,cyan
cg04358957,cyan
cg04699214,blue
cg12480053,cyan
cg20064325,blue
cg06298689,blue
cg24630426,blue
cg02310882,cyan
cg26312807,cyan
cg23657870,cyan
cg13546858,grey
cg17400829,blue
cg23007535,blue
cg27593384,grey
cg00392242,grey
cg24768116,grey
cg17359064,cyan
cg22497095,grey
cg23526861,cyan
cg20648847,grey
cg24222165,blue
cg12687343,cyan
cg05039004,cyan
cg10995699,blue
cg12117703,blue
cg11901833,blue
cg16382382,cyan
cg03876184,grey
cg24396271,cyan
cg26944245,grey
cg09593860,grey
cg01608167,cyan
cg09173587,cyan
cg09817024,grey
cg22396353,cyan
cg10983544,cyan
cg26543273,cyan
cg21784894,blue
cg19241089,blue
cg25435819,grey
cg14273093,blue
cg22517485,cyan
cg16333971,cyan
cg16083044,grey
cg24225259,cyan
cg26171489,blue
cg27300238,cyan
cg18134731,blue
cg06845943,cyan
cg09482050,grey
cg07640233,cyan
cg04661128,cyan
cg07664480,cyan
cg18062281,grey
cg25418831,cyan
cg08712866,cyan
cg12853648,grey
cg03713585,blue
cg13389611,cyan
cg05271336,blue
cg00089372,cyan
cg25364740,cyan
cg17202948,cyan
cg13279858,cyan
cg23465465,cyan
cg19808978,cyan
cg23666618,blue
cg01290068,cyan
cg01796038,blue
cg12462078,blue
cg01468426,orange
cg17103126,blue
cg12222459,cyan
cg14463292,grey
cg03060546,cyan
cg02616947,cyan
cg06503573,grey
cg14638883,grey
cg14700524,grey
cg05338317,grey
cg03438692,cyan
cg01777861,grey
cg05733364,cyan
cg16674323,cyan
cg14034170,cyan
cg22488998,cyan
cg18489289,blue
cg05755010,cyan
cg05288127,blue
cg12158124,blue
cg04813719,grey
cg24429175,blue
cg23092250,cyan
cg03642635,grey
cg04281344,blue
cg01580934,cyan
cg11575295,grey
cg07300316,cyan
cg02400740,cyan
cg22120094,cyan
cg05775809,cyan
cg09215152,cyan
cg03165014,grey
cg00611789,grey
cg16222062,blue
cg16456371,blue
cg24558132,cyan
cg05082376,grey
cg06312136,cyan
cg10090844,grey
cg07421245,blue
cg20962297,cyan
cg17437088,blue
cg25471831,cyan
cg21107924,cyan
cg00665908,grey
cg18337422,cyan
cg15205559,grey
cg14255617,grey
cg07159484,cyan
cg00463982,grey
cg06623227,grey
cg09000178,grey
cg13626842,cyan
cg18470710,cyan
cg04216395,cyan
cg06986263,cyan
cg18526602,cyan
cg21389753,cyan
cg03580106,cyan
cg08339189,cyan
cg06257227,cyan
cg03242360,cyan
cg08433504,grey
cg02691685,cyan
cg22521356,cyan
cg20046119,cyan
cg09944012,grey
cg03682112,grey
cg22026332,cyan
cg11257193,grey
cg17599186,grey
cg06317056,cyan
cg12766407,cyan
cg11116878,cyan
cg03436530,cyan
cg19562499,cyan
cg16078521,grey
cg09395805,grey
cg05947570,grey
cg17750572,grey
cg03853794,cyan
cg17255450,grey
cg11204665,blue
cg17714828,cyan
cg05608388,cyan
cg04290349,cyan
cg18204760,cyan
cg12571978,blue
cg27347124,cyan
cg16739503,blue
cg25728188,blue
cg27505684,cyan
cg09269103,cyan
cg05454501,grey
cg18363918,grey
cg16398128,cyan
cg16252685,cyan
cg22823183,cyan
cg13822158,cyan
cg18158043,cyan
cg13711314,blue
cg06940482,grey
cg18637383,cyan
cg16582156,cyan
cg01054755,cyan
cg24974704,blue
cg18855780,grey
cg02071276,cyan
cg06098368,grey
cg07094169,blue
cg09154334,blue
cg09032791,blue
cg19113954,cyan
cg06579345,cyan
cg05489143,grey
cg06951450,cyan
cg08501815,cyan
cg22441533,cyan
cg03967346,cyan
cg20931867,blue
cg10026473,cyan
cg26094752,grey
cg17154729,cyan
cg15466587,cyan
cg09990440,cyan
cg13678641,cyan
cg17706124,blue
cg07823496,blue
cg12620806,blue
cg00019841,grey
cg01769037,cyan
cg02092880,cyan
cg15934634,blue
cg10430904,cyan
cg00590063,grey
cg07323141,grey
cg10615592,cyan
cg24030507,cyan
cg00673290,grey
cg22728534,cyan
cg24135438,cyan
cg27287791,grey
cg10741478,blue
cg20087917,brown
cg13451370,cyan
cg11001670,blue
cg08610741,cyan
cg22884656,cyan
cg12626639,blue
cg27352765,cyan
cg22818556,cyan
cg01505254,cyan
cg17468317,cyan
cg00765312,cyan
cg11714972,cyan
cg04468128,blue
cg16351881,cyan
cg26023938,grey
cg02636041,cyan
cg02532037,grey
cg06582708,cyan
cg12278467,cyan
cg19091068,cyan
cg19843226,blue
cg11594513,cyan
cg05696706,cyan
cg11789530,grey
cg02082720,blue
cg23618323,cyan
cg17826393,grey
cg23330575,cyan
cg18078305,grey
cg18532727,grey
cg07075387,grey
cg07924535,cyan
cg17316718,grey
cg00570269,grey
cg04645049,cyan
cg02636798,cyan
cg14227086,cyan
cg19624354,grey
cg17705066,blue
cg20219891,grey
cg01381636,cyan
cg15198739,cyan
cg19530168,grey
cg23178144,blue
cg09158487,cyan
cg06703062,grey
cg05671386,grey
cg03331258,cyan
cg11616676,cyan
cg13273398,cyan
cg08707963,blue
cg08085232,blue
cg09431913,cyan
cg14061255,blue
cg24988444,cyan
cg17727725,cyan
cg10652674,blue
cg17025835,grey
cg23020486,cyan
cg17342834,cyan
cg01355108,grey
cg26367649,cyan
cg04013089,blue
cg20447730,grey
cg06460475,grey
cg19835595,cyan
cg04396185,cyan
cg15421984,cyan
cg12462916,blue
cg17212919,blue
cg21422164,grey
cg11094953,cyan
cg23208152,grey
cg18650716,cyan
cg14443694,cyan
cg13761818,blue
cg01571001,grey
cg08134286,blue
cg02612650,grey
cg13145591,cyan
cg21855617,cyan
cg02774542,grey
cg10442148,cyan
cg22043788,blue
cg25979598,cyan
cg09939729,blue
cg20390711,grey
cg26650539,cyan
cg13660600,blue
cg11467638,cyan
cg10706910,cyan
cg15478817,grey
cg04748923,cyan
cg21943841,cyan
cg09822907,cyan
cg03474133,cyan
cg13096135,grey
cg26351663,blue
cg03112087,grey
cg09328349,cyan
cg13031432,cyan
cg07254066,cyan
cg26642667,grey
cg14972141,grey
cg12593336,cyan
cg08144675,cyan
cg07230380,cyan
cg23445321,grey
cg07747251,grey
cg22920418,blue
cg26743898,blue
cg27484512,blue
cg15199754,grey
cg25905674,cyan
cg08593051,cyan
cg01713535,cyan
cg13565723,cyan
cg06233738,blue
cg18400088,cyan
cg01873886,grey
cg00049718,cyan
cg20811317,blue
cg11835342,cyan
cg24803059,blue
cg26576481,cyan
cg27657429,grey
cg20725941,cyan
cg05064297,cyan
cg21359468,cyan
cg01392313,grey
cg08732611,grey
cg07140595,cyan
cg01250235,cyan
cg24824417,cyan
cg15202848,grey
cg00702338,cyan
cg08190942,cyan
cg12659027,cyan
cg09481857,cyan
cg18505213,cyan
cg01928147,cyan
cg09650414,cyan
cg25764899,cyan
cg22799860,blue
cg02352203,cyan
cg12127780,cyan
cg20527070,cyan
cg19238103,cyan
cg13957124,blue
cg12692753,cyan
cg06824297,cyan
cg26314966,grey
cg27501451,cyan
cg16574285,cyan
cg18267330,blue
cg13985784,grey
cg27332026,cyan
cg14153624,blue
cg26421123,cyan
cg13849422,grey
cg16625916,blue
cg24771349,cyan
cg24583855,cyan
cg19857280,cyan
cg10744200,blue
cg17679824,cyan
cg16794061,cyan
cg19554555,cyan
cg02806927,cyan
cg08527124,cyan
cg16727027,cyan
cg11370814,grey
cg25411508,blue
cg17446339,grey
cg08940343,blue
cg27554844,cyan
cg13763061,cyan
cg10473311,grey
cg06035645,blue
cg16028117,grey
cg27537561,cyan
cg06100807,grey
cg04450456,grey
cg18653560,blue
cg27465717,cyan
cg24215070,cyan
cg01521080,blue
cg18913869,cyan
cg10499102,blue
cg18016304,grey
cg23016766,cyan
cg09091443,cyan
cg05964000,blue
cg03653399,grey
cg05874309,cyan
cg07421341,cyan
cg17091998,cyan
cg25011115,cyan
cg00605240,blue
cg12698737,cyan
cg05938607,grey
cg15260466,cyan
cg01099231,cyan
cg23866687,cyan
cg13162749,blue
cg22140614,blue
cg06019718,cyan
cg14149007,cyan
cg20318353,cyan
cg07489083,cyan
cg07676361,grey
cg02271560,cyan
cg01529538,cyan
cg08183066,cyan
cg15760474,blue
cg12123693,blue
cg11854917,cyan
cg02571389,blue
cg18776460,blue
cg05989381,cyan
cg20458812,cyan
cg23683010,grey
cg09227934,grey
cg01579765,grey
cg06960562,cyan
cg21457031,cyan
cg26359206,cyan
cg11657970,cyan
cg03933784,cyan
cg02120739,cyan
cg26626072,cyan
cg14062261,grey
cg02051562,blue
cg13990905,cyan
cg00795791,grey
cg00117651,grey
cg17718210,cyan
cg11460820,cyan
cg22603934,cyan
cg07920250,cyan
cg12938017,cyan
cg14976342,cyan
cg16521978,cyan
cg15841415,cyan
cg05564340,grey
cg11173999,brown
cg17406023,grey
cg05509609,grey
cg02594410,cyan
cg09577417,blue
cg00031303,cyan
cg20102397,cyan
cg00481457,cyan
cg23277376,cyan
cg16506290,blue
cg26572042,cyan
cg01562241,cyan
cg22424536,cyan
cg03859395,cyan
cg23307056,cyan
cg11117637,grey
cg07730924,blue
cg18622084,cyan
cg12005429,cyan
cg13392078,grey
cg04728296,cyan
cg16558319,cyan
cg24326880,cyan
cg27236825,grey
cg11101316,blue
cg21192065,cyan
cg26365460,cyan
cg00616650,blue
cg21486944,cyan
cg14768270,cyan
cg05504194,grey
cg05278454,blue
cg19285119,cyan
cg26450944,cyan
cg16946007,blue
cg11080530,cyan
cg21711672,cyan
cg14102556,blue
cg01436551,grey
cg06760277,cyan
cg26843035,cyan
cg14071579,cyan
cg21211480,cyan
cg14062007,blue
cg24958916,cyan
cg14955495,cyan
cg10905319,cyan
cg15545624,cyan
cg13404054,grey
cg00792783,cyan
cg13570831,cyan
cg19189012,cyan
cg01715266,cyan
cg10063233,cyan
cg17217741,blue
cg01947066,cyan
cg26881713,cyan
cg23281307,blue
cg07162665,cyan
cg25954441,cyan
cg01053411,cyan
cg13347679,grey
cg09880745,blue
cg25298235,blue
cg21829783,cyan
cg11020315,cyan
cg27203090,cyan
cg11308937,cyan
cg02524205,grey
cg02988312,blue
cg15166039,grey
cg18410494,blue
cg04317543,cyan
cg11317473,blue
cg23374834,blue
cg09667303,cyan
cg15803765,cyan
cg00966959,cyan
cg02639808,cyan
cg00757789,cyan
cg16725191,blue
cg18625286,grey
cg24310785,blue
cg00366352,cyan
cg04849769,cyan
cg04538470,cyan
cg18180230,blue
cg20054939,grey
cg25503001,cyan
cg06827501,blue
cg16587623,cyan
cg24503272,grey
cg18927255,cyan
cg14679831,cyan
cg01753252,blue
cg15925179,cyan
cg11777890,cyan
cg24623434,cyan
cg20793089,grey
cg13310154,cyan
cg22318514,grey
cg17352830,blue
cg13700197,grey
cg03416888,cyan
cg25920019,grey
cg21239184,cyan
cg04289314,grey
cg03361665,cyan
cg04598744,cyan
cg21235746,grey
cg09342320,cyan
cg01959562,cyan
cg22501998,cyan
cg00701051,grey
cg20996887,blue
cg08364137,grey
cg00511731,cyan
cg21588215,grey
cg27141898,cyan
cg07934941,cyan
cg20187526,blue
cg05138918,grey
cg24900425,grey
cg06828730,cyan
cg12745764,cyan
cg06563149,cyan
cg18216674,brown
cg25109431,cyan
cg08096291,cyan
cg01966091,grey
cg08412188,cyan
cg27604671,cyan
cg10414747,blue
cg19595956,cyan
cg10205852,cyan
cg12967218,blue
cg22866267,grey
cg23389585,cyan
cg21627409,grey
cg15904821,cyan
cg25917893,cyan
cg01003902,cyan
cg03266380,cyan
cg23006223,grey
cg07475527,blue
cg02228804,cyan
cg20831492,cyan
cg18672670,darkorange
cg11428189,blue
cg22028036,blue
cg14778721,blue
cg21665744,grey
cg13535779,cyan
cg15065069,brown
cg25927551,blue
cg05643349,lightgreen
cg01410224,cyan
cg05026346,cyan
cg09741588,cyan
cg18373855,grey
cg11702145,cyan
cg24527785,cyan
cg20712912,cyan
cg00016814,blue
cg12409601,grey
cg10487724,cyan
cg22226438,grey
cg07139265,cyan
cg27060346,blue
cg11203670,cyan
cg02666610,cyan
cg18353196,cyan
cg13381718,cyan
cg07588263,grey
cg26297198,blue
cg27331241,grey
cg07804481,cyan
cg09652533,blue
cg12181634,cyan
cg10923313,blue
cg20282550,grey
cg15814736,grey
cg19573567,cyan
cg27218767,cyan
cg04808029,cyan
cg03446203,grey
cg12538400,cyan
cg12810325,cyan
cg15145174,blue
cg11567723,blue
cg05827058,cyan
cg25084220,cyan
cg08460226,grey
cg23352384,cyan
cg05880302,blue
cg12667521,grey
cg26248066,cyan
cg08558996,blue
cg00487989,blue
cg20091107,cyan
cg10520079,blue
cg05852623,grey
cg09167119,cyan
cg09103184,cyan
cg24053343,blue
cg23729050,cyan
cg15672675,cyan
cg14418582,cyan
cg23683528,cyan
cg10515332,cyan
cg20596273,cyan
cg14390656,grey
cg11719457,grey
cg04477515,blue
cg24525457,cyan
cg25237056,cyan
cg00154122,cyan
cg18960642,cyan
cg02196694,cyan
cg16247323,grey
cg22614372,blue
cg18068240,grey
cg27197746,blue
cg06634786,cyan
cg23677608,cyan
cg02386644,cyan
cg17330251,grey
cg23695504,grey
cg00502442,cyan
cg09990919,cyan
cg26663636,grey
cg25845331,cyan
cg21218899,grey
cg16648952,blue
cg09757709,blue
cg03113683,cyan
cg24249248,grey
cg10715361,blue
cg23522895,blue
cg21232767,blue
cg11259183,cyan
cg12293415,cyan
cg00454517,cyan
cg03540622,grey
cg12624080,cyan
cg15079326,cyan
cg02389270,cyan
cg25492971,blue
cg05720454,cyan
cg27014135,cyan
cg21894058,cyan
cg07249860,blue
cg12881037,cyan
cg20728704,blue
cg23974418,grey
cg04868132,cyan
cg14190943,cyan
cg24718846,cyan
cg22424405,blue
cg21650694,cyan
cg15581365,cyan
cg09509035,cyan
cg05418736,cyan
cg00916884,grey
cg07918170,blue
cg25500890,cyan
cg07382454,grey
cg05785424,grey
cg11211690,blue
cg05869007,cyan
cg17859110,cyan
cg17960051,cyan
cg03275067,cyan
cg18144544,blue
cg00728655,blue
cg10541313,cyan
cg19843939,cyan
cg05857996,grey
cg19793905,cyan
cg09985530,cyan
cg14859749,cyan
cg16970851,cyan
cg22000938,blue
cg17345859,blue
cg15593426,blue
cg15176678,cyan
cg22450146,grey
cg03904042,grey
cg24032209,cyan
cg18477789,cyan
cg15260780,cyan
cg04336279,blue
cg22928999,blue
cg04416895,cyan
cg02132379,blue
cg04580344,grey
cg02709834,grey
cg17964505,cyan
cg23345561,cyan
cg16172923,grey
cg11234447,grey
cg27500716,blue
cg24250902,grey
cg08532220,blue
cg00697301,grey
cg07211103,cyan
cg05031195,cyan
cg02320003,grey
cg03143441,blue
cg12615165,grey
cg02389555,cyan
cg15368769,cyan
cg04329088,blue
cg02018465,cyan
cg24679411,cyan
cg23535768,grey
cg05313918,grey
cg04256347,grey
cg23199238,cyan
cg00080972,grey
cg11221497,cyan
cg09597585,cyan
cg01685246,cyan
cg21606490,grey
cg11929898,blue
cg07700920,blue
cg23834494,blue
cg04541606,blue
cg02276361,blue
cg01096617,grey
cg21451653,grey
cg09152813,grey
cg04322111,grey
cg21078994,cyan
cg05931119,grey
cg12847800,cyan
cg26450106,cyan
cg12364461,blue
cg15720089,grey
cg20649047,cyan
cg03372099,cyan
cg15160780,cyan
cg26814635,blue
cg01824410,grey
cg15344854,cyan
cg03384992,cyan
cg26447968,cyan
cg05030553,grey
cg08650402,blue
cg20080079,cyan
cg24669694,cyan
cg15266307,blue
cg00638631,grey
cg00973424,blue
cg20363309,grey
cg15257681,blue
cg01454528,cyan
cg11843606,cyan
cg18559858,blue
cg26985469,cyan
cg16361266,blue
cg11530693,grey
cg09370462,cyan
cg21854408,grey
cg21570528,cyan
cg04175879,cyan
cg20260592,cyan
cg10104252,grey
cg09559196,blue
cg23514110,grey
cg08206898,cyan
cg13861122,cyan
cg17755880,grey
cg20101489,cyan
cg04619120,blue
cg12105108,cyan
cg12822818,grey
cg20446334,blue
cg00275232,cyan
cg25472530,grey
cg04072691,cyan
cg18590590,cyan
cg01709316,cyan
cg23416197,orange
cg02825653,cyan
cg10095534,blue
cg09577425,blue
cg12661370,cyan
cg26824807,cyan
cg06161550,grey
cg18380353,cyan
cg17893459,blue
cg21204139,grey
cg25080524,cyan
cg26412543,blue
cg00737841,grey
cg04064998,grey
cg23973538,blue
cg06853609,cyan
cg25565376,cyan
cg23691090,grey
cg05722872,brown
cg08172445,cyan
cg22662036,cyan
cg21682210,blue
cg02004621,cyan
cg08060195,grey
cg05385164,cyan
cg10789131,cyan
cg25683358,blue
cg22549041,grey
cg17907730,cyan
cg06422757,cyan
cg00867835,grey
cg04553410,grey
cg09260627,cyan
cg13711144,grey
cg10291648,cyan
cg15821716,cyan
cg00949022,grey
cg12802486,blue
cg04842934,blue
cg00106499,cyan
cg23091699,blue
cg09858237,cyan
cg15803895,cyan
cg02337349,grey
cg03830585,cyan
cg12511887,cyan
cg11934170,cyan
cg19060823,cyan
cg24374161,cyan
cg22642978,cyan
cg16634245,blue
cg15403660,blue
cg02299568,cyan
cg20891862,cyan
cg02225716,grey
cg13536308,cyan
cg16119852,cyan
cg23242979,blue
cg07044032,cyan
cg11346248,grey
cg06150369,cyan
cg23109559,blue
cg08941759,cyan
cg04310266,cyan
cg04422896,cyan
cg17779790,cyan
cg07037852,blue
cg22012230,cyan
cg09156233,grey
cg14943877,brown
cg14756202,grey
cg06674527,grey
cg21396487,cyan
cg12835981,grey
cg09852079,cyan
cg05218357,cyan
cg07429146,grey
cg26328633,grey
cg11890956,cyan
cg14121472,blue
cg16571642,grey
cg10044466,cyan
cg25449542,grey
cg08950375,blue
cg12730088,lightgreen
cg16580982,grey
cg06367472,cyan
cg02372421,cyan
cg01807202,cyan
cg27661460,grey
cg07782112,grey
cg27169503,grey
cg10517290,cyan
cg05480042,cyan
cg14222434,blue
cg11353368,cyan
cg13400188,cyan
cg00596508,grey
cg05965892,grey
cg27055846,grey
cg04396112,grey
cg20414753,blue
cg18347226,white
cg10130446,grey
cg09043750,cyan
cg11373746,cyan
cg14602827,grey
cg26375147,grey
cg02997574,cyan
cg26427818,grey
cg05899224,cyan
cg21058927,cyan
cg10556349,grey
cg08397205,blue
cg13064049,cyan
cg18501615,cyan
cg18135206,grey
cg07211739,cyan
cg17154724,cyan
cg23072161,cyan
cg26939377,cyan
cg14562064,cyan
cg02494059,cyan
cg07827280,cyan
cg07620573,grey
cg19772317,grey
cg11737232,cyan
cg18102575,cyan
cg24564088,cyan
cg12329832,cyan
cg05482973,cyan
cg27173819,grey
cg02104456,blue
cg21089065,blue
cg15882155,blue
cg18110333,grey
cg16433800,cyan
cg13906874,grey
cg18879780,cyan
cg20098514,cyan
cg01313077,cyan
cg11599569,cyan
cg26196700,cyan
cg26494337,blue
cg02582136,cyan
cg02533235,darkorange
cg21033440,grey
cg26522946,cyan
cg22409420,cyan
cg24513883,cyan
cg23235334,brown
cg17130032,cyan
cg11441935,brown
cg04699227,blue
cg09735598,cyan
cg18828365,cyan
cg00735667,grey
cg12974756,cyan
cg07655627,grey
cg02702107,blue
cg14223053,cyan
cg18665871,cyan
cg00104570,cyan
cg09951650,grey
cg11389618,blue
cg00009001,blue
cg21542078,grey
cg17214237,cyan
cg14332815,grey
cg19734801,grey
cg26878734,blue
cg07280731,grey
cg00147286,grey
cg26000663,grey
cg23276187,cyan
cg26843498,grey
cg08169875,blue
cg17678877,cyan
cg20116513,blue
cg07124173,cyan
cg12660466,blue
cg04444674,cyan
cg03735847,cyan
cg15974272,cyan
cg00583304,grey
cg08002883,grey
cg21856881,cyan
cg11058730,cyan
cg00547068,blue
cg08058131,blue
cg19061957,cyan
cg17139369,cyan
cg22223655,grey
cg25731401,grey
cg22463444,blue
cg01237870,cyan
cg01601518,grey
cg19456164,cyan
cg12672189,grey
cg22608848,blue
cg16154810,grey
cg10107304,cyan
cg17691542,grey
cg04332418,cyan
cg23532246,cyan
cg26025543,cyan
cg07016483,cyan
cg13965224,blue
cg07925900,cyan
cg27031506,cyan
cg10230308,cyan
cg11002851,cyan
cg05197191,cyan
cg23206463,grey
cg08808148,blue
cg18845377,cyan
cg04459481,cyan
cg19526779,cyan
cg14458575,grey
cg20618989,cyan
cg16842485,cyan
cg17404915,cyan
cg02909711,cyan
cg18128914,grey
cg06603649,blue
cg05766510,grey
cg25504605,blue
cg08270206,cyan
cg06060137,cyan
cg19970325,white
cg26464889,cyan
cg22071344,cyan
cg05575393,blue
cg13163403,cyan
cg10019720,blue
cg00861824,cyan
cg09657348,cyan
cg16338365,grey
cg00243480,grey
cg20706638,cyan
cg02693289,blue
cg16506815,grey
cg11279488,cyan
cg18957484,cyan
cg22487209,grey
cg06869532,cyan
cg03550075,grey
cg01369829,blue
cg04974702,cyan
cg11523685,cyan
cg10563352,cyan
cg04895321,cyan
cg09727934,blue
cg11945228,grey
cg03117976,grey
cg08861456,grey
cg18039556,cyan
cg25009451,cyan
cg06829695,blue
cg00013410,cyan
cg20347090,cyan
cg27656486,lightgreen
cg26953093,cyan
cg06151464,cyan
cg17413328,grey
cg13969413,blue
cg12589600,cyan
cg20474699,cyan
cg11887721,cyan
cg27470012,cyan
cg03032098,grey
cg19579903,cyan
cg10545536,cyan
cg07842594,grey
cg17579242,blue
cg04394763,cyan
cg27506254,blue
cg15749858,cyan
cg26705953,grey
cg21478921,blue
cg02497785,grey
cg26425904,cyan
cg10518850,grey
cg09238957,grey
cg01908874,grey
cg04898765,blue
cg24769513,cyan
cg20653654,blue
cg21252276,cyan
cg12245770,grey
cg05011838,cyan
cg01389203,cyan
cg15146906,cyan
cg27105577,cyan
cg27326823,cyan
cg11566521,cyan
cg02503501,cyan
cg09169455,grey
cg04652097,grey
cg26940573,grey
cg08640252,grey
cg07035298,blue
cg07087293,cyan
cg17054060,grey
cg14808684,blue
cg17356280,cyan
cg05970846,cyan
cg16771474,blue
cg20041366,cyan
cg00576388,cyan
cg01222603,cyan
cg01873391,cyan
cg01756564,cyan
cg22062601,blue
cg14131272,cyan
cg04162566,cyan
cg26582729,grey
cg04373966,cyan
cg08903631,cyan
cg26992150,blue
cg02354107,cyan
cg09222505,blue
cg12905574,cyan
cg15520606,grey
cg00488691,cyan
cg08929467,blue
cg26254393,cyan
cg26220419,grey
cg24603152,cyan
cg07041999,grey
cg02687055,cyan
cg01993818,grey
cg05485589,cyan
cg20011529,blue
cg15885628,cyan
cg13931999,cyan
cg13796687,grey
cg19455421,cyan
cg02105519,grey
cg25320388,cyan
cg06223162,grey
cg02642126,grey
cg10487770,cyan
cg06153538,blue
cg11200797,grey
cg05777658,cyan
cg00535785,blue
cg14655649,cyan
cg08343347,blue
cg17910899,grey
cg07461682,blue
cg16914674,blue
cg07451141,cyan
cg19335954,cyan
cg14186256,cyan
cg07382149,grey
cg18795469,cyan
cg26942772,cyan
cg20217034,cyan
cg01296653,cyan
cg19389468,blue
cg00530929,cyan
cg19983815,cyan
cg18275321,cyan
cg09257975,cyan
cg15017067,grey
cg02014690,cyan
cg11192169,grey
cg27636011,cyan
cg21871465,grey
cg08277100,grey
cg19539421,cyan
cg06358970,cyan
cg22208361,cyan
cg25435446,cyan
cg07782925,cyan
cg18284650,cyan
cg06669374,grey
cg12228919,grey
cg01014287,cyan
cg00825173,cyan
cg00510011,cyan
cg11315754,cyan
cg09617296,cyan
cg00318877,blue
cg20169823,grey
cg06219670,blue
cg15539245,cyan
cg05512869,blue
cg07855056,cyan
cg05738687,blue
cg08857324,cyan
cg17105604,cyan
cg26570218,grey
cg17555712,cyan
cg19861147,blue
cg24610274,cyan
cg15059162,cyan
cg00501421,cyan
cg19965221,grey
cg17665164,cyan
cg06326278,blue
cg12164973,cyan
cg14793753,cyan
cg15903955,blue
cg22040403,cyan
cg27576755,brown
cg13861644,grey
cg00386581,cyan
cg10604476,grey
cg13072246,cyan
cg25494665,cyan
cg17614564,cyan
cg04570322,cyan
cg09827499,cyan
cg23281527,grey
cg01933251,cyan
cg12072333,cyan
cg22922810,blue
cg00815931,cyan
cg20894569,blue
cg16254375,blue
cg07416344,grey
cg00310523,grey
cg27577933,cyan
cg07794698,cyan
cg12182649,grey
cg09619624,grey
cg14576294,cyan
cg02023215,blue
cg07503829,cyan
cg19556438,cyan
cg05875032,lightgreen
cg25784220,grey
cg06876708,cyan
cg06693983,grey
cg18518111,blue
cg03761649,cyan
cg00368987,grey
cg14900773,blue
cg16834823,grey
cg22456479,blue
cg14773178,grey
cg23497020,cyan
cg05857999,grey
cg03392046,cyan
cg15561583,cyan
cg17132421,grey
cg02095937,cyan
cg12656653,blue
cg22221026,grey
cg12921992,cyan
cg11516629,cyan
cg00474242,cyan
cg16469894,blue
cg06768644,cyan
cg15537082,cyan
cg25036284,cyan
cg16734947,grey
cg26594205,blue
cg16656864,cyan
cg06148974,cyan
cg13781843,grey
cg19183325,cyan
cg17646610,blue
cg09675001,blue
cg05127380,cyan
cg11935018,cyan
cg17168535,cyan
cg27112062,blue
cg09450022,blue
cg19686301,cyan
cg19325435,blue
cg04315214,grey
cg10931252,cyan
cg10556630,cyan
cg16648265,blue
cg09448654,cyan
cg23691518,blue
cg10315347,cyan
cg17842918,grey
cg21053323,grey
cg20699200,cyan
cg10342884,cyan
cg23668184,grey
cg07307653,cyan
cg18485193,grey
cg16415931,cyan
cg15580417,grey
cg11260709,cyan
cg12881363,grey
cg16855352,grey
cg15928016,blue
cg13713218,grey
cg24501027,cyan
cg17481012,blue
cg19041079,cyan
cg07741992,blue
cg19366217,cyan
cg20999246,cyan
cg09496634,grey
cg12373573,cyan
cg14654363,grey
cg06379722,blue
cg21197425,cyan
cg17289202,cyan
cg19825371,grey
cg17072271,cyan
cg26709251,cyan
cg12252135,grey
cg00578530,cyan
cg25350122,cyan
cg25590392,cyan
cg11354576,cyan
cg14699146,blue
cg23549869,cyan
cg22939563,blue
cg26064460,blue
cg00760338,cyan
cg26789283,grey
cg06360820,grey
cg24722950,grey
cg21077049,blue
cg20707764,cyan
cg13840194,cyan
cg05870058,cyan
cg27036376,blue
cg16123319,cyan
cg17493021,blue
cg17784749,cyan
cg06930513,blue
cg00944421,grey
cg09868354,cyan
cg07076661,cyan
cg19376844,cyan
cg07601598,blue
cg22577385,blue
cg09491991,grey
cg08742194,blue
cg26031047,cyan
cg05731021,cyan
cg01172345,blue
cg07263562,blue
cg23978473,blue
cg10287303,cyan
cg12894711,grey
cg16787365,cyan
cg05981907,cyan
cg09446995,cyan
cg27434072,cyan
cg15800530,grey
cg08831324,cyan
cg19770671,blue
cg22305167,grey
cg13060520,cyan
cg01339704,grey
cg17514942,cyan
cg18158888,blue
cg04241308,cyan
cg12528403,cyan
cg17625535,blue
cg07519218,blue
cg18651011,blue
cg12623302,grey
cg16908156,cyan
cg13396858,cyan
cg27495623,cyan
cg19049964,cyan
cg04973632,cyan
cg27637873,blue
cg22047295,cyan
cg10524983,cyan
cg19186614,grey
cg00472375,cyan
cg14649914,cyan
cg16699326,cyan
cg23719132,blue
cg09775785,cyan
cg06776824,cyan
cg20146541,grey
cg20335185,cyan
cg20362689,blue
cg07659053,blue
cg14311471,cyan
cg16575379,cyan
cg00347798,grey
cg15645986,cyan
cg26411687,cyan
cg03910065,cyan
cg04173714,cyan
cg27367142,grey
cg06636551,grey
cg10982443,grey
cg10890302,grey
cg10606061,blue
cg24419363,grey
cg23953697,grey
cg05968258,blue
cg07937453,grey
cg19603903,grey
cg11001780,blue
cg25703407,cyan
cg12892311,cyan
cg20776829,cyan
cg08217660,cyan
cg05985712,cyan
cg01243251,blue
cg00562265,cyan
cg05792003,cyan
cg12219838,blue
cg13558608,cyan
cg18771570,grey
cg21273746,blue
cg27212234,cyan
cg13785949,cyan
cg15911409,blue
cg26796283,cyan
cg16716449,grey
cg05290058,grey
cg09074113,grey
cg17798944,cyan
cg02231295,cyan
cg13264548,cyan
cg19809575,grey
cg08320413,blue
cg26928336,grey
cg20433858,grey
cg13549897,grey
cg13489694,cyan
cg22624255,grey
cg15923025,cyan
cg14276592,cyan
cg06218066,cyan
cg27538385,cyan
cg11812023,cyan
cg19463975,blue
cg18335243,cyan
cg19510970,cyan
cg19811864,cyan
cg18620913,cyan
cg12287025,cyan
cg17221444,cyan
cg06592160,blue
cg18399457,blue
cg10927841,cyan
cg13563119,cyan
cg13198269,cyan
cg05048680,grey
cg10121146,blue
cg11409659,cyan
cg01148786,cyan
cg15268803,cyan
cg13575058,cyan
cg11998497,blue
cg05421328,cyan
cg14817541,cyan
cg17512843,grey
cg25502245,blue
cg23060191,blue
cg04131456,blue
cg03065625,cyan
cg20434178,cyan
cg08622675,blue
cg22061831,grey
cg17377164,cyan
cg01916446,grey
cg05308900,cyan
cg23069036,cyan
cg17212902,blue
cg26437522,cyan
cg27121529,grey
cg26843430,cyan
cg07056260,blue
cg09315329,cyan
cg21186663,cyan
cg01232511,grey
cg21494337,cyan
cg07425541,cyan
cg16393012,cyan
cg14218513,cyan
cg09793807,cyan
cg24800175,grey
cg05124441,cyan
cg22826226,blue
cg27606567,cyan
cg02395768,cyan
cg07588109,cyan
cg22822824,cyan
cg24699976,cyan
cg21057613,cyan
cg00332950,blue
cg07180603,cyan
cg05280932,blue
cg23261372,cyan
cg21777986,cyan
cg09214955,cyan
cg03130627,cyan
cg18840832,cyan
cg24701295,cyan
cg02574526,cyan
cg23136742,grey
cg25069676,cyan
cg12652739,cyan
cg01178772,blue
cg10350352,cyan
cg22966026,blue
cg13736404,cyan
cg04650654,grey
cg08258066,grey
cg10389722,cyan
cg18354954,blue
cg01240734,cyan
cg14614563,cyan
cg23704802,cyan
cg23918923,cyan
cg14319569,cyan
cg20336352,blue
cg26656684,grey
cg16059256,blue
cg13783244,cyan
cg04974121,darkorange
cg09704166,grey
cg15112923,blue
cg14318858,grey
cg12749132,cyan
cg19075239,cyan
cg26328898,cyan
cg03809147,cyan
cg14131536,grey
cg15322766,cyan
cg08520423,grey
cg00078996,grey
cg13679899,blue
cg15635341,cyan
cg24898738,grey
cg23709617,blue
cg16444198,cyan
cg25284075,cyan
cg08415417,grey
cg24405174,grey
cg21144714,cyan
cg00185622,cyan
cg05194618,grey
cg26462931,cyan
cg12045294,cyan
cg01566127,cyan
cg17476223,blue
cg13537276,cyan
cg09605095,grey
cg16496750,cyan
cg20813493,cyan
cg19575909,blue
cg04122974,grey
cg07218516,cyan
cg18264486,grey
cg27579233,blue
cg03166323,cyan
cg08980987,grey
cg13979873,cyan
cg14036041,cyan
cg11165905,grey
cg16968413,grey
cg07871442,grey
cg00014112,grey
cg07647108,cyan
cg13136242,cyan
cg18441041,blue
cg18357371,grey
cg23154743,cyan
cg01815076,grey
cg07674753,cyan
cg00526953,cyan
cg16026103,blue
cg10640646,cyan
cg06952910,grey
cg02696685,grey
cg13880545,cyan
cg05471775,cyan
cg15799072,cyan
cg07058528,cyan
cg00350441,cyan
cg06598836,grey
cg22628851,blue
cg11154715,blue
cg01709619,cyan
cg13578062,cyan
cg15482792,cyan
cg12296550,grey
cg27180286,grey
cg09659208,blue
cg20799268,cyan
cg11266921,grey
cg15890274,brown
cg17862404,cyan
cg24593630,cyan
cg11324054,cyan
cg14298966,cyan
cg04766314,blue
cg20291846,cyan
cg21431338,cyan
cg10241701,grey
cg21572003,blue
cg06351596,blue
cg22679412,blue
cg23460551,blue
cg10535017,cyan
cg01795562,cyan
cg05196362,blue
cg14618310,blue
cg05072819,cyan
cg03271651,cyan
cg16747247,grey
cg13619852,cyan
cg06021753,cyan
cg08285630,grey
cg06127263,cyan
cg01493303,cyan
cg23021014,cyan
cg22530449,blue
cg07580591,cyan
cg27137258,grey
cg01353941,grey
cg20329210,grey
cg13471254,grey
cg11276456,cyan
cg09920172,grey
cg04524477,cyan
cg10099827,grey
cg11336672,cyan
cg12874092,cyan
cg13465890,blue
cg06287927,cyan
cg17526812,cyan
cg03475660,cyan
cg21821308,blue
cg06816875,cyan
cg25470758,grey
cg18369007,cyan
cg08725366,cyan
cg15997020,blue
cg25371129,blue
cg07435966,blue
cg26312839,cyan
cg22776369,cyan
cg14425468,cyan
cg03342084,cyan
cg02076414,cyan
cg04453065,grey
cg16280705,cyan
cg19188595,cyan
cg08219218,blue
cg00052626,grey
cg19875535,blue
cg26680301,cyan
cg17681516,grey
cg20212699,cyan
cg13241681,blue
cg18260919,blue
cg07543626,cyan
cg09826587,cyan
cg11205981,grey
cg02469487,grey
cg01849212,cyan
cg24153171,cyan
cg06157277,cyan
cg13078969,cyan
cg14345128,cyan
cg03178232,blue
cg19731891,grey
cg10547527,grey
cg10569807,cyan
cg01453816,cyan
cg10715383,cyan
cg01243246,cyan
cg00325531,grey
cg04197535,cyan
cg21709257,blue
cg03086067,grey
cg07391610,cyan
cg17870408,cyan
cg09259332,cyan
cg26248878,cyan
cg03670441,cyan
cg23421970,brown
cg25202618,cyan
cg13721600,cyan
cg17792192,blue
cg11941920,grey
cg01993413,grey
cg04312967,blue
cg01989461,cyan
cg23628563,grey
cg06415304,cyan
cg03582419,blue
cg07473471,cyan
cg22726760,cyan
cg11251319,cyan
cg27190537,cyan
cg24897108,blue
cg17860485,brown
cg08467261,cyan
cg06042504,grey
cg12086936,cyan
cg10331500,blue
cg10634964,cyan
cg23205775,cyan
cg19365742,blue
cg12650565,blue
cg14257396,blue
cg16480803,blue
cg07257824,grey
cg15282018,cyan
cg16560774,grey
cg08595182,cyan
cg05057452,cyan
cg25436946,cyan
cg02788419,grey
cg12734920,cyan
cg19704726,cyan
cg16577593,blue
cg10349844,grey
cg05908775,cyan
cg04350646,cyan
cg24083364,grey
cg21644334,blue
cg13711238,blue
cg13636640,cyan
cg16732115,cyan
cg12955069,blue
cg22875239,blue
cg18443229,cyan
cg09682986,blue
cg05213296,grey
cg18776286,cyan
cg21913897,blue
cg05806645,grey
cg00671759,cyan
cg24516711,cyan
cg14719188,cyan
cg15187550,cyan
cg13584718,cyan
cg22785750,cyan
cg07021052,grey
cg04016922,blue
cg16284459,cyan
cg14373597,blue
cg17897916,blue
cg05724965,cyan
cg03916490,grey
cg04539057,blue
cg24797471,cyan
cg24207248,cyan
cg13685314,cyan
cg25089142,cyan
cg18161374,cyan
cg03283048,grey
cg01869136,blue
cg08189659,cyan
cg07287345,blue
cg22819135,blue
cg04337198,blue
cg13463367,cyan
cg17242351,grey
cg25306499,cyan
cg08776820,blue
cg19648023,grey
cg14464791,cyan
cg10562791,cyan
cg03094226,blue
cg14920808,blue
cg07209034,blue
cg25975626,cyan
cg07144666,blue
cg05661869,blue
cg18154328,cyan
cg23594638,blue
cg25972924,cyan
cg19452853,cyan
cg02092589,blue
cg19463193,cyan
cg21985251,cyan
cg21247757,blue
cg15128275,blue
cg23075555,grey
cg16328106,cyan
cg12847536,grey
cg00844641,cyan
cg15025532,cyan
cg03464685,cyan
cg15485670,cyan
cg00674365,grey
cg22078625,grey
cg13280359,blue
cg23662501,cyan
cg01290885,cyan
cg10937652,cyan
cg07191900,grey
cg15764953,cyan
cg15275019,cyan
cg09191810,cyan
cg18419576,cyan
cg15164782,blue
cg23300494,blue
cg10213457,cyan
cg05931345,cyan
cg12083990,cyan
cg20536716,cyan
cg19466590,cyan
cg12161132,grey
cg06665941,brown
cg22464447,grey
cg11678206,blue
cg13414629,grey
cg06421633,cyan
cg22665692,grey
cg14702570,cyan
cg11405279,cyan
cg12924825,cyan
cg13843531,cyan
cg10140536,grey
cg14237711,cyan
cg27234864,grey
cg04108615,cyan
cg02802871,cyan
cg05108179,cyan
cg21352959,grey
cg05232016,cyan
cg01625761,blue
cg16907298,cyan
cg06053805,cyan
cg19415852,blue
cg18496447,cyan
cg23721425,blue
cg24814707,blue
cg14976442,cyan
cg17239008,grey
cg00470794,cyan
cg22852459,cyan
cg22146245,blue
cg23712980,cyan
cg16683981,blue
cg25731211,blue
cg25267487,grey
cg26673279,cyan
cg14937059,blue
cg05789608,cyan
cg15774465,cyan
cg05690644,cyan
cg17232254,blue
cg11036189,cyan
cg26022183,cyan
cg21824413,grey
cg18208171,blue
cg05592255,blue
cg10067182,blue
cg14767877,cyan
cg02582520,grey
cg10632429,cyan
cg13895172,cyan
cg03177593,blue
cg04685531,blue
cg01342196,cyan
cg04226724,cyan
cg13031210,cyan
cg20152484,grey
cg13854983,brown
cg21396998,grey
cg11739721,cyan
cg27385940,cyan
cg01760090,grey
cg26935619,cyan
cg16040564,blue
cg08315825,white
cg06773023,cyan
cg16878088,cyan
cg21249376,cyan
cg24743639,cyan
cg12387009,cyan
cg24358465,cyan
cg06005571,grey
cg02468050,cyan
cg16550453,grey
cg01567615,blue
cg06414161,blue
cg03881544,cyan
cg16348242,grey
cg26552907,blue
cg00916439,cyan
cg27112370,grey
cg13362637,cyan
cg19329225,grey
cg01100864,brown
cg07196124,cyan
cg14923398,blue
cg15356461,blue
cg20030852,blue
cg07293736,grey
cg07623022,grey
cg01010868,cyan
cg07992052,cyan
cg25835306,cyan
cg24019399,blue
cg21859337,cyan
cg01685242,grey
cg16969274,blue
cg07157602,cyan
cg13795465,cyan
cg14564939,grey
cg02118635,cyan
cg24346629,grey
cg05282559,cyan
cg15743157,cyan
cg08883134,cyan
cg16357382,blue
cg18177653,grey
cg04360080,cyan
cg18251019,cyan
cg06210725,cyan
cg02965870,grey
cg07977202,grey
cg24922631,grey
cg08130668,cyan
cg05469285,cyan
cg04865265,cyan
cg27415214,blue
cg14610962,cyan
cg24592962,cyan
cg05935904,grey
cg01158970,brown
cg16109817,cyan
cg23098131,cyan
cg22813744,grey
cg00493755,cyan
cg18011032,blue
cg19817652,grey
cg17380693,blue
cg18802368,blue
cg17284634,blue
cg03433033,grey
cg07744547,grey
cg22216069,cyan
cg03351412,cyan
cg16049349,cyan
cg09861373,cyan
cg27399957,blue
cg14897838,grey
cg05952098,cyan
cg26148135,cyan
cg07142961,cyan
cg09745688,grey
cg07004744,grey
cg26248608,cyan
cg09352202,cyan
cg11691214,cyan
cg03707256,blue
cg00771049,cyan
cg02539829,blue
cg21808881,cyan
cg13255282,grey
cg23041162,cyan
cg19496491,brown
cg19964638,cyan
cg20278383,blue
cg13405775,grey
cg01597255,cyan
cg24021343,blue
cg25651615,cyan
cg14277848,cyan
cg01889448,blue
cg06790492,blue
cg06249604,grey
cg06514371,cyan
cg10234007,blue
cg05091519,grey
cg26247295,blue
cg08863539,grey
cg08056863,cyan
cg14172108,grey
cg26165853,cyan
cg12183978,blue
cg02663258,cyan
cg13216267,cyan
cg06837568,grey
cg26897088,cyan
cg22501294,cyan
cg16585827,cyan
cg10714510,grey
cg24579424,blue
cg02691819,cyan
cg20763254,cyan
cg02039072,blue
cg13066546,blue
cg14027857,cyan
cg18873037,cyan
cg02943720,cyan
cg21106486,grey
cg24131891,cyan
cg00540400,grey
cg03827423,cyan
cg03102494,grey
cg06191810,cyan
cg01119278,grey
cg02700824,cyan
cg05786184,blue
cg07620230,grey
cg27640908,grey
cg13944468,cyan
cg07160278,cyan
cg10884341,grey
cg26839512,grey
cg01985595,blue
cg01006802,grey
cg23059304,cyan
cg16493531,cyan
cg13259118,cyan
cg26484090,blue
cg20640177,cyan
cg10644772,cyan
cg25110423,grey
cg12490816,cyan
cg02478409,cyan
cg02724271,cyan
cg09400081,cyan
cg25456020,grey
cg26363272,blue
cg14866032,grey
cg08112448,cyan
cg05749548,cyan
cg09732966,cyan
cg04858616,grey
cg22560193,grey
cg02346282,blue
cg24204643,cyan
cg27069263,cyan
cg25132226,cyan
cg05058069,blue
cg11200917,grey
cg17947140,cyan
cg15185864,orange
cg03841667,grey
cg27473416,grey
cg26450717,grey
cg24706023,cyan
cg03559880,blue
cg24768974,cyan
cg22230508,cyan
cg12737876,cyan
cg23493510,cyan
cg09506963,blue
cg23026419,cyan
cg04117338,cyan
cg24391991,grey
cg14076496,cyan
cg18383668,grey
cg02533339,grey
cg08832195,blue
cg06575763,grey
cg23044053,grey
cg26986841,cyan
cg23570261,grey
cg02340053,cyan
cg19336497,grey
cg02626129,grey
cg24229701,grey
cg16963622,cyan
cg25285794,cyan
cg00058113,cyan
cg27199599,blue
cg07833382,cyan
cg21220721,grey
cg23274377,cyan
cg27326661,blue
cg27404186,grey
cg02968606,blue
cg06111799,cyan
cg26478485,grey
cg06573795,blue
cg10368775,cyan
cg20962901,cyan
cg08577441,blue
cg04664628,blue
cg22228677,cyan
cg00704652,cyan
cg18424208,grey
cg18762736,cyan
cg06272678,cyan
cg20609092,cyan
cg25841477,cyan
cg24393602,cyan
cg10889502,blue
cg17466535,cyan
cg14209637,cyan
cg11757417,grey
cg05164926,grey
cg08526074,cyan
cg08976749,cyan
cg11997514,cyan
cg20336016,grey
cg05812663,blue
cg15524173,cyan
cg25230151,grey
cg01124440,cyan
cg03009524,blue
cg14944578,cyan
cg03605037,cyan
cg20236533,grey
cg21407839,grey
cg20483690,cyan
cg05935360,cyan
cg19612823,cyan
cg00582881,cyan
cg03610629,blue
cg08991232,cyan
cg06121461,cyan
cg07700843,grey
cg23946014,grey
cg10632277,grey
cg20198108,cyan
cg15859850,cyan
cg13799287,cyan
cg14606680,cyan
cg08067721,grey
cg00872984,grey
cg16720578,grey
cg25232745,cyan
cg25234159,cyan
cg17174814,grey
cg14957639,cyan
cg08886482,grey
cg14998713,cyan
cg12888127,grey
cg09496973,blue
cg21436120,blue
cg06112727,cyan
cg12511749,cyan
cg20164253,cyan
cg21756027,cyan
cg13487949,cyan
cg02435495,cyan
cg25054581,blue
cg17167045,blue
cg08487579,cyan
cg06623150,blue
cg22856539,grey
cg05922972,cyan
cg17324872,blue
cg18430295,cyan
cg14250997,grey
cg08193365,cyan
cg01434618,cyan
cg24089612,blue
cg01182555,grey
cg16686255,blue
cg26649251,grey
cg02315450,blue
cg05049646,blue
cg18758298,cyan
cg15261085,cyan
cg21930399,grey
cg27559893,cyan
cg21126583,grey
cg06699848,blue
cg09053680,grey
cg09592603,cyan
cg07485769,blue
cg10194729,grey
cg18768400,cyan
cg10920224,grey
cg23859931,grey
cg23117778,grey
cg03209166,cyan
cg05234387,blue
cg20733500,cyan
cg12966915,grey
cg23138817,cyan
cg02750262,grey
cg19013339,blue
cg11858450,grey
cg04313601,cyan
cg22516137,blue
cg07485401,blue
cg00628697,grey
cg03063057,grey
cg13882795,cyan
cg22286616,cyan
cg19788214,blue
cg25936054,cyan
cg03427058,grey
cg13624320,cyan
cg00437048,blue
cg10166205,cyan
cg18313148,cyan
cg04771550,grey
cg12034118,grey
cg02253567,cyan
cg12805593,cyan
cg19228665,blue
cg05241924,cyan
cg23587955,blue
cg13415120,blue
cg00167654,cyan
cg11049813,cyan
cg25884711,cyan
cg21108691,blue
cg11951446,cyan
cg12499123,cyan
cg23467079,grey
cg21216600,cyan
cg12133078,blue
cg04989395,blue
cg08348496,cyan
cg07081569,blue
cg13581974,blue
cg11862144,blue
cg13080195,cyan
cg00864916,grey
cg23311628,cyan
cg00025439,grey
cg08282428,grey
cg07911905,blue
cg05707781,blue
cg05019396,blue
cg14067425,blue
cg16986315,grey
cg13433942,cyan
cg10281996,blue
cg14796370,cyan
cg16286275,cyan
cg16925210,cyan
cg09970392,cyan
cg24120960,blue
cg19802241,cyan
cg06805642,blue
cg15249446,cyan
cg14248367,cyan
cg25261181,blue
cg14043253,cyan
cg26723492,cyan
cg07622877,blue
cg00581848,cyan
cg01674679,cyan
cg08582634,cyan
cg26272417,blue
cg26684050,blue
cg07764158,blue
cg14149680,grey
cg07499477,cyan
cg09491944,blue
cg15447775,cyan
cg14757157,blue
cg08218486,blue
cg12881726,grey
cg11884093,cyan
cg09098144,blue
cg24394934,cyan
cg19708055,grey
cg07434707,cyan
cg08752459,cyan
cg01579928,cyan
cg26307797,blue
cg11235602,grey
cg11039614,grey
cg18082080,grey
cg13153708,blue
cg10989381,blue
cg06480249,cyan
cg19622078,cyan
cg26782539,grey
cg12015310,cyan
cg04884244,blue
cg16372632,grey
cg25275750,blue
cg01394138,cyan
cg06070508,cyan
cg10353859,cyan
cg12280692,grey
cg12814384,blue
cg07862744,blue
cg21548005,cyan
cg24917527,brown
cg26081900,blue
cg22755785,cyan
cg22417420,cyan
cg25353308,grey
cg08126158,blue
cg14689219,cyan
cg02907176,cyan
cg02615117,cyan
cg07116010,grey
cg21170041,grey
cg17600863,blue
cg06626759,blue
cg16737567,cyan
cg03269060,grey
cg20915333,blue
cg03470736,cyan
cg17368581,cyan
cg04782982,blue
cg24107899,grey
cg07695654,blue
cg09770095,blue
cg21539371,cyan
cg13220109,cyan
cg05359249,brown
cg17445212,grey
cg10454162,grey
cg25878830,blue
cg19136183,grey
cg17011799,blue
cg26426080,grey
cg20979732,cyan
cg14859324,grey
cg22433276,cyan
cg14698961,cyan
cg00612595,grey
cg23467281,blue
cg19101326,grey
cg01632311,cyan
cg08839081,cyan
cg05711023,blue
cg02698580,grey
cg09918751,grey
cg05396731,cyan
cg07821427,cyan
cg00944502,cyan
cg27392904,grey
cg08002746,blue
cg05181025,cyan
cg18220666,blue
cg14934141,blue
cg19354091,cyan
cg04153116,cyan
cg15832574,blue
cg08835956,grey
cg27078652,cyan
cg26836273,blue
cg27494226,grey
cg00487848,blue
cg21638219,cyan
cg17101494,blue
cg21053224,blue
cg21206147,grey
cg05285759,blue
cg22678977,blue
cg11417973,cyan
cg01559436,grey
cg23234756,blue
cg24566581,blue
cg06988236,grey
cg25695610,grey
cg09177349,cyan
cg25834275,cyan
cg22910715,cyan
cg22251684,blue
cg11479419,cyan
cg14376917,cyan
cg01879693,blue
cg21845869,blue
cg09152955,cyan
cg08688551,cyan
cg14515364,grey
cg12500284,cyan
cg10718940,cyan
cg18586886,cyan
cg15847845,grey
cg14720888,cyan
cg05207121,cyan
cg11224582,grey
cg13217658,blue
cg15159247,cyan
cg03434432,cyan
cg00871917,cyan
cg18123048,cyan
cg13067509,blue
cg25625872,cyan
cg22697034,blue
cg09805010,grey
cg13528463,blue
cg02714192,blue
cg04497547,cyan
cg25107077,cyan
cg18712677,cyan
cg25219134,cyan
cg13016975,blue
cg05258935,blue
cg14618583,blue
cg26495839,cyan
cg11437810,grey
cg04505205,blue
cg13337201,cyan
cg17653955,blue
cg05731122,cyan
cg08638876,cyan
cg04122358,grey
cg04700292,blue
cg16423650,cyan
cg15823845,cyan
cg02380802,grey
cg16956133,grey
cg14010914,cyan
cg02376806,blue
cg07293993,cyan
cg07350703,cyan
cg18548208,cyan
cg26554567,cyan
cg12657380,blue
cg04140924,cyan
cg13902446,cyan
cg21109038,grey
cg09084936,cyan
cg13421612,cyan
cg21465176,cyan
cg24165760,cyan
cg03315407,cyan
cg02614129,cyan
cg00247599,cyan
cg04771938,cyan
cg23704770,cyan
cg06635871,blue
cg17436861,cyan
cg27654505,cyan
cg13590130,blue
cg15600987,cyan
cg19138900,cyan
cg11672054,cyan
cg14324370,cyan
cg18815765,cyan
cg23352185,cyan
cg04370315,cyan
cg27391710,cyan
cg16501237,grey
cg23456826,grey
cg01363334,blue
cg20734569,grey
cg13186466,cyan
cg24552697,blue
cg09317102,cyan
cg25653703,cyan
cg04913730,grey
cg26786623,blue
cg14623316,blue
cg09293387,grey
cg21909643,cyan
cg11133979,blue
cg14330853,cyan
cg14573411,grey
cg12647333,cyan
cg21597209,cyan
cg00914462,cyan
cg03891929,cyan
cg18357526,cyan
cg11537619,blue
cg14955916,grey
cg18617219,white
cg03704899,blue
cg23284931,grey
cg18627429,blue
cg22860233,grey
cg10879486,blue
cg18372896,blue
cg14651505,cyan
cg12598099,cyan
cg26787220,grey
cg19508701,cyan
cg15831653,cyan
cg10934821,cyan
cg05885020,cyan
cg04767932,cyan
cg11106794,cyan
cg13580265,grey
cg04340421,cyan
cg09410841,cyan
cg25039993,blue
cg24605288,blue
cg24676409,grey
cg18892128,cyan
cg04893454,blue
cg04747993,cyan
cg03603035,blue
cg07031665,cyan
cg11230363,blue
cg01498231,cyan
cg15093003,grey
cg16491046,cyan
cg01870995,grey
cg21923992,cyan
cg23102195,grey
cg15909132,grey
cg00626422,cyan
cg20546098,blue
cg03369477,cyan
cg11756029,cyan
cg14121414,grey
cg23659337,cyan
cg04953552,grey
cg09214240,blue
cg11679443,cyan
cg20192481,cyan
cg10763598,cyan
cg15490944,cyan
cg17412258,cyan
cg13695892,cyan
cg08431089,cyan
cg01658670,cyan
cg04903936,grey
cg21805221,grey
cg04855748,grey
cg19461582,cyan
cg14739664,grey
cg14316565,grey
cg16624692,cyan
cg27143246,cyan
cg05057720,grey
cg09929564,cyan
cg18738553,cyan
cg10224655,cyan
cg00795626,cyan
cg23500774,cyan
cg13620490,blue
cg05625103,grey
cg01755539,cyan
cg03357180,cyan
cg23964682,grey
cg09284655,grey
cg12528753,cyan
cg12976424,cyan
cg01418856,grey
cg08946801,cyan
cg12092561,cyan
cg24129382,cyan
cg05612977,cyan
cg06369833,cyan
cg11764359,cyan
cg20489582,cyan
cg06860864,blue
cg27446573,cyan
cg03212272,cyan
cg16473166,cyan
cg18317589,cyan
cg01993067,blue
cg19275200,blue
cg21987077,blue
cg12078775,grey
cg25538602,grey
cg13951664,cyan
cg22969669,blue
cg10341935,cyan
cg23214565,cyan
cg19346507,cyan
cg09973148,grey
cg02341645,grey
cg13324547,cyan
cg23415756,cyan
cg19278165,cyan
cg00229257,cyan
cg06873352,grey
cg20066226,grey
cg21043815,cyan
cg01335658,grey
cg10482057,grey
cg13135047,blue
cg15191798,grey
cg19696333,grey
cg09819502,grey
cg04816171,grey
cg16473610,cyan
cg00127424,cyan
cg07613693,brown
cg11099586,cyan
cg15959986,cyan
cg13554903,cyan
cg13050766,cyan
cg14364844,blue
cg21634137,cyan
cg15348972,cyan
cg15602631,blue
cg09437885,cyan
cg08285768,blue
cg16163558,blue
cg13042536,cyan
cg00771026,cyan
cg15032638,grey
cg12594911,cyan
cg18238491,grey
cg22057899,blue
cg17050806,grey
cg05105054,blue
cg15572907,grey
cg17969377,cyan
cg23424800,blue
cg15528091,cyan
cg22915993,blue
cg10272779,cyan
cg13247581,cyan
cg15594905,cyan
cg01637870,cyan
cg25320221,cyan
cg13717023,grey
cg22570042,grey
cg27085741,cyan
cg22290704,blue
cg07336230,cyan
cg02401399,cyan
cg18468725,blue
cg19111042,cyan
cg05509777,grey
cg02446378,cyan
cg18371052,grey
cg04843676,blue
cg08506026,blue
cg23970189,grey
cg07805817,cyan
cg23696620,blue
cg04117229,cyan
cg18082788,grey
cg11217367,blue
cg22541911,cyan
cg04138571,cyan
cg04751358,cyan
cg27250236,grey
cg03365403,blue
cg03879918,blue
cg04724115,grey
cg22798521,blue
cg13739025,cyan
cg06023487,cyan
cg06117184,grey
cg06370133,cyan
cg18758796,grey
cg13749266,blue
cg21712831,cyan
cg19140085,cyan
cg04600792,blue
cg03166550,darkorange
cg21080140,cyan
cg03075534,grey
cg03997764,cyan
cg11836012,cyan
cg16187659,cyan
cg06709766,cyan
cg00435098,blue
cg15578948,blue
cg04510815,blue
cg02148222,cyan
cg17436327,grey
cg14071762,cyan
cg05404618,cyan
cg09501917,blue
cg13337238,cyan
cg10642449,cyan
cg04004158,grey
cg23258065,grey
cg26651950,cyan
cg22692549,grey
cg13428516,grey
cg24806953,cyan
cg06867482,grey
cg22915534,cyan
cg10507099,cyan
cg20441502,cyan
cg23808931,grey
cg05798523,cyan
cg09301222,grey
cg08635118,cyan
cg04738301,grey
cg22402853,cyan
cg17079378,cyan
cg11105585,grey
cg19655195,grey
cg23886974,cyan
cg22234712,grey
cg15031299,blue
cg26851650,blue
cg00666685,cyan
cg26377875,cyan
cg23202316,cyan
cg10496560,cyan
cg10951120,cyan
cg15121053,cyan
cg06644428,grey
cg18164313,grey
cg05418199,blue
cg03327615,cyan
cg25022560,cyan
cg25248160,grey
cg10724425,cyan
cg05169244,cyan
cg12180121,cyan
cg24965497,blue
cg13688524,cyan
cg12009398,grey
cg11445122,cyan
cg07708472,cyan
cg03185022,cyan
cg23477967,cyan
cg08822897,grey
cg08275306,cyan
cg05747376,cyan
cg02068160,blue
cg19500098,grey
cg26151531,grey
cg13702953,grey
cg26117570,blue
cg14339043,cyan
cg15592184,blue
cg01570662,cyan
cg15037110,cyan
cg01938118,cyan
cg17932096,grey
cg23906454,blue
cg18090147,cyan
cg17427491,grey
cg18182358,cyan
cg13366601,blue
cg03505583,cyan
cg17190703,cyan
cg14787155,cyan
cg05244029,cyan
cg08867150,cyan
cg01438145,grey
cg04889045,blue
cg07798892,cyan
cg16910246,blue
cg20287640,cyan
cg18201070,grey
cg16400350,blue
cg05054115,cyan
cg18728839,cyan
cg12446939,blue
cg01900836,blue
cg21157115,grey
cg02243714,grey
cg05306070,cyan
cg10097813,cyan
cg17541715,grey
cg08520191,blue
cg10769251,cyan
cg17023395,blue
cg14531093,grey
cg16581738,blue
cg06657462,brown
cg24520806,cyan
cg04073265,grey
cg22394535,cyan
cg01805493,blue
cg04678743,grey
cg13468767,grey
cg11321180,cyan
cg22473961,blue
cg02018277,grey
cg22039724,blue
cg25208046,cyan
cg20210501,grey
cg13108328,cyan
cg14050262,cyan
cg13336690,grey
cg27099277,blue
cg13635014,blue
cg24345715,lightgreen
cg14787260,cyan
cg02447462,grey
cg16724319,cyan
cg04199615,blue
cg16124546,cyan
cg03736085,cyan
cg08497894,blue
cg14254273,cyan
cg16495873,blue
cg07238058,grey
cg11302887,cyan
cg03935359,grey
cg20402552,cyan
cg11933757,cyan
cg03095533,cyan
cg14210634,cyan
cg07940485,cyan
cg08962682,cyan
cg00172225,blue
cg00210098,cyan
cg25604739,cyan
cg19813030,cyan
cg12466737,cyan
cg11808746,brown
cg18811157,blue
cg09437909,grey
cg05085169,grey
cg05851866,grey
cg06820296,cyan
cg25691754,cyan
cg14068721,grey
cg11816345,cyan
cg19504888,blue
cg17170948,cyan
cg24360745,blue
cg04213900,grey
cg08263099,cyan
cg06224732,blue
cg05343713,blue
cg11214846,cyan
cg18769229,cyan
cg22813699,blue
cg18251222,cyan
cg05674437,grey
cg15620734,blue
cg05162533,cyan
cg04327593,blue
cg14319793,blue
cg16708785,cyan
cg06281719,cyan
cg24398932,grey
cg14392031,grey
cg27168493,cyan
cg03383873,cyan
cg23480821,cyan
cg12097222,grey
cg19431051,grey
cg22983555,blue
cg15223831,blue
cg17639894,cyan
cg02996006,cyan
cg12176476,cyan
cg27493151,cyan
cg11828766,cyan
cg12732734,cyan
cg15386434,grey
cg10277864,blue
cg23123540,cyan
cg22155376,blue
cg22705746,grey
cg13138389,cyan
cg12087941,blue
cg01724067,cyan
cg05684406,cyan
cg20019410,cyan
cg21359254,grey
cg04163118,cyan
cg04598325,cyan
cg06910254,grey
cg11337790,blue
cg18090431,blue
cg08583611,cyan
cg04044120,grey
cg02472291,grey
cg03702675,blue
cg08879470,grey
cg09639725,cyan
cg14645085,cyan
cg20958720,cyan
cg21668166,blue
cg20064139,blue
cg03286899,cyan
cg10092251,blue
cg16058430,blue
cg06282829,blue
cg21965820,cyan
cg12014368,blue
cg12211962,cyan
cg06743703,grey
cg01241758,cyan
cg12011436,cyan
cg18649601,cyan
cg06845639,blue
cg02842227,grey
cg21701395,cyan
cg17728600,blue
cg23909802,blue
cg04365696,blue
cg12033288,grey
cg10614809,grey
cg11260046,grey
cg01322290,blue
cg08589981,blue
cg27344430,blue
cg20409752,grey
cg15783848,blue
cg19339811,cyan
cg26707709,grey
cg20793623,blue
cg15732164,blue
cg11032776,cyan
cg04432275,blue
cg24940138,cyan
cg27210269,blue
cg06983483,cyan
cg16943529,grey
cg10338465,cyan
cg09898060,cyan
cg17211192,cyan
cg10725932,cyan
cg03052970,cyan
cg05180859,grey
cg16628372,cyan
cg26476599,cyan
cg27554514,cyan
cg04170442,cyan
cg19319735,cyan
cg04529785,cyan
cg26214055,blue
cg25414463,blue
cg05724492,grey
cg09337563,blue
cg20271681,cyan
cg27420264,cyan
cg05148373,cyan
cg15124547,blue
cg01258653,cyan
cg24457886,cyan
cg17685679,grey
cg03044684,blue
cg13606616,cyan
cg08016310,cyan
cg16308672,blue
cg12437481,grey
cg12242373,cyan
cg21643138,blue
cg18320647,cyan
cg08876899,cyan
cg12148899,cyan
cg10911971,cyan
cg00371829,cyan
cg23161317,grey
cg01733217,cyan
cg19350682,grey
cg03320492,cyan
cg07541023,cyan
cg09694986,blue
cg10309957,cyan
cg16876647,cyan
cg20592691,blue
cg08942080,blue
cg11349328,cyan
cg22255634,blue
cg05700724,grey
cg10664338,cyan
cg06789412,grey
cg13250001,cyan
cg20256117,cyan
cg14581887,cyan
cg05002512,cyan
cg15838914,cyan
cg21017348,blue
cg12687926,grey
cg23592392,blue
cg05164916,cyan
cg01199603,blue
cg06850787,grey
cg19879471,blue
cg20985758,blue
cg22794998,blue
cg20251161,cyan
cg12447069,cyan
cg11651535,grey
cg04158046,cyan
cg01287342,blue
cg16341495,blue
cg14384748,grey
cg07031797,cyan
cg18020334,cyan
cg20296327,blue
cg09023820,grey
cg00952134,cyan
cg18674212,lightgreen
cg14166458,cyan
cg23257604,cyan
cg25828427,blue
cg22247039,cyan
cg12405785,cyan
cg02093918,blue
cg10767168,brown
cg09909775,brown
cg05759718,grey
cg26408224,grey
cg01997529,cyan
cg09537434,cyan
cg24406116,cyan
cg13766795,blue
cg09622265,cyan
cg12433062,grey
cg13282195,grey
cg03854265,blue
cg22013407,blue
cg22272668,blue
cg26464821,grey
cg07081887,cyan
cg20253639,grey
cg03000989,blue
cg03591582,blue
cg15809387,cyan
cg14709479,grey
cg19929123,cyan
cg09354439,cyan
cg05573767,grey
cg16104915,cyan
cg14447887,cyan
cg05567269,blue
cg21574531,cyan
cg23076870,blue
cg08025464,grey
cg22341533,blue
cg11908291,blue
cg25683535,cyan
cg08305552,blue
cg24916688,blue
cg10410213,cyan
cg14097855,cyan
cg09865676,cyan
cg03176453,cyan
cg01037637,grey
cg05313794,grey
cg16542283,cyan
cg17366294,grey
cg16013485,grey
cg10503083,cyan
cg01093369,blue
cg21017887,cyan
cg21580058,cyan
cg02400334,cyan
cg00290607,grey
cg12743169,cyan
cg26729242,blue
cg10950924,grey
cg03140412,cyan
cg08740026,blue
cg09807033,blue
cg03218402,blue
cg27338504,cyan
cg04826673,blue
cg18123581,blue
cg02567769,grey
cg27227786,grey
cg22633036,grey
cg22764639,cyan
cg07868715,cyan
cg05332483,grey
cg08320524,grey
cg07068956,blue
cg01850934,cyan
cg26315918,grey
cg09721595,blue
cg23023513,blue
cg14228592,grey
cg11191979,blue
cg03213289,grey
cg26308818,blue
cg15174564,grey
cg14118546,cyan
cg23350336,cyan
cg17830810,blue
cg14367306,blue
cg15025769,cyan
cg26513180,cyan
cg05392364,grey
cg21507487,blue
cg06183947,cyan
cg10240744,cyan
cg05254132,cyan
cg09288989,blue
cg11444072,blue
cg18698699,blue
cg14076195,cyan
cg20646317,grey
cg20469507,blue
cg14385337,grey
cg05143078,cyan
cg19636411,blue
cg24773418,grey
cg04198308,cyan
cg01773685,grey
cg01538778,cyan
cg26891576,cyan
cg02923628,blue
cg14863074,cyan
cg18815626,cyan
cg15939466,cyan
cg27349795,cyan
cg15739543,cyan
cg16763192,darkorange
cg15604693,cyan
cg04406111,grey
cg24691105,cyan
cg26832062,cyan
cg11342670,cyan
cg26370911,blue
cg17283383,cyan
cg02395441,cyan
cg04582539,cyan
cg22718729,cyan
cg24054938,cyan
cg02934834,grey
cg12420858,cyan
cg03300581,cyan
cg19760225,cyan
cg25250073,cyan
cg18345115,grey
cg00437432,cyan
cg02795678,blue
cg02849750,blue
cg02172579,cyan
cg00074313,blue
cg00778995,cyan
cg14042190,grey
cg16059541,cyan
cg26435092,cyan
cg02953125,blue
cg11551902,cyan
cg22171626,cyan
cg14565408,blue
cg26609631,grey
cg26170805,grey
cg26243254,cyan
cg24512778,cyan
cg19907915,grey
cg00138474,cyan
cg26845390,grey
cg23477406,cyan
cg06062519,cyan
cg20616919,cyan
cg21252812,cyan
cg25176883,blue
cg19712189,grey
cg19867649,grey
cg05257472,cyan
cg10493356,cyan
cg05318486,cyan
cg06557057,cyan
cg15046712,blue
cg18045859,grey
cg06305340,cyan
cg22830701,cyan
cg10351287,grey
cg11130778,blue
cg21124175,blue
cg25571757,cyan
cg20258090,cyan
cg12868173,cyan
cg17221980,grey
cg22190774,cyan
cg11982332,cyan
cg01238044,grey
cg07111501,grey
cg16082503,blue
cg02761940,cyan
cg04068497,cyan
cg06100373,blue
cg00014986,cyan
cg23012552,cyan
cg20918484,cyan
cg10973043,blue
cg03001875,cyan
cg17006042,cyan
cg08905999,blue
cg19711530,grey
cg09923107,cyan
cg05783998,cyan
cg02968883,blue
cg11974956,cyan
cg12708807,cyan
cg08480307,blue
cg19149522,grey
cg11661000,grey
cg10907912,cyan
cg09824328,cyan
cg02135464,blue
cg16502595,cyan
cg07451084,cyan
cg24777868,cyan
cg13713739,blue
cg09220393,blue
cg24127639,cyan
cg13515774,cyan
cg02192555,blue
cg07323350,cyan
cg12811552,cyan
cg08592530,cyan
cg14851140,blue
cg17643729,blue
cg00573330,cyan
cg21241850,cyan
cg26635366,cyan
cg11254952,blue
cg24227264,cyan
cg07032258,cyan
cg12034187,cyan
cg18833306,cyan
cg00873473,cyan
cg22178096,cyan
cg11376913,cyan
cg04272560,cyan
cg06802812,cyan
cg12803053,blue
cg15627145,blue
cg01594538,cyan
cg08690812,cyan
cg00671224,blue
cg23529754,cyan
cg18830721,grey
cg25789277,grey
cg27488370,cyan
cg13038229,blue
cg24675658,cyan
cg15586341,blue
cg23715435,cyan
cg21671020,cyan
cg25475289,grey
cg20923716,grey
cg25013550,cyan
cg19029285,blue
cg11558376,cyan
cg08557928,cyan
cg19089394,grey
cg23724117,cyan
cg25107000,grey
cg02264195,blue
cg25497529,cyan
cg01969910,cyan
cg08159989,blue
cg21915659,blue
cg05660889,cyan
cg14479014,blue
cg24673147,cyan
cg01068944,grey
cg16799998,cyan
cg24079171,blue
cg13995916,blue
cg22085055,cyan
cg08864381,cyan
cg22164916,cyan
cg11187806,blue
cg21198550,cyan
cg09038926,blue
cg20999912,cyan
cg12024828,cyan
cg06746318,blue
cg07058639,cyan
cg02865447,cyan
cg04155632,cyan
cg05022225,cyan
cg27303986,cyan
cg02973270,cyan
cg23503501,grey
cg27589088,grey
cg15893431,cyan
cg03130248,blue
cg11739675,grey
cg01202150,cyan
cg14388982,blue
cg24958423,blue
cg14228332,cyan
cg20372689,cyan
cg01394819,cyan
cg05413988,cyan
cg04099524,cyan
cg12015991,grey
cg01217180,grey
cg11480627,grey
cg15689991,cyan
cg15313936,blue
cg05268347,blue
cg00930710,cyan
cg12818067,cyan
cg26873880,grey
cg08545398,cyan
cg23301492,cyan
cg16792002,blue
cg16310579,blue
cg21736309,cyan
cg17135675,blue
cg16565154,cyan
cg18815398,grey
cg06366213,cyan
cg05876591,cyan
cg23664318,cyan
cg25390199,grey
cg16222491,blue
cg18793322,blue
cg04396454,blue
cg06751705,cyan
cg27128734,grey
cg26883840,blue
cg00114029,grey
cg11464285,cyan
cg03013917,blue
cg23954819,cyan
cg01017244,grey
cg08511716,cyan
cg26812418,cyan
cg27528091,cyan
cg06703079,cyan
cg10467557,grey
cg14593550,cyan
cg01966344,cyan
cg22635723,cyan
cg07544653,grey
cg02153747,blue
cg05063616,cyan
cg25880593,grey
cg15694117,grey
cg23620279,cyan
cg04296540,grey
cg10328220,cyan
cg16418810,cyan
cg19695335,grey
cg11424682,cyan
cg01962183,grey
cg03924111,cyan
cg08770870,grey
cg21122375,cyan
cg09077340,cyan
cg07434166,blue
cg16519192,grey
cg19513193,cyan
cg14054120,cyan
cg18471460,grey
cg19398112,cyan
cg23729331,blue
cg01868016,cyan
cg01448194,blue
cg23908228,grey
cg01802180,blue
cg00466108,cyan
cg10118513,cyan
cg05739190,cyan
cg21016266,grey
cg25458175,grey
cg03479942,blue
cg08269986,cyan
cg03093033,cyan
cg24799620,grey
cg18802486,cyan
cg20909645,grey
cg05550692,cyan
cg23863410,cyan
cg11340363,cyan
cg11738723,blue
cg08416764,blue
cg12986338,cyan
cg19484559,blue
cg10522577,cyan
cg03582157,cyan
cg02169125,grey
cg21922991,cyan
cg09616463,cyan
cg22355463,cyan
cg15534020,cyan
cg11158482,cyan
cg24339197,blue
cg12814535,blue
cg00442112,grey
cg14157435,grey
cg22749736,blue
cg11930609,cyan
cg04492858,grey
cg21607076,cyan
cg09461494,blue
cg11970050,cyan
cg08640475,grey
cg04383369,cyan
cg22111318,cyan
cg06529468,grey
cg19963768,cyan
cg16942681,cyan
cg22964146,grey
cg04807108,grey
cg26015356,blue
cg23550947,blue
cg24942272,cyan
cg26389727,cyan
cg22519151,cyan
cg01096398,cyan
cg20785715,cyan
cg25337795,cyan
cg09021898,cyan
cg02561103,blue
cg12642717,blue
cg10796078,cyan
cg14203827,blue
cg04024904,cyan
cg09571097,cyan
cg12386876,blue
cg02947021,cyan
cg14869527,cyan
cg05515713,cyan
cg15770702,cyan
cg10057976,cyan
cg05360176,cyan
cg18933685,grey
cg13409888,cyan
cg05742691,blue
cg12357681,cyan
cg02074728,cyan
cg18754910,blue
cg06002665,blue
cg02824202,grey
cg14303122,cyan
cg20847625,cyan
cg03379477,grey
cg24233331,cyan
cg15481636,cyan
cg13374688,cyan
cg23769730,blue
cg17942639,grey
cg11332026,cyan
cg16518686,cyan
cg25211403,grey
cg02514021,cyan
cg20040285,cyan
cg07226193,cyan
cg11227621,cyan
cg14519859,cyan
cg17405234,grey
cg14405589,cyan
cg00754027,cyan
cg18533392,blue
cg03455424,grey
cg16924702,cyan
cg22201734,grey
cg24815289,grey
cg00240653,cyan
cg27653831,cyan
cg10146807,cyan
cg23241448,cyan
cg23402097,grey
cg05705964,blue
cg02960488,blue
cg23743627,cyan
cg11481720,cyan
cg27196974,grey
cg25608569,cyan
cg05103132,cyan
cg00628877,cyan
cg02067211,cyan
cg11710334,cyan
cg24135491,grey
cg03841065,cyan
cg13320555,cyan
cg16920123,cyan
cg04840417,cyan
cg05149425,cyan
cg05306856,cyan
cg16437009,cyan
cg25356066,cyan
cg16552884,blue
cg05308495,grey
cg22271515,blue
cg08379987,grey
cg12769705,grey
cg26990660,cyan
cg14643520,grey
cg25472614,blue
cg11915016,cyan
cg07179693,grey
cg04844543,grey
cg25921194,blue
cg15413043,blue
cg26702001,cyan
cg12988725,cyan
cg16659561,blue
cg00590260,grey
cg18924222,cyan
cg16513933,blue
cg03402001,cyan
cg11528033,blue
cg27437510,blue
cg06824583,grey
cg10639368,grey
cg02707638,cyan
cg11921908,cyan
cg02337062,cyan
cg11041161,cyan
cg11719952,grey
cg10196128,cyan
cg26696260,blue
cg09824782,cyan
cg13067553,grey
cg13741740,grey
cg16594139,grey
cg11125589,cyan
cg24283186,cyan
cg17994139,grey
cg22517836,cyan
cg05875302,grey
cg00149397,cyan
cg17607973,grey
cg12805580,cyan
cg12665951,cyan
cg21739208,cyan
cg14462928,cyan
cg04329125,grey
cg23382700,cyan
cg27364766,blue
cg07452777,grey
cg16698116,cyan
cg19770292,grey
cg16022553,blue
cg12865405,blue
cg17814481,cyan
cg06657243,cyan
cg00607058,grey
cg26246897,cyan
cg25456477,grey
cg07139330,cyan
cg00253171,blue
cg06095699,cyan
cg24794313,blue
cg10302293,cyan
cg22708112,grey
cg04326269,cyan
cg26085762,blue
cg16424178,cyan
cg02897359,cyan
cg17226811,cyan
cg07341141,blue
cg08300343,cyan
cg20180721,cyan
cg05432848,cyan
cg27010688,blue
cg04845687,blue
cg20593831,cyan
cg20032934,cyan
cg00565070,cyan
cg12832630,cyan
cg19929409,blue
cg08725962,cyan
cg18453965,cyan
cg22509054,cyan
cg19370166,cyan
cg20744788,blue
cg23620433,cyan
cg19359929,cyan
cg25601879,blue
cg27380580,cyan
cg24828322,blue
cg15283062,cyan
cg13514129,grey
cg14289929,cyan
cg21842660,blue
cg17132465,grey
cg10196001,blue
cg14004673,cyan
cg14493094,grey
cg16058797,grey
cg00864083,blue
cg03246824,cyan
cg00088299,cyan
cg00611227,blue
cg04465286,cyan
cg22338443,blue
cg12946371,cyan
cg01677098,cyan
cg13655566,blue
cg26058420,grey
cg09097845,blue
cg17160660,cyan
cg23549774,blue
cg12337098,blue
cg18861713,blue
cg04199473,cyan
cg06379383,blue
cg19723678,blue
cg04534503,blue
cg27098685,grey
cg16785953,blue
cg10457852,blue
cg19511382,blue
cg01461368,blue
cg04081324,cyan
cg19896655,cyan
cg04788249,cyan
cg07953201,grey
cg09484638,cyan
cg20554926,cyan
cg21338523,blue
cg25942789,grey
cg08291886,cyan
cg02394263,cyan
cg10980329,blue
cg01056174,cyan
cg23940467,cyan
cg17174230,cyan
cg12835924,cyan
cg00810529,blue
cg11189039,cyan
cg15076659,cyan
cg22375856,blue
cg20594982,grey
cg23374376,grey
cg25385412,cyan
cg03475776,grey
cg05588658,cyan
cg06324373,grey
cg09559545,cyan
cg09059250,blue
cg07380496,cyan
cg20945472,blue
cg03059112,cyan
cg00319395,cyan
cg25750018,blue
cg15506890,grey
cg26770381,cyan
cg20154865,cyan
cg19624601,blue
cg22063056,cyan
cg04168939,cyan
cg18091046,grey
cg14117219,grey
cg02108556,blue
cg14356225,grey
cg02776035,cyan
cg21495568,cyan
cg05491001,grey
cg10091994,cyan
cg00005817,blue
cg08643928,cyan
cg13242090,blue
cg05150641,blue
cg25328403,cyan
cg16860694,cyan
cg09259694,cyan
cg03603977,grey
cg22346355,cyan
cg16974308,blue
cg01288184,cyan
cg02796773,cyan
cg16729415,grey
cg22875643,cyan
cg06375580,cyan
cg04446777,cyan
cg09657963,cyan
cg07770857,cyan
cg23187103,cyan
cg15577451,blue
cg11942221,blue
cg26308704,grey
cg09451960,cyan
cg05972047,cyan
cg21526120,blue
cg19736712,grey
cg03839794,grey
cg26332365,cyan
cg12181217,cyan
cg24998527,grey
cg06099784,blue
cg19538502,cyan
cg27505984,cyan
cg14921485,blue
cg26754472,grey
cg19781637,blue
cg16799897,grey
cg25315287,cyan
cg20421914,cyan
cg17159093,cyan
cg08920807,cyan
cg10755730,cyan
cg23677778,cyan
cg14641092,blue
cg04987827,cyan
cg27034935,grey
cg07356745,grey
cg09222379,cyan
cg17218495,grey
cg25267765,cyan
cg25257870,cyan
cg20742840,blue
cg17459893,cyan
cg17022362,grey
cg06082141,blue
cg15604891,cyan
cg18539474,grey
cg04221681,blue
cg08510264,grey
cg24633978,grey
cg10079740,grey
cg12558755,cyan
cg16006004,grey
cg05129568,blue
cg19878627,grey
cg07025785,grey
cg09509909,cyan
cg20754964,blue
cg15661389,cyan
cg16070018,cyan
cg01573747,grey
cg07296849,blue
cg19280133,cyan
cg14021564,cyan
cg17013729,grey
cg13831848,blue
cg23667555,cyan
cg09951433,cyan
cg04905789,cyan
cg21162694,cyan
cg00107982,cyan
cg07601320,grey
cg19789653,cyan
cg15650713,cyan
cg08106148,cyan
cg13041080,blue
cg23023844,grey
cg03322334,grey
cg04498082,cyan
cg08005093,blue
cg05180887,grey
cg13901752,cyan
cg04986870,grey
cg19191555,blue
cg09547625,cyan
cg18536123,blue
cg04650899,cyan
cg12705640,cyan
cg03450049,cyan
cg04721485,blue
cg10345164,blue
cg21902095,cyan
cg25619837,cyan
cg22545206,grey
cg15175143,grey
cg22472154,blue
cg04322483,cyan
cg03381515,cyan
cg26689483,grey
cg13772849,blue
cg22560197,cyan
cg08330435,grey
cg15362557,blue
cg11523221,blue
cg18923581,cyan
cg00951395,grey
cg15247372,cyan
cg03436453,cyan
cg13592399,cyan
cg01328403,cyan
cg13618906,cyan
cg06847429,cyan
cg23517124,cyan
cg19388373,grey
cg20215367,cyan
cg19197750,cyan
cg15767191,blue
cg13893584,cyan
cg12999837,cyan
cg21538020,cyan
cg17026456,cyan
cg20850894,blue
cg11757144,cyan
cg07262012,orange
cg02930317,cyan
cg08668359,blue
cg05614058,cyan
cg06712559,grey
cg19267551,grey
cg08844137,cyan
cg14315341,blue
cg02655397,blue
cg01751549,blue
cg19554948,blue
cg00315775,cyan
cg04588336,grey
cg00032419,grey
cg07034362,grey
cg04095069,blue
cg06567836,cyan
cg25245636,cyan
cg14042711,cyan
cg12965833,blue
cg06085476,cyan
cg10768502,blue
cg00064255,cyan
cg03952331,cyan
cg18576957,grey
cg09179987,blue
cg10648629,blue
cg16530787,blue
cg22926252,cyan
cg13985485,grey
cg05258009,blue
cg06737308,grey
cg03251054,cyan
cg03485608,blue
cg22243583,cyan
cg06911843,cyan
cg22223602,cyan
cg05961096,blue
cg03451212,cyan
cg20463033,cyan
cg24877963,cyan
cg14391382,blue
cg04946387,grey
cg04481923,grey
cg21903646,grey
cg02668903,blue
cg09657431,blue
cg27062159,cyan
cg13607699,cyan
cg26089074,cyan
cg16769595,cyan
cg17094171,cyan
cg11031180,grey
cg10794550,cyan
cg09124213,cyan
cg15618797,cyan
cg25610492,cyan
cg03108419,blue
cg23183449,blue
cg00762326,cyan
cg10825350,blue
cg10015175,blue
cg25801113,grey
cg17187762,grey
cg07979388,blue
cg01758539,blue
cg01454639,cyan
cg08265288,blue
cg19559179,cyan
cg06876710,cyan
cg23553444,grey
cg22366214,cyan
cg01576496,blue
cg24847846,grey
cg09984124,cyan
cg20152309,grey
cg15926317,cyan
cg27484876,cyan
cg26421735,cyan
cg05862135,cyan
cg27062795,grey
cg02671751,cyan
cg11819905,grey
cg25822783,grey
cg19386714,blue
cg04504004,blue
cg14963812,blue
cg18469938,cyan
cg02668984,brown
cg20442619,cyan
cg26417346,blue
cg01012308,cyan
cg07021033,cyan
cg26250106,cyan
cg07518035,cyan
cg10486974,grey
cg25074170,blue
cg03182029,cyan
cg25221653,cyan
cg21817833,cyan
cg11157235,blue
cg05001758,cyan
cg10657547,cyan
cg05753675,cyan
cg14073219,cyan
cg08185438,cyan
cg06419850,grey
cg13548189,grey
cg27560444,cyan
cg24083378,blue
cg18280717,blue
cg17740908,blue
cg06226335,cyan
cg03950009,grey
cg06792186,blue
cg23030894,grey
cg07017994,grey
cg18585464,blue
cg03486307,cyan
cg15809806,blue
cg05453434,blue
cg14924826,cyan
cg19508191,cyan
cg15153412,cyan
cg05529816,cyan
cg25847633,cyan
cg01020978,blue
cg11642891,blue
cg13504480,blue
cg11701377,cyan
cg22777062,grey
cg15454857,cyan
cg15841212,cyan
cg07666882,grey
cg02579469,blue
cg24202123,grey
cg18700199,cyan
cg06625258,grey
cg15979172,grey
cg03044149,cyan
cg26071746,cyan
cg22297177,cyan
cg06583605,grey
cg22159133,cyan
cg07564061,cyan
cg14335275,grey
cg02262633,blue
cg08143701,blue
cg18533833,cyan
cg13146913,blue
cg04388226,blue
cg26578621,grey
cg11098493,cyan
cg15693793,blue
cg07812848,blue
cg05684005,blue
cg13758712,cyan
cg26509731,blue
cg25708695,blue
cg04887807,grey
cg04373548,cyan
cg21499430,cyan
cg09730423,cyan
cg13412514,blue
cg26197220,cyan
cg12578791,cyan
cg16661579,cyan
cg16209630,cyan
cg05067991,cyan
cg17360140,grey
cg04191342,cyan
cg02704345,cyan
cg19168309,grey
cg21388527,cyan
cg12290671,grey
cg13496098,darkorange
cg07162000,cyan
cg06726747,cyan
cg16026549,blue
cg06378434,cyan
cg06826908,blue
cg16331972,blue
cg11006267,grey
cg09504571,cyan
cg01531409,grey
cg20739156,blue
cg17674042,grey
cg01370181,cyan
cg17142664,blue
cg21483883,cyan
cg11210449,blue
cg13322037,blue
cg19000611,blue
cg01956420,grey
cg11236850,cyan
cg19988316,blue
cg22772639,blue
cg01186919,cyan
cg27321876,cyan
cg15423357,grey
cg24295300,blue
cg13085338,cyan
cg04847533,cyan
cg05088898,cyan
cg05356848,cyan
cg08506606,grey
cg12176856,blue
cg08600101,blue
cg05452243,cyan
cg05191006,cyan
cg18593717,cyan
cg07080220,cyan
cg27179327,grey
cg03907313,blue
cg18985499,blue
cg15120477,cyan
cg03786336,cyan
cg01195053,cyan
cg19260201,cyan
cg27492839,blue
cg16852837,cyan
cg22321089,cyan
cg22521096,cyan
cg07910813,grey
cg25640619,cyan
cg00129273,grey
cg02711476,grey
cg26438665,blue
cg08634762,cyan
cg16993684,cyan
cg27048388,blue
cg19099833,grey
cg08340572,cyan
cg11889808,grey
cg05991342,blue
cg00128054,blue
cg10130564,grey
cg27318481,blue
cg06125055,brown
cg23231550,blue
cg03799378,blue
cg05516140,cyan
cg22366088,cyan
cg14597492,cyan
cg25392362,cyan
cg17016026,grey
cg23036449,blue
cg03480210,brown
cg03160526,grey
cg27308346,cyan
cg26154888,blue
cg26314512,blue
cg11517468,cyan
cg24524379,grey
cg00416747,cyan
cg11686940,blue
cg03904639,grey
cg02991085,grey
cg03274391,grey
cg05019826,grey
cg15543875,cyan
cg26168400,cyan
cg14823967,cyan
cg24000232,grey
cg06450650,cyan
cg14201929,blue
cg16002305,cyan
cg05191076,grey
cg16101278,grey
cg04562394,blue
cg25195302,cyan
cg05312574,cyan
cg02711849,brown
cg08219589,blue
cg01642168,cyan
cg08355456,grey
cg05855347,blue
cg15599875,blue
cg05943975,cyan
cg13734860,cyan
cg08589776,cyan
cg26880963,blue
cg16102016,cyan
cg20122981,blue
cg18695665,blue
cg09507771,cyan
cg03651613,cyan
cg02291466,cyan
cg23892626,cyan
cg21145136,cyan
cg11959630,cyan
cg16390139,cyan
cg17156255,cyan
cg22188058,cyan
cg12365107,cyan
cg26188061,blue
cg25352342,blue
cg25307168,grey
cg26669365,blue
cg25910261,grey
cg23736895,blue
cg08346273,blue
cg00523532,blue
cg09156207,grey
cg08374859,cyan
cg11609007,cyan
cg07395611,blue
cg11229610,cyan
cg10056102,blue
cg25504403,grey
cg17493511,cyan
cg03114442,cyan
cg18153977,grey
cg08026941,cyan
cg10583683,grey
cg14593420,blue
cg26739951,cyan
cg00910333,cyan
cg22563312,cyan
cg23295637,cyan
cg14610915,brown
cg26930448,cyan
cg15838173,grey
cg06874656,cyan
cg20459655,cyan
cg14952889,cyan
cg24633745,blue
cg19346084,grey
cg18593317,grey
cg11950261,grey
cg23883215,grey
cg02361370,blue
cg04339290,cyan
cg27405732,grey
cg01666600,cyan
cg02952701,cyan
cg12610243,cyan
cg12664560,cyan
cg24333845,cyan
cg00662647,cyan
cg27425700,blue
cg06805280,cyan
cg16398094,cyan
cg24979630,cyan
cg05744510,cyan
cg18884271,blue
cg21941223,grey
cg08325383,cyan
cg10768682,grey
cg19305147,cyan
cg08076462,blue
cg14600997,cyan
cg25970454,blue
cg22839308,cyan
cg17198762,grey
cg23110891,cyan
cg18555277,cyan
cg26200347,blue
cg19005991,blue
cg05106804,blue
cg05240614,cyan
cg04141691,cyan
cg08491487,grey
cg24732344,blue
cg25576711,grey
cg11787288,cyan
cg09559971,cyan
cg25995995,blue
cg04318704,cyan
cg21352943,cyan
cg27203983,cyan
cg20358011,grey
cg01769501,cyan
cg19244097,blue
cg23498106,blue
cg25796439,grey
cg01652190,grey
cg16107553,cyan
cg11539424,cyan
cg00608605,cyan
cg05864696,cyan
cg16998883,cyan
cg02828054,orange
cg22640961,blue
cg24101492,grey
cg03513606,blue
cg25513230,blue
cg18779092,cyan
cg19948397,cyan
cg02365742,cyan
cg14208573,cyan
cg02251172,cyan
cg16115627,grey
cg22076311,cyan
cg22636253,cyan
cg09845488,cyan
cg08905325,cyan
cg10495392,cyan
cg01596171,blue
cg00770784,grey
cg05462905,cyan
cg19685922,cyan
cg21809331,cyan
cg11379888,cyan
cg08886301,grey
cg19585214,blue
cg11433553,cyan
cg03657314,cyan
cg01813026,cyan
cg14664726,cyan
cg23074495,cyan
cg17326769,cyan
cg16374953,cyan
cg12802822,cyan
cg26733685,cyan
cg16056465,cyan
cg14174116,cyan
cg15316458,cyan
cg20540942,cyan
cg23629001,cyan
cg08322244,grey
cg23579185,grey
cg17634401,blue
cg07834492,blue
cg25579867,blue
cg12837030,grey
cg06159404,grey
cg08653337,blue
cg12641286,blue
cg18413587,cyan
cg08369872,cyan
cg21297314,blue
cg25313289,cyan
cg23504634,cyan
cg03676636,grey
cg06406012,cyan
cg23998405,grey
cg01520402,grey
cg16362005,blue
cg03500911,cyan
cg09622504,cyan
cg15874048,blue
cg15309418,grey
cg08264699,cyan
cg22937695,cyan
cg14246661,blue
cg07871324,cyan
cg00680768,grey
cg20097650,brown
cg26907087,blue
cg11424456,cyan
cg14550653,cyan
cg01263292,cyan
cg09320595,blue
cg24775454,cyan
cg17200564,cyan
cg09967877,cyan
cg15541987,grey
cg26327071,cyan
cg15873123,blue
cg16430572,cyan
cg14339038,cyan
cg05203615,brown
cg03601372,grey
cg24604988,blue
cg22674699,grey
cg18700133,grey
cg17640322,cyan
cg01145420,brown
cg21622536,grey
cg26879788,cyan
cg05542681,grey
cg24040966,cyan
cg19168507,brown
cg00639837,grey
cg06848047,cyan
cg24143101,cyan
cg10831285,grey
cg00051595,cyan
cg06946541,cyan
cg23759393,grey
cg03812309,grey
cg06308258,blue
cg04352944,cyan
cg05758066,blue
cg07835094,cyan
cg18535642,cyan
cg05486825,cyan
cg15756319,grey
cg02853954,blue
cg09942741,cyan
cg15855450,cyan
cg24004055,cyan
cg10259761,blue
cg18382707,cyan
cg00664023,cyan
cg00296938,cyan
cg20960422,cyan
cg04192557,cyan
cg11050480,blue
cg04036009,cyan
cg12581244,cyan
cg14502007,cyan
cg18842396,blue
cg17647863,cyan
cg17492904,cyan
cg02797871,grey
cg07657142,cyan
cg10231862,blue
cg06830098,blue
cg04169186,blue
cg09873201,cyan
cg26870061,cyan
cg25223285,grey
cg10383019,grey
cg18611668,cyan
cg27069285,blue
cg13297703,cyan
cg23473374,blue
cg05776245,cyan
cg20954975,grey
cg26298197,blue
cg24969942,grey
cg11041835,grey
cg05225431,cyan
cg08851727,grey
cg23442187,blue
cg21875845,brown
cg03854865,cyan
cg19243965,cyan
cg26567249,grey
cg04996523,cyan
cg15063322,cyan
cg22690046,grey
cg18056133,grey
cg21038156,cyan
cg00115101,cyan
cg01539269,cyan
cg07663906,blue
cg13524302,grey
cg20011278,blue
cg20599022,grey
cg00143045,cyan
cg06017677,cyan
cg22535729,grey
cg06077670,blue
cg02030816,blue
cg21239265,cyan
cg04289959,blue
cg08578023,cyan
cg07512361,grey
cg21272279,grey
cg23173806,blue
cg14931230,grey
cg06127931,cyan
cg13832135,grey
cg00071984,blue
cg21141318,cyan
cg17076635,grey
cg04305319,blue
cg24971349,cyan
cg14983529,cyan
cg03075791,blue
cg26962924,cyan
cg15000998,cyan
cg27051339,cyan
cg10344477,cyan
cg21595526,cyan
cg27452868,blue
cg00525277,cyan
cg24171915,blue
cg01986757,blue
cg08247527,blue
cg20388704,cyan
cg15768901,grey
cg10854819,grey
cg04397433,grey
cg25191611,blue
cg15256539,cyan
cg07310946,blue
cg13726345,cyan
cg26710469,blue
cg08962243,cyan
cg16278512,grey
cg12527909,blue
cg12887581,grey
cg04491635,cyan
cg18022324,cyan
cg08138586,blue
cg03252340,cyan
cg08782897,cyan
cg03607825,cyan
cg17558214,blue
cg23731591,cyan
cg18519450,blue
cg15564240,cyan
cg05009141,grey
cg04882937,cyan
cg20069408,blue
cg04309258,cyan
cg17516384,cyan
cg04704947,grey
cg11753356,blue
cg24713878,cyan
cg24460126,grey
cg10627839,grey
cg27561222,cyan
cg13677369,brown
cg16435820,cyan
cg12311815,grey
cg03592411,blue
cg26493353,cyan
cg10907148,grey
cg10243292,cyan
cg05285589,blue
cg06841052,grey
cg22265988,cyan
cg25817165,grey
cg17668949,cyan
cg10288784,cyan
cg09651496,cyan
cg13689560,grey
cg08401990,cyan
cg22058452,blue
cg06725997,cyan
cg06633637,cyan
cg02407746,cyan
cg15336243,cyan
cg00960700,grey
cg01398583,blue
cg08546335,cyan
cg25151353,cyan
cg16371341,grey
cg07568314,blue
cg07018435,grey
cg08996726,blue
cg12736937,cyan
cg12191300,blue
cg03773226,cyan
cg08294721,cyan
cg16672956,blue
cg07630858,cyan
cg07222414,blue
cg02869559,grey
cg15717656,grey
cg18764007,cyan
cg02231052,cyan
cg09479134,grey
cg16595261,grey
cg06720244,blue
cg08191490,lightgreen
cg09177949,grey
cg06153102,blue
cg19644445,cyan
cg04698397,cyan
cg12119313,cyan
cg11967675,cyan
cg12072964,cyan
cg27024057,cyan
cg08363415,blue
cg13090417,blue
cg21846876,cyan
cg03214005,blue
cg00124993,grey
cg08209724,grey
cg23748923,cyan
cg12481893,blue
cg22691736,cyan
cg15598650,blue
cg24763953,cyan
cg08823068,blue
cg27604626,cyan
cg04894116,blue
cg09991946,cyan
cg11303630,grey
cg13650247,blue
cg03654433,grey
cg08222662,cyan
cg02844852,grey
cg20011543,cyan
cg18625361,cyan
cg15246232,cyan
cg18756536,cyan
cg00301775,cyan
cg09431182,cyan
cg21573582,cyan
cg12846190,grey
cg09662430,blue
cg12193833,grey
cg09692663,cyan
cg15288179,cyan
cg22168480,cyan
cg17831554,blue
cg18217172,cyan
cg07863524,grey
cg20278381,blue
cg04247717,grey
cg00242786,blue
cg03153775,blue
cg11657018,cyan
cg10369203,blue
cg13996522,blue
cg06896906,cyan
cg08316073,cyan
cg27422348,cyan
cg25981801,cyan
cg02057013,blue
cg13911959,grey
cg24458833,cyan
cg04333297,cyan
cg13789423,blue
cg02961575,cyan
cg14995055,blue
cg10235170,cyan
cg03054600,cyan
cg04604276,cyan
cg26373528,cyan
cg19910323,brown
cg13582818,cyan
cg24723421,blue
cg04555116,cyan
cg14158769,blue
cg14237749,grey
cg02062348,white
cg06054963,cyan
cg07271405,blue
cg26527903,blue
cg10438011,grey
cg09727531,cyan
cg22435982,cyan
cg09895187,cyan
cg11760395,grey
cg00138451,blue
cg17242590,cyan
cg17212500,grey
cg11416012,cyan
cg26771583,cyan
cg03746133,cyan
cg12325588,cyan
cg10825234,grey
cg21819782,grey
cg02675375,cyan
cg22574825,grey
cg04678644,blue
cg20208633,grey
cg06070290,blue
cg23148651,cyan
cg11275803,cyan
cg25619106,cyan
cg03982568,blue
cg05542785,grey
cg03595199,blue
cg08850388,blue
cg10726394,grey
cg18082322,cyan
cg25862684,cyan
cg02694990,blue
cg21051375,cyan
cg20791744,blue
cg09892459,blue
cg22453791,blue
cg01667892,grey
cg05025164,cyan
cg15710245,cyan
cg09303136,cyan
cg00507414,cyan
cg05933901,blue
cg23079866,grey
cg14154131,blue
cg22316093,grey
cg12627700,cyan
cg07548325,blue
cg03585454,cyan
cg14310674,grey
cg02201914,cyan
cg06695338,blue
cg17525856,cyan
cg26456022,cyan
cg03559815,grey
cg04911518,blue
cg01393327,cyan
cg02749984,blue
cg14420117,cyan
cg04398416,grey
cg06997275,blue
cg06145909,cyan
cg09457490,blue
cg09408571,grey
cg16652741,grey
cg13918804,grey
cg04229238,cyan
cg00057569,cyan
cg14875131,cyan
cg19227947,cyan
cg21864304,grey
cg25035392,cyan
cg16960675,cyan
cg27016990,cyan
cg03209642,grey
cg26674779,cyan
cg05019168,cyan
cg07648498,cyan
cg22040815,cyan
cg10524642,blue
cg15871371,blue
cg15613740,cyan
cg15549670,blue
cg25247455,cyan
cg08193650,cyan
cg02583091,grey
cg24843443,cyan
cg03893180,cyan
cg14170999,grey
cg13977623,blue
cg00830121,blue
cg16263661,grey
cg27411370,cyan
cg03494429,grey
cg10054127,cyan
cg11867616,grey
cg05042743,grey
cg25940946,grey
cg24718971,cyan
cg03246273,cyan
cg08292286,cyan
cg27292389,blue
cg14916095,cyan
cg02737384,grey
cg23070026,cyan
cg12215484,blue
cg20456258,grey
cg14676711,cyan
cg10832093,grey
cg26127679,cyan
cg07749412,grey
cg20136009,blue
cg02242345,blue
cg11057497,cyan
cg08173520,cyan
cg05200628,cyan
cg03021329,cyan
cg03656968,cyan
cg25582924,blue
cg26059977,blue
cg13656501,cyan
cg07448606,cyan
cg02175952,blue
cg00219169,grey
cg08231348,cyan
cg08171876,cyan
cg24280645,cyan
cg00528779,blue
cg23362997,cyan
cg00105470,cyan
cg17584085,cyan
cg14608156,cyan
cg22714716,blue
cg19927257,grey
cg16055035,cyan
cg09450197,cyan
cg15930922,cyan
cg01254739,cyan
cg16638571,cyan
cg14534987,grey
cg22705602,grey
cg09148924,cyan
cg15705551,cyan
cg02599361,grey
cg15371711,grey
cg03424772,blue
cg03067599,brown
cg14487680,cyan
cg26381452,grey
cg20681578,cyan
cg02308795,cyan
cg10143842,cyan
cg20591405,cyan
cg05366139,blue
cg26098768,grey
cg02433406,blue
cg23595571,blue
cg06939115,grey
cg26162932,cyan
cg08851530,cyan
cg06093506,blue
cg22587479,grey
cg19614744,cyan
cg17858911,cyan
cg24994893,cyan
cg27109125,blue
cg04585364,cyan
cg05160409,cyan
cg08572679,cyan
cg07449450,cyan
cg27449703,cyan
cg03244587,blue
cg08251499,cyan
cg20737382,grey
cg10932018,grey
cg11717054,grey
cg23634477,grey
cg05898953,cyan
cg20088535,cyan
cg09511724,blue
cg19159222,cyan
cg14862207,cyan
cg08255958,blue
cg07826747,blue
cg04142413,cyan
cg13638257,grey
cg14948108,blue
cg01612037,blue
cg07803814,blue
cg27043453,cyan
cg02090547,cyan
cg26967272,blue
cg22092448,cyan
cg05927579,grey
cg05246775,cyan
cg26892368,cyan
cg00455333,cyan
cg23000066,blue
cg26973953,blue
cg13453904,cyan
cg03348901,cyan
cg08945988,grey
cg23325985,cyan
cg27287245,cyan
cg27368891,cyan
cg18808285,blue
cg16506172,cyan
cg19911158,blue
cg22550059,cyan
cg24273028,cyan
cg12591377,blue
cg12520249,grey
cg14557855,blue
cg07643904,cyan
cg23695485,cyan
cg18755581,grey
cg09511741,blue
cg07856295,cyan
cg10724442,grey
cg17489964,cyan
cg11372006,cyan
cg09968723,grey
cg19575244,blue
cg12694372,grey
cg21035222,cyan
cg27532938,blue
cg10101463,grey
cg25033817,cyan
cg16459519,grey
cg22464423,cyan
cg24899205,cyan
cg11646294,blue
cg13499318,grey
cg22984571,grey
cg11426075,grey
cg10938899,blue
cg24706032,cyan
cg24376266,grey
cg13803584,blue
cg00929798,cyan
cg05312964,blue
cg26560414,cyan
cg23337170,blue
cg09634659,blue
cg04170071,orange
cg06783102,blue
cg04095468,cyan
cg16485558,grey
cg26416381,cyan
cg08526162,cyan
cg18679299,grey
cg24135112,cyan
cg01431972,cyan
cg21563597,cyan
cg03437748,darkorange
cg01603234,blue
cg05660436,grey
cg18679088,cyan
cg01330280,cyan
cg13611854,cyan
cg14275457,cyan
cg16954236,blue
cg17849569,grey
cg16786640,grey
cg01439560,cyan
cg25183958,cyan
cg12386194,cyan
cg17276002,cyan
cg05956498,cyan
cg09719331,cyan
cg00446595,blue
cg06131526,cyan
cg03641492,blue
cg11889876,cyan
cg24344221,cyan
cg00752778,cyan
cg17218045,cyan
cg08265265,cyan
cg23834427,grey
cg24074432,blue
cg10279314,grey
cg12292808,cyan
cg25816013,grey
cg21842222,grey
cg07441654,cyan
cg05199084,blue
cg05965417,cyan
cg20609096,cyan
cg03577460,cyan
cg10019429,cyan
cg20927242,grey
cg03499943,grey
cg07376282,grey
cg13785189,cyan
cg07603685,blue
cg23085343,cyan
cg16325826,blue
cg22152521,blue
cg22803724,cyan
cg14592024,cyan
cg24624505,grey
cg21159778,grey
cg15655935,grey
cg05676377,cyan
cg25347362,cyan
cg13799838,blue
cg01471265,blue
cg22681738,cyan
cg06900782,blue
cg02440537,cyan
cg25371692,grey
cg20679309,grey
cg24866923,cyan
cg19836589,blue
cg16205846,blue
cg07317755,cyan
cg13071672,cyan
cg00453349,cyan
cg07216258,cyan
cg19328294,grey
cg17502213,grey
cg18498987,cyan
cg08790301,blue
cg26580609,grey
cg03119618,blue
cg26343358,grey
cg14618923,blue
cg25340688,grey
cg14890578,cyan
cg06822816,grey
cg16661813,cyan
cg22646733,cyan
cg16848843,grey
cg00881417,cyan
cg20204401,cyan
cg14067052,cyan
cg03337277,grey
cg02592739,blue
cg08479976,cyan
cg13575271,cyan
cg13641293,cyan
cg11498516,blue
cg27490380,grey
cg01966334,grey
cg12706964,blue
cg23843484,blue
cg18003583,blue
cg01887804,cyan
cg05899064,blue
cg11169363,grey
cg10106639,blue
cg08374687,grey
cg25431026,cyan
cg26243751,blue
cg17237506,cyan
cg02896355,cyan
cg24348823,cyan
cg13790603,grey
cg19089073,cyan
cg04339692,blue
cg18920754,cyan
cg06423925,blue
cg13944507,grey
cg17548556,cyan
cg27073142,grey
cg15050390,grey
cg22988651,blue
cg11052668,cyan
cg26454300,blue
cg00910029,blue
cg15167008,cyan
cg04085542,blue
cg06919392,blue
cg11836369,cyan
cg08573893,cyan
cg25613559,blue
cg05962325,cyan
cg16681268,grey
cg23128025,cyan
cg10651618,cyan
cg01407235,cyan
cg20695805,cyan
cg25864218,cyan
cg15709087,cyan
cg04277193,grey
cg02664812,grey
cg17170743,blue
cg26410483,lightgreen
cg23496755,blue
cg10709925,grey
cg13883904,blue
cg09124081,cyan
cg08849049,cyan
cg06008158,cyan
cg06884679,blue
cg26785712,cyan
cg09053902,blue
cg16895792,cyan
cg13110711,cyan
cg18649451,grey
cg00803088,grey
cg19657380,cyan
cg07623882,cyan
cg20540428,grey
cg06248182,cyan
cg08762603,grey
cg07552315,grey
cg16240751,blue
cg14009745,cyan
cg10830322,blue
cg04837284,blue
cg25357589,cyan
cg05655281,grey
cg15190077,cyan
cg06805542,cyan
cg20032693,blue
cg16142698,cyan
cg11384512,cyan
cg10435123,cyan
cg20275932,cyan
cg26783297,blue
cg27571374,grey
cg03826594,cyan
cg01312858,cyan
cg27379520,blue
cg19447217,blue
cg04541695,cyan
cg09056309,cyan
cg24676609,cyan
cg08969297,blue
cg20544675,cyan
cg21576698,cyan
cg27094117,cyan
cg02876237,cyan
cg10685982,blue
cg03477476,cyan
cg10990312,cyan
cg19168961,cyan
cg03442350,cyan
cg07583851,blue
cg20925726,blue
cg05880810,blue
cg27347932,cyan
cg21568731,cyan
cg02633690,cyan
cg18795169,grey
cg15656901,cyan
cg25548415,grey
cg00960857,blue
cg03338380,cyan
cg03747251,cyan
cg27289463,grey
cg10986355,cyan
cg07700514,cyan
cg13676204,grey
cg12469257,blue
cg11120874,blue
cg08353308,cyan
cg04970438,blue
cg21220551,cyan
cg22343728,grey
cg04306507,grey
cg26950739,grey
cg12810560,grey
cg25402706,blue
cg14530476,cyan
cg00509507,cyan
cg19858173,blue
cg12577321,cyan
cg09498106,cyan
cg25840208,brown
cg12855247,cyan
cg23139173,blue
cg16465768,cyan
cg20450604,blue
cg21836903,cyan
cg03028106,cyan
cg26718213,grey
cg26537410,cyan
cg16489826,cyan
cg02660823,cyan
cg01901107,cyan
cg01524174,cyan
cg12848220,cyan
cg09184981,grey
cg18010900,cyan
cg05595602,cyan
cg25518092,blue
cg26017709,cyan
cg12148647,grey
cg19089337,cyan
cg02477380,cyan
cg25160554,cyan
cg18043078,cyan
cg07690455,cyan
cg23496730,blue
cg15269548,grey
cg21032728,cyan
cg24082680,grey
cg23298862,blue
cg27303538,blue
cg05979501,cyan
cg22735612,cyan
cg26632162,grey
cg17495792,cyan
cg01183860,grey
cg02656169,blue
cg03578013,blue
cg08672203,blue
cg15192986,blue
cg07427475,grey
cg04865841,cyan
cg05003364,blue
cg07671603,cyan
cg24071719,grey
cg10339854,cyan
cg19543296,blue
cg04383208,blue
cg08619561,cyan
cg19303728,cyan
cg15439819,cyan
cg02840535,blue
cg20655434,cyan
cg00154968,cyan
cg18010718,grey
cg15293611,cyan
cg05656990,grey
cg11153328,cyan
cg02505871,cyan
cg02655623,blue
cg25478527,cyan
cg15347004,cyan
cg20824294,grey
cg17376288,blue
cg04705620,cyan
cg13462232,cyan
cg27051119,blue
cg01348757,blue
cg19372063,blue
cg07735885,cyan
cg20963995,cyan
cg19351954,grey
cg20829055,blue
cg26862731,blue
cg12075445,grey
cg11593791,cyan
cg18135087,blue
cg01736164,blue
cg06012493,cyan
cg00931877,blue
cg03193689,cyan
cg25396728,grey
cg15223713,blue
cg00400448,blue
cg07784872,grey
cg13903809,cyan
cg12907969,blue
cg02088197,grey
cg18489440,cyan
cg12219531,cyan
cg09068169,blue
cg07096206,cyan
cg03363478,grey
cg14145801,cyan
cg20979233,cyan
cg27463760,cyan
cg02968854,cyan
cg01584104,cyan
cg22122397,blue
cg16218377,cyan
cg09698472,grey
cg04773818,grey
cg01327685,blue
cg25415650,cyan
cg04936382,grey
cg02503763,cyan
cg26638003,grey
cg27614376,blue
cg23532119,blue
cg17248924,grey
cg20864214,grey
cg20996351,grey
cg15077343,cyan
cg04009887,cyan
cg25646854,cyan
cg15172772,blue
cg16696730,grey
cg21204356,cyan
cg07005078,cyan
cg17438419,cyan
cg21831898,cyan
cg06557887,cyan
cg19269426,grey
cg17081644,cyan
cg22145091,blue
cg16645584,cyan
cg25368113,cyan
cg17651633,cyan
cg02682142,cyan
cg10084509,blue
cg20903764,cyan
cg18143701,cyan
cg21902014,blue
cg01718711,grey
cg03961510,grey
cg03703840,cyan
cg03584288,grey
cg02548912,blue
cg02762393,cyan
cg00031476,cyan
cg00608169,cyan
cg12638728,cyan
cg25522149,cyan
cg26056104,cyan
cg22585269,cyan
cg13903179,grey
cg27057275,blue
cg00386702,cyan
cg08090179,blue
cg10859566,blue
cg05606089,blue
cg20790798,grey
cg06701800,blue
cg02698900,grey
cg16101574,grey
cg21663122,cyan
cg16896079,grey
cg02779075,cyan
cg08240335,cyan
cg04102916,blue
cg10435664,cyan
cg15947096,cyan
cg22683308,cyan
cg14823429,cyan
cg20443314,cyan
cg13655908,blue
cg16388791,cyan
cg23037274,cyan
cg09597616,cyan
cg12302718,cyan
cg01020840,blue
cg07187855,grey
cg12815697,cyan
cg20515787,grey
cg25254014,cyan
cg14802591,blue
cg09529150,blue
cg25778220,cyan
cg00124011,grey
cg02383835,cyan
cg23207361,cyan
cg07108206,grey
cg25808538,cyan
cg14801290,cyan
cg00939931,cyan
cg26909613,blue
cg17369088,cyan
cg10589396,blue
cg06833102,blue
cg19632574,cyan
cg07044859,grey
cg15836635,cyan
cg26629960,cyan
cg27354893,grey
cg01884537,cyan
cg26365152,blue
cg13684379,grey
cg00948102,cyan
cg07132441,blue
cg16556892,cyan
cg09948425,cyan
cg15339605,cyan
cg25010146,cyan
cg18503679,grey
cg20896738,cyan
cg05804587,cyan
cg12204732,grey
cg01682157,blue
cg11651237,grey
cg26745551,grey
cg24500222,blue
cg19406863,blue
cg06988775,grey
cg14399930,grey
cg05200925,cyan
cg02088292,cyan
cg14415559,blue
cg21446692,cyan
cg12024328,cyan
cg19368394,blue
cg20775307,cyan
cg21341821,grey
cg26074223,cyan
cg06213463,cyan
cg18704904,cyan
cg14346362,blue
cg08634079,grey
cg18017761,brown
cg17491759,cyan
cg05385879,blue
cg03599197,blue
cg27057652,grey
cg06959182,cyan
cg14629075,grey
cg08309069,grey
cg10200291,grey
cg01002317,blue
cg08262598,blue
cg09210336,blue
cg05498103,cyan
cg04533283,blue
cg26753018,cyan
cg11664456,cyan
cg04231541,grey
cg19252956,cyan
cg18753337,blue
cg19282259,grey
cg07416502,blue
cg08124399,grey
cg05135768,cyan
cg17942573,grey
cg07425090,cyan
cg02968116,cyan
cg24676666,blue
cg20624451,grey
cg02527886,blue
cg12030941,grey
cg22790005,blue
cg06474219,blue
cg07839336,cyan
cg23331932,cyan
cg14906905,cyan
cg25456593,grey
cg06555155,cyan
cg08305263,blue
cg16167782,blue
cg01881939,cyan
cg27024408,blue
cg16389285,cyan
cg03977295,blue
cg14105752,cyan
cg18291151,blue
cg13632959,cyan
cg24544986,blue
cg04530860,cyan
cg11377650,blue
cg09909877,cyan
cg27168291,grey
cg07973140,cyan
cg09480307,cyan
cg24254658,blue
cg09255124,cyan
cg16967640,cyan
cg10431713,grey
cg17420659,cyan
cg01515515,grey
cg03801898,cyan
cg08371160,cyan
cg12107643,blue
cg04616401,grey
cg05183646,blue
cg15903658,blue
cg19651192,cyan
cg02307953,cyan
cg02919936,cyan
cg04134305,cyan
cg01268383,grey
cg10510505,cyan
cg25331250,blue
cg08111682,cyan
cg24630566,cyan
cg08311803,blue
cg16634372,blue
cg26796396,cyan
cg16707128,cyan
cg03325810,cyan
cg24075175,grey
cg27118059,cyan
cg03264670,brown
cg14543852,cyan
cg25641269,blue
cg01583514,blue
cg08917208,cyan
cg24882097,cyan
cg09597516,blue
cg00120358,blue
cg03212129,cyan
cg18201077,cyan
cg02471917,blue
cg24469095,cyan
cg17464350,brown
cg13572892,cyan
cg15267545,cyan
cg04469346,cyan
cg17809276,cyan
cg09595163,grey
cg01766699,blue
cg20397086,cyan
cg06452544,blue
cg14224760,blue
cg26602666,blue
cg03051310,cyan
cg22048948,grey
cg11701759,cyan
cg00846340,cyan
cg00506811,cyan
cg10703338,grey
cg18795911,blue
cg26221568,cyan
cg25507803,blue
cg12499235,grey
cg13457961,cyan
cg13186010,blue
cg01100763,cyan
cg03772408,blue
cg04563953,cyan
cg26922706,cyan
cg11246695,cyan
cg03689076,cyan
cg11264669,cyan
cg17957801,cyan
cg13976544,blue
cg08894381,blue
cg09134682,cyan
cg03312643,cyan
cg01268571,grey
cg26015416,grey
cg19231699,cyan
cg09931891,cyan
cg06970956,cyan
cg20911986,blue
cg06463800,cyan
cg10695848,cyan
cg11688874,brown
cg01089914,blue
cg00639886,cyan
cg26560794,cyan
cg26847193,cyan
cg20605045,cyan
cg20788387,cyan
cg02693156,cyan
cg09506302,cyan
cg00543499,cyan
cg26538931,grey
cg25319862,blue
cg12028991,cyan
cg10390473,blue
cg05455876,blue
cg04208863,blue
cg12489444,blue
cg05160963,brown
cg16734433,grey
cg21445541,cyan
cg24638766,cyan
cg05332851,cyan
cg07923233,cyan
cg08485649,grey
cg16565382,blue
cg00444581,blue
cg04574459,grey
cg05724871,grey
cg23535882,grey
cg15348430,grey
cg20147100,cyan
cg26466027,blue
cg01048931,cyan
cg23640802,cyan
cg01143222,blue
cg03981213,blue
cg15490075,cyan
cg15083015,cyan
cg13401290,cyan
cg15580309,grey
cg20554488,cyan
cg03640426,blue
cg14369117,blue
cg21973275,cyan
cg26583725,blue
cg15994321,cyan
cg19115630,cyan
cg12032443,cyan
cg22368307,cyan
cg15819128,cyan
cg07484326,cyan
cg18259348,blue
cg09808690,cyan
cg15383847,blue
cg09550909,cyan
cg11100324,blue
cg18232832,cyan
cg04917511,grey
cg13966609,blue
cg27115996,blue
cg16423812,cyan
cg03751149,blue
cg18760173,cyan
cg16919093,blue
cg10279254,blue
cg12483476,grey
cg17580261,cyan
cg21470387,grey
cg18198707,cyan
cg07997195,blue
cg01079652,blue
cg24315876,grey
cg09572053,grey
cg07839926,grey
cg01616529,grey
cg04555837,blue
cg00701571,blue
cg00083206,grey
cg24700663,cyan
cg07776626,grey
cg15391105,cyan
cg10585870,grey
cg26332114,grey
cg07322678,cyan
cg17778434,cyan
cg00567479,cyan
cg04025728,cyan
cg22208339,cyan
cg21953717,blue
cg15979348,blue
cg24842402,grey
cg05283184,grey
cg15951545,blue
cg21761776,grey
cg01124132,grey
cg20157873,grey
cg12046882,blue
cg17193369,cyan
cg03591419,blue
cg07260605,blue
cg13197680,cyan
cg07598052,cyan
cg19267867,cyan
cg15744359,cyan
cg17215843,cyan
cg19801141,cyan
cg13699887,cyan
cg23563507,cyan
cg02278912,grey
cg06710672,grey
cg17800870,blue
cg09813874,grey
cg19830245,grey
cg15927720,grey
cg25642212,cyan
cg02025083,cyan
cg24589017,cyan
cg00301795,cyan
cg17220042,cyan
cg01751134,cyan
cg24127506,grey
cg07353572,grey
cg06080948,grey
cg20478390,cyan
cg20778097,cyan
cg21664909,blue
cg19623012,grey
cg09234454,blue
cg08476511,grey
cg26943658,cyan
cg18970250,blue
cg17507374,orange
cg05666828,cyan
cg09471658,cyan
cg13732582,grey
cg07976644,cyan
cg24393470,blue
cg19453488,grey
cg23406642,blue
cg09803164,blue
cg12563520,blue
cg16102102,grey
cg16725304,blue
cg09467078,blue
cg19536594,cyan
cg06601633,cyan
cg13904970,grey
cg22311289,blue
cg22038409,blue
cg00195506,cyan
cg22696438,cyan
cg09252677,grey
cg27447557,cyan
cg15274001,grey
cg11196693,grey
cg27500298,grey
cg22664296,grey
cg08433051,blue
cg26910270,blue
cg01723747,cyan
cg02589791,grey
cg21497057,cyan
cg15616946,cyan
cg21026663,cyan
cg27009815,blue
cg21004366,cyan
cg23544223,grey
cg14536425,blue
cg01703419,cyan
cg26851782,cyan
cg08366060,blue
cg24298878,lightgreen
cg01514703,cyan
cg05107152,cyan
cg02697649,grey
cg08095852,grey
cg06142043,cyan
cg23781122,blue
cg24902932,blue
cg00910586,grey
cg02617132,cyan
cg08573648,grey
cg03570035,grey
cg11138035,blue
cg13153394,cyan
cg22372355,blue
cg23522194,grey
cg01571407,cyan
cg20656261,cyan
cg26036375,blue
cg01862523,cyan
cg12075498,grey
cg14132884,cyan
cg17294865,grey
cg06351537,grey
cg11798660,cyan
cg27515800,cyan
cg25023260,blue
cg25969087,cyan
cg13904493,cyan
cg04850286,grey
cg04231050,grey
cg09971069,blue
cg21515788,cyan
cg23681095,blue
cg20526303,cyan
cg22077389,grey
cg03326335,blue
cg27060380,blue
cg10272540,cyan
cg12081743,cyan
cg23951618,cyan
cg09729155,blue
cg22341865,cyan
cg21372595,blue
cg17244466,cyan
cg16248329,grey
cg02773640,blue
cg08414635,cyan
cg07383535,blue
cg06850852,cyan
cg25789679,cyan
cg14108567,blue
cg02270541,cyan
cg02662417,grey
cg03977394,cyan
cg25803693,cyan
cg14293864,cyan
cg21228957,cyan
cg00955895,blue
cg14709691,grey
cg18176887,cyan
cg17111597,cyan
cg23270529,blue
cg13796804,grey
cg22903471,blue
cg24403968,grey
cg01006587,blue
cg00671161,cyan
cg00591890,blue
cg27000687,blue
cg26574621,blue
cg06477715,cyan
cg05256584,blue
cg14104036,cyan
cg13016797,grey
cg19729930,grey
cg09033006,grey
cg12195230,blue
cg09026481,grey
cg04054902,cyan
cg20080006,cyan
cg13319446,cyan
cg14421180,cyan
cg05998449,blue
cg11758861,cyan
cg12437277,grey
cg10246772,blue
cg16312002,grey
cg09682251,cyan
cg13216616,blue
cg01336821,cyan
cg17961943,blue
cg10060875,cyan
cg04017116,cyan
cg00158654,blue
cg14016074,brown
cg02984614,cyan
cg02574073,grey
cg07680042,blue
cg07669138,blue
cg10897045,blue
cg09804398,cyan
cg04776910,cyan
cg00515559,cyan
cg14564332,blue
cg01287514,cyan
cg03387311,blue
cg24134479,cyan
cg10969997,blue
cg11201844,blue
cg02009256,cyan
cg16091766,blue
cg04130455,grey
cg14260521,cyan
cg17797229,grey
cg08382774,grey
cg24887381,cyan
cg25975979,cyan
cg27183454,blue
cg03322619,cyan
cg24060473,cyan
cg14256536,blue
cg26137940,cyan
cg12172046,cyan
cg13952963,grey
cg16976910,grey
cg10940651,grey
cg01499217,grey
cg10889506,cyan
cg02887499,cyan
cg22401505,cyan
cg14088921,cyan
cg03658244,cyan
cg22162422,blue
cg18564989,grey
cg20386818,blue
cg25671716,cyan
cg04086531,grey
cg20500248,cyan
cg10987705,cyan
cg13044277,cyan
cg05597008,cyan
cg10580293,grey
cg18403480,cyan
cg18530251,cyan
cg12940558,cyan
cg15473904,grey
cg11067338,grey
cg09749225,grey
cg21178548,cyan
cg10775273,cyan
cg00023288,grey
cg07140289,grey
cg02260340,cyan
cg18718634,cyan
cg11899507,blue
cg15535114,blue
cg17194240,cyan
cg09876101,cyan
cg07088351,blue
cg00124160,cyan
cg05986680,cyan
cg17222941,cyan
cg09092161,grey
cg07752120,grey
cg07777115,blue
cg16572876,grey
cg08439970,grey
cg17782954,grey
cg25677576,blue
cg16199098,cyan
cg05977551,cyan
cg09758865,cyan
cg11569869,blue
cg24452451,grey
cg14689324,cyan
cg24815792,grey
cg00690554,blue
cg09860047,blue
cg00013655,grey
cg13255285,grey
cg20852890,cyan
cg26369444,blue
cg23402305,blue
cg27019801,cyan
cg11861448,cyan
cg16916522,cyan
cg23345500,cyan
cg26230285,cyan
cg04424379,cyan
cg16779866,blue
cg17563034,grey
cg02410825,cyan
cg22998421,grey
cg10845886,blue
cg15832094,cyan
cg05660803,cyan
cg02656525,cyan
cg10099518,blue
cg08996334,blue
cg26160180,cyan
cg05603938,grey
cg12537925,cyan
cg06179060,grey
cg23874145,blue
cg22867117,blue
cg09022163,cyan
cg01392180,blue
cg16149437,blue
cg16950088,blue
cg22248561,cyan
cg09636293,cyan
cg04983687,grey
cg01754041,cyan
cg04770165,cyan
cg15530351,grey
cg18221467,cyan
cg14395744,grey
cg17470531,cyan
cg07890032,cyan
cg05208581,cyan
cg19125791,blue
cg18032502,grey
cg24168538,grey
cg15946251,cyan
cg14708411,grey
cg04551440,cyan
cg06643150,cyan
cg08128826,cyan
cg19909865,cyan
cg17399234,cyan
cg06392126,blue
cg26468119,cyan
cg02397479,blue
cg20564458,cyan
cg20462561,grey
cg18856478,blue
cg16075775,blue
cg14854287,blue
cg13986884,blue
cg26551346,cyan
cg02019305,blue
cg22049342,blue
cg21535942,grey
cg10021924,grey
cg19711602,blue
cg22159468,blue
cg26741214,cyan
cg20821899,blue
cg04111992,grey
cg16285380,cyan
cg03105770,cyan
cg00444282,cyan
cg03867797,cyan
cg01283246,grey
cg23172884,cyan
cg10374084,grey
cg02107269,cyan
cg01755467,cyan
cg22569154,blue
cg17889682,grey
cg11929629,grey
cg09140693,blue
cg26908755,cyan
cg22202131,cyan
cg19364902,cyan
cg15226275,grey
cg26578049,cyan
cg09366641,cyan
cg05939928,grey
cg18458739,blue
cg05857979,cyan
cg18026026,cyan
cg04622620,grey
cg15747531,blue
cg08008199,cyan
cg10985288,blue
cg05423712,blue
cg09872926,cyan
cg27407390,blue
cg07729440,blue
cg10159460,blue
cg03928247,blue
cg22363224,blue
cg10965738,blue
cg18068059,blue
cg04824553,cyan
cg03579187,blue
cg18788891,cyan
cg05068428,cyan
cg20642756,blue
cg24545791,cyan
cg17870997,grey
cg27247702,cyan
cg04988224,cyan
cg14461266,blue
cg03764027,blue
cg17155818,blue
cg18485154,cyan
cg00977895,blue
cg15834072,grey
cg23201527,grey
cg16447589,cyan
cg08449049,grey
cg22231101,blue
cg09509528,cyan
cg23520075,cyan
cg25301532,grey
cg00714184,grey
cg05136476,cyan
cg02386244,cyan
cg18706028,grey
cg02000275,cyan
cg18762125,blue
cg09133363,grey
cg25010006,blue
cg24654266,grey
cg09418493,cyan
cg03563329,cyan
cg26102342,blue
cg04636222,blue
cg08992305,grey
cg26818786,cyan
cg15871229,cyan
cg04804643,grey
cg11778756,blue
cg01555307,cyan
cg14866567,blue
cg08161617,grey
cg07116194,cyan
cg21585936,blue
cg05501509,grey
cg16926389,cyan
cg10181330,grey
cg00876757,grey
cg16414945,cyan
cg04082020,blue
cg09573389,grey
cg07726474,cyan
cg16959486,blue
cg21765224,cyan
cg23658326,grey
cg03225817,cyan
cg07772537,blue
cg15837832,cyan
cg04255230,grey
cg03078006,grey
cg18676229,cyan
cg08155109,cyan
cg15322624,cyan
cg15451413,cyan
cg09398966,brown
cg16276424,cyan
cg16285780,blue
cg15073906,blue
cg16302458,grey
cg24585782,blue
cg13094036,cyan
cg11221023,blue
cg10817669,blue
cg18622954,cyan
cg17962342,cyan
cg05898602,cyan
cg24126967,grey
cg21574404,cyan
cg09590377,grey
cg07946923,cyan
cg18383594,blue
cg20858341,cyan
cg20528787,grey
cg19102293,blue
cg24371155,blue
cg24306585,cyan
cg18423635,blue
cg00735315,cyan
cg00032852,cyan
cg23162821,cyan
cg09235689,cyan
cg02056682,grey
cg18261468,cyan
cg23339092,blue
cg09164920,cyan
cg09648697,cyan
cg20245757,white
cg11341527,cyan
cg25799699,cyan
cg10895886,blue
cg03613822,grey
cg04226364,grey
cg09197799,darkorange
cg14200954,blue
cg07126095,cyan
cg25873214,cyan
cg17839259,cyan
cg11608150,grey
cg24118894,grey
cg05074892,cyan
cg04670766,blue
cg23371413,grey
cg05608777,grey
cg00148881,cyan
cg24554151,grey
cg13930261,cyan
cg11833889,cyan
cg27207756,grey
cg24072283,cyan
cg10279794,cyan
cg13527439,cyan
cg19813135,blue
cg23900759,cyan
cg17441401,grey
cg13406893,grey
cg11712735,cyan
cg26890010,grey
cg16381753,blue
cg13169073,blue
cg19474239,cyan
cg14441787,blue
cg16616957,blue
cg21780231,cyan
cg09265586,blue
cg24980040,blue
cg27546118,blue
cg17228898,blue
cg26101410,cyan
cg23960632,blue
cg27554509,cyan
cg13305165,cyan
cg01921845,blue
cg05775895,cyan
cg23949574,cyan
cg05799058,blue
cg13352717,blue
cg21847751,cyan
cg10738358,blue
cg25276149,cyan
cg00039793,cyan
cg05059922,blue
cg16886756,blue
cg20597486,cyan
cg02225143,cyan
cg26207766,grey
cg09514055,grey
cg23682007,cyan
cg27205904,grey
cg05959111,blue
cg20748194,cyan
cg00903676,cyan
cg15694127,cyan
cg00580965,grey
cg17281556,cyan
cg02919257,cyan
cg17485717,grey
cg09796786,blue
cg01791104,cyan
cg26787505,cyan
cg26017880,grey
cg02118559,blue
cg02712587,blue
cg01458752,cyan
cg22618487,cyan
cg24413007,cyan
cg06632027,cyan
cg11168423,blue
cg25199850,cyan
cg14409941,cyan
cg03218303,cyan
cg23608779,blue
cg11655691,cyan
cg13574809,grey
cg26649103,blue
cg10359929,cyan
cg09732190,cyan
cg24848557,cyan
cg01162573,blue
cg24554061,cyan
cg24873388,cyan
cg14206898,cyan
cg00920818,cyan
cg16082695,blue
cg25017403,grey
cg15154191,cyan
cg14117180,cyan
cg25053531,cyan
cg04262428,grey
cg13475732,grey
cg23090583,cyan
cg25212762,blue
cg07312099,cyan
cg20165381,cyan
cg02506867,cyan
cg07713066,brown
cg13151811,cyan
cg10924691,cyan
cg12450040,cyan
cg13949487,grey
cg24545466,cyan
cg27357232,cyan
cg00483345,blue
cg24857238,cyan
cg24752836,blue
cg09453752,cyan
cg15809230,cyan
cg01964685,cyan
cg09497391,grey
cg06999776,cyan
cg05179986,blue
cg08957039,cyan
cg03451296,cyan
cg24749912,cyan
cg10722938,cyan
cg10727654,cyan
cg08422497,blue
cg02980823,cyan
cg15377887,grey
cg06795216,grey
cg07843056,cyan
cg03014495,blue
cg25720793,cyan
cg26075213,blue
cg09033857,cyan
cg17418304,grey
cg04565617,cyan
cg24840365,cyan
cg01330880,cyan
cg00495035,blue
cg12529083,cyan
cg25175469,cyan
cg09041389,blue
cg05228379,cyan
cg18020381,cyan
cg07304315,grey
cg09930017,cyan
cg21186576,grey
cg10569335,cyan
cg09197895,cyan
cg19512521,cyan
cg13918754,grey
cg14912375,cyan
cg15138712,blue
cg09315468,brown
cg27225571,cyan
cg26631039,grey
cg17169982,blue
cg11331445,grey
cg10455940,cyan
cg12151296,cyan
cg20866694,grey
cg08474164,cyan
cg19400000,cyan
cg13115661,cyan
cg01777672,blue
cg23267042,cyan
cg21926118,blue
cg09702334,blue
cg24862153,cyan
cg14642259,blue
cg24647015,grey
cg14085715,cyan
cg03259494,grey
cg25895907,blue
cg01363383,grey
cg03943357,cyan
cg04577268,cyan
cg08899199,cyan
cg11869007,grey
cg22117893,grey
cg15406952,blue
cg05573019,blue
cg15056119,cyan
cg20865740,blue
cg15598511,cyan
cg12349875,cyan
cg04674792,cyan
cg03829176,cyan
cg04555735,cyan
cg15474378,grey
cg13547474,blue
cg09606734,blue
cg24133547,grey
cg07399816,cyan
cg02959988,grey
cg15335669,grey
cg13919215,cyan
cg21860679,cyan
cg07375912,cyan
cg17250537,grey
cg15972264,blue
cg01952084,blue
cg01114224,cyan
cg27417294,grey
cg01835742,cyan
cg11181536,cyan
cg05575046,cyan
cg22232708,blue
cg18823846,cyan
cg02991469,cyan
cg11805472,cyan
cg03761543,blue
cg01095506,blue
cg00186462,grey
cg20994084,grey
cg17528580,cyan
cg12851717,blue
cg03216635,grey
cg05791153,cyan
cg05122969,grey
cg02553302,blue
cg03700279,blue
cg23336454,grey
cg27111250,grey
cg15736220,blue
cg02257714,cyan
cg18399321,cyan
cg13224999,cyan
cg19459542,cyan
cg24184221,cyan
cg09692492,grey
cg05414908,grey
cg13341536,cyan
cg21382890,cyan
cg03695448,blue
cg17442483,grey
cg22231012,cyan
cg27068012,cyan
cg23791592,grey
cg26518745,blue
cg07420190,grey
cg19584733,blue
cg04099430,blue
cg23951927,cyan
cg21107200,blue
cg01693326,blue
cg24055349,cyan
cg12378950,blue
cg01649597,cyan
cg04880091,grey
cg10101749,cyan
cg07006526,cyan
cg23540518,cyan
cg12415761,blue
cg14776093,cyan
cg18983789,blue
cg20715218,cyan
cg02808075,grey
cg05900430,cyan
cg27164797,grey
cg25498969,blue
cg25821783,cyan
cg17328665,grey
cg23261070,cyan
cg06173682,cyan
cg10602367,cyan
cg10053540,cyan
cg10821976,cyan
cg17037924,cyan
cg15050328,blue
cg16315238,cyan
cg15969227,grey
cg22549437,blue
cg19910022,blue
cg21465517,cyan
cg17517709,blue
cg19051105,grey
cg24355850,cyan
cg04879348,blue
cg02776658,grey
cg08447658,cyan
cg10899293,cyan
cg20813139,blue
cg17383334,blue
cg24530557,blue
cg10372813,cyan
cg06369155,blue
cg23697275,blue
cg06252810,grey
cg12563935,blue
cg10208303,blue
cg15064916,cyan
cg06471380,grey
cg22824635,blue
cg24153199,cyan
cg07559653,cyan
cg13931996,blue
cg20592186,grey
cg23893802,brown
cg25130238,cyan
cg16143502,grey
cg26726490,grey
cg15103564,cyan
cg22712893,cyan
cg15323936,blue
cg07318284,cyan
cg00375457,grey
cg08140548,blue
cg06422039,grey
cg06590946,blue
cg15176839,blue
cg03357798,grey
cg05036013,blue
cg16000888,cyan
cg23789157,cyan
cg27024161,blue
cg24716664,blue
cg12256688,cyan
cg16584342,cyan
cg21273366,cyan
cg10557147,cyan
cg04312919,cyan
cg08535260,cyan
cg09789584,cyan
cg03791325,cyan
cg24907970,cyan
cg18064463,blue
cg16500454,cyan
cg19907137,blue
cg13553693,blue
cg09137125,grey
cg23610053,cyan
cg12035585,cyan
cg19008720,cyan
cg07479615,grey
cg21984020,blue
cg16920581,cyan
cg14472753,cyan
cg12251884,cyan
cg24241129,cyan
cg00509281,cyan
cg01956267,cyan
cg07128799,cyan
cg24654547,grey
cg24228112,cyan
cg19568649,cyan
cg13518530,grey
cg26787998,cyan
cg23757247,blue
cg12139617,blue
cg18143488,darkorange
cg02123995,cyan
cg23687000,grey
cg20950529,blue
cg06961284,blue
cg00282704,cyan
cg15390741,blue
cg12927990,grey
cg09747829,cyan
cg18861311,cyan
cg12963866,cyan
cg18793088,cyan
cg21589191,cyan
cg01456368,grey
cg24568245,cyan
cg21644713,cyan
cg07261848,cyan
cg23613051,grey
cg05893300,cyan
cg08098619,grey
cg20066750,cyan
cg17776376,blue
cg11259833,cyan
cg21050234,grey
cg04365399,blue
cg25099807,cyan
cg23018873,cyan
cg00590106,cyan
cg23223755,blue
cg22516213,cyan
cg02289992,cyan
cg13857086,cyan
cg00859352,cyan
cg19192585,cyan
cg00497472,blue
cg15605097,cyan
cg26381352,cyan
cg06154419,cyan
cg19113686,blue
cg02091066,cyan
cg27329737,blue
cg14301191,blue
cg06878649,blue
cg23511613,cyan
cg17969084,cyan
cg04654841,cyan
cg06251929,cyan
cg06978461,blue
cg17672050,cyan
cg09969830,cyan
cg04921814,grey
cg09518351,cyan
cg25145459,cyan
cg27277104,grey
cg23825688,cyan
cg08945711,blue
cg14667685,grey
cg20517050,grey
cg21458840,cyan
cg10633931,cyan
cg09789239,blue
cg05337024,cyan
cg23427653,cyan
cg11351140,blue
cg11086378,blue
cg10858369,blue
cg19103838,blue
cg12677267,blue
cg13826564,blue
cg13509954,cyan
cg05101231,blue
cg03568042,grey
cg14282904,grey
cg18921607,blue
cg12485044,blue
cg00369151,grey
cg09192760,cyan
cg16909962,cyan
cg05414835,cyan
cg15042995,cyan
cg13995599,blue
cg23057284,cyan
cg05555207,cyan
cg04395431,blue
cg10230427,grey
cg13096436,cyan
cg03754311,cyan
cg13607311,blue
cg26668675,grey
cg09962502,cyan
cg16401346,cyan
cg17922249,blue
cg00715047,grey
cg27389262,cyan
cg22783940,blue
cg04724277,cyan
cg18520856,cyan
cg05862027,blue
cg19402230,blue
cg17497419,cyan
cg04701034,grey
cg04118610,grey
cg26889659,grey
cg05506979,blue
cg04495110,blue
cg22626041,cyan
cg19477346,grey
cg06295987,grey
cg24130284,cyan
cg12946880,cyan
cg19250101,cyan
cg06199058,cyan
cg02584969,cyan
cg17380870,grey
cg22995176,grey
cg24016627,cyan
cg20541753,cyan
cg19967433,white
cg00430888,cyan
cg11620984,cyan
cg13473909,cyan
cg02512202,cyan
cg25502144,grey
cg01574823,blue
cg17984375,cyan
cg02656441,grey
cg02251859,grey
cg04227743,blue
cg06518838,cyan
cg14430582,cyan
cg15074789,blue
cg19256717,cyan
cg00443946,grey
cg02847425,grey
cg14519036,cyan
cg22030501,blue
cg21315783,blue
cg15265085,grey
cg01517521,cyan
cg11180122,cyan
cg16558692,blue
cg03801183,cyan
cg02662362,grey
cg01817714,cyan
cg02715246,cyan
cg14653418,cyan
cg06387496,grey
cg05103623,grey
cg11471802,grey
cg05239791,cyan
cg14198223,cyan
cg18456349,cyan
cg14409890,cyan
cg18234979,cyan
cg06062423,blue
cg01908690,grey
cg00117825,blue
cg05645404,cyan
cg04910183,grey
cg00982952,blue
cg21185289,cyan
cg26386788,cyan
cg04337937,blue
cg18258770,cyan
cg05706624,cyan
cg23141629,blue
cg01594233,cyan
cg15143268,blue
cg14300559,blue
cg05875121,blue
cg23973576,blue
cg12944343,grey
cg24176030,cyan
cg13983849,blue
cg17500383,cyan
cg24906525,cyan
cg18083595,grey
cg14586363,blue
cg00257769,grey
cg15955522,blue
cg09595149,blue
cg02340856,cyan
cg04059965,cyan
cg15679747,blue
cg14514581,blue
cg19866445,cyan
cg17180607,cyan
cg19410967,cyan
cg08756266,blue
cg24372325,cyan
cg04186657,grey
cg00802903,grey
cg27540823,cyan
cg12424509,grey
cg08908331,cyan
cg23021638,grey
cg00199519,cyan
cg23027521,cyan
cg10411590,grey
cg12463578,violet
cg10409981,grey
cg11201541,grey
cg13490403,grey
cg26294217,cyan
cg11812849,blue
cg24696207,cyan
cg18434348,blue
cg26665480,cyan
cg25890168,cyan
cg00505277,grey
cg04608419,blue
cg00906130,cyan
cg00426193,grey
cg27180315,cyan
cg13686615,cyan
cg13055374,cyan
cg25242587,grey
cg01095395,blue
cg23899628,cyan
cg14134710,cyan
cg27221688,cyan
cg16560389,blue
cg15382497,cyan
cg14650464,cyan
cg13185030,cyan
cg13224723,cyan
cg22591480,darkorange
cg06642965,cyan
cg23157916,blue
cg27364012,blue
cg01571722,grey
cg27301343,cyan
cg20116670,cyan
cg05635455,cyan
cg08702413,grey
cg00321703,cyan
cg21080034,cyan
cg10474368,cyan
cg19814934,cyan
cg06559013,blue
cg14305943,blue
cg10503635,blue
cg26856080,cyan
cg06611532,grey
cg20738735,grey
cg06653045,grey
cg06721860,blue
cg10521403,blue
cg21146912,cyan
cg11319265,blue
cg01678788,cyan
cg20172957,cyan
cg19961228,blue
cg14071249,blue
cg16208084,grey
cg10379050,cyan
cg22588542,cyan
cg15091879,cyan
cg12736359,white
cg16710348,blue
cg13209455,cyan
cg09815014,blue
cg18783429,grey
cg24722405,cyan
cg23305971,blue
cg00317585,blue
cg22574586,blue
cg22639895,cyan
cg16667275,cyan
cg22314482,cyan
cg17536960,cyan
cg06211385,blue
cg15254640,grey
cg21907877,cyan
cg20891813,cyan
cg11348338,cyan
cg08304478,cyan
cg02503395,cyan
cg04546747,cyan
cg24609819,grey
cg24725574,cyan
cg04342538,cyan
cg15856832,darkorange
cg19752861,blue
cg06741367,grey
cg00620449,cyan
cg23568998,cyan
cg00448578,blue
cg09602577,grey
cg02087101,blue
cg22372668,grey
cg23134075,blue
cg10290504,grey
cg06510830,cyan
cg15041044,blue
cg12966283,cyan
cg10277651,grey
cg19237421,cyan
cg22895198,blue
cg08611677,cyan
cg23115390,blue
cg20478239,grey
cg01216467,blue
cg07565928,grey
cg10730421,cyan
cg04320632,blue
cg25999637,blue
cg19420102,blue
cg17439023,grey
cg19774868,grey
cg02992544,cyan
cg17526506,cyan
cg07390013,blue
cg06130950,cyan
cg21298523,grey
cg11456412,blue
cg18640185,cyan
cg22812972,cyan
cg16438291,cyan
cg08841889,cyan
cg13866577,cyan
cg04270401,grey
cg27125107,blue
cg06225923,blue
cg17158424,blue
cg26949055,blue
cg19777900,cyan
cg14626678,cyan
cg14769556,blue
cg01537486,cyan
cg20340508,cyan
cg04093885,cyan
cg24094374,cyan
cg12526318,cyan
cg05323272,blue
cg09973375,cyan
cg26651784,cyan
cg22604213,cyan
cg15607449,cyan
cg07148296,cyan
cg11472541,cyan
cg19240021,blue
cg09367891,cyan
cg11417598,blue
cg00804338,grey
cg18943949,cyan
cg27449200,cyan
cg12807013,cyan
cg18150908,grey
cg16644764,cyan
cg13709982,grey
cg21910821,grey
cg14923640,grey
cg14056357,grey
cg08937562,grey
cg02696763,cyan
cg10095057,blue
cg14574203,cyan
cg05673968,blue
cg17768665,blue
cg11202785,cyan
cg11515530,blue
cg17129755,cyan
cg07882243,blue
cg19022697,grey
cg06087421,darkorange
cg00714198,cyan
cg07687814,cyan
cg17859659,cyan
cg11494213,cyan
cg19672497,cyan
cg02827029,blue
cg19063563,blue
cg13936911,cyan
cg18958966,grey
cg10000424,cyan
cg17017394,blue
cg00558737,cyan
cg02976617,grey
cg05985576,blue
cg01547344,blue
cg16156662,blue
cg19784013,blue
cg12041069,blue
cg16998213,cyan
cg13004635,grey
cg00087906,cyan
cg19709625,cyan
cg10174836,cyan
cg26215437,cyan
cg11396951,cyan
cg09642739,blue
cg07387429,blue
cg12604331,grey
cg08832723,blue
cg01504836,cyan
cg08632659,cyan
cg00616447,cyan
cg22551060,blue
cg22467473,blue
cg22922037,blue
cg23218979,cyan
cg14860120,cyan
cg02979741,cyan
cg04326040,cyan
cg04871582,cyan
cg16863052,grey
cg26250143,cyan
cg23075961,blue
cg07003632,cyan
cg22965663,grey
cg20890145,blue
cg05573322,blue
cg06085890,cyan
cg26684174,grey
cg27370185,cyan
cg01675229,cyan
cg05081714,cyan
cg08825699,grey
cg27006129,cyan
cg02063828,cyan
cg13326227,cyan
cg09695652,grey
cg24776910,cyan
cg13878677,grey
cg14835062,cyan
cg20215622,cyan
cg16926108,cyan
cg24820270,blue
cg05637903,grey
cg03318940,grey
cg13828873,cyan
cg07690733,cyan
cg03855276,grey
cg27551078,grey
cg25245506,grey
cg18241130,cyan
cg13872541,blue
cg05806620,cyan
cg15561356,cyan
cg22803821,blue
cg24396683,cyan
cg07880061,cyan
cg24358964,blue
cg00172270,cyan
cg20462845,cyan
cg24452366,grey
cg20714708,blue
cg07672411,cyan
cg02277999,lightgreen
cg13139972,grey
cg20657098,cyan
cg08133912,grey
cg23222435,blue
cg23636097,blue
cg18192519,cyan
cg22636631,blue
cg13337047,grey
cg16976599,blue
cg25308322,grey
cg13260133,blue
cg19765196,blue
cg14085606,blue
cg15569224,cyan
cg16112050,grey
cg23058194,grey
cg22223232,blue
cg08356509,blue
cg17299830,cyan
cg03418154,cyan
cg01040630,cyan
cg18496317,grey
cg24117592,cyan
cg06060673,grey
cg13116799,cyan
cg24070123,cyan
cg13258039,cyan
cg13714459,cyan
cg16496269,grey
cg20789993,cyan
cg06723863,grey
cg26578476,blue
cg17569124,grey
cg26739149,grey
cg12118013,grey
cg10022533,blue
cg13109289,blue
cg01565314,cyan
cg02858843,brown
cg17005319,blue
cg22834147,blue
cg06832861,blue
cg26268866,grey
cg14759565,grey
cg02452058,blue
cg07349094,grey
cg09948015,cyan
cg05094271,cyan
cg09096528,brown
cg00698263,grey
cg07381391,grey
cg23619808,blue
cg21987316,cyan
cg12771281,grey
cg12069132,blue
cg18428193,grey
cg06848802,blue
cg16012388,blue
cg16420520,blue
cg07583651,cyan
cg18456312,blue
cg25045489,blue
cg07850527,grey
cg07615875,blue
cg11226480,grey
cg08881995,cyan
cg23036931,cyan
cg18867912,grey
cg03003115,cyan
cg19651132,cyan
cg06770076,blue
cg13277451,grey
cg04638486,cyan
cg21167072,orange
cg13852791,cyan
cg11190754,cyan
cg10742605,grey
cg09677945,grey
cg23889780,blue
cg11223184,blue
cg26422851,blue
cg06449742,cyan
cg11914761,blue
cg12804420,cyan
cg12518410,cyan
cg18671377,white
cg19504605,grey
cg12539128,cyan
cg25926767,cyan
cg04016086,grey
cg25277553,cyan
cg13604337,cyan
cg23671665,brown
cg19947009,blue
cg22933807,cyan
cg05603623,grey
cg17640684,blue
cg04738673,blue
cg09755039,cyan
cg12444845,grey
cg22488472,cyan
cg07701191,cyan
cg01732804,cyan
cg13767001,cyan
cg08694723,blue
cg17419514,blue
cg16174301,cyan
cg12136764,blue
cg03116938,blue
cg19257356,grey
cg20985399,grey
cg14286665,cyan
cg17461670,blue
cg21813470,cyan
cg19131731,cyan
cg03922175,blue
cg11143131,blue
cg23146833,cyan
cg23223978,cyan
cg15399604,cyan
cg13275515,blue
cg20572882,cyan
cg07966372,grey
cg10660909,grey
cg25449700,cyan
cg27304043,cyan
cg02378074,blue
cg15376949,cyan
cg00105606,cyan
cg22714290,blue
cg24272514,cyan
cg14881098,brown
cg14776114,cyan
cg16949539,blue
cg19408149,blue
cg05223675,cyan
cg13658542,grey
cg04908280,cyan
cg07093776,blue
cg20346229,blue
cg02197918,cyan
cg11849213,blue
cg20431480,cyan
cg22636799,cyan
cg24603464,grey
cg13947137,blue
cg04102784,blue
cg08239177,cyan
cg19980771,grey
cg12193484,cyan
cg09928474,grey
cg21074594,cyan
cg18236224,cyan
cg12978227,blue
cg03716245,blue
cg07437056,cyan
cg13788918,blue
cg09210956,blue
cg10454879,grey
cg09377882,cyan
cg09781304,blue
cg15388570,cyan
cg09813817,cyan
cg11062158,grey
cg12908607,grey
cg23237097,blue
cg23933606,blue
cg01269537,brown
cg21894287,grey
cg16882226,cyan
cg27373657,cyan
cg07371838,blue
cg02281577,blue
cg06736242,cyan
cg00150500,cyan
cg11413133,grey
cg02947862,cyan
cg00837434,grey
cg01722343,cyan
cg18310412,cyan
cg10563284,cyan
cg04789589,cyan
cg11865553,grey
cg00690400,grey
cg19504245,grey
cg00819696,cyan
cg19418629,blue
cg07500988,cyan
cg13939297,blue
cg14898824,blue
cg25143235,grey
cg19271133,cyan
cg17554716,cyan
cg23687724,cyan
cg03564661,blue
cg00190319,cyan
cg02040433,cyan
cg14858951,grey
cg18150439,grey
cg08183077,blue
cg19401472,cyan
cg03189756,cyan
cg03989663,blue
cg06811478,cyan
cg17661103,blue
cg01381028,blue
cg19459834,cyan
cg13390998,grey
cg10923475,grey
cg09165964,cyan
cg02810826,blue
cg00419512,blue
cg01464730,grey
cg01829163,grey
cg05768280,blue
cg16060486,cyan
cg05530568,cyan
cg13365209,grey
cg18314424,grey
cg13676902,blue
cg02173849,cyan
cg10902107,blue
cg03597347,grey
cg20492680,cyan
cg17252808,cyan
cg17034988,cyan
cg04425094,blue
cg19269412,cyan
cg15291235,cyan
cg00582417,cyan
cg16961092,cyan
cg09761506,blue
cg02535421,grey
cg16002864,cyan
cg15299463,grey
cg24142603,grey
cg19243373,grey
cg14168545,blue
cg02598341,grey
cg03848129,grey
cg13470919,cyan
cg20844545,cyan
cg16621691,cyan
cg21086066,cyan
cg07989042,blue
cg10801421,cyan
cg15922553,blue
cg14506366,blue
cg20799816,cyan
cg13024275,blue
cg07568517,cyan
cg26917697,blue
cg16420636,cyan
cg02321381,cyan
cg27388618,cyan
cg18451588,grey
cg15608277,grey
cg00635944,cyan
cg08083988,blue
cg23255486,cyan
cg20824576,grey
cg23314545,cyan
cg10308673,cyan
cg05197560,cyan
cg15928534,cyan
cg00087023,blue
cg25241885,cyan
cg14235723,cyan
cg23940999,blue
cg14221264,cyan
cg21584052,blue
cg00216680,cyan
cg02775223,blue
cg27655214,cyan
cg18620542,grey
cg27286993,grey
cg27232866,cyan
cg10519925,blue
cg19900371,cyan
cg12358443,cyan
cg01307939,grey
cg01385230,cyan
cg10601002,cyan
cg10919176,cyan
cg06720768,grey
cg22706424,cyan
cg15548295,grey
cg00256046,grey
cg04446326,blue
cg14992155,cyan
cg13138952,cyan
cg19760464,blue
cg02036430,blue
cg17396620,cyan
cg22322863,cyan
cg26630688,blue
cg07706558,blue
cg26579311,cyan
cg09555217,cyan
cg10332972,cyan
cg13750566,blue
cg18634709,blue
cg20534525,cyan
cg21971035,cyan
cg01213928,cyan
cg18753962,blue
cg12430845,cyan
cg06322988,grey
cg02273535,cyan
cg26040809,grey
cg24376021,cyan
cg24952358,blue
cg06820586,cyan
cg16317730,cyan
cg14633504,cyan
cg09592155,grey
cg01698934,grey
cg22024931,grey
cg05555409,cyan
cg23733394,grey
cg16468187,cyan
cg04592747,grey
cg09214412,grey
cg19901523,cyan
cg26133909,blue
cg09463522,blue
cg26029997,grey
cg08581076,cyan
cg05236446,cyan
cg10771090,cyan
cg07391436,grey
cg18833958,cyan
cg03311459,cyan
cg05482832,cyan
cg04751533,blue
cg04160749,grey
cg05871425,blue
cg16264079,cyan
cg21185187,blue
cg10692290,cyan
cg16188349,blue
cg24693225,cyan
cg04011338,cyan
cg14878842,blue
cg23163783,cyan
cg16698835,cyan
cg11495060,cyan
cg13071660,blue
cg08149581,blue
cg00759836,cyan
cg11933712,blue
cg24133784,grey
cg09384159,cyan
cg00938305,cyan
cg23979544,cyan
cg04923513,cyan
cg25577598,cyan
cg09136695,blue
cg09859272,cyan
cg07635485,grey
cg25729692,blue
cg02132463,blue
cg09588474,cyan
cg10342789,cyan
cg25476939,cyan
cg13792579,cyan
cg11948988,blue
cg03249171,blue
cg23851412,grey
cg12894649,grey
cg15289534,blue
cg21577705,cyan
cg12467864,cyan
cg01784199,cyan
cg14091799,cyan
cg09072859,grey
cg09725157,blue
cg12421032,cyan
cg13775050,cyan
cg11140440,cyan
cg01308968,grey
cg27395190,cyan
cg09596707,blue
cg14481263,cyan
cg26223536,blue
cg17185817,cyan
cg10019132,cyan
cg12761728,blue
cg27550511,grey
cg01113680,white
cg00042874,grey
cg03209103,grey
cg02088470,grey
cg26607248,blue
cg13261536,blue
cg23509077,blue
cg14939300,cyan
cg14659545,cyan
cg13344169,grey
cg02020650,cyan
cg01102158,cyan
cg16370716,cyan
cg10550308,blue
cg13730281,blue
cg10156125,grey
cg11526436,white
cg25858132,grey
cg01655667,grey
cg14065127,grey
cg13325261,cyan
cg06339542,cyan
cg19899237,cyan
cg18803147,grey
cg19928423,cyan
cg15708153,grey
cg06752695,cyan
cg25829666,grey
cg20851828,grey
cg10061292,cyan
cg23658874,cyan
cg20265528,grey
cg21164886,cyan
cg15911114,grey
cg24177057,cyan
cg18616062,cyan
cg10870443,cyan
cg11983322,blue
cg13417420,grey
cg05745748,blue
cg02614372,grey
cg13575925,grey
cg08047124,grey
cg17319142,cyan
cg14156842,blue
cg13618967,blue
cg18026055,grey
cg07373957,blue
cg26645432,grey
cg24436446,grey
cg05115233,blue
cg20792512,cyan
cg21045841,cyan
cg26760793,cyan
cg04513882,blue
cg10853137,cyan
cg16556111,cyan
cg13509401,blue
cg14015656,grey
cg05888872,grey
cg25624478,blue
cg25269000,blue
cg14661464,cyan
cg11178337,grey
cg12561169,blue
cg14451115,blue
cg07615111,grey
cg09781437,cyan
cg18985581,cyan
cg09684187,cyan
cg06956232,cyan
cg00539908,cyan
cg14262681,cyan
cg24862510,cyan
cg20330217,blue
cg12925933,cyan
cg13190531,cyan
cg10857807,cyan
cg22098115,grey
cg09397319,blue
cg19346786,grey
cg10199164,cyan
cg01296875,cyan
cg11965880,cyan
cg21176755,grey
cg00607609,blue
cg04684246,blue
cg06241885,blue
cg02631153,blue
cg26465602,grey
cg13924635,grey
cg16441590,blue
cg21173623,cyan
cg23413685,cyan
cg00568641,grey
cg05637945,cyan
cg02127127,blue
cg23071583,cyan
cg02888748,blue
cg09655403,grey
cg22553289,cyan
cg23759053,cyan
cg12587729,cyan
cg26322248,cyan
cg04804893,blue
cg14078789,grey
cg11190156,cyan
cg20303572,blue
cg23490425,blue
cg05881698,blue
cg16095542,cyan
cg14970096,cyan
cg25438517,grey
cg00719323,cyan
cg08860607,cyan
cg11825675,blue
cg13275176,cyan
cg12024969,grey
cg22500102,cyan
cg14266237,grey
cg26762347,cyan
cg00789812,blue
cg08425810,grey
cg25924694,cyan
cg20800956,cyan
cg20041683,cyan
cg22288101,cyan
cg17843891,blue
cg22804475,cyan
cg22304418,blue
cg26072254,grey
cg17803226,grey
cg12944530,cyan
cg13790945,cyan
cg18225895,cyan
cg00535403,blue
cg17165848,cyan
cg12119625,grey
cg13204290,cyan
cg19488505,cyan
cg00820664,cyan
cg24379599,blue
cg06523340,grey
cg19437001,blue
cg20707679,cyan
cg09949366,cyan
cg04199977,cyan
cg04856689,grey
cg06327227,blue
cg06206357,grey
cg23238315,grey
cg15602215,blue
cg20806676,blue
cg23569802,blue
cg22249529,grey
cg23042230,blue
cg17217189,cyan
cg14596312,blue
cg16919615,cyan
cg18039391,blue
cg17023374,grey
cg17173639,blue
cg05646373,cyan
cg07612475,cyan
cg18627182,cyan
cg22689316,blue
cg27246129,grey
cg10414477,blue
cg02262786,cyan
cg04637704,grey
cg11150383,blue
cg16491233,blue
cg16605982,cyan
cg09530755,cyan
cg20891558,grey
cg05372370,blue
cg21744203,grey
cg19701378,cyan
cg21216547,blue
cg27553745,cyan
cg10739132,blue
cg27107171,grey
cg18755191,cyan
cg08355045,grey
cg09969018,cyan
cg03648908,blue
cg12632569,blue
cg05071422,blue
cg05736120,cyan
cg11702351,blue
cg17221377,grey
cg26924012,cyan
cg00254480,cyan
cg07837516,cyan
cg02984142,cyan
cg01856650,cyan
cg24588096,cyan
cg14510404,cyan
cg00040566,blue
cg06371346,blue
cg12442246,cyan
cg19301934,cyan
cg10766030,blue
cg20160035,blue
cg11347582,grey
cg21903660,cyan
cg14204478,cyan
cg27391826,blue
cg00740691,cyan
cg19526166,grey
cg19119818,cyan
cg07307335,blue
cg11418427,cyan
cg26515846,cyan
cg03680753,blue
cg27213925,blue
cg23856762,blue
cg17991940,cyan
cg25582295,cyan
cg01583969,cyan
cg08815785,blue
cg21568453,blue
cg23143796,cyan
cg07906551,blue
cg11308338,cyan
cg01088528,cyan
cg00660843,grey
cg14243623,grey
cg01401824,blue
cg09073106,cyan
cg11163388,cyan
cg08124030,grey
cg16750275,grey
cg08668510,cyan
cg09414156,cyan
cg22988507,cyan
cg03689456,cyan
cg00286984,cyan
cg04041942,grey
cg09734394,cyan
cg07590839,cyan
cg04961270,blue
cg04246144,cyan
cg05163093,blue
cg17733616,cyan
cg09984518,cyan
cg20034091,cyan
cg16908556,blue
cg25772418,grey
cg24587601,cyan
cg00305374,grey
cg04428853,cyan
cg19861078,blue
cg27109614,cyan
cg13776905,blue
cg22952210,cyan
cg24060954,cyan
cg15571730,cyan
cg02986924,cyan
cg10356060,grey
cg00025138,cyan
cg19484645,blue
cg05210910,cyan
cg07527330,cyan
cg05312305,cyan
cg00985960,blue
cg24208426,grey
cg00630431,blue
cg02752958,blue
cg23327164,cyan
cg09322114,cyan
cg05547654,cyan
cg02892357,grey
cg10515414,cyan
cg05056288,blue
cg15580304,blue
cg20722891,blue
cg05097015,grey
cg02682457,cyan
cg03226526,blue
cg03084408,white
cg25739309,blue
cg09972618,cyan
cg17677758,blue
cg01735558,blue
cg05223507,blue
cg00975854,cyan
cg10939936,blue
cg18557684,cyan
cg03511931,cyan
cg13729548,blue
cg07954054,blue
cg06545189,cyan
cg15621546,blue
cg13245912,orange
cg07080785,blue
cg13047869,grey
cg08913769,cyan
cg11779273,cyan
cg13950210,cyan
cg10610482,cyan
cg27030245,cyan
cg25945158,cyan
cg20021784,cyan
cg26970477,cyan
cg18322448,cyan
cg05238530,cyan
cg04217419,cyan
cg20796556,cyan
cg27604613,grey
cg25772299,cyan
cg16354345,blue
cg25329933,blue
cg18943969,grey
cg12909983,cyan
cg24999243,cyan
cg07131398,blue
cg05349059,cyan
cg00587009,cyan
cg07813608,grey
cg10187221,cyan
cg06314748,blue
cg15427941,cyan
cg00209398,grey
cg15679052,blue
cg08722104,brown
cg12539796,cyan
cg09952002,blue
cg12402831,blue
cg26071414,blue
cg11535368,blue
cg03953626,grey
cg04522531,cyan
cg06648709,blue
cg26689203,cyan
cg15931921,grey
cg16626067,cyan
cg25361621,blue
cg24953506,grey
cg07152379,blue
cg17521583,cyan
cg20462855,grey
cg21681396,cyan
cg23225911,blue
cg01055543,cyan
cg25032124,cyan
cg17495912,grey
cg26681912,grey
cg18046570,cyan
cg22148191,cyan
cg21736854,cyan
cg17936155,cyan
cg02125316,grey
cg20611230,blue
cg13620499,grey
cg02327501,grey
cg27517502,blue
cg15714846,grey
cg22878535,grey
cg20000539,blue
cg26423331,cyan
cg23814129,cyan
cg12698713,blue
cg19959974,cyan
cg17179862,grey
cg16691888,cyan
cg19045002,grey
cg24630516,blue
cg02286659,blue
cg23953396,cyan
cg27067379,grey
cg02655864,cyan
cg05376810,grey
cg21240861,cyan
cg24763094,cyan
cg11605617,cyan
cg22217176,blue
cg19564098,cyan
cg21815047,cyan
cg23193613,grey
cg23905110,cyan
cg03690889,blue
cg26833830,cyan
cg14560311,cyan
cg16820615,grey
cg10227280,blue
cg02672232,blue
cg06667063,brown
cg21510704,blue
cg20516074,cyan
cg12852390,blue
cg13232357,grey
cg13477164,grey
cg01528762,cyan
cg26533745,grey
cg05807991,grey
cg18127410,grey
cg01820463,blue
cg13591848,grey
cg02487667,cyan
cg07901130,blue
cg13681781,blue
cg07347128,cyan
cg18224153,cyan
cg19391888,cyan
cg07808590,blue
cg08788717,cyan
cg12114933,blue
cg21295367,cyan
cg25163134,cyan
cg26571535,blue
cg23935120,cyan
cg20430773,grey
cg16212053,blue
cg14249877,blue
cg26062048,cyan
cg15526081,cyan
cg00200289,cyan
cg02767633,blue
cg01226806,cyan
cg05908615,blue
cg10339200,cyan
cg16758887,cyan
cg23395165,blue
cg27023595,blue
cg14642636,cyan
cg18728606,cyan
cg09567642,cyan
cg09820321,cyan
cg10128659,blue
cg18736791,blue
cg05833351,blue
cg07829001,blue
cg26430382,cyan
cg12404990,grey
cg04135960,grey
cg04932464,blue
cg20088477,blue
cg21578219,grey
cg05162523,grey
cg21619340,blue
cg24551420,cyan
cg02218809,cyan
cg13443168,blue
cg26490671,grey
cg14848469,blue
cg00515982,cyan
cg11163975,grey
cg02561733,cyan
cg00172408,cyan
cg02355033,blue
cg14774371,blue
cg05215994,grey
cg06889484,cyan
cg09463047,brown
cg09899173,cyan
cg01835873,cyan
cg21491443,blue
cg18585722,cyan
cg17948986,blue
cg19721060,blue
cg07807347,cyan
cg25435332,cyan
cg02531479,cyan
cg20662169,blue
cg06061257,grey
cg06188367,grey
cg27619163,grey
cg21274778,brown
cg00014996,cyan
cg14259594,grey
cg06646285,cyan
cg13974084,cyan
cg13409170,grey
cg17238970,blue
cg01632322,blue
cg04552931,cyan
cg00919237,blue
cg01880908,blue
cg09621330,grey
cg10956818,blue
cg07140188,cyan
cg12156831,cyan
cg21468825,cyan
cg11154670,cyan
cg01441308,blue
cg15525503,cyan
cg19229544,cyan
cg22205501,blue
cg17742293,blue
cg21825888,cyan
cg09416928,grey
cg10800585,cyan
cg13786236,blue
cg00924372,cyan
cg02964172,blue
cg16702449,cyan
cg12528056,grey
cg13619522,blue
cg08838602,blue
cg04982052,blue
cg17307348,cyan
cg23933554,blue
cg01424241,blue
cg02848106,blue
cg26840757,blue
cg00880290,cyan
cg01583265,cyan
cg03643423,blue
cg23970740,blue
cg27213276,blue
cg04228083,blue
cg08470875,cyan
cg04920527,cyan
cg04491365,blue
cg25087958,cyan
cg17375248,cyan
cg02273436,grey
cg05828690,grey
cg26600608,cyan
cg15948059,blue
cg03937591,blue
cg18098750,cyan
cg16315992,blue
cg17051560,cyan
cg02180579,blue
cg03664802,cyan
cg20792895,blue
cg00964710,grey
cg03286262,blue
cg06875413,blue
cg22568403,cyan
cg17312092,blue
cg04811706,grey
cg16436509,grey
cg05709124,cyan
cg09149246,blue
cg04331525,grey
cg14017045,blue
cg26534614,cyan
cg17754171,cyan
cg24158916,blue
cg05500125,grey
cg00063471,cyan
cg26150071,cyan
cg03671052,grey
cg08398855,cyan
cg06871246,blue
cg03770318,cyan
cg01021053,cyan
cg00356183,grey
cg26297490,blue
cg13506600,grey
cg20961469,cyan
cg15027115,cyan
cg26751580,cyan
cg08100159,blue
cg17336400,cyan
cg20192041,blue
cg07515250,blue
cg14623381,blue
cg23290834,cyan
cg07224454,cyan
cg14046334,blue
cg07041565,blue
cg08447479,grey
cg09266093,blue
cg17016175,blue
cg23929284,grey
cg11731793,blue
cg27084121,cyan
cg10246038,blue
cg16173736,cyan
cg09621938,cyan
cg06168050,grey
cg02352723,cyan
cg12043428,cyan
cg17866680,cyan
cg11382241,blue
cg08779777,cyan
cg25673720,blue
cg11857210,grey
cg14003627,blue
cg05529097,cyan
cg04404603,blue
cg13859861,cyan
cg18221429,grey
cg14238478,cyan
cg09654562,cyan
cg03676569,blue
cg11916219,cyan
cg25795456,cyan
cg06362354,blue
cg02470736,cyan
cg17143565,grey
cg00582337,grey
cg06814136,blue
cg25663379,cyan
cg13899314,cyan
cg14260522,cyan
cg00787919,cyan
cg04349810,grey
cg09698846,blue
cg00772840,cyan
cg18363911,grey
cg19021985,cyan
cg22358708,cyan
cg00308130,grey
cg12279688,grey
cg18123026,cyan
cg16316472,grey
cg27237300,grey
cg09638264,blue
cg13459077,blue
cg10071929,grey
cg04063615,grey
cg04560503,blue
cg17765713,cyan
cg11612592,cyan
cg08192683,cyan
cg03861379,blue
cg07343445,grey
cg20631820,grey
cg26251401,cyan
cg10420609,blue
cg07031408,grey
cg07234569,cyan
cg03310691,blue
cg08021986,cyan
cg00804031,cyan
cg05009079,cyan
cg18966688,blue
cg17698860,blue
cg03208125,blue
cg14533957,cyan
cg23817627,grey
cg10886005,cyan
cg21305471,cyan
cg08358803,grey
cg05379882,cyan
cg01351787,blue
cg10468535,blue
cg08235864,grey
cg06547771,cyan
cg01244650,brown
cg01653672,cyan
cg19300124,blue
cg08128577,cyan
cg06662476,blue
cg11024341,blue
cg08515845,brown
cg06532346,cyan
cg26061582,cyan
cg03563298,blue
cg11605750,cyan
cg06982544,cyan
cg10076730,blue
cg06589246,cyan
cg23725246,blue
cg03340889,cyan
cg16041611,grey
cg04947850,blue
cg14949065,blue
cg07959070,grey
cg26782013,cyan
cg26574003,cyan
cg23477460,grey
cg00438740,cyan
cg18472945,grey
cg24527973,cyan
cg13023646,grey
cg09334331,cyan
cg10038446,blue
cg12590548,grey
cg07602690,cyan
cg26087411,cyan
cg20353207,cyan
cg03549146,grey
cg04132851,brown
cg05352754,blue
cg09391488,cyan
cg17892601,blue
cg24033103,grey
cg08866608,cyan
cg22391883,cyan
cg10144400,grey
cg04279695,cyan
cg16704802,cyan
cg20552688,brown
cg18655958,grey
cg21206277,blue
cg03312059,blue
cg09419176,grey
cg14391247,blue
cg21069563,grey
cg00999410,blue
cg11192787,blue
cg03604388,blue
cg02443583,cyan
cg21928243,cyan
cg13071476,cyan
cg13210558,blue
cg11040439,cyan
cg05083496,cyan
cg01039695,cyan
cg03156396,grey
cg10616121,cyan
cg17503287,cyan
cg15924868,grey
cg05375741,cyan
cg14994919,cyan
cg24185832,grey
cg14028489,cyan
cg10517650,grey
cg15107349,cyan
cg00653081,grey
cg03922048,grey
cg03918306,brown
cg14861934,blue
cg10836401,cyan
cg09932762,cyan
cg18644252,grey
cg27193377,cyan
cg13085893,cyan
cg08729719,cyan
cg05155781,cyan
cg12905935,blue
cg14561229,grey
cg25655234,grey
cg23174932,cyan
cg13043150,cyan
cg08810419,blue
cg03047785,cyan
cg23491124,cyan
cg19743168,grey
cg18596636,grey
cg01079738,grey
cg10167378,grey
cg03618257,cyan
cg07648504,blue
cg05326918,cyan
cg27162629,cyan
cg20504025,cyan
cg10896827,blue
cg02221750,cyan
cg00653179,blue
cg01798443,cyan
cg24134897,grey
cg06173319,grey
cg00355909,grey
cg03631331,cyan
cg00015530,cyan
cg04996485,blue
cg15260428,grey
cg06654302,cyan
cg00714672,blue
cg27315157,cyan
cg22638597,cyan
cg11101030,blue
cg13958923,cyan
cg14590070,blue
cg07582470,grey
cg05726600,grey
cg23620236,blue
cg03126043,cyan
cg01194519,cyan
cg13710308,grey
cg15225701,cyan
cg22795059,blue
cg07030339,grey
cg01856849,cyan
cg01837362,grey
cg02873700,cyan
cg02034447,cyan
cg21648376,blue
cg20019985,grey
cg11130780,blue
cg05615552,cyan
cg09115646,grey
cg08888249,cyan
cg23976632,cyan
cg13423282,grey
cg11540624,cyan
cg09189752,cyan
cg12461568,cyan
cg04734286,cyan
cg07699307,blue
cg26992952,cyan
cg12286540,cyan
cg17066716,grey
cg16406611,grey
cg02200456,grey
cg23250288,cyan
cg05959241,grey
cg00859178,grey
cg16145857,blue
cg06509661,cyan
cg04236735,blue
cg20399509,grey
cg20547575,cyan
cg26894438,cyan
cg21158975,blue
cg10748867,blue
cg11373049,cyan
cg08867893,cyan
cg05783384,grey
cg03974689,cyan
cg07227033,grey
cg09170127,cyan
cg16057201,cyan
cg12466613,blue
cg11359720,grey
cg23283495,grey
cg18012383,grey
cg27191207,cyan
cg14369333,blue
cg20625967,grey
cg15877831,blue
cg16975614,grey
cg24491895,blue
cg04539111,grey
cg00987890,blue
cg24122597,cyan
cg13821008,cyan
cg13972423,grey
cg21972176,cyan
cg13634966,blue
cg02651945,cyan
cg11657440,cyan
cg10706454,cyan
cg04301719,cyan
cg26976450,blue
cg18821144,grey
cg00318756,cyan
cg03330820,blue
cg14126210,cyan
cg14380111,cyan
cg27416283,blue
cg26269109,cyan
cg02849769,cyan
cg19797739,blue
cg25186645,cyan
cg14054013,cyan
cg00280239,blue
cg01792601,grey
cg15503663,grey
cg24822696,grey
cg14329783,grey
cg08179530,cyan
cg11560280,cyan
cg06615097,cyan
cg17080181,cyan
cg14117138,cyan
cg01330290,cyan
cg20864326,lightgreen
cg26101402,cyan
cg14461450,blue
cg27597084,grey
cg25953958,blue
cg14691416,cyan
cg23638624,blue
cg18781817,grey
cg21121136,cyan
cg03094935,cyan
cg23039227,blue
cg21053831,grey
cg25758137,blue
cg12774454,blue
cg23455224,cyan
cg16054451,cyan
cg25053798,cyan
cg23593167,grey
cg00871381,grey
cg07697850,grey
cg15262954,cyan
cg25535317,cyan
cg21978892,blue
cg06754557,blue
cg23155118,cyan
cg05585821,cyan
cg12101108,grey
cg12657014,blue
cg26968378,grey
cg23901409,darkorange
cg13887068,grey
cg03849685,cyan
cg04758273,cyan
cg25333204,blue
cg00266983,cyan
cg24354901,grey
cg25539011,cyan
cg05164185,cyan
cg27143946,blue
cg18829186,cyan
cg02869960,blue
cg09543727,cyan
cg00443488,cyan
cg01765249,cyan
cg05216862,cyan
cg10178795,cyan
cg23565292,cyan
cg12422026,blue
cg08887425,cyan
cg11704751,cyan
cg09659300,blue
cg24053061,cyan
cg11467141,grey
cg13696351,grey
cg02637948,cyan
cg11076996,blue
cg26334954,cyan
cg10185519,grey
cg27408600,cyan
cg00257786,cyan
cg10414242,cyan
cg04431054,grey
cg05057083,blue
cg06898502,blue
cg04564646,cyan
cg07162124,cyan
cg25996571,blue
cg00254258,grey
cg11276500,blue
cg18635645,brown
cg19615174,cyan
cg08001895,cyan
cg18449879,grey
cg08829281,cyan
cg08414068,blue
cg06815243,blue
cg23957015,cyan
cg05085565,cyan
cg24976335,cyan
cg24487027,cyan
cg26633120,grey
cg04816798,blue
cg27198013,blue
cg03789575,blue
cg08142058,blue
cg04117853,grey
cg26369133,blue
cg14451452,cyan
cg23683046,blue
cg00243922,cyan
cg15362194,cyan
cg03062252,grey
cg26291195,blue
cg18753928,grey
cg19155391,grey
cg03464336,cyan
cg11327383,cyan
cg10308785,grey
cg05353710,cyan
cg27028030,cyan
cg20145760,cyan
cg06264303,cyan
cg00593900,grey
cg09665691,grey
cg17158761,cyan
cg09081997,grey
cg19932097,cyan
cg14745270,grey
cg02890642,blue
cg07368146,cyan
cg16678437,cyan
cg01743020,blue
cg02605800,blue
cg04773990,cyan
cg10397009,cyan
cg23371655,blue
cg11032268,cyan
cg22688969,blue
cg23625312,cyan
cg25635139,blue
cg07035145,cyan
cg21893354,cyan
cg05644498,cyan
cg23876131,blue
cg15759889,cyan
cg05256447,cyan
cg27054887,blue
cg18882576,grey
cg16407139,blue
cg17136548,blue
cg00265578,grey
cg15731669,cyan
cg10996014,cyan
cg17104258,grey
cg21299458,grey
cg03080820,cyan
cg15561235,cyan
cg17987358,cyan
cg23760165,cyan
cg08669361,cyan
cg12646754,grey
cg21434959,blue
cg11613875,cyan
cg02554168,cyan
cg21733973,grey
cg01111397,cyan
cg01738022,cyan
cg15203833,cyan
cg11228113,cyan
cg22851378,blue
cg08306353,darkorange
cg26376025,blue
cg04921315,blue
cg02951558,cyan
cg20565046,blue
cg08270964,cyan
cg19473989,grey
cg17226280,cyan
cg03578822,cyan
cg26052553,cyan
cg04542325,cyan
cg03819338,blue
cg18251612,cyan
cg24258529,grey
cg22506548,grey
cg18353550,cyan
cg21185116,blue
cg06913228,cyan
cg11208348,blue
cg11495915,cyan
cg03199926,grey
cg01514538,grey
cg15665833,cyan
cg06536619,cyan
cg10558228,cyan
cg26149645,blue
cg05855489,cyan
cg09952395,cyan
cg23114964,cyan
cg22884792,cyan
cg07278997,grey
cg00554165,blue
cg16783819,grey
cg18262591,blue
cg03050907,cyan
cg02144298,cyan
cg01051546,cyan
cg17473382,grey
cg13951074,grey
cg02221622,grey
cg15432125,cyan
cg09791776,blue
cg03396447,blue
cg09161592,cyan
cg05547140,cyan
cg11563399,cyan
cg21051568,blue
cg23075144,blue
cg04407470,darkorange
cg07987262,grey
cg26989291,cyan
cg01424145,cyan
cg12018549,cyan
cg19442480,cyan
cg23107878,grey
cg00747859,cyan
cg13361705,cyan
cg14122102,cyan
cg05362405,cyan
cg20240243,blue
cg05181221,cyan
cg18586470,cyan
cg15122439,grey
cg14333935,blue
cg11757357,grey
cg06956098,blue
cg22160784,grey
cg17937101,grey
cg13320224,blue
cg18542688,grey
cg02397686,cyan
cg03821311,blue
cg01736133,grey
cg21310689,cyan
cg00991994,blue
cg02162404,cyan
cg06691214,cyan
cg07680232,cyan
cg03905134,blue
cg13050802,grey
cg18482656,blue
cg15584792,blue
cg00623328,cyan
cg19426128,blue
cg22161131,cyan
cg00588920,cyan
cg04098585,cyan
cg01078271,cyan
cg05754408,cyan
cg08082879,blue
cg19062379,cyan
cg03115937,cyan
cg11619648,blue
cg17978996,grey
cg13120814,cyan
cg02717656,blue
cg02639540,grey
cg15167871,blue
cg13775751,blue
cg01017355,cyan
cg08283932,cyan
cg24512731,grey
cg15128470,grey
cg01152488,cyan
cg14158712,cyan
cg09049417,blue
cg17025642,blue
cg01327147,grey
cg22140675,cyan
cg15216899,blue
cg16086579,blue
cg26624732,grey
cg04526124,cyan
cg25108382,cyan
cg22838050,grey
cg23960088,blue
cg25809561,grey
cg09039782,grey
cg14160518,grey
cg18774611,blue
cg27124774,cyan
cg03755098,cyan
cg18207109,blue
cg08649440,blue
cg24845324,cyan
cg16566165,cyan
cg27298526,blue
cg05602854,grey
cg02644301,cyan
cg08768920,grey
cg08366952,cyan
cg11263507,cyan
cg08287471,cyan
cg06607825,blue
cg11209538,cyan
cg18576318,cyan
cg20944895,cyan
cg17279839,grey
cg17654011,cyan
cg13717350,grey
cg17135058,cyan
cg25498258,blue
cg21104276,grey
cg12654155,blue
cg17994840,blue
cg23239870,blue
cg13402698,cyan
cg03208893,blue
cg09240436,grey
cg08374732,blue
cg16533314,blue
cg06591892,cyan
cg27530058,grey
cg22761482,grey
cg20261167,cyan
cg15308050,blue
cg01492330,grey
cg01869405,cyan
cg06294561,blue
cg10700647,cyan
cg13330411,cyan
cg09178844,cyan
cg23069167,cyan
cg10486455,blue
cg11083416,cyan
cg19391924,grey
cg01353809,cyan
cg11090352,cyan
cg13244592,cyan
cg08605855,blue
cg11044590,cyan
cg13800209,cyan
cg09845184,blue
cg02072400,grey
cg03671191,cyan
cg21237687,grey
cg04346261,cyan
cg03909781,cyan
cg26244164,grey
cg23977821,cyan
cg02641420,blue
cg07472227,cyan
cg00277936,blue
cg21604084,blue
cg13058734,blue
cg09097839,blue
cg24391240,grey
cg04096619,grey
cg05898782,blue
cg18240143,cyan
cg02288296,cyan
cg19839655,grey
cg19188572,grey
cg14094882,cyan
cg24482496,cyan
cg24296196,blue
cg23269169,cyan
cg05059291,cyan
cg26857911,cyan
cg10955566,grey
cg12494208,blue
cg02872767,grey
cg03597143,cyan
cg13651446,cyan
cg23841903,cyan
cg07522664,cyan
cg01409419,cyan
cg24448326,grey
cg26188632,cyan
cg03893339,blue
cg22711274,cyan
cg07706812,blue
cg26063030,blue
cg09094964,blue
cg05370977,blue
cg06242063,cyan
cg21875336,cyan
cg12266953,grey
cg13348458,grey
cg27072247,blue
cg16558822,blue
cg04021557,blue
cg11630696,cyan
cg12083965,cyan
cg03818826,cyan
cg26053469,blue
cg11876979,cyan
cg09855544,blue
cg18389845,blue
cg25327888,cyan
cg21158896,grey
cg16898493,cyan
cg00302533,cyan
cg11542402,cyan
cg07595346,blue
cg24620436,grey
cg00558031,blue
cg24147543,grey
cg04726730,blue
cg05950276,blue
cg10025945,cyan
cg19925801,blue
cg03828224,cyan
cg24704211,grey
cg23870148,cyan
cg08260052,grey
cg03146637,cyan
cg16919449,grey
cg00563699,cyan
cg02524003,blue
cg20437132,blue
cg22677180,blue
cg07508341,blue
cg11231018,blue
cg12960467,blue
cg20802333,blue
cg17919206,cyan
cg11372934,cyan
cg03759001,blue
cg03307401,brown
cg15896098,grey
cg23237634,grey
cg14473102,grey
cg04106584,cyan
cg06834998,grey
cg03703101,grey
cg22773661,cyan
cg22519756,cyan
cg12879339,cyan
cg21497641,cyan
cg15355015,grey
cg23968551,blue
cg12317811,cyan
cg12004115,cyan
cg15858239,grey
cg14282407,cyan
cg25132276,grey
cg10351477,cyan
cg19225923,cyan
cg03327325,grey
cg07007148,blue
cg14409850,grey
cg23460149,cyan
cg23651976,cyan
cg17246694,blue
cg03962463,blue
cg05865436,grey
cg20430847,cyan
cg22221669,cyan
cg15954711,cyan
cg22794772,blue
cg16559708,cyan
cg15361065,cyan
cg25436684,cyan
cg04116469,blue
cg04844516,blue
cg18987410,grey
cg10385188,blue
cg25415877,cyan
cg05845292,cyan
cg22734085,cyan
cg21809927,grey
cg24098302,grey
cg27173245,cyan
cg06174606,blue
cg16717480,cyan
cg12078154,grey
cg10387512,cyan
cg09449853,blue
cg08967802,cyan
cg27223646,blue
cg01813071,cyan
cg09493652,cyan
cg10701640,grey
cg26124318,grey
cg14646081,blue
cg04873927,cyan
cg21616297,cyan
cg24717401,cyan
cg08205843,cyan
cg01004457,blue
cg12145866,cyan
cg01765077,grey
cg12109823,grey
cg05251379,grey
cg08872590,grey
cg07617265,blue
cg01036296,cyan
cg23366101,grey
cg04645123,blue
cg00784671,grey
cg16269776,blue
cg15623398,cyan
cg06054793,cyan
cg18552620,cyan
cg10740902,grey
cg11580828,cyan
cg06775001,cyan
cg23661309,cyan
cg24073770,blue
cg19915181,blue
cg17831467,cyan
cg05201344,blue
cg21278806,cyan
cg25270206,blue
cg15778012,cyan
cg13377965,blue
cg21781828,grey
cg06083252,blue
cg24738779,grey
cg09007434,blue
cg26128977,cyan
cg25366140,blue
cg11925710,blue
cg12528394,cyan
cg13206850,blue
cg06423533,cyan
cg01428378,cyan
cg19792908,cyan
cg27422857,grey
cg20964082,blue
cg26380756,cyan
cg07563363,grey
cg18977541,grey
cg01850767,cyan
cg21747652,blue
cg15742848,grey
cg21703068,cyan
cg11558107,blue
cg18573663,blue
cg09898138,cyan
cg27595489,blue
cg24173344,cyan
cg04795282,brown
cg16202187,cyan
cg07580652,cyan
cg08081156,cyan
cg02335863,blue
cg18322589,grey
cg16580728,blue
cg19730972,cyan
cg01790646,cyan
cg08699341,blue
cg04326887,blue
cg08109624,grey
cg03606222,cyan
cg18126791,grey
cg16801887,cyan
cg10589385,grey
cg27192088,cyan
cg11754374,blue
cg02707854,grey
cg12441052,grey
cg06610641,cyan
cg11528984,cyan
cg22387578,grey
cg17463745,grey
cg26899113,cyan
cg01638225,blue
cg06962857,cyan
cg19593741,grey
cg07145255,brown
cg02025680,blue
cg00527382,cyan
cg27057210,cyan
cg24282422,cyan
cg13730743,cyan
cg10909192,blue
cg07550809,cyan
cg13694471,cyan
cg09078754,blue
cg15027294,grey
cg03164238,cyan
cg25192916,blue
cg01867950,blue
cg19392994,blue
cg11282844,cyan
cg15951897,blue
cg05905176,cyan
cg15465092,cyan
cg11890437,cyan
cg11912591,grey
cg13767940,cyan
cg18449956,blue
cg04269065,cyan
cg14650281,cyan
cg15646123,blue
cg17619993,cyan
cg13206674,cyan
cg21644426,cyan
cg07255038,blue
cg17145587,grey
cg02048674,brown
cg00124695,cyan
cg20375608,cyan
cg02742676,blue
cg07063559,grey
cg13717566,grey
cg06411724,grey
cg24162759,cyan
cg16536857,blue
cg12528981,blue
cg21512185,cyan
cg14484356,blue
cg14230938,blue
cg07029998,cyan
cg15665968,cyan
cg21960279,grey
cg12482557,grey
cg07023902,cyan
cg19165854,cyan
cg26708100,cyan
cg05199874,cyan
cg15705266,cyan
cg01922603,blue
cg23482427,grey
cg26279745,grey
cg19224656,cyan
cg18457438,blue
cg11002033,cyan
cg19813362,cyan
cg07208513,cyan
cg11304457,cyan
cg25055520,blue
cg00710736,blue
cg17492481,cyan
cg12636971,blue
cg04059762,grey
cg22247282,cyan
cg10762939,cyan
cg08131845,cyan
cg25737491,cyan
cg11800013,cyan
cg04184946,cyan
cg16419620,cyan
cg20011983,grey
cg01943478,cyan
cg26418826,blue
cg07983330,blue
cg23218354,grey
cg27255505,blue
cg04880751,cyan
cg20897072,blue
cg09762563,cyan
cg24272309,cyan
cg02924961,cyan
cg23076086,cyan
cg24881202,cyan
cg26962758,blue
cg07866464,grey
cg19570781,cyan
cg25798112,cyan
cg04512050,grey
cg23473114,grey
cg14510371,blue
cg25325723,grey
cg11637980,cyan
cg12607106,blue
cg17660703,blue
cg16047223,grey
cg10518811,blue
cg12576153,cyan
cg11391637,cyan
cg16633951,grey
cg06688763,grey
cg17166258,cyan
cg02768760,blue
cg14487379,blue
cg05062896,cyan
cg10110884,blue
cg15173196,cyan
cg05051199,grey
cg10534635,cyan
cg12867312,blue
cg05091238,cyan
cg11659327,cyan
cg14636834,blue
cg22704068,cyan
cg08846011,grey
cg10277836,blue
cg03574723,grey
cg09652427,cyan
cg02674662,cyan
cg06523556,cyan
cg12586428,cyan
cg01358740,cyan
cg14400879,blue
cg25937494,cyan
cg20964285,cyan
cg02263479,cyan
cg19028357,cyan
cg07232688,blue
cg04126816,cyan
cg05729372,blue
cg21189438,grey
cg19300475,cyan
cg17465930,cyan
cg02222290,cyan
cg12551582,cyan
cg09886342,cyan
cg22656705,cyan
cg10776397,blue
cg07455279,grey
cg01911237,grey
cg02859644,cyan
cg10764933,blue
cg22280402,blue
cg19517490,blue
cg13019513,cyan
cg16324579,cyan
cg22056755,blue
cg09314196,grey
cg21673338,blue
cg17058383,blue
cg24707399,cyan
cg27475126,grey
cg14525473,grey
cg22034735,grey
cg06621094,cyan
cg24710480,cyan
cg09783905,cyan
cg12426196,cyan
cg05152354,cyan
cg26470338,blue
cg25748712,cyan
cg19591950,cyan
cg23080355,blue
cg04474471,blue
cg16472965,cyan
cg01190330,blue
cg16040763,grey
cg24419284,cyan
cg03578331,cyan
cg20103104,cyan
cg02718654,cyan
cg08977639,brown
cg02001279,grey
cg21549477,blue
cg01609214,blue
cg18094221,cyan
cg26674558,blue
cg19071452,cyan
cg24473518,blue
cg02389501,blue
cg07146104,brown
cg11739480,cyan
cg19691410,grey
cg17182036,blue
cg10399369,cyan
cg25776467,cyan
cg22219255,blue
cg09877105,cyan
cg06362065,cyan
cg17946375,cyan
cg20509869,grey
cg22578632,blue
cg06164660,cyan
cg10811045,grey
cg07358015,cyan
cg12809314,cyan
cg11432013,blue
cg07386228,cyan
cg05240795,cyan
cg10256790,blue
cg04607174,cyan
cg07721276,cyan
cg21454177,cyan
cg12565580,blue
cg14558431,brown
cg03254875,cyan
cg01609139,grey
cg15496005,cyan
cg17603057,cyan
cg20972416,cyan
cg19519509,blue
cg17492152,blue
cg05355156,grey
cg16707215,grey
cg01723710,cyan
cg26147372,cyan
cg05004900,cyan
cg26275961,cyan
cg18355337,grey
cg10287301,cyan
cg14374521,grey
cg24425628,blue
cg25962286,grey
cg16655724,grey
cg13777294,cyan
cg23623458,cyan
cg21596238,cyan
cg07443485,cyan
cg00780574,cyan
cg11908659,blue
cg22974158,cyan
cg16245495,blue
cg24886257,grey
cg08017990,cyan
cg01700386,blue
cg16478012,cyan
cg18338319,cyan
cg25543676,cyan
cg05251676,grey
cg13514955,cyan
cg25856120,cyan
cg13954619,cyan
cg04735544,cyan
cg13204568,cyan
cg02715602,grey
cg00688840,cyan
cg19536810,grey
cg26260369,grey
cg02705666,cyan
cg08294750,cyan
cg03880033,grey
cg01050704,grey
cg25409040,grey
cg11210604,cyan
cg05382797,cyan
cg09230774,cyan
cg18849737,cyan
cg18327669,cyan
cg22647996,blue
cg15421606,cyan
cg13343203,cyan
cg26853628,cyan
cg08068635,cyan
cg17102411,cyan
cg18108111,blue
cg23939236,blue
cg25749565,grey
cg16714888,blue
cg06802365,cyan
cg09724374,grey
cg24868167,cyan
cg16713262,cyan
cg21904595,cyan
cg27576679,cyan
cg22153463,grey
cg23971484,cyan
cg15448571,blue
cg10638599,cyan
cg07156742,grey
cg21842301,cyan
cg01937701,grey
cg16037021,cyan
cg09449012,blue
cg26912278,cyan
cg21000919,blue
cg11095404,cyan
cg19851242,cyan
cg03291960,cyan
cg11829680,blue
cg03571129,cyan
cg13458335,cyan
cg17370319,blue
cg19681188,cyan
cg18564448,cyan
cg08552167,blue
cg22937574,cyan
cg04324727,cyan
cg08173834,blue
cg17025484,cyan
cg08327690,cyan
cg04660357,cyan
cg11390445,cyan
cg23625390,blue
cg15543167,cyan
cg15241920,cyan
cg05279901,cyan
cg04187935,cyan
cg26027796,cyan
cg24646529,cyan
cg19003389,cyan
cg26226802,cyan
cg03901532,blue
cg22038907,cyan
cg25635144,grey
cg01044695,cyan
cg04663956,blue
cg22058122,grey
cg19870567,blue
cg02290823,grey
cg26062174,cyan
cg06304787,cyan
cg04661001,grey
cg22683036,grey
cg23151303,cyan
cg13324546,grey
cg17566334,blue
cg26851661,grey
cg25467855,grey
cg01094351,blue
cg01752856,blue
cg27639268,cyan
cg23873398,cyan
cg16091553,grey
cg14064268,grey
cg06962944,grey
cg09420691,blue
cg20399769,blue
cg23588086,cyan
cg01005582,blue
cg06546406,cyan
cg23087876,blue
cg14578028,cyan
cg02281226,cyan
cg06573787,grey
cg02632314,cyan
cg06509223,blue
cg03052632,brown
cg07519721,cyan
cg02852743,cyan
cg26170245,grey
cg06470855,grey
cg24397939,blue
cg03083542,cyan
cg02358172,cyan
cg21247472,cyan
cg09850161,blue
cg26772116,grey
cg06886207,cyan
cg03603062,blue
cg05035470,blue
cg04292359,grey
cg05522011,grey
cg18354203,blue
cg22199658,grey
cg04169380,blue
cg09797334,grey
cg20679271,grey
cg16468843,grey
cg24399556,cyan
cg05997116,blue
cg03968970,cyan
cg00702638,cyan
cg12791010,cyan
cg09945482,grey
cg12147137,cyan
cg13512333,blue
cg23241863,cyan
cg04896165,blue
cg07996255,cyan
cg03537537,blue
cg21317132,cyan
cg10648815,grey
cg07134240,grey
cg05701478,blue
cg07235453,cyan
cg24707294,blue
cg25174874,blue
cg17174775,cyan
cg14311108,cyan
cg24347903,cyan
cg18105139,grey
cg14940449,cyan
cg05897853,blue
cg16289751,blue
cg17849194,cyan
cg05159192,cyan
cg27441689,cyan
cg10879207,cyan
cg01718447,cyan
cg02263377,blue
cg16358215,blue
cg21477907,cyan
cg04954411,cyan
cg14739153,blue
cg20410415,cyan
cg08875078,cyan
cg21453443,grey
cg24399395,grey
cg13413755,cyan
cg01971071,grey
cg05740763,grey
cg15996499,cyan
cg03530744,blue
cg26286098,blue
cg14569423,blue
cg24139898,cyan
cg23255995,cyan
cg13735223,blue
cg27260867,grey
cg09856068,cyan
cg17081778,cyan
cg00040027,blue
cg11727029,cyan
cg15990223,blue
cg02175231,blue
cg20216950,cyan
cg27595100,blue
cg02038168,grey
cg26246658,cyan
cg22831263,grey
cg12526120,grey
cg17584576,cyan
cg24452069,cyan
cg02147224,cyan
cg09608737,cyan
cg11032634,grey
cg21117965,grey
cg10462751,cyan
cg23091824,cyan
cg26324132,grey
cg04222842,grey
cg13784908,grey
cg19622777,blue
cg07001856,grey
cg08298587,grey
cg27180755,blue
cg13010199,cyan
cg25736002,cyan
cg03712579,cyan
cg02877808,cyan
cg22623236,blue
cg02147032,cyan
cg26826329,blue
cg14249227,cyan
cg21046148,cyan
cg18255504,blue
cg21497602,brown
cg02888513,blue
cg07178994,grey
cg18348936,cyan
cg03828693,cyan
cg22942377,cyan
cg14329675,cyan
cg06732516,grey
cg18283893,cyan
cg06602086,grey
cg26836809,blue
cg16020210,blue
cg26314868,cyan
cg15083158,cyan
cg09650487,cyan
cg11328405,cyan
cg18252360,cyan
cg11518657,cyan
cg08157638,blue
cg20081969,grey
cg09887251,grey
cg20606759,blue
cg23620822,cyan
cg11807290,blue
cg02593615,blue
cg22776646,cyan
cg06335251,cyan
cg23886495,cyan
cg16142906,blue
cg20637307,cyan
cg24467535,cyan
cg01385882,blue
cg08049061,grey
cg09368670,cyan
cg19175649,cyan
cg16203711,grey
cg08592423,cyan
cg13763627,blue
cg25577940,cyan
cg22789900,cyan
cg03410903,cyan
cg08274544,grey
cg22306928,grey
cg05496603,grey
cg27592331,cyan
cg16856213,grey
cg03344955,cyan
cg17429382,cyan
cg25902616,cyan
cg00529585,cyan
cg02154874,cyan
cg04546950,cyan
cg21248554,grey
cg03441514,cyan
cg05330668,cyan
cg10356655,cyan
cg25357022,blue
cg10253484,cyan
cg14810343,grey
cg25910443,cyan
cg15737123,grey
cg03003335,grey
cg19647301,cyan
cg19822640,blue
cg18427589,cyan
cg07941953,blue
cg07020822,cyan
cg07088555,grey
cg22264307,blue
cg05451573,cyan
cg11392877,brown
cg26272893,cyan
cg10008445,blue
cg10883171,cyan
cg01849085,grey
cg13202122,cyan
cg15139063,blue
cg07320819,cyan
cg25563087,cyan
cg17150474,cyan
cg02504465,cyan
cg04199779,grey
cg00861009,cyan
cg04826663,cyan
cg20418394,grey
cg00846114,cyan
cg17336714,cyan
cg20435150,cyan
cg15059389,cyan
cg21376831,cyan
cg18837035,grey
cg23977767,blue
cg16719194,blue
cg08500740,cyan
cg06654697,cyan
cg07393854,blue
cg06503907,grey
cg09196068,cyan
cg15039019,grey
cg25756853,cyan
cg24361198,grey
cg05370853,grey
cg06912515,cyan
cg09892203,cyan
cg11994551,cyan
cg26769838,blue
cg07482870,cyan
cg18157379,blue
cg01890726,grey
cg27059302,grey
cg19597776,cyan
cg06762403,cyan
cg24467337,cyan
cg15158783,grey
cg07606551,blue
cg11973052,cyan
cg13368756,grey
cg00010947,cyan
cg23003258,grey
cg07564962,grey
cg25061682,blue
cg24947985,blue
cg25528916,cyan
cg04833011,grey
cg16120422,grey
cg03376183,cyan
cg24001597,blue
cg20308663,blue
cg15869475,cyan
cg03344693,cyan
cg01556929,cyan
cg02508651,grey
cg10948748,cyan
cg09861318,cyan
cg19233923,grey
cg06379340,blue
cg24198611,lightgreen
cg14986395,cyan
cg18686833,blue
cg27302675,blue
cg15609016,cyan
cg25173971,grey
cg00127861,blue
cg10187932,cyan
cg09587640,cyan
cg26497264,cyan
cg04522544,blue
cg03920172,cyan
cg00413030,grey
cg16859001,cyan
cg20797740,cyan
cg24699719,blue
cg19465159,blue
cg17247873,grey
cg08211722,cyan
cg03955321,cyan
cg18220168,blue
cg25680105,grey
cg20988549,cyan
cg24037976,grey
cg23292453,cyan
cg07863043,blue
cg25208142,grey
cg20124336,blue
cg18176922,cyan
cg01644979,cyan
cg16232702,cyan
cg20501355,cyan
cg01561839,cyan
cg16837441,grey
cg10626541,cyan
cg07770526,blue
cg18474072,blue
cg27354589,blue
cg13337295,blue
cg12255293,cyan
cg10406153,cyan
cg04720785,grey
cg26374058,blue
cg22184990,cyan
cg25985659,grey
cg21449450,cyan
cg22079902,grey
cg25611443,blue
cg18460725,blue
cg25284208,cyan
cg01840183,grey
cg01987515,cyan
cg08378782,cyan
cg25697800,cyan
cg13475583,cyan
cg17207301,cyan
cg18650732,cyan
cg03231960,grey
cg25980157,cyan
cg11033697,blue
cg09737845,cyan
cg17322050,cyan
cg03387593,blue
cg07645614,cyan
cg26227943,blue
cg11332236,cyan
cg17462203,cyan
cg00501779,cyan
cg10363578,cyan
cg11333835,cyan
cg14436888,cyan
cg15456925,cyan
cg24675998,grey
cg26114124,grey
cg22852149,grey
cg02710161,blue
cg19400780,cyan
cg04719634,blue
cg02106155,blue
cg12543807,blue
cg02445356,cyan
cg13332538,cyan
cg04387010,blue
cg23790345,cyan
cg07240673,cyan
cg19541697,grey
cg08060515,cyan
cg17469240,blue
cg07491828,blue
cg05786287,cyan
cg23739746,grey
cg09476149,cyan
cg14522055,cyan
cg26733846,blue
cg01794405,blue
cg24155792,blue
cg07477947,blue
cg16991595,cyan
cg24666276,cyan
cg08901520,grey
cg01252672,cyan
cg24792717,grey
cg11759293,blue
cg22082564,cyan
cg05740655,blue
cg05063597,blue
cg09856241,grey
cg09655887,blue
cg17504999,grey
cg13722419,blue
cg11975206,grey
cg16602147,cyan
cg24703354,blue
cg21483475,grey
cg07844931,cyan
cg05210398,blue
cg06623474,blue
cg05300158,grey
cg05714926,cyan
cg02654923,blue
cg01431992,cyan
cg18238374,brown
cg07705912,cyan
cg17374534,cyan
cg26988159,grey
cg00214668,cyan
cg20695057,cyan
cg09043941,blue
cg12639574,blue
cg09155701,cyan
cg13444528,cyan
cg18171855,grey
cg26929700,grey
cg18791826,cyan
cg07213065,blue
cg10322744,cyan
cg08274821,blue
cg08161158,cyan
cg06838921,cyan
cg25753720,blue
cg14257519,blue
cg11094012,cyan
cg04016768,cyan
cg03554194,blue
cg02955476,blue
cg12402800,cyan
cg02172142,cyan
cg18315060,grey
cg06966617,cyan
cg11237734,grey
cg01094309,cyan
cg26393629,grey
cg02595575,cyan
cg15418155,cyan
cg08209365,blue
cg20387695,blue
cg01137537,cyan
cg14825033,blue
cg18116217,grey
cg06659057,cyan
cg14516100,grey
cg00356774,cyan
cg15934415,cyan
cg16582062,cyan
cg25259564,blue
cg22177976,blue
cg07969676,grey
cg19196735,blue
cg09827496,grey
cg24188073,cyan
cg16175124,blue
cg05450995,cyan
cg11913894,cyan
cg03310038,blue
cg10631515,blue
cg17784027,blue
cg23547048,blue
cg13963793,grey
cg26748568,blue
cg02502679,blue
cg15048078,cyan
cg00030423,cyan
cg06699216,grey
cg23275463,cyan
cg05593832,blue
cg25416067,grey
cg13248778,cyan
cg25824218,grey
cg26138746,blue
cg25432392,cyan
cg06522557,blue
cg03012280,grey
cg22109000,cyan
cg04580897,cyan
cg13518079,grey
cg12898275,cyan
cg23989516,cyan
cg09827440,cyan
cg19924335,cyan
cg21045802,cyan
cg22231620,blue
cg26614816,grey
cg11107669,cyan
cg23191354,grey
cg06722870,blue
cg09964933,blue
cg00036599,blue
cg11837713,grey
cg10440483,cyan
cg08931023,blue
cg03482866,grey
cg00597492,blue
cg06238779,blue
cg27063170,cyan
cg12328282,cyan
cg16113156,grey
cg22951408,cyan
cg14963002,blue
cg04583467,blue
cg10303487,grey
cg02155528,cyan
cg03247595,blue
cg16147221,brown
cg24271100,cyan
cg26887302,grey
cg26201811,cyan
cg11078175,cyan
cg00624834,cyan
cg19813688,cyan
cg24723561,grey
cg20795117,grey
cg05295494,cyan
cg25129124,grey
cg16574934,blue
cg01597741,cyan
cg22009488,cyan
cg00262031,cyan
cg12794691,brown
cg22718140,blue
cg11865585,cyan
cg00405152,cyan
cg06579465,blue
cg01993169,cyan
cg00389081,blue
cg18807929,cyan
cg24027594,blue
cg21575861,cyan
cg03375212,cyan
cg07797030,blue
cg04533487,cyan
cg09747456,cyan
cg22182142,grey
cg03059575,blue
cg07382347,grey
cg21978579,grey
cg07596120,cyan
cg13986117,blue
cg06398242,blue
cg04302946,cyan
cg12133103,blue
cg20303301,blue
cg25575065,grey
cg18552020,blue
cg06785302,cyan
cg04531710,cyan
cg17588038,blue
cg15458254,cyan
cg04564980,grey
cg23429638,cyan
cg02411961,cyan
cg02276826,grey
cg15720017,blue
cg12644888,violet
cg10761845,cyan
cg08472247,cyan
cg02339297,cyan
cg20629455,blue
cg22388850,cyan
cg04835553,blue
cg24832140,cyan
cg18709589,cyan
cg26437866,blue
cg25103043,cyan
cg20695529,white
cg00668525,cyan
cg18200828,blue
cg25834632,blue
cg00785856,cyan
cg11203397,cyan
cg21147364,blue
cg11952433,cyan
cg19177701,cyan
cg09435617,cyan
cg14590644,blue
cg25689940,blue
cg19077071,cyan
cg03000485,blue
cg17607942,grey
cg26512406,grey
cg17844339,blue
cg00590081,cyan
cg16268315,blue
cg13405783,grey
cg13725340,blue
cg12201155,blue
cg14662119,cyan
cg25984524,blue
cg26384310,cyan
cg16711011,grey
cg17497746,cyan
cg23924007,grey
cg17573292,grey
cg05231821,cyan
cg06375085,grey
cg15152644,blue
cg12824719,cyan
cg00062020,blue
cg11325576,blue
cg02379764,cyan
cg25777818,blue
cg07053469,cyan
cg25304680,blue
cg20777266,cyan
cg25274540,blue
cg17289692,blue
cg21871091,grey
cg15082635,grey
cg20382790,blue
cg23900905,blue
cg00909993,blue
cg04758026,grey
cg00053010,cyan
cg23783747,cyan
cg27253887,cyan
cg09084462,cyan
cg14013220,cyan
cg24510518,grey
cg18951862,blue
cg19542359,cyan
cg26690949,grey
cg02322843,blue
cg17522241,blue
cg09973514,grey
cg19079000,cyan
cg26672807,blue
cg19394731,cyan
cg25710854,blue
cg05735659,cyan
cg14493678,cyan
cg01104377,blue
cg25542907,cyan
cg21530087,cyan
cg00396163,cyan
cg08386137,blue
cg12897067,grey
cg03349373,blue
cg26752888,cyan
cg18061532,cyan
cg05583020,cyan
cg03171646,cyan
cg27487903,cyan
cg07264062,blue
cg16683416,blue
cg17177318,grey
cg06709324,cyan
cg19962565,cyan
cg15159149,blue
cg02152982,cyan
cg14683738,cyan
cg19086309,blue
cg23093333,blue
cg00599163,grey
cg15192736,grey
cg19715410,grey
cg23482397,cyan
cg20332930,grey
cg23755378,cyan
cg08986516,blue
cg03623386,cyan
cg13483603,cyan
cg21554501,grey
cg25673584,grey
cg12031962,grey
cg23068558,blue
cg16744862,cyan
cg16433844,blue
cg09807945,blue
cg04995722,grey
cg22166914,blue
cg00715257,cyan
cg08329684,blue
cg08572336,grey
cg22796353,grey
cg18246227,cyan
cg09359820,cyan
cg26880073,cyan
cg24605553,cyan
cg09907936,grey
cg13724220,grey
cg09856206,cyan
cg27324402,cyan
cg17388683,cyan
cg20243285,blue
cg05802658,cyan
cg17415355,blue
cg22235012,cyan
cg15488978,grey
cg25259142,cyan
cg01335729,cyan
cg05902483,blue
cg08212230,cyan
cg02689951,cyan
cg22862846,blue
cg10199168,grey
cg05155042,cyan
cg00032686,cyan
cg15925527,blue
cg27398283,blue
cg22887484,cyan
cg16088539,grey
cg22210337,grey
cg02030141,blue
cg08524389,blue
cg15219506,cyan
cg18121006,blue
cg17923401,grey
cg18374471,cyan
cg10343723,cyan
cg07029665,blue
cg02423659,grey
cg27013478,cyan
cg16271453,blue
cg10626744,cyan
cg00941229,grey
cg19243883,blue
cg23894205,blue
cg00407867,blue
cg11680442,cyan
cg07057492,blue
cg20588193,blue
cg11819621,cyan
cg02094388,grey
cg17968599,blue
cg27302994,grey
cg07962051,cyan
cg12193929,grey
cg07814977,blue
cg04725166,grey
cg19656070,grey
cg10308414,blue
cg24165439,blue
cg08728129,cyan
cg05373263,grey
cg16261091,blue
cg16778289,cyan
cg05061711,cyan
cg02558474,cyan
cg00616603,cyan
cg19364351,grey
cg17456522,blue
cg24511898,brown
cg17497965,cyan
cg26398408,cyan
cg17258335,grey
cg10042799,grey
cg01620580,cyan
cg08063125,cyan
cg02595681,cyan
cg08198132,cyan
cg00642749,grey
cg22361859,grey
cg01904169,blue
cg19436502,grey
cg17390350,grey
cg04767734,cyan
cg19668728,blue
cg23803709,blue
cg24975986,grey
cg11694119,cyan
cg10259985,blue
cg03668982,blue
cg07596819,blue
cg03054277,grey
cg01082798,blue
cg25479306,cyan
cg04838064,cyan
cg07533819,blue
cg09782645,cyan
cg16675029,cyan
cg02021210,cyan
cg15733456,blue
cg09977865,grey
cg20461188,grey
cg14569639,grey
cg16454495,grey
cg09226044,cyan
cg24334230,blue
cg02232273,cyan
cg07703976,grey
cg27620176,blue
cg07257747,blue
cg11419456,cyan
cg04245373,cyan
cg11191302,blue
cg02884826,blue
cg01949920,blue
cg13033090,cyan
cg23792383,grey
cg23595451,grey
cg09246302,blue
cg13235160,cyan
cg12726960,cyan
cg01476568,grey
cg14855326,blue
cg24954668,cyan
cg15123572,blue
cg22789318,blue
cg01818597,brown
cg16989378,cyan
cg06303772,cyan
cg26646896,blue
cg06740311,blue
cg18987026,blue
cg25881719,cyan
cg09548292,blue
cg00016066,cyan
cg26263766,grey
cg02848750,grey
cg19427573,blue
cg05380145,cyan
cg06800849,grey
cg14897765,grey
cg02059980,blue
cg06942743,blue
cg14799519,blue
cg22091918,cyan
cg04395798,grey
cg08331219,blue
cg03098515,cyan
cg25595446,cyan
cg19136192,blue
cg05338527,blue
cg07103917,cyan
cg21155461,grey
cg26282150,cyan
cg19844829,blue
cg26345971,cyan
cg24235581,grey
cg10374040,cyan
cg19418273,blue
cg18144710,blue
cg03444340,blue
cg18309752,cyan
cg08287334,grey
cg10015051,blue
cg04996219,grey
cg11789421,cyan
cg02454982,cyan
cg07287444,blue
cg23797200,grey
cg18676123,cyan
cg12973168,cyan
cg08452062,cyan
cg02761523,cyan
cg02969452,grey
cg19839035,cyan
cg14175012,cyan
cg10654016,cyan
cg14442939,cyan
cg07814876,cyan
cg05554936,cyan
cg27269380,blue
cg12054852,cyan
cg00995047,grey
cg06888460,grey
cg16893488,blue
cg07608565,grey
cg18011045,cyan
cg01276222,cyan
cg17381565,cyan
cg09850289,cyan
cg18415585,cyan
cg06058576,grey
cg03742620,cyan
cg24690303,blue
cg19617740,cyan
cg14648265,cyan
cg16760382,blue
cg24104567,cyan
cg23051811,cyan
cg19590591,blue
cg26328502,blue
cg13990596,cyan
cg18243542,blue
cg04400147,blue
cg03441227,cyan
cg13898166,cyan
cg18975462,grey
cg19877419,cyan
cg19453769,cyan
cg26114655,cyan
cg09164108,grey
cg10642957,blue
cg20250700,blue
cg18027207,blue
cg11039464,cyan
cg02090762,grey
cg07984508,blue
cg27292777,cyan
cg08035479,grey
cg01270451,cyan
cg11153400,grey
cg11501364,blue
cg15174393,cyan
cg00646037,blue
cg04452896,grey
cg03298413,cyan
cg25623977,cyan
cg18739577,cyan
cg26827503,blue
cg05869503,cyan
cg13193757,cyan
cg09754341,blue
cg00391030,grey
cg26031613,grey
cg16401890,blue
cg09551116,blue
cg12908608,cyan
cg23120601,grey
cg15401252,cyan
cg01474781,blue
cg26837270,brown
cg18658371,cyan
cg03138970,blue
cg17460449,blue
cg07771287,cyan
cg02648251,cyan
cg16063617,grey
cg14363242,blue
cg05606351,cyan
cg22455892,blue
cg14009731,cyan
cg06068338,blue
cg20595490,blue
cg07157030,grey
cg01870140,cyan
cg16939112,blue
cg10869730,blue
cg12351660,grey
cg09140422,cyan
cg13872627,grey
cg18789472,blue
cg11513088,cyan
cg06872673,blue
cg02372889,grey
cg02510267,cyan
cg23347835,blue
cg10929866,blue
cg05251325,cyan
cg09665338,blue
cg05375668,cyan
cg18958859,cyan
cg07033372,grey
cg09085653,blue
cg07743799,grey
cg02939659,blue
cg01233397,blue
cg20423427,grey
cg19845159,cyan
cg16592709,blue
cg26874229,grey
cg23304339,grey
cg12503643,cyan
cg05886546,grey
cg15417244,grey
cg13687825,cyan
cg09499095,grey
cg24633967,blue
cg05129412,cyan
cg01863042,grey
cg20814026,cyan
cg14110031,blue
cg08818829,grey
cg10941822,cyan
cg13470160,blue
cg18421592,cyan
cg23706819,blue
cg02743029,cyan
cg05006903,brown
cg02782052,blue
cg11579447,blue
cg00438616,cyan
cg14627709,blue
cg23928339,blue
cg07261734,cyan
cg04628413,grey
cg14482569,grey
cg27387030,grey
cg05716821,blue
cg26741667,cyan
cg03322979,blue
cg23715505,grey
cg22518696,cyan
cg11730925,grey
cg22372182,grey
cg01117269,blue
cg19880899,cyan
cg05855157,blue
cg07453322,cyan
cg12419348,grey
cg13244804,cyan
cg04193427,cyan
cg12452849,cyan
cg11317774,cyan
cg18072166,blue
cg17451471,cyan
cg10736309,cyan
cg17493765,cyan
cg23782616,grey
cg13148824,cyan
cg10286128,cyan
cg05105845,grey
cg14639822,blue
cg18400808,blue
cg25246084,grey
cg12524725,blue
cg05230316,blue
cg10062617,cyan
cg12667257,cyan
cg24548869,cyan
cg16782339,blue
cg09495303,grey
cg20691612,blue
cg04193218,cyan
cg00788362,cyan
cg18577280,cyan
cg11302515,blue
cg06213635,grey
cg15817224,blue
cg04166393,cyan
cg13976251,blue
cg22862244,cyan
cg26311420,blue
cg02754945,grey
cg21649089,grey
cg23849311,cyan
cg23960684,grey
cg20220242,grey
cg12646307,blue
cg22470218,cyan
cg21034903,cyan
cg06940851,cyan
cg08911536,blue
cg19851291,grey
cg16925307,cyan
cg21461805,blue
cg17360256,blue
cg01015416,cyan
cg04106641,cyan
cg03045831,cyan
cg07179000,grey
cg05800356,blue
cg07211155,blue
cg20132581,blue
cg03735888,cyan
cg23141745,blue
cg17486644,blue
cg03490711,cyan
cg27598656,cyan
cg08617982,cyan
cg19359398,cyan
cg16258062,blue
cg03736057,cyan
cg26549029,grey
cg15231205,grey
cg08700690,grey
cg15445111,cyan
cg07355693,cyan
cg14102128,grey
cg19121987,cyan
cg09143801,grey
cg22431433,cyan
cg25530631,cyan
cg25474442,blue
cg03002232,cyan
cg12367789,blue
cg14308647,cyan
cg17378342,grey
cg14930075,grey
cg00896578,blue
cg00584416,grey
cg01395630,blue
cg12914096,grey
cg25950625,grey
cg02320481,grey
cg17913405,grey
cg26615712,cyan
cg19118289,cyan
cg12347792,grey
cg01543795,cyan
cg08144278,grey
cg09844907,cyan
cg13932362,cyan
cg13791188,blue
cg00151788,cyan
cg06815411,cyan
cg03546712,cyan
cg25774116,cyan
cg15977798,blue
cg19473656,grey
cg20757299,cyan
cg10684547,grey
cg04397097,cyan
cg09959150,grey
cg08035234,grey
cg23158189,blue
cg06809298,grey
cg26790818,blue
cg09213106,cyan
cg14132916,blue
cg19118212,cyan
cg03626857,cyan
cg21706343,cyan
cg07706687,cyan
cg19704288,grey
cg25916662,blue
cg13021277,cyan
cg14612684,blue
cg05829460,blue
cg27561907,grey
cg14795281,cyan
cg00002473,blue
cg17964422,cyan
cg20680872,cyan
cg23837188,cyan
cg12470721,blue
cg10549156,cyan
cg22022671,blue
cg07636037,cyan
cg24349631,grey
cg24428002,cyan
cg21507882,cyan
cg05904966,grey
cg14160556,blue
cg05712507,cyan
cg07814359,cyan
cg24942285,cyan
cg06044117,cyan
cg17618528,blue
cg24158728,blue
cg09822001,cyan
cg25150238,blue
cg23714123,blue
cg13581785,cyan
cg15692032,cyan
cg11856821,blue
cg26937809,cyan
cg25769590,grey
cg24973585,grey
cg02707610,blue
cg17481490,cyan
cg12879386,cyan
cg14233716,blue
cg02983495,cyan
cg06770568,cyan
cg25187338,blue
cg26792755,cyan
cg15901997,grey
cg12553223,cyan
cg03896792,cyan
cg05953927,cyan
cg07674403,cyan
cg12596171,cyan
cg08377800,cyan
cg24448840,cyan
cg23525438,grey
cg21902090,blue
cg12712415,grey
cg27628961,blue
cg27023953,cyan
cg21266330,grey
cg26926768,grey
cg04910403,cyan
cg18237739,blue
cg21205071,cyan
cg26396455,grey
cg03526756,blue
cg13626802,blue
cg26103797,blue
cg00842351,cyan
cg18041277,grey
cg18159850,cyan
cg15241501,grey
cg19145607,grey
cg19794345,blue
cg10993470,grey
cg00968640,blue
cg14191654,grey
cg10632969,blue
cg12111272,cyan
cg23685149,cyan
cg18598329,blue
cg05027458,cyan
cg15035528,blue
cg09984047,cyan
cg19401408,grey
cg16524733,grey
cg08183114,cyan
cg02457680,grey
cg10315231,cyan
cg04985652,cyan
cg07374928,blue
cg20750843,grey
cg07179770,cyan
cg19673012,cyan
cg01912586,cyan
cg00323100,cyan
cg21435568,cyan
cg27027668,grey
cg10315420,blue
cg20126521,cyan
cg01944087,cyan
cg25947619,cyan
cg17996830,grey
cg06611744,grey
cg19481355,blue
cg02375313,blue
cg17579075,cyan
cg04342425,blue
cg03783555,blue
cg19401752,blue
cg26940178,cyan
cg22973728,blue
cg04878727,cyan
cg01911981,grey
cg17904739,cyan
cg08056755,blue
cg07091551,cyan
cg24702253,cyan
cg08942338,cyan
cg02267838,cyan
cg17783317,grey
cg13078567,blue
cg27229823,grey
cg09961571,cyan
cg00507738,cyan
cg22174681,blue
cg18117895,lightgreen
cg03140418,cyan
cg05785686,grey
cg23369601,blue
cg23497857,cyan
cg23571452,blue
cg26420444,blue
cg10559416,cyan
cg24487908,cyan
cg03337263,blue
cg20979042,blue
cg15699627,blue
cg21877656,cyan
cg00360267,blue
cg25010415,blue
cg15617297,cyan
cg27192902,grey
cg00894222,cyan
cg03771900,cyan
cg13845161,blue
cg09626833,blue
cg25969768,blue
cg04930693,blue
cg09415814,grey
cg25252708,blue
cg20664702,cyan
cg16479401,cyan
cg00689284,blue
cg05125051,blue
cg23216292,cyan
cg22457860,blue
cg02628483,blue
cg03022926,blue
cg08159406,blue
cg09984759,cyan
cg09126794,blue
cg15475055,cyan
cg26349568,cyan
cg00431317,blue
cg09362956,cyan
cg24651265,cyan
cg07835254,cyan
cg20745134,cyan
cg02603192,cyan
cg18494192,blue
cg10519155,cyan
cg23978242,grey
cg17638213,grey
cg09965679,cyan
cg06825957,cyan
cg21195307,cyan
cg09911332,blue
cg13685571,cyan
cg13759778,blue
cg11839771,blue
cg22274395,grey
cg12328063,cyan
cg06546722,cyan
cg23657274,cyan
cg08564657,blue
cg02511156,cyan
cg25021339,cyan
cg18586529,blue
cg26223654,cyan
cg04451748,cyan
cg27506082,brown
cg19624542,cyan
cg13990848,blue
cg10401489,grey
cg07479270,blue
cg15114105,grey
cg26840726,cyan
cg00917335,cyan
cg24050671,cyan
cg21638053,blue
cg15695731,blue
cg08180459,cyan
cg14331609,blue
cg03244494,grey
cg23888154,cyan
cg06822966,cyan
cg03282336,cyan
cg17012575,cyan
cg07453218,cyan
cg16917654,cyan
cg23166289,grey
cg18156686,blue
cg10662479,grey
cg23937960,cyan
cg02738081,cyan
cg10925417,blue
cg13038422,blue
cg18856501,blue
cg08539872,cyan
cg19658054,blue
cg15082166,blue
cg11218091,grey
cg07541443,blue
cg16897114,cyan
cg27200466,blue
cg16754678,cyan
cg23344412,blue
cg01898370,grey
cg06405765,grey
cg08920121,cyan
cg09634360,brown
cg25421917,blue
cg18195080,grey
cg08761055,blue
cg06571075,grey
cg07383420,blue
cg14522793,cyan
cg20004324,blue
cg01910231,cyan
cg20183778,cyan
cg12505938,cyan
cg20257411,cyan
cg22920967,blue
cg03751967,grey
cg14541437,cyan
cg27252970,grey
cg08988364,cyan
cg21180286,grey
cg13309218,cyan
cg07211894,cyan
cg18437099,blue
cg10785099,blue
cg09417503,blue
cg02789965,cyan
cg06216650,grey
cg27462519,grey
cg12241125,cyan
cg21816491,blue
cg25856179,cyan
cg26441104,blue
cg15686216,blue
cg18562989,grey
cg12885302,cyan
cg16943151,blue
cg06547034,blue
cg20105384,cyan
cg26370608,cyan
cg24119471,cyan
cg23260525,grey
cg20425384,grey
cg24049888,grey
cg15313617,cyan
cg01383546,cyan
cg08288226,cyan
cg20401393,cyan
cg14758740,blue
cg19728485,cyan
cg15884355,blue
cg22713360,cyan
cg02928664,grey
cg13053595,blue
cg13489040,cyan
cg22768531,cyan
cg03469617,cyan
cg07963363,blue
cg05415980,grey
cg13353325,blue
cg09036127,cyan
cg23068731,cyan
cg08879086,blue
cg11856897,cyan
cg02459042,cyan
cg22572476,grey
cg10286310,cyan
cg24886267,cyan
cg17093212,cyan
cg25664381,cyan
cg00845219,cyan
cg09674251,cyan
cg06715755,blue
cg18314885,blue
cg18771300,grey
cg24166097,cyan
cg15551292,brown
cg05414383,grey
cg21126229,blue
cg03965340,cyan
cg23300486,blue
cg09579722,blue
cg22368976,blue
cg24490630,cyan
cg10366851,blue
cg23881926,cyan
cg22269913,cyan
cg14299235,blue
cg10612751,blue
cg15684329,blue
cg11718707,cyan
cg14421525,cyan
cg25314266,blue
cg12493494,blue
cg23634478,grey
cg02101486,cyan
cg10539861,grey
cg00036369,blue
cg06918474,grey
cg13334396,blue
cg14028116,blue
cg19738386,cyan
cg15319576,cyan
cg00520378,grey
cg01690029,cyan
cg10436026,grey
cg21160472,grey
cg04845144,cyan
cg09932441,grey
cg16715662,blue
cg10525980,cyan
cg01904886,blue
cg12928619,grey
cg15433604,cyan
cg08884029,blue
cg24315046,cyan
cg24029436,cyan
cg08847335,blue
cg11380830,cyan
cg20404643,blue
cg16016176,brown
cg03459920,blue
cg14178967,cyan
cg15711037,cyan
cg20270253,blue
cg07203258,cyan
cg00264591,cyan
cg02872426,grey
cg11153596,blue
cg12308909,cyan
cg03743981,blue
cg19828789,blue
cg03262105,cyan
cg07696178,cyan
cg06639079,cyan
cg04917373,blue
cg14475035,blue
cg10986030,cyan
cg19075346,cyan
cg01417037,cyan
cg26451575,cyan
cg01020475,blue
cg04180473,blue
cg26005578,cyan
cg19111245,cyan
cg17102089,cyan
cg02949296,blue
cg07212963,cyan
cg10752421,blue
cg04947838,cyan
cg26605427,cyan
cg00522403,grey
cg19806021,cyan
cg18815120,grey
cg23391107,grey
cg00765921,cyan
cg16865965,grey
cg19698923,cyan
cg08956510,cyan
cg10269476,grey
cg19431009,blue
cg23712018,grey
cg04219625,cyan
cg20386109,blue
cg26439641,cyan
cg16513459,grey
cg18678211,blue
cg09821905,cyan
cg02522173,cyan
cg00112723,cyan
cg11854691,blue
cg00867446,cyan
cg20532558,blue
cg27310938,cyan
cg19040620,cyan
cg08524109,grey
cg06402602,cyan
cg19937513,grey
cg08612570,blue
cg00982357,cyan
cg19759481,grey
cg22125814,blue
cg13293296,blue
cg08186362,grey
cg26479667,grey
cg10633981,grey
cg18394519,cyan
cg23771603,grey
cg18024684,blue
cg17848848,blue
cg18192414,blue
cg14455170,cyan
cg12155841,blue
cg13438631,cyan
cg22998918,blue
cg26376809,cyan
cg05304507,grey
cg08097281,cyan
cg13948710,blue
cg10364968,cyan
cg05671758,grey
cg08795962,grey
cg07075347,grey
cg14915263,cyan
cg09048128,blue
cg15671705,cyan
cg12300890,cyan
cg01714284,cyan
cg08111737,blue
cg26516701,cyan
cg03367387,cyan
cg27469738,grey
cg26800462,cyan
cg01654446,grey
cg20544552,grey
cg25752539,blue
cg08414021,blue
cg15358855,blue
cg07166653,blue
cg15988263,cyan
cg13100449,cyan
cg10232936,cyan
cg06758350,grey
cg14988565,cyan
cg03848555,cyan
cg18016148,blue
cg11297817,cyan
cg15563952,cyan
cg16748643,grey
cg06648277,grey
cg17069313,grey
cg24745633,cyan
cg10169515,blue
cg14703454,grey
cg02674562,blue
cg03920003,grey
cg26179441,grey
cg05876246,cyan
cg25983305,cyan
cg03876622,cyan
cg14969981,cyan
cg20531392,grey
cg13685779,blue
cg14526166,cyan
cg14910296,blue
cg18032744,cyan
cg02993630,cyan
cg07307142,grey
cg14608758,blue
cg13348155,cyan
cg03539313,blue
cg02032070,cyan
cg22409276,cyan
cg00088989,blue
cg10550320,cyan
cg06081716,cyan
cg23549534,grey
cg12850078,grey
cg10626816,cyan
cg06394897,cyan
cg12545958,cyan
cg06512858,cyan
cg24860970,cyan
cg10949322,cyan
cg09015682,blue
cg05324734,blue
cg00963378,grey
cg00390596,cyan
cg26398793,blue
cg17937683,cyan
cg06401966,cyan
cg14585513,blue
cg02002217,grey
cg00176657,blue
cg15690400,blue
cg01258718,blue
cg12866999,cyan
cg23216685,blue
cg16026114,cyan
cg19093205,grey
cg01795694,cyan
cg05837235,blue
cg23997083,blue
cg05335107,blue
cg11488033,grey
cg19511229,blue
cg01653110,cyan
cg17621060,blue
cg02223005,cyan
cg13564468,cyan
cg20072245,cyan
cg17394129,blue
cg00179532,blue
cg11423323,cyan
cg09436190,blue
cg03631596,grey
cg07772309,cyan
cg07944798,cyan
cg23228835,blue
cg26776175,cyan
cg06904287,cyan
cg16417563,cyan
cg26056831,cyan
cg04413180,grey
cg12772418,cyan
cg08857108,blue
cg07355926,grey
cg16124719,cyan
cg05149386,cyan
cg02053964,cyan
cg09713000,cyan
cg11849132,grey
cg27280296,cyan
cg10332700,grey
cg00022997,grey
cg19445734,blue
cg21986225,cyan
cg03989711,blue
cg02699099,blue
cg02329767,cyan
cg10883503,cyan
cg23048481,cyan
cg00246980,cyan
cg16545496,cyan
cg07850896,blue
cg07884270,cyan
cg21058520,cyan
cg06532268,grey
cg05556917,blue
cg22078805,grey
cg16414030,grey
cg27018042,cyan
cg08984686,grey
cg19360316,cyan
cg00470154,blue
cg01244421,blue
cg07540629,blue
cg06820541,blue
cg06433816,grey
cg19221841,cyan
cg25211013,cyan
cg22976700,cyan
cg04476876,blue
cg13372743,grey
cg03548062,blue
cg12280168,cyan
cg02908120,blue
cg09063434,blue
cg13979573,blue
cg05356308,grey
cg21125848,blue
cg26593228,blue
cg02576528,grey
cg21639178,white
cg17972631,cyan
cg26224223,grey
cg17214737,brown
cg01077808,cyan
cg08066645,blue
cg17156694,blue
cg05060949,grey
cg16632644,blue
cg08717980,cyan
cg01001924,cyan
cg02525722,grey
cg02633838,grey
cg07698674,cyan
cg07098966,cyan
cg09588792,cyan
cg00469395,grey
cg00197495,cyan
cg14026971,cyan
cg07190543,blue
cg13561476,cyan
cg24468070,grey
cg15839394,cyan
cg07805424,cyan
cg23806084,cyan
cg14544666,grey
cg24854181,grey
cg00166722,grey
cg06224766,blue
cg11379222,cyan
cg13722821,cyan
cg01306614,cyan
cg08435079,cyan
cg08922584,blue
cg04614173,cyan
cg22961275,cyan
cg08560947,blue
cg26657293,blue
cg20003494,cyan
cg15970375,cyan
cg16445007,blue
cg13847589,grey
cg20460761,grey
cg03484853,blue
cg26678143,grey
cg06857516,blue
cg07350444,darkorange
cg04852989,cyan
cg19277884,blue
cg08970457,cyan
cg02581963,cyan
cg07210335,cyan
cg20800296,cyan
cg22351904,cyan
cg05464016,blue
cg25486143,brown
cg07303968,cyan
cg23195763,blue
cg07850464,cyan
cg12169661,grey
cg17500119,grey
cg06061086,cyan
cg24238852,grey
cg12586386,grey
cg09010017,grey
cg22648143,cyan
cg00248804,cyan
cg15781316,cyan
cg02201066,blue
cg06107304,blue
cg16524830,cyan
cg16385941,blue
cg15934776,blue
cg06508783,cyan
cg14201635,white
cg04605667,cyan
cg01696605,grey
cg07265716,grey
cg11198128,cyan
cg02177444,blue
cg07938869,cyan
cg24705818,blue
cg25230902,blue
cg15580869,cyan
cg18358754,brown
cg04150100,blue
cg14658285,cyan
cg13101088,blue
cg19276012,lightgreen
cg08034643,cyan
cg13626544,cyan
cg16524570,blue
cg04474265,cyan
cg00059034,cyan
cg12473285,cyan
cg16017889,grey
cg26227225,grey
cg07465387,cyan
cg05676450,cyan
cg19148731,grey
cg06274149,blue
cg00458607,blue
cg17591195,blue
cg20680664,cyan
cg14870242,grey
cg23260635,cyan
cg14318001,blue
cg23433889,cyan
cg18804985,grey
cg12061711,cyan
cg21330207,grey
cg25486361,blue
cg26824247,cyan
cg23911396,cyan
cg04906989,cyan
cg00578252,cyan
cg00729564,blue
cg14980563,blue
cg05122622,cyan
cg11880242,blue
cg21335266,cyan
cg25589296,blue
cg18784506,cyan
cg13739279,lightgreen
cg22411407,cyan
cg25389261,cyan
cg09778229,cyan
cg01025185,blue
cg12269355,cyan
cg07856699,cyan
cg26437112,grey
cg10570241,grey
cg12297350,blue
cg23332223,blue
cg16431433,blue
cg26734912,cyan
cg13615650,cyan
cg01888767,grey
cg25020810,blue
cg12128839,grey
cg08128133,blue
cg14201387,blue
cg17970299,grey
cg18986273,cyan
cg15863374,blue
cg05916744,cyan
cg21467692,blue
cg12748926,cyan
cg06285590,brown
cg02396888,cyan
cg02949992,cyan
cg10124651,cyan
cg02304584,grey
cg00969035,cyan
cg23117796,grey
cg16022748,cyan
cg26080798,cyan
cg08539350,cyan
cg21142257,cyan
cg21827317,grey
cg10443159,blue
cg26385256,grey
cg18928584,cyan
cg13251256,cyan
cg12059848,blue
cg05857826,cyan
cg22576629,blue
cg04967129,blue
cg02292450,blue
cg05080281,cyan
cg17321639,blue
cg11629812,grey
cg12618624,blue
cg00885506,cyan
cg05869611,blue
cg02210123,cyan
cg17228286,cyan
cg25169790,cyan
cg00705668,grey
cg22755526,cyan
cg15549821,grey
cg10464773,grey
cg18406718,grey
cg18634806,blue
cg05852276,grey
cg15462411,grey
cg05802532,cyan
cg09532261,cyan
cg10450899,grey
cg02544829,blue
cg26903996,blue
cg19851563,grey
cg06434353,blue
cg19527946,cyan
cg08868202,blue
cg12658906,blue
cg01489256,grey
cg09050779,cyan
cg15523443,cyan
cg22825360,blue
cg21585438,cyan
cg18009376,cyan
cg04483336,cyan
cg00735843,cyan
cg05800683,cyan
cg23142396,cyan
cg12933790,cyan
cg14425252,cyan
cg02625222,grey
cg18392085,cyan
cg06974961,cyan
cg22447637,blue
cg18745035,blue
cg15201110,grey
cg01110147,cyan
cg11777611,blue
cg22599477,grey
cg23312964,cyan
cg22580292,blue
cg08144586,cyan
cg08626670,cyan
cg01990334,cyan
cg02515739,blue
cg09583839,cyan
cg10668926,brown
cg00935307,grey
cg14347670,brown
cg14598478,grey
cg06385118,brown
cg06652313,grey
cg17444781,brown
cg14185104,blue
cg16479341,cyan
cg18809377,cyan
cg25766537,cyan
cg05008070,blue
cg09982942,grey
cg16399632,grey
cg11252118,cyan
cg01026256,grey
cg17308286,cyan
cg11850943,grey
cg03214297,grey
cg08847132,cyan
cg13063101,blue
cg10504660,cyan
cg25107893,cyan
cg25379549,blue
cg02715797,cyan
cg27048684,blue
cg05519436,blue
cg08626382,blue
cg25243854,cyan
cg04733681,blue
cg11825642,blue
cg24466109,cyan
cg07945013,cyan
cg12024050,cyan
cg18827097,brown
cg26351481,blue
cg04364695,grey
cg02502849,cyan
cg00397324,grey
cg13706582,blue
cg05598546,cyan
cg14592474,cyan
cg08089900,blue
cg13512016,cyan
cg01277542,grey
cg21614420,cyan
cg18634086,cyan
cg20202881,cyan
cg14181223,cyan
cg06545180,cyan
cg10979880,cyan
cg07787703,cyan
cg00916635,cyan
cg10283690,cyan
cg06575288,cyan
cg05602783,cyan
cg13789015,grey
cg21449256,blue
cg01139508,cyan
cg17364250,blue
cg26441893,blue
cg06874218,cyan
cg21350909,blue
cg26647332,cyan
cg09739413,grey
cg25135004,grey
cg04598733,grey
cg18505978,blue
cg05176844,blue
cg11308371,cyan
cg01057248,cyan
cg12129796,cyan
cg02395326,cyan
cg05346688,blue
cg26840333,grey
cg05121093,cyan
cg02164335,blue
cg01601439,cyan
cg14981546,cyan
cg13063405,grey
cg26783481,blue
cg18803655,cyan
cg20786683,cyan
cg23951781,cyan
cg11085062,cyan
cg03469521,grey
cg22770916,blue
cg02288777,cyan
cg19324714,cyan
cg10130718,grey
cg15367925,cyan
cg06385583,cyan
cg10982358,brown
cg03573455,blue
cg23375440,cyan
cg24430528,blue
cg22862634,grey
cg01825148,blue
cg01077102,cyan
cg07134102,cyan
cg10949880,grey
cg05898618,grey
cg00488260,cyan
cg01553434,blue
cg09748973,cyan
cg14658804,grey
cg13344095,grey
cg07544187,grey
cg01433914,blue
cg08228724,cyan
cg00125159,grey
cg06484232,blue
cg26885821,grey
cg08290993,cyan
cg24667115,cyan
cg09878408,blue
cg24872425,grey
cg03245748,cyan
cg14226182,grey
cg04770550,cyan
cg11399974,blue
cg21613620,blue
cg09696411,grey
cg13574744,cyan
cg17367215,cyan
cg21116284,blue
cg01468334,blue
cg06799298,cyan
cg07041218,cyan
cg08355238,blue
cg06110692,cyan
cg04721595,blue
cg07889826,cyan
cg26413855,grey
cg13002945,cyan
cg11864774,blue
cg09538825,blue
cg06119628,cyan
cg01119718,blue
cg08747277,blue
cg22496665,cyan
cg17066349,blue
cg11062635,cyan
cg02997812,cyan
cg10476989,blue
cg04985324,cyan
cg21453420,blue
cg07962162,blue
cg25584466,blue
cg02622866,grey
cg13050318,blue
cg04407147,blue
cg19426459,blue
cg25215047,blue
cg08044714,blue
cg09189258,cyan
cg22489491,blue
cg07499182,grey
cg16904551,cyan
cg13972706,cyan
cg10829120,cyan
cg24082630,cyan
cg03673368,cyan
cg05249010,blue
cg09167825,blue
cg06858185,blue
cg00645339,cyan
cg11342198,grey
cg13550542,cyan
cg18128536,grey
cg06219351,blue
cg01088546,grey
cg07647798,cyan
cg07462670,cyan
cg03567727,blue
cg11305991,blue
cg06156034,cyan
cg04197554,blue
cg27284840,grey
cg22971279,cyan
cg24677268,cyan
cg10090591,blue
cg17662034,grey
cg04471935,blue
cg20854025,cyan
cg19338222,blue
cg01425666,cyan
cg12806892,cyan
cg18833109,blue
cg15503553,cyan
cg00980178,grey
cg24236409,cyan
cg19948037,cyan
cg11084113,blue
cg24321030,cyan
cg01451880,blue
cg15546353,cyan
cg24382680,cyan
cg26022992,cyan
cg12382418,blue
cg12786570,grey
cg05515792,cyan
cg03007404,cyan
cg20345589,cyan
cg22250498,cyan
cg13289884,cyan
cg14815005,grey
cg17519650,cyan
cg00361155,blue
cg19928043,orange
cg26172694,cyan
cg05582470,cyan
cg03304380,grey
cg04528069,cyan
cg15066556,cyan
cg12640631,blue
cg02814641,blue
cg15278646,cyan
cg26121782,grey
cg25756129,cyan
cg02838762,cyan
cg08818610,grey
cg08915603,grey
cg16986851,cyan
cg25575628,cyan
cg23892580,grey
cg24794052,blue
cg25024670,cyan
cg00020297,cyan
cg16678032,cyan
cg21226534,cyan
cg04298819,cyan
cg07662771,blue
cg01710432,blue
cg14441976,grey
cg24091438,grey
cg14093630,cyan
cg14437562,blue
cg07730715,cyan
cg21131796,blue
cg24748548,cyan
cg02215070,cyan
cg03355298,cyan
cg24681845,cyan
cg10984505,cyan
cg05871569,cyan
cg19626725,grey
cg05385923,blue
cg05132077,grey
cg25598840,grey
cg24718356,cyan
cg15037334,blue
cg03469862,grey
cg04089426,cyan
cg08115387,grey
cg07076091,blue
cg14528525,grey
cg04227594,cyan
cg14612544,grey
cg01186835,cyan
cg04461859,blue
cg03648679,cyan
cg11716681,cyan
cg07137244,cyan
cg12166806,cyan
cg19784401,blue
cg26168643,grey
cg25127852,cyan
cg20783970,blue
cg10398107,blue
cg23109129,cyan
cg01024055,blue
cg04897188,cyan
cg26660792,blue
cg21635948,cyan
cg10241347,grey
cg03204825,blue
cg10448954,blue
cg03517024,grey
cg04160501,cyan
cg17462394,cyan
cg25253716,cyan
cg12724384,blue
cg10747682,cyan
cg13137458,cyan
cg23246978,cyan
cg21213571,blue
cg03554573,grey
cg20084219,grey
cg02680629,cyan
cg10305311,cyan
cg02562122,grey
cg26852404,blue
cg02077793,cyan
cg04749197,blue
cg15001673,cyan
cg14494808,blue
cg01419567,cyan
cg22351426,blue
cg19353873,cyan
cg08166971,blue
cg24826236,blue
cg21252282,grey
cg18888461,grey
cg09826306,grey
cg16549389,cyan
cg10902432,blue
cg00986598,blue
cg25492213,blue
cg02048922,grey
cg23700124,cyan
cg05857825,cyan
cg11936410,blue
cg19442702,blue
cg10987992,blue
cg24140574,blue
cg27477504,grey
cg13459361,cyan
cg06060497,blue
cg00687095,grey
cg04218760,grey
cg16519495,blue
cg07830534,grey
cg14650175,blue
cg25190151,blue
cg12341060,cyan
cg25620901,blue
cg16308694,cyan
cg02842338,blue
cg13365658,cyan
cg16988072,cyan
cg18706841,blue
cg17336139,grey
cg04024910,blue
cg13923451,cyan
cg23630158,cyan
cg14593314,cyan
cg10791881,blue
cg21059382,cyan
cg11842141,grey
cg07668285,grey
cg26654771,lightgreen
cg06549928,grey
cg15290971,cyan
cg16899598,cyan
cg16023551,cyan
cg27183495,cyan
cg06815754,cyan
cg23610018,cyan
cg09517106,cyan
cg08131204,cyan
cg26410630,blue
cg05189291,lightgreen
cg05619888,cyan
cg15213399,blue
cg02220129,grey
cg18827738,cyan
cg09591072,cyan
cg26477387,blue
cg11541479,cyan
cg14461349,cyan
cg10051724,blue
cg16037569,blue
cg13230172,grey
cg17695625,cyan
cg26718354,cyan
cg23912763,cyan
cg22467468,cyan
cg03111951,cyan
cg23069677,grey
cg09663237,blue
cg08587415,cyan
cg15680975,cyan
cg23218559,grey
cg22016949,grey
cg05831673,cyan
cg27092694,grey
cg19175346,cyan
cg18119803,cyan
cg00132509,blue
cg14401864,blue
cg27266027,cyan
cg14211387,cyan
cg13774505,blue
cg04978279,blue
cg25137365,blue
cg25600478,grey
cg14594485,blue
cg02978142,cyan
cg00570642,cyan
cg07376541,cyan
cg09871885,cyan
cg03460032,blue
cg01904145,grey
cg05475524,grey
cg05080154,grey
cg25060172,cyan
cg00071751,cyan
cg23053008,blue
cg20694715,cyan
cg15579914,blue
cg21169285,blue
cg13445218,cyan
cg03915298,grey
cg03740159,cyan
cg10687087,grey
cg26694713,cyan
cg01385836,blue
cg15555970,grey
cg01922485,blue
cg02322621,cyan
cg15351009,grey
cg05040023,cyan
cg00683329,grey
cg13455842,blue
cg06326648,cyan
cg21231550,blue
cg16208106,cyan
cg11200358,cyan
cg13229233,blue
cg21747958,cyan
cg16628119,cyan
cg02169338,grey
cg04938255,cyan
cg06102954,grey
cg20970697,cyan
cg12199425,cyan
cg01114088,grey
cg00064415,brown
cg16083168,blue
cg14583869,cyan
cg26241746,blue
cg17513693,grey
cg04985097,cyan
cg01380533,blue
cg19863459,cyan
cg24169773,blue
cg00360072,cyan
cg05446724,cyan
cg26229092,blue
cg11871295,blue
cg15416064,cyan
cg08220598,cyan
cg01765152,cyan
cg26664090,cyan
cg10687202,blue
cg05182265,grey
cg03297163,grey
cg23363182,blue
cg22332891,cyan
cg27353721,blue
cg01874867,grey
cg07905119,grey
cg15724773,cyan
cg22107210,cyan
cg06151683,cyan
cg08025512,cyan
cg05964721,grey
cg13742159,cyan
cg05671385,cyan
cg23401459,blue
cg06218050,cyan
cg07591395,cyan
cg00313914,grey
cg10826200,cyan
cg25758545,cyan
cg06529477,cyan
cg22795345,blue
cg02182794,blue
cg09218327,cyan
cg03184410,blue
cg01382900,cyan
cg02421824,blue
cg21845713,cyan
cg17955752,cyan
cg08440920,cyan
cg06916446,cyan
cg18157027,cyan
cg18688077,blue
cg08682341,cyan
cg24557142,blue
cg22865402,cyan
cg01281175,blue
cg18874502,cyan
cg00773142,blue
cg15836231,blue
cg24583615,grey
cg12405231,blue
cg12927153,cyan
cg06615719,cyan
cg24364564,cyan
cg00321850,grey
cg09859456,cyan
cg05067125,cyan
cg05043349,grey
cg12974393,grey
cg09403480,blue
cg21825840,grey
cg06659580,grey
cg00864568,blue
cg01514357,blue
cg00226306,cyan
cg22666103,cyan
cg23290482,grey
cg23842890,cyan
cg02389040,grey
cg22751101,cyan
cg10985452,cyan
cg16551049,cyan
cg20964594,cyan
cg19064402,cyan
cg02926769,blue
cg25351588,blue
cg20263098,cyan
cg17862468,blue
cg16112226,blue
cg05034702,cyan
cg01244303,cyan
cg27547954,cyan
cg12530994,cyan
cg15062189,cyan
cg09452922,blue
cg22647566,blue
cg11761572,grey
cg14549093,blue
cg14277925,blue
cg03362549,blue
cg00325919,cyan
cg21293397,white
cg21711868,cyan
cg23139473,cyan
cg13308137,grey
cg10828660,cyan
cg03585549,lightgreen
cg09455182,cyan
cg19853516,cyan
cg02075410,grey
cg02149189,grey
cg20059012,grey
cg01098771,cyan
cg24216915,cyan
cg00074379,cyan
cg12918604,blue
cg00788177,grey
cg26545834,cyan
cg21916358,grey
cg20900519,blue
cg26231350,blue
cg15216636,cyan
cg00567542,blue
cg25191332,cyan
cg23511824,grey
cg08391415,grey
cg20047349,grey
cg13639451,blue
cg07000126,grey
cg20689859,cyan
cg02685896,cyan
cg27089352,blue
cg23013489,blue
cg20454179,blue
cg04863568,cyan
cg02819020,cyan
cg07448856,cyan
cg19119609,blue
cg24029028,blue
cg12536527,blue
cg18376163,cyan
cg08250364,darkorange
cg18225536,grey
cg14878913,blue
cg24129914,cyan
cg23888977,darkorange
cg10263335,cyan
cg27099511,cyan
cg25198599,grey
cg14167748,blue
cg23761544,blue
cg14902107,cyan
cg14421348,cyan
cg03540975,blue
cg04738270,cyan
cg24930634,cyan
cg09167931,blue
cg21273098,grey
cg12100751,grey
cg17245996,blue
cg04571321,brown
cg08075024,blue
cg13545763,cyan
cg25092681,grey
cg01066274,grey
cg22942940,cyan
cg26079810,grey
cg18059699,blue
cg17468224,cyan
cg13403466,blue
cg14252008,cyan
cg08264605,cyan
cg12292584,blue
cg20060109,blue
cg02916312,cyan
cg21870640,grey
cg03405315,grey
cg06659169,cyan
cg27481208,cyan
cg26273962,brown
cg04579966,cyan
cg12632313,blue
cg24344394,blue
cg05241461,grey
cg25335258,blue
cg23106158,cyan
cg19049077,blue
cg02455868,blue
cg16668548,cyan
cg19920737,cyan
cg15055577,blue
cg17154187,grey
cg21890551,cyan
cg12697442,cyan
cg17088180,blue
cg20138055,blue
cg05931586,cyan
cg05526886,cyan
cg13207180,grey
cg11793332,cyan
cg02021337,blue
cg15665081,blue
cg08612137,grey
cg02272207,cyan
cg26092468,cyan
cg17384124,blue
cg15115510,grey
cg20918537,grey
cg05131292,blue
cg27665397,blue
cg04743933,grey
cg16560309,grey
cg18519927,cyan
cg09406584,blue
cg17664443,blue
cg14735704,blue
cg01519350,brown
cg20049727,blue
cg25350011,cyan
cg08738300,cyan
cg00586909,cyan
cg20202505,grey
cg12105030,cyan
cg18701646,blue
cg18877525,grey
cg12310774,cyan
cg08998414,blue
cg03286682,cyan
cg10856724,grey
cg11414945,orange
cg18887228,blue
cg13345209,blue
cg15967501,grey
cg13533335,blue
cg25699121,grey
cg11432387,cyan
cg24192660,cyan
cg13162581,blue
cg17061156,blue
cg09326529,blue
cg02061047,cyan
cg03974985,cyan
cg24114154,cyan
cg00895834,blue
cg10694587,cyan
cg00357238,cyan
cg16533245,blue
cg03994318,grey
cg04036101,cyan
cg21294209,cyan
cg05162750,grey
cg06424594,cyan
cg14810357,cyan
cg10698984,cyan
cg26714650,cyan
cg11883892,blue
cg21740204,cyan
cg22871668,grey
cg17687981,blue
cg02380715,blue
cg23843414,cyan
cg11798871,cyan
cg11098622,blue
cg10591911,cyan
cg21810188,cyan
cg24920126,grey
cg05949173,blue
cg25918541,cyan
cg24437010,blue
cg05709657,grey
cg21552701,blue
cg20965743,grey
cg18847823,cyan
cg12998491,grey
cg10386194,blue
cg10875346,cyan
cg08746986,blue
cg25302370,cyan
cg22843625,grey
cg06090739,cyan
cg05270290,cyan
cg02995877,blue
cg04222358,grey
cg12644123,blue
cg07045469,grey
cg13745964,cyan
cg23022206,blue
cg08231603,cyan
cg27239842,grey
cg09856470,blue
cg09846458,grey
cg07317601,brown
cg05644321,brown
cg26907351,grey
cg08266106,blue
cg14235416,cyan
cg23983884,cyan
cg22940848,cyan
cg13181022,blue
cg00114966,grey
cg03133118,blue
cg16540238,blue
cg11529109,cyan
cg01013031,blue
cg25181236,blue
cg16674860,cyan
cg21200138,cyan
cg11308747,cyan
cg00571067,blue
cg03790988,cyan
cg17101553,cyan
cg18217622,grey
cg24406898,grey
cg26835302,cyan
cg17512748,grey
cg15727188,blue
cg11749543,blue
cg17482424,blue
cg05359983,blue
cg21720206,blue
cg05026473,blue
cg03790075,blue
cg14710459,blue
cg09664815,cyan
cg17144988,blue
cg13828097,cyan
cg21487550,grey
cg19121473,cyan
cg14508122,grey
cg12919135,cyan
cg17247435,cyan
cg20417855,blue
cg02297831,cyan
cg01268824,grey
cg20003124,blue
cg18438793,cyan
cg27234109,blue
cg25091837,cyan
cg18684207,cyan
cg05163325,blue
cg00355447,blue
cg16400798,blue
cg18185178,blue
cg01104724,grey
cg02343814,cyan
cg15395193,brown
cg24018756,grey
cg20290145,blue
cg03037033,cyan
cg18189288,blue
cg18424717,blue
cg25470419,blue
cg16214492,grey
cg24704151,blue
cg07776900,cyan
cg13873511,cyan
cg08676534,cyan
cg04094433,blue
cg14324694,blue
cg26306909,grey
cg27043630,cyan
cg01795955,grey
cg00457019,blue
cg16972079,cyan
cg02659117,cyan
cg17224181,grey
cg17702076,cyan
cg01311051,cyan
cg25147193,cyan
cg08862778,brown
cg17716453,cyan
cg03741458,grey
cg12479444,grey
cg18247054,cyan
cg11801512,cyan
cg10706069,cyan
cg09852920,grey
cg09628838,cyan
cg09250473,cyan
cg26828320,brown
cg07059402,grey
cg07760773,grey
cg14146583,cyan
cg06043190,cyan
cg20424709,grey
cg01456938,grey
cg04294625,cyan
cg18587806,grey
cg13917712,cyan
cg16733558,blue
cg02460314,blue
cg00087417,cyan
cg11532054,blue
cg14538249,blue
cg00655302,blue
cg14986699,cyan
cg14372705,grey
cg08489512,blue
cg25524962,cyan
cg02882448,cyan
cg00158530,grey
cg16553272,grey
cg22573359,grey
cg13776499,grey
cg05251669,grey
cg02169098,cyan
cg11847805,blue
cg03655884,blue
cg15910323,cyan
cg22833147,cyan
cg15718833,cyan
cg17055721,blue
cg01323777,grey
cg14683380,grey
cg17088247,cyan
cg07793724,grey
cg03769349,cyan
cg25699837,blue
cg06940232,blue
cg07021777,cyan
cg09338809,cyan
cg13042918,blue
cg08675092,cyan
cg09805314,grey
cg24378597,cyan
cg03663746,cyan
cg15837879,cyan
cg04913057,grey
cg17104900,brown
cg07020327,cyan
cg16288318,grey
cg18909469,grey
cg03604073,grey
cg02723913,blue
cg06419750,grey
cg26436330,cyan
cg05671347,cyan
cg20107996,grey
cg18899058,blue
cg18418460,cyan
cg02132003,grey
cg20885179,cyan
cg16497583,cyan
cg04562739,cyan
cg18347650,cyan
cg05795554,cyan
cg10456710,cyan
cg11965514,cyan
cg14921437,grey
cg17749509,blue
cg13491192,cyan
cg10992267,cyan
cg07175255,blue
cg26893445,cyan
cg03970039,cyan
cg24773522,grey
cg21822635,blue
cg18264383,cyan
cg12405775,cyan
cg05337761,grey
cg15773090,cyan
cg05435224,blue
cg03723556,cyan
cg05216888,cyan
cg01302562,grey
cg19559774,cyan
cg17527484,cyan
cg25141069,grey
cg23163279,grey
cg18746040,cyan
cg15600398,cyan
cg04351272,cyan
cg04633922,blue
cg05098590,grey
cg08926713,blue
cg03126579,cyan
cg14210872,grey
cg00883019,blue
cg09238199,cyan
cg03918426,blue
cg07988120,cyan
cg27431037,blue
cg19345940,blue
cg26368718,cyan
cg04200835,cyan
cg22531466,cyan
cg25575464,cyan
cg04100434,cyan
cg09127400,grey
cg04676715,cyan
cg20301993,grey
cg12664940,cyan
cg22066521,blue
cg09897656,blue
cg21371335,cyan
cg06536614,grey
cg22266749,grey
cg02800334,blue
cg12443444,cyan
cg22525743,blue
cg25051278,cyan
cg13065203,blue
cg18187762,cyan
cg01246431,cyan
cg17670237,cyan
cg25645338,blue
cg11662224,cyan
cg04260924,cyan
cg19156220,cyan
cg07532183,blue
cg17741501,cyan
cg11415914,cyan
cg09786098,grey
cg05027081,grey
cg17014095,blue
cg00567749,cyan
cg26561020,blue
cg19037291,grey
cg13531509,cyan
cg25816396,blue
cg09862076,cyan
cg26707407,blue
cg24506782,blue
cg07065220,grey
cg21043213,grey
cg03384318,blue
cg05493945,blue
cg17804987,cyan
cg23926439,grey
cg07104919,grey
cg01951637,grey
cg14172846,blue
cg19687728,blue
cg15274983,cyan
cg05971072,blue
cg26678262,blue
cg20467136,cyan
cg05963410,blue
cg14373760,blue
cg04319429,grey
cg06747745,cyan
cg12930602,cyan
cg09567311,cyan
cg00939391,cyan
cg25533361,cyan
cg09468767,cyan
cg12339003,cyan
cg24350395,blue
cg09509950,cyan
cg10294939,blue
cg11917413,blue
cg23250906,blue
cg07601463,blue
cg18158151,cyan
cg13652169,blue
cg02723406,cyan
cg11549153,cyan
cg05737522,blue
cg01570069,cyan
cg03140866,cyan
cg24990494,blue
cg19510206,blue
cg24007552,cyan
cg05279229,grey
cg17826013,cyan
cg10157359,cyan
cg15576900,cyan
cg07189025,grey
cg03456771,grey
cg06048524,cyan
cg18810922,cyan
cg04521957,cyan
cg20660197,cyan
cg07823688,blue
cg03931660,blue
cg06248560,grey
cg27277403,cyan
cg03400811,grey
cg23476885,grey
cg00632811,grey
cg09802426,cyan
cg00947782,grey
cg11798043,cyan
cg06721775,cyan
cg01563031,cyan
cg19508435,cyan
cg20231025,blue
cg21391790,blue
cg17568255,brown
cg21243612,blue
cg14913512,blue
cg24360513,cyan
cg18385190,grey
cg11935738,grey
cg27417659,blue
cg17536603,cyan
cg20631335,cyan
cg27299186,cyan
cg25397945,grey
cg04396288,cyan
cg16723445,cyan
cg03239552,cyan
cg11075937,cyan
cg22864613,cyan
cg04478727,cyan
cg17484629,cyan
cg03061892,blue
cg01957799,grey
cg23442955,cyan
cg15996480,cyan
cg04392082,grey
cg04417471,cyan
cg08321815,blue
cg12701942,blue
cg13708259,cyan
cg24826885,cyan
cg05565475,cyan
cg19350812,cyan
cg03755748,blue
cg22557350,cyan
cg03621100,cyan
cg13475388,cyan
cg21061553,blue
cg10476558,cyan
cg17083798,blue
cg10309580,blue
cg17683031,cyan
cg27565365,cyan
cg08174355,blue
cg02582183,grey
cg04467334,grey
cg12528349,blue
cg03629458,cyan
cg18467358,blue
cg26520396,blue
cg09574807,cyan
cg24911891,grey
cg13356427,cyan
cg00161931,cyan
cg15627502,cyan
cg08425745,cyan
cg17051704,grey
cg22196946,blue
cg15085431,blue
cg09693926,grey
cg00691240,grey
cg01943577,blue
cg11972327,blue
cg25743043,cyan
cg25267732,cyan
cg21965843,cyan
cg07415687,grey
cg01320969,cyan
cg14588686,blue
cg26119008,blue
cg11805111,cyan
cg18884037,grey
cg07747661,grey
cg16811230,grey
cg14061378,brown
cg19469449,blue
cg26166446,blue
cg21205713,blue
cg20103843,blue
cg11313065,grey
cg04540039,cyan
cg15580724,grey
cg02287371,grey
cg19226934,cyan
cg15537000,cyan
cg10081723,cyan
cg15205636,grey
cg07816392,cyan
cg03771255,cyan
cg24865292,cyan
cg14393316,blue
cg03756514,cyan
cg21532061,blue
cg12842013,cyan
cg26649005,cyan
cg12684360,cyan
cg09611656,blue
cg11804248,cyan
cg15961842,cyan
cg01286959,grey
cg18013711,grey
cg02475131,cyan
cg14523725,blue
cg14111974,blue
cg06084702,blue
cg18825221,grey
cg03126946,grey
cg12314730,grey
cg15402162,blue
cg13527630,brown
cg21763021,cyan
cg07764511,cyan
cg15945129,cyan
cg02999463,brown
cg21492832,cyan
cg05377596,cyan
cg06286300,cyan
cg12156759,cyan
cg10968958,grey
cg03366896,cyan
cg12857520,blue
cg08037935,cyan
cg13521286,blue
cg24249775,blue
cg05152815,grey
cg17233127,cyan
cg07552700,cyan
cg20785674,cyan
cg17967973,cyan
cg04510049,blue
cg14249876,cyan
cg13379983,grey
cg24766821,grey
cg02385593,grey
cg01398299,blue
cg16120501,blue
cg10023855,grey
cg13329852,cyan
cg12166435,cyan
cg21952419,cyan
cg17379209,cyan
cg19354851,cyan
cg11312613,blue
cg16180217,cyan
cg07639472,cyan
cg18929894,blue
cg24597466,blue
cg24310667,blue
cg27618145,blue
cg03780455,cyan
cg20608709,blue
cg07371589,grey
cg07268319,cyan
cg11753100,blue
cg20930040,blue
cg27164612,grey
cg13472470,blue
cg19588861,cyan
cg23249710,cyan
cg01450705,cyan
cg14101193,cyan
cg24044028,blue
cg11764900,grey
cg24725522,cyan
cg26115370,blue
cg02493904,cyan
cg22573696,grey
cg22847579,cyan
cg09088988,grey
cg16750440,grey
cg11845071,cyan
cg01364129,blue
cg13793678,cyan
cg19092317,cyan
cg17395555,grey
cg12119715,cyan
cg14286546,blue
cg07117119,cyan
cg14160807,cyan
cg11553919,blue
cg11206526,grey
cg07310538,cyan
cg27438152,grey
cg10564360,cyan
cg06362348,cyan
cg21899790,blue
cg00033915,blue
cg08593668,grey
cg06934829,blue
cg22688388,cyan
cg08234897,cyan
cg19548283,cyan
cg13236881,cyan
cg26089892,blue
cg19674350,blue
cg13452994,grey
cg06839900,grey
cg10907727,blue
cg12610061,brown
cg12253469,blue
cg03958363,grey
cg18344922,cyan
cg25768756,cyan
cg10831725,grey
cg00823783,cyan
cg13506653,cyan
cg27397943,cyan
cg15780870,blue
cg09202319,cyan
cg02060902,cyan
cg15035350,cyan
cg17422427,brown
cg27416948,blue
cg15790073,cyan
cg00271210,grey
cg19770116,cyan
cg01804844,blue
cg07807409,cyan
cg25604594,grey
cg03221984,blue
cg17572663,grey
cg24465448,grey
cg17975002,cyan
cg10740880,blue
cg25241322,cyan
cg06399839,cyan
cg15974196,cyan
cg08124910,cyan
cg20604927,cyan
cg10292584,blue
cg20927661,grey
cg09083178,blue
cg06071395,grey
cg15938529,blue
cg15336196,cyan
cg27031435,cyan
cg02776664,grey
cg11726572,grey
cg03684893,grey
cg01727419,grey
cg17207836,cyan
cg21615583,cyan
cg26981746,grey
cg08069147,cyan
cg16819888,blue
cg23271660,blue
cg23032184,blue
cg20353496,cyan
cg02173268,cyan
cg06618957,blue
cg07665352,blue
cg04714787,grey
cg00030422,cyan
cg04194674,cyan
cg17401890,blue
cg22148115,cyan
cg27420889,grey
cg26338030,blue
cg04840167,cyan
cg16238350,blue
cg25382566,cyan
cg19074533,grey
cg19990454,cyan
cg09912350,grey
cg10737455,blue
cg24759064,blue
cg02303067,blue
cg27481720,cyan
cg20249882,blue
cg24197734,blue
cg25800170,cyan
cg15103050,blue
cg24663455,blue
cg27070162,grey
cg11971478,cyan
cg18192222,grey
cg23416667,cyan
cg19717235,cyan
cg22792048,blue
cg00765144,blue
cg24434274,cyan
cg22981519,cyan
cg18876786,cyan
cg00040380,cyan
cg17334018,grey
cg05157625,grey
cg25032089,grey
cg20981856,blue
cg07934068,blue
cg16993579,grey
cg09201001,cyan
cg10581012,blue
cg23649161,cyan
cg10316026,blue
cg13717541,blue
cg13437307,blue
cg06466728,blue
cg16659808,blue
cg11602546,cyan
cg14963735,cyan
cg16409651,cyan
cg14341968,grey
cg26350803,blue
cg19741500,cyan
cg09300796,cyan
cg20491397,cyan
cg05285368,blue
cg11525479,cyan
cg13552710,cyan
cg03110633,cyan
cg15847614,cyan
cg15455772,blue
cg02828858,cyan
cg11973177,cyan
cg12097325,grey
cg13340126,grey
cg21867468,cyan
cg14179383,blue
cg11236311,grey
cg01122304,cyan
cg12373982,cyan
cg02460997,cyan
cg02489371,blue
cg11890239,cyan
cg23979795,cyan
cg26419656,cyan
cg21439539,cyan
cg11395893,cyan
cg00213967,cyan
cg05005380,cyan
cg16399136,grey
cg25104186,grey
cg21518212,grey
cg05824484,grey
cg18385233,cyan
cg19631443,cyan
cg14970386,blue
cg06394874,grey
cg06115679,blue
cg10637512,cyan
cg24517467,grey
cg14021550,blue
cg11809208,cyan
cg09705456,grey
cg14970046,grey
cg02326032,cyan
cg05663418,grey
cg18907202,cyan
cg03829194,grey
cg24109273,cyan
cg02543101,blue
cg10541930,cyan
cg03863817,grey
cg08307850,cyan
cg10497345,blue
cg10116893,grey
cg22466459,cyan
cg05054898,grey
cg04386400,grey
cg23029363,blue
cg13841627,blue
cg05112555,grey
cg10116794,cyan
cg08516507,grey
cg02152120,cyan
cg26993965,grey
cg06622999,grey
cg19654869,cyan
cg20003051,cyan
cg15338884,grey
cg11016195,blue
cg14025652,cyan
cg20780708,cyan
cg05014724,blue
cg23291301,grey
cg20450712,blue
cg22785261,blue
cg04027043,blue
cg11778876,blue
cg11418663,cyan
cg22810423,grey
cg10284605,blue
cg09613161,grey
cg16438358,cyan
cg03515372,grey
cg08499519,blue
cg16944964,grey
cg00697858,cyan
cg08543244,blue
cg12507502,blue
cg25713793,blue
cg14135783,blue
cg18929889,blue
cg19394857,cyan
cg02628801,grey
cg21325040,blue
cg14783675,cyan
cg16694524,cyan
cg17749468,grey
cg06244634,blue
cg15396434,blue
cg19568003,grey
cg22380059,cyan
cg08048831,blue
cg01685644,cyan
cg15747733,blue
cg21919445,blue
cg17949371,cyan
cg17112757,blue
cg12954245,blue
cg08217124,cyan
cg20718240,blue
cg12438666,cyan
cg24201109,cyan
cg24354784,blue
cg24310460,grey
cg04118464,cyan
cg24775313,cyan
cg05113709,cyan
cg06531595,blue
cg26539524,cyan
cg12521813,cyan
cg12437873,cyan
cg01386792,grey
cg21478123,blue
cg21823101,cyan
cg07565150,blue
cg10671950,cyan
cg14128154,cyan
cg02793854,cyan
cg07909292,grey
cg13381203,blue
cg09353758,blue
cg23096663,blue
cg03522447,cyan
cg01073375,cyan
cg25017223,grey
cg21770330,cyan
cg09315469,blue
cg17059502,cyan
cg14027152,cyan
cg24858140,cyan
cg13606999,cyan
cg00481499,cyan
cg27395484,blue
cg25200152,cyan
cg01802397,cyan
cg07344955,cyan
cg17953633,cyan
cg09087937,blue
cg09456297,cyan
cg06298244,blue
cg22042996,blue
cg02150714,blue
cg12446214,blue
cg22928002,cyan
cg08873628,grey
cg06842519,cyan
cg02005549,grey
cg24637374,blue
cg20745925,blue
cg03222672,blue
cg06666486,cyan
cg01449973,grey
cg07009835,cyan
cg26292018,blue
cg08148618,blue
cg00549575,cyan
cg22673542,blue
cg04756515,grey
cg26027205,cyan
cg08485527,blue
cg24691167,grey
cg09168036,cyan
cg11749583,cyan
cg15553989,cyan
cg21803390,cyan
cg17627629,cyan
cg01611372,blue
cg07457402,cyan
cg05586466,blue
cg18209470,blue
cg10616319,grey
cg23312375,grey
cg13296485,blue
cg18260973,cyan
cg24502224,blue
cg02169857,grey
cg01813761,cyan
cg27359566,cyan
cg17255062,cyan
cg09807148,grey
cg21361702,cyan
cg21915935,cyan
cg08721831,grey
cg05000748,cyan
cg09410317,blue
cg10548163,grey
cg10699291,blue
cg11230471,blue
cg17193551,blue
cg14141775,cyan
cg12715285,blue
cg13715901,blue
cg22995488,cyan
cg03818977,grey
cg13554071,cyan
cg00327072,grey
cg01435344,cyan
cg19443556,blue
cg12765107,blue
cg19939555,cyan
cg08017547,cyan
cg26446133,grey
cg03281393,blue
cg21501234,blue
cg21891490,blue
cg03229183,cyan
cg21041580,cyan
cg08009458,blue
cg17639265,cyan
cg18899035,cyan
cg02427438,cyan
cg18365383,blue
cg01216438,grey
cg06915545,blue
cg06976598,grey
cg20251973,cyan
cg10916998,cyan
cg23591609,blue
cg12417071,cyan
cg22483175,blue
cg02954252,cyan
cg07912922,cyan
cg16658412,grey
cg10448759,cyan
cg20803783,cyan
cg18105667,blue
cg13606434,cyan
cg15889230,blue
cg09991306,grey
cg24810439,cyan
cg13051071,grey
cg22451910,cyan
cg12743638,grey
cg08888968,blue
cg27165281,cyan
cg22826071,cyan
cg00660452,blue
cg00019463,cyan
cg07362231,blue
cg22488859,cyan
cg24891434,grey
cg18837542,blue
cg03309253,cyan
cg06038342,grey
cg16242080,blue
cg09549073,grey
cg13565461,blue
cg25718522,blue
cg03803541,grey
cg16382778,cyan
cg18042004,cyan
cg23758309,grey
cg05351887,grey
cg15619966,brown
cg06697294,cyan
cg15818066,blue
cg14563363,blue
cg08714586,cyan
cg07808348,cyan
cg21574574,blue
cg13001868,cyan
cg23632389,blue
cg10876863,blue
cg02462879,blue
cg07583981,blue
cg24779145,grey
cg08569253,blue
cg18001180,cyan
cg23143210,grey
cg07160694,cyan
cg04375931,cyan
cg25623524,grey
cg14160433,blue
cg05794227,grey
cg01754423,grey
cg24720571,cyan
cg11836132,cyan
cg13809815,cyan
cg17737967,grey
cg18289303,blue
cg11979875,blue
cg04561883,blue
cg07078960,cyan
cg07259732,blue
cg23359983,cyan
cg10534923,grey
cg24728050,grey
cg10115321,blue
cg19504179,blue
cg01970906,cyan
cg20466166,cyan
cg16188714,blue
cg24337497,cyan
cg27308434,blue
cg15889838,brown
cg01629329,cyan
cg14487075,cyan
cg26611623,blue
cg19082069,blue
cg05677446,blue
cg01038861,blue
cg01119680,cyan
cg04363097,cyan
cg03172996,cyan
cg14324255,cyan
cg08107945,cyan
cg24527880,blue
cg25151638,cyan
cg22284748,cyan
cg21599230,grey
cg16554933,cyan
cg12910494,cyan
cg18946117,cyan
cg24441954,blue
cg25261764,grey
cg19270764,grey
cg17832450,cyan
cg11992783,grey
cg05302386,cyan
cg11206167,grey
cg25203704,cyan
cg17883449,blue
cg18135379,blue
cg21797500,blue
cg17925360,grey
cg14060836,cyan
cg15181598,grey
cg03782956,cyan
cg08886020,grey
cg00334821,brown
cg10456769,blue
cg10418044,cyan
cg23809118,cyan
cg10498361,cyan
cg26943588,blue
cg13260333,cyan
cg04628206,blue
cg07294785,blue
cg21994357,grey
cg26375259,cyan
cg16004501,grey
cg01267532,grey
cg03355370,blue
cg26892444,grey
cg25308662,grey
cg06320134,cyan
cg16014773,cyan
cg15398841,grey
cg01907658,cyan
cg24157651,cyan
cg05627029,cyan
cg24780445,cyan
cg07475026,blue
cg11966583,cyan
cg01955828,blue
cg21233688,cyan
cg00121533,grey
cg11065506,cyan
cg03470939,blue
cg26186901,cyan
cg07863831,blue
cg03055499,cyan
cg24322139,blue
cg13539030,cyan
cg23019889,grey
cg21840256,cyan
cg03075561,cyan
cg00137234,grey
cg01254303,grey
cg25277397,cyan
cg07951978,cyan
cg02197563,blue
cg23982237,cyan
cg21131031,cyan
cg04594618,blue
cg25377468,blue
cg01261798,grey
cg15586945,cyan
cg10972973,grey
cg21157234,cyan
cg07815385,cyan
cg20481816,cyan
cg05353356,blue
cg10182418,cyan
cg00748938,cyan
cg17042849,cyan
cg12871124,cyan
cg17420619,blue
cg26680238,cyan
cg26817300,cyan
cg09809276,cyan
cg15875068,grey
cg14359292,grey
cg02773403,blue
cg00164335,grey
cg06597049,cyan
cg11648662,cyan
cg24211779,blue
cg17972625,blue
cg21877960,blue
cg13371870,blue
cg26151087,cyan
cg22753548,grey
cg18320734,cyan
cg05865567,cyan
cg12620342,cyan
cg12405833,cyan
cg14160449,cyan
cg05490269,cyan
cg24583940,blue
cg11436430,cyan
cg17621642,cyan
cg04240491,blue
cg13080626,cyan
cg12311930,cyan
cg00804048,cyan
cg15300436,cyan
cg03512511,blue
cg03470088,cyan
