cpg,module,gene
cg00001594,turquoise,ROCK2
cg00002033,grey,LRFN1
cg00002719,turquoise,C1orf114
cg00002749,grey,TMEM49
cg00008839,turquoise,OAZ1
cg00010947,turquoise,HELQ
cg00012362,grey,S100A13
cg00013410,grey,MED13
cg00013655,grey,PIGQ
cg00014112,blue,GYPC
cg00014203,brown,KDM6B
cg00014484,grey,
cg00014986,turquoise,ANAPC11
cg00016814,grey,CNTNAP2
cg00016996,brown,RER1
cg00019495,grey,HOPX
cg00019809,grey,RPRD1A
cg00019841,grey,MAPK4
cg00021600,grey,NECAB2
cg00021945,black,ZNF613
cg00022997,grey,
cg00023288,blue,LRPPRC
cg00025138,turquoise,MAP3K9
cg00025439,grey,
cg00027037,grey,OSBPL1A
cg00027083,grey,EPB41L3
cg00030422,turquoise,DLEC1
cg00030682,grey,ABCC1
cg00030795,turquoise,ZBTB9
cg00031256,turquoise,SERPINB1
cg00031303,turquoise,
cg00031476,turquoise,BRE
cg00032419,blue,TP53I13
cg00032852,turquoise,CHCHD3
cg00035636,grey,
cg00036599,grey,C1orf54
cg00039385,turquoise,SEMA6B
cg00039793,grey,SFXN4
cg00040380,turquoise,RPS27
cg00042874,blue,PLEKHH3
cg00044463,magenta,GLT25D2
cg00044796,grey,
cg00045190,blue,
cg00049718,turquoise,CSDE1
cg00052626,turquoise,CASP9
cg00053010,turquoise,
cg00054971,grey,PTPRE
cg00058113,grey,VPS52
cg00061551,grey,ALG1
cg00063077,turquoise,SLC30A7
cg00064255,turquoise,LRRC8C
cg00066499,turquoise,
cg00066748,grey,C8orf42
cg00068621,turquoise,RBM22
cg00069314,magenta,CLCN3
cg00071565,grey,ODC1
cg00071751,turquoise,KIF20B
cg00071950,grey,SLC2A9
cg00071984,grey,FHIT
cg00074313,grey,MIR548N
cg00074379,turquoise,HAX1
cg00074851,brown,NCBP2
cg00076195,grey,
cg00078996,grey,
cg00080972,grey,RUFY1
cg00081347,tan,SGSH
cg00083206,grey,DDO
cg00084338,grey,DLL1
cg00086297,turquoise,BTBD12
cg00087005,grey,CTBP2
cg00087195,turquoise,MTRR
cg00087417,turquoise,SRPK1
cg00088299,turquoise,
cg00089071,grey,PCGF2
cg00089372,grey,MEF2D
cg00090648,turquoise,C1orf55
cg00091285,blue,
cg00096845,turquoise,ZNF195
cg00100892,grey,
cg00101118,turquoise,RNF11
cg00101154,grey,MRPL28
cg00101453,turquoise,GATSL3
cg00101728,grey,SERPINB6
cg00101895,blue,SEC63
cg00104570,greenyellow,MIR548G
cg00105470,turquoise,C1orf35
cg00106499,turquoise,POLD2
cg00107982,turquoise,ELFN2
cg00108944,grey,GLIPR1L2
cg00111893,turquoise,
cg00112723,turquoise,ATG9A
cg00114029,grey,DLGAP3
cg00114966,grey,LHX9
cg00116058,grey,MRPL22
cg00116554,grey,SNAI2
cg00117651,grey,SMC1B
cg00117825,grey,PPAP2B
cg00118468,grey,TMCC2
cg00118783,grey,
cg00120358,grey,LRRC39
cg00121533,grey,CRYZ
cg00124011,blue,PRDM2
cg00124160,turquoise,
cg00124695,turquoise,SALL1
cg00125159,blue,C1orf35
cg00127036,turquoise,ZNF346
cg00127424,red,USP36
cg00127861,grey,
cg00129273,grey,
cg00134611,grey,SNRNP48
cg00137234,grey,RBM46
cg00138267,blue,RC3H2
cg00138474,turquoise,
cg00141929,grey,POLR3B
cg00142257,grey,LHX6
cg00143045,turquoise,RPRM
cg00146096,turquoise,FANCF
cg00146756,grey,
cg00147286,grey,MTSS1L
cg00148881,grey,KIF2C
cg00149397,turquoise,TPST2
cg00150500,turquoise,HCFC1R1
cg00151788,turquoise,C2orf15
cg00152799,grey,TXNL1
cg00154122,greenyellow,
cg00154902,grey,
cg00154968,grey,CDK13
cg00155429,turquoise,TPM3
cg00155485,turquoise,MED13L
cg00155535,grey,
cg00156216,turquoise,APLP2
cg00157456,grey,DHODH
cg00158530,grey,MIR140
cg00158654,grey,RGS21
cg00158683,grey,COL7A1
cg00159523,grey,TCF7L2
cg00160388,grey,
cg00160505,turquoise,ADAP2
cg00161931,turquoise,MTDH
cg00164335,grey,SELM
cg00164716,grey,RAB5B
cg00165639,turquoise,PERP
cg00166343,turquoise,CRLF3
cg00167654,turquoise,WSCD1
cg00169354,grey,
cg00170564,yellow,BTBD11
cg00172189,grey,SMAD2
cg00172270,turquoise,FMNL3
cg00172408,turquoise,WDR77
cg00176657,grey,
cg00177390,blue,C1orf25
cg00185622,turquoise,CCDC150
cg00186462,grey,GPR128
cg00188503,turquoise,CYP4V2
cg00190319,turquoise,SCAP
cg00191853,grey,SPAG1
cg00195506,grey,
cg00197495,grey,PPP1R3C
cg00200289,turquoise,GRB2
cg00201414,grey,THSD1P
cg00202454,grey,PLA2G4D
cg00203089,turquoise,
cg00204501,grey,TJP1
cg00207534,turquoise,KIAA0174
cg00209398,grey,
cg00210098,grey,SNORA7A
cg00211215,grey,HLA-DRB1
cg00211337,grey,TRIP12
cg00213967,grey,CAND2
cg00214668,salmon,C4orf22
cg00215587,grey,MKRN3
cg00219169,grey,DIP2C
cg00220517,turquoise,DNMT3A
cg00220905,grey,RGMB
cg00223863,grey,CEP70
cg00224807,grey,
cg00226306,turquoise,C20orf111
cg00229039,turquoise,CDC42EP4
cg00230665,blue,PGAP1
cg00235645,blue,CASC5
cg00237586,grey,LOC285045
cg00238692,grey,NAP1L1
cg00242786,grey,ADPRHL1
cg00243480,grey,NPAS3
cg00243922,turquoise,YIPF4
cg00245957,grey,DNM3
cg00247599,turquoise,HIST1H3H
cg00248804,turquoise,
cg00251875,grey,AFAP1
cg00254258,grey,PRDM16
cg00254480,greenyellow,
cg00255882,grey,WDR33
cg00255919,grey,IRF1
cg00256046,grey,ESRRG
cg00256231,grey,TBC1D16
cg00256329,grey,NXN
cg00257271,turquoise,C5orf39
cg00257769,grey,PARP4
cg00257786,grey,
cg00258132,grey,ESD
cg00261781,grey,MATN3
cg00264591,turquoise,IRX4
cg00265578,blue,TP53I13
cg00266983,grey,
cg00267054,turquoise,VPS54
cg00267325,blue,HLA-F
cg00268518,turquoise,NADSYN1
cg00269245,grey,NUP93
cg00269553,grey,PXDNL
cg00269800,grey,PCDHB16
cg00270625,grey,CPT1B
cg00274965,grey,
cg00275232,grey,ZNF296
cg00280177,turquoise,
cg00280239,grey,UTRN
cg00280761,blue,DGCR14
cg00282704,turquoise,MIR1915
cg00288155,turquoise,PNPLA8
cg00289052,turquoise,KIAA1033
cg00290605,turquoise,
cg00290607,grey,
cg00292568,grey,SFRS12IP1
cg00292857,grey,RNF139
cg00296938,turquoise,P4HTM
cg00297950,grey,GSTM3
cg00297966,grey,NSMCE2
cg00298020,turquoise,ORC1L
cg00298153,grey,C21orf33
cg00299286,grey,BTNL9
cg00300039,turquoise,INPP5B
cg00301775,turquoise,PRKAA1
cg00302533,turquoise,STK35
cg00304520,grey,
cg00308130,grey,
cg00310523,grey,RASSF9
cg00311772,grey,PPP1R7
cg00311883,grey,
cg00313914,grey,NAV1
cg00315606,turquoise,HNRNPA2B1
cg00315775,turquoise,LOC729678
cg00318877,grey,METT5D1
cg00319395,turquoise,RPAIN
cg00320645,blue,EIF4EBP2
cg00321286,grey,
cg00321703,turquoise,
cg00321709,grey,CYP2E1
cg00321850,grey,KIAA0040
cg00322319,turquoise,
cg00322667,blue,COASY
cg00325125,grey,
cg00325531,grey,
cg00327072,grey,NEURL1B
cg00329300,grey,TSTD1
cg00329748,turquoise,CAMTA1
cg00330279,turquoise,
cg00330936,turquoise,NUBP1
cg00332802,grey,
cg00335715,grey,
cg00336022,grey,
cg00341915,turquoise,CASC2
cg00343349,grey,
cg00343839,grey,LOC728392
cg00347546,turquoise,FAM190B
cg00347643,turquoise,YWHAG
cg00347798,grey,
cg00348900,grey,CCDC102A
cg00350441,turquoise,FAM192A
cg00350885,cyan,GRB10
cg00355909,turquoise,CMTM3
cg00357238,turquoise,POT1
cg00360072,turquoise,HDAC4
cg00360468,turquoise,PRMT10
cg00361146,turquoise,SLC7A11
cg00361155,grey,
cg00361343,turquoise,ASB4
cg00363841,grey,SNX8
cg00365499,turquoise,SRPK2
cg00366352,turquoise,NTN4
cg00367396,grey,
cg00367615,grey,C13orf33
cg00368987,blue,ZNF264
cg00369151,grey,PIP4K2A
cg00369241,grey,IFITM5
cg00370820,turquoise,GTPBP1
cg00371829,turquoise,NRG4
cg00372354,turquoise,KIAA1310
cg00372940,turquoise,WDR47
cg00373376,grey,MAD1L1
cg00374056,grey,
cg00374596,turquoise,PPP1CA
cg00376283,turquoise,ABCB9
cg00377087,brown,
cg00381411,grey,RBM24
cg00386581,turquoise,UBXN1
cg00386702,grey,ZNF780B
cg00389713,blue,SRF
cg00392242,grey,ARRDC4
cg00393546,tan,DIP2C
cg00394494,turquoise,SCN9A
cg00395783,grey,
cg00397324,grey,MX1
cg00402812,turquoise,TMEM167B
cg00405789,grey,ZFAT
cg00412273,turquoise,CASC3
cg00413030,grey,
cg00413089,grey,
cg00414890,grey,
cg00416747,turquoise,HIST1H1E
cg00417835,blue,ZBTB9
cg00418146,turquoise,NMNAT1
cg00419333,green,CYB5B
cg00425885,grey,CAMTA1
cg00426486,grey,
cg00426921,turquoise,PHGDH
cg00430888,grey,
cg00431813,grey,C7orf50
cg00431894,grey,
cg00432059,turquoise,ZNF93
cg00434295,turquoise,SUGT1L1
cg00435098,brown,MUC2
cg00436969,grey,RESP18
cg00437048,grey,PFKP
cg00438215,turquoise,
cg00438616,turquoise,NRG4
cg00438740,turquoise,INPP5D
cg00439706,turquoise,MGA
cg00442112,grey,CYTL1
cg00443488,grey,PFKFB3
cg00443673,turquoise,CASC3
cg00443946,grey,LOC732275
cg00444282,grey,RTN3
cg00444581,grey,PTK2
cg00446595,brown,SBK1
cg00448482,turquoise,C18orf19
cg00449767,grey,EXOC3L2
cg00450312,turquoise,
cg00450487,turquoise,ZFAND1
cg00451651,grey,VPS13B
cg00452882,grey,RLTPR
cg00453349,turquoise,SEPT10
cg00454517,turquoise,MLXIP
cg00455333,turquoise,KIF2C
cg00456011,turquoise,AP3S2
cg00456348,turquoise,C12orf44
cg00458210,turquoise,HIST2H2AC
cg00458607,grey,SNX19
cg00460260,turquoise,ELOVL6
cg00461735,blue,C1orf31
cg00461901,yellow,PPFIA3
cg00462311,turquoise,NFATC4
cg00463982,grey,IFT140
cg00465476,grey,DUOX2
cg00466108,turquoise,DNAJC6
cg00466364,turquoise,ELAVL3
cg00467244,turquoise,
cg00469395,grey,
cg00469635,grey,PPME1
cg00469814,turquoise,
cg00470794,turquoise,CHFR
cg00471645,blue,
cg00472375,turquoise,ENTPD4
cg00474242,turquoise,WDR5B
cg00474465,turquoise,HMX2
cg00475645,turquoise,STAU2
cg00477378,turquoise,RCBTB1
cg00481259,grey,DECR2
cg00481457,turquoise,LAMA3
cg00481725,grey,
cg00482898,turquoise,SNRPG
cg00484396,grey,NAT15
cg00486627,turquoise,CACNA2D2
cg00487780,turquoise,CCDC97
cg00487848,grey,SFRS8
cg00488691,grey,CENPO
cg00491180,grey,TMPRSS8
cg00492055,grey,CEP70
cg00493304,grey,GTF2A1L
cg00493755,turquoise,LYRM5
cg00495035,grey,HDAC4
cg00495289,turquoise,IFRD1
cg00495303,grey,DLGAP1
cg00495515,grey,MYNN
cg00497232,grey,
cg00499399,turquoise,MICA
cg00499859,turquoise,RAD51
cg00501421,grey,RPP14
cg00501779,grey,MTA2
cg00502442,turquoise,ZDHHC14
cg00504457,turquoise,MCOLN1
cg00504919,turquoise,C16orf55
cg00505277,grey,
cg00505936,grey,HAS3
cg00507259,turquoise,SMARCAD1
cg00509281,grey,CDC2
cg00509507,turquoise,SSC5D
cg00510011,turquoise,GPR98
cg00510320,grey,RLTPR
cg00510718,turquoise,PIK3CG
cg00511731,turquoise,BMF
cg00514413,turquoise,C19orf26
cg00514665,grey,A2BP1
cg00515161,turquoise,BRIP1
cg00515559,turquoise,LOC100216545
cg00519627,turquoise,CORO7
cg00520378,grey,CTU2
cg00521863,grey,
cg00522231,grey,ITGB1BP1
cg00522403,grey,ZNF843
cg00523161,grey,LPIN1
cg00524108,grey,PRR19
cg00524676,grey,
cg00525277,grey,TNXB
cg00526953,grey,
cg00530492,turquoise,HCG9
cg00530929,turquoise,DNAJC28
cg00533340,grey,CELSR1
cg00533620,turquoise,RPA2
cg00534133,turquoise,CENPH
cg00535785,grey,ZNF423
cg00538642,grey,C19orf36
cg00540400,grey,
cg00543485,grey,JUN
cg00543499,turquoise,EPS15
cg00544901,blue,RPS11
cg00545295,turquoise,CBX7
cg00549575,turquoise,EIF3F
cg00549601,grey,
cg00551617,grey,
cg00553120,turquoise,DNAJB6
cg00555420,grey,TAPT1
cg00557959,grey,
cg00558031,grey,C4orf23
cg00558737,turquoise,MFAP3
cg00558986,turquoise,NSUN3
cg00558990,turquoise,GPN3
cg00559439,grey,VGLL4
cg00562265,turquoise,
cg00563238,turquoise,
cg00563699,turquoise,INPP5B
cg00563793,grey,PACS1
cg00564714,grey,RIPK2
cg00565070,greenyellow,PDE4A
cg00567479,grey,FARP2
cg00567749,turquoise,VCAN
cg00568641,blue,RPL26L1
cg00569673,turquoise,GPSM3
cg00569953,turquoise,RAB1B
cg00570269,grey,C13orf33
cg00570642,turquoise,DOC2A
cg00571935,grey,SHPRH
cg00572586,grey,PLD6
cg00573330,grey,ZNF141
cg00578530,turquoise,BPNT1
cg00579423,grey,
cg00580805,turquoise,DHODH
cg00580965,grey,
cg00581848,turquoise,GPR157
cg00581979,turquoise,PRR24
cg00582417,turquoise,KAT5
cg00582881,turquoise,AFAP1L1
cg00584636,turquoise,DNPEP
cg00584885,grey,
cg00586909,turquoise,CDKAL1
cg00587009,grey,
cg00588198,lightgreen,
cg00589864,grey,PPP3R1
cg00590063,grey,B3GNT3
cg00590081,turquoise,FNDC3A
cg00590106,grey,SSBP2
cg00590260,grey,DIP2C
cg00591890,grey,
cg00593900,grey,ANGPTL6
cg00594128,grey,ZNF879
cg00594560,grey,ZFHX4
cg00594917,grey,PPFIA4
cg00596184,grey,VPS4A
cg00596508,blue,CNTN1
cg00597043,grey,
cg00597055,turquoise,CHP
cg00597492,brown,LPCAT1
cg00599163,grey,
cg00599530,grey,
cg00601042,grey,GALNT9
cg00601836,grey,ESR1
cg00603498,blue,RPAIN
cg00604356,turquoise,PIK3CG
cg00607058,grey,OSBP2
cg00607609,grey,SYNPO2
cg00608169,grey,
cg00608605,grey,DDAH2
cg00611301,grey,HDDC2
cg00611789,grey,CMYA5
cg00612595,grey,
cg00614959,grey,PCGF3
cg00616369,grey,NCL
cg00618312,turquoise,ELF1
cg00620449,turquoise,C5orf37
cg00620629,turquoise,ZUFSP
cg00622654,turquoise,DOCK1
cg00623328,turquoise,RAB43
cg00624150,grey,PCBD2
cg00624589,grey,
cg00626422,turquoise,SNORD93
cg00628697,grey,DSCR3
cg00629370,turquoise,PTHLH
cg00629941,turquoise,SCAMP5
cg00630431,grey,SNORA38B
cg00631329,grey,
cg00632778,grey,
cg00632811,grey,PWP1
cg00632914,grey,ZFP2
cg00636124,blue,JMJD5
cg00637745,grey,
cg00638631,grey,KCNJ6
cg00639837,grey,
cg00639886,grey,PDE1B
cg00641632,turquoise,SLC25A39
cg00642460,grey,PFN3
cg00645339,turquoise,LOC145663
cg00650762,turquoise,EPHB2
cg00653281,tan,PRKCZ
cg00655071,turquoise,ZNF280D
cg00655412,blue,CRYM
cg00655552,turquoise,
cg00657871,blue,SSX2IP
cg00658016,grey,PIK3CA
cg00660163,blue,MEX3A
cg00662647,grey,SLC35F3
cg00663719,grey,WWOX
cg00664023,turquoise,ALG14
cg00665908,turquoise,TAF11
cg00666685,turquoise,HYAL3
cg00666978,turquoise,LASS2
cg00667976,turquoise,ARL1
cg00668525,grey,CDC7
cg00671161,turquoise,ALG11
cg00671759,red,ACTG1
cg00673251,blue,ECHDC3
cg00673290,grey,APOB
cg00673674,blue,SFRS14
cg00674365,grey,ZNF471
cg00676224,turquoise,
cg00680768,blue,MAD2L1
cg00681103,red,CFLAR
cg00681662,turquoise,ANKZF1
cg00683329,grey,
cg00684529,turquoise,
cg00685614,grey,
cg00687095,blue,RFWD2
cg00688236,turquoise,KBTBD11
cg00688900,turquoise,GGNBP2
cg00689284,grey,
cg00690271,blue,TUBA1C
cg00690400,blue,MRPS14
cg00690554,grey,ZFYVE21
cg00691240,grey,TXNDC12
cg00697301,grey,
cg00697979,grey,KIAA1609
cg00698067,grey,REPS1
cg00698263,grey,
cg00698771,grey,
cg00699807,turquoise,ZBTB1
cg00701051,grey,
cg00702638,turquoise,KIF15
cg00710617,turquoise,ZFP64
cg00711496,grey,C19orf76
cg00711831,turquoise,NDUFB7
cg00712898,turquoise,PRPF38B
cg00713605,turquoise,ARMC9
cg00713939,grey,NAPRT1
cg00714184,blue,LRAT
cg00714198,turquoise,RAF1
cg00715047,blue,LLGL2
cg00715257,turquoise,UBL5
cg00716604,blue,TBC1D15
cg00718333,turquoise,DRAM2
cg00719323,turquoise,TANK
cg00719685,grey,BPNT1
cg00722320,turquoise,MIR184
cg00724774,grey,ATP8B3
cg00728999,grey,EZH1
cg00730780,blue,KIAA1462
cg00732059,grey,PHLPP2
cg00733150,grey,FAM118A
cg00733288,grey,CARS2
cg00734483,grey,BACE2
cg00734970,turquoise,NAT14
cg00735315,turquoise,CYHR1
cg00735667,grey,
cg00737841,grey,
cg00738934,grey,
cg00739624,brown,SRL
cg00740368,turquoise,
cg00740691,turquoise,
cg00740889,turquoise,LARP7
cg00742920,grey,
cg00744229,turquoise,RNF25
cg00744351,grey,CHRNE
cg00746864,turquoise,PITPNC1
cg00747362,blue,MCOLN1
cg00747859,turquoise,CP110
cg00748494,grey,
cg00750399,grey,HELZ
cg00750481,grey,
cg00752778,turquoise,
cg00752852,blue,ARPC2
cg00753492,turquoise,IRF2BP2
cg00754027,turquoise,KIF14
cg00754688,blue,
cg00755470,turquoise,
cg00758217,brown,SSBP3
cg00758881,grey,NDRG4
cg00759707,grey,ATP2A2
cg00759836,grey,KIAA0090
cg00760338,grey,ETV5
cg00761859,grey,NRP1
cg00761861,turquoise,VTI1B
cg00762326,turquoise,UBA52
cg00763094,turquoise,BAT2L2
cg00763096,turquoise,FBXL22
cg00765312,turquoise,ALX1
cg00767116,grey,CARS2
cg00767642,grey,NMNAT2
cg00767948,grey,PTPRG
cg00770784,grey,CFDP1
cg00770871,turquoise,TULP3
cg00771026,turquoise,C4orf10
cg00771049,turquoise,ARPC5L
cg00772840,turquoise,AKAP8
cg00773142,grey,PLCG2
cg00773413,turquoise,C10orf41
cg00776558,grey,IGDCC4
cg00777209,turquoise,DHX16
cg00778059,turquoise,SPATA13
cg00778905,pink,TPRG1L
cg00778995,grey,POU3F3
cg00782260,turquoise,
cg00782697,grey,INPP5A
cg00782772,grey,KLHDC4
cg00784671,grey,CELSR1
cg00785941,grey,OR2L13
cg00786406,turquoise,HIPK1
cg00786761,grey,
cg00787919,turquoise,MND1
cg00788177,grey,
cg00791851,grey,
cg00792235,grey,
cg00792783,turquoise,PLCL1
cg00793935,grey,TRPM8
cg00794174,grey,
cg00795626,turquoise,BAT4
cg00795791,grey,PL-5283
cg00795915,blue,BDP1
cg00800993,grey,C20orf177
cg00802903,grey,
cg00803088,blue,RET
cg00803873,turquoise,C21orf59
cg00804031,turquoise,PIAS4
cg00804048,turquoise,EIF5A
cg00805880,grey,PPFIA4
cg00807871,grey,MDGA1
cg00809820,grey,TBCD
cg00811081,turquoise,RPAP3
cg00815399,grey,
cg00815440,turquoise,UQCRFS1
cg00815931,turquoise,RPTOR
cg00817464,grey,XPNPEP1
cg00817731,grey,PRSS50
cg00818680,grey,TMCO7
cg00819696,turquoise,TIMELESS
cg00820664,turquoise,WDR33
cg00822399,grey,
cg00825173,turquoise,IFT88
cg00826921,blue,C3orf58
cg00827008,grey,
cg00828689,turquoise,PIGZ
cg00829406,turquoise,FRS2
cg00830121,grey,
cg00837434,grey,MTMR10
cg00843105,grey,ZNF234
cg00844641,turquoise,FLNC
cg00846340,grey,RNF4
cg00853940,grey,TRPM8
cg00857660,red,SNORD74
cg00859178,grey,UHMK1
cg00860370,blue,RNPC3
cg00861009,turquoise,HOXD11
cg00862618,black,FKBP4
cg00864568,grey,PCGF3
cg00864916,grey,KIAA1614
cg00866976,turquoise,GNAO1
cg00867835,grey,SSPO
cg00868766,grey,
cg00869285,turquoise,ZNF837
cg00871917,turquoise,RFT1
cg00872984,grey,TNXB
cg00873473,green,JMJD8
cg00873648,turquoise,
cg00874817,grey,
cg00876541,turquoise,MIR1181
cg00876704,turquoise,PKN1
cg00876757,grey,
cg00878163,grey,HSF5
cg00878630,grey,COPS7B
cg00880290,turquoise,PKN1
cg00881417,grey,PLEKHA1
cg00883019,grey,ARHGEF3
cg00885506,turquoise,WDR31
cg00890070,grey,
cg00891891,turquoise,SORD
cg00893875,grey,
cg00894222,turquoise,PRMT7
cg00898013,grey,PROZ
cg00901264,turquoise,
cg00901687,grey,MYCBPAP
cg00905725,turquoise,DFFB
cg00906130,grey,HPGD
cg00906926,grey,CCDC42B
cg00907218,grey,
cg00908027,turquoise,USP10
cg00908766,grey,CELSR2
cg00908822,grey,
cg00909514,grey,C1orf106
cg00910333,turquoise,TARBP2
cg00910586,grey,
cg00910640,turquoise,C2orf73
cg00912449,grey,
cg00913755,grey,KIFC1
cg00914084,grey,
cg00914462,turquoise,HNRNPU
cg00916439,turquoise,BAT1
cg00916884,grey,MT1M
cg00919118,turquoise,TCF7L2
cg00919237,grey,ABCB4
cg00920818,turquoise,AMIGO2
cg00922157,grey,
cg00922376,turquoise,PRDM2
cg00923533,grey,
cg00923880,grey,
cg00924372,grey,
cg00927231,turquoise,
cg00928596,grey,MIR365-1
cg00929798,grey,CALY
cg00930710,turquoise,
cg00931619,turquoise,NPHP4
cg00931874,grey,
cg00932688,turquoise,C16orf87
cg00933696,blue,
cg00934312,yellow,ATP6V0E2
cg00935307,turquoise,
cg00937982,grey,SIM2
cg00939931,turquoise,MAFK
cg00940786,grey,ARSG
cg00940812,turquoise,NECAB1
cg00940891,turquoise,FGFRL1
cg00941229,turquoise,OTUD7B
cg00941745,turquoise,EIF3E
cg00942219,grey,
cg00944421,grey,ESRP2
cg00944502,turquoise,PPWD1
cg00947782,grey,RNF39
cg00948102,turquoise,ICT1
cg00949022,turquoise,PIBF1
cg00951395,grey,KIAA1383
cg00954003,grey,TMSB10
cg00958605,turquoise,HIST1H3B
cg00958781,turquoise,TMCO6
cg00960700,grey,TBCD
cg00960857,grey,JAKMIP3
cg00963305,turquoise,MMP15
cg00963378,grey,GJA3
cg00964333,grey,
cg00964710,turquoise,BFAR
cg00965052,turquoise,NME1
cg00966959,turquoise,DDX52
cg00969405,grey60,HOXA5
cg00969680,tan,AFARP1
cg00969787,blue,TESK2
cg00971834,blue,COL13A1
cg00975854,green,C1orf63
cg00976097,grey,AHRR
cg00976797,grey,IFT140
cg00981797,turquoise,UFD1L
cg00982548,grey,BOLL
cg00982952,grey,GLG1
cg00989226,lightcyan,SFRS11
cg00989853,grey,IRF6
cg00991755,turquoise,KIAA0427
cg00992297,blue,ARAP3
cg00992385,turquoise,HCK
cg00993651,turquoise,
cg00993799,blue,LOC100216545
cg00993824,turquoise,IL12RB2
cg00994804,grey,RUNX1
cg00995047,grey,LOC728613
cg00997424,turquoise,PI4K2A
cg00997931,grey,YOD1
cg00998146,grey,IFI30
cg00998438,grey,ILDR2
cg00999410,grey,OR6C1
cg00999904,grey,ALLC
cg01000656,turquoise,SPATA1
cg01001468,turquoise,MAF
cg01003015,turquoise,VIM
cg01003902,grey,SAFB2
cg01006802,grey,TMPRSS8
cg01010328,grey,TTC24
cg01010781,blue,TMED4
cg01010868,turquoise,PRKACA
cg01012308,turquoise,TRAP1
cg01013630,turquoise,SMUG1
cg01014287,turquoise,FUBP1
cg01015416,turquoise,PTPN12
cg01016662,turquoise,
cg01017244,grey,
cg01017355,turquoise,
cg01018360,brown,ZC3H18
cg01021053,turquoise,ZWINT
cg01022117,grey,PKP1
cg01023271,turquoise,IGSF8
cg01023593,grey,ZNF324B
cg01026256,grey,VWA5B2
cg01027808,tan,CBX7
cg01029685,grey,PCDHA6
cg01029901,grey,ZNF772
cg01033356,grey,ADARB2
cg01033463,blue,PHF21B
cg01034243,grey,
cg01037362,grey,FNDC1
cg01040630,grey,CSMD3
cg01044608,grey,ZNF543
cg01044695,turquoise,KDELR1
cg01044722,turquoise,MYH10
cg01051310,grey,WNT3A
cg01051546,turquoise,PLK1S1
cg01053087,grey,ERICH1
cg01053411,turquoise,
cg01054502,turquoise,C16orf75
cg01054755,turquoise,LOC389333
cg01055543,turquoise,MRPL33
cg01055610,turquoise,MIR636
cg01055696,grey,
cg01056174,turquoise,ANAPC1
cg01056242,grey,GPR133
cg01056350,turquoise,HHAT
cg01056889,turquoise,NEK10
cg01056945,turquoise,RHOQ
cg01057882,grey,
cg01058004,grey,DEFB136
cg01059385,grey,WBP2NL
cg01061890,turquoise,TXNDC11
cg01062020,grey,SH2D1B
cg01065977,grey,ISYNA1
cg01066274,blue,WDR59
cg01066472,grey,
cg01067626,blue,SKP1
cg01067724,yellow,CCDC102A
cg01067849,blue,WRNIP1
cg01070209,grey,SRRM4
cg01070694,turquoise,KPNB1
cg01072121,turquoise,TMED7-TICAM2
cg01073375,turquoise,C11orf54
cg01074767,grey,C1RL
cg01076129,grey,CRISP2
cg01077350,green,C6orf52
cg01077808,turquoise,C19orf44
cg01078271,turquoise,DACT3
cg01079515,grey,
cg01079738,grey,C1orf14
cg01081346,grey,CPT1B
cg01082862,blue,ZMYM5
cg01084566,grey,HPGD
cg01086446,turquoise,GABRA1
cg01086895,turquoise,DCHS1
cg01088528,turquoise,PPIL3
cg01089095,blue,CHCHD1
cg01091514,grey,
cg01092528,yellow,NAAA
cg01093383,turquoise,STK19
cg01094309,grey,RPS6KA2
cg01094684,turquoise,UQCR
cg01095506,grey,UTRN
cg01096398,turquoise,FOXQ1
cg01096617,grey,CNOT1
cg01097406,grey,
cg01097907,grey,
cg01099231,grey,
cg01100864,yellow,VPS33A
cg01101647,turquoise,EPHA5
cg01102158,turquoise,TSSC1
cg01103255,turquoise,NIF3L1
cg01103911,turquoise,SPDYA
cg01106040,turquoise,ZXDC
cg01111397,red,DLX2
cg01112801,grey,CCT8
cg01112923,red,NEK1
cg01113680,grey,ENOX1
cg01114163,grey,
cg01117269,grey,DIP2C
cg01119172,grey,SNORD94
cg01119278,grey,DDO
cg01120165,turquoise,HDAC10
cg01120902,grey,
cg01120994,turquoise,
cg01123926,blue,FAM3D
cg01124027,blue,STX18
cg01124132,grey,RFPL2
cg01124440,turquoise,ANKH
cg01124477,grey,
cg01129128,grey,TRAPPC9
cg01139508,turquoise,ZNF660
cg01142386,turquoise,FOXF1
cg01143222,grey,KLHL31
cg01143569,turquoise,VPRBP
cg01145054,turquoise,
cg01145430,grey,GATM
cg01148786,turquoise,
cg01151686,turquoise,LIG3
cg01152488,turquoise,MAGEL2
cg01154721,tan,KDM2B
cg01156747,grey,
cg01157809,turquoise,AGBL5
cg01158970,yellow,UTP15
cg01159515,grey,SLC12A2
cg01162053,grey,SLC23A2
cg01165287,turquoise,XPO1
cg01167029,grey,TMEM218
cg01168283,lightcyan,FOXF1
cg01169952,turquoise,SGEF
cg01171898,turquoise,C11orf30
cg01172345,grey,DNAH10
cg01175433,grey,ATP2B2
cg01175682,turquoise,RNF220
cg01176150,blue,C16orf58
cg01176271,turquoise,SNX1
cg01177167,grey,
cg01177470,red,
cg01178451,turquoise,GALR1
cg01178486,turquoise,TAF9
cg01178624,grey,KCNK7
cg01179140,turquoise,IRF2BP2
cg01179580,turquoise,GLTP
cg01180513,turquoise,C20orf194
cg01182555,blue,HIF1A
cg01186919,turquoise,ALG9
cg01188822,turquoise,YIPF3
cg01189475,grey,ARL5A
cg01190037,turquoise,C4orf10
cg01195053,grey,LOC652276
cg01195281,turquoise,PCNA
cg01196121,grey,
cg01201512,grey,NINJ2
cg01202150,turquoise,PCDHA7
cg01206923,turquoise,NPM1
cg01213928,grey,APEX1
cg01214346,grey,
cg01215742,grey,
cg01216369,grey,SPATA16
cg01217180,turquoise,ENTPD6
cg01217666,grey,TMEM194A
cg01218414,grey,C7orf28A
cg01218619,grey,
cg01221207,turquoise,TRPC4AP
cg01222603,turquoise,SBF2
cg01226806,turquoise,
cg01231141,grey,ADAMTS2
cg01232410,turquoise,POP4
cg01232511,grey,PRSS21
cg01237263,turquoise,
cg01237870,turquoise,MCM10
cg01238140,grey,
cg01239735,grey,IQSEC3
cg01240734,turquoise,AIFM2
cg01241758,turquoise,GPD2
cg01243246,grey,CCDC15
cg01244303,turquoise,HMGCS1
cg01244650,yellow,HIST1H2BJ
cg01246431,turquoise,NR2C1
cg01246520,grey,RAI1
cg01250155,grey,FAM53A
cg01250235,turquoise,WDR91
cg01251603,grey,GABRB3
cg01252526,grey,WDR90
cg01253545,turquoise,RNF185
cg01254303,grey,SRRM4
cg01254739,blue,BAT5
cg01258653,turquoise,BAIAP3
cg01261464,turquoise,UBR7
cg01261798,grey,DPYSL4
cg01263292,turquoise,IRAK3
cg01263942,grey,DIP2C
cg01268383,grey,
cg01268571,grey,
cg01268824,grey,ZNF154
cg01270451,grey,ZCCHC8
cg01272707,turquoise,
cg01273125,turquoise,COBRA1
cg01273330,grey,
cg01274643,blue,
cg01275685,grey,BMPER
cg01277542,grey,SLC6A2
cg01283246,grey,FBXL21
cg01283332,grey,
cg01286930,grey,SPTBN1
cg01286959,grey,SFRS6
cg01290068,grey,MAT2B
cg01290755,grey,
cg01290885,turquoise,C12orf23
cg01292486,turquoise,SRI
cg01292810,grey,
cg01295646,grey,MYOM2
cg01296653,turquoise,CDC37L1
cg01296875,grey,ALG3
cg01299579,grey,NOL10
cg01302562,grey,RIMBP2
cg01302712,turquoise,SNX8
cg01302902,midnightblue,C12orf23
cg01303655,grey,TNRC6C
cg01307092,turquoise,SPRYD3
cg01307939,grey,TMEM130
cg01308968,grey,
cg01310019,turquoise,HIST1H3I
cg01310397,grey,MUC4
cg01311051,turquoise,ALDOA
cg01312858,turquoise,CCDC85A
cg01314143,turquoise,MRPL36
cg01323777,grey,KCNAB3
cg01324343,grey,ABCC5
cg01326531,red,C9orf116
cg01327147,grey,KIAA1161
cg01327685,grey,
cg01328403,turquoise,NOL12
cg01330280,grey,HIST1H3H
cg01330670,turquoise,TBC1D8
cg01331196,grey,HRH1
cg01335658,grey,
cg01335729,turquoise,ZCCHC3
cg01335781,blue,TTC14
cg01337207,grey,TNXB
cg01339704,grey,SMTNL2
cg01340310,grey,VPS53
cg01341891,turquoise,ZZZ3
cg01341976,grey,TEX9
cg01343206,turquoise,EHBP1
cg01343363,grey,NDRG4
cg01345354,grey,SERPINB9
cg01348757,grey,PLIN1
cg01348922,grey,ENPP7
cg01349267,blue,ASB7
cg01349853,blue,TRANK1
cg01351822,grey,UNC45A
cg01352656,grey,
cg01352882,turquoise,STUB1
cg01353809,turquoise,ARID2
cg01353941,grey,
cg01355108,grey,
cg01358551,blue,AP2S1
cg01358940,grey,
cg01359822,grey,ETS2
cg01363383,turquoise,MXI1
cg01367424,turquoise,
cg01368133,purple,HERC3
cg01370181,salmon,NR2F2
cg01370449,grey60,HOXA5
cg01373687,grey,NOMO1
cg01380533,grey,ESRP2
cg01381028,grey,
cg01381636,turquoise,
cg01382105,brown,ATP11A
cg01382860,grey,TRPM4
cg01383546,turquoise,COG8
cg01385230,turquoise,ENTPD4
cg01385882,grey,
cg01387407,turquoise,EML5
cg01388144,turquoise,TP53BP1
cg01392184,blue,ZFYVE19
cg01392313,grey,C6orf227
cg01392544,yellow,CACNB2
cg01393234,turquoise,
cg01394138,turquoise,RECQL5
cg01394819,turquoise,PODN
cg01395760,magenta,KIF22
cg01402698,turquoise,AKT1S1
cg01406988,grey,MEIS1
cg01407235,grey,ARHGAP25
cg01407460,turquoise,Magmas
cg01408127,turquoise,COQ10B
cg01409419,turquoise,GTDC1
cg01410224,grey,METTL1
cg01411142,yellow,INTS10
cg01412419,grey,
cg01412762,grey,ALK
cg01412936,turquoise,WDR65
cg01412970,grey,PLD6
cg01414289,turquoise,PLXNC1
cg01415275,grey,TMEM120A
cg01418618,grey,
cg01418856,turquoise,TUBA1C
cg01421963,blue,ZNF441
cg01422262,turquoise,VAV3
cg01422370,grey,
cg01423393,grey,KIAA1875
cg01423916,turquoise,
cg01424145,turquoise,KCNN4
cg01424889,grey,AVIL
cg01425746,grey,CHST1
cg01428378,turquoise,CCDC62
cg01429662,turquoise,B4GALNT2
cg01430302,turquoise,USP10
cg01431972,turquoise,C10orf41
cg01434197,turquoise,S100A6
cg01434608,turquoise,CMTM3
cg01434672,grey,FAM172A
cg01436551,grey,ZNF148
cg01437515,grey,TNFRSF4
cg01438145,blue,WDR37
cg01438737,blue,SFRS6
cg01439560,grey,BICC1
cg01439854,turquoise,AARS
cg01441308,brown,BIN1
cg01443922,grey,C10orf140
cg01445689,grey,WDR60
cg01448115,grey,
cg01448194,grey,C3orf48
cg01448562,grey,
cg01449425,grey,
cg01449704,grey,QRICH2
cg01449846,grey,CAPN5
cg01449973,grey,
cg01453391,grey,
cg01453441,turquoise,STAT4
cg01454528,turquoise,NME2
cg01454612,grey,
cg01454639,turquoise,
cg01456938,blue,RNF4
cg01457653,blue,FBXL8
cg01458105,grey,STK32C
cg01460805,grey,EGR3
cg01461856,grey,
cg01464730,grey,RPTOR
cg01466164,grey,
cg01468426,grey,MYST3
cg01475377,grey,
cg01476568,grey,C10orf18
cg01477942,grey,
cg01479768,grey,
cg01480180,grey,FZD1
cg01483882,turquoise,TP53INP2
cg01485177,grey,LOC441666
cg01485266,blue,GADD45B
cg01485838,turquoise,EVL
cg01488865,turquoise,C20orf11
cg01489256,grey,TDH
cg01492330,grey,KRT3
cg01492656,turquoise,N4BP2
cg01493198,turquoise,SF3B14
cg01493303,turquoise,GRWD1
cg01493318,grey,
cg01494303,turquoise,NAT15
cg01498231,grey,SPOCK2
cg01499408,grey,
cg01500633,turquoise,SNORD50A
cg01504555,turquoise,SYCE1L
cg01504836,turquoise,KDM4D
cg01505254,turquoise,C6orf89
cg01506891,turquoise,LETM2
cg01510153,grey,BRAF
cg01510903,yellow,KRT18
cg01514703,turquoise,SOCS4
cg01515802,turquoise,LAIR1
cg01516851,grey,
cg01517521,turquoise,USP12
cg01517571,grey,ACOT11
cg01517680,grey,
cg01518225,grey,
cg01519350,yellow,ARMC8
cg01520402,grey,
cg01521080,brown,SLC38A10
cg01522456,turquoise,TSPAN2
cg01524174,grey,SOX9
cg01525669,brown,ARGLU1
cg01526870,turquoise,LOH12CR1
cg01528321,turquoise,TSPAN14
cg01528762,grey,RAB11B
cg01529538,turquoise,RBM23
cg01532080,blue,SSBP4
cg01533021,green,RASL11A
cg01534217,blue,FOXP1
cg01537486,turquoise,SNORD27
cg01538066,turquoise,ZNF749
cg01538778,turquoise,TMED5
cg01540024,grey,C16orf88
cg01541629,turquoise,NSUN2
cg01543795,turquoise,JMJD5
cg01554231,brown,MUC5B
cg01554235,turquoise,BLZF1
cg01554777,grey,TLR2
cg01555270,turquoise,ATP5SL
cg01555307,turquoise,
cg01556715,turquoise,RPS23
cg01556929,grey,VPS28
cg01558040,grey,VANGL1
cg01558660,turquoise,CDC37L1
cg01559436,blue,ARSK
cg01559663,blue,NPBWR1
cg01561368,turquoise,SMEK1
cg01561839,turquoise,
cg01562241,turquoise,PIGG
cg01562537,grey,TSPAN18
cg01565314,grey,EXOC3L2
cg01566127,turquoise,MACROD1
cg01566282,grey,BIRC8
cg01566342,grey,NMUR2
cg01567173,grey,
cg01567615,brown,RASA3
cg01571001,grey,
cg01571407,turquoise,GSPT1
cg01571722,grey,PIK3R4
cg01572989,grey,
cg01573149,turquoise,
cg01573747,grey,CPAMD8
cg01573825,turquoise,CBR4
cg01573938,grey,ACSL6
cg01575930,grey,PCDHGA2
cg01576340,grey,CTNNBIP1
cg01579024,grey,RANBP17
cg01579206,turquoise,CSNK1A1
cg01579765,grey,HSF2BP
cg01579928,turquoise,CALM1
cg01579950,grey,NRXN2
cg01580340,grey,
cg01580934,turquoise,SRPK2
cg01583514,brown,TJP3
cg01583969,turquoise,NEFM
cg01584104,turquoise,ZNF778
cg01587550,turquoise,LNPEP
cg01588435,grey,ICK
cg01588581,grey,C2orf54
cg01591431,turquoise,C11orf63
cg01593751,turquoise,TOM1L1
cg01594233,turquoise,
cg01594538,turquoise,
cg01601439,turquoise,HN1L
cg01601518,grey,ZFYVE28
cg01604611,turquoise,ADSL
cg01606516,turquoise,GUK1
cg01608167,black,STRAP
cg01609139,grey,
cg01609214,grey,MIR30D
cg01612037,grey,
cg01612292,grey,FAM83H
cg01614237,grey,
cg01614703,grey,SFRS8
cg01615818,grey,ZNF681
cg01616529,grey,DRD4
cg01619338,turquoise,PSKH1
cg01620164,grey,FIGN
cg01624173,grey,
cg01628528,grey,C1QTNF9
cg01632311,turquoise,NUDT1
cg01637175,grey,KCNJ12
cg01637870,turquoise,C14orf181
cg01639032,blue,HSPA1A
cg01640684,grey,TBCD
cg01641455,turquoise,SHISA7
cg01642168,turquoise,HSPBP1
cg01642183,midnightblue,SNX26
cg01644979,turquoise,XPO5
cg01645676,grey,C7orf50
cg01649597,turquoise,NMUR1
cg01650864,grey,
cg01652190,grey,C22orf34
cg01652244,grey,DPPA5
cg01653110,turquoise,VAMP4
cg01654446,blue,TAPBP
cg01658602,turquoise,ZNF343
cg01658670,turquoise,YPEL2
cg01661307,grey,GLYR1
cg01663052,grey,C14orf126
cg01663953,grey,CCDC81
cg01664727,grey,RUNX1
cg01665174,turquoise,
cg01665212,turquoise,IER3
cg01665846,blue,ADSL
cg01666600,turquoise,KCNJ12
cg01667892,grey,PRDM9
cg01674679,turquoise,GTF3A
cg01675229,turquoise,
cg01675596,grey,
cg01675814,grey,LRP12
cg01677098,turquoise,TCEA1
cg01677628,grey,
cg01678788,turquoise,
cg01680010,grey,
cg01680448,turquoise,SYNGR2
cg01680839,turquoise,CYP46A1
cg01681009,turquoise,ZNF830
cg01682506,turquoise,
cg01683948,grey,ANKS3
cg01685242,blue,SIPA1
cg01685246,turquoise,ZNF768
cg01687301,turquoise,DBF4B
cg01689892,turquoise,BET1L
cg01690029,turquoise,OSBPL11
cg01691377,grey,SEC11A
cg01693326,grey,CHORDC1
cg01694488,grey,
cg01697541,turquoise,TMEM97
cg01697732,turquoise,FAM20A
cg01698167,blue,HS3ST1
cg01698934,grey,MGC23284
cg01699425,turquoise,FUS
cg01700386,grey,
cg01701002,turquoise,ARMC7
cg01702820,turquoise,SETD2
cg01703419,grey,
cg01703736,grey,
cg01707795,grey,ACTN1
cg01709316,turquoise,KCTD5
cg01710432,brown,HCN4
cg01713535,turquoise,C14orf101
cg01714284,turquoise,ACSL1
cg01714823,turquoise,PPP1R2
cg01714890,turquoise,MTIF3
cg01715901,turquoise,CYTIP
cg01717948,turquoise,SRCAP
cg01718447,turquoise,CRHR2
cg01718711,blue,ERI1
cg01719793,turquoise,ARHGEF19
cg01722343,turquoise,PI4K2B
cg01723606,grey,SH2B2
cg01723710,turquoise,ADIPOR1
cg01723747,turquoise,HN1L
cg01724067,turquoise,GTF2A1
cg01725199,turquoise,GALNT12
cg01726295,grey,
cg01727145,grey,SPEG
cg01727419,grey,SH3PXD2A
cg01730274,blue,CLASP1
cg01733673,turquoise,AP1AR
cg01741372,grey,
cg01743841,grey,CHRNA4
cg01751134,turquoise,LPCAT2
cg01754423,grey,
cg01754525,grey,
cg01755369,blue,ILF3
cg01755467,turquoise,WRN
cg01755539,turquoise,JMJD5
cg01756564,turquoise,ATM
cg01757534,turquoise,BACH2
cg01760090,grey,
cg01760756,grey,ZNF727
cg01763702,turquoise,ZFAND2A
cg01765077,turquoise,WDR66
cg01766368,turquoise,RPRD2
cg01768446,grey,
cg01769037,turquoise,JARID2
cg01769501,turquoise,SDAD1
cg01769980,grey,CCDC125
cg01770109,grey,RPS27A
cg01770333,grey,RAP1GDS1
cg01773685,grey,KLK15
cg01774108,turquoise,IKZF2
cg01777861,grey,
cg01778345,grey,GDAP2
cg01778981,turquoise,POP7
cg01781617,grey,
cg01781963,grey,
cg01783101,grey,
cg01786048,grey,ESPNL
cg01786704,grey,SNRPN
cg01787565,blue,KIF26B
cg01788113,grey,PRSS50
cg01788568,turquoise,DGUOK
cg01788773,grey,
cg01788910,grey,CBS
cg01790646,turquoise,HDAC4
cg01791104,turquoise,PIGV
cg01794405,grey,
cg01795562,turquoise,RAB3GAP2
cg01795955,grey,
cg01796166,blue,
cg01797371,grey,
cg01798251,turquoise,C2orf89
cg01798443,turquoise,RPSA
cg01802180,brown,BTG4
cg01805493,grey,
cg01807202,turquoise,C4orf33
cg01807241,grey,
cg01808030,grey,RIBC2
cg01812337,turquoise,MMP15
cg01813071,turquoise,MMP7
cg01814731,brown,SFRS16
cg01814945,turquoise,HLA-J
cg01815076,grey,SLC35B3
cg01816482,grey,OPA1
cg01816997,turquoise,CDC5L
cg01817714,turquoise,EIF4G1
cg01819759,grey,RNF219
cg01819863,turquoise,EPC1
cg01820262,turquoise,CTNNBL1
cg01821018,grey,TACSTD2
cg01822573,grey,TBKBP1
cg01824410,grey,
cg01829163,grey,SLC7A5
cg01833234,grey,DNHD1
cg01834776,blue,KHNYN
cg01835742,turquoise,CLK1
cg01835766,turquoise,C20orf43
cg01837362,grey,
cg01840591,turquoise,SYT17
cg01842890,grey,HCG18
cg01843524,turquoise,C15orf37
cg01845355,blue,BRD2
cg01847719,grey,CAT
cg01848594,turquoise,CENPN
cg01849085,grey,ZNF727
cg01849212,turquoise,MYOF
cg01849970,turquoise,FCHSD1
cg01850934,turquoise,VTI1B
cg01853638,turquoise,INO80D
cg01854967,grey,
cg01854969,turquoise,FXYD5
cg01856650,turquoise,PDCD6
cg01856849,pink,CBR4
cg01858014,grey,KTN1
cg01858923,blue,MAX
cg01859118,grey,ARHGAP12
cg01859739,grey,ZNF544
cg01860063,turquoise,ST8SIA4
cg01860947,red,
cg01862523,turquoise,FAM135A
cg01863042,grey,
cg01864468,turquoise,
cg01865610,turquoise,LOC552889
cg01867433,turquoise,DMC1
cg01868016,turquoise,BTBD7
cg01868213,turquoise,TUFM
cg01869136,grey,PELI2
cg01869405,turquoise,ANKRD27
cg01870140,turquoise,TMTC4
cg01871920,grey,
cg01872295,blue,BRD2
cg01873391,turquoise,MTDH
cg01873886,grey,BMP4
cg01874084,grey,WIBG
cg01874867,grey,PON1
cg01877524,grey,DSCAML1
cg01878705,turquoise,MIR1539
cg01878788,turquoise,RING1
cg01879488,yellow,CD44
cg01881255,turquoise,SERTAD3
cg01881939,turquoise,ACTG1
cg01883025,blue,DCTPP1
cg01883591,turquoise,TUBD1
cg01887804,turquoise,IVD
cg01888566,grey,MEST
cg01888767,blue,
cg01889448,grey,HLA-DQB1
cg01890726,grey,GLB1L2
cg01891259,grey,
cg01895398,grey,
cg01896926,blue,GLOD4
cg01897594,turquoise,OTX1
cg01897796,turquoise,SLTM
cg01898661,grey,LOC100130015
cg01900836,grey,
cg01901107,grey,ACCN3
cg01903420,grey,
cg01904145,grey,PROK2
cg01906442,turquoise,KIF23
cg01907658,grey,AFF4
cg01908690,turquoise,ZNF646
cg01910231,turquoise,HDGF
cg01910249,turquoise,MYO5A
cg01911237,blue,ST3GAL1
cg01911613,grey,
cg01912586,turquoise,
cg01915642,grey,TASP1
cg01916088,turquoise,FOXP4
cg01916446,grey,FBXO31
cg01921845,brown,AKT1
cg01922485,brown,
cg01922603,grey,CSGALNACT1
cg01926066,turquoise,FANCF
cg01928147,grey,CAB39L
cg01933251,turquoise,STRAP
cg01934787,grey,LRRFIP2
cg01937701,grey,DHRS4
cg01938118,grey,STXBP3
cg01943577,grey,
cg01947066,turquoise,PML
cg01947949,turquoise,FGFRL1
cg01948083,grey,
cg01948202,grey,PARP14
cg01951420,turquoise,IQCB1
cg01951637,green,CBFA2T3
cg01956267,turquoise,ACVR1
cg01956420,grey,COL4A1
cg01957189,turquoise,NEGR1
cg01957971,grey,PPP2R2A
cg01959562,grey,IGFBP7
cg01962183,grey,CLCN7
cg01962727,grey,ANKRD26P1
cg01963221,grey,RAD54L
cg01964685,turquoise,
cg01966091,grey,HAS3
cg01966334,grey,MYO7B
cg01966344,turquoise,DEPDC5
cg01969662,turquoise,TOLLIP
cg01969910,turquoise,GNB4
cg01970638,turquoise,DOK4
cg01971071,blue,DPH2
cg01971667,grey,
cg01975338,grey,VRK1
cg01975461,grey,STK19
cg01978534,grey,APEH
cg01980126,grey,KIAA0240
cg01981108,grey,
cg01981733,grey,
cg01981960,grey,MYL10
cg01982516,grey,
cg01986767,brown,
cg01987515,grey,COPS7B
cg01988340,salmon,LRTOMT
cg01989461,turquoise,GTF2A1
cg01990225,turquoise,LMAN2L
cg01992382,grey,TNXB
cg01993169,grey,
cg01993413,blue,METTL3
cg01993680,turquoise,
cg01993818,grey,NPAS3
cg01994542,turquoise,EIF5
cg01995078,turquoise,MAP4K1
cg01996304,grey,ZNF668
cg01996567,grey,SSPO
cg01997089,turquoise,
cg01997529,turquoise,C19orf22
cg01999229,turquoise,SNRNP70
cg01999539,blue,
cg02000145,grey,BAT1
cg02001200,blue,
cg02001279,grey,ARID3A
cg02002217,grey,
cg02004499,grey,SDK1
cg02004621,grey,KLC4
cg02005549,blue,GSTCD
cg02005600,grey60,HOXA5
cg02006977,pink,SLC35E3
cg02007090,turquoise,TMEM184B
cg02008727,turquoise,KIAA1409
cg02009256,turquoise,GLS2
cg02010894,yellow,CHERP
cg02014690,turquoise,DGCR6
cg02016328,turquoise,RAB18
cg02018277,grey,PIF1
cg02018465,turquoise,MAPK15
cg02018764,grey,
cg02020650,turquoise,RPIA
cg02023345,salmon,TMEM26
cg02025083,turquoise,VEZF1
cg02025680,brown,PGS1
cg02025737,grey,
cg02030816,grey,THAP10
cg02034447,turquoise,SPG7
cg02036430,grey,SSBP2
cg02037518,turquoise,SLC43A1
cg02038168,grey,
cg02039072,grey,LOC731789
cg02040433,turquoise,NDRG4
cg02047577,turquoise,UCKL1AS
cg02048807,grey,AHNAK2
cg02050426,grey,CDH20
cg02051562,grey,APOBEC4
cg02054479,blue,LYRM1
cg02056682,blue,IRX5
cg02057013,grey,ELFN1
cg02057157,turquoise,CNO
cg02060408,turquoise,SETDB1
cg02062326,turquoise,TMED10
cg02062348,grey,ATP6V0A2
cg02062409,grey,
cg02063203,turquoise,DNPEP
cg02065717,grey,SLC30A7
cg02067211,turquoise,LOC100133091
cg02067580,grey,C1orf77
cg02068160,grey,C12orf76
cg02071005,grey,SP9
cg02071276,turquoise,FBXO28
cg02071292,grey,GLIPR1L2
cg02071398,yellow,ITSN1
cg02072376,turquoise,C1orf77
cg02072446,grey,HDAC4
cg02072885,turquoise,LAMP3
cg02074728,turquoise,
cg02075405,turquoise,LTB
cg02076414,turquoise,STIL
cg02076607,grey,C1QTNF8
cg02082720,grey,
cg02083376,grey,EXT2
cg02083539,turquoise,DOC2A
cg02083989,blue,GNS
cg02087101,brown,CBFA2T3
cg02088197,grey,
cg02088292,turquoise,
cg02088470,grey,ADARB2
cg02090547,turquoise,ERN1
cg02090762,grey,FSCN2
cg02091066,turquoise,DST
cg02091185,grey,RANBP17
cg02092589,grey,IGF2R
cg02092880,turquoise,
cg02093918,brown,ATG7
cg02094388,blue,YME1L1
cg02094989,turquoise,
cg02095937,turquoise,TRIM59
cg02096172,grey,
cg02096434,turquoise,CHD9
cg02102533,grey,CCDC102A
cg02104138,grey,
cg02104434,grey,LOC148824
cg02105485,turquoise,CCDC109B
cg02105519,grey,PCDHA7
cg02106306,turquoise,KLF13
cg02106712,grey,
cg02108068,turquoise,
cg02110333,turquoise,NDUFS6
cg02111786,grey,NRXN3
cg02114341,grey,SLC29A3
cg02118635,turquoise,RAD51C
cg02119091,grey,
cg02119577,grey,ETS2
cg02119693,grey,MYO1B
cg02119792,grey,
cg02120714,turquoise,
cg02120739,turquoise,PM20D2
cg02121704,turquoise,CHEK1
cg02121891,grey,BBX
cg02123734,grey,
cg02125316,grey,FGF18
cg02125528,turquoise,GART
cg02125727,lightcyan,NFXL1
cg02126098,turquoise,MAP3K3
cg02126435,pink,RFWD3
cg02126753,turquoise,AEBP1
cg02128139,turquoise,ZBTB9
cg02132003,blue,ANAPC11
cg02132379,grey,SCRN1
cg02133786,grey,BAT3
cg02136620,grey,RUFY1
cg02140159,grey,
cg02144298,turquoise,CEBPA
cg02147032,turquoise,AP1G1
cg02148222,turquoise,ST6GAL1
cg02149189,grey,
cg02150526,blue,PSMD3
cg02150714,grey,ARHGEF10
cg02150927,grey,PRIM2
cg02152233,grey,OPRD1
cg02153584,turquoise,CCDC117
cg02153747,grey,SVIL
cg02154874,turquoise,VEZT
cg02155927,turquoise,
cg02157626,lightgreen,
cg02159489,grey,
cg02161084,turquoise,CD276
cg02162144,grey,
cg02162404,turquoise,
cg02167713,grey,
cg02169098,turquoise,PPPDE2
cg02169125,turquoise,TMEM199
cg02169279,grey,PEBP4
cg02169338,grey,
cg02169857,grey,NCRNA00116
cg02172579,turquoise,ANK1
cg02172616,turquoise,EED
cg02174092,grey,
cg02175309,grey,NUBPL
cg02180766,turquoise,MAVS
cg02182476,grey,LOC100128573
cg02185053,grey,FAM49B
cg02189786,grey,THAP11
cg02190610,turquoise,MYLIP
cg02190746,turquoise,ASB13
cg02191312,turquoise,PTGDR
cg02192555,brown,MSRA
cg02195995,grey,
cg02196694,turquoise,TOX
cg02196730,grey,MTHFS
cg02197634,grey,HLA-DPB1
cg02197918,turquoise,TPP2
cg02200456,blue,SLC22A18AS
cg02201914,grey,
cg02202022,grey,C11orf75
cg02210123,turquoise,RHOJ
cg02210151,grey,FGFR2
cg02212310,turquoise,BAT2
cg02213340,blue,EEF1A1
cg02215070,turquoise,AKR1B1
cg02215960,blue,HEMK1
cg02216295,turquoise,ANKRD11
cg02218809,turquoise,TMEM219
cg02221143,turquoise,ERO1L
cg02221750,grey,ANKLE1
cg02223005,turquoise,TPPP
cg02224314,grey,BCL11B
cg02225143,grey,MANF
cg02225897,turquoise,RTDR1
cg02226688,turquoise,ENOPH1
cg02228635,blue,RPL5
cg02228804,turquoise,HIST1H2AI
cg02231052,turquoise,RPS3
cg02231295,turquoise,RAD9A
cg02236651,grey,LIMD2
cg02239258,grey,
cg02242345,brown,
cg02247823,grey,GMFB
cg02248486,grey60,HOXA5
cg02249577,grey,
cg02250291,grey,
cg02251172,turquoise,PAOX
cg02251859,grey,GPR98
cg02254774,grey,LOC441601
cg02256410,turquoise,TPX2
cg02257681,grey,DDAH2
cg02257714,turquoise,CACNA1H
cg02257953,grey,
cg02261174,brown,HAS1
cg02262786,turquoise,C10orf76
cg02263479,turquoise,NTHL1
cg02263539,turquoise,ST6GAL1
cg02264195,brown,TRAP1
cg02265034,turquoise,FBXW8
cg02267270,grey,MDGA1
cg02267838,turquoise,STIM2
cg02270332,grey,
cg02271560,grey,C2orf63
cg02273436,grey,PDGFRA
cg02274108,red,ATPGD1
cg02276361,grey,REEP3
cg02276823,grey,MMD2
cg02276826,grey,
cg02278912,grey,
cg02278959,grey,ZNF286B
cg02279953,grey,SNORD114-11
cg02281226,turquoise,STX8
cg02282631,grey,
cg02284587,turquoise,CACHD1
cg02286533,grey,BRCA1
cg02286847,turquoise,FKBP10
cg02287093,turquoise,C17orf58
cg02287371,grey,SLC6A18
cg02288001,turquoise,NCRNA00219
cg02288296,turquoise,SNX8
cg02288777,turquoise,PEF1
cg02289287,grey,
cg02290823,blue,TMED1
cg02290978,grey,
cg02291164,grey,
cg02291466,turquoise,CHPF2
cg02292450,grey,CSMD3
cg02293936,turquoise,LOC404266
cg02297879,grey,LRRC27
cg02299195,grey,PTPRJ
cg02299497,grey,
cg02299568,turquoise,TRMT2A
cg02300154,grey,WBSCR17
cg02304092,grey,FLJ44606
cg02304584,grey,
cg02307130,blue,EID2
cg02307953,turquoise,MRPL30
cg02308795,turquoise,CDC42SE2
cg02310882,turquoise,ZFHX3
cg02313554,grey,
cg02314201,grey,
cg02314846,turquoise,ACAA1
cg02315450,grey,YWHAQ
cg02320003,blue,ELOVL7
cg02320083,grey,
cg02321381,turquoise,OXA1L
cg02322621,turquoise,ZBTB9
cg02322843,grey,SLC15A4
cg02324737,turquoise,DYNC1I2
cg02325243,turquoise,PBX4
cg02325679,turquoise,SCAND1
cg02326386,turquoise,MOBKL2A
cg02329767,turquoise,STARD4
cg02331830,grey,PLEC1
cg02331910,grey,S100A13
cg02335554,turquoise,DUSP16
cg02335863,grey,CDC27
cg02337062,turquoise,CCDC71
cg02337349,grey,SLC38A3
cg02337568,blue,SH2B3
cg02340053,turquoise,NBEA
cg02340856,turquoise,SEC61A1
cg02343814,turquoise,KIF18A
cg02346282,grey,BTF3
cg02348116,grey,MBLAC2
cg02351223,turquoise,ARFGAP3
cg02352203,turquoise,RPTOR
cg02354107,red,SCARB2
cg02357389,turquoise,CCDC59
cg02358172,turquoise,STARD5
cg02361370,grey,
cg02362385,turquoise,LPAR2
cg02363277,turquoise,HSD17B1
cg02364793,turquoise,RNF44
cg02365514,grey,MAPK15
cg02367850,grey,
cg02370373,turquoise,TPST2
cg02372421,turquoise,IWS1
cg02375499,turquoise,USP5
cg02376806,grey,LRRC66
cg02376887,grey,
cg02378074,grey,TRMU
cg02379764,turquoise,CLUAP1
cg02380802,grey,
cg02383089,turquoise,ZNRD1
cg02383835,turquoise,TLE2
cg02384682,turquoise,PPIC
cg02385593,grey,
cg02386244,turquoise,PKMYT1
cg02386644,turquoise,ZNF225
cg02389040,grey,
cg02389270,turquoise,CRLF1
cg02389555,turquoise,TRIM27
cg02392688,turquoise,GIT1
cg02394263,turquoise,CPPED1
cg02395441,turquoise,CIC
cg02395768,turquoise,ATP5SL
cg02396009,turquoise,RPUSD4
cg02397720,turquoise,
cg02398191,turquoise,CD151
cg02398342,grey,TBCD
cg02399249,grey,KRT27
cg02399570,blue,CCNL1
cg02400092,grey,ZBTB44
cg02400139,grey,TCERG1
cg02400334,turquoise,CLSTN3
cg02400740,grey,TWIST1
cg02401399,grey,CLIP3
cg02401454,grey,HBQ1
cg02401614,grey,
cg02403292,grey,SLIT3
cg02404636,turquoise,SFI1
cg02407415,grey,PRR25
cg02408697,grey,ADARB2
cg02415057,grey,GLIPR1L2
cg02422426,grey,ODZ3
cg02423659,grey,GAK
cg02424630,grey,TAOK3
cg02425140,grey,C17orf97
cg02428652,grey,NARF
cg02428792,grey,
cg02429622,turquoise,SVIL
cg02430347,turquoise,PCDHGA4
cg02433406,grey,RPAP3
cg02439789,grey,SAMD11
cg02440537,turquoise,H2AFV
cg02440668,grey,
cg02444433,grey,PRDM9
cg02445356,grey,APPBP2
cg02445664,turquoise,B4GALNT2
cg02446006,turquoise,PYGB
cg02446378,turquoise,ZNF17
cg02446871,blue,EPB41
cg02447462,grey,CFD
cg02452435,grey,COG1
cg02452966,grey,RYR1
cg02454501,turquoise,LMO1
cg02455571,grey,NOS1AP
cg02455615,blue,CSTF3
cg02457623,blue,ATP2B4
cg02457680,grey,TDRD10
cg02458065,grey,ZNF841
cg02461391,turquoise,CDYL2
cg02462879,grey,
cg02463440,grey,PIWIL2
cg02464979,tan,
cg02466830,grey,
cg02467054,turquoise,FAM100A
cg02468050,turquoise,GRID2
cg02468728,grey,HCN2
cg02470697,grey,GTF2A1L
cg02470736,turquoise,C12orf62
cg02472291,grey,C8orf45
cg02473715,turquoise,PSMB6
cg02475131,turquoise,LSM5
cg02477175,turquoise,PRMT7
cg02477380,turquoise,UBE3C
cg02478409,grey,ITPR3
cg02479773,turquoise,LRRC14
cg02480104,grey,C20orf132
cg02484708,turquoise,YPEL2
cg02486253,grey,RNF126P1
cg02486855,grey,SMAD3
cg02487331,grey,
cg02487667,grey,MKS1
cg02489143,grey,
cg02490460,grey,
cg02490942,brown,ATP11A
cg02491398,grey,
cg02491457,brown,
cg02497785,grey,ABCA13
cg02499249,turquoise,RARB
cg02501334,blue,PRKAR1A
cg02503395,turquoise,C8orf73
cg02503501,turquoise,ZNF438
cg02503763,turquoise,MGLL
cg02504465,turquoise,SNX3
cg02505871,turquoise,FAM110B
cg02506867,turquoise,NFATC3
cg02509204,grey,PIGT
cg02510267,turquoise,NELL1
cg02510299,blue,MTBP
cg02510453,turquoise,RPS3A
cg02511156,grey,LOC283392
cg02512202,grey,LOC652276
cg02512505,turquoise,MT1E
cg02513556,grey,
cg02513874,grey,RNF19A
cg02514021,turquoise,FLJ43663
cg02515730,turquoise,CSNK2A2
cg02516257,turquoise,GMCL1
cg02522311,grey,C6orf48
cg02522760,grey,FGF8
cg02523270,grey,
cg02524205,grey,
cg02524346,grey,
cg02525722,grey,
cg02525995,grey,
cg02527881,grey,PTH1R
cg02527886,grey,CARD11
cg02528979,yellow,SEC31A
cg02530824,grey,PF4
cg02531479,turquoise,IRX2
cg02532014,turquoise,UBE2QP1
cg02532037,grey,DIXDC1
cg02532518,grey,
cg02534163,grey,ENPP2
cg02535060,grey,LRRC27
cg02537221,turquoise,NHEJ1
cg02537960,turquoise,
cg02538825,turquoise,EIF3B
cg02539829,grey,PGAP1
cg02540338,grey,
cg02547025,blue,LBH
cg02553302,grey,TNXB
cg02553987,yellow,BCAS3
cg02558474,turquoise,C6orf114
cg02558537,turquoise,CWF19L2
cg02561205,turquoise,KAT5
cg02561726,turquoise,DUSP19
cg02561733,green,LAMB1
cg02566259,grey,
cg02567119,blue,TLX1
cg02568806,grey,HS3ST3A1
cg02569458,grey,RASSF9
cg02573091,grey,
cg02573825,grey,ZNF350
cg02574073,grey,LOC404266
cg02574526,turquoise,GATA2
cg02574844,grey,
cg02577651,blue,PARP3
cg02579469,brown,
cg02580895,grey,
cg02581614,tan,
cg02582136,turquoise,AKAP9
cg02582194,grey,
cg02582203,turquoise,
cg02582520,grey,GRIN3B
cg02583091,grey,SLC39A4
cg02584969,turquoise,TNK2
cg02586637,turquoise,COQ10B
cg02592214,grey,IWS1
cg02593352,turquoise,TRIM27
cg02594410,turquoise,
cg02594498,blue,CYFIP1
cg02598341,blue,KLF13
cg02599361,grey,ADAMTS2
cg02599498,grey,
cg02603192,turquoise,ZNF337
cg02604407,turquoise,SRI
cg02607605,turquoise,MGC23284
cg02610813,grey,
cg02612650,grey,
cg02614129,turquoise,H2AFY
cg02616947,grey,KAZALD1
cg02616966,grey,MCCC1
cg02617132,turquoise,ANKRD9
cg02617655,turquoise,UNC13A
cg02622866,turquoise,ATF2
cg02625745,blue,CEBPZ
cg02626129,grey,C13orf33
cg02628508,turquoise,ZNF498
cg02628801,blue,S1PR1
cg02630349,grey,AGRN
cg02631126,grey,ZSCAN12L1
cg02631153,grey,WDR8
cg02632314,turquoise,ELF1
cg02633599,turquoise,B3GNT2
cg02633690,grey,B3GALNT2
cg02633838,turquoise,MRPS5
cg02635567,turquoise,DENND4A
cg02635786,grey,TDRD1
cg02636704,turquoise,DPM1
cg02636798,turquoise,RNASEH2A
cg02637241,turquoise,CHMP6
cg02637593,grey,TP63
cg02637781,turquoise,EIF3B
cg02637948,turquoise,DIAPH1
cg02639808,turquoise,CCNI
cg02644052,turquoise,
cg02644301,turquoise,TECR
cg02645710,grey,TSPAN19
cg02649279,turquoise,
cg02652202,grey,GNB5
cg02652768,turquoise,DDAH2
cg02654923,brown,
cg02655397,grey,
cg02655623,grey,C17orf85
cg02656169,grey,ANAPC5
cg02656441,blue,ING1
cg02656741,turquoise,SDHC
cg02657760,grey,PNKD
cg02658739,turquoise,TNPO1
cg02659117,turquoise,KIAA0232
cg02659673,turquoise,LOC100133612
cg02660823,turquoise,PRKCG
cg02662417,grey,ARID1B
cg02663258,turquoise,
cg02664812,grey,
cg02666070,grey,
cg02666184,turquoise,ETFB
cg02666610,grey,
cg02667667,turquoise,DKFZP434H168
cg02668984,yellow,PDK2
cg02669807,turquoise,SFPQ
cg02671646,turquoise,PEAR1
cg02671751,turquoise,WAPAL
cg02672232,grey,XPR1
cg02673002,grey,RNF169
cg02674305,turquoise,PHF20
cg02675010,turquoise,YPEL5
cg02675527,grey,PAX8
cg02675646,grey,SPTBN4
cg02676175,grey,KCTD11
cg02678768,grey,EVPL
cg02680629,turquoise,FBXO38
cg02682457,turquoise,SYNE1
cg02684056,turquoise,DEPDC1B
cg02687055,grey,MFSD2B
cg02687418,grey,
cg02689072,grey,CPLX1
cg02689951,turquoise,KIAA0226
cg02691506,grey,C3orf32
cg02691685,turquoise,SUV420H2
cg02691819,turquoise,MAGI1
cg02692313,grey,HLA-DPB1
cg02692441,turquoise,FOXP1
cg02693289,brown,MARCH10
cg02694990,grey,STK17B
cg02696685,grey,HCN2
cg02697649,grey,FZD7
cg02698580,grey,RGR
cg02698900,grey,
cg02700824,turquoise,SLC26A2
cg02700894,grey,SYN2
cg02704345,turquoise,PAK4
cg02704946,grey,KIAA0753
cg02705666,turquoise,GTF2B
cg02705800,turquoise,FAM174B
cg02705895,turquoise,MRFAP1
cg02707176,grey,PCDHGA4
cg02707464,grey,C7orf42
cg02707638,turquoise,MKI67
cg02709834,grey,CRYZ
cg02710296,grey,C1orf14
cg02711397,grey,RINL
cg02711476,blue,CRTC2
cg02711652,grey,AXIN2
cg02712075,turquoise,LOC404266
cg02712183,turquoise,RASGEF1B
cg02712555,turquoise,CYP24A1
cg02712854,grey,TMBIM6
cg02714882,turquoise,MMP17
cg02715246,turquoise,NKTR
cg02715797,grey,RPUSD1
cg02716173,turquoise,PDLIM5
cg02717618,turquoise,SETBP1
cg02718654,black,SPTBN4
cg02720683,turquoise,BAT5
cg02724435,turquoise,TBC1D5
cg02726930,grey,
cg02728595,turquoise,
cg02728748,yellow,MSL2
cg02733266,turquoise,GSTO1
cg02734259,grey,
cg02734326,blue,SLC2A9
cg02735058,grey,
cg02735423,grey,HLA-DRB5
cg02736288,grey,
cg02737384,grey,RASSF4
cg02737782,grey,
cg02741305,grey,CCDC152
cg02743029,turquoise,SERTAD4
cg02746842,grey,
cg02749984,grey,
cg02750262,grey,ZADH2
cg02750935,blue,PRELID2
cg02752958,brown,ZP3
cg02754929,grey,
cg02758599,turquoise,C3orf21
cg02758706,grey,
cg02758899,turquoise,SLC41A3
cg02759489,blue,PDGFRA
cg02761523,turquoise,NFIX
cg02761960,grey,CTDP1
cg02762393,turquoise,WDR59
cg02763536,grey,WNK4
cg02765225,grey,SERF2
cg02767296,turquoise,RELB
cg02769477,grey,
cg02770061,grey,PTPRN2
cg02771260,grey,MS4A3
cg02772682,turquoise,SNAPC2
cg02772935,grey,
cg02774542,grey,RGL3
cg02775223,grey,DUXA
cg02776035,turquoise,
cg02776119,grey,MKLN1
cg02776658,grey,MAG
cg02779075,turquoise,
cg02779467,turquoise,PRPSAP2
cg02779667,turquoise,C19orf51
cg02782889,turquoise,IGF2BP1
cg02784823,grey,LMTK3
cg02785814,grey,
cg02788419,turquoise,LINS1
cg02792140,yellow,FZR1
cg02793262,grey,RNF213
cg02795678,grey,SUV39H2
cg02796420,grey,EIF5B
cg02796773,black,PTPN13
cg02797871,grey,COL20A1
cg02800334,grey,ANXA13
cg02800362,grey,HNRNPAB
cg02801598,turquoise,PDP2
cg02802309,turquoise,
cg02802871,turquoise,GINS1
cg02802904,turquoise,MGMT
cg02806645,grey,PRR23A
cg02806927,lightcyan,RIF1
cg02808338,turquoise,INO80C
cg02811067,grey,EEPD1
cg02811312,turquoise,WDR4
cg02815282,blue,LOC100130987
cg02815900,turquoise,ORAI3
cg02818811,turquoise,GLIPR1L1
cg02824202,grey,
cg02824295,turquoise,TBC1D17
cg02825052,turquoise,PICALM
cg02825653,turquoise,ZBTB4
cg02827371,turquoise,CCDC7
cg02829845,grey,
cg02831260,grey,
cg02835561,grey,CNN3
cg02836531,yellow,USP33
cg02837212,turquoise,ETFB
cg02838608,turquoise,ZNF652
cg02838762,turquoise,HNRNPU
cg02840535,brown,GTF3C1
cg02841571,grey,WDR27
cg02842197,grey,DERL2
cg02842227,grey,NCAM2
cg02844852,grey,
cg02845274,grey,ABCA13
cg02846841,grey,
cg02847098,grey,WDR77
cg02847425,grey,UPK3B
cg02847589,blue,ZBTB40
cg02848750,grey,
cg02848777,turquoise,TLL2
cg02848875,grey,SNX1
cg02849750,grey,BRAP
cg02850933,turquoise,
cg02850941,turquoise,SPATA2L
cg02856953,grey,TDRD10
cg02859644,turquoise,ACBD5
cg02860240,grey,LRRC34
cg02865447,turquoise,UBE2J1
cg02869559,grey,RUNX1
cg02870584,turquoise,DKFZp761E198
cg02872426,grey,DDO
cg02872767,grey,PLK5P
cg02873525,grey,
cg02873700,turquoise,RPL36AL
cg02873868,turquoise,DLL3
cg02873954,grey,PDXK
cg02876237,turquoise,ZNF614
cg02877808,turquoise,MIF
cg02879661,turquoise,PABPC1
cg02883842,turquoise,PSMD7
cg02886208,grey,SPON1
cg02887499,turquoise,HIST1H2BD
cg02888513,grey,
cg02888906,blue,RAB39
cg02890368,grey,GNAS
cg02890642,grey,
cg02891314,grey,GFPT2
cg02891332,turquoise,TWSG1
cg02895278,grey,PPP2R2A
cg02895995,yellow,PEX11G
cg02896355,turquoise,ZNF226
cg02896835,grey,
cg02897359,turquoise,HSPA1A
cg02901122,turquoise,RPRD1A
cg02901790,brown,TOP1MT
cg02902124,grey,SNRNP27
cg02902672,grey,HLA-DQB1
cg02907176,turquoise,FGFR1OP
cg02909711,grey,LRRC36
cg02910553,turquoise,CCDC92
cg02916312,turquoise,RIMS1
cg02916332,grey60,HOXA5
cg02917596,turquoise,DAGLA
cg02919082,grey,HLA-DQA1
cg02919257,turquoise,CCDC77
cg02919936,turquoise,PRDM14
cg02923571,turquoise,PWP1
cg02924619,turquoise,HSPA2
cg02924961,turquoise,HIST1H2BC
cg02925840,turquoise,STX6
cg02928664,grey,CDC42EP5
cg02930242,turquoise,FGFRL1
cg02931604,grey,DPPA5
cg02934834,grey,TSPYL4
cg02937671,grey,ZFYVE28
cg02937776,turquoise,COX16
cg02937966,turquoise,
cg02938172,grey,RPH3AL
cg02938429,cyan,RHOB
cg02939078,grey,TCFL5
cg02939508,turquoise,RNASE4
cg02939598,grey,
cg02941219,turquoise,NUDT21
cg02943720,turquoise,ATN1
cg02944007,grey,TSPAN10
cg02945007,turquoise,SCOC
cg02945294,grey,SRR
cg02947021,turquoise,C14orf43
cg02949296,grey,ZAN
cg02949340,blue,KAZALD1
cg02949469,turquoise,PNKD
cg02949992,turquoise,CDCA4
cg02951558,turquoise,FAM71E1
cg02951568,turquoise,
cg02952686,blue,LRRC28
cg02952711,turquoise,LRRC27
cg02953125,grey,SNTG2
cg02953382,turquoise,LOC391322
cg02955077,turquoise,RPAP2
cg02956248,grey,PPT2
cg02957632,grey,C6orf10
cg02959285,turquoise,HIST1H2AE
cg02959988,grey,
cg02960488,grey,
cg02961575,magenta,TBCCD1
cg02961798,grey,RLTPR
cg02962380,turquoise,MAF
cg02963119,grey,DECR2
cg02964065,grey,HLA-DQB2
cg02964172,grey,GCNT2
cg02964324,grey,HECW1
cg02964356,grey,SPATS2
cg02965870,turquoise,NEDD4
cg02968116,turquoise,
cg02968429,turquoise,NR2F2
cg02968854,turquoise,NOD1
cg02968883,brown,RAPGEF2
cg02969452,blue,PNN
cg02970077,grey,EIF5A
cg02972257,turquoise,
cg02972334,turquoise,CYP51A1
cg02972356,turquoise,CREM
cg02973270,turquoise,AGPAT1
cg02976405,turquoise,C7orf10
cg02979010,grey,TBC1D15
cg02979741,turquoise,MAVS
cg02980823,turquoise,C14orf118
cg02981003,grey,GPR123
cg02984614,turquoise,ACCN1
cg02987705,turquoise,ELOVL6
cg02988312,grey,KIAA1530
cg02989645,brown,
cg02989768,turquoise,RGL2
cg02991085,grey,NCRNA00028
cg02992881,turquoise,DLEU2
cg02993630,turquoise,MIR760
cg02995877,grey,TRAPPC9
cg02996006,turquoise,KCTD13
cg02996639,pink,UGP2
cg02997574,turquoise,NFE2L1
cg02999463,yellow,BRF2
cg03000603,grey,DHX34
cg03000989,grey,PLEKHA7
cg03001875,turquoise,TARBP1
cg03003216,grey,CCHCR1
cg03003335,grey,ACAP3
cg03006225,turquoise,PLEKHM2
cg03011535,grey,TOX2
cg03012280,grey,ZFYVE19
cg03013917,grey,
cg03014495,grey,COG3
cg03015433,turquoise,MT3
cg03017104,blue,
cg03017653,turquoise,TTC13
cg03018678,grey,
cg03021120,turquoise,BRD7
cg03021329,turquoise,ITGB5
cg03023068,grey,SLC30A3
cg03024660,grey,COTL1
cg03025986,grey,TSSC1
cg03026373,grey,SRCIN1
cg03026420,grey,SORD
cg03028106,pink,CBX6
cg03029145,turquoise,SMAD2
cg03030317,grey,HCG27
cg03030717,turquoise,
cg03031660,blue,MRPS7
cg03032098,grey,TUSC3
cg03032456,grey,
cg03037033,turquoise,KDM3A
cg03037150,turquoise,HOXC8
cg03038835,grey,
cg03039025,turquoise,AP3S2
cg03040522,turquoise,ADAR
cg03041027,turquoise,BRI3BP
cg03042692,grey,
cg03043804,grey,TCL1B
cg03044149,turquoise,GUK1
cg03046560,turquoise,
cg03047098,pink,AP1G1
cg03047688,grey,ZNF828
cg03049243,blue,PRPF31
cg03050687,turquoise,ADAL
cg03050907,turquoise,SNHG3-RCC1
cg03051777,turquoise,
cg03052970,turquoise,CACNG4
cg03054277,grey,OBSCN
cg03054303,turquoise,IFT140
cg03054600,turquoise,KIAA1012
cg03054684,grey,MOBP
cg03056811,grey,
cg03058232,grey,
cg03059048,turquoise,MAT2B
cg03059112,grey,FKBP11
cg03059131,turquoise,FOXB1
cg03060201,turquoise,ZNF568
cg03060546,turquoise,APEH
cg03060590,grey,
cg03061122,turquoise,RUNDC3A
cg03061811,turquoise,DKKL1
cg03062252,grey,MDGA1
cg03064080,turquoise,ZNF333
cg03064832,grey,POFUT1
cg03065625,turquoise,LRP4
cg03067660,turquoise,KLC4
cg03070236,grey,ADCY9
cg03070473,turquoise,OGFR
cg03070533,turquoise,HMGXB4
cg03074424,turquoise,NUP35
cg03075561,turquoise,FAM126B
cg03075709,turquoise,
cg03076324,turquoise,DNAJC1
cg03077969,grey,NFKBIL1
cg03078006,grey,TMPRSS6
cg03080820,turquoise,ZNF333
cg03081173,grey,HCG27
cg03083542,turquoise,NUP98
cg03086067,grey,SH2D4B
cg03088475,turquoise,ZNF251
cg03090351,turquoise,DOT1L
cg03093033,greenyellow,VPS4B
cg03094226,grey,C11orf80
cg03094935,turquoise,DEDD2
cg03095364,grey,
cg03095533,turquoise,HPN
cg03096830,turquoise,HSPA1L
cg03098515,turquoise,BAT3
cg03102494,grey,
cg03102879,grey,SCNN1B
cg03105770,turquoise,CCDC90B
cg03108263,grey,GTPBP2
cg03108419,brown,C19orf25
cg03111951,turquoise,QSOX1
cg03112087,grey,RNF150
cg03112680,grey,RASAL2
cg03114585,turquoise,HSPC157
cg03115019,grey,FN3K
cg03116837,grey,
cg03117949,turquoise,USP16
cg03117976,grey,FAM38B
cg03118604,grey,
cg03120717,greenyellow,C11orf61
cg03123773,turquoise,RPL41
cg03124146,grey,
cg03124214,grey,PARN
cg03124680,greenyellow,NAP1L4
cg03126043,turquoise,ELK4
cg03126946,grey,NRIP2
cg03127310,grey,
cg03128011,grey,
cg03130627,turquoise,EZR
cg03131272,turquoise,PGBD2
cg03132911,turquoise,IQGAP2
cg03140412,turquoise,SIGIRR
cg03142458,turquoise,
cg03142697,grey,RUNX1
cg03144619,grey,GALNT2
cg03146154,turquoise,IPP
cg03146993,turquoise,LHX1
cg03147452,turquoise,SETD8
cg03149565,grey,LOC641518
cg03150474,blue,C6orf52
cg03151651,turquoise,FLOT1
cg03151810,grey,
cg03153062,turquoise,
cg03153608,turquoise,RPS6KA4
cg03156396,grey,MSLN
cg03158666,turquoise,
cg03160526,grey,B3GNTL1
cg03161606,grey,
cg03162686,grey,ANKRD11
cg03163982,grey,
cg03164238,grey,CACNG6
cg03165014,grey,ITGBL1
cg03165859,turquoise,LSG1
cg03166323,turquoise,SEPHS2
cg03167954,grey,GAS2L1
cg03168497,grey,MYCBPAP
cg03171646,turquoise,HSF2
cg03176411,turquoise,
cg03176453,turquoise,PRR3
cg03176729,grey,HTRA1
cg03177231,grey,TBKBP1
cg03177593,grey,FNDC3B
cg03178232,grey,LMF1
cg03178820,turquoise,OSGEPL1
cg03179435,grey,FRMD4A
cg03181300,grey,
cg03182029,turquoise,COBLL1
cg03183872,blue,FASTKD5
cg03184037,turquoise,WRN
cg03185022,turquoise,GNA12
cg03185704,grey,LRRC61
cg03188948,grey,
cg03191045,turquoise,
cg03192598,grey,
cg03196689,turquoise,C11orf67
cg03198009,lightgreen,
cg03198010,grey,
cg03198275,turquoise,CHCHD6
cg03199926,grey,OSBPL2
cg03201044,turquoise,TFAP2C
cg03201262,brown,CPN1
cg03204825,grey,TPRXL
cg03204906,turquoise,BRD8
cg03205007,grey,SMEK2
cg03205258,grey,TXNRD2
cg03208830,turquoise,PPP1R13L
cg03209166,turquoise,PRH1
cg03210180,turquoise,C16orf45
cg03212129,turquoise,PDCD2L
cg03212272,turquoise,
cg03213289,grey,
cg03213374,turquoise,
cg03214005,brown,
cg03214277,turquoise,SLC25A23
cg03214297,blue,PICK1
cg03215005,turquoise,MX1
cg03216635,grey,PLD5
cg03219922,grey,
cg03221366,grey,
cg03225817,turquoise,GRIA4
cg03226218,yellow,PTGES3
cg03226526,grey,FAM20C
cg03226844,grey,RPH3AL
cg03229061,grey,HLA-DPB1
cg03234437,turquoise,GNL1
cg03235083,turquoise,HEXB
cg03237356,turquoise,NEIL3
cg03238595,blue,ZNF224
cg03239514,greenyellow,MCM8
cg03239552,turquoise,HOXC13
cg03240511,grey,
cg03242265,grey,
cg03242360,black,VASP
cg03242819,grey,DOCK1
cg03243432,turquoise,NDUFB7
cg03243497,turquoise,BAT3
cg03244494,grey,CRYL1
cg03245748,turquoise,IMP4
cg03246273,turquoise,MED13
cg03248767,grey,DHRS7C
cg03249985,turquoise,WDR62
cg03250220,grey,NCRNA00116
cg03251054,turquoise,ATMIN
cg03251655,grey,SLFN12
cg03252340,turquoise,HNRNPD
cg03252536,blue,AATF
cg03254875,turquoise,ZMYND11
cg03255741,turquoise,SMAD4
cg03255942,grey,SRRM1
cg03256090,grey,
cg03257200,turquoise,CLN5
cg03257341,turquoise,WNT1
cg03259494,blue,PHOSPHO1
cg03261004,turquoise,LOC100289341
cg03263514,turquoise,GP1BB
cg03264133,grey,
cg03264156,grey,WHSC1
cg03264670,yellow,XBP1
cg03265892,blue,VTA1
cg03266380,turquoise,ENTPD4
cg03269060,grey,RARRES1
cg03269218,grey,
cg03271093,grey,
cg03271651,grey,POGZ
cg03274391,grey,
cg03274739,tan,
cg03275067,grey,MIR548G
cg03277550,grey,AFG3L1
cg03282336,turquoise,ARL5B
cg03283048,blue,FLYWCH2
cg03286202,turquoise,RNF121
cg03286899,turquoise,SFRS3
cg03287299,grey,LOC149837
cg03288922,grey,
cg03291960,turquoise,FAM126A
cg03292213,grey,PLD6
cg03293206,grey,ANKRD26P1
cg03294458,grey,WNK4
cg03294547,grey,TMEM87A
cg03295096,turquoise,ITGA6
cg03297163,grey,
cg03297569,blue,RAB30
cg03298319,turquoise,
cg03299479,grey,
cg03299782,grey,TTC15
cg03299990,grey,
cg03300581,turquoise,CNR1
cg03301582,grey,PON3
cg03301945,turquoise,ILF3
cg03303757,grey,SRM
cg03304380,grey,DLC1
cg03307092,turquoise,ZNF252
cg03307401,yellow,KLK13
cg03309180,grey,PRICKLE1
cg03311064,turquoise,ANKHD1
cg03312059,grey,MAML2
cg03312856,grey,TAF1C
cg03314029,grey,ZNF469
cg03314166,turquoise,INO80C
cg03315007,turquoise,C1orf86
cg03315407,turquoise,ANKH
cg03315484,turquoise,KDM3B
cg03318121,blue,HACL1
cg03320492,turquoise,C1orf228
cg03322334,turquoise,WBSCR27
cg03322619,turquoise,LOC100302652
cg03323092,turquoise,IFT52
cg03324837,blue,
cg03326059,grey,FAR1
cg03326215,grey,MYT1L
cg03326335,grey,SORCS2
cg03327164,turquoise,MIR760
cg03327386,blue,RAB12
cg03327615,turquoise,C3orf58
cg03329576,turquoise,
cg03329597,grey,MYH15
cg03331258,grey,KIF2C
cg03333149,grey,
cg03335125,grey,CCDC17
cg03336167,grey,SLC22A18
cg03337277,grey,SCAND2
cg03337507,blue,COL13A1
cg03338209,grey,CARD10
cg03338380,turquoise,PSEN2
cg03341469,grey,YIPF1
cg03342084,turquoise,ALKBH3
cg03342130,blue,
cg03343083,grey,LEPREL1
cg03343571,grey,RNF39
cg03345454,grey,FZD7
cg03346523,grey,QSER1
cg03346802,turquoise,CSNK2A1
cg03348149,turquoise,C1orf112
cg03348901,turquoise,AGPAT6
cg03349950,grey,
cg03351412,turquoise,PMVK
cg03355298,turquoise,B2M
cg03357180,turquoise,IGFBP7
cg03357803,grey,OCA2
cg03359731,blue,OCIAD1
cg03359964,turquoise,
cg03361575,turquoise,MALT1
cg03361665,turquoise,WIZ
cg03363289,grey,LHX6
cg03363478,grey,
cg03363567,turquoise,DHX40
cg03365278,turquoise,FAM111A
cg03366858,grey,LRP8
cg03366925,blue,GLI3
cg03369477,grey,ASAM
cg03372365,turquoise,RNGTT
cg03376183,turquoise,MAP3K3
cg03379477,grey,RPH3AL
cg03381515,grey,LAPTM4A
cg03382370,grey,LOC146336
cg03383873,turquoise,RUFY2
cg03384545,turquoise,STAT5B
cg03384979,turquoise,GJA3
cg03384992,turquoise,OSBPL1A
cg03385233,turquoise,PDIA5
cg03387311,brown,PLD6
cg03390569,blue,LOC100302652
cg03392046,turquoise,CCDC75
cg03392386,grey,IGSF9B
cg03392673,blue,OLFML2B
cg03393996,grey,
cg03394150,turquoise,GSG1L
cg03396347,grey,
cg03399598,yellow,GALNT7
cg03400443,grey,
cg03402001,turquoise,ZNF598
cg03405315,grey,STK33
cg03410815,turquoise,WRN
cg03414321,turquoise,HCK
cg03414471,brown,VGLL4
cg03416888,turquoise,PSMA7
cg03417191,turquoise,MAP6D1
cg03418154,turquoise,APH1B
cg03419278,blue,SMAGP
cg03420356,turquoise,LOC730101
cg03420670,turquoise,DDI2
cg03423038,turquoise,NLE1
cg03423112,grey,CTSF
cg03424772,grey,ACVR1C
cg03429968,grey,EPB41
cg03431741,blue,FOXP4
cg03431989,grey,YPEL2
cg03433033,grey,ACADM
cg03434432,turquoise,PPT2
cg03435608,blue,CHMP2B
cg03435735,grey,SMYD3
cg03436149,grey,STIP1
cg03436453,turquoise,WASF2
cg03436530,turquoise,GLCCI1
cg03437748,grey,IGF1R
cg03438692,turquoise,SNORD27
cg03441227,turquoise,PHTF1
cg03442350,lightcyan,
cg03443112,grey,
cg03445587,grey,LEKR1
cg03446079,grey,FZD2
cg03446203,turquoise,C6orf48
cg03447435,turquoise,PCDHGA2
cg03447554,grey,
cg03448241,brown,FAM55C
cg03449387,blue,ABCC5
cg03449857,lightgreen,
cg03450049,turquoise,SBF1
cg03451212,turquoise,SLCO5A1
cg03451296,turquoise,CRIP2
cg03453431,grey,
cg03454353,grey,ZFP37
cg03455316,grey,
cg03456771,grey,
cg03456872,grey,ZNRF3
cg03461641,grey,
cg03464336,black,UBE3A
cg03464685,grey,EI24
cg03465782,grey,ENTPD5
cg03467027,grey,C4orf37
cg03468382,turquoise,KIF11
cg03468945,blue,OAT
cg03469521,grey,CA7
cg03469608,turquoise,SLC25A11
cg03469862,grey,
cg03470736,turquoise,C1orf66
cg03470939,brown,CAPZB
cg03471705,turquoise,GTF2A1
cg03474133,turquoise,CCNI
cg03475420,turquoise,RTN4R
cg03475660,turquoise,TMEM231
cg03475776,grey,HDAC4
cg03477008,grey,CPPED1
cg03477476,turquoise,RPS19
cg03482087,blue,MFSD8
cg03485262,turquoise,RIN3
cg03485608,grey,NXPH2
cg03486485,blue,
cg03486540,turquoise,ZNF224
cg03486986,grey,
cg03487200,grey,RBBP6
cg03490460,brown,RASA3
cg03490711,turquoise,BCL6
cg03492495,grey,FIG4
cg03493639,black,MTMR2
cg03494429,grey,
cg03494648,turquoise,C11orf21
cg03496359,grey,TBCD
cg03496709,grey,LOC387647
cg03498886,grey,TMEM151B
cg03499943,grey,LHPP
cg03500911,turquoise,SMAD4
cg03500965,turquoise,SCML4
cg03501539,grey,
cg03503796,turquoise,ATXN7
cg03505583,turquoise,BCL6
cg03506045,turquoise,CNO
cg03508928,turquoise,KIF9
cg03511311,blue,CUTA
cg03511806,turquoise,MAST4
cg03512355,blue,RNF34
cg03513606,grey,
cg03517024,grey,TRAF7
cg03517284,grey,
cg03519711,turquoise,CYR61
cg03523193,turquoise,CAPZA1
cg03523363,turquoise,SPATA2
cg03528137,grey,
cg03530437,grey,NPHP4
cg03532510,turquoise,CNIH4
cg03535985,grey,SNX29
cg03536466,grey,ANKS3
cg03537301,turquoise,MIER3
cg03539039,turquoise,EHD4
cg03539765,grey,LOC144571
cg03540622,grey,ZBTB47
cg03544320,grey,CRMP1
cg03547245,turquoise,MSI2
cg03547487,turquoise,CBX3
cg03548062,brown,
cg03550075,grey,SFRS8
cg03552317,grey,
cg03552658,turquoise,CHMP2A
cg03553914,grey,BRSK2
cg03554196,grey,
cg03555012,grey,
cg03555424,turquoise,APEH
cg03556393,turquoise,HOXC10
cg03558120,grey,
cg03559815,turquoise,CEP164
cg03562565,turquoise,PLXDC2
cg03563329,turquoise,IQCB1
cg03565189,grey,ANO1
cg03565777,grey,
cg03565782,green,IER5
cg03568042,grey,LDB3
cg03569616,turquoise,ATM
cg03570035,grey,ZNF486
cg03570858,grey,MIR636
cg03571129,turquoise,ZC3H6
cg03575163,turquoise,C10orf26
cg03578013,grey,LOC152024
cg03578331,turquoise,RBMS1
cg03578822,grey,WDR1
cg03578886,turquoise,PDP1
cg03579179,grey,VWDE
cg03582157,turquoise,
cg03582419,grey,
cg03582793,grey,ZBTB38
cg03584288,blue,ZNF829
cg03585454,turquoise,SAFB2
cg03585549,turquoise,PLCL2
cg03590420,grey,OPCML
cg03591419,grey,SOCS4
cg03592940,turquoise,DGUOK
cg03595199,grey,IDO2
cg03595538,turquoise,TMEM146
cg03595792,grey,PGM2L1
cg03597143,turquoise,LRRC41
cg03597347,grey,ZSCAN12L1
cg03601372,grey,
cg03603035,grey,
cg03603062,grey,PDK4
cg03603977,salmon,DLGAP3
cg03604073,grey,GRLF1
cg03604322,grey,SLC5A1
cg03604840,turquoise,EIF4E3
cg03605037,turquoise,GPR108
cg03605463,grey,
cg03605784,turquoise,SNRNP40
cg03606898,grey,
cg03607054,grey,C2orf44
cg03607220,grey,HLA-DRB6
cg03607813,grey,
cg03607825,turquoise,HCFC1R1
cg03609493,turquoise,MIR572
cg03611452,grey,ZNF781
cg03611598,grey,MYCBPAP
cg03613822,grey,DLG4
cg03616189,turquoise,
cg03618257,turquoise,COX15
cg03618937,turquoise,FAM189B
cg03619568,grey,
cg03621881,green,BRUNOL6
cg03621988,blue,SIDT1
cg03623401,grey,
cg03623568,grey,A2BP1
cg03628897,blue,C21orf33
cg03629458,turquoise,C3orf75
cg03631331,turquoise,C11orf9
cg03631596,blue,C13orf37
cg03632357,grey,PWWP2A
cg03635442,grey,
cg03636880,grey,HLA-DPB1
cg03639396,grey,DCUN1D2
cg03641439,turquoise,C5orf15
cg03642635,grey,IGSF9B
cg03644281,grey,NFYA
cg03646291,grey,
cg03648679,turquoise,ANKRD11
cg03648908,grey,ITPR1
cg03649288,grey,LOC646405
cg03649649,turquoise,
cg03650154,blue,ZNF480
cg03650397,turquoise,EZR
cg03651054,grey,
cg03651199,grey,SKI
cg03651613,grey,TMEM120B
cg03652890,turquoise,GATSL3
cg03653399,grey,SLC45A4
cg03654560,grey,
cg03655662,turquoise,TMEM183A
cg03656137,grey,C3orf26
cg03656968,turquoise,RDH13
cg03657314,salmon,MGC23284
cg03658009,turquoise,C20orf26
cg03658282,blue,BAT2
cg03658716,grey,CD3EAP
cg03662843,turquoise,TSPAN33
cg03663746,turquoise,C7orf13
cg03664802,turquoise,EPC2
cg03664916,grey,
cg03667862,turquoise,
cg03668495,turquoise,SPRYD3
cg03669949,grey,DDX43
cg03670441,turquoise,FGFR1OP2
cg03671191,turquoise,NCRNA00085
cg03673016,grey,GNAS
cg03673368,turquoise,STT3B
cg03676636,grey,C4orf37
cg03680680,grey,DIP2C
cg03680873,grey,
cg03682112,grey,KCNG2
cg03683171,yellow,PFKFB3
cg03684893,grey,DIP2C
cg03686964,grey,
cg03687532,grey,
cg03689076,turquoise,
cg03689456,turquoise,HNRNPA1
cg03691735,turquoise,FZD7
cg03695448,brown,BUD31
cg03697316,blue,LZTR1
cg03699307,blue,GABARAPL2
cg03700135,grey,NXN
cg03700279,grey,PREPL
cg03701001,grey,SLC4A8
cg03701427,turquoise,DYDC1
cg03701930,grey,
cg03702435,grey,LTB
cg03702675,grey,TUBGCP3
cg03705042,turquoise,PIGW
cg03705879,turquoise,MRPL27
cg03705947,yellow,GADD45A
cg03711791,grey,KCNG1
cg03712579,turquoise,NPTN
cg03713585,grey,CHN1
cg03714522,grey,AGAP3
cg03716245,grey,MDN1
cg03716984,grey,
cg03722586,turquoise,YPEL1
cg03723556,turquoise,
cg03727229,turquoise,PHLDB1
cg03727359,turquoise,
cg03727554,brown,MAD1L1
cg03727754,grey,CACNA1C
cg03728813,turquoise,SFPQ
cg03733263,turquoise,KIAA1967
cg03735496,grey,GREB1L
cg03735847,turquoise,SAMD11
cg03735888,turquoise,ZNF132
cg03736562,turquoise,CCNC
cg03738707,grey,
cg03740159,turquoise,SRPK2
cg03741458,grey,
cg03741657,turquoise,PRDX5
cg03742214,turquoise,CRY1
cg03742620,grey,FUBP1
cg03743981,grey,C19orf47
cg03744724,blue,GYS1
cg03745386,turquoise,ERGIC2
cg03746133,turquoise,SMCHD1
cg03747028,turquoise,TAF12
cg03747251,turquoise,BDNF
cg03747695,turquoise,ZNF227
cg03748376,grey,OR2L13
cg03749207,grey,PRR25
cg03754311,turquoise,FAM43B
cg03755098,turquoise,CTH
cg03758011,turquoise,DMWD
cg03758392,yellow,C3orf70
cg03758774,blue,BRD2
cg03760927,grey,LNP1
cg03761846,purple,C11orf54
cg03762505,blue,METTL13
cg03767932,turquoise,AMD1
cg03768925,turquoise,MYSM1
cg03770318,turquoise,NR2F2
cg03771121,blue,CARHSP1
cg03771255,turquoise,RPS3A
cg03772408,brown,COQ7
cg03773226,grey,CACNB1
cg03774803,grey,BOLL
cg03775416,grey,HAPLN4
cg03775991,grey,
cg03778669,turquoise,
cg03780338,blue,
cg03781731,grey,WBSCR27
cg03782956,purple,HMGN4
cg03786336,turquoise,HES1
cg03787837,grey,HLA-DQA1
cg03789575,grey,PDCD6IP
cg03789645,turquoise,CUL1
cg03801902,turquoise,CCND2
cg03803858,blue,VPS4B
cg03804148,grey,PITPNA
cg03807316,grey,DLL3
cg03808001,grey,
cg03808172,turquoise,SHFM1
cg03809147,turquoise,
cg03818977,blue,
cg03823904,grey,SEMA3C
cg03826535,blue,TPCN1
cg03826594,turquoise,ITGA5
cg03826601,blue,M6PR
cg03827423,turquoise,ISCU
cg03829176,grey,GBE1
cg03829194,grey,
cg03830585,turquoise,ITPR1
cg03831912,grey,ZNF778
cg03833077,turquoise,OLFM2
cg03834411,grey,JPH3
cg03837827,turquoise,HNRNPH1
cg03839554,grey,ACTL6A
cg03839794,grey,NPAS3
cg03841065,turquoise,SLA2
cg03841667,blue,PMM1
cg03842440,grey,PDZRN4
cg03844381,turquoise,ARHGEF7
cg03846704,turquoise,CLEC16A
cg03847052,brown,ANKRD11
cg03847190,grey,
cg03847533,turquoise,RNF6
cg03847932,grey,PPP4R2
cg03848555,grey,C9orf40
cg03849685,grey,KIAA0101
cg03849834,grey,TREML4
cg03850334,turquoise,EEF1G
cg03850936,grey,
cg03853620,grey,PDK4
cg03853794,turquoise,
cg03856748,yellow,DDX6
cg03859395,turquoise,SMEK2
cg03859684,blue,ANKRD10
cg03860051,turquoise,IKZF5
cg03860256,grey,MOV10L1
cg03861593,turquoise,FOXO3
cg03861798,grey,BRI3BP
cg03863817,grey,
cg03866757,turquoise,C5orf41
cg03867465,grey,MGC45800
cg03870370,turquoise,IMMT
cg03876184,blue,SUPT7L
cg03879918,grey,EBF3
cg03880033,grey,CES1
cg03881544,turquoise,EVC2
cg03881961,turquoise,APLP2
cg03883519,blue,MFSD8
cg03891574,brown,
cg03891929,turquoise,PTEN
cg03893180,turquoise,RP9
cg03894339,grey,INTS10
cg03896436,blue,
cg03896792,turquoise,CDK17
cg03898805,turquoise,MIR548G
cg03900386,grey,
cg03902642,turquoise,ROBLD3
cg03903247,turquoise,FYTTD1
cg03904042,grey,NECAB3
cg03904534,grey,WWOX
cg03904607,turquoise,
cg03905413,turquoise,
cg03906434,grey,
cg03909863,grey,DRD4
cg03910065,turquoise,CADM1
cg03911494,turquoise,MARVELD3
cg03913924,turquoise,TM2D2
cg03915298,blue,DCAF8
cg03915846,turquoise,ERP29
cg03916490,grey,C7orf50
cg03916912,grey,CEP57
cg03917623,turquoise,RAB6A
cg03920003,grey,ADAR
cg03920450,grey,IGF2BP3
cg03921149,turquoise,NXPH4
cg03922175,grey,SEC22A
cg03922645,turquoise,MEIG1
cg03924111,turquoise,MRPL10
cg03927037,grey,ARHGAP20
cg03928247,grey,PPFIA1
cg03928431,grey,
cg03929569,black,
cg03933784,turquoise,FDPS
cg03934392,grey,HCCA2
cg03935359,grey,
cg03938320,turquoise,ABHD11
cg03938507,turquoise,PDK2
cg03938978,grey,IL18RAP
cg03941577,turquoise,STIM2
cg03943674,grey,KCNG2
cg03946896,blue,RNF220
cg03948194,turquoise,RPAP1
cg03949391,grey,PTGFR
cg03950009,grey,STX17
cg03950599,grey,
cg03952331,turquoise,SCARF2
cg03953257,greenyellow,DOCK9
cg03954144,grey,
cg03954927,grey,KIF1B
cg03956646,blue,JRK
cg03957420,grey,CSGALNACT1
cg03958004,turquoise,MAPK8IP3
cg03958344,purple,CNP
cg03958363,grey,TMEM184A
cg03961283,grey,C1orf65
cg03961510,grey,
cg03965726,grey,STXBP5
cg03965795,grey,
cg03966514,grey,SPG20
cg03967346,turquoise,RPL19
cg03968970,turquoise,MRPL53
cg03970588,turquoise,GLUL
cg03974689,turquoise,NECAB2
cg03974859,turquoise,KIAA1009
cg03975104,turquoise,FAM174A
cg03976667,turquoise,SUCLG1
cg03976895,turquoise,ARF6
cg03977295,grey,RRN3P1
cg03977394,turquoise,ARSK
cg03982568,grey,KCTD16
cg03983476,grey,NOL10
cg03984859,turquoise,ALDH9A1
cg03985005,turquoise,SATB1
cg03986562,grey,A2BP1
cg03987199,grey,OPRD1
cg03988527,turquoise,RFX8
cg03988778,turquoise,SVIP
cg03989711,grey,B3GNTL1
cg03990732,grey,
cg03992063,grey,ADSS
cg03993109,grey,ADAMTS2
cg03993376,turquoise,LOC100268168
cg03995571,blue,FAM49B
cg03996861,grey,
cg03997764,turquoise,FAM96B
cg03998066,grey,TGFB1I1
cg03998338,grey,CES4
cg03999872,grey,STMN3
cg04002235,grey,
cg04003047,turquoise,
cg04003871,grey,
cg04004158,grey,
cg04004754,turquoise,SATB1
cg04005958,grey,
cg04008252,grey,NPFFR2
cg04009887,turquoise,GRPEL2
cg04010471,grey,
cg04011338,turquoise,RAMP1
cg04012562,turquoise,PELP1
cg04013089,grey,GOLGA3
cg04014805,grey,
cg04016086,grey,COBL
cg04016922,grey,C3orf26
cg04017458,turquoise,
cg04020792,grey,ATP2A2
cg04021127,grey,PPP2R2D
cg04021544,grey,
cg04021745,blue,ERO1LB
cg04023150,grey,RNF220
cg04024692,blue,C11orf58
cg04024904,turquoise,CREB5
cg04024910,grey,PRKDC
cg04025728,grey,RPL22
cg04028315,blue,SP4
cg04028570,grey,OR2L13
cg04029055,turquoise,
cg04030842,turquoise,UBE2I
cg04031129,turquoise,WDR65
cg04034967,grey,
cg04036101,turquoise,KIFC3
cg04037372,grey,PTDSS2
cg04038089,grey,
cg04041942,blue,INTS9
cg04043455,grey,EBF3
cg04043795,turquoise,SOX11
cg04044120,grey,DNAJB13
cg04045327,grey,GAK
cg04048392,grey,LMX1B
cg04052427,turquoise,C2orf67
cg04053108,grey,VWF
cg04054303,grey,HLA-DQA1
cg04054907,turquoise,CNOT7
cg04057238,grey,
cg04058134,grey,SNORA72
cg04059647,grey,
cg04059762,grey,
cg04062383,grey,USP13
cg04063615,grey,
cg04064998,grey,
cg04066019,turquoise,RFTN1
cg04068005,grey,PEX7
cg04068497,turquoise,KRR1
cg04071440,lightgreen,
cg04072545,turquoise,INS-IGF2
cg04073265,grey,SLC6A3
cg04074536,grey,CPLX1
cg04074793,turquoise,MKI67
cg04076503,turquoise,SPEF2
cg04076766,grey,ANKRD53
cg04077210,turquoise,KLHL2
cg04079722,turquoise,ZNF764
cg04082016,grey,
cg04082020,grey,NFYA
cg04085025,turquoise,SCRN1
cg04085076,grey,HOPX
cg04085822,midnightblue,NTN3
cg04086531,grey,ZNF423
cg04089426,turquoise,LTBP3
cg04090347,grey,
cg04090468,grey,
cg04095468,turquoise,SECISBP2
cg04098547,grey,ABCC12
cg04098585,turquoise,CD28
cg04099430,grey,TMCO3
cg04099454,grey,ABCB1
cg04099524,turquoise,FAM81A
cg04099562,turquoise,WDR26
cg04099813,blue,TSSC4
cg04100434,grey,MTMR4
cg04102784,grey,
cg04102916,grey,EIF4H
cg04103514,grey,EMR2
cg04108328,grey,ESCO2
cg04108612,grey,PAFAH2
cg04108615,turquoise,CRTC2
cg04108811,grey,SMYD3
cg04109898,pink,HCG9
cg04111436,grey,PPP1R8
cg04111992,grey,
cg04116469,grey,MAP4K4
cg04117338,turquoise,CRADD
cg04117853,grey,OCIAD1
cg04118610,grey,LPHN3
cg04120645,grey,BLM
cg04121495,blue,SEPSECS
cg04122358,grey,
cg04122974,blue,ATF4
cg04123496,turquoise,STK32C
cg04124201,grey,
cg04124316,turquoise,
cg04126816,grey,CCDC106
cg04130455,grey,
cg04131969,grey,MYADML
cg04133023,turquoise,ANKFY1
cg04134240,turquoise,
cg04134399,grey,SMYD3
cg04135246,grey,
cg04135960,grey,KNDC1
cg04136259,grey,MAFK
cg04136445,brown,
cg04138112,grey,DUSP27
cg04138181,turquoise,PLK1
cg04140862,turquoise,SLC8A3
cg04141141,grey,PPAP2A
cg04141691,turquoise,ZNF200
cg04142413,turquoise,MRPS35
cg04143294,turquoise,MSL2
cg04143909,grey,SLC35F3
cg04146011,turquoise,FBXL6
cg04148794,grey,SHC2
cg04149172,grey,UQCC
cg04149955,turquoise,
cg04150100,grey,SIK2
cg04150382,grey,
cg04153116,turquoise,
cg04154027,grey,CMYA5
cg04154138,turquoise,ZNF677
cg04155632,turquoise,IPO11
cg04155830,grey,NDUFB4
cg04157308,grey,PLEKHA5
cg04158046,turquoise,ALG6
cg04158367,grey,GFI1
cg04160663,turquoise,S1PR2
cg04160749,grey,
cg04162566,turquoise,NEK7
cg04164838,grey,GIPC1
cg04165764,turquoise,
cg04166393,turquoise,GNA12
cg04167205,grey,UTRN
cg04169186,grey,
cg04170071,grey,RPL23AP7
cg04170442,turquoise,WDR75
cg04171565,turquoise,C13orf34
cg04173714,turquoise,AKAP13
cg04175879,turquoise,NCOA3
cg04181038,grey,
cg04183933,blue,HSPD1
cg04184946,grey,AKTIP
cg04186657,grey,HLA-F
cg04191342,turquoise,CADPS
cg04192557,turquoise,PPIA
cg04193422,turquoise,PON2
cg04193427,turquoise,PKNOX1
cg04197086,grey,
cg04197535,turquoise,RNF169
cg04198308,grey,FAM19A5
cg04199473,turquoise,STRN3
cg04199615,grey,
cg04199779,grey,H6PD
cg04199943,turquoise,HLA-L
cg04199977,turquoise,NUBP1
cg04200835,grey,VKORC1
cg04205193,blue,MIIP
cg04205715,grey,GJA4
cg04206699,grey,
cg04207298,turquoise,PCNX
cg04208863,grey,
cg04210779,grey,RRP15
cg04213845,brown,DIP2C
cg04213900,grey,
cg04214467,grey,UBE2D3
cg04216395,turquoise,VTI1B
cg04217177,grey,ESRRG
cg04217419,grey,HS6ST1
cg04219625,blue,DPP3
cg04219725,grey,COQ10B
cg04220541,grey,KIAA0146
cg04221681,grey,PHYH
cg04223645,turquoise,SCAMP1
cg04223671,turquoise,
cg04226364,blue,MYST2
cg04226724,turquoise,LPHN2
cg04227594,pink,ZNF131
cg04229238,turquoise,RB1CC1
cg04231050,grey,BFSP2
cg04235548,grey,DMXL1
cg04235768,grey,PRDM8
cg04237662,turquoise,SIDT2
cg04238096,turquoise,DIMT1L
cg04240809,grey,SOX2OT
cg04241308,red,DCTD
cg04243827,grey,
cg04246144,turquoise,PCDHGA4
cg04247717,grey,ARHGEF4
cg04248279,grey,RPH3AL
cg04255276,grey,LTBP3
cg04256347,grey,TBC1D9
cg04258219,grey,
cg04260924,turquoise,PMS1
cg04261066,turquoise,MRPL54
cg04262428,grey,SHANK2
cg04263115,turquoise,CLSPN
cg04263685,turquoise,ATP6V1H
cg04264658,turquoise,SCAF1
cg04264908,turquoise,
cg04267345,blue,NFATC4
cg04269065,blue,WRN
cg04270401,grey,
cg04270405,midnightblue,ING1
cg04272560,turquoise,TMEM175
cg04274758,grey,OSBPL3
cg04277193,turquoise,
cg04278597,blue,DOCK7
cg04279695,grey,BIRC3
cg04282082,grey,LHX6
cg04286206,grey,CASP8
cg04287574,grey,NAV1
cg04288975,turquoise,
cg04289040,turquoise,
cg04289314,grey,
cg04290349,turquoise,IFT122
cg04290376,turquoise,HIST1H1C
cg04290779,turquoise,
cg04292359,blue,FAM89A
cg04294625,grey,KPNB1
cg04294990,turquoise,USP22
cg04295928,blue,PGAP2
cg04296257,lightcyan,STK36
cg04296540,grey,
cg04298819,greenyellow,NUF2
cg04299200,grey,
cg04301102,grey,SEPT8
cg04302946,turquoise,CUTA
cg04303908,turquoise,CAPN10
cg04305134,blue,ANXA7
cg04307710,grey,ALDH18A1
cg04307927,grey,AARSD1
cg04309230,turquoise,SGTB
cg04309258,turquoise,ZNF669
cg04310266,turquoise,FAM86C
cg04312967,grey,IFT140
cg04313601,turquoise,SBF2
cg04315214,grey,PRKCZ
cg04317338,turquoise,PLCB3
cg04317543,turquoise,LMNA
cg04318704,purple,ZNF702P
cg04319873,grey,
cg04320255,turquoise,FOXP1
cg04320632,grey,
cg04322111,grey,HLA-DQB2
cg04322483,turquoise,VIPR1
cg04324727,turquoise,NRXN3
cg04326040,turquoise,VPS53
cg04326269,turquoise,THRA
cg04327675,grey,SLC22A23
cg04329125,grey,CRIP2
cg04329454,grey,C6orf227
cg04331525,grey,
cg04332418,turquoise,C6orf114
cg04332613,turquoise,STK4
cg04332619,grey,ABAT
cg04333297,turquoise,SLC25A36
cg04335207,grey,CCDC108
cg04336279,grey,
cg04337198,grey,C10orf84
cg04339290,grey,SF3A3
cg04340421,turquoise,C8orf41
cg04342328,turquoise,DMC1
cg04342821,grey,CCDC13
cg04342999,turquoise,MATR3
cg04346261,turquoise,SOS1
cg04346459,grey,NFYA
cg04348427,turquoise,ZNF174
cg04349084,grey,
cg04349810,blue,ARMC5
cg04350646,turquoise,MRPL32
cg04352272,grey,
cg04352944,turquoise,C11orf17
cg04354002,grey,
cg04356381,turquoise,
cg04358957,turquoise,
cg04359351,grey,TTC15
cg04360458,turquoise,REST
cg04361279,grey,WDR8
cg04365102,grey,RAMP1
cg04370315,turquoise,
cg04370829,grey,
cg04372321,turquoise,DGKQ
cg04373548,turquoise,
cg04373966,grey,
cg04375213,turquoise,DCP1B
cg04375284,turquoise,ING4
cg04375578,greenyellow,SPTY2D1
cg04375931,turquoise,SMG6
cg04376644,turquoise,SACM1L
cg04378603,turquoise,MALAT1
cg04379969,turquoise,H3F3B
cg04380669,turquoise,NME1
cg04381873,grey,LOC284412
cg04383369,turquoise,VPS4A
cg04384112,grey,CFDP1
cg04385875,turquoise,CNOT2
cg04386400,grey,
cg04387010,grey,COX11
cg04387418,turquoise,GMFB
cg04387835,grey,ZMYND15
cg04388226,grey,
cg04391722,turquoise,ZBTB10
cg04392082,grey,SORBS2
cg04392266,grey,
cg04392488,grey,TP73
cg04394763,grey,DENND4B
cg04395153,grey,MYOG
cg04395798,grey,LOC84856
cg04396112,grey,MAD1L1
cg04396185,turquoise,CSAD
cg04396454,brown,ANKRD11
cg04397433,grey,MALL
cg04398416,grey,
cg04398451,grey,MYO15A
cg04400940,tan,SELT
cg04403629,turquoise,ZBTB20
cg04406111,grey,TACC2
cg04409932,blue,MSRA
cg04410073,turquoise,PRSS23
cg04410987,grey,
cg04413180,tan,AGAP1
cg04413724,turquoise,
cg04414720,grey,GOLPH3L
cg04415014,grey,C1D
cg04415176,grey,HOXD13
cg04415427,turquoise,MGC72080
cg04417028,blue,ARHGAP20
cg04417471,turquoise,PRPF31
cg04418647,brown,
cg04422896,cyan,C12orf43
cg04424379,turquoise,AARS
cg04425094,grey,HEG1
cg04426311,grey,LRRN1
cg04427707,turquoise,C17orf81
cg04428071,grey,CSNK1D
cg04431054,grey,PRRC1
cg04432319,grey,ISM1
cg04432377,grey,EXOSC7
cg04434696,turquoise,CALU
cg04444674,grey,LOC100128640
cg04444761,turquoise,TRIB1
cg04446777,turquoise,BTRC
cg04447741,grey,
cg04450456,grey,FAM184B
cg04451988,turquoise,FAM171A1
cg04452896,grey,
cg04453065,grey,CYR61
cg04453241,blue,PGS1
cg04454073,turquoise,
cg04458869,turquoise,LASS6
cg04459481,turquoise,GLG1
cg04462567,grey,PITPNM3
cg04465286,grey,FAM109A
cg04467162,grey,
cg04467278,turquoise,EIF2AK4
cg04467334,grey,CCKBR
cg04468128,grey,HS6ST3
cg04468564,turquoise,C15orf33
cg04469346,turquoise,
cg04470054,grey,RPTOR
cg04473020,turquoise,PPDPF
cg04477515,grey,G3BP2
cg04478727,turquoise,METTL1
cg04480106,grey,RGNEF
cg04480227,turquoise,ARFGAP1
cg04483336,grey,RPAIN
cg04486417,turquoise,GLOD4
cg04490349,blue,ACTB
cg04492858,grey,
cg04495110,grey,C8orf42
cg04497547,turquoise,METTL10
cg04498082,grey,
cg04499901,turquoise,
cg04504578,turquoise,C17orf96
cg04505205,grey,CNGA3
cg04506728,grey,
cg04507495,grey,
cg04508804,grey,
cg04509559,grey,ERH
cg04509607,turquoise,PRC1
cg04510815,grey,EIF4A1
cg04512050,turquoise,BAT3
cg04516351,grey,
cg04517722,grey,B3GNT3
cg04518186,grey,AQP11
cg04520396,tan,PRPF8
cg04521957,grey,SKAP2
cg04522531,turquoise,RPL23
cg04524477,grey,NBR1
cg04525384,brown,TELO2
cg04526124,turquoise,TRA2A
cg04528069,turquoise,DUS2L
cg04529543,turquoise,ADAMTSL5
cg04529724,blue,RAET1G
cg04530860,turquoise,B9D2
cg04531710,turquoise,EIF4G1
cg04533283,grey,FYN
cg04533380,grey,FAM134C
cg04533487,turquoise,UBA5
cg04534276,turquoise,PPP3CB
cg04534697,grey,
cg04536689,grey,TTC9
cg04538470,turquoise,PIGP
cg04539057,grey,MUC6
cg04539072,blue,PTER
cg04540039,turquoise,SYN3
cg04541606,grey,C14orf37
cg04541695,turquoise,LCORL
cg04542325,turquoise,C14orf179
cg04543131,grey,SMAD6
cg04546413,grey,
cg04546950,turquoise,
cg04547220,grey,DNAH6
cg04548204,grey,KLRG1
cg04552889,turquoise,RNFT1
cg04553410,blue,GBX1
cg04554929,grey,
cg04554987,turquoise,CCNT1
cg04555735,cyan,DSN1
cg04558174,turquoise,
cg04562394,grey,
cg04562522,turquoise,WNT4
cg04563419,turquoise,RASSF8
cg04564646,grey,MOV10
cg04564980,grey,KNDC1
cg04565617,turquoise,RCC2
cg04566512,grey,
cg04566848,turquoise,HLA-J
cg04566900,blue,ATP5G2
cg04570322,grey,ZFP91
cg04570362,grey,CLSTN1
cg04570624,grey,CADPS
cg04571321,yellow,RYR1
cg04571742,turquoise,VPRBP
cg04574459,grey,
cg04576042,turquoise,ZMYM1
cg04577441,turquoise,LOC256880
cg04577786,grey,ANKRD26P1
cg04579966,turquoise,SPATA13
cg04580344,grey,C6orf174
cg04580897,turquoise,SNORA6
cg04582539,turquoise,UBL5
cg04583043,turquoise,MYLK
cg04583467,grey,CNOT2
cg04585209,grey,CCKBR
cg04588336,grey,WNT11
cg04589027,turquoise,
cg04589975,grey,C2orf42
cg04590313,cyan,CERKL
cg04592747,grey,RAB1B
cg04598251,turquoise,NOC4L
cg04598325,turquoise,LOC338799
cg04598733,blue,SEC63
cg04598744,grey,LMBRD1
cg04599965,turquoise,
cg04602387,turquoise,
cg04604276,grey,HNRNPR
cg04606887,blue,LOC400027
cg04607174,turquoise,EED
cg04608419,grey,
cg04608855,grey,
cg04609868,grey,STX4
cg04612566,grey,C8orf31
cg04614997,yellow,SEZ6
cg04616401,blue,EGR1
cg04619120,grey,ASPH
cg04619437,brown,RNF32
cg04628008,turquoise,ZBTB16
cg04633141,grey,TMEM184A
cg04634417,grey,PCDHA6
cg04636222,grey,HERC1
cg04637704,grey,LOC286016
cg04638486,turquoise,NDUFS4
cg04643909,turquoise,C4orf34
cg04645049,turquoise,ARL6IP5
cg04645150,grey,
cg04645444,turquoise,
cg04646100,turquoise,KIAA1826
cg04650654,grey,
cg04650899,turquoise,SAMD14
cg04653913,grey,
cg04654153,blue,
cg04654677,turquoise,RNF43
cg04654841,turquoise,DOK4
cg04657146,grey,HOOK2
cg04657470,grey,HSPE1
cg04657831,turquoise,POFUT2
cg04660357,turquoise,TARBP2
cg04661001,grey,SLC25A42
cg04661128,turquoise,PPAPDC2
cg04661888,turquoise,
cg04662943,grey,
cg04663285,grey,B4GALNT4
cg04663539,turquoise,TEX2
cg04663720,turquoise,RAB11B
cg04664628,grey,
cg04664999,turquoise,
cg04667586,salmon,MDM2
cg04670766,brown,TPCN1
cg04671145,grey,
cg04672538,turquoise,ARSG
cg04676715,turquoise,TSNAXIP1
cg04677344,turquoise,AGGF1
cg04677623,turquoise,PVRL2
cg04678743,blue,TSGA13
cg04679849,grey,
cg04680746,turquoise,NACAD
cg04681219,turquoise,ETV2
cg04682916,grey,GLI3
cg04683509,grey,PPP1R13L
cg04685531,grey,
cg04689080,turquoise,
cg04689082,turquoise,FAM43A
cg04698397,grey,ZBTB39
cg04699104,turquoise,TRIB2
cg04699214,grey,
cg04699227,grey,CD44
cg04700215,grey,SFRS2IP
cg04704193,grey,HIST1H3G
cg04704198,grey,
cg04705620,turquoise,VRK2
cg04705907,turquoise,C1orf112
cg04706904,turquoise,
cg04707531,turquoise,LOC552889
cg04708398,turquoise,C5orf22
cg04710276,grey,HCG27
cg04714088,turquoise,CMIP
cg04715503,grey,CLDN9
cg04716990,grey,MACROD2
cg04717802,grey,WBP2NL
cg04718342,turquoise,CLPX
cg04719634,grey,
cg04720380,blue,RPL5
cg04720785,blue,CDKN2C
cg04721485,grey,WDR33
cg04721812,turquoise,N4BP1
cg04722722,black,PDE6B
cg04723601,turquoise,TMEM109
cg04724115,grey,LOC646851
cg04725166,grey,PER3
cg04726800,blue,ACAD9
cg04728296,turquoise,CPE
cg04731926,grey,LSR
cg04734286,turquoise,
cg04735544,grey,EEFSEC
cg04737131,turquoise,HOXA2
cg04737207,turquoise,NAA15
cg04737319,turquoise,DTD1
cg04737881,grey,MGC45800
cg04737885,grey,ADCY9
cg04738270,turquoise,ACTR1A
cg04741932,grey,
cg04743758,turquoise,RTN4RL1
cg04743933,turquoise,TMEM209
cg04746670,turquoise,CLASP1
cg04747226,turquoise,GRIA4
cg04747993,turquoise,RNF114
cg04748923,turquoise,HSD11B1L
cg04749732,brown,NCRNA00171
cg04751069,turquoise,ZNF276
cg04751358,turquoise,
cg04751533,brown,AFAP1
cg04753439,turquoise,
cg04755607,turquoise,CPEB3
cg04756515,grey,
cg04757901,grey,TNXB
cg04758026,grey,
cg04761648,turquoise,CDK8
cg04762213,turquoise,BAT2
cg04762397,red,MRPS31
cg04765929,turquoise,TNFAIP8L1
cg04767207,turquoise,VPS37C
cg04767734,turquoise,
cg04767932,grey,RPS13
cg04770165,turquoise,EIF3H
cg04770550,turquoise,VAV1
cg04771550,blue,TMEM107
cg04774496,grey,CHFR
cg04775238,turquoise,ALS2
cg04775566,grey,BCAS3
cg04777551,grey,HLA-DQB1
cg04783966,turquoise,RNASE4
cg04784471,turquoise,PRSS27
cg04785418,turquoise,GXYLT1
cg04788221,turquoise,C20orf20
cg04788249,grey,ATG7
cg04788931,grey,RPA2
cg04793911,grey,
cg04795282,yellow,HEATR5B
cg04795713,grey,HLF
cg04796146,grey,
cg04798314,grey,SMYD3
cg04802236,turquoise,RPL23
cg04804616,blue,ZNF689
cg04805181,grey,
cg04807023,turquoise,SEC14L5
cg04807108,grey,
cg04808029,turquoise,NKX3-2
cg04809093,grey,ZBTB20
cg04809453,grey,SOX8
cg04811114,grey,LGR6
cg04811706,grey,
cg04813639,grey,RASGRF1
cg04813719,turquoise,KLC2
cg04815577,grey,
cg04816171,grey,
cg04819497,grey,
cg04824553,turquoise,UBE2D3
cg04825215,grey,MICB
cg04825872,grey,UST
cg04826071,turquoise,TTBK2
cg04826215,turquoise,PRKAB1
cg04826345,grey,
cg04826673,brown,
cg04829186,turquoise,
cg04832268,brown,MYO15A
cg04836154,blue,C11orf83
cg04836786,blue,HLTF
cg04841648,turquoise,DHX9
cg04841955,turquoise,FLJ37453
cg04842962,grey,MRPS18A
cg04843676,grey,
cg04844516,grey,CDH18
cg04849180,grey,
cg04849769,turquoise,CNIH
cg04850211,grey,OBSCN
cg04852103,yellow,ACBD6
cg04852989,grey,ARVCF
cg04855216,turquoise,TNFAIP8
cg04855748,blue,C11orf20
cg04859706,grey,PCDH7
cg04861014,turquoise,STUB1
cg04861263,turquoise,FOXB1
cg04863005,grey,TACSTD2
cg04863568,turquoise,RABEP2
cg04863573,turquoise,RIMS3
cg04863892,grey60,HOXA5
cg04864640,turquoise,PSMA3
cg04865265,grey,CREG2
cg04865412,turquoise,ZNF207
cg04867733,grey,AK5
cg04868078,grey,LHX9
cg04868132,turquoise,MALAT1
cg04868167,turquoise,SPATA18
cg04870212,turquoise,
cg04870498,turquoise,TNRC6B
cg04871330,turquoise,MCFD2
cg04871582,turquoise,PPIL5
cg04872557,turquoise,ACADM
cg04873833,grey,GLT1D1
cg04873927,turquoise,
cg04873961,blue,C2orf42
cg04874074,grey,CAMTA1
cg04875118,turquoise,ZNF696
cg04875476,purple,HDGF
cg04878727,turquoise,ZNF323
cg04878842,turquoise,ERCC2
cg04879348,grey,GCC2
cg04880091,grey,
cg04880751,turquoise,KMO
cg04881214,grey,PPM1B
cg04884481,turquoise,BCL11B
cg04889045,grey,PIGK
cg04890036,grey,VEZF1
cg04892437,grey,TSNAX-DISC1
cg04893454,grey,
cg04894116,grey,C7orf50
cg04895321,grey,NMT2
cg04896115,grey,
cg04896168,grey,
cg04896381,turquoise,TBKBP1
cg04897188,turquoise,
cg04897621,turquoise,NR4A3
cg04897931,grey,RPH3AL
cg04899715,grey,
cg04900999,turquoise,ATP6V0A1
cg04903157,yellow,MCM5
cg04903936,blue,E2F8
cg04906989,turquoise,C17orf102
cg04911518,grey,COCH
cg04912712,turquoise,FOXN3
cg04913057,grey,ETNK2
cg04913160,grey,ABHD2
cg04913730,grey,LOC146336
cg04915414,grey,SHC1
cg04915566,turquoise,RUNX1
cg04916980,grey,PCBD1
cg04917181,grey,TSPYL5
cg04917446,grey,HOXB9
cg04917511,grey,C2orf70
cg04919811,grey,RPTOR
cg04921814,blue,PIAS3
cg04923496,yellow,NSUN6
cg04923513,turquoise,SH2D5
cg04926385,grey,
cg04927502,turquoise,SV2A
cg04928513,turquoise,PSMA7
cg04931582,grey,SETD7
cg04934727,turquoise,SMEK2
cg04935181,grey,ATPAF1
cg04938255,grey,MIR760
cg04938335,grey,GSG1
cg04939919,grey,
cg04940109,blue,BMPR2
cg04943085,turquoise,RAB11FIP5
cg04944784,grey,FAM59B
cg04945388,turquoise,PTMA
cg04946387,grey,B3GAT1
cg04947838,turquoise,ARFGEF1
cg04953552,grey,
cg04954144,turquoise,ZNF554
cg04955951,magenta,
cg04956511,grey,PTPN6
cg04965879,grey,KIAA1586
cg04970352,blue,ALX4
cg04970438,grey,TAF3
cg04973632,grey,TUBD1
cg04974702,turquoise,PPP1CA
cg04974804,grey,HTR1D
cg04977109,blue,NFE2L1
cg04977124,grey,MALAT1
cg04978279,grey,
cg04982052,grey,
cg04982344,turquoise,IFT57
cg04984513,turquoise,BRI3BP
cg04985324,turquoise,GLRX5
cg04985582,grey,ABCC13
cg04985652,turquoise,DTD1
cg04986870,blue,KCNN1
cg04988216,grey,ROR1
cg04992282,turquoise,ADAR
cg04995311,grey,USP29
cg04995860,turquoise,ZYG11B
cg04996158,turquoise,SAPS1
cg04996219,grey,CTNND2
cg04996251,grey,NDUFS4
cg04996523,turquoise,CYP2J2
cg04996689,turquoise,ITGA2
cg04997273,turquoise,PTGFRN
cg04998498,grey,USP28
cg05001532,turquoise,HNRNPU
cg05001758,turquoise,CENPL
cg05002314,brown,CSTF1
cg05002512,turquoise,FAF1
cg05003364,grey,
cg05004142,grey,CCDC102A
cg05004900,turquoise,
cg05005380,turquoise,IFT74
cg05006231,grey,
cg05006903,yellow,ZNF252
cg05008366,grey,DOCK2
cg05008927,grey,UNC84A
cg05009079,turquoise,STARD13
cg05009141,blue,PLXNB1
cg05009394,turquoise,C11orf82
cg05011838,turquoise,BCL11B
cg05012551,turquoise,ZNF227
cg05013027,grey,GNL1
cg05013250,turquoise,ZFP91
cg05017628,grey,
cg05019396,grey,UBR3
cg05019826,blue,
cg05021796,turquoise,TRIM7
cg05022225,turquoise,DKKL1
cg05025164,grey,KIAA1530
cg05027081,blue,CDC7
cg05030553,grey,
cg05030953,grey,HLA-C
cg05031195,turquoise,NACAD
cg05031455,grey,ABR
cg05032135,turquoise,TTC26
cg05034702,grey,PCDH20
cg05036013,grey,PPP2R5C
cg05036635,grey,
cg05039004,grey,PTPRU
cg05040023,turquoise,UTP15
cg05041596,grey,NAALAD2
cg05042743,turquoise,TMEM216
cg05043349,blue,
cg05043910,grey,LYG2
cg05044291,grey,LGR6
cg05044694,turquoise,PPP1CB
cg05047465,yellow,RAB18
cg05048680,grey,MRPL20
cg05049646,grey,CCDC41
cg05050757,turquoise,ATF7
cg05051199,blue,PCYT1A
cg05053403,grey,FBRSL1
cg05054115,grey,DHRS4
cg05054683,grey,LOC146336
cg05054898,grey,LOC152217
cg05056288,grey,LCLAT1
cg05056638,grey,
cg05057452,turquoise,HBM
cg05057720,grey,CLEC14A
cg05059291,turquoise,
cg05060949,blue,MNX1
cg05063395,grey,PSD3
cg05064297,turquoise,
cg05065989,turquoise,HOXA9
cg05068428,grey,PAK6
cg05070742,turquoise,HIST1H3H
cg05071422,grey,
cg05072819,turquoise,KAT2B
cg05073382,grey,MYOM2
cg05074892,turquoise,BRD2
cg05074908,turquoise,
cg05076167,turquoise,G2E3
cg05077167,turquoise,ZFP36L2
cg05080154,grey,SALL3
cg05080281,turquoise,ZNF204P
cg05081694,grey,SCN3A
cg05081714,turquoise,PLEKHA1
cg05082376,grey,
cg05082466,grey,SERPINB6
cg05083358,turquoise,EIF3B
cg05083496,turquoise,IGFBP3
cg05084668,grey,ALG1L
cg05085169,grey,OGFR
cg05085565,turquoise,MED1
cg05086074,turquoise,
cg05088898,turquoise,C10orf46
cg05091238,turquoise,
cg05094271,grey,WDR4
cg05096436,turquoise,AGAP1
cg05098125,grey,DNAJC24
cg05098590,blue,ADD3
cg05103132,turquoise,SMYD5
cg05103387,turquoise,AP1S3
cg05105529,grey,SAV1
cg05105845,blue,GCH1
cg05106804,grey,ENOPH1
cg05107039,turquoise,IMMT
cg05107152,turquoise,KLC4
cg05108179,turquoise,BRF1
cg05112555,grey,
cg05115233,grey,RASA3
cg05115664,grey,
cg05115862,grey,
cg05117633,turquoise,AK2
cg05121093,turquoise,
cg05122437,grey,MTUS2
cg05122622,turquoise,TSC22D2
cg05122969,grey,ANO9
cg05124021,grey,PTPRN2
cg05124441,turquoise,SYN2
cg05124918,grey,
cg05125558,turquoise,SEP15
cg05127380,grey,STIP1
cg05127899,turquoise,
cg05129412,turquoise,MGST3
cg05129568,grey,FLOT1
cg05130022,turquoise,HMGN4
cg05130482,grey,
cg05136476,turquoise,
cg05138918,grey,
cg05143012,grey,NDUFA4
cg05144432,turquoise,GABRA1
cg05146416,grey,OXA1L
cg05147244,turquoise,TCFL5
cg05148373,turquoise,PDE1A
cg05149425,midnightblue,SLC15A4
cg05152815,blue,SNRPE
cg05154615,turquoise,SETBP1
cg05155042,turquoise,DRAM1
cg05155371,yellow,PLOD1
cg05157625,grey,RIN3
cg05160409,turquoise,TMEM109
cg05160963,yellow,IPO4
cg05161218,grey,SLC38A10
cg05161930,turquoise,PRR24
cg05162533,turquoise,FOXJ1
cg05162750,grey,TBX2
cg05163325,grey,SNX9
cg05164185,turquoise,CCND1
cg05164926,grey,KCTD11
cg05166302,grey,RALA
cg05166316,turquoise,TRIM23
cg05169244,turquoise,CXADR
cg05173517,turquoise,RHOF
cg05173737,grey,FLJ43390
cg05173834,turquoise,UFSP1
cg05173913,turquoise,C17orf50
cg05174890,grey,SLFN12
cg05175020,blue,TSC22D4
cg05176716,grey,
cg05179038,turquoise,BCL11B
cg05179396,grey,KIAA0564
cg05180859,blue,ZNF518A
cg05180887,grey,MYT1L
cg05181025,grey,SYNGAP1
cg05181941,grey,
cg05182265,grey,UBE3C
cg05183369,grey,TRIM31
cg05183646,grey,SGK1
cg05186755,blue,
cg05187247,grey,SNORD114-29
cg05189291,green,THG1L
cg05190533,turquoise,RPGRIP1L
cg05191076,grey,EPHA5
cg05191217,grey,
cg05191700,turquoise,KDM3B
cg05192269,turquoise,RASSF7
cg05194426,grey,CYP2E1
cg05194447,turquoise,
cg05194618,grey,KLHL28
cg05195235,turquoise,ZNF546
cg05196362,grey,OSBPL8
cg05196820,turquoise,GSX2
cg05197062,grey,GALNTL4
cg05197191,turquoise,JARID2
cg05197560,turquoise,KCTD13
cg05199874,turquoise,
cg05200628,turquoise,CD48
cg05200811,grey,
cg05206690,grey,KATNAL1
cg05206884,grey,SYN3
cg05208581,turquoise,WDFY2
cg05210606,grey,
cg05210910,turquoise,ZKSCAN5
cg05211947,grey,ATP8A1
cg05212510,grey,KCNG2
cg05212706,grey,
cg05212836,green,FOXM1
cg05213296,grey,RPF2
cg05215994,grey,
cg05216211,grey,MIR1185-1
cg05216862,turquoise,FAM46A
cg05216888,purple,RPS18
cg05217468,blue,TUBB
cg05218357,turquoise,TUBGCP3
cg05221369,turquoise,CASC3
cg05223675,turquoise,RPS25
cg05224126,grey,
cg05225012,grey,
cg05225431,turquoise,SKIV2L2
cg05225993,grey,EZH2
cg05227280,turquoise,SRCIN1
cg05228379,turquoise,TMEM5
cg05232016,turquoise,MRPS27
cg05233899,grey,
cg05234387,grey,FAM184A
cg05234568,grey,
cg05237932,grey,CD8A
cg05238741,grey,FIGNL2
cg05240614,turquoise,RPL18
cg05240795,turquoise,RASSF7
cg05241924,turquoise,SNCA
cg05243311,turquoise,LOC348926
cg05245319,black,CBFB
cg05246403,grey,CILP2
cg05246507,turquoise,NDRG2
cg05250969,grey,OSGEP
cg05251325,turquoise,RASGRP1
cg05251669,grey,LOC100130522
cg05251676,grey,EGFLAM
cg05256584,grey,SLC8A1
cg05256605,grey,LOX
cg05257397,turquoise,OCA2
cg05258009,grey,
cg05261336,turquoise,
cg05264145,turquoise,UBE2H
cg05264454,turquoise,PDE5A
cg05264510,blue,ZNF331
cg05264764,turquoise,ATP9A
cg05267394,grey,ASIP
cg05267427,grey,ZNF827
cg05271336,grey,BPTF
cg05278454,grey,MFSD1
cg05279229,grey,MAD1L1
cg05279284,turquoise,DHRS1
cg05280698,grey,HKR1
cg05280794,grey,ABR
cg05280932,grey,C6orf162
cg05281831,turquoise,RCOR1
cg05282559,green,CD82
cg05283184,grey,
cg05283521,grey,
cg05284480,turquoise,RNPS1
cg05288127,grey,
cg05290058,grey,KCNQ1DN
cg05293490,grey,
cg05293994,grey,CADPS2
cg05294497,grey,KIAA1530
cg05294813,grey,
cg05295671,grey,RNF219
cg05300158,blue,SETD7
cg05301102,turquoise,STX6
cg05301188,grey,KLF11
cg05302386,grey,PTGDR
cg05302542,turquoise,SLC25A19
cg05303408,grey,CDKAL1
cg05304507,grey,FRK
cg05306070,turquoise,
cg05306856,turquoise,GTF2B
cg05306950,turquoise,PLD3
cg05307864,turquoise,SLC22A1
cg05308495,grey,CACNG6
cg05308504,grey,
cg05308900,turquoise,AMDHD1
cg05312305,turquoise,ZNF655
cg05312574,grey,SPG21
cg05313261,turquoise,MAPK3
cg05313794,grey,MYT1L
cg05313918,grey,
cg05315874,turquoise,ATP6V1B2
cg05318486,turquoise,FBXL18
cg05321960,turquoise,KIAA0907
cg05323272,grey,TTC39A
cg05324734,grey,ATP11A
cg05326918,grey,VPS4A
cg05327835,grey,IDUA
cg05329785,turquoise,UBE2CBP
cg05330668,turquoise,NFATC4
cg05332483,grey,
cg05332851,turquoise,MLF1IP
cg05337024,turquoise,TMEM159
cg05337761,grey,C1orf86
cg05338317,turquoise,CDKN2D
cg05338577,turquoise,WDHD1
cg05338745,turquoise,CCDC59
cg05339414,turquoise,
cg05345154,grey,AMH
cg05345527,turquoise,
cg05347736,grey,
cg05348272,turquoise,TBCD
cg05348875,grey,NRP2
cg05351887,grey,
cg05351940,turquoise,ARPC2
cg05353710,turquoise,SESN2
cg05353869,grey,KLHL35
cg05356848,turquoise,SLC37A3
cg05356998,grey,DTNBP1
cg05357662,turquoise,PANX1
cg05358715,turquoise,C16orf55
cg05359249,yellow,CHPF
cg05359983,grey,ANKRD40
cg05360176,turquoise,TMEM106C
cg05362405,turquoise,PSMB9
cg05364038,grey,
cg05365033,grey,CRTC1
cg05366139,grey,NR5A2
cg05370860,turquoise,MIR1181
cg05370977,grey,
cg05372444,grey,UPK3B
cg05373263,grey,
cg05373962,grey,
cg05375277,turquoise,SLC43A1
cg05375668,turquoise,USP3
cg05376374,blue,MIR129-2
cg05376465,grey,
cg05376810,blue,
cg05377417,turquoise,BRIP1
cg05377596,turquoise,NFIA
cg05378942,turquoise,FAM86A
cg05380145,turquoise,ERO1L
cg05382797,turquoise,ZNRD1
cg05383619,grey,HLA-DRB1
cg05385059,turquoise,SS18L1
cg05386151,blue,NUCKS1
cg05386387,grey,FBXO15
cg05388281,grey,ZNF718
cg05389560,blue,RECQL
cg05390402,blue,C1orf88
cg05393741,grey,RFX4
cg05395061,turquoise,ALKBH5
cg05396178,blue,HIST1H2AL
cg05396731,grey,HYI
cg05401522,turquoise,NAA16
cg05401764,turquoise,SHOX2
cg05401945,grey,CCDC66
cg05402634,grey,SHANK2
cg05403469,grey,C11orf21
cg05404618,turquoise,CBLB
cg05404698,grey,
cg05406088,grey,
cg05407396,grey,BAT3
cg05412031,turquoise,DGKZ
cg05412788,grey,
cg05414383,blue,MYST3
cg05414835,turquoise,SLTM
cg05414908,grey,LOC100302652
cg05415020,grey,SLC22A16
cg05417788,grey,
cg05419696,turquoise,CYB5D1
cg05419812,grey,
cg05421328,turquoise,NFXL1
cg05422022,grey,
cg05422369,turquoise,ZNF24
cg05423712,brown,
cg05425699,grey,TNS3
cg05432848,turquoise,GDAP1
cg05436064,magenta,HSF4
cg05445051,blue,C6orf203
cg05446629,grey,B3GAT1
cg05451573,turquoise,MINA
cg05453358,grey,
cg05454501,grey,ZBED3
cg05456022,turquoise,FAM96B
cg05457628,grey,RUFY1
cg05457730,grey,
cg05457941,blue,HIST2H2BE
cg05462905,grey,SLC38A9
cg05464016,grey,SF1
cg05465342,blue,PPT2
cg05466640,turquoise,ERAP1
cg05467012,grey,
cg05468028,grey,RWDD2B
cg05469285,turquoise,DBX1
cg05470389,turquoise,SYN3
cg05471775,turquoise,HIST1H4B
cg05471949,brown,PRDM10
cg05475109,grey,
cg05475524,grey,ACTN3
cg05476169,turquoise,CBY1
cg05478818,grey,RPL37
cg05480042,turquoise,HIST1H2AE
cg05480594,grey,
cg05481257,grey,GDF7
cg05481991,turquoise,HMGA2
cg05482066,grey,
cg05482973,turquoise,C5orf52
cg05483731,grey,GALNT9
cg05484508,grey,SPG7
cg05485589,turquoise,ZXDC
cg05486188,turquoise,KCNIP2
cg05486825,grey,
cg05489143,blue,RPL14
cg05490269,turquoise,SRRM3
cg05491001,grey,
cg05491587,grey,KCNG2
cg05491695,turquoise,MALAT1
cg05493407,grey,MARCH1
cg05496603,grey,TMEM151B
cg05497345,turquoise,ITPRIPL1
cg05501509,grey,
cg05502662,turquoise,NARG2
cg05504194,grey,ACAT2
cg05505459,grey,C1orf170
cg05509203,grey,MAP1S
cg05509609,grey,PF4
cg05509777,grey,C11orf21
cg05510902,grey,DACH1
cg05511815,turquoise,RANBP3
cg05512869,brown,LAMA4
cg05513069,grey,PSTPIP2
cg05515713,turquoise,RRM2
cg05515792,turquoise,PROK2
cg05516140,turquoise,KIDINS220
cg05516272,grey,ZDHHC24
cg05516942,turquoise,C6orf129
cg05522011,grey,PRDM8
cg05525499,turquoise,HNRNPF
cg05526731,grey,RPH3AL
cg05526886,turquoise,RHBDD1
cg05528899,grey,
cg05529097,cyan,FXR2
cg05529236,blue,EEF1G
cg05529816,turquoise,CHRNE
cg05530568,turquoise,EBF1
cg05539622,turquoise,SFXN5
cg05542681,grey,FBXL16
cg05545635,grey,TLL2
cg05545777,grey,
cg05547654,turquoise,RPL13
cg05547895,grey,
cg05550692,turquoise,MED9
cg05554000,grey,VIPR2
cg05555409,grey,NKTR
cg05555455,blue,HLTF
cg05560575,grey,
cg05563515,grey,RNF39
cg05564086,blue,SPAG5
cg05566591,salmon,MGC23284
cg05567294,turquoise,SLC44A2
cg05567920,turquoise,CSTF3
cg05569877,turquoise,
cg05570096,turquoise,C8orf33
cg05570946,turquoise,LAMA4
cg05571310,grey,KIF19
cg05575046,midnightblue,C16orf80
cg05576925,blue,C5orf33
cg05582470,turquoise,FNBP1
cg05585821,turquoise,PMAIP1
cg05586384,turquoise,RTKN2
cg05586662,grey,VPS13B
cg05588658,turquoise,NCK2
cg05590257,grey,PLD6
cg05592035,grey,CD300A
cg05592184,turquoise,RPL14
cg05593832,grey,
cg05595088,grey,
cg05595345,grey,ARRDC4
cg05595602,grey,MRPL20
cg05596135,blue,TXNL4B
cg05596911,grey,DMXL1
cg05597008,turquoise,CHCHD10
cg05598205,blue,ORC6L
cg05598546,turquoise,SNORD45C
cg05598969,turquoise,JAK1
cg05602566,grey,
cg05602783,grey,KLHL7
cg05603623,blue,TIMM44
cg05603938,blue,USP5
cg05605052,grey,RPSAP58
cg05605135,turquoise,TNRC18
cg05605371,grey,NHEDC1
cg05606089,grey,AP3B1
cg05606351,turquoise,OSCAR
cg05608388,turquoise,CRTC1
cg05608777,grey,DOCK1
cg05612977,grey,DUSP1
cg05613002,turquoise,
cg05614058,turquoise,GRWD1
cg05615019,turquoise,
cg05615552,turquoise,COL11A2
cg05616278,blue,MIR574
cg05619116,blue,
cg05619888,grey,TRPC3
cg05621091,turquoise,ELP3
cg05622261,grey,FNDC3B
cg05624577,grey,
cg05625103,grey,
cg05625889,yellow,MAN1C1
cg05626790,grey,
cg05627029,turquoise,
cg05627083,grey,APCDD1
cg05629378,grey,CYCS
cg05630745,grey,FADS3
cg05632555,grey,MTX2
cg05635455,turquoise,ELP4
cg05636177,greenyellow,ZNRD1
cg05636467,grey,EBF3
cg05636912,grey,FAM159B
cg05637266,blue,ZNF799
cg05637903,turquoise,HIST1H2AG
cg05638359,grey,FAM5C
cg05638689,grey,LTBP3
cg05642379,grey,
cg05643120,turquoise,FTO
cg05643303,turquoise,HOXC8
cg05649108,grey,BRUNOL4
cg05655281,grey,
cg05655707,grey,LDHAL6A
cg05656990,grey,
cg05658707,grey,VGLL4
cg05659223,turquoise,RFX1
cg05660889,turquoise,
cg05661093,grey,
cg05661869,grey,DIP2C
cg05664664,grey,ANXA7
cg05666130,grey,N4BP2L2
cg05666828,grey,SMAD1
cg05668405,turquoise,TRIM27
cg05668580,turquoise,GABRG2
cg05670461,turquoise,VEPH1
cg05671347,turquoise,CDC5L
cg05671386,grey,CLUAP1
cg05671758,grey,PIGQ
cg05672026,grey,
cg05674437,grey,PIGZ
cg05674990,blue,MMP25
cg05676377,turquoise,BTN2A2
cg05676450,turquoise,PITPNM3
cg05678191,brown,SALL3
cg05678571,grey,FNDC1
cg05682561,turquoise,SFRP4
cg05684005,grey,MED12L
cg05684406,turquoise,SLC7A4
cg05693308,grey,RTKN2
cg05694749,grey,FAT3
cg05695937,grey,NAV1
cg05696706,turquoise,PLEC1
cg05696801,grey,PEBP1
cg05697101,turquoise,HNRPLL
cg05698228,turquoise,ENC1
cg05699136,turquoise,BACH1
cg05700724,grey,
cg05701478,grey,
cg05701676,black,ARHGEF17
cg05705964,grey,CTPS
cg05706624,turquoise,WSCD1
cg05709124,turquoise,C2orf82
cg05711928,grey,DNAJC13
cg05712507,turquoise,GPN3
cg05716504,grey,EAF1
cg05718343,turquoise,CHEK2
cg05719877,blue,C11orf71
cg05720454,turquoise,OLIG1
cg05722872,yellow,RAB5A
cg05724492,grey,LMF1
cg05724871,grey,L3MBTL4
cg05724965,turquoise,C11orf63
cg05725404,grey,NDRG4
cg05726600,grey,TMEM176B
cg05729249,grey,PRKAR1B
cg05729499,turquoise,HIST1H2AL
cg05730301,turquoise,RPS24
cg05731021,grey,KBTBD2
cg05731122,turquoise,RPAP3
cg05731183,blue,
cg05731801,grey,EMP2
cg05732436,turquoise,C1D
cg05732876,turquoise,TOP3B
cg05733364,turquoise,NMT2
cg05735659,turquoise,RPAP3
cg05736120,blue,PHF10
cg05737522,grey,PGCP
cg05738196,grey,
cg05739190,turquoise,CCNJ
cg05740763,grey,
cg05741490,turquoise,FDX1
cg05744510,turquoise,EIF1
cg05747376,turquoise,GNPDA2
cg05749548,turquoise,NUDT15
cg05753675,turquoise,RNF216
cg05754408,turquoise,ZNF26
cg05755010,turquoise,ACP6
cg05756848,turquoise,AGPAT9
cg05758066,grey,
cg05758861,grey,BAI1
cg05759718,grey,AGBL4
cg05766510,grey,PTPRN2
cg05767404,grey,C1orf150
cg05767788,blue,HSPD1
cg05768908,turquoise,C10orf78
cg05771342,grey,MRGPRF
cg05772155,grey,
cg05773442,turquoise,CHID1
cg05775809,turquoise,LDB1
cg05776084,blue,CDV3
cg05779406,grey,ZFAND2A
cg05780074,turquoise,SEC31A
cg05783139,grey,BOLL
cg05783998,turquoise,
cg05785394,turquoise,BAT5
cg05785424,grey,
cg05785488,turquoise,UBFD1
cg05785686,blue,TTC32
cg05786725,grey,RPA2
cg05789608,turquoise,DSTYK
cg05790237,grey,EFCAB2
cg05791153,grey,TWISTNB
cg05791173,grey,
cg05792003,turquoise,TMEM56
cg05794227,blue,OGFOD1
cg05794325,turquoise,TXNDC12
cg05795157,turquoise,PIAS3
cg05797186,grey,RBBP4
cg05797418,turquoise,TRIOBP
cg05797660,turquoise,PLEKHF2
cg05798523,turquoise,IMPA1
cg05799058,grey,
cg05800356,grey,MLKL
cg05800683,turquoise,KCTD1
cg05802141,green,SEZ6L2
cg05802532,turquoise,RSBN1L
cg05804587,turquoise,HIST1H2AC
cg05805236,grey,PCNXL3
cg05805973,turquoise,TTC39C
cg05806620,turquoise,ZNF250
cg05806645,grey,PPP1R3B
cg05807991,grey,TRAM1L1
cg05812663,grey,NFRKB
cg05819860,grey,NCRNA00171
cg05820861,grey,C1QTNF9
cg05824484,blue,IL17RA
cg05825244,grey,EBF4
cg05826245,turquoise,STYK1
cg05827058,turquoise,
cg05827468,grey,
cg05831673,turquoise,STYX
cg05835726,grey60,HOXA5
cg05839875,turquoise,FYB
cg05840612,turquoise,
cg05840931,grey,EIF4B
cg05841967,turquoise,NAA38
cg05843340,grey,
cg05844583,turquoise,SLC19A3
cg05844852,turquoise,PPP2R5E
cg05845292,turquoise,SNN
cg05845376,grey,SLC25A2
cg05847075,grey,
cg05847772,turquoise,MPZL3
cg05849772,grey,ITFG3
cg05852276,grey,PCDHB11
cg05852568,grey,TEKT4
cg05852623,blue,C17orf53
cg05855489,turquoise,C10orf26
cg05856321,grey,
cg05857826,turquoise,POFUT1
cg05857979,turquoise,SOX8
cg05857996,grey,EBF4
cg05857999,grey,
cg05859214,grey,VDAC1
cg05860956,grey,SLC6A12
cg05862027,grey,C16orf87
cg05862135,turquoise,HCFC1R1
cg05864696,grey,TRIM26
cg05865436,blue,ZNF766
cg05865567,turquoise,NXF1
cg05866214,tan,
cg05867154,turquoise,PRKG1
cg05869007,grey,KLHL2
cg05869503,turquoise,TEPP
cg05871781,turquoise,BAT3
cg05872129,grey,
cg05875121,grey,
cg05875302,grey,
cg05875700,grey,ERICH1
cg05880302,grey,
cg05880810,grey,FAM174A
cg05882878,blue,CEBPZ
cg05885020,turquoise,TCF25
cg05886546,grey,WNK4
cg05886952,turquoise,RABAC1
cg05888082,turquoise,DZIP3
cg05888755,grey,LOC404266
cg05890377,grey,
cg05890887,turquoise,RPL9
cg05891497,turquoise,NAT9
cg05895034,grey,PRSS22
cg05898602,turquoise,TMEM97
cg05898618,grey,KCNQ1
cg05899064,brown,CABP4
cg05900430,grey,
cg05902483,grey,RIPK1
cg05903251,turquoise,TBL3
cg05903289,grey,
cg05903872,grey,DIP2C
cg05904966,grey,C5orf49
cg05905176,grey,TNFAIP8L3
cg05908775,turquoise,ZNF211
cg05912299,grey,
cg05915609,grey,PRSS22
cg05915794,grey,HRNBP3
cg05917225,turquoise,NEDD9
cg05922925,turquoise,MTA1
cg05926266,turquoise,C13orf23
cg05926280,turquoise,CCNI
cg05926586,grey,CCDC33
cg05926928,grey,GDPD1
cg05927579,grey,KCNK15
cg05927817,grey,
cg05931087,turquoise,TROVE2
cg05931119,grey,
cg05931345,turquoise,LASS2
cg05931423,grey,
cg05931586,turquoise,C19orf26
cg05932042,grey,PLEKHH3
cg05933935,grey,NPHP4
cg05934874,turquoise,VPS4B
cg05935360,turquoise,ECSIT
cg05935904,grey,
cg05939928,blue,EFCAB2
cg05943975,turquoise,MLEC
cg05945030,grey,PRDM10
cg05945230,grey,
cg05945661,turquoise,
cg05947570,blue,PTEN
cg05949524,turquoise,CBX4
cg05950276,grey,TMTC4
cg05952817,grey,TMEM132C
cg05953927,green,BOC
cg05954989,blue,PAOX
cg05956498,grey,EFHA2
cg05959241,grey,IPO7
cg05964000,grey,USP24
cg05964721,pink,LRTOMT
cg05965417,turquoise,M6PR
cg05965892,grey,
cg05966045,turquoise,UBL3
cg05966809,turquoise,SNX24
cg05970846,grey,TUFM
cg05972047,turquoise,ANGPTL5
cg05976119,turquoise,RNF41
cg05976652,turquoise,ARID5B
cg05977551,turquoise,ASAH2B
cg05979501,turquoise,EZH1
cg05981907,turquoise,CDC6
cg05982271,blue,CDKL2
cg05983218,blue,AGPAT6
cg05983326,grey,PCDHGA1
cg05983883,turquoise,POLR2K
cg05984388,turquoise,MAPK3
cg05985712,turquoise,CNOT10
cg05986044,grey,IAH1
cg05986680,turquoise,MTIF2
cg05987650,grey,CCND2
cg05989381,turquoise,AVL9
cg05991492,grey,
cg05992904,grey,FAM19A5
cg05993306,turquoise,HNRNPA0
cg05993386,grey,C15orf23
cg05994148,turquoise,PACSIN1
cg05994672,turquoise,NDRG1
cg05995360,grey,
cg05995555,grey,
cg05998153,turquoise,CAMLG
cg05999245,grey,FKBP11
cg05999287,grey,MET
cg06002665,grey,HECW1
cg06005571,blue,WDR51A
cg06007607,turquoise,CYB5A
cg06008158,turquoise,PCM1
cg06008419,grey,
cg06008724,grey,PHF21B
cg06012493,turquoise,PAIP1
cg06017677,midnightblue,DENR
cg06019718,turquoise,TBCCD1
cg06023487,grey,ZSWIM6
cg06023702,blue,PAIP2B
cg06024623,brown,NCOR2
cg06024852,turquoise,SHCBP1
cg06027927,grey,
cg06028605,grey,SLC5A11
cg06030219,turquoise,ABCG1
cg06032337,lightgreen,
cg06035161,grey,ACTR8
cg06035645,grey,ACSF3
cg06038342,grey,RASA3
cg06038358,grey,PROC
cg06039747,grey,
cg06042504,grey,
cg06044756,grey,CUEDC1
cg06045746,grey,RRM2B
cg06046434,blue,CLP1
cg06047990,blue,
cg06048524,turquoise,CXCL12
cg06053805,grey,ATM
cg06054963,turquoise,CCDC85B
cg06058187,turquoise,GZMA
cg06058576,grey,SLC9A3
cg06060137,turquoise,
cg06060522,grey,
cg06060673,blue,CBX6
cg06060754,grey,RGS14
cg06061257,grey,SDK2
cg06062423,grey,
cg06062519,turquoise,ARID5B
cg06063519,grey,IGF1R
cg06064525,grey,AP2A2
cg06064716,grey,
cg06067032,yellow,RNF6
cg06067394,grey,IGSF9B
cg06068338,grey,ASPH
cg06068627,turquoise,TIPARP
cg06069179,blue,CCT6B
cg06070290,grey,DNAH11
cg06071395,turquoise,BRD2
cg06073449,turquoise,T
cg06073570,grey,
cg06074256,grey,MDC1
cg06074994,turquoise,WNT2
cg06075520,grey,PTPN12
cg06077305,grey,PRSS22
cg06080267,turquoise,MAN1C1
cg06080948,grey,PAOX
cg06081153,turquoise,SRPK2
cg06081482,turquoise,ATM
cg06081609,turquoise,SASH1
cg06083525,blue,GPN2
cg06085476,turquoise,CLOCK
cg06085657,grey,B3GNT6
cg06085890,turquoise,ROBLD3
cg06087185,grey,
cg06087298,turquoise,FAM46C
cg06087619,grey,
cg06087962,turquoise,IQCC
cg06088084,grey,BMS1P1
cg06090660,grey,CDH2
cg06090739,turquoise,UBE4A
cg06092502,grey,
cg06092953,grey,LOC100130522
cg06093506,grey,
cg06095699,turquoise,ACTR6
cg06097707,turquoise,TAPBP
cg06098368,grey,
cg06099431,grey,
cg06100373,grey,CCDC18
cg06100807,grey,RHCG
cg06100899,turquoise,DBNDD2
cg06102790,grey,SLC25A30
cg06102954,grey,MX2
cg06108461,grey,TAF4
cg06109664,grey,EIF4E
cg06110692,turquoise,SCFD2
cg06111799,salmon,IFT57
cg06114471,turquoise,ZNF785
cg06117184,blue,CKAP2L
cg06118626,turquoise,RGL2
cg06119628,turquoise,PRCC
cg06121461,salmon,ATP5A1
cg06124660,grey,
cg06125055,yellow,FKBP7
cg06125576,grey,SPRY2
cg06127263,turquoise,DTHD1
cg06127931,turquoise,PLCXD2
cg06128195,turquoise,C6orf176
cg06130950,grey,ZNF202
cg06131526,turquoise,FBXO5
cg06131755,grey,ACAT2
cg06132400,grey,
cg06134690,turquoise,VAC14
cg06140118,blue,DDX28
cg06142043,turquoise,MUTED
cg06143663,grey,CLEC16A
cg06145435,grey,CYP2W1
cg06148974,turquoise,
cg06150148,grey,LONRF2
cg06150369,grey,RPL32P3
cg06150642,turquoise,CBX1
cg06151464,turquoise,MIR548N
cg06151625,turquoise,RPL15
cg06151683,turquoise,C6orf115
cg06152496,turquoise,C10orf4
cg06153102,grey,
cg06153298,grey,FAM38A
cg06153538,grey,KIAA1715
cg06154419,turquoise,H3F3B
cg06156034,turquoise,HNRPLL
cg06157277,turquoise,PYROXD1
cg06157539,turquoise,MAPRE2
cg06159404,grey,
cg06161540,grey,UBE2I
cg06161550,grey,GALNT9
cg06162746,turquoise,CAND1
cg06164185,turquoise,TNFAIP1
cg06164660,turquoise,TMEM132C
cg06167719,grey,HLCS
cg06168050,blue,ZNF207
cg06168204,grey,
cg06170754,turquoise,CCNI
cg06173682,turquoise,CEPT1
cg06174606,grey,
cg06179060,turquoise,EDNRB
cg06182923,grey,CSMD2
cg06183947,turquoise,C6orf217
cg06188367,grey,
cg06189986,turquoise,ZC3H4
cg06191719,turquoise,CDKN1C
cg06191810,turquoise,JMJD8
cg06193723,turquoise,AICDA
cg06196926,grey,PRDM4
cg06197574,turquoise,
cg06199468,turquoise,C16orf80
cg06200996,grey,TMEM132D
cg06201514,grey,MYT1L
cg06203471,turquoise,DUSP23
cg06205333,grey,RAP1A
cg06205817,turquoise,RSRC2
cg06206086,grey,EIF2C3
cg06206357,grey,MYL10
cg06207852,blue,MKL1
cg06210054,grey,
cg06211550,grey,
cg06212582,grey,
cg06213463,turquoise,MT3
cg06213635,grey,
cg06216650,grey,
cg06218066,turquoise,ZDHHC4
cg06218113,turquoise,USP22
cg06218338,grey,
cg06221218,turquoise,PARS2
cg06221449,grey,
cg06221963,grey,KCNN3
cg06222220,blue,LRRC29
cg06223162,grey,GPR88
cg06227257,turquoise,FAM98A
cg06230948,turquoise,TAPBP
cg06231372,blue,PXMP4
cg06237608,turquoise,CHD2
cg06238316,grey,ZNF714
cg06238736,turquoise,ARHGAP1
cg06238864,turquoise,TOMM22
cg06239285,turquoise,ASRGL1
cg06241208,grey,C11orf46
cg06241885,grey,OR5B3
cg06242063,turquoise,ADRBK1
cg06242242,grey,PRKAR1B
cg06242599,grey,
cg06244522,midnightblue,MIS12
cg06245158,turquoise,
cg06245997,blue,PGAP2
cg06248182,turquoise,ERAL1
cg06248406,red,TMC8
cg06248560,grey,BRUNOL4
cg06249604,grey,RNF39
cg06250059,turquoise,PIGL
cg06251078,turquoise,PEX5
cg06252382,turquoise,SLC31A2
cg06252810,grey,
cg06256295,turquoise,HSP90AB1
cg06257227,turquoise,BRIP1
cg06259025,grey,THSD1P
cg06263372,grey,BRUNOL4
cg06264303,turquoise,ZNF33A
cg06270074,grey,FBXW7
cg06272678,turquoise,PIK3R3
cg06273041,turquoise,FLOT1
cg06274917,blue,ZNF785
cg06281716,turquoise,KIAA1841
cg06281719,grey,GMNN
cg06282829,brown,TRIM42
cg06286685,grey,BTBD11
cg06287927,turquoise,ACD
cg06295987,grey,
cg06297470,turquoise,PDE3B
cg06298244,grey,KRT23
cg06298689,grey,RTTN
cg06299284,grey,DRD4
cg06299997,grey,COL1A2
cg06301252,grey,PTPRN2
cg06302533,turquoise,PCDHB18
cg06303288,turquoise,KIAA1949
cg06303772,turquoise,UNC13A
cg06304097,grey,TCERG1L
cg06304787,grey,CTU2
cg06305340,turquoise,SLC7A6
cg06308025,green,
cg06308258,brown,
cg06310816,grey,GLI3
cg06312136,grey,
cg06314748,grey,
cg06315390,turquoise,FAM118A
cg06316553,turquoise,DDX59
cg06316695,grey,RING1
cg06317056,turquoise,TP53
cg06319390,grey,CCT3
cg06320134,grey,KLHL21
cg06322988,grey,PRR23A
cg06326278,grey,RASA3
cg06328288,grey,PHKG2
cg06329735,grey,KLHL35
cg06331271,turquoise,TTC17
cg06335251,turquoise,ZNF438
cg06340200,turquoise,TXNDC11
cg06341513,turquoise,LRRC10B
cg06341731,grey,BCL11B
cg06348377,grey,
cg06350353,turquoise,
cg06351537,grey,
cg06351596,grey,TRDMT1
cg06352443,turquoise,KIF26B
cg06352730,grey,
cg06353611,turquoise,SCNM1
cg06357843,grey,PANX2
cg06358970,turquoise,
cg06360820,grey,
cg06362065,turquoise,DLGAP1
cg06362348,turquoise,TMCO4
cg06363485,grey,
cg06363887,turquoise,UTP3
cg06364023,grey,RBM15B
cg06364629,blue,EIF2B4
cg06366213,turquoise,UBE2G1
cg06366585,grey,RPRD2
cg06370133,turquoise,
cg06373584,grey,
cg06375085,blue,RASSF1
cg06375580,turquoise,GXYLT1
cg06375761,grey,TAPBP
cg06378434,turquoise,APBB1IP
cg06381587,turquoise,MRPL54
cg06382028,grey,
cg06383531,turquoise,HDGF2
cg06383759,turquoise,C17orf71
cg06385583,turquoise,
cg06387496,grey,GNA12
cg06390613,grey,TMEM198
cg06391894,turquoise,LRRC20
cg06394109,grey,
cg06394897,turquoise,AK2
cg06398242,grey,PRKCE
cg06400119,grey,PTPRN2
cg06402602,grey,FBXO31
cg06405765,blue,PPP4C
cg06406012,turquoise,ZNF561
cg06406026,grey,
cg06406300,turquoise,PLEKHH3
cg06406458,grey,DOCK1
cg06407663,grey,HIPK3
cg06411724,grey,MEOX2
cg06415304,turquoise,SBK1
cg06416472,turquoise,
cg06417478,grey,HOOK2
cg06418219,turquoise,SHC1
cg06419659,grey,S100A13
cg06419732,grey,CDK18
cg06419750,grey,GLT1D1
cg06419850,grey,VMO1
cg06420049,turquoise,CHEK1
cg06421633,turquoise,LUC7L3
cg06422039,grey,SSTR5
cg06422309,grey,ADARB2
cg06422757,turquoise,PXT1
cg06423211,grey,
cg06423975,turquoise,BANP
cg06424594,turquoise,PNMT
cg06429194,grey,
cg06429214,grey,TMEM232
cg06432119,grey,NLRP6
cg06433816,grey,EXD3
cg06434353,grey,TMED7-TICAM2
cg06436655,turquoise,UBL5
cg06437840,grey,HLA-DPB1
cg06440615,grey,C20orf96
cg06441362,grey,
cg06442836,turquoise,PITPNB
cg06444984,red,NPR1
cg06449742,turquoise,CCDC137
cg06456258,turquoise,SMCR7L
cg06457633,turquoise,APBB1IP
cg06458732,turquoise,SELI
cg06460475,grey,RBMXL2
cg06460869,turquoise,VIM
cg06463800,turquoise,
cg06470855,grey,
cg06471380,grey,
cg06474219,grey,POLR1C
cg06474323,blue,NR1D1
cg06476337,turquoise,NDUFS4
cg06476886,blue,ZNF44
cg06477715,turquoise,LOC100288730
cg06480249,turquoise,
cg06481168,grey,C4orf39
cg06484146,grey,VWDE
cg06491573,grey,KLF15
cg06494592,grey,
cg06500337,grey,
cg06503573,grey,TNNT3
cg06503907,turquoise,SYCP2L
cg06505394,turquoise,HNRNPUL1
cg06508783,turquoise,GNAI2
cg06509223,grey,
cg06509661,grey,TARBP1
cg06509837,grey,HCN2
cg06510830,turquoise,C21orf45
cg06512858,turquoise,SOX4
cg06513375,grey,ZNF251
cg06515732,turquoise,CAND1
cg06516331,grey,SNIP1
cg06516543,grey,
cg06517794,grey,USP33
cg06523340,blue,GNPAT
cg06524264,grey,C20orf96
cg06527181,blue,C20orf132
cg06527539,brown,PLCD3
cg06527865,blue,IRF2BP2
cg06529658,grey,RNF5P1
cg06531573,grey,PRR25
cg06532346,turquoise,BLOC1S1
cg06537526,grey,
cg06537680,blue,
cg06538660,turquoise,ALS2
cg06543087,blue,VAV3
cg06545180,black,ROMO1
cg06545189,turquoise,ADK
cg06545361,turquoise,FAM84A
cg06546677,grey,HSF1
cg06546722,turquoise,UGP2
cg06547771,turquoise,TTC17
cg06549238,grey,C11orf75
cg06549275,grey,ASAP2
cg06550177,turquoise,
cg06552037,turquoise,INHA
cg06552369,turquoise,GLS
cg06555155,turquoise,TMEM181
cg06556616,turquoise,ESCO2
cg06557057,turquoise,
cg06557887,turquoise,CDC6
cg06559318,grey,HLA-DRB6
cg06559547,turquoise,SNHG5
cg06559874,grey,SPAG9
cg06560282,grey,PDGFD
cg06560760,grey,ARMC3
cg06563149,turquoise,PRR24
cg06563943,grey,COG1
cg06564284,grey,CALM3
cg06565641,grey,TRAPPC9
cg06565975,grey,SLURP1
cg06567836,grey,
cg06569993,grey,GLOD4
cg06570025,turquoise,OLIG1
cg06571075,grey,MACROD2
cg06572093,grey,
cg06573709,grey,
cg06573718,grey,APAF1
cg06573795,grey,AGGF1
cg06574335,turquoise,LYPD6B
cg06576532,grey,
cg06579345,turquoise,FAM45B
cg06579790,turquoise,SLC37A1
cg06582708,turquoise,DHRS7B
cg06582782,grey,
cg06583518,turquoise,ZNF540
cg06588556,grey,LDHAL6A
cg06588804,grey,
cg06589246,turquoise,SERAC1
cg06590946,grey,TRA2B
cg06592160,grey,FOXO1
cg06596955,grey,COQ6
cg06598332,grey,MIR152
cg06601633,turquoise,TRIM9
cg06602086,grey,IFT140
cg06603649,grey,C14orf143
cg06609049,grey,THOP1
cg06609250,turquoise,SYTL2
cg06610641,turquoise,ZNF527
cg06611532,grey,
cg06614534,grey,CREBBP
cg06615097,turquoise,DHRS1
cg06615719,turquoise,APC2
cg06615754,grey,ZNF551
cg06616476,blue,ZFR2
cg06618322,blue,AKAP13
cg06618935,grey,
cg06621094,grey,
cg06623474,grey,
cg06623560,turquoise,
cg06625258,blue,CCDC51
cg06627077,turquoise,ZC3H4
cg06627617,grey,ASAP2
cg06628693,turquoise,PRKACB
cg06629549,turquoise,DDX23
cg06632027,turquoise,SNCA
cg06632214,grey,IFITM1
cg06632790,grey,IGF2BP3
cg06634786,turquoise,POLR3H
cg06635371,turquoise,TMEM179B
cg06635392,turquoise,TBX18
cg06635624,turquoise,RNF145
cg06635871,grey,DPPA3
cg06636527,turquoise,PDE4DIP
cg06636551,grey,SPAG1
cg06639079,turquoise,C19orf36
cg06643150,turquoise,
cg06643390,turquoise,GPR161
cg06643849,grey,AURKC
cg06644844,grey,ANKRD30A
cg06646715,grey,NACA2
cg06647026,grey,DAPK3
cg06652675,turquoise,STARD13
cg06653045,grey,KCNJ2
cg06654302,turquoise,DDX60L
cg06654604,turquoise,SAMD9L
cg06654697,grey,ITGB2
cg06657243,turquoise,MIAT
cg06657462,yellow,EXOC6
cg06657917,grey,HCN2
cg06659169,turquoise,ZNF74
cg06662140,grey,KLHDC7A
cg06663068,turquoise,PRRT3
cg06665941,yellow,IFNAR2
cg06666486,turquoise,EIF2AK1
cg06667063,yellow,MFSD1
cg06667316,grey,PRKCSH
cg06669374,grey,
cg06671561,turquoise,COX6B1
cg06674527,grey,LOC390594
cg06675417,grey,
cg06679270,grey,LASS3
cg06679296,grey,TNNT3
cg06680214,turquoise,ZBTB9
cg06680906,grey,MIR548H4
cg06685968,turquoise,
cg06686306,turquoise,ABCF3
cg06688763,grey,CDK6
cg06691343,grey,
cg06691810,turquoise,TRIM35
cg06693983,grey,TMEM190
cg06695338,grey,FAT1
cg06697017,grey,
cg06699195,grey,
cg06699216,grey,CSGALNACT1
cg06699848,grey,ST5
cg06703062,blue,MATN1
cg06703079,grey,PIK3R3
cg06705366,yellow,FAM169A
cg06705862,grey,
cg06707236,grey,C19orf22
cg06708390,grey,TRAPPC9
cg06709324,turquoise,SOAT1
cg06709766,turquoise,MSH3
cg06710672,grey,
cg06710981,grey,DMPK
cg06711307,blue,MRPL4
cg06712181,grey,DCTPP1
cg06712559,blue,AGRN
cg06712767,grey,
cg06713098,grey,IGFBP3
cg06713267,blue,BSDC1
cg06713675,grey,EXOSC9
cg06715136,grey,PTPRN2
cg06716182,grey,MAML2
cg06716730,grey,DUSP14
cg06719391,blue,KCNQ1
cg06720244,grey,ZC3H13
cg06722870,grey,AGAP1
cg06723863,grey,ESRP2
cg06725997,grey,
cg06726167,turquoise,TMEM107
cg06726740,brown,CACNA1C
cg06726747,turquoise,GGNBP2
cg06726860,grey,FGF8
cg06728252,grey,ABT1
cg06732667,grey,TRAPPC9
cg06733736,blue,BTBD12
cg06735806,magenta,MIPOL1
cg06737308,grey,ENPP6
cg06739303,grey,LOC441666
cg06740227,grey,RASSF9
cg06740311,grey,CEP76
cg06741367,grey,
cg06742891,turquoise,CIC
cg06743703,grey,
cg06745695,turquoise,MTL5
cg06746318,brown,CUX1
cg06746360,turquoise,RPL23A
cg06747745,black,TBCEL
cg06751007,grey,RNF213
cg06751175,grey,OSBPL9
cg06751705,turquoise,C7orf44
cg06752695,turquoise,KIAA0319
cg06753883,turquoise,MIIP
cg06753949,blue,
cg06754557,grey,STK39
cg06756169,grey,TUBGCP5
cg06756499,grey,RABGAP1L
cg06758350,grey,RUNX1
cg06759629,grey,
cg06760277,turquoise,RTDR1
cg06760423,brown,HEATR2
cg06761167,brown,
cg06762403,turquoise,DGKA
cg06764152,grey,JARID2
cg06765552,grey,
cg06765956,grey,
cg06766960,grey,
cg06768644,grey,USP49
cg06768944,grey,
cg06770568,turquoise,FAM111A
cg06771126,grey,HOPX
cg06772644,turquoise,ZNF684
cg06773023,turquoise,EFR3A
cg06776588,turquoise,
cg06776824,pink,YWHAZ
cg06777732,grey,
cg06779606,grey,CARD11
cg06780839,turquoise,DKFZP434H168
cg06785302,turquoise,EXT1
cg06785746,yellow,WNT3
cg06787317,grey,ARHGEF7
cg06787431,blue,ETV5
cg06789412,blue,RPL24
cg06789517,grey,SYT6
cg06790492,grey,TBC1D16
cg06791446,grey,FGFR2
cg06791546,grey,
cg06794253,blue,
cg06795971,blue,TET2
cg06796435,grey,LTB4R2
cg06796806,turquoise,ZDHHC24
cg06797068,grey,DDX43
cg06798480,red,SETD5
cg06799298,turquoise,ZZEF1
cg06800849,grey,ACSF3
cg06802365,turquoise,DNAH14
cg06802812,turquoise,PTGER4
cg06804154,green,PSRC1
cg06805280,turquoise,CYR61
cg06805546,turquoise,TAGAP
cg06805642,grey,C10orf18
cg06807379,turquoise,DAPK3
cg06808011,grey,ZNF200
cg06809298,grey,COX7A2
cg06809455,turquoise,NAA38
cg06811478,turquoise,XKR6
cg06814136,grey,CRYBG3
cg06815243,brown,
cg06815754,magenta,BCL7C
cg06816875,grey,CAMTA1
cg06817312,grey,EXOG
cg06817669,grey,C15orf5
cg06820296,grey,EXPH5
cg06820586,turquoise,RTN1
cg06821828,grey,
cg06823034,grey,LTB4R
cg06824297,turquoise,RWDD2B
cg06824382,turquoise,
cg06824583,blue,ATP8B2
cg06825163,grey,LGR6
cg06825383,turquoise,KIAA0415
cg06826908,grey,OSBPL9
cg06828730,turquoise,PFKM
cg06829695,grey,CTCF
cg06831064,grey,CASKIN1
cg06833102,grey,
cg06833823,grey,LOC441666
cg06834261,turquoise,ALS2CR8
cg06837552,grey,
cg06837568,grey,WSCD2
cg06838921,blue,APRT
cg06839380,turquoise,WDR8
cg06840659,grey,MGAT1
cg06840699,turquoise,DAD1
cg06841052,grey,PARD3
cg06842519,turquoise,SYDE2
cg06842781,turquoise,NDNL2
cg06843687,turquoise,ADAMTS16
cg06845943,turquoise,PEAR1
cg06846512,turquoise,BTBD7
cg06847624,grey,PFN3
cg06848802,grey,TACR1
cg06849719,turquoise,
cg06850787,grey,
cg06850852,turquoise,KIAA1530
cg06851207,grey,PNMAL1
cg06851253,turquoise,CHCHD4
cg06851900,grey,ATP1A1
cg06852942,grey,SLC9A3
cg06853609,turquoise,LRRFIP2
cg06860555,grey,NCRNA00081
cg06860618,turquoise,UGDH
cg06860864,grey,
cg06862049,grey,LMTK3
cg06862673,grey,CDK12
cg06864789,grey,
cg06865629,grey,MIR1-2
cg06866005,turquoise,FEM1C
cg06867482,grey,FAM38A
cg06869415,turquoise,CFL2
cg06869532,magenta,XAB2
cg06870609,turquoise,FANCI
cg06870868,turquoise,PSMB8
cg06871246,grey,KIAA1530
cg06872500,grey,S100A6
cg06873352,grey,STRADA
cg06873684,blue,HDGF2
cg06874656,turquoise,NTM
cg06874920,blue,NUBP2
cg06875413,grey,
cg06876708,turquoise,CYB5R1
cg06876710,turquoise,PPP2R2A
cg06878649,grey,WFDC1
cg06879630,turquoise,C16orf63
cg06880615,grey,GRIN2A
cg06884679,brown,VARS
cg06888460,grey,LDHAL6A
cg06888746,grey,SH3PXD2A
cg06889484,turquoise,MPV17L2
cg06889571,grey,ADARB2
cg06891548,turquoise,GGPS1
cg06895436,tan,
cg06896906,turquoise,USP36
cg06897120,tan,LOC342346
cg06897442,grey,PCDHB19P
cg06897790,turquoise,TMEM161B
cg06899053,turquoise,
cg06902200,turquoise,ZSWIM6
cg06904287,turquoise,FBXO3
cg06905132,turquoise,ADCK1
cg06905511,grey,CXXC5
cg06905679,grey,GLIS1
cg06906472,grey,ST6GAL2
cg06907229,grey,PSTK
cg06910254,turquoise,ZNF213
cg06911843,turquoise,DSCR3
cg06914774,grey,
cg06915545,grey,
cg06916001,grey,MIR365-1
cg06916446,turquoise,
cg06916706,turquoise,CORO7
cg06916894,grey,
cg06917450,grey,C1orf109
cg06917634,grey,PSMA4
cg06918474,grey,MARCH3
cg06919568,turquoise,TCF25
cg06925387,grey,TRIM68
cg06926377,grey,
cg06927165,turquoise,
cg06930513,grey,ZMYM2
cg06933752,blue,FAU
cg06935598,turquoise,RCOR3
cg06935979,grey,KIAA1383
cg06937548,turquoise,PDHX
cg06938133,grey,WDR45L
cg06939115,blue,DNAJA2
cg06940482,grey,LPHN2
cg06940851,turquoise,UBR3
cg06942027,turquoise,KCNJ2
cg06942314,turquoise,KIAA1012
cg06945936,grey,KIRREL2
cg06948985,turquoise,FAM188A
cg06950634,grey,
cg06951450,turquoise,FOXRED1
cg06952910,blue,CCNA2
cg06953130,grey,C10orf47
cg06956232,turquoise,
cg06958453,brown,KCNB2
cg06958563,turquoise,LOC645323
cg06958766,grey,TGFB3
cg06959182,turquoise,SEMA6A
cg06960562,grey,
cg06960824,turquoise,ADORA2B
cg06963182,turquoise,
cg06963648,grey,LRP10
cg06964475,grey,
cg06972019,grey,ENO1
cg06972969,grey,PHYHIPL
cg06974755,turquoise,RALGDS
cg06974961,turquoise,
cg06975979,grey,LRRC61
cg06976003,grey,UBN1
cg06976598,turquoise,PRKG1
cg06978021,blue,TCFL5
cg06978117,grey,C11orf53
cg06983483,turquoise,DIAPH1
cg06986263,turquoise,
cg06988236,blue,TRIM39
cg06988897,grey,FAM38A
cg06995565,blue,TMEM231
cg06995575,yellow,DPY30
cg06997275,grey,PLEKHM3
cg06998282,turquoise,ENPP2
cg06999381,grey,NHEDC1
cg06999776,turquoise,SEMA4F
cg07000126,blue,
cg07001481,blue,DERL2
cg07003632,grey,EML1
cg07004744,grey,ERICH1
cg07005078,turquoise,LAP3
cg07007382,grey,
cg07007674,turquoise,IQGAP1
cg07011172,grey,ADRA1B
cg07011961,grey,PRDM9
cg07014827,turquoise,PADI2
cg07015775,turquoise,ZNHIT6
cg07016276,yellow,HLA-F
cg07016483,turquoise,STAU2
cg07017994,blue,EPHB6
cg07018435,grey,
cg07018452,turquoise,LRTOMT
cg07019536,turquoise,ANKH
cg07020327,turquoise,CDC23
cg07021052,grey,
cg07023902,turquoise,INO80B
cg07024339,grey,ONECUT2
cg07025785,grey,
cg07026259,turquoise,NFATC3
cg07026454,turquoise,GPR172A
cg07027174,turquoise,FAM102B
cg07030339,grey,ALDH1A3
cg07031665,pink,C11orf67
cg07031797,grey,TTLL8
cg07031916,turquoise,C1orf58
cg07032258,grey,ARNTL
cg07033372,grey,SLC32A1
cg07034362,grey,ALDH1L1
cg07035145,turquoise,PYGL
cg07035298,grey,C11orf30
cg07035436,grey,
cg07037852,grey,
cg07038191,grey,KIF22
cg07039423,grey,KCP
cg07040834,turquoise,
cg07041218,turquoise,MAP3K7IP2
cg07041999,grey,
cg07044032,turquoise,DUT
cg07044115,grey,
cg07044859,grey,
cg07045469,grey,ABCA13
cg07049998,turquoise,AGTRAP
cg07050555,turquoise,FBRSL1
cg07056260,grey,TMEM132D
cg07057042,grey,RAB5A
cg07058639,turquoise,TINF2
cg07062847,grey,
cg07063745,turquoise,LANCL1
cg07063853,turquoise,API5
cg07063911,grey,SNX4
cg07064331,turquoise,C16orf86
cg07065220,grey,
cg07068956,grey,ZAN
cg07074309,grey,SIDT1
cg07074390,grey,PSMG1
cg07075026,grey,IGF2BP1
cg07075347,grey,PGAM2
cg07076277,turquoise,ICA1L
cg07076661,turquoise,ANKRD12
cg07076816,grey,
cg07080220,turquoise,HIF1AN
cg07081887,turquoise,ISY1
cg07082158,turquoise,CAMK2D
cg07085590,grey,PARD3B
cg07086945,grey,
cg07087293,turquoise,SCNN1B
cg07088555,grey,
cg07089990,turquoise,PNPT1
cg07092448,grey,TDRKH
cg07092593,turquoise,MARCKSL1
cg07093428,grey,LDHC
cg07093776,grey,PRKCZ
cg07094169,grey,SRGAP3
cg07094533,turquoise,TIGD1
cg07096206,turquoise,FLJ32065
cg07097636,blue,TMEM97
cg07097673,turquoise,SNORA9
cg07099606,grey,
cg07100532,grey,ENOSF1
cg07102302,turquoise,GPR137B
cg07103917,turquoise,HTATIP2
cg07104388,grey,GNAI3
cg07104919,grey,C11orf49
cg07105947,grey,
cg07105958,turquoise,ASNS
cg07106432,turquoise,SNX17
cg07107441,grey,C3orf10
cg07107824,turquoise,
cg07108206,blue,NPPC
cg07110043,grey,FABP3
cg07111501,turquoise,ERN1
cg07113642,grey,CPXM1
cg07113870,grey,KIAA1244
cg07116010,grey,
cg07116194,turquoise,BAIAP3
cg07116732,grey,FBRSL1
cg07117119,turquoise,NFATC3
cg07119389,turquoise,PGBD1
cg07120314,turquoise,
cg07121856,grey,PON3
cg07121980,turquoise,PLDN
cg07125991,turquoise,PLBD2
cg07126095,turquoise,COTL1
cg07128799,turquoise,TCF7L2
cg07129212,grey,DAGLB
cg07130266,blue,RASSF1
cg07131398,grey,RNF17
cg07132441,brown,GALNT9
cg07132633,turquoise,LMO2
cg07133412,grey,CNIH
cg07134102,turquoise,C7orf27
cg07134622,grey,NAV1
cg07134666,lightgreen,
cg07135405,grey,UCKL1
cg07135964,turquoise,RBM12B
cg07136388,turquoise,NIPAL1
cg07137244,turquoise,NF1
cg07138399,grey,
cg07138768,grey,C7orf20
cg07139265,turquoise,ROPN1L
cg07139330,turquoise,BAI1
cg07140289,grey,
cg07140595,grey,CENPF
cg07142285,grey,APCDD1L
cg07142961,turquoise,ROCK1
cg07143532,yellow,COL24A1
cg07145255,yellow,DEPDC1B
cg07146104,yellow,
cg07147204,grey,
cg07148296,turquoise,SP8
cg07148458,grey,KCTD11
cg07148880,turquoise,KIF21B
cg07148919,grey,LPCAT1
cg07149862,turquoise,IVNS1ABP
cg07156249,grey,PSMB9
cg07157030,grey,RHOJ
cg07157602,turquoise,IFRD1
cg07157834,grey,PM20D1
cg07159131,grey,TRPC3
cg07159484,turquoise,BDNF
cg07159858,turquoise,FOS
cg07160278,turquoise,MEPCE
cg07160694,grey,DCAF5
cg07161369,grey,
cg07161872,turquoise,FAM190B
cg07162097,grey,ZFAND1
cg07162124,turquoise,
cg07162665,turquoise,C1QTNF1
cg07163475,turquoise,DDX21
cg07164600,turquoise,
cg07167168,grey,PTPRT
cg07167872,grey,PM20D1
cg07168142,grey,HSPB9
cg07169535,blue,KIAA1328
cg07171237,grey,CHFR
cg07173100,turquoise,RNASEH1
cg07179000,grey,GREM1
cg07179693,blue,EIF3M
cg07179770,turquoise,KLHL36
cg07180509,turquoise,TMEM9
cg07180603,turquoise,SMG7
cg07184922,grey,COPS7B
cg07185983,grey,
cg07186094,turquoise,UGP2
cg07187855,grey,DDR1
cg07190450,blue,MRPL22
cg07191900,grey,IL17RA
cg07195011,grey,CTNND2
cg07196014,turquoise,SIDT1
cg07196124,grey,BCAP29
cg07197526,grey,
cg07200850,turquoise,FA2H
cg07202461,grey,MIB1
cg07206676,grey,PITPNM3
cg07206840,blue,HBXIP
cg07207599,turquoise,USO1
cg07208513,turquoise,LITAF
cg07209034,brown,
cg07210466,grey,UBP1
cg07211050,blue,LRPPRC
cg07211103,grey,ARL1
cg07211739,turquoise,SON
cg07212292,turquoise,NADSYN1
cg07213482,grey,FAM13A
cg07215822,grey,
cg07216258,grey,NFKBIZ
cg07217030,grey,SLC45A4
cg07217151,turquoise,ALG14
cg07217625,turquoise,TRMT61B
cg07218516,red,FAM134C
cg07226193,turquoise,SWAP70
cg07226980,yellow,CDC42BPA
cg07229027,grey,ATAD2
cg07230380,grey,SCD
cg07231544,turquoise,MITF
cg07231649,turquoise,VPS45
cg07232688,grey,LRRC39
cg07233502,turquoise,NUP133
cg07234876,grey,
cg07235071,turquoise,LYSMD1
cg07236445,turquoise,DSCC1
cg07238058,grey,
cg07240554,turquoise,S100A11
cg07240673,turquoise,CLUAP1
cg07243103,turquoise,WDR90
cg07243941,turquoise,CORIN
cg07247133,grey,FGF1
cg07250080,blue,PSMB9
cg07252200,grey,
cg07254066,turquoise,IRX5
cg07254537,turquoise,KDELC2
cg07257824,grey,
cg07261734,turquoise,FNDC3A
cg07261848,turquoise,ACTL6A
cg07263562,grey,CCNA2
cg07264062,grey,ARHGEF10
cg07264401,grey,CLCN7
cg07264792,turquoise,PDXP
cg07266144,grey,PDLIM4
cg07271405,grey,TRIM44
cg07274235,turquoise,TESC
cg07278997,grey,UBE2W
cg07279281,blue,ALS2CL
cg07280807,grey,
cg07281377,brown,
cg07281688,blue,PTGES3
cg07285237,grey,
cg07286881,turquoise,MYBPC2
cg07287188,turquoise,
cg07287444,grey,HERPUD2
cg07293736,grey,
cg07293993,turquoise,MTHFS
cg07294177,salmon,KPNA4
cg07296849,grey,ABLIM2
cg07297681,grey,C8orf76
cg07298985,grey,PIWIL2
cg07300030,turquoise,COBLL1
cg07300316,turquoise,TMEM41A
cg07300976,turquoise,TRIM27
cg07302069,turquoise,HOXA7
cg07303308,blue,LOC286016
cg07303801,turquoise,SGSM1
cg07304315,grey,GPR123
cg07305938,turquoise,C17orf53
cg07307142,grey,HSD17B2
cg07307241,turquoise,TMED4
cg07307653,turquoise,TMOD2
cg07308931,green,TRIP13
cg07310946,grey,
cg07311024,grey,GLIPR1L2
cg07311313,turquoise,CDX2
cg07311521,blue,EGFR
cg07311968,turquoise,MEPCE
cg07312099,turquoise,ASAH1
cg07314337,grey,ARL6IP6
cg07314988,grey,ATHL1
cg07315766,turquoise,
cg07317755,turquoise,PDE12
cg07318049,blue,ATPIF1
cg07318284,turquoise,TRIM2
cg07321776,grey,KCNE1
cg07322678,turquoise,SLC25A30
cg07323141,grey,LOC151174
cg07323350,turquoise,VWA5A
cg07327202,turquoise,CDS2
cg07329467,turquoise,HIST1H2AD
cg07330718,grey,HYOU1
cg07336230,grey,KIF6
cg07338058,turquoise,GOLSYN
cg07338836,turquoise,SEPT7
cg07341007,grey,MUC4
cg07343445,grey,PACRG
cg07344955,grey,RASSF1
cg07346310,turquoise,RBM24
cg07347128,turquoise,
cg07350703,turquoise,UFM1
cg07353572,blue,CDC7
cg07355189,grey,ALOX5
cg07356130,turquoise,CTR9
cg07360893,turquoise,IFT80
cg07363697,grey,
cg07364009,grey,LONP2
cg07366506,grey,
cg07367395,grey,
cg07367434,turquoise,COL9A2
cg07368146,turquoise,NCRNA00219
cg07371589,grey,SEMA6C
cg07375277,grey,SIRT2
cg07376282,grey,GPR37
cg07376381,grey,LCK
cg07376541,turquoise,ZC3H13
cg07376753,grey,TMEM222
cg07377675,blue,USP1
cg07380496,grey,MAP1B
cg07381391,grey,
cg07382149,grey,ENSA
cg07382347,grey,RNF39
cg07382454,grey,TM6SF2
cg07385694,grey,GALNT9
cg07387429,grey,
cg07387607,grey,BAT2
cg07388801,turquoise,DBN1
cg07388903,turquoise,TOP2A
cg07391436,blue,PRELID2
cg07391610,turquoise,RCOR3
cg07392449,turquoise,FAM167A
cg07395436,grey,LYPLAL1
cg07395500,grey,SUDS3
cg07395611,grey,
cg07402724,blue,EEF1A1
cg07405178,turquoise,RARB
cg07413356,pink,CAMLG
cg07414487,grey,PSORS1C1
cg07415687,turquoise,TXNDC5
cg07419021,grey,TBR1
cg07420190,grey,MARK1
cg07421341,turquoise,COL19A1
cg07425090,turquoise,SYNCRIP
cg07425541,turquoise,GPR137B
cg07425985,blue,ANKFY1
cg07426195,grey,FBXO44
cg07427475,grey,PLEC1
cg07428200,grey,CCDC40
cg07428804,turquoise,STX5
cg07428919,turquoise,DCDC1
cg07429146,grey,AGAP3
cg07430988,turquoise,SPATA13
cg07434707,turquoise,MAP3K7
cg07435269,brown,TMEM8A
cg07437286,turquoise,SF1
cg07438165,grey,C14orf49
cg07441565,turquoise,PPIF
cg07441654,turquoise,TOLLIP
cg07443485,grey,APRT
cg07444152,grey,EHMT2
cg07447187,blue,C16orf46
cg07449105,grey,BAT3
cg07449543,grey,CHORDC1
cg07451084,turquoise,GNPDA2
cg07451141,turquoise,QSER1
cg07452777,grey,PRR23A
cg07453218,turquoise,REEP6
cg07453618,grey,TPRG1L
cg07454558,blue,TANC1
cg07455051,turquoise,ERCC3
cg07455279,grey,NDUFA3
cg07455790,grey,
cg07457402,turquoise,MIR548N
cg07458698,blue,ETAA1
cg07460129,grey,C7orf25
cg07461682,grey,
cg07462417,blue,DRG1
cg07464092,yellow,ABR
cg07464355,turquoise,DBR1
cg07465387,turquoise,
cg07470512,grey,NECAB3
cg07472199,grey,ZNF843
cg07472579,grey,
cg07472764,grey,ZNF766
cg07475527,grey,
cg07477947,grey,ANKRD28
cg07479270,grey,
cg07479615,grey,BRSK2
cg07480327,turquoise,DPF1
cg07481320,turquoise,
cg07482202,grey,FBXL16
cg07482870,grey,SLC39A7
cg07484326,turquoise,
cg07484894,turquoise,RBM39
cg07485769,grey,
cg07488417,grey,
cg07490070,grey,ANKRD23
cg07490776,turquoise,AP3M2
cg07491444,turquoise,ARL6IP6
cg07495363,grey,BOLL
cg07496545,grey,SLC25A2
cg07498239,turquoise,LINGO3
cg07499477,turquoise,TEP1
cg07500976,blue,IER2
cg07503829,grey,PSMD13
cg07504200,grey,
cg07504288,turquoise,CHN1
cg07504864,blue,NCRNA00120
cg07508394,grey,LPIN1
cg07508773,grey,WDSUB1
cg07509935,grey,LTB4R2
cg07510080,turquoise,HIF1AN
cg07510163,grey,PREPL
cg07512361,grey,SH2B2
cg07513188,black,LOC100130691
cg07516511,grey,PRSS22
cg07516978,turquoise,GNAS
cg07518035,turquoise,MBOAT7
cg07519218,grey,CCAR1
cg07519721,turquoise,SPG21
cg07521193,grey,
cg07521723,turquoise,NSMCE1
cg07522664,turquoise,C19orf61
cg07524214,grey,
cg07524919,grey,TNXB
cg07525299,grey,ASCL2
cg07527330,turquoise,NT5M
cg07529122,grey,
cg07531072,turquoise,WIZ
cg07533320,turquoise,UBE2M
cg07534843,grey,MATN4
cg07541023,turquoise,TWISTNB
cg07543626,turquoise,NOVA1
cg07544187,grey,CILP2
cg07544653,blue,CYB5A
cg07547798,grey,NSMCE2
cg07549162,turquoise,LOC388588
cg07550809,turquoise,DKFZp761E198
cg07553297,grey,ZSWIM6
cg07555084,grey,
cg07555797,turquoise,PRKCH
cg07557355,blue,KIAA0907
cg07557707,grey,ZSCAN1
cg07559653,turquoise,ZNRF1
cg07559696,turquoise,VASH1
cg07562055,turquoise,RPL32
cg07562483,grey,LOC387647
cg07563363,grey,
cg07564061,turquoise,DERL2
cg07564979,grey,
cg07565928,blue,SNF8
cg07568517,turquoise,TSSC1
cg07569018,grey,DNAJB6
cg07571282,grey,BCMO1
cg07574621,turquoise,XPC
cg07575478,grey,NUMB
cg07578414,blue,C10orf46
cg07580591,turquoise,
cg07581775,grey,
cg07582157,turquoise,MMP2
cg07583651,midnightblue,FEN1
cg07588109,turquoise,ROBLD3
cg07588263,blue,C8orf40
cg07591395,turquoise,RBM8A
cg07592963,grey,KCNQ1DN
cg07594247,grey,PAX8
cg07596120,turquoise,C22orf32
cg07599136,grey,AHRR
cg07600533,grey,KLHDC7B
cg07601320,grey,SLC38A4
cg07601463,grey,DGKG
cg07602690,turquoise,ZBTB7A
cg07606021,turquoise,
cg07608032,blue,ZNF493
cg07611106,turquoise,SNORD27
cg07612475,turquoise,LOC344595
cg07612827,grey,FLJ25758
cg07613333,grey,NAV2
cg07613693,yellow,ZBTB45
cg07615067,grey,FAM20C
cg07615111,grey,
cg07615347,grey,BICC1
cg07618626,yellow,CNOT10
cg07619683,grey,ESR1
cg07620230,grey,TNFRSF6B
cg07620573,grey,FGF12
cg07621104,turquoise,DSCAML1
cg07622877,grey,
cg07623022,blue,RPS15A
cg07623882,turquoise,NDNL2
cg07628233,turquoise,KIFC1
cg07628769,grey,MYEOV2
cg07629776,grey,FRMD4A
cg07630544,grey,RHEBL1
cg07630858,turquoise,DBN1
cg07632694,turquoise,PSMG1
cg07633317,grey,ZNF423
cg07633499,turquoise,UFD1L
cg07635485,grey,GPR133
cg07636088,turquoise,HSPH1
cg07640233,turquoise,
cg07643904,turquoise,ZNF576
cg07645614,turquoise,TXNDC11
cg07645888,turquoise,EHBP1
cg07647108,turquoise,
cg07648498,turquoise,FANCA
cg07654678,turquoise,NECAB2
cg07655627,grey,NUDT12
cg07659053,grey,
cg07663468,blue,ZNF230
cg07664480,turquoise,BRI3BP
cg07666882,grey,NUDT12
cg07668501,grey,
cg07668908,turquoise,C4orf22
cg07669455,turquoise,ZNF500
cg07671603,turquoise,C7orf13
cg07671678,grey,
cg07671805,grey,
cg07672411,turquoise,UBR5
cg07672479,turquoise,DYNC1H1
cg07673020,grey,
cg07673080,grey,HDAC4
cg07674022,grey,TRPC3
cg07674753,turquoise,LOC401397
cg07675399,blue,CXXC1
cg07676167,turquoise,C8orf76
cg07676361,grey,
cg07677396,turquoise,ZYX
cg07678266,grey,GLT1D1
cg07678644,turquoise,ZNF638
cg07679219,grey,E2F7
cg07680232,turquoise,SEC24D
cg07681084,turquoise,LMBR1
cg07685180,grey,
cg07687043,turquoise,ZMYND19
cg07687814,turquoise,C7orf60
cg07688416,green,FXYD6
cg07689503,turquoise,MTHFD2
cg07690455,turquoise,CAST
cg07690733,turquoise,HMHA1
cg07691531,grey,NAPRT1
cg07693657,turquoise,NDUFS8
cg07694864,grey,
cg07695654,brown,
cg07696842,grey,CHST11
cg07697006,magenta,UQCRQ
cg07697134,turquoise,C19orf62
cg07697850,blue,TMEM219
cg07698674,turquoise,
cg07700514,turquoise,DKFZP434H168
cg07700843,grey,
cg07700920,grey,USP10
cg07701241,blue,DGKZ
cg07703976,grey,ABCA13
cg07704495,blue,RSPH1
cg07708472,turquoise,ITSN1
cg07710247,grey,NARS
cg07713120,turquoise,MPI
cg07719100,blue,CD3EAP
cg07719884,turquoise,CDC20
cg07721779,blue,AHCY
cg07722359,grey,
cg07726474,grey,KIFC1
cg07727872,blue,C19orf40
cg07729440,grey,
cg07730715,turquoise,ZBTB45
cg07730924,grey,EBF1
cg07732888,blue,
cg07735885,turquoise,ZNRD1
cg07741992,grey,
cg07743799,blue,FAM113A
cg07744547,grey,MYOM2
cg07745373,grey,DTX4
cg07745596,grey,
cg07746351,tan,ANKRD11
cg07746943,grey,CHL1
cg07747251,grey,
cg07747299,grey,C21orf56
cg07749055,grey,
cg07749412,grey,C3P1
cg07752120,grey,
cg07753711,turquoise,PLK4
cg07755760,grey,DLG1
cg07760773,grey,LTB4R2
cg07762054,blue,SERPINH1
cg07764511,turquoise,DLGAP4
cg07765659,grey,ZNF784
cg07766847,turquoise,DAZAP1
cg07770222,grey,C8orf31
cg07770526,grey,NSUN2
cg07770857,turquoise,C20orf72
cg07771287,turquoise,DCLRE1C
cg07774478,turquoise,BIN1
cg07775309,grey,
cg07776130,grey,TDRD1
cg07776626,grey,
cg07776900,turquoise,OTX1
cg07777115,grey,CEP72
cg07777203,turquoise,DCTN4
cg07781035,grey,NEUROG1
cg07782112,grey,
cg07782925,turquoise,ZNF343
cg07784872,grey,KIAA0182
cg07786258,grey,
cg07789359,brown,
cg07791427,blue,HOXC8
cg07793724,grey,SLC1A7
cg07794698,turquoise,BRD2
cg07796016,grey,LCE1C
cg07798610,grey,PRSS21
cg07798892,turquoise,SDCBP
cg07799434,turquoise,C19orf43
cg07802900,turquoise,GPS1
cg07804481,turquoise,DDX59
cg07805424,turquoise,USP24
cg07805699,grey,SCHIP1
cg07805817,turquoise,NCKAP5L
cg07807575,grey,AHR
cg07808590,grey,RPS6KA4
cg07809452,blue,FGFRL1
cg07810961,turquoise,EIF4EBP3
cg07812848,brown,
cg07813608,blue,
cg07814359,turquoise,C20orf111
cg07814629,turquoise,MCRS1
cg07814876,turquoise,GGPS1
cg07815385,grey,VPS26A
cg07816392,turquoise,IGDCC4
cg07818646,turquoise,RNASEH2B
cg07819926,blue,C7orf55
cg07821427,turquoise,VAT1L
cg07823496,grey,
cg07823688,grey,GNAO1
cg07827280,cyan,SEPHS2
cg07830534,grey,KRT28
cg07831351,yellow,
cg07831432,blue,CANX
cg07833382,turquoise,SCPEP1
cg07834492,grey,ST3GAL5
cg07834743,grey,ADAMTS16
cg07835094,turquoise,CABC1
cg07835181,turquoise,CLCN7
cg07835254,turquoise,
cg07835668,turquoise,PPOX
cg07835809,turquoise,GHITM
cg07839336,grey,
cg07839926,grey,
cg07842594,blue,BMS1
cg07843056,grey,FKBP5
cg07843956,turquoise,FAM195A
cg07844021,turquoise,COIL
cg07844931,greenyellow,TEPP
cg07846220,grey,LAMA1
cg07847949,turquoise,CHD7
cg07850464,grey,
cg07853104,turquoise,FAM69C
cg07854251,grey,GLT1D1
cg07856295,turquoise,VSNL1
cg07856667,grey,
cg07856699,turquoise,INO80D
cg07856758,blue,ZNF527
cg07856975,grey,ETV7
cg07857119,grey,
cg07863159,turquoise,MLC1
cg07863524,grey,OR3A4
cg07868599,grey,CCDC64B
cg07868715,turquoise,C4orf32
cg07869434,grey,SULT2B1
cg07870486,turquoise,MRPS17
cg07870920,grey,
cg07871324,turquoise,MYC
cg07871384,turquoise,C16orf5
cg07871442,grey,
cg07873154,grey,TRIM10
cg07876903,turquoise,CALR
cg07879540,turquoise,RHBDD2
cg07880045,turquoise,
cg07880061,turquoise,RAB24
cg07881171,turquoise,GXYLT2
cg07883762,turquoise,TBL1XR1
cg07889862,turquoise,
cg07890032,turquoise,E2F6
cg07897451,turquoise,
cg07898899,grey,S100A13
cg07900786,blue,TBRG4
cg07902188,turquoise,POP4
cg07904983,turquoise,BFSP1
cg07906351,turquoise,DCBLD2
cg07908946,grey,BRP44
cg07910813,grey,DSEL
cg07911225,grey,TDRD10
cg07911463,turquoise,SUMF1
cg07911865,blue,DCK
cg07911905,brown,CHST11
cg07914309,turquoise,RGS2
cg07916022,grey,GPR39
cg07917502,turquoise,PREPL
cg07918170,grey,TBCD
cg07921092,grey,LEPR
cg07922204,tan,EFCAB5
cg07923233,turquoise,
cg07924535,turquoise,TBC1D1
cg07925900,turquoise,SNORD1C
cg07926092,grey,RNF219
cg07927426,turquoise,TMEM66
cg07931783,grey,CENPQ
cg07934941,turquoise,MLF1IP
cg07937453,grey,
cg07937631,grey,
cg07939768,blue,NUFIP2
cg07940485,turquoise,SLC16A10
cg07944420,grey,ACSF3
cg07944724,grey,CASC3
cg07944798,turquoise,BAHCC1
cg07945013,turquoise,ZNF669
cg07946923,turquoise,RING1
cg07951488,blue,SLC30A9
cg07951978,turquoise,CHFR
cg07953201,grey,KIF26B
cg07954054,grey,LBR
cg07959070,grey,C22orf34
cg07962934,grey,FAM83H
cg07963363,grey,RUNX1T1
cg07966140,turquoise,STARD13
cg07967851,blue,NUBP2
cg07970752,grey,MSLN
cg07973095,grey,DECR2
cg07973140,grey,C15orf39
cg07976644,turquoise,TTC22
cg07977202,grey,ZDHHC24
cg07977374,turquoise,CPNE5
cg07977614,grey,PLD5
cg07979357,blue,IL27RA
cg07980947,blue,ZNF263
cg07984380,grey,HLA-DRB1
cg07984508,grey,SGK269
cg07987262,blue,NR2C2AP
cg07987587,blue,NDUFA6
cg07988120,turquoise,DOK4
cg07989042,grey,CALU
cg07990511,blue,C6orf89
cg07992052,turquoise,DSN1
cg07993547,turquoise,MAST3
cg07997195,brown,PRPSAP2
cg07997941,turquoise,TAS1R1
cg07998290,turquoise,MSRA
cg08001895,turquoise,EPHA7
cg08002746,grey,
cg08002883,grey,FGF12
cg08003150,turquoise,KCNQ2
cg08005093,grey,AXIN2
cg08005462,grey,
cg08008072,grey,CLCN7
cg08008199,turquoise,ZNF460
cg08010094,grey,NXPH2
cg08011645,grey,NRXN2
cg08013331,grey,
cg08015590,grey,NUDT1
cg08015776,grey,APP
cg08016310,turquoise,MED25
cg08016802,grey,ZP3
cg08017990,turquoise,ZNF576
cg08019564,turquoise,RCBTB2
cg08021986,turquoise,MORG1
cg08022281,lightgreen,
cg08025464,grey,TPO
cg08025512,turquoise,STK16
cg08027110,blue,PTGES3
cg08031982,grey,
cg08033130,grey,CXCR6
cg08034379,grey,WDR69
cg08035234,grey,
cg08035479,grey,
cg08037327,tan,GIMAP7
cg08037935,turquoise,NFIA
cg08039854,grey,HRH1
cg08041448,lightgreen,
cg08045488,tan,MYEOV2
cg08045906,grey,PPT2
cg08047124,blue,TDP1
cg08048268,grey,
cg08049640,turquoise,SLC13A5
cg08052226,grey,NFIX
cg08052428,yellow,RALGDS
cg08060195,grey,TRIM10
cg08060515,turquoise,GALK2
cg08065408,grey,
cg08066645,brown,
cg08067721,grey,WNT9B
cg08068635,turquoise,NQO2
cg08070028,turquoise,USP2
cg08070327,grey60,HOXA5
cg08072480,blue,SCYL1
cg08072574,blue,AP2A1
cg08073591,grey,FAM47E
cg08074201,turquoise,PRDM8
cg08077337,grey,FZD7
cg08078213,turquoise,ACTG1
cg08080475,turquoise,NPHP1
cg08080916,turquoise,ZNF19
cg08081156,turquoise,SNX31
cg08081869,turquoise,ITSN2
cg08082788,grey,
cg08082879,grey,
cg08082908,turquoise,C7orf50
cg08083251,grey,
cg08083976,turquoise,LOC100134368
cg08083988,grey,
cg08085232,grey,SPRED2
cg08085267,grey,C17orf57
cg08086799,grey,TTC9C
cg08086906,blue,MTHFSD
cg08090179,grey,PKIA
cg08094206,grey,TRIM10
cg08095852,grey,WDR17
cg08096291,turquoise,TTC23
cg08098619,blue,PGAP2
cg08099141,grey,C12orf57
cg08102688,turquoise,RHEBL1
cg08103988,grey,
cg08104462,turquoise,RARG
cg08105174,grey,
cg08106148,turquoise,L3MBTL3
cg08107767,blue,MRPS17
cg08109516,grey,ZNF280D
cg08109624,grey,
cg08110718,grey,TCEB2
cg08111106,turquoise,INCA1
cg08111857,brown,CNTNAP1
cg08115387,blue,
cg08118646,blue,EIF4E
cg08121961,grey,CD244
cg08122179,turquoise,COMMD9
cg08122386,grey,
cg08122789,turquoise,H3F3B
cg08124030,grey,TM4SF1
cg08124399,grey,DDX43
cg08127293,blue,
cg08128680,turquoise,KIAA0101
cg08128826,grey,LHX9
cg08130668,grey,C2orf73
cg08133350,grey,MED25
cg08133631,grey,CATSPER4
cg08133824,blue,MCM7
cg08133912,blue,
cg08134704,grey,GTF2F2
cg08134829,turquoise,TMEM52
cg08140548,grey,SFRS11
cg08141395,turquoise,MAML2
cg08143003,grey,ALCAM
cg08143011,turquoise,MRPS35
cg08143636,turquoise,OTUD6B
cg08143701,brown,CSNK1G2
cg08144675,turquoise,
cg08148618,grey,NOV
cg08149581,brown,NCOR2
cg08149789,grey,BRD2
cg08151750,grey,FNDC4
cg08152058,turquoise,UQCC
cg08159989,grey,KLHDC8A
cg08161158,turquoise,C1orf86
cg08161617,blue,HSPA2
cg08164151,grey,
cg08169659,green,TMEM52
cg08170745,grey,CDK12
cg08170757,turquoise,TMEM143
cg08171876,turquoise,RPGRIP1L
cg08172536,turquoise,COG7
cg08172999,grey,C2orf69
cg08173520,turquoise,ZBTB12
cg08173834,grey,WWOX
cg08174355,grey,
cg08177264,yellow,ZNF440
cg08179530,turquoise,CDKN1A
cg08180285,turquoise,FANCF
cg08183066,turquoise,DDX19B
cg08186584,grey,CCDC101
cg08188419,turquoise,DOC2A
cg08189615,grey,PNKD
cg08189659,turquoise,PGLS
cg08190400,grey,NTN1
cg08190410,turquoise,KIAA0895L
cg08190942,turquoise,CINP
cg08192560,grey,ATAD2B
cg08193365,turquoise,
cg08193650,turquoise,ZFP36L2
cg08194979,grey,SNAPC1
cg08196628,turquoise,SDCCAG1
cg08198132,turquoise,HDAC2
cg08201700,grey,WDR60
cg08204280,lightcyan,IRX2
cg08205843,turquoise,ASNA1
cg08206881,grey,
cg08206898,turquoise,FAM160B1
cg08207377,grey,LOC729991-MEF2B
cg08208480,grey,BRSK2
cg08208505,turquoise,NFATC3
cg08208917,blue,GANC
cg08209365,grey,
cg08209724,blue,MIR632
cg08210228,grey,PCBD2
cg08211722,turquoise,MAPK11
cg08212230,turquoise,CDC20B
cg08214990,grey,LMF1
cg08215925,blue,FOXP1
cg08217660,turquoise,ANAPC11
cg08218486,grey,ZC3H14
cg08219218,grey,LRBA
cg08219700,grey,
cg08220598,turquoise,LOC148189
cg08222513,grey,TRIM31
cg08222662,turquoise,ZC3HAV1
cg08224763,turquoise,C17orf49
cg08230483,grey,GRID1
cg08231348,grey,HOOK1
cg08233088,turquoise,RSL24D1
cg08233142,turquoise,LPPR2
cg08234689,grey,
cg08235183,grey,COLEC11
cg08235500,yellow,HADHA
cg08235864,grey,IRX2
cg08239177,turquoise,HEY1
cg08240917,grey,STK39
cg08241307,grey,
cg08241360,grey,FAM125B
cg08241630,turquoise,ADAMTSL5
cg08242217,turquoise,WRB
cg08243963,grey,SC5DL
cg08244485,grey,OXR1
cg08250364,turquoise,FIZ1
cg08251499,turquoise,ZFAND1
cg08251901,turquoise,ARHGDIB
cg08252887,midnightblue,CWF19L1
cg08259506,grey,
cg08260052,grey,MEFV
cg08260406,grey,OR2L13
cg08263099,turquoise,PRKCG
cg08265265,turquoise,SLC39A3
cg08265274,grey,HLA-DRB5
cg08265288,grey,PUS7L
cg08267591,brown,COBLL1
cg08267614,turquoise,C19orf39
cg08268266,turquoise,LITAF
cg08269402,grey,HLA-DRB1
cg08269986,turquoise,ZMYM4
cg08270206,turquoise,MT3
cg08270491,grey,KIAA0196
cg08277100,grey,
cg08277382,turquoise,TMCO7
cg08277548,grey,PADI3
cg08279316,turquoise,MERTK
cg08282428,grey,RBM46
cg08283932,turquoise,ADA
cg08285630,blue,CCDC49
cg08287471,turquoise,NEK6
cg08287994,turquoise,PHIP
cg08288226,turquoise,MIER3
cg08288433,grey,CCDC144NL
cg08289130,grey,
cg08290072,turquoise,ABCB6
cg08291886,turquoise,ARMC1
cg08291996,grey,ZNF8
cg08293242,grey,
cg08294721,turquoise,UBL7
cg08294750,turquoise,DAPK3
cg08298587,blue,E2F3
cg08298679,turquoise,POLR2E
cg08299859,grey,
cg08300343,grey,NUP62
cg08302650,grey,LRRC24
cg08304478,turquoise,ASGR1
cg08305263,grey,FAM98B
cg08305778,turquoise,CCDC93
cg08309069,grey,HLA-C
cg08310360,turquoise,MICALL2
cg08311803,brown,
cg08313638,grey,DHTKD1
cg08315050,turquoise,DPP3
cg08315825,grey,IGF1R
cg08316083,grey,ATP8B3
cg08316775,blue,TPRKB
cg08317284,turquoise,NFIX
cg08317738,grey,CBFA2T3
cg08319422,blue,
cg08320059,turquoise,ZNF764
cg08320524,grey,KCNJ15
cg08322244,grey,VAMP2
cg08322580,grey,
cg08323199,red,DDB1
cg08325383,turquoise,NEAT1
cg08328324,turquoise,C8orf41
cg08330435,grey,
cg08330690,grey,SLFN12
cg08330950,grey,
cg08330972,grey,ZFYVE28
cg08331219,grey,COPS2
cg08335129,grey,TRERF1
cg08337959,grey,TNNT3
cg08339189,turquoise,GGTA1
cg08343347,grey,ARAP2
cg08345372,yellow,CRYM
cg08346273,grey,CEP120
cg08351203,grey,ZNF83
cg08355045,grey,
cg08355353,blue,MOV10
cg08355456,grey,
cg08356509,grey,FAR1
cg08357436,grey,HSF5
cg08358671,blue,IVNS1ABP
cg08358803,grey,RANBP17
cg08359958,grey,ARID3A
cg08364137,grey,
cg08366277,blue,NCEH1
cg08366446,turquoise,OPRD1
cg08366952,turquoise,PCNP
cg08367326,grey,AMIGO1
cg08369870,turquoise,AARS
cg08369872,grey,DERL3
cg08371160,turquoise,UNC84B
cg08378782,turquoise,RASGRP2
cg08379496,turquoise,HYAL3
cg08379987,grey,C13orf26
cg08382235,turquoise,TBX1
cg08382774,grey,NKX6-2
cg08385995,grey,RAB11FIP3
cg08387835,grey,
cg08389091,blue,ETFDH
cg08390760,turquoise,ZNF311
cg08391415,blue,PAX6
cg08401990,turquoise,TIA1
cg08402652,turquoise,AMOTL1
cg08404028,grey,CHP2
cg08407486,grey,ODC1
cg08409113,grey,WNK4
cg08412188,turquoise,GTF2I
cg08414635,turquoise,TGFBR1
cg08415417,grey,TCP1
cg08415582,grey,
cg08419873,grey,
cg08422181,turquoise,UHRF1
cg08422420,grey,SDHAP3
cg08422497,grey,JAKMIP3
cg08422863,turquoise,HERC6
cg08423350,yellow,AASDH
cg08423857,grey,
cg08424639,grey,GMEB2
cg08425745,turquoise,CFL1
cg08425810,grey,AGAP2
cg08430355,turquoise,C20orf199
cg08431089,grey,SKP1
cg08431893,grey,
cg08431931,grey,WBP2NL
cg08433504,grey,THBS1
cg08435079,turquoise,TRAPPC3
cg08436643,grey,MRPS7
cg08439880,grey,
cg08439970,blue,EEF1A1
cg08440920,turquoise,
cg08444004,grey,HDAC4
cg08445782,turquoise,ZNF217
cg08447479,blue,TMEM231
cg08447658,turquoise,KIAA1530
cg08448341,grey,SLC2A12
cg08450021,grey,
cg08450636,turquoise,
cg08460226,turquoise,SNORD2
cg08460801,turquoise,RPS24
cg08462306,turquoise,BTBD19
cg08463820,grey,PTPRN2
cg08465120,turquoise,BCAN
cg08466351,turquoise,
cg08467261,turquoise,RPGRIP1L
cg08469540,turquoise,ISG15
cg08470875,turquoise,FAM59B
cg08474478,grey,
cg08476511,grey,KIF25
cg08477332,grey,S100A14
cg08477740,green,PLEKHG5
cg08478177,turquoise,SNHG9
cg08479688,turquoise,TARBP1
cg08479752,grey,VSTM1
cg08479976,turquoise,LRRC8D
cg08480307,grey,HIAT1
cg08485141,turquoise,TM9SF2
cg08485649,grey,STK32C
cg08487399,turquoise,
cg08487579,grey,PHC3
cg08490659,turquoise,
cg08491487,grey,RNF39
cg08492202,turquoise,FNTA
cg08492615,turquoise,SACM1L
cg08492886,turquoise,GFOD1
cg08494545,turquoise,UNC5A
cg08496503,turquoise,RPL26
cg08497894,grey,C10orf118
cg08500017,turquoise,GDAP1
cg08501054,blue,TNKS
cg08501815,turquoise,FKBP4
cg08502490,turquoise,
cg08506026,grey,
cg08506260,turquoise,MIAT
cg08506353,grey,HLA-DPB2
cg08506606,grey,
cg08506775,turquoise,SERPINE1
cg08507009,turquoise,RNF170
cg08508337,grey,NAPRT1
cg08509907,grey,ARMC5
cg08510264,grey,IRS2
cg08511716,turquoise,MCTP1
cg08515713,blue,BAD
cg08515845,yellow,CDK5
cg08515989,grey,ASPHD1
cg08516507,grey,TNXB
cg08517826,turquoise,CLASP2
cg08520191,grey,EP400NL
cg08520423,grey,DPEP3
cg08520660,grey,
cg08522087,blue,ANKH
cg08522428,turquoise,DDX17
cg08524109,grey,
cg08524197,turquoise,C16orf35
cg08524221,blue,SFRS2
cg08524389,grey,
cg08525147,grey,C3orf48
cg08525207,blue,RPS7
cg08526162,turquoise,LRCH3
cg08526784,brown,MAPK8IP3
cg08527124,turquoise,ANKRD11
cg08527179,turquoise,TMSB10
cg08531025,grey,APAF1
cg08532220,grey,PRKCI
cg08533424,blue,RPL23
cg08534443,grey,
cg08535260,turquoise,
cg08535474,grey,
cg08536977,blue,UNK
cg08537890,grey,
cg08540602,turquoise,PPIH
cg08542047,turquoise,
cg08543703,black,MFN2
cg08544209,grey,SFTA1P
cg08545312,grey,FNDC3B
cg08545398,turquoise,C1orf83
cg08546335,turquoise,HAGH
cg08547343,grey,CENPBD1
cg08547499,turquoise,PLEKHH3
cg08550615,turquoise,CDK13
cg08550724,grey,C6orf182
cg08551532,grey,DLL3
cg08555924,grey,DSG3
cg08557188,brown,ATP11A
cg08557928,turquoise,C15orf27
cg08558996,grey,CNOT10
cg08561530,grey,
cg08561856,grey,LYPD5
cg08562672,grey,
cg08564027,grey,
cg08569242,turquoise,PRKAR1A
cg08570243,grey,NCRNA00116
cg08572016,turquoise,
cg08572336,grey,SHANK1
cg08572679,turquoise,JMJD5
cg08573893,turquoise,WDYHV1
cg08573926,grey,
cg08576658,blue,
cg08577441,grey,
cg08578023,turquoise,CTSS
cg08578305,turquoise,KRAS
cg08578320,grey,HLA-DRB1
cg08581076,turquoise,C19orf61
cg08582634,turquoise,TAF1C
cg08583611,turquoise,CRIM1
cg08583625,grey,OXR1
cg08584430,lightcyan,IP6K1
cg08584628,grey,ZNF354B
cg08584759,grey,C10orf47
cg08587397,grey,RAB40C
cg08587415,turquoise,PHIP
cg08587775,grey,
cg08589776,turquoise,
cg08589981,grey,PIP4K2A
cg08590601,turquoise,FLI1
cg08591761,turquoise,ZNF17
cg08592423,turquoise,FAM60A
cg08593051,turquoise,DKKL1
cg08593668,turquoise,NCRNA00095
cg08593949,turquoise,BASP1
cg08595182,grey,MRPS11
cg08599672,grey,
cg08600101,grey,
cg08603836,turquoise,OPA3
cg08603911,turquoise,PDP2
cg08604594,turquoise,
cg08607907,grey,SGCE
cg08610426,grey,IZUMO1
cg08610741,turquoise,LEPR
cg08611411,grey,LOR
cg08611677,turquoise,MITD1
cg08616654,turquoise,
cg08617160,grey,MIER2
cg08619102,grey,
cg08619561,turquoise,BCL2L1
cg08621926,grey,WDR33
cg08622563,grey,ZNF84
cg08623948,blue,NUPL2
cg08624648,grey,
cg08626560,turquoise,ELP4
cg08626670,black,NUMBL
cg08627604,green,NUP155
cg08627825,turquoise,
cg08629417,turquoise,KIDINS220
cg08632659,turquoise,
cg08634464,grey,ZNF57
cg08634762,purple,CAMLG
cg08637514,turquoise,GIMAP7
cg08638876,turquoise,APH1B
cg08640252,grey,NME3
cg08640475,grey,
cg08640609,turquoise,CAMTA1
cg08641866,grey,TNFRSF18
cg08642068,grey,SPAG4L
cg08642731,grey,C10orf71
cg08643928,turquoise,RALGPS2
cg08650016,grey,TUT1
cg08650402,grey,SSH2
cg08651378,blue,C19orf25
cg08653337,grey,USP24
cg08653874,grey,SFRS5
cg08656222,turquoise,TRIM52
cg08659394,turquoise,B3GNT9
cg08668359,grey,ADARB2
cg08668878,grey,SUV420H1
cg08669259,turquoise,STT3B
cg08669721,grey,RPL26L1
cg08671383,turquoise,EDEM2
cg08674342,blue,LMBRD2
cg08675364,grey,
cg08676534,turquoise,ZNF561
cg08679971,grey,
cg08680689,turquoise,ELOF1
cg08681904,grey,
cg08682341,turquoise,INPP5A
cg08684580,grey,BAIAP2L1
cg08684761,grey,ANAPC4
cg08687718,turquoise,HNRNPA0
cg08690812,turquoise,GTF2H1
cg08691740,blue,CANX
cg08703595,turquoise,HERPUD2
cg08707963,grey,RASA3
cg08708684,yellow,UTF1
cg08709360,grey,
cg08712866,grey,GLRB
cg08713212,turquoise,
cg08714590,grey,FZD1
cg08717396,blue,HIST1H2BJ
cg08719296,grey,FAM19A5
cg08719551,turquoise,GTF2H4
cg08720517,grey,LOC389333
cg08721802,grey,
cg08721831,blue,RSRC2
cg08722395,grey,
cg08724636,turquoise,RALA
cg08724919,blue,DDB1
cg08725366,turquoise,
cg08725962,grey,ARL10
cg08728129,grey,TTLL6
cg08729407,grey,EFCAB5
cg08729719,turquoise,COX4NB
cg08732611,blue,ZMPSTE24
cg08737755,turquoise,HOXC10
cg08738040,turquoise,CNPY3
cg08739841,turquoise,C16orf67
cg08741809,grey,
cg08742194,brown,
cg08742575,grey,C21orf56
cg08742780,turquoise,RMND5B
cg08745899,turquoise,AP3B1
cg08749455,turquoise,STARD10
cg08750053,grey,DMC1
cg08750459,grey,
cg08752459,turquoise,CLEC2B
cg08753222,turquoise,INPPL1
cg08754317,turquoise,EXOC2
cg08756266,grey,C6orf164
cg08757611,turquoise,
cg08757742,turquoise,RASGRF2
cg08757862,turquoise,TLR1
cg08762424,grey,
cg08762603,grey,
cg08762750,turquoise,RCCD1
cg08767686,grey,
cg08770870,grey,RPH3AL
cg08773462,turquoise,
cg08776820,grey,PPAP2A
cg08779649,grey,
cg08781755,grey,LRPPRC
cg08788712,grey,MSI2
cg08788717,turquoise,STK33
cg08791131,turquoise,NDRG4
cg08792797,turquoise,TMEM138
cg08794539,grey,SLC17A4
cg08795170,turquoise,PJA2
cg08795861,grey,MED24
cg08795962,blue,PANX1
cg08798701,turquoise,RPL32P3
cg08800530,blue,KIAA1191
cg08802841,grey,
cg08803500,turquoise,HOXC13
cg08804111,grey,
cg08807892,grey,
cg08808148,grey,
cg08809223,grey,POU5F1
cg08811349,turquoise,ZHX1
cg08811588,blue,SRRT
cg08816443,brown,LMF1
cg08816590,grey,PDE1B
cg08817983,grey,RGS12
cg08818610,grey,FAM65B
cg08818829,grey,DNAH5
cg08819022,grey,
cg08822897,grey,
cg08823027,grey,KCNE1
cg08823068,grey,GREM1
cg08825571,turquoise,SHARPIN
cg08825699,grey,HDAC4
cg08826863,turquoise,VEGFA
cg08829281,cyan,PXMP2
cg08829299,grey,ATHL1
cg08831324,turquoise,TCF25
cg08832195,grey,CDK13
cg08832723,grey,POLS
cg08833636,grey,FAM187B
cg08835099,grey,PCDHA2
cg08835956,grey,POU6F2
cg08837037,grey,C22orf27
cg08839081,turquoise,PRKG1
cg08839312,turquoise,CDH15
cg08843971,grey,GSPT1
cg08844137,turquoise,ACBD6
cg08846011,grey,
cg08847173,grey,NKAIN1
cg08847533,turquoise,NEK9
cg08847885,turquoise,APLP2
cg08848774,turquoise,
cg08849049,turquoise,GMNN
cg08850289,turquoise,NR2C2AP
cg08850388,grey,BBS9
cg08851591,turquoise,C19orf61
cg08851727,grey,ICMT
cg08854313,midnightblue,MTOR
cg08856697,turquoise,DCAF7
cg08857159,turquoise,
cg08857324,turquoise,TRADD
cg08859206,grey,SCP2
cg08860070,grey,
cg08860607,turquoise,
cg08861456,grey,OR2L13
cg08862203,turquoise,
cg08862778,yellow,MTOR
cg08863473,grey,
cg08863539,blue,ZNF555
cg08864375,grey,
cg08867150,turquoise,
cg08867452,turquoise,C12orf75
cg08868202,brown,ZNF362
cg08871495,grey,
cg08871608,grey,CNTD2
cg08872494,blue,DCLRE1B
cg08872590,grey,LRRC24
cg08872937,turquoise,NKIRAS1
cg08873424,grey,
cg08873628,grey,KIAA0040
cg08875078,turquoise,SELO
cg08876899,magenta,ZMYM1
cg08876912,turquoise,LOC729082
cg08877521,grey,
cg08879403,turquoise,LOC400752
cg08879470,grey,MYO7A
cg08880849,grey,HSPB9
cg08882774,turquoise,SH2B1
cg08883134,turquoise,RPS18
cg08883213,grey,
cg08885659,turquoise,BAT3
cg08886020,grey,
cg08886301,grey,KIF26B
cg08886482,grey,TMEM201
cg08887425,turquoise,FDX1
cg08888203,grey,C3orf24
cg08888249,turquoise,LIN7B
cg08888278,turquoise,
cg08891904,turquoise,IDUA
cg08893875,turquoise,CTNNBIP1
cg08895590,grey,
cg08898568,grey,ATP13A2
cg08899523,grey,FGFR2
cg08899937,grey,MAEA
cg08901520,grey,
cg08903631,turquoise,CD300LG
cg08904082,turquoise,C5orf43
cg08905325,turquoise,HIST1H2AB
cg08905999,grey,ATE1
cg08907891,grey,TNFRSF10B
cg08911368,grey,
cg08912051,blue,HLA-L
cg08912666,grey,
cg08915603,grey,MTNR1A
cg08917208,turquoise,ATAD2B
cg08918224,grey,CHID1
cg08920807,turquoise,KIAA1949
cg08922308,grey,MIR492
cg08922584,grey,TMTC4
cg08923669,grey,MRPL28
cg08926642,grey,PER3
cg08928753,grey,TIE1
cg08929467,brown,
cg08930131,grey,COL23A1
cg08931102,purple,TMEM208
cg08933467,grey,FCRL1
cg08936487,grey,TUBB2B
cg08936645,grey,TBC1D1
cg08937562,blue,STX5
cg08940853,turquoise,
cg08941759,grey,CHCHD6
cg08942080,brown,NCOR2
cg08942338,grey,ARHGAP17
cg08944170,grey,OR2L13
cg08944430,grey,PRKCB
cg08945988,blue,TMEM167B
cg08946801,grey,ACTR6
cg08947187,grey,LOC100286844
cg08949296,grey,JPH1
cg08950375,grey,COL6A3
cg08957039,turquoise,COL4A3BP
cg08960815,grey,GIMAP4
cg08962243,turquoise,PRICKLE1
cg08962682,grey,RIMKLB
cg08965527,blue,HSDL1
cg08966155,grey,RPL35A
cg08967802,grey,C17orf102
cg08969297,grey,MIR1278
cg08969549,grey,PTPRO
cg08969593,turquoise,C16orf35
cg08969912,turquoise,BCL6
cg08970457,turquoise,BIN3
cg08970795,turquoise,MED17
cg08973717,grey,DDAH2
cg08973927,blue,ATP6V0D1
cg08974450,grey,ATP2C2
cg08976749,turquoise,TROAP
cg08979515,grey,ABHD10
cg08980987,grey,BCAT1
cg08984586,blue,RNF44
cg08986711,grey,CNIH2
cg08986767,turquoise,SAMD9
cg08991232,turquoise,SLCO5A1
cg08992305,grey,TRIM61
cg08992324,grey,
cg08993878,grey,
cg08996334,grey,ZBTB20
cg08996726,grey,MAML3
cg08998414,grey,UBE2H
cg09000385,turquoise,FOXO1
cg09002049,grey,
cg09007161,turquoise,FANCF
cg09007434,grey,
cg09015973,grey,ARHGEF4
cg09021012,grey,GAN
cg09022163,grey,NFYC
cg09023820,blue,MATN2
cg09024126,yellow,PROM1
cg09028215,turquoise,ETAA1
cg09028487,turquoise,MC1R
cg09033006,grey,C1orf100
cg09033857,turquoise,SUPT4H1
cg09035930,grey,SLC15A4
cg09036127,turquoise,BOLA3
cg09039782,grey,
cg09041389,grey,
cg09044981,grey,CDH13
cg09050779,grey,GAN
cg09050832,grey,
cg09053680,grey,UTF1
cg09053902,brown,ADCY9
cg09056309,grey,ERLIN2
cg09056501,turquoise,RNFT1
cg09059250,grey,
cg09060608,grey,RUFY1
cg09063859,grey,IDI1
cg09064314,grey,EBF3
cg09065776,turquoise,CENPF
cg09067793,blue,CCT7
cg09068086,grey,NCRNA00116
cg09068169,grey,ABR
cg09070503,turquoise,PSMB2
cg09073052,grey,PLEKHM2
cg09074113,grey,GDF7
cg09077340,turquoise,MFAP3
cg09077675,turquoise,INTS7
cg09078754,grey,
cg09081385,grey,RNF10
cg09081997,grey,
cg09085417,grey,NUBP2
cg09088988,grey,STK32A
cg09091443,turquoise,C5orf24
cg09092052,grey,
cg09094448,turquoise,CATSPERG
cg09094964,grey,
cg09097345,grey,SGSM1
cg09097839,grey,
cg09101796,turquoise,GRASP
cg09102409,turquoise,NDRG1
cg09102835,turquoise,CDK12
cg09103184,turquoise,LMBRD1
cg09106817,turquoise,MAP3K7IP2
cg09107594,grey,OR6F1
cg09108797,turquoise,MRS2
cg09113850,turquoise,ORAI3
cg09115646,grey,
cg09116658,turquoise,RAB13
cg09118169,blue,NUBP2
cg09119043,grey,SLC35F3
cg09120722,grey,SORBS2
cg09122588,grey,HS6ST3
cg09124213,turquoise,SNORA57
cg09124703,turquoise,SH3RF2
cg09125779,grey,HOPX
cg09126794,grey,ARHGEF10
cg09127314,grey,
cg09127400,blue,IER3
cg09133363,grey,
cg09134682,grey,FLCN
cg09135016,turquoise,
cg09135584,turquoise,
cg09136695,grey,CEPT1
cg09139047,grey,HLA-DRB1
cg09139956,blue,RILPL2
cg09140090,grey,JMJD5
cg09140422,turquoise,
cg09141300,grey,
cg09143801,grey,SEMA6C
cg09144480,grey,
cg09144709,turquoise,ATP1A1
cg09148924,turquoise,C11orf91
cg09149246,grey,C21orf70
cg09149974,grey,EXOC6
cg09150117,turquoise,DLX5
cg09152813,grey,NCK2
cg09152955,turquoise,NPM3
cg09154978,grey,MFSD2B
cg09155575,blue,ORMDL3
cg09156097,grey,LOC389333
cg09156207,grey,ZSCAN12L1
cg09156233,grey,BMPR1B
cg09158487,grey,HNRNPA1
cg09161592,grey,PANK1
cg09163117,lightcyan,HES6
cg09163369,grey,C1orf107
cg09163686,turquoise,
cg09164108,grey,
cg09164559,turquoise,KIAA1279
cg09165964,turquoise,SCAMP5
cg09167119,turquoise,TGFB2
cg09169455,grey,MYO10
cg09169456,grey,KLHL36
cg09170127,turquoise,ZMAT2
cg09171882,turquoise,GLIPR1
cg09172423,blue,UBXN1
cg09172659,turquoise,HS3ST3B1
cg09172766,grey,C16orf7
cg09173587,turquoise,PRNP
cg09176256,turquoise,EMX2OS
cg09177349,turquoise,USPL1
cg09177949,turquoise,TTLL12
cg09178529,grey,SPEN
cg09178844,turquoise,BTF3L4
cg09179987,grey,CD247
cg09180070,grey,
cg09180702,grey,PIGQ
cg09182533,turquoise,MACROD1
cg09184899,grey,DKK4
cg09184981,grey,RAP1A
cg09188300,turquoise,EIF4EBP1
cg09188304,grey,CRISPLD2
cg09189752,turquoise,DCP1B
cg09191810,magenta,
cg09192760,grey,NDUFA3
cg09193193,grey,
cg09195593,blue,KDM6B
cg09197895,turquoise,
cg09199291,blue,C17orf48
cg09201001,turquoise,SPTY2D1
cg09201151,grey,SH3GL3
cg09202269,turquoise,RBX1
cg09202319,turquoise,PFDN6
cg09202979,turquoise,OBFC1
cg09203501,grey,WIPI2
cg09214240,grey,
cg09214243,grey,
cg09214412,grey,RGMA
cg09214616,grey,
cg09214920,blue,SLC25A24
cg09214955,turquoise,C7orf55
cg09215152,turquoise,PPP2R1B
cg09217609,blue,MOAP1
cg09218327,turquoise,BAZ1B
cg09220393,brown,CRAMP1L
cg09224134,turquoise,CYP4V2
cg09224393,grey,NPAS3
cg09227138,blue,SNAP91
cg09227934,grey,CD47
cg09229797,grey,C14orf21
cg09230774,turquoise,PPP1CA
cg09231171,grey,
cg09232555,grey,
cg09233429,grey,PLCB2
cg09234415,grey,LOC729799
cg09234454,grey,ABCA4
cg09234582,grey,HLA-DPB1
cg09235689,turquoise,SERTAD3
cg09235983,grey,GLYATL2
cg09236098,yellow,DVL1
cg09236780,grey,MYO16
cg09238199,turquoise,COL4A2
cg09238677,turquoise,C3AR1
cg09238957,blue,ORC6L
cg09240436,grey,USP29
cg09241033,blue,
cg09241243,yellow,ZBTB25
cg09244489,grey,FAM13A
cg09246754,turquoise,P4HA1
cg09247657,grey,EML1
cg09248694,turquoise,
cg09250423,grey,MGRN1
cg09252806,grey,EBF3
cg09255124,turquoise,TTC17
cg09255666,turquoise,ZNF281
cg09256082,grey,CTPS
cg09256131,grey,BCL11B
cg09257975,turquoise,HSPA1B
cg09258022,grey,AIMP2
cg09259332,grey,EEA1
cg09260072,turquoise,SLC44A3
cg09260627,turquoise,
cg09260640,grey,ZNF419
cg09269103,grey,NFKB2
cg09273054,grey,MAL2
cg09274402,grey,PTPN12
cg09276368,turquoise,SLIT1
cg09276739,turquoise,BAT2
cg09283635,turquoise,ZNF800
cg09284655,grey,
cg09285771,turquoise,PSMA6
cg09285851,grey,
cg09286061,grey,C1D
cg09287864,grey,
cg09288606,grey,HAS3
cg09288989,grey,SETD1B
cg09293387,blue,AGPAT5
cg09293699,blue,CENPN
cg09297514,grey,CAMKK2
cg09300796,turquoise,TMEM161A
cg09301222,turquoise,MBD5
cg09303136,turquoise,MCM4
cg09307727,turquoise,TAPBPL
cg09311052,yellow,UBE2Q1
cg09314196,grey,ZNF492
cg09314358,blue,FICD
cg09315329,turquoise,IFT88
cg09315468,yellow,DDHD2
cg09315921,grey,SIVA1
cg09316894,turquoise,ZNF274
cg09317102,turquoise,UHRF1
cg09319828,grey,TTC24
cg09320190,grey,WNT3
cg09320337,grey,ZNF517
cg09320595,brown,MICB
cg09321965,grey,NEK7
cg09322003,grey,
cg09328349,turquoise,HOXB2
cg09328979,blue,
cg09329516,grey,SLC43A2
cg09330885,grey,MUC4
cg09333532,turquoise,XPO1
cg09334331,turquoise,GATAD2A
cg09336323,grey,
cg09336947,grey,KCNQ1
cg09337563,brown,DCPS
cg09337677,turquoise,MAPRE3
cg09338965,turquoise,CLPP
cg09339394,blue,EAPP
cg09341015,grey,CFTR
cg09341793,grey,ASB2
cg09342320,turquoise,UCHL3
cg09342567,grey,KCNMB3
cg09351254,turquoise,PASK
cg09352202,turquoise,MAP4K4
cg09352518,grey,ZNF714
cg09354380,turquoise,
cg09354439,turquoise,C1orf89
cg09354487,grey,CASZ1
cg09359103,grey,KCNN3
cg09359820,turquoise,AMDHD2
cg09360571,turquoise,ID4
cg09361966,grey,
cg09363841,grey,
cg09365677,grey,CHRM3
cg09366641,turquoise,ILF2
cg09366730,grey,ZFYVE28
cg09367545,grey,CACNA1H
cg09367696,grey,OBSL1
cg09367891,turquoise,PRMT6
cg09370599,grey,RAB3IL1
cg09371576,turquoise,ELP2P
cg09374648,turquoise,PNRC1
cg09377823,grey,
cg09377882,turquoise,NMT1
cg09379601,yellow,DNASE2
cg09379627,grey,LRRC27
cg09381635,turquoise,SSRP1
cg09381666,grey,
cg09384787,turquoise,PCDH20
cg09386954,turquoise,FXYD5
cg09390371,grey,LIAS
cg09391128,turquoise,USP39
cg09391488,turquoise,
cg09397319,grey,
cg09398845,turquoise,LOC729338
cg09398966,yellow,CLPX
cg09399716,grey,
cg09400081,turquoise,SMAD1
cg09406210,grey,
cg09408571,grey,GPR88
cg09410841,turquoise,CLN8
cg09411715,grey,BRPF3
cg09413313,turquoise,METT5D1
cg09414673,grey,CYP2W1
cg09415814,turquoise,RPRD2
cg09416928,blue,ZNF687
cg09417038,grey,C21orf57
cg09418493,turquoise,
cg09419176,grey,PTPRN2
cg09419670,grey,PSMD5
cg09422220,turquoise,ELMOD2
cg09423703,blue,
cg09428340,grey,PACRG
cg09431913,turquoise,EGR3
cg09433665,turquoise,YPEL2
cg09433699,blue,C3orf19
cg09435617,turquoise,ZNF311
cg09437885,turquoise,GMIP
cg09437909,grey,
cg09438612,turquoise,RDH10
cg09440782,turquoise,SIAE
cg09441395,turquoise,SENP1
cg09441501,turquoise,
cg09442794,turquoise,MON1B
cg09444255,blue,MZF1
cg09445988,grey,
cg09446995,turquoise,FKBP4
cg09448654,grey,ANO7
cg09448677,grey,SHANK2
cg09449012,grey,
cg09450020,grey,STEAP2
cg09450022,grey,
cg09450024,grey,EXOC3L2
cg09450197,turquoise,
cg09452922,grey,DLG2
cg09455182,turquoise,NT5DC2
cg09455823,grey,
cg09456297,red,CYP1B1
cg09458940,turquoise,KLHL7
cg09461494,grey,VPS13B
cg09463047,yellow,HNF1B
cg09463522,grey,PIBF1
cg09463917,grey,SCARF2
cg09464509,turquoise,N4BP2L2
cg09467078,brown,BANP
cg09468767,turquoise,PTTG1
cg09471658,turquoise,TNFRSF8
cg09474156,turquoise,
cg09474175,turquoise,MLST8
cg09476149,turquoise,TRAP1
cg09477407,grey,TXNRD1
cg09479134,blue,NANP
cg09481857,grey,P2RX6
cg09482050,grey,RLTPR
cg09482748,grey,
cg09484009,turquoise,MTERFD1
cg09484638,turquoise,DNASE2
cg09489281,turquoise,NNT
cg09491948,blue,UBXN1
cg09493063,turquoise,
cg09493652,turquoise,MGC72080
cg09495303,grey,CHRNE
cg09495739,turquoise,PEX16
cg09497391,grey,TPST1
cg09498106,turquoise,UPF1
cg09498379,turquoise,NEDD4
cg09499095,grey,
cg09499248,turquoise,POLR3K
cg09501821,grey,
cg09502221,grey,TYW3
cg09504398,turquoise,ABCE1
cg09504571,turquoise,MRPL28
cg09506302,grey,
cg09506600,grey,OR2L13
cg09506963,grey,
cg09507771,turquoise,NBPF1
cg09507928,blue,IK
cg09508496,grey,RYR1
cg09508770,turquoise,NTNG1
cg09508938,grey,
cg09509035,turquoise,GGPS1
cg09509183,grey,IRF6
cg09509909,turquoise,
cg09509950,turquoise,ELFN2
cg09510339,grey,GPR45
cg09511724,grey,CASZ1
cg09511741,grey,TRPM4
cg09512891,grey,
cg09513133,turquoise,ZFP36
cg09516839,turquoise,
cg09517106,turquoise,
cg09517251,salmon,FRRS1
cg09518351,turquoise,C2orf28
cg09523171,turquoise,DHDH
cg09523472,turquoise,RAD21
cg09524080,turquoise,UBE2O
cg09526685,grey,CYP4V2
cg09528660,grey,HERC3
cg09528825,grey,GSG1L
cg09530755,turquoise,NUDCD3
cg09531436,turquoise,MICA
cg09536031,turquoise,SYNGAP1
cg09537434,grey,ATP5SL
cg09543727,turquoise,PDE5A
cg09547081,grey,BRD2
cg09549073,grey60,HOXA5
cg09549848,grey,LPAR1
cg09550909,turquoise,TRANK1
cg09551864,turquoise,
cg09552548,grey,
cg09554406,grey,TRPM4
cg09554789,blue,PNPLA6
cg09557387,grey,CR1L
cg09559196,grey,TIGD6
cg09559545,turquoise,KIAA1407
cg09559971,turquoise,TRAF7
cg09561365,grey,
cg09562655,grey,
cg09567642,grey,BDP1
cg09568464,grey,ZNF582
cg09571097,grey,TIMM22
cg09573389,grey,C10orf58
cg09574807,grey,MED7
cg09575280,grey,RAET1L
cg09577417,grey,SNORD89
cg09577804,grey,
cg09577841,turquoise,KLHL31
cg09579722,brown,GLB1L3
cg09580153,grey,NFYA
cg09580214,grey,PSMC3
cg09580822,turquoise,
cg09583839,turquoise,MRPL55
cg09584112,turquoise,NAGPA
cg09584650,grey,MYOM2
cg09586646,grey,PSMD5
cg09587640,turquoise,KAZALD1
cg09587880,grey,SEMA3C
cg09588770,grey,HLA-B
cg09588792,turquoise,SEPT10
cg09591072,grey,
cg09592244,grey,
cg09592603,blue,CDC25B
cg09592804,blue,PIK3IP1
cg09593860,grey,ZBTB16
cg09595163,blue,WNT5A
cg09596239,turquoise,SMPD4
cg09596336,yellow,ZEB2
cg09597585,turquoise,MED21
cg09597616,turquoise,SLC35F2
cg09599399,blue,PPT2
cg09602562,turquoise,KBTBD3
cg09602577,black,C11orf61
cg09605095,grey,
cg09605254,grey,FAM91A1
cg09608737,turquoise,MRPS24
cg09610133,blue,
cg09610772,grey,
cg09613161,grey,COBL
cg09614565,turquoise,IL17RD
cg09616463,turquoise,BRUNOL6
cg09617296,grey,TM9SF2
cg09619624,grey,
cg09621330,grey,
cg09621938,magenta,IFT140
cg09622121,grey,HCG27
cg09622265,turquoise,UFD1L
cg09622504,turquoise,KLF12
cg09622941,grey,ALOXE3
cg09626521,grey,
cg09627874,grey,
cg09628838,turquoise,C17orf102
cg09629019,turquoise,STARD5
cg09631044,turquoise,RACGAP1
cg09634360,yellow,KRR1
cg09636727,grey,ST6GALNAC5
cg09639725,turquoise,GPR123
cg09640425,grey,
cg09642739,grey,HOOK3
cg09644986,blue,GAPDH
cg09648091,grey,PGP
cg09648333,turquoise,TCERG1
cg09650414,turquoise,ARL6IP6
cg09650487,turquoise,FRMD4A
cg09651496,turquoise,NARF
cg09652509,turquoise,
cg09652533,grey,STXBP4
cg09654157,grey,C20orf96
cg09654669,grey,
cg09655403,grey,CMYA5
cg09656239,turquoise,MRPL39
cg09657348,turquoise,RNF141
cg09657963,turquoise,HEPACAM
cg09658497,grey,GNA12
cg09659208,grey,DIP2C
cg09659300,grey,VPS37B
cg09659514,blue,URB1
cg09660878,grey,
cg09662430,grey,AHRR
cg09662571,turquoise,
cg09664815,turquoise,
cg09667303,turquoise,
cg09667551,turquoise,
cg09667775,grey,CHD5
cg09669930,grey,NEDD9
cg09671060,turquoise,
cg09671109,turquoise,RBMS1
cg09671242,grey,DDX55
cg09675001,grey,GBP7
cg09677945,grey,DNAJC15
cg09678349,grey,DOCK4
cg09678836,blue,MCF2L
cg09679897,turquoise,MXD1
cg09680719,grey,
cg09681675,grey,
cg09682251,turquoise,MAPKAPK3
cg09682796,grey,ZMYND10
cg09682986,grey,POT1
cg09683623,grey,LOC201651
cg09687322,turquoise,RWDD1
cg09687332,yellow,RBM6
cg09689449,turquoise,ACADS
cg09692492,grey,ZDHHC8P
cg09692531,turquoise,C11orf60
cg09692663,turquoise,ZNF398
cg09692677,turquoise,PHF20
cg09693106,grey,C22orf26
cg09693926,grey,ADAMTS2
cg09694403,grey,DHRS7
cg09694986,grey,SNTB1
cg09695652,blue,COPB2
cg09695735,turquoise,C17orf64
cg09696653,turquoise,CAMTA1
cg09698465,grey,
cg09699369,turquoise,C19orf42
cg09700407,turquoise,PARD6B
cg09704166,grey,PAX8
cg09704584,turquoise,FAM96B
cg09705456,brown,MACROD1
cg09705457,grey,
cg09705885,turquoise,PALB2
cg09709656,grey,
cg09712216,grey,RBM6
cg09712682,grey,EMP2
cg09713000,turquoise,RFC4
cg09715285,grey,GLB1L
cg09715682,turquoise,SPTBN1
cg09715738,grey,RDX
cg09718371,grey,JAKMIP3
cg09719331,turquoise,ZSWIM3
cg09721595,grey,THRSP
cg09721739,turquoise,NMNAT3
cg09725766,turquoise,EHBP1
cg09727531,turquoise,ABCF2
cg09727934,grey,
cg09729182,turquoise,CASR
cg09732150,grey,TLE3
cg09732190,turquoise,CDK5
cg09732405,grey,
cg09732966,turquoise,ABR
cg09734394,grey,
cg09735598,turquoise,ARPC5
cg09737845,turquoise,CHST13
cg09738429,turquoise,PYROXD1
cg09738481,grey,CPNE7
cg09740308,grey,PIP4K2C
cg09741588,turquoise,SOCS2
cg09742751,grey,KIF16B
cg09744766,grey,
cg09745688,grey,PRSS22
cg09748973,turquoise,KIAA1530
cg09749225,grey,
cg09754948,grey,ATXN2L
cg09755039,turquoise,USP21
cg09756125,grey,PTPRN2
cg09756132,turquoise,ZNF771
cg09756865,turquoise,ATG4C
cg09757277,turquoise,ZNF222
cg09757709,grey,SNORA32
cg09758623,turquoise,DTD1
cg09758865,turquoise,METTL9
cg09759458,grey,
cg09762043,grey,TUBGCP5
cg09763865,turquoise,TRAPPC3
cg09766769,turquoise,ROGDI
cg09768983,grey,
cg09769958,turquoise,RPL28
cg09772954,turquoise,GALNTL6
cg09775785,turquoise,KLF16
cg09780764,turquoise,
cg09781304,grey,TBCD
cg09781437,turquoise,SLC22A18AS
cg09782645,grey,
cg09782726,brown,TRIM26
cg09785344,grey,
cg09785847,turquoise,
cg09785958,grey,
cg09786098,grey,KREMEN2
cg09787504,grey,
cg09789239,grey,ZC3H13
cg09789584,grey,
cg09791621,grey,
cg09793269,grey,
cg09793807,grey,NFE2L1
cg09796376,turquoise,HCK
cg09797334,grey,
cg09798418,turquoise,
cg09798888,grey,
cg09799690,turquoise,ZNF669
cg09800012,turquoise,P4HA2
cg09800026,turquoise,ICOSLG
cg09804398,turquoise,NINL
cg09805314,grey,TRIM27
cg09807033,grey,SEMA6A
cg09808176,black,ATM
cg09808606,turquoise,METTL9
cg09808786,turquoise,KCNJ9
cg09809242,turquoise,MKI67IP
cg09810870,grey,RPH3AL
cg09812376,grey,QRICH2
cg09813817,turquoise,ZNF692
cg09813874,grey,LOC732275
cg09815014,grey,METT11D1
cg09816855,brown,
cg09817024,grey,
cg09817162,grey,
cg09817993,turquoise,GNL3
cg09818520,turquoise,VPS72
cg09818962,blue,
cg09819502,grey,C5orf33
cg09820321,green,KIAA1026
cg09822001,turquoise,APOA1BP
cg09822488,grey,GCH1
cg09822907,turquoise,EME1
cg09824328,grey,SLC2A1
cg09826002,black,SPEN
cg09826587,turquoise,PRDM2
cg09827761,grey,
cg09833785,turquoise,SPRY2
cg09834706,grey,
cg09836347,grey,MIR376A1
cg09837748,grey,G2E3
cg09839635,grey,RNF180
cg09840623,grey,EML4
cg09841001,grey,
cg09841758,grey,FDXR
cg09841842,grey,FRMD6
cg09845488,turquoise,PHTF1
cg09850289,turquoise,
cg09850661,turquoise,
cg09852079,turquoise,SLC30A9
cg09852199,blue,ZC3H11A
cg09852920,blue,COL1A1
cg09855544,grey,ZFAT
cg09856206,turquoise,CSTF2T
cg09856241,turquoise,LETMD1
cg09858108,grey,
cg09858237,turquoise,WDR16
cg09861318,turquoise,RNF13
cg09861373,turquoise,RAP1GAP
cg09861583,grey,RAMP1
cg09861871,turquoise,ARFGAP3
cg09862076,turquoise,B4GALT4
cg09863749,turquoise,EIF2C3
cg09863786,turquoise,PSMB2
cg09867128,blue,HSPA1B
cg09868354,turquoise,
cg09869234,turquoise,
cg09871885,turquoise,SFRS5
cg09872926,turquoise,EBF3
cg09873201,grey,NAT15
cg09873933,grey,TGFBI
cg09874600,turquoise,TRIP4
cg09876101,turquoise,WDR90
cg09879382,grey,
cg09883994,grey,TMED7-TICAM2
cg09884389,grey,PHF17
cg09886360,grey,CSGALNACT2
cg09887251,grey,
cg09887667,turquoise,NEDD4
cg09888468,grey,
cg09893588,turquoise,NTSR1
cg09894276,grey,WDR27
cg09894698,grey,ASCL2
cg09896598,turquoise,ERLIN2
cg09898060,turquoise,RAB6A
cg09899173,grey,MIR596
cg09900084,grey,MAN1A2
cg09909877,turquoise,GCAT
cg09914675,turquoise,SEPX1
cg09915940,blue,PTBP1
cg09918394,grey,LASS5
cg09918751,grey,ADAMTS17
cg09918929,turquoise,BTG1
cg09920172,grey,
cg09923107,grey,ID1
cg09927508,grey,RAB37
cg09928474,grey,RWDD2B
cg09929564,turquoise,ILF2
cg09929763,grey,
cg09930017,turquoise,UBC
cg09930524,turquoise,TTLL9
cg09932636,grey,
cg09933458,grey,
cg09937190,grey,MACROD2
cg09939729,grey,
cg09941202,grey,TDP1
cg09944012,grey,C17orf101
cg09944147,turquoise,COL27A1
cg09948425,turquoise,MRPL13
cg09949906,grey,HLA-DRB1
cg09951650,blue,AP4E1
cg09952002,grey,HOXB3
cg09955715,turquoise,
cg09955730,turquoise,TMED5
cg09962400,blue,
cg09967877,cyan,SYT12
cg09968630,grey,ANO5
cg09968723,grey,BAI1
cg09968817,grey,NUMB
cg09969018,grey,PURG
cg09969830,turquoise,SNRNP25
cg09970392,grey,HLA-C
cg09972618,turquoise,ISPD
cg09973375,turquoise,PPID
cg09975044,grey,
cg09976142,grey,CIZ1
cg09976445,turquoise,PELI1
cg09977703,grey,PPP5C
cg09977865,blue,CUTA
cg09978860,grey,
cg09981929,grey,
cg09982942,grey,FBLN7
cg09983301,turquoise,ANTXR1
cg09984047,turquoise,
cg09984124,grey,TMC4
cg09985530,turquoise,RFWD3
cg09989727,grey,TCF12
cg09990421,grey,NUBPL
cg09990440,grey,FLOT1
cg09990919,turquoise,CTXN1
cg09991298,turquoise,ANKRD27
cg09991946,turquoise,PRKCH
cg09994323,turquoise,FOXN2
cg09994553,turquoise,TAF3
cg09996633,grey,ATXN3
cg09999441,blue,CATSPERG
cg09999650,blue,EDC4
cg10002561,grey,CCNA2
cg10006408,turquoise,WDR89
cg10007002,turquoise,PPAPDC1B
cg10010393,grey,
cg10012475,grey,
cg10015175,grey,ALG1
cg10017293,turquoise,SMAGP
cg10017888,turquoise,CALM3
cg10019132,turquoise,
cg10019429,grey,ZNF507
cg10019720,grey,MDGA1
cg10020892,turquoise,BCL9
cg10021924,grey,
cg10022533,grey,HEATR1
cg10022553,grey,
cg10023855,grey,HLA-DQA2
cg10023862,grey,CUEDC1
cg10025392,turquoise,VPS29
cg10025462,blue,SNORD42B
cg10025714,grey,
cg10026473,turquoise,HPDL
cg10028227,turquoise,KCNK4
cg10030837,turquoise,YEATS4
cg10038679,grey,NUP50
cg10039163,brown,ZC3H3
cg10040196,turquoise,EML1
cg10041390,blue,PTEN
cg10044466,grey,ADM
cg10045999,turquoise,FXYD6
cg10046127,blue,MUDENG
cg10047753,turquoise,
cg10053622,grey,DNAH2
cg10054127,turquoise,NECAB3
cg10056102,grey,ASAP1
cg10057318,turquoise,CDC7
cg10057976,turquoise,NUP85
cg10060875,turquoise,ZNF200
cg10062617,turquoise,TSSC4
cg10063233,turquoise,LMBR1
cg10064886,blue,FLJ31306
cg10064897,turquoise,PIK3R3
cg10067182,grey,HDAC4
cg10068432,magenta,ALG11
cg10069155,grey,TYRO3
cg10069353,turquoise,RPL41
cg10070257,grey,TTC26
cg10071929,grey,CIZ1
cg10072078,turquoise,SYNRG
cg10072237,grey,
cg10075506,grey,MYT1L
cg10076730,grey,COL4A2
cg10076931,blue,HIST1H2AG
cg10078688,grey,OXR1
cg10079107,turquoise,
cg10079374,grey,
cg10079740,grey,MMP2
cg10079801,turquoise,C2orf18
cg10081723,turquoise,B2M
cg10082647,grey,C12orf23
cg10084509,grey,LYRM1
cg10086030,grey,EED
cg10089247,turquoise,NIF3L1
cg10090844,grey,
cg10091662,turquoise,BMI1
cg10091738,turquoise,HIST1H4E
cg10091994,turquoise,CCND2
cg10095534,grey,FBN1
cg10097105,grey,KIF14
cg10097813,turquoise,SLC25A3
cg10099105,grey,INSIG1
cg10099827,grey,
cg10100747,turquoise,
cg10101463,blue,
cg10102256,grey,SERGEF
cg10104252,grey,
cg10105681,grey,
cg10107434,turquoise,
cg10107671,grey,
cg10107958,turquoise,DUSP5P
cg10110884,grey,AADAC
cg10111008,grey,TBL3
cg10111153,grey,OBFC2B
cg10112022,turquoise,RPS6KA5
cg10113231,turquoise,NKIRAS1
cg10113715,grey,DLK1
cg10113760,grey,
cg10113872,grey,ZNF207
cg10114372,turquoise,VARS
cg10116794,grey,C16orf5
cg10116893,grey,NTN1
cg10117180,grey,AGFG1
cg10118513,grey,
cg10121146,grey,MFSD4
cg10122910,grey,PELI3
cg10124651,turquoise,CDC42BPB
cg10127162,turquoise,ZBTB41
cg10127463,turquoise,RPS16
cg10130344,turquoise,RPL35A
cg10130446,blue,DLGAP5
cg10130564,grey,TAGLN
cg10130662,grey,BBX
cg10130694,turquoise,DZIP3
cg10131483,turquoise,GABPB1
cg10132987,turquoise,FNDC3B
cg10135260,grey,
cg10138041,grey,ZBTB4
cg10140454,grey,RAI1
cg10140536,grey,USP29
cg10143842,turquoise,C3orf38
cg10144400,grey,
cg10146185,turquoise,RAB11FIP5
cg10146780,grey,TXNDC16
cg10146807,turquoise,API5
cg10146935,grey,SAMD11
cg10150686,grey,C2orf70
cg10153335,turquoise,LOC404266
cg10154310,turquoise,SSBP1
cg10155891,grey,CBFA2T3
cg10156125,grey,UGT8
cg10156941,turquoise,PITPNA
cg10157098,grey,FAM71F1
cg10158614,turquoise,SNW1
cg10158843,grey,CD6
cg10160068,turquoise,LOC728723
cg10163222,yellow,ZNF180
cg10164300,turquoise,VWA5A
cg10165071,turquoise,IGFBP5
cg10166205,turquoise,FUZ
cg10167378,grey,
cg10174687,turquoise,FAM98B
cg10174836,grey,ACADS
cg10174972,yellow,TOPBP1
cg10178308,turquoise,PVRL2
cg10181330,grey,
cg10181419,blue,ACP1
cg10182102,turquoise,
cg10182418,turquoise,TLR6
cg10183714,turquoise,BRMS1L
cg10185519,blue,ZNF689
cg10186232,turquoise,C5orf44
cg10187029,grey,
cg10187221,turquoise,FLJ32065
cg10188668,grey,MAFG
cg10189095,turquoise,CNNM4
cg10190104,grey,DHODH
cg10191460,grey,RPUSD1
cg10193721,grey,LTB4R2
cg10194655,turquoise,ANAPC7
cg10194729,grey,PDE6B
cg10196001,grey,ATG2B
cg10196802,blue,GGCT
cg10197305,grey,ZNF718
cg10199164,turquoise,PDIK1L
cg10200451,grey,
cg10202788,grey,FAF2
cg10204951,brown,UNC84A
cg10205852,turquoise,CLDN12
cg10206873,tan,ELFN1
cg10207187,turquoise,TMEM67
cg10208301,grey,DNHD1
cg10208897,grey,ADAMTS2
cg10210594,grey,
cg10211454,grey,USPL1
cg10212558,turquoise,ASPM
cg10213457,turquoise,
cg10214058,turquoise,CNOT8
cg10218542,turquoise,CTCF
cg10218876,grey,TNNT1
cg10221014,grey,FAM113B
cg10223066,grey,CHFR
cg10224037,turquoise,ZNF354A
cg10224655,turquoise,NPHP4
cg10224806,grey,
cg10225865,grey,
cg10226467,grey,
cg10226628,blue,SETD1A
cg10227280,grey,
cg10227705,grey,FXYD5
cg10230308,turquoise,TACO1
cg10230427,grey,BAG2
cg10231183,blue,UBE2W
cg10234007,grey,GJA9
cg10234841,turquoise,C13orf37
cg10236452,grey,
cg10240744,turquoise,CHSY1
cg10241671,turquoise,KPNA6
cg10241701,blue,CD58
cg10243292,turquoise,RNGTT
cg10244666,grey,WT1
cg10248552,turquoise,C3orf70
cg10250651,turquoise,PNN
cg10253484,turquoise,SCAMP2
cg10253847,grey,NKAPL
cg10254974,purple,NCRNA00188
cg10256790,grey,
cg10259761,grey,CCNY
cg10261205,grey,ATHL1
cg10261416,grey,
cg10263335,turquoise,LOC100129387
cg10266196,grey,BRE
cg10272779,turquoise,RBBP6
cg10279314,grey,
cg10279794,turquoise,JRK
cg10281996,grey,
cg10282162,grey,SHISA6
cg10282371,yellow,ADAM9
cg10282920,blue,ZNF2
cg10283338,turquoise,PDCD11
cg10284592,blue,ZDHHC5
cg10285526,grey,
cg10286310,turquoise,RBPMS
cg10287301,turquoise,UBFD1
cg10287303,turquoise,P4HA1
cg10288784,turquoise,ABL1
cg10290504,grey,
cg10291648,turquoise,TIRAP
cg10296238,grey,C21orf56
cg10303487,grey,DPYS
cg10305311,turquoise,CLDN10
cg10308253,turquoise,ZC3H12D
cg10308414,grey,
cg10308673,turquoise,
cg10308785,grey,LOC404266
cg10308950,grey,TTC7B
cg10309580,grey,FOXJ3
cg10309957,turquoise,ATF6
cg10314470,grey,RABGAP1L
cg10315231,turquoise,EPHA3
cg10316026,grey,POT1
cg10316525,grey,
cg10317314,grey,
cg10321208,turquoise,CPT2
cg10322744,grey,TMPO
cg10325536,brown,
cg10327440,grey,CDC42BPA
cg10328220,turquoise,PANK2
cg10331500,grey,TGFA
cg10332116,grey,
cg10332972,turquoise,BBS1
cg10338465,turquoise,CIB2
cg10339200,grey,XRRA1
cg10339854,turquoise,CBX7
cg10341935,turquoise,CLTC
cg10342614,red,ZNF836
cg10342722,turquoise,SCPEP1
cg10342789,grey,TMEM189
cg10342884,turquoise,ZNF428
cg10344477,turquoise,B3GNTL1
cg10347199,turquoise,DLG4
cg10348543,turquoise,MOSPD3
cg10349844,grey,
cg10350352,grey,ARPM1
cg10351477,turquoise,EAPP
cg10353859,turquoise,MAP4K1
cg10356613,grey,LHX1
cg10356759,grey,IQSEC3
cg10356904,grey,
cg10357728,grey,
cg10360323,turquoise,
cg10360769,turquoise,LOC338799
cg10365886,grey,TNXB
cg10366439,grey,NCRNA00116
cg10366851,grey,MGMT
cg10368447,blue,
cg10369203,grey,HIVEP2
cg10370574,grey,REXO1
cg10372813,grey,PHF20
cg10374040,turquoise,
cg10374084,grey,C19orf41
cg10374976,turquoise,
cg10377414,grey,TBCD
cg10384373,turquoise,DNAL1
cg10385290,brown,SLC1A6
cg10386194,grey,
cg10387512,turquoise,ZNF267
cg10389722,turquoise,MRPL15
cg10390473,brown,MARCH1
cg10397009,turquoise,STMN3
cg10399005,grey,
cg10399099,turquoise,
cg10399369,turquoise,CABC1
cg10401356,grey,KCNK9
cg10401489,grey,C19orf20
cg10402576,grey,ERRFI1
cg10404142,turquoise,SKIV2L
cg10406153,turquoise,RGS6
cg10409680,grey,HLA-C
cg10409786,grey,DSN1
cg10409981,grey,
cg10410170,turquoise,NBN
cg10410213,turquoise,ELOVL5
cg10411146,grey,ATHL1
cg10411590,grey,
cg10413944,turquoise,AP1S3
cg10414242,turquoise,AKAP12
cg10414747,grey,FDX1
cg10416105,turquoise,BUB1
cg10418598,turquoise,SNX33
cg10421688,grey,
cg10421979,grey,CHAD
cg10426581,grey,SRRT
cg10426814,grey,SFMBT2
cg10427040,grey,FAM100B
cg10429608,grey,
cg10430904,turquoise,LOC400752
cg10431713,grey,SLFN12
cg10434361,grey,NT5C2
cg10435123,turquoise,HVCN1
cg10436026,grey,SMAD9
cg10437627,turquoise,C12orf45
cg10438011,turquoise,SPRY2
cg10438391,grey,
cg10439651,turquoise,DEDD
cg10439911,turquoise,MAT2A
cg10440342,grey,NUPL2
cg10440483,turquoise,ASAP3
cg10440639,grey,RPH3AL
cg10442148,turquoise,TRIM39
cg10443987,turquoise,ZNF680
cg10448759,turquoise,RBM22
cg10450899,blue,RNMTL1
cg10450921,grey,C16orf91
cg10451425,grey,ARMC5
cg10454162,grey,ZNF80
cg10454879,grey,
cg10455938,salmon,CACNA1I
cg10456710,turquoise,SNAP23
cg10456769,grey,WDR36
cg10457852,brown,
cg10459387,grey,TTC14
cg10464773,grey,
cg10467557,grey,
cg10469112,grey,CPNE4
cg10469704,turquoise,CRYM
cg10471574,grey,SOX9
cg10472067,cyan,DSN1
cg10473311,grey,PTPRN2
cg10474368,turquoise,XRRA1
cg10474881,grey,MARCKS
cg10475468,brown,CEP72
cg10478435,grey,KCNJ12
cg10482057,grey,KIAA0319
cg10484450,turquoise,TMEM229B
cg10486069,grey,
cg10486455,grey,WDR46
cg10486974,grey,PACSIN1
cg10487724,grey,TEX14
cg10487770,grey,RAB3C
cg10488141,turquoise,SUFU
cg10490147,turquoise,SRM
cg10493356,turquoise,LIMK2
cg10495392,turquoise,NSUN4
cg10496082,grey,DUOX1
cg10496560,turquoise,DHX16
cg10498361,turquoise,XRN2
cg10499102,brown,EXOC2
cg10499753,grey,CPNE7
cg10501074,turquoise,ZDHHC4
cg10501093,grey,TNFAIP2
cg10502904,grey,MGMT
cg10503635,grey,MOG
cg10503854,blue,EIF4A3
cg10503906,turquoise,ZMYM1
cg10505324,turquoise,HOXB8
cg10507099,turquoise,FHOD1
cg10507402,turquoise,DPP4
cg10508639,turquoise,CNOT8
cg10510505,turquoise,RPL23
cg10512498,grey,WDR17
cg10514658,grey,TBC1D9
cg10515332,grey,C4orf37
cg10515414,grey,FHAD1
cg10517290,turquoise,PGS1
cg10517650,grey,CCDC52
cg10518850,grey,
cg10520079,grey,TCF7L2
cg10520349,turquoise,
cg10521403,grey,
cg10522577,pink,
cg10523679,grey,ACADM
cg10523966,greenyellow,BMP8A
cg10524983,turquoise,GYG1
cg10530613,grey,TRIT1
cg10534923,blue,TM7SF2
cg10535017,turquoise,MAP3K3
cg10535353,blue,SATB2
cg10535919,turquoise,PMVK
cg10537699,blue,
cg10538030,blue,PHF12
cg10541313,turquoise,TTC38
cg10541930,turquoise,
cg10543624,grey,PPARA
cg10543947,grey,APOL2
cg10546459,grey,FEZ2
cg10547050,turquoise,PHF12
cg10547527,grey,BOLL
cg10548038,turquoise,GPC5
cg10548163,grey,
cg10548700,turquoise,THG1L
cg10549156,turquoise,C7orf51
cg10550308,grey,EHHADH
cg10550971,grey,FIS1
cg10552282,grey,SLC20A1
cg10552385,cyan,RB1
cg10552603,grey,PTPRN2
cg10552847,grey,HMGCR
cg10553204,grey,GDF7
cg10554698,grey,SPRED2
cg10556349,grey,
cg10556630,turquoise,LMO4
cg10557743,green,C2orf55
cg10558228,turquoise,ASH1L
cg10559104,turquoise,SLC4A1AP
cg10559416,turquoise,CYTIP
cg10560079,grey,TMEM194B
cg10562791,turquoise,STX3
cg10563284,turquoise,PAK6
cg10563352,turquoise,COL4A3
cg10564360,turquoise,UBTD2
cg10565537,grey,KIN
cg10568066,grey,RNF39
cg10570941,turquoise,HIST1H3G
cg10578696,turquoise,
cg10578777,grey,
cg10582608,grey,
cg10583683,blue,NIPA2
cg10590925,grey,BRSK2
cg10591911,turquoise,C19orf73
cg10592245,turquoise,KCNK2
cg10592446,turquoise,CTSO
cg10594237,grey,
cg10594709,turquoise,
cg10596006,blue,APEH
cg10596483,grey,JRK
cg10599345,grey,MAP3K5
cg10599438,grey,PRTN3
cg10599456,turquoise,PGM2L1
cg10601002,turquoise,DDX51
cg10601761,brown,UHRF1
cg10602367,turquoise,LOC338758
cg10604476,grey,ICAM5
cg10605015,turquoise,UBR2
cg10605130,yellow,SCARA3
cg10606061,grey,ASPH
cg10606127,grey,
cg10606797,turquoise,ENTPD4
cg10607059,turquoise,TCF7L2
cg10607745,turquoise,CAMTA1
cg10608004,turquoise,RPL13AP5
cg10612452,grey,NTN1
cg10612681,turquoise,SNX2
cg10612867,green,TMED4
cg10614809,grey,
cg10615592,purple,GRPEL2
cg10616121,turquoise,DLAT
cg10616306,grey,TMEM161B
cg10616902,turquoise,
cg10617909,grey,
cg10619644,grey,AUTS2
cg10621924,grey,POU6F2
cg10622551,grey,ZFYVE28
cg10623288,grey,EEF1DP3
cg10623600,turquoise,
cg10624054,blue,KRT8
cg10626541,grey,LSM3
cg10626925,turquoise,MOBKL1B
cg10627839,grey,CFHR4
cg10632277,blue,C22orf13
cg10632429,grey,RNASEH2B
cg10632894,grey,HLA-DRB1
cg10633931,turquoise,
cg10634964,turquoise,ANKZF1
cg10636020,grey,KCNH2
cg10637512,turquoise,SYNM
cg10638599,turquoise,SHISA7
cg10638657,turquoise,HIST1H1D
cg10639368,grey,HDAC4
cg10639412,blue,FAM98A
cg10640646,turquoise,PNKD
cg10641368,turquoise,TRIM41
cg10641809,turquoise,C6orf106
cg10642188,blue,ATAD2
cg10642449,grey,RERE
cg10644772,turquoise,DENR
cg10645314,grey,ALLC
cg10645943,grey,LRRC45
cg10647704,grey,AHNAK
cg10648573,lightgreen,
cg10648629,grey,
cg10651319,turquoise,FLJ42289
cg10651618,turquoise,RRAGD
cg10652674,brown,ANK3
cg10654016,turquoise,LLPH
cg10656255,turquoise,DET1
cg10658240,grey,UBE2E3
cg10662479,turquoise,WFDC3
cg10662968,turquoise,VPS8
cg10664338,grey,MAPK14
cg10664339,grey,SMARCE1
cg10666916,grey,
cg10667044,turquoise,EIF4B
cg10667338,grey,LIN7B
cg10668926,yellow,
cg10671668,grey,KCNA6
cg10676327,grey,
cg10676527,pink,USF2
cg10677351,grey,BTBD2
cg10684297,grey,TBC1D5
cg10685559,turquoise,USP18
cg10687202,grey,PEMT
cg10692290,turquoise,KIAA1949
cg10692932,blue,TROAP
cg10695234,red,RAD54B
cg10695848,turquoise,HDAC7
cg10698984,turquoise,UBL3
cg10700424,grey,GLB1L2
cg10700647,turquoise,SNHG3-RCC1
cg10701640,grey,
cg10703338,grey,SORCS2
cg10703481,grey,DNHD1
cg10705717,grey,ZNF787
cg10706069,turquoise,ADRA2A
cg10706454,turquoise,C1orf172
cg10706642,lightcyan,
cg10706910,turquoise,ZNF337
cg10709925,tan,
cg10714510,grey,HLA-DQB2
cg10714639,grey,HMHA1
cg10715361,grey,HEATR6
cg10715383,turquoise,CMPK1
cg10717387,turquoise,HIST1H1C
cg10718940,turquoise,OLFM2
cg10722938,turquoise,LPHN1
cg10724442,blue,SPTBN4
cg10724774,grey,NT5C3
cg10725121,blue,MAPT
cg10725932,turquoise,
cg10726394,blue,ARID1B
cg10727171,grey,NPAS3
cg10727654,turquoise,
cg10730421,turquoise,DGKG
cg10731794,turquoise,SNCA
cg10734240,grey,ZNF790
cg10736309,salmon,ANKRD37
cg10738026,turquoise,PDE4C
cg10738358,grey,IGFBP7
cg10739132,grey,FXR1
cg10740880,grey,KBTBD10
cg10741443,turquoise,B9D2
cg10742605,blue,
cg10744200,brown,CCDC149
cg10749413,blue,ABCA7
cg10751382,grey,TBC1D17
cg10751960,grey,
cg10755058,grey,ENTPD3
cg10755730,turquoise,NMT1
cg10755973,grey,LHX2
cg10760299,grey,GATM
cg10763059,turquoise,PTPN12
cg10763598,grey,KIAA0892
cg10766373,grey,B3GAT2
cg10767168,yellow,SNRPB2
cg10767909,blue,ZNF566
cg10768682,grey,SNAP29
cg10770187,grey,LYPD6
cg10771695,grey,EIF5
cg10773587,grey,GFPT1
cg10774636,turquoise,DEDD2
cg10775050,turquoise,NFRKB
cg10775273,turquoise,CRYBA2
cg10777361,turquoise,
cg10778415,turquoise,TYW1
cg10780632,turquoise,MAPT
cg10785373,grey,
cg10786572,grey,
cg10788475,turquoise,
cg10790723,turquoise,FOXRED2
cg10794915,blue,SLFN5
cg10796078,turquoise,DACT1
cg10797910,turquoise,SIK2
cg10798059,turquoise,
cg10799055,grey,
cg10800226,grey,
cg10800585,turquoise,RPS6KA1
cg10801421,grey,EPN1
cg10804090,pink,BCL2L11
cg10805483,turquoise,CALM2
cg10806946,turquoise,UBE2V2
cg10808198,grey,SCAF1
cg10811681,turquoise,ZFP36L1
cg10812634,grey,FLJ44606
cg10813233,turquoise,BAT4
cg10815657,grey,PPAP2C
cg10817615,turquoise,CHST1
cg10819847,turquoise,KLF2
cg10822593,turquoise,SFRS12
cg10825350,grey,FSTL4
cg10825398,turquoise,IRF2BP2
cg10826174,grey,NTN1
cg10826200,turquoise,CCDC94
cg10828210,turquoise,VCP
cg10828660,turquoise,
cg10830322,grey,HPYR1
cg10831725,grey,
cg10831901,grey,LOC149837
cg10832035,grey,LOC154449
cg10832093,grey,STX2
cg10832304,grey,DLL3
cg10832998,turquoise,ABLIM1
cg10833066,grey,FAM109A
cg10833620,turquoise,UBA2
cg10836401,turquoise,FKBP8
cg10844118,grey,FLJ31306
cg10845886,brown,TTC15
cg10848522,turquoise,C2orf3
cg10851033,turquoise,
cg10853137,turquoise,SEC23A
cg10853637,turquoise,FOXQ1
cg10854819,grey,
cg10855528,turquoise,TTC19
cg10856724,grey,
cg10857441,grey,POLS
cg10857807,turquoise,MAD1L1
cg10859566,grey,
cg10861751,turquoise,RGS1
cg10862468,grey,CYP2E1
cg10864145,yellow,CCL28
cg10864200,grey,PCGF3
cg10867947,blue,INTS8
cg10871120,grey,MOCS1
cg10871529,turquoise,CNP
cg10875346,turquoise,ZNF341
cg10877797,grey,C1orf163
cg10879207,turquoise,IRAK3
cg10879486,grey,TRAPPC6B
cg10879958,grey,RAD17
cg10880995,blue,PDE12
cg10881128,grey,PTPRF
cg10881242,grey,
cg10881514,turquoise,ROR1
cg10883171,grey,
cg10883284,turquoise,
cg10883421,green,RMND1
cg10883503,turquoise,
cg10884052,turquoise,TMEM163
cg10884341,blue,HSPE1
cg10884867,blue,LOC100189589
cg10884908,turquoise,PCDHB18
cg10885151,grey,
cg10886005,turquoise,TMEM131
cg10886007,grey,IMMP2L
cg10889502,grey,
cg10889506,turquoise,RP9
cg10890233,turquoise,HFM1
cg10890302,grey,TNXB
cg10899293,turquoise,
cg10899547,grey,RASGEF1C
cg10905310,turquoise,GDPD5
cg10905319,turquoise,TOP1
cg10906729,grey,LOC404266
cg10907912,turquoise,STK17B
cg10907941,turquoise,SIRT5
cg10909185,grey,KLHL35
cg10909939,grey,
cg10910545,turquoise,PARP2
cg10911913,turquoise,SLFN11
cg10911971,turquoise,EIF1B
cg10912581,turquoise,
cg10913456,turquoise,FKBP5
cg10915301,grey,USP30
cg10915739,grey,
cg10916967,turquoise,MAD1L1
cg10919664,grey,
cg10920224,grey,TRAF3
cg10923313,grey,SETD3
cg10923346,turquoise,PFKFB3
cg10923475,blue,FAM43A
cg10923662,grey,TNXB
cg10927841,turquoise,FAM59B
cg10929761,turquoise,KLF10
cg10929866,grey,SNX9
cg10931252,grey,ACOX1
cg10932018,grey,
cg10933186,grey,PCDHGA2
cg10935586,turquoise,RNF114
cg10937591,turquoise,KCND3
cg10938586,grey,
cg10938836,turquoise,TTC21B
cg10938899,grey,GTF2F2
cg10940651,blue,THADA
cg10943072,grey,SH2D4B
cg10944144,grey,ADAMTS6
cg10948359,grey,ME1
cg10948748,turquoise,ATXN10
cg10948883,turquoise,DDX41
cg10949322,turquoise,CUL2
cg10950924,grey,IGF2BP1
cg10951120,turquoise,KCNB1
cg10955566,grey,
cg10957242,turquoise,STOX2
cg10958362,turquoise,C5orf38
cg10958487,turquoise,
cg10958840,grey,DCUN1D1
cg10960055,grey,
cg10961055,blue,ARL3
cg10961841,turquoise,
cg10962762,grey,
cg10965738,grey,RICTOR
cg10968396,grey,ERC1
cg10968958,grey,NLRP2
cg10969241,grey,
cg10979612,turquoise,ACADM
cg10980329,grey,LSM5
cg10982358,yellow,CDKN2C
cg10982443,grey,KLHL33
cg10983544,turquoise,TRIM58
cg10984505,turquoise,PXT1
cg10985288,grey,TNIK
cg10986355,turquoise,GRM8
cg10987705,turquoise,PI4K2A
cg10987792,turquoise,ATG10
cg10989300,turquoise,TMEM90A
cg10989381,grey,AICDA
cg10990312,grey,C2orf89
cg10992267,turquoise,LPHN2
cg10992558,grey,CNN3
cg10995699,grey,
cg10996014,turquoise,RHOA
cg10997002,turquoise,TUBD1
cg11001670,grey,
cg11001780,grey,DIP2C
cg11002851,grey,C4orf19
cg11003573,grey,ZNF502
cg11003814,grey,
cg11004401,turquoise,NACA
cg11006267,grey,
cg11011512,grey,STX2
cg11012078,turquoise,ERCC5
cg11012412,grey,
cg11014109,turquoise,NARS2
cg11014582,grey,LMO7
cg11015012,turquoise,RAP2A
cg11015505,turquoise,EHD1
cg11017065,purple,FLI1
cg11018357,turquoise,CHD3
cg11020315,turquoise,NAGLU
cg11021200,blue,SKA3
cg11022928,grey,
cg11023328,grey,
cg11023815,turquoise,SNRPC
cg11024341,grey,
cg11026333,grey,LRRC61
cg11028445,turquoise,FAM96A
cg11028747,blue,LRWD1
cg11029346,turquoise,NUP155
cg11029501,turquoise,TARBP1
cg11030744,grey,GHRL
cg11032268,turquoise,FSCN1
cg11032776,turquoise,HIPK3
cg11036189,turquoise,ALG3
cg11037576,grey,
cg11038285,grey,SCN4B
cg11039464,turquoise,JAGN1
cg11039614,grey,ISL1
cg11039789,turquoise,NEDD1
cg11039808,blue,AP3B1
cg11040439,turquoise,LRRC45
cg11041239,grey,
cg11041457,turquoise,GNL3
cg11041835,grey,GULP1
cg11045746,grey,FAM26F
cg11049813,turquoise,FRS2
cg11050480,grey,AS3MT
cg11052668,turquoise,
cg11054680,turquoise,PHF19
cg11056945,grey,
cg11057457,turquoise,
cg11057497,turquoise,HMGCS1
cg11058154,grey,FAM20A
cg11058730,turquoise,PDHX
cg11059159,grey,
cg11059617,turquoise,SIX4
cg11061033,grey,RBM23
cg11062095,turquoise,C5orf15
cg11062158,grey,PTPRN2
cg11062466,grey,
cg11062635,turquoise,
cg11064039,grey,PRKAR1B
cg11065506,turquoise,SERPINE2
cg11065849,turquoise,
cg11067756,grey,OLFML2B
cg11070193,grey,CATSPER4
cg11072887,blue,RNF8
cg11075937,turquoise,ZC3H13
cg11076275,grey,IL24
cg11076662,grey,PEX19
cg11076890,turquoise,ACOT13
cg11076954,grey,SLC43A2
cg11076996,grey,PIWIL4
cg11077019,turquoise,TXNDC12
cg11077225,grey,PIWIL4
cg11078175,turquoise,ACTR3B
cg11079525,turquoise,RACGAP1
cg11080530,turquoise,RAB2B
cg11081185,blue,RIC8A
cg11083416,turquoise,
cg11086378,grey,AOX2P
cg11087101,turquoise,TFRC
cg11088422,blue,RUNDC3A
cg11090139,turquoise,FAM64A
cg11093939,grey,WDR25
cg11094012,grey,TFG
cg11094953,turquoise,ARCN1
cg11095404,grey,MTRF1
cg11098622,grey,PAM
cg11099586,turquoise,RDBP
cg11100324,grey,SFMBT1
cg11101030,grey,
cg11101316,grey,UBE2CBP
cg11103390,grey,ECHDC3
cg11104418,turquoise,TMC6
cg11106794,turquoise,PCBD2
cg11107669,turquoise,
cg11111423,turquoise,DAXX
cg11112892,turquoise,P4HA2
cg11113760,blue,ZNF385B
cg11116878,grey,TRDMT1
cg11117637,grey,CDX1
cg11117707,turquoise,SLC16A6
cg11119131,turquoise,CCDC99
cg11120874,grey,
cg11121865,grey,NUDCD3
cg11123440,grey,
cg11124426,blue,
cg11125589,turquoise,DGUOK
cg11130778,brown,UNC5A
cg11133979,grey,
cg11136235,turquoise,
cg11136969,grey,ENTPD4
cg11141497,grey,TAF10
cg11142248,turquoise,FLJ43390
cg11146691,grey,SLC38A4
cg11149452,turquoise,GRB2
cg11150664,grey,KIF11
cg11150901,turquoise,KMO
cg11152454,turquoise,TRNP1
cg11153400,grey,C22orf26
cg11153872,turquoise,CALCA
cg11153912,grey,PDX1
cg11154715,grey,
cg11157765,grey,ANO1
cg11157794,cyan,CCDC43
cg11158482,turquoise,CYB5D1
cg11161011,grey,MAX
cg11165905,grey,ATP8A2
cg11166106,grey,
cg11166365,grey,TCHH
cg11166893,turquoise,RASA3
cg11168104,grey,
cg11169363,grey,
cg11173999,yellow,LSM6
cg11174255,grey,
cg11176186,greenyellow,ADRM1
cg11178337,grey,
cg11181536,turquoise,NOP16
cg11183632,grey,
cg11185456,grey,DNHD1
cg11186706,grey,
cg11187806,grey,MBNL2
cg11189039,blue,NDUFA6
cg11189052,blue,WDR73
cg11190156,turquoise,HIST1H4C
cg11191979,grey,SKI
cg11196529,grey,EFNB2
cg11196693,blue,CCDC51
cg11196751,turquoise,SMAP1
cg11197101,blue,KIAA1522
cg11198128,turquoise,SNX32
cg11199137,turquoise,ENC1
cg11199172,grey,
cg11199770,turquoise,TSHZ3
cg11200797,grey,
cg11200917,grey,GLRA1
cg11201541,blue,C17orf56
cg11201654,grey,HLA-F
cg11202094,turquoise,C12orf65
cg11203670,turquoise,MEPCE
cg11204665,grey,IMMP1L
cg11205981,grey,LOC100130274
cg11206167,grey,
cg11206526,grey,
cg11208348,grey,ZNF277
cg11209538,grey,GABBR1
cg11210604,turquoise,TXNDC6
cg11211690,grey,CUL1
cg11213987,turquoise,PELP1
cg11214047,grey,SAMD9L
cg11214507,turquoise,
cg11214757,grey,GPRIN1
cg11214846,magenta,PRR11
cg11216456,grey,MGMT
cg11216616,turquoise,RAB35
cg11217367,brown,DLGAP2
cg11220641,turquoise,ATXN2
cg11221497,grey,KDM5B
cg11223184,grey,ANKRD44
cg11223711,grey,EIF3A
cg11224582,grey,KCNA6
cg11226480,blue,LETMD1
cg11227621,grey,FAM36A
cg11228113,turquoise,HIST2H2AA3
cg11229079,turquoise,
cg11229390,blue,PPT2
cg11229610,turquoise,MLL2
cg11229663,grey,PRKG1
cg11229771,grey,PDE6B
cg11229864,grey,
cg11230363,grey,
cg11231018,grey,LIPF
cg11231949,grey,NKAIN3
cg11232610,blue,NDUFA2
cg11234447,grey,
cg11235602,grey,MOBP
cg11236311,grey,RINT1
cg11237535,turquoise,GAA
cg11239220,greenyellow,PRR24
cg11240062,grey,
cg11240230,brown,
cg11242978,grey,
cg11245233,turquoise,SNORD45C
cg11247378,grey,
cg11251319,grey,ATP8B3
cg11252048,grey,GABRB2
cg11252050,grey,
cg11254527,grey,ZMYM4
cg11254952,grey,KIAA1751
cg11256152,grey,TRAPPC9
cg11257193,grey,MIR423
cg11257935,grey,CNOT8
cg11258452,grey,SRRM4
cg11259183,turquoise,
cg11259833,turquoise,PGBD1
cg11260046,grey,MEI1
cg11260709,turquoise,EIF5A
cg11263624,turquoise,ZNF76
cg11264547,turquoise,PHF17
cg11266921,blue,BTBD9
cg11268983,grey,PCDHA7
cg11271157,turquoise,
cg11271457,blue,RNASEN
cg11272705,turquoise,
cg11274233,turquoise,ATP6V1C2
cg11275803,turquoise,RPS18
cg11276203,brown,
cg11278262,turquoise,KRTCAP2
cg11279488,turquoise,TEX264
cg11281641,grey,GAD1
cg11281912,turquoise,ZNF585B
cg11282556,turquoise,PITPNB
cg11282844,turquoise,IPCEF1
cg11287055,grey,DSCR3
cg11295144,turquoise,RAD51L3
cg11295357,grey,HTRA1
cg11296498,yellow,COL9A3
cg11297382,turquoise,ATP5G2
cg11297817,turquoise,ARSA
cg11298989,turquoise,LENG8
cg11302887,turquoise,PARP11
cg11303630,grey,
cg11304457,turquoise,CCNE1
cg11305259,grey,
cg11308937,turquoise,GORASP1
cg11310693,grey,TECTA
cg11311579,blue,SCD
cg11314310,grey,WDR37
cg11315754,red,ISLR2
cg11317473,grey,
cg11319719,turquoise,RPL18AP3
cg11321180,turquoise,C20orf111
cg11324054,turquoise,FEZ2
cg11326255,grey,MATK
cg11327054,turquoise,FXC1
cg11327383,turquoise,C6orf1
cg11331445,grey,SLC38A4
cg11331988,turquoise,BUB1B
cg11332026,turquoise,C4orf48
cg11332441,turquoise,THYN1
cg11333568,grey,
cg11334838,turquoise,RAD51AP1
cg11335321,grey,ZDHHC20
cg11336294,turquoise,ASPM
cg11336672,turquoise,RBL1
cg11338389,blue,COX8A
cg11341527,turquoise,SPATA1
cg11341775,turquoise,
cg11342198,grey,
cg11342670,turquoise,KIAA0319
cg11343894,grey,S100A13
cg11345693,grey,AZI1
cg11346248,grey,SLFN12
cg11347411,grey,ACTR3C
cg11349328,turquoise,PSMB3
cg11353368,turquoise,
cg11356029,blue,TNPO1
cg11357813,turquoise,PPP2R1A
cg11359720,grey,
cg11361110,turquoise,HIST1H1E
cg11366901,turquoise,ACAT2
cg11368578,blue,CDK5
cg11370814,grey,
cg11371933,turquoise,PRKG1
cg11372006,turquoise,DPY19L4
cg11372818,grey,
cg11373049,turquoise,NDUFC1
cg11373746,turquoise,ALDH9A1
cg11376198,grey,AKR7L
cg11376913,turquoise,INO80B
cg11377650,grey,TRIM39
cg11378242,grey,FAM36A
cg11379392,turquoise,SLC1A5
cg11379888,grey,WDR27
cg11383134,lightgreen,
cg11384512,turquoise,HEATR1
cg11388673,grey,
cg11389618,grey,GTDC1
cg11390378,grey,
cg11390445,turquoise,NCAPG
cg11390645,turquoise,CD320
cg11392855,turquoise,SH3BP2
cg11392858,grey,PLD6
cg11392877,yellow,PDE8A
cg11396951,turquoise,NDUFS5
cg11398452,grey,VAX1
cg11399099,turquoise,LOC222699
cg11401986,turquoise,
cg11402700,blue,CARKD
cg11404133,turquoise,MTF2
cg11404906,grey,HLA-DRB1
cg11405279,turquoise,SEMA4B
cg11406134,grey,ALDH4A1
cg11409361,grey,ABR
cg11409659,grey,SLC6A15
cg11413133,grey,KCNJ12
cg11416012,grey,
cg11416384,grey,KIAA1239
cg11417598,grey,SLC2A2
cg11418427,turquoise,TP53BP2
cg11423130,grey,
cg11423323,turquoise,
cg11424682,turquoise,DNAJC4
cg11426075,grey,ERRFI1
cg11428189,grey,
cg11430259,grey,FGFR2
cg11430659,blue,KCTD18
cg11431820,yellow,
cg11432387,turquoise,LIMK2
cg11433553,turquoise,
cg11433787,grey,NXN
cg11435506,grey,PON3
cg11436817,turquoise,SPRY2
cg11437223,grey,DPY19L1
cg11437810,grey,RPLP1
cg11440486,grey,MYCBPAP
cg11441935,yellow,ZNF566
cg11444072,grey,ASAP2
cg11444668,grey,NRBP1
cg11445109,grey,CYP2E1
cg11445122,turquoise,CHP
cg11447699,turquoise,ARHGAP19
cg11448996,turquoise,SPATA13
cg11450541,grey,
cg11452329,grey,
cg11459648,grey,SLC23A1
cg11460820,turquoise,RPS24
cg11461302,brown,BAIAP2L2
cg11461836,grey,MXD3
cg11467141,grey,
cg11467331,turquoise,ZBTB22
cg11467638,turquoise,SFRP2
cg11469540,blue,MAP2K3
cg11471799,turquoise,DIXDC1
cg11471802,grey,
cg11477977,blue,LEPROTL1
cg11478607,grey,GSTT1
cg11479419,turquoise,
cg11480278,grey,RPH3AL
cg11480627,grey,SHANK2
cg11481720,turquoise,ZNF791
cg11481793,turquoise,ZNF362
cg11484348,grey,DEFB116
cg11488033,grey,
cg11491537,grey,C2orf27A
cg11492536,brown,ARHGEF10
cg11494123,greenyellow,PC
cg11494213,turquoise,POM121C
cg11495060,turquoise,SRRT
cg11495915,turquoise,KCTD6
cg11496226,grey,TMEM132D
cg11498652,grey,RPL37
cg11500391,grey,FANCF
cg11501364,grey,UBAC2
cg11503274,grey,CDX1
cg11504511,grey,ZMIZ1
cg11506907,turquoise,DPAGT1
cg11508669,blue,GAPDH
cg11510586,grey,
cg11511713,blue,CPSF2
cg11512797,grey,IPO7
cg11516629,turquoise,
cg11517468,turquoise,CAMTA1
cg11518020,turquoise,SYF2
cg11519760,grey,DLL1
cg11523685,turquoise,NFYC
cg11525479,grey,NTRK3
cg11526630,grey,RADIL
cg11527839,grey,
cg11528033,grey,KIAA1751
cg11528101,turquoise,MRPS24
cg11528984,turquoise,C1orf69
cg11529109,turquoise,PLEC1
cg11529807,grey,
cg11530693,grey,ZNF697
cg11532431,grey,HOXA4
cg11534293,grey,LOR
cg11537619,grey,PMP2
cg11539424,turquoise,CLGN
cg11539674,grey,SND1
cg11540016,grey,
cg11540624,turquoise,PTMA
cg11542316,grey,WDR43
cg11542402,turquoise,OPTN
cg11542469,turquoise,SDHD
cg11543665,blue,CD320
cg11544721,yellow,CETN3
cg11545949,turquoise,CAPNS1
cg11549153,turquoise,TMSB10
cg11551902,turquoise,FOXM1
cg11552829,brown,FOXI1
cg11553311,grey,
cg11553618,turquoise,
cg11554566,grey,
cg11557938,grey,PRR24
cg11558107,grey,
cg11558328,turquoise,ARHGAP1
cg11558376,turquoise,C17orf97
cg11559343,blue,TWISTNB
cg11560280,grey,
cg11560654,grey,
cg11561443,turquoise,MTO1
cg11561737,turquoise,
cg11562284,turquoise,RNF39
cg11563399,grey,
cg11566521,turquoise,
cg11569869,brown,ADAP1
cg11575295,grey,PTPRN2
cg11575912,yellow,NRTN
cg11579447,grey,GALK2
cg11580828,black,ERMAP
cg11581362,turquoise,EPRS
cg11582546,turquoise,WIPI2
cg11583751,grey,NMT1
cg11586600,blue,KIF26B
cg11589139,grey,ACTA1
cg11593791,turquoise,FAM194A
cg11594415,grey,BAT2L2
cg11594513,turquoise,H2AFY
cg11594731,grey,PTH1R
cg11595575,grey,PCDHA6
cg11598403,grey,MBP
cg11599569,turquoise,PIP4K2C
cg11600186,grey,BRD2
cg11602459,turquoise,PLCG1
cg11602546,turquoise,INTS4
cg11603030,grey,MDM2
cg11609007,turquoise,YME1L1
cg11612592,turquoise,CDC27
cg11613003,grey,FZD7
cg11613015,green,APC
cg11613875,red,C9orf72
cg11615303,turquoise,VPS52
cg11616676,turquoise,SRI
cg11618704,blue,HNRNPF
cg11619648,grey,ZNF445
cg11620716,grey,
cg11620984,turquoise,PLSCR4
cg11621586,turquoise,VPS26A
cg11624524,grey,NEURL1B
cg11629889,grey,CNTNAP1
cg11630554,grey,TRIM61
cg11630696,turquoise,ROBO1
cg11631173,grey,
cg11633191,grey,AMZ2
cg11638071,blue,BZRAP1
cg11638980,turquoise,SRRM3
cg11640063,grey,CCDC96
cg11640740,brown,
cg11641395,grey,TMEM232
cg11642891,grey,TTC15
cg11643773,blue,TMED1
cg11645658,turquoise,HDAC10
cg11651237,grey,GABRG3
cg11651535,grey,BRP44L
cg11652947,blue,WDR45L
cg11655691,turquoise,CBARA1
cg11657440,turquoise,DMWD
cg11657970,turquoise,ABLIM3
cg11658970,grey,
cg11661000,grey,BRSK2
cg11661235,grey,THEM5
cg11661250,turquoise,HIST1H4A
cg11661340,turquoise,
cg11662224,turquoise,PRKCG
cg11664456,grey,SF3A3
cg11666770,grey,
cg11668079,turquoise,MYL12B
cg11671308,grey,MEGF11
cg11672054,turquoise,HIST3H2BB
cg11672338,grey,DIP2C
cg11674773,blue,TMEM59
cg11678027,grey,C13orf38
cg11678206,grey,TUBGCP2
cg11679443,turquoise,
cg11680442,turquoise,TPRA1
cg11683663,grey,ELANE
cg11685843,grey,
cg11686940,grey,KLF13
cg11688696,green,EFNA3
cg11688874,yellow,WAC
cg11691214,grey,SIRT7
cg11691393,turquoise,PIF1
cg11693285,grey,
cg11694119,turquoise,POLR3C
cg11696475,purple,GNG4
cg11697812,turquoise,UBE2K
cg11701377,turquoise,C20orf111
cg11701759,blue,SPINT1
cg11702145,turquoise,HCN3
cg11702455,turquoise,ALKBH7
cg11703007,grey,TRPM7
cg11704751,turquoise,PPM1H
cg11705470,cyan,WDTC1
cg11708899,grey,
cg11710334,turquoise,LOC254559
cg11712735,blue,PSMD8
cg11713788,turquoise,SLC22A23
cg11714972,turquoise,ANKRD43
cg11716160,grey,PEX5
cg11717054,grey,NLRP6
cg11717700,turquoise,KIAA0922
cg11718235,blue,ZNF583
cg11719323,grey,C14orf178
cg11719635,turquoise,PSME1
cg11719952,grey,KLHL35
cg11721273,grey,RFWD2
cg11723066,grey,JAM3
cg11726572,blue,TYMS
cg11727029,turquoise,UNC45A
cg11729169,blue,TBXA2R
cg11730925,turquoise,FAM46C
cg11731114,turquoise,FLJ45983
cg11731300,grey,TSTD1
cg11731793,grey,
cg11732257,turquoise,GGPS1
cg11733245,turquoise,IL2RA
cg11734019,grey,TMEM79
cg11735308,turquoise,IFT57
cg11737232,turquoise,
cg11737710,blue,ZNF570
cg11738162,turquoise,VOPP1
cg11738485,grey,HOOK2
cg11738723,grey,SGK269
cg11739541,blue,TUBA1A
cg11739675,blue,CHST11
cg11739721,grey,
cg11740152,turquoise,DSN1
cg11741254,grey,POP1
cg11742103,grey,EML3
cg11747594,lightgreen,
cg11748417,blue,LOC388789
cg11748640,blue,RPL36
cg11749010,grey,
cg11750080,turquoise,SPHK1
cg11750133,turquoise,
cg11753193,turquoise,RBM12B
cg11756029,turquoise,TRAFD1
cg11757033,turquoise,WIZ
cg11757357,grey,EBF3
cg11757417,grey,
cg11757894,turquoise,DUSP1
cg11758861,turquoise,NFIX
cg11759293,grey,PIBF1
cg11760395,grey,
cg11761572,blue,SIRT2
cg11763394,grey,PAX8
cg11764359,turquoise,
cg11764900,grey,
cg11765362,grey,SRD5A2
cg11765560,blue,ZNF324
cg11766577,grey,C21orf56
cg11768167,grey,HLA-F
cg11769049,turquoise,FDXR
cg11770404,grey,RPS21
cg11776676,turquoise,MBOAT7
cg11777890,turquoise,RNF26
cg11781847,blue,SNHG6
cg11784071,turquoise,AS3MT
cg11784196,grey,PCDHA6
cg11784697,turquoise,GPX4
cg11785858,grey,
cg11786255,blue,
cg11787167,grey,NPAS3
cg11787288,turquoise,C1orf103
cg11789530,turquoise,ACOX3
cg11794033,grey,
cg11794728,turquoise,KLF12
cg11798658,turquoise,MOBKL2C
cg11799593,grey,
cg11800013,turquoise,LNP1
cg11800714,grey,
cg11801512,grey,OPN5
cg11801727,grey,
cg11804248,cyan,GALK2
cg11805111,turquoise,
cg11805450,turquoise,GRAMD1B
cg11806367,grey,
cg11808746,yellow,CEP55
cg11811828,grey,
cg11812023,turquoise,AKT2
cg11812625,grey,CCKBR
cg11812775,turquoise,DBF4B
cg11812810,turquoise,TTC9
cg11814875,blue,GNG7
cg11816345,turquoise,MAP3K3
cg11819639,turquoise,UBE2T
cg11819905,grey,
cg11820517,yellow,LOC387763
cg11821245,grey,LDHC
cg11821269,red,ZBTB10
cg11821403,grey,PLK2
cg11822088,grey,CEP170
cg11825002,grey,PGBD5
cg11825621,grey,MKX
cg11825642,grey,
cg11825675,grey,CAND1
cg11826685,turquoise,SLC39A6
cg11829033,turquoise,FAM149B1
cg11829072,grey,TRMT12
cg11829380,yellow,RPAIN
cg11830096,grey,PCDHGA4
cg11830507,turquoise,
cg11830695,grey,ABHD14B
cg11831003,turquoise,TRIM6-TRIM34
cg11833889,turquoise,PRDX1
cg11834140,turquoise,AASDH
cg11834844,turquoise,ASNA1
cg11835342,turquoise,BUD13
cg11836012,turquoise,UNG
cg11836369,grey,PEX19
cg11837713,blue,CLK3
cg11838071,blue,WDR89
cg11838227,turquoise,CREBL2
cg11838463,turquoise,ARPC2
cg11838688,grey,LOC100128239
cg11839415,grey,MPL
cg11843606,turquoise,RHBDD1
cg11844660,turquoise,UBAC2
cg11845111,grey,TMEM194B
cg11847805,grey,SART3
cg11850961,grey,RCC2
cg11854691,grey,ARL15
cg11854791,turquoise,MRPL54
cg11854917,grey,TEX9
cg11858450,grey,CCDC105
cg11859541,turquoise,ZNF703
cg11860760,grey,RNF130
cg11861406,grey,SKA3
cg11861448,grey,ODF3L2
cg11861562,grey,TAGLN
cg11861986,grey,TMEM93
cg11862144,grey,SERPINB5
cg11862551,grey,
cg11862610,turquoise,
cg11862959,turquoise,RDH10
cg11865585,turquoise,ZNF805
cg11867616,grey,
cg11868356,turquoise,ETV4
cg11869007,grey,FIGNL2
cg11869215,turquoise,APEX1
cg11871345,grey,SOX12
cg11873667,turquoise,
cg11876979,grey,NR2C2
cg11881202,turquoise,PAPLN
cg11883009,grey,NFIX
cg11884093,turquoise,PIN1
cg11884230,turquoise,DSE
cg11885357,grey,ESYT3
cg11887721,grey,FNTB
cg11887884,yellow,
cg11888151,blue,CRKL
cg11888470,grey,HLA-DRB6
cg11889808,grey,PTPRN2
cg11889876,grey,ARMC2
cg11890239,turquoise,
cg11890956,turquoise,PSMG1
cg11895717,turquoise,C22orf13
cg11897690,turquoise,TCTN1
cg11899507,grey,TRAFD1
cg11900509,grey,ANXA11
cg11901833,grey,ELOVL5
cg11904906,grey,LOC151174
cg11909574,grey,
cg11910118,grey,COPZ1
cg11910167,turquoise,ASAH1
cg11910829,turquoise,MRPL12
cg11912591,grey,KIF26B
cg11915016,turquoise,KRI1
cg11916478,grey,IQSEC3
cg11917413,brown,EDAR
cg11917595,grey,HPCAL1
cg11918740,turquoise,MED28
cg11924518,grey,HDAC7
cg11924572,green,PARD6B
cg11926764,black,SLC36A4
cg11928000,turquoise,SAFB2
cg11929629,blue,BIK
cg11930609,turquoise,
cg11930908,turquoise,
cg11932837,grey,KIF16B
cg11933757,turquoise,NCRNA00188
cg11934170,grey,DCHS2
cg11937493,grey,HCRTR2
cg11940040,grey,RPH3AL
cg11941920,grey,
cg11942221,grey,EWSR1
cg11944110,grey,
cg11945228,blue,BRD2
cg11945929,grey,
cg11946719,grey,
cg11947423,grey,SLC20A2
cg11948367,turquoise,
cg11948766,grey,
cg11949518,grey,RPTOR
cg11952433,turquoise,PLAG1
cg11955456,turquoise,PEF1
cg11956825,grey,MICA
cg11959630,turquoise,SAAL1
cg11960655,grey,
cg11963883,yellow,DDX21
cg11964823,grey,MICB
cg11965514,turquoise,C8orf76
cg11965880,turquoise,PIP4K2A
cg11965913,grey,PM20D1
cg11966583,turquoise,TADA1
cg11967675,turquoise,MVK
cg11971478,turquoise,WIPF2
cg11972327,brown,RERE
cg11973052,turquoise,SOCS1
cg11973900,grey,KIAA0040
cg11974956,turquoise,RNGTT
cg11975206,blue,PAOX
cg11975397,grey,
cg11975718,blue,HELQ
cg11976929,turquoise,MED20
cg11978873,blue,H3F3A
cg11980791,blue,COQ4
cg11982332,grey,C8orf38
cg11982525,turquoise,PIK3CG
cg11982583,turquoise,GRID2
cg11985321,brown,PTPRN2
cg11985680,turquoise,SNORD45C
cg11988964,turquoise,DKK1
cg11990980,grey,PCSK6
cg11991866,midnightblue,SERINC4
cg11992783,grey,MYH14
cg11995506,turquoise,RNF5
cg11995741,blue,BRP44L
cg11997514,grey,ZNF780B
cg12000995,grey,KRTCAP3
cg12002139,grey,SYNJ2
cg12004115,turquoise,MARS2
cg12005429,turquoise,ROMO1
cg12006118,grey,
cg12009398,grey,VIPR2
cg12011299,grey,ADH4
cg12011343,grey,
cg12011436,turquoise,CYYR1
cg12014368,grey,MRAP
cg12015310,turquoise,MEIS2
cg12015443,grey,C21orf29
cg12015737,grey60,HOXA5
cg12015991,grey,HLA-DRB5
cg12016809,grey,C21orf56
cg12018549,turquoise,SFRS13B
cg12019614,grey,DOCK6
cg12020433,grey,TMEM87A
cg12020549,turquoise,COMP
cg12022049,red,MAX
cg12022184,turquoise,ENTPD5
cg12024328,turquoise,BRD2
cg12025522,grey,MAGI2
cg12028816,turquoise,NEURL4
cg12028991,turquoise,RAB11B
cg12030923,grey,SLC25A13
cg12030941,grey,
cg12031182,turquoise,HES1
cg12031962,grey,ALDH1A2
cg12032620,turquoise,TP53BP1
cg12033288,grey,
cg12033781,turquoise,ADAR
cg12033943,blue,ZNF345
cg12034118,grey,IRF6
cg12034187,grey,POLD2
cg12035585,turquoise,FAM134C
cg12036553,grey,WDR37
cg12036633,grey,
cg12042659,turquoise,ZNF132
cg12043428,turquoise,GALM
cg12045294,turquoise,RPTOR
cg12045337,grey,SP5
cg12045531,turquoise,RND1
cg12045875,grey,DDX43
cg12046602,grey,
cg12047714,turquoise,C17orf62
cg12048341,grey,NAV1
cg12049462,turquoise,CFLAR
cg12050358,grey,ARHGAP23
cg12051532,turquoise,ZNF761
cg12052250,grey,FGF8
cg12052957,grey,INPP5F
cg12054852,turquoise,
cg12054981,grey,PLAT
cg12055610,grey,GABBR1
cg12057741,grey,TNFRSF11B
cg12058390,grey,RADIL
cg12060306,turquoise,KRT86
cg12062464,turquoise,KAT2B
cg12062819,turquoise,
cg12064373,grey,BRSK2
cg12066398,turquoise,PLA2G16
cg12066438,turquoise,TMPO
cg12068463,brown,EP400
cg12072028,grey,RIN3
cg12072262,grey,
cg12072333,turquoise,WDR91
cg12072532,turquoise,TTLL5
cg12072964,grey,LAMA1
cg12073754,turquoise,PAN3
cg12075445,grey,GALNT9
cg12075498,grey,JAK1
cg12076931,grey,NOTCH1
cg12078775,grey,
cg12081743,turquoise,HDAC9
cg12081754,grey,SLC39A14
cg12082025,grey,ABCA7
cg12083965,turquoise,CALCA
cg12083990,turquoise,SNX4
cg12084011,turquoise,BCAP29
cg12085852,turquoise,ACTR10
cg12087432,turquoise,KLHL26
cg12089985,turquoise,HIST1H4C
cg12092561,turquoise,PTCHD2
cg12093136,turquoise,RCHY1
cg12094942,grey,ZMYND11
cg12097222,grey,EFHA2
cg12098896,grey,MAD1L1
cg12099423,grey,SLC17A9
cg12099727,turquoise,WBSCR22
cg12101108,blue,LRRC33
cg12102151,turquoise,SLMO2
cg12103149,turquoise,TRIM26
cg12103840,turquoise,SNX3
cg12107530,grey,
cg12107643,grey,PTPRS
cg12111272,turquoise,PPIA
cg12111432,turquoise,PRR24
cg12112073,turquoise,PLCL2
cg12117703,grey,U2AF2
cg12119313,turquoise,RGL2
cg12120367,grey,
cg12121643,grey,DGKG
cg12126027,turquoise,MYADM
cg12127780,turquoise,MRPS12
cg12128740,grey,INADL
cg12128839,grey60,HOXA5
cg12129209,turquoise,PPP2R5C
cg12129796,grey,
cg12132617,grey,ADIPOR1
cg12133078,grey,C1orf96
cg12133451,grey,
cg12141218,grey,LAMB3
cg12145866,turquoise,C5orf15
cg12147137,grey,WASF3
cg12148237,grey,PRKDC
cg12148647,grey,PIP5K1C
cg12148899,turquoise,RGMB
cg12151296,turquoise,CCND3
cg12152938,turquoise,NAP1L1
cg12153106,grey,NDUFS6
cg12153785,turquoise,ABHD4
cg12155841,grey,GOLPH3
cg12156287,grey,OPCML
cg12159023,grey,HCN2
cg12160103,grey,MAPK15
cg12160600,turquoise,
cg12161132,grey,STK32C
cg12161959,grey,
cg12162424,grey,ABCC13
cg12164973,turquoise,C6orf217
cg12166435,turquoise,SIN3B
cg12167548,grey,
cg12169661,grey,CLDN3
cg12169852,turquoise,SKA2
cg12169977,turquoise,HIST1H2BE
cg12170917,turquoise,PSME1
cg12173150,grey,
cg12173535,blue,MBOAT7
cg12176476,turquoise,SIN3A
cg12180121,turquoise,ERLIN2
cg12181217,turquoise,
cg12181634,grey,GNG4
cg12181797,turquoise,ZNF509
cg12182343,blue,
cg12182649,grey,MICA
cg12183978,grey,PAM
cg12184854,grey,TP63
cg12186219,grey,BRSK2
cg12188830,blue,SLMAP
cg12192884,grey,NKD2
cg12193484,turquoise,SLC25A46
cg12193833,grey,
cg12193927,turquoise,PCDHB10
cg12193929,grey,PCDHA6
cg12196389,grey,
cg12198729,turquoise,BTRC
cg12201929,blue,BAT3
cg12202185,turquoise,AHRR
cg12204732,grey,DOCK1
cg12206093,turquoise,FRMD8
cg12207120,purple,SFTA3
cg12209861,grey,C4orf19
cg12211867,grey,NTNG1
cg12211962,turquoise,ALDH18A1
cg12212336,turquoise,CAB39
cg12212829,turquoise,
cg12215484,grey,CDKAL1
cg12219045,blue,LDOC1L
cg12219531,grey,COQ5
cg12219838,brown,RIPK1
cg12222459,turquoise,MECR
cg12222574,turquoise,C1orf124
cg12222699,turquoise,ANKRD34A
cg12233208,grey,BBC3
cg12234287,grey,LTB
cg12235988,turquoise,UQCR
cg12238593,turquoise,BTN3A3
cg12239750,turquoise,ALDH18A1
cg12242373,turquoise,MIR609
cg12243267,grey,USP29
cg12245770,grey,RPSAP58
cg12247306,grey,SOCS7
cg12251884,turquoise,ARIH1
cg12252135,grey,FSCN2
cg12253175,grey,AGAP2
cg12253191,grey,
cg12253469,brown,MPST
cg12255352,grey,MIPEP
cg12256688,turquoise,
cg12259918,turquoise,RB1CC1
cg12262427,grey,PTPN12
cg12262681,turquoise,LRCH3
cg12267125,grey,DOCK10
cg12267883,turquoise,UBL3
cg12269355,turquoise,NT5C
cg12270520,turquoise,ZNF517
cg12271223,turquoise,GPR157
cg12274443,turquoise,FAM171A2
cg12278467,turquoise,LOC645323
cg12278631,grey,FAF1
cg12279688,grey,
cg12280168,turquoise,ZNF57
cg12280692,grey,
cg12283822,turquoise,LOC93622
cg12286307,grey,EXOC4
cg12286569,turquoise,TMEM59L
cg12286861,grey,SHOC2
cg12287025,turquoise,ACCS
cg12289251,grey,CACNB2
cg12292808,turquoise,UPF1
cg12294506,grey,AGPAT5
cg12295277,grey,UXS1
cg12296218,turquoise,DUT
cg12296550,grey,HLA-DQB2
cg12301620,green,IFT172
cg12302189,grey,
cg12302718,blue,ADPRHL2
cg12310025,grey,
cg12311815,grey,GPR39
cg12311930,turquoise,RANBP2
cg12314510,black,DYNLL2
cg12314730,grey,
cg12317470,turquoise,
cg12318400,turquoise,AMPD3
cg12319143,grey,
cg12323980,turquoise,CCAR1
cg12325588,turquoise,
cg12328063,grey,SFMBT2
cg12329405,turquoise,HK1
cg12329832,turquoise,C8orf80
cg12331389,grey,RBP4
cg12333160,grey,
cg12335829,turquoise,
cg12339003,turquoise,MDN1
cg12339292,grey,ATRN
cg12339802,grey,C1orf109
cg12342675,grey,BICC1
cg12346749,turquoise,HPCAL1
cg12347346,grey,CDH22
cg12349875,turquoise,LSM5
cg12350325,turquoise,CACNA1C
cg12351126,grey,GLIPR1L2
cg12351660,turquoise,PLAU
cg12352347,grey,
cg12353636,grey,PCDH21
cg12356249,brown,MAD1L1
cg12357681,turquoise,CCNL1
cg12358443,turquoise,AP4M1
cg12361311,grey,TRPC4AP
cg12361663,grey,TRIOBP
cg12363545,grey,CD47
cg12364461,grey,MTHFS
cg12364741,turquoise,
cg12365107,grey,GNL3
cg12371169,turquoise,RAP1GDS1
cg12373573,turquoise,TSPAN19
cg12373982,turquoise,
cg12375025,blue,RTTN
cg12377026,grey,ZFP62
cg12379294,turquoise,DOCK9
cg12382864,turquoise,PIK3AP1
cg12386194,grey,SENP7
cg12386876,grey,TCHP
cg12387009,red,ZMYM5
cg12388309,grey,PAK7
cg12390081,grey,EXOC2
cg12390516,grey,BEND7
cg12390895,turquoise,
cg12392916,turquoise,ING4
cg12397252,grey,C17orf62
cg12397802,grey,EGR2
cg12403142,grey,
cg12405785,turquoise,HLX
cg12406825,turquoise,PTGFRN
cg12408990,grey,RASGEF1C
cg12409601,turquoise,PLK3
cg12412277,turquoise,TTC17
cg12412902,grey,PACSIN1
cg12414557,grey,RNF212
cg12415761,grey,
cg12416259,blue,CISD1
cg12417372,turquoise,LRRC42
cg12419308,turquoise,AMIGO1
cg12419348,grey,TRIM25
cg12420858,turquoise,SPOCK1
cg12421032,turquoise,ETV3
cg12422026,grey,SCP2
cg12423935,grey,POU6F2
cg12424509,blue,CDK12
cg12426196,turquoise,TSTD1
cg12427128,turquoise,MARK2
cg12432162,turquoise,LYAR
cg12433062,blue,PSME3
cg12434587,grey,MGMT
cg12437277,grey,
cg12437481,grey,MRPL28
cg12438666,turquoise,C2orf15
cg12440062,grey,CRISP2
cg12440927,grey,PTPRN2
cg12442246,turquoise,
cg12446939,grey,ASH1L
cg12447069,turquoise,S100A11
cg12450040,turquoise,ZBTB7B
cg12451631,turquoise,RASGEF1A
cg12453748,turquoise,PRDX5
cg12454169,grey,LCLAT1
cg12456927,grey,
cg12457909,turquoise,LOC646999
cg12458866,turquoise,SPSB1
cg12459718,grey,C17orf68
cg12461281,grey,
cg12461568,turquoise,HAS2
cg12462078,grey,PDE11A
cg12462916,brown,
cg12463578,lightgreen,ZFP57
cg12466737,green,BRUNOL4
cg12467864,turquoise,PRC1
cg12468774,grey,CCDC36
cg12469257,grey,NGLY1
cg12469954,pink,LOC143666
cg12470721,grey,FGGY
cg12472449,grey,BAIAP2
cg12473285,turquoise,SOST
cg12475128,turquoise,ACTG1
cg12477880,grey,RUNX1
cg12479444,grey,
cg12480053,turquoise,
cg12480176,grey,SERINC1
cg12481734,blue,SRRT
cg12482557,blue,XKR5
cg12482755,turquoise,JUNB
cg12484593,turquoise,WDR16
cg12485044,grey,HMGB1
cg12485685,grey,
cg12489353,grey,EHD2
cg12489773,turquoise,
cg12491688,grey,CASC4
cg12498453,turquoise,DIDO1
cg12499123,turquoise,CCT5
cg12499130,grey,SYT15
cg12499235,grey,ASCL2
cg12500731,grey,
cg12503237,grey,PUS3
cg12503243,turquoise,PRPF39
cg12503643,turquoise,
cg12504187,turquoise,WDR7
cg12505938,turquoise,GAN
cg12506582,grey,RPS3
cg12507502,grey,
cg12510981,turquoise,PPP1R16B
cg12511887,turquoise,CSNK1A1
cg12519992,grey,CDC25C
cg12519998,grey,DIP2C
cg12520919,turquoise,RPL28
cg12521813,turquoise,TBXAS1
cg12522039,turquoise,TMX3
cg12526120,grey,GLRX2
cg12526318,turquoise,PCDHB17
cg12526997,turquoise,
cg12527909,grey,PRPF38B
cg12528056,grey,GPR44
cg12528349,grey,JAZF1
cg12528394,turquoise,TRIM28
cg12528403,grey,ZNF684
cg12528753,turquoise,ASPM
cg12528981,brown,
cg12529083,turquoise,KIAA1467
cg12535894,turquoise,CCDC124
cg12537337,grey,BTN3A3
cg12537405,grey,
cg12537925,turquoise,
cg12538400,turquoise,GAS2L1
cg12539796,turquoise,C5orf49
cg12541534,grey,
cg12542281,turquoise,N4BP2L2
cg12548629,turquoise,CDK6
cg12551582,turquoise,CHFR
cg12558012,grey,LOC729991-MEF2B
cg12558755,turquoise,SNX10
cg12560447,grey,FAM71F1
cg12560992,turquoise,TRIM37
cg12561169,grey,FRAS1
cg12563480,blue,SNX11
cg12563520,grey,COL1A2
cg12564567,grey,
cg12565250,turquoise,EIF4EBP2
cg12565636,turquoise,IDO2
cg12571978,grey,
cg12575325,pink,NAT9
cg12576153,grey,SLC26A2
cg12577321,turquoise,RPS6KB2
cg12578791,turquoise,ABCD3
cg12580445,grey,LOX
cg12580665,turquoise,
cg12580752,turquoise,
cg12580870,turquoise,CCAR1
cg12584458,grey,
cg12586386,grey,AQP11
cg12586428,turquoise,BTG2
cg12586596,blue,MFSD5
cg12589600,midnightblue,GTF2F1
cg12592974,turquoise,
cg12594911,turquoise,PDE4DIP
cg12595016,turquoise,NAT8L
cg12595736,blue,C1orf63
cg12596843,grey,
cg12598099,turquoise,ZCCHC2
cg12600030,turquoise,FSCN1
cg12600174,turquoise,HOXA9
cg12600418,turquoise,ZC3H12A
cg12601032,turquoise,DSN1
cg12601414,turquoise,KIAA1958
cg12602405,brown,
cg12603338,turquoise,FBXO3
cg12604331,grey,ARHGEF11
cg12606911,grey,CD8A
cg12607413,grey,TMEM151A
cg12607514,grey,ZBTB9
cg12609785,grey,
cg12610061,yellow,ZNF643
cg12610243,turquoise,GAR1
cg12615165,grey,GATA6
cg12616926,turquoise,RBMS1
cg12622139,turquoise,WNT5A
cg12623302,grey,ZSCAN12L1
cg12623852,grey,
cg12624829,turquoise,CCDC147
cg12627700,turquoise,RHOC
cg12630461,grey,RCCD1
cg12630522,turquoise,TESK2
cg12630974,turquoise,MED18
cg12631735,turquoise,RGMA
cg12632753,turquoise,BBS7
cg12633154,grey,RNF39
cg12634932,grey,CCL28
cg12635019,turquoise,PAK6
cg12636971,grey,CD55
cg12637869,turquoise,ILDR1
cg12637942,yellow,NEAT1
cg12641240,grey,ERICH1
cg12642717,grey,CIDEA
cg12644625,grey,SGSM1
cg12644888,lightgreen,
cg12645284,grey,ADAMTS7
cg12646754,blue,
cg12647333,turquoise,ZNF341
cg12648201,grey,KRTCAP3
cg12648931,turquoise,C5orf33
cg12649455,grey,NKAIN4
cg12650267,brown,CTNS
cg12650565,grey,
cg12651154,grey,ITPR2
cg12651540,grey,KIF7
cg12652739,turquoise,
cg12654743,turquoise,ALOXE3
cg12656632,turquoise,MEA1
cg12656653,brown,FRMD4A
cg12656666,grey,SPON2
cg12657380,brown,CLSTN1
cg12660026,turquoise,NCAPD2
cg12660466,grey,MRPS28
cg12661648,salmon,ITGA6
cg12662931,turquoise,DUSP19
cg12664207,turquoise,FBXO22
cg12664209,grey,ISM1
cg12664560,turquoise,HOMER2
cg12664940,turquoise,PCDHB1
cg12665951,turquoise,HERPUD2
cg12667257,turquoise,INTS7
cg12667521,grey,
cg12667888,turquoise,NAPG
cg12668710,turquoise,DDX59
cg12672189,grey,
cg12678451,turquoise,XYLB
cg12679965,turquoise,IMP3
cg12684360,turquoise,KPNA3
cg12687343,turquoise,PDCD7
cg12687926,grey,
cg12688215,turquoise,TXNDC12
cg12692753,turquoise,MINPP1
cg12694372,grey,TNXB
cg12695158,turquoise,ZNF212
cg12697442,grey,YAP1
cg12698349,grey,CUL3
cg12698713,grey,
cg12698737,turquoise,ANP32A
cg12700788,grey,KIF19
cg12701942,grey,PBX1
cg12706964,grey,DST
cg12707135,grey,
cg12707548,turquoise,MLEC
cg12708336,turquoise,
cg12708807,turquoise,CRYZL1
cg12710567,turquoise,SIRT7
cg12711755,tan,
cg12715285,grey,MEGF6
cg12717203,grey,ZNF718
cg12718519,grey,PRKCZ
cg12722217,blue,FRMD5
cg12725284,turquoise,ZNF24
cg12725599,turquoise,ANXA4
cg12725760,grey,
cg12726960,turquoise,STAC
cg12727528,turquoise,TM2D3
cg12728517,grey,ZNF215
cg12730088,grey,HLA-B
cg12732284,grey,PLD1
cg12732734,grey,PIGX
cg12734920,grey,BZW1
cg12736937,turquoise,ZFP41
cg12737876,grey,USP39
cg12738008,grey,MYOM2
cg12738763,grey,
cg12741255,grey,ISM1
cg12743169,grey,KLHL11
cg12744031,grey,
cg12745764,turquoise,ZNF804B
cg12746557,grey,KCNJ15
cg12747844,grey,
cg12748849,yellow,ITGB3BP
cg12748926,turquoise,PLD3
cg12749132,turquoise,LOC100132111
cg12751644,grey,
cg12751733,blue,CDCA8
cg12754571,grey,LOC148824
cg12755397,turquoise,TMEM150C
cg12756686,grey,
cg12758451,turquoise,MTERFD3
cg12758636,turquoise,ZEB1
cg12758973,grey,LOC148824
cg12760041,grey,C2orf67
cg12762432,grey,CCDC41
cg12762547,turquoise,SMARCAL1
cg12763978,grey,
cg12765123,grey,
cg12765972,grey,ADAD1
cg12766407,turquoise,TEX9
cg12769566,turquoise,ATP10D
cg12769705,grey,CPXM2
cg12771281,blue,SLC38A6
cg12777448,turquoise,C14orf37
cg12780678,turquoise,PXDN
cg12784625,grey,EPAS1
cg12786570,turquoise,KIAA1462
cg12787036,grey,CDYL
cg12792264,grey,GLT25D2
cg12793314,grey,TRAM2
cg12794421,grey,SH2D4A
cg12794691,yellow,C3orf52
cg12798157,grey,AKR7L
cg12798524,grey,
cg12799003,grey,C8orf59
cg12799314,grey,ADARB2
cg12802486,grey,SHANK2
cg12802822,turquoise,FAM111A
cg12803006,turquoise,RAD51L1
cg12803068,grey,MYO1G
cg12804420,turquoise,ATAD5
cg12805580,turquoise,ZFP41
cg12806892,turquoise,
cg12807013,grey,
cg12809437,grey,
cg12810325,turquoise,
cg12810560,turquoise,HINT1
cg12813394,grey,
cg12815697,turquoise,HSBP1
cg12818067,turquoise,DEPDC7
cg12822583,grey,TMEM41B
cg12822818,grey,PTS
cg12824246,turquoise,CTDSPL
cg12828262,turquoise,PRR3
cg12832355,turquoise,DAXX
cg12832630,turquoise,ABHD5
cg12833861,grey,
cg12835256,grey,PLA2G12A
cg12835924,turquoise,ZNF239
cg12835981,blue,LCLAT1
cg12836610,turquoise,MTCH2
cg12837030,blue,
cg12837306,grey,
cg12842013,turquoise,HOMEZ
cg12846190,grey,C10orf26
cg12846938,turquoise,MIR639
cg12847279,turquoise,DHX15
cg12847399,grey,FAM129C
cg12847536,grey,ARHGEF10
cg12847800,turquoise,FAM45B
cg12849795,turquoise,CFL1
cg12850078,grey,LOC254559
cg12851717,grey,CLYBL
cg12853648,grey,BAI1
cg12854762,brown,KIAA1549
cg12855213,turquoise,COMMD3
cg12855247,turquoise,TRRAP
cg12858300,turquoise,C1orf74
cg12858909,turquoise,GABRA2
cg12861945,grey,C4orf39
cg12862548,turquoise,ANKRD32
cg12865405,grey,C11orf40
cg12865552,turquoise,
cg12866999,turquoise,CNOT2
cg12870705,grey,NRP1
cg12870876,blue,ICA1L
cg12871124,turquoise,STARD4
cg12874092,turquoise,VIM
cg12876333,grey,NEDD4L
cg12878710,turquoise,LRCH3
cg12879386,turquoise,CCNG1
cg12881363,grey,MOV10L1
cg12881726,blue,GGCT
cg12885302,turquoise,
cg12886942,grey,
cg12887581,grey,
cg12888039,turquoise,ADIPOR1
cg12888127,blue,KNTC1
cg12888358,turquoise,KDM3A
cg12889195,grey,PAX8
cg12891197,green,DDX17
cg12891252,turquoise,HNRNPF
cg12893697,grey,AP2A2
cg12894990,turquoise,PXMP3
cg12900942,turquoise,THRAP3
cg12905261,turquoise,
cg12906381,grey,RFPL2
cg12907969,grey,LYSMD3
cg12908607,grey,ARTN
cg12909983,turquoise,MEPCE
cg12910494,turquoise,ULBP2
cg12911732,turquoise,
cg12914966,grey,
cg12923271,blue,THADA
cg12924302,grey,
cg12925355,brown,USP40
cg12927641,grey,
cg12929486,grey,SLC22A16
cg12929567,grey,KCNK4
cg12932813,turquoise,RG9MTD1
cg12933790,turquoise,PATZ1
cg12936639,grey,CSNK1D
cg12937434,turquoise,BZRAP1
cg12938017,turquoise,
cg12938565,turquoise,C6orf147
cg12939425,grey,
cg12940439,grey,
cg12940558,turquoise,CD164
cg12941754,grey,
cg12943317,grey,HAVCR1
cg12944343,grey,
cg12944530,turquoise,CFLAR
cg12946371,turquoise,
cg12946880,turquoise,MAGI1
cg12948621,grey,HKR1
cg12949807,turquoise,LONRF1
cg12950816,grey,ZFAND2A
cg12954512,grey,
cg12955069,grey,CNOT1
cg12955789,grey,RASGEF1C
cg12956079,turquoise,ILF3
cg12960467,grey,CDKL3
cg12963866,turquoise,ZNF805
cg12965198,grey,C14orf93
cg12965799,turquoise,SDR39U1
cg12966283,turquoise,ZNF133
cg12966915,grey,SRD5A1
cg12967164,grey,ELFN1
cg12968518,grey,ACVR2A
cg12970830,grey,
cg12973168,turquoise,PSMD8
cg12974393,grey,
cg12974756,salmon,C20orf43
cg12975230,grey,
cg12976108,turquoise,KIF9
cg12976394,grey,
cg12976424,turquoise,SF3B5
cg12978227,brown,PIK3CG
cg12980127,grey,
cg12980917,turquoise,DPF1
cg12985773,yellow,PLEKHA7
cg12988522,grey,SHMT2
cg12988534,grey,COBL
cg12988725,turquoise,MCFD2
cg12993975,turquoise,SRRT
cg12998491,grey,FAM78A
cg12999837,turquoise,MIF4GD
cg13004635,grey,SLC9A3
cg13007763,grey,
cg13008879,turquoise,SUPT16H
cg13010535,grey,WDR19
cg13012494,grey,C21orf56
cg13016975,grey,GPRC6A
cg13018120,turquoise,CD300E
cg13019149,grey,BZW2
cg13023646,grey,TRIM61
cg13024018,blue,TOPBP1
cg13024275,grey,NFKBIZ
cg13024538,turquoise,TIPIN
cg13026587,turquoise,
cg13029706,turquoise,PHF14
cg13031432,turquoise,NDRG4
cg13033090,turquoise,BRUNOL4
cg13034654,grey,CENPK
cg13038229,grey,
cg13038422,grey,CACNA2D4
cg13041080,grey,IL17F
cg13042536,purple,BRMS1L
cg13043150,turquoise,ARPC1B
cg13043177,yellow,CCDC99
cg13044277,turquoise,NRG4
cg13044675,grey,LTBP3
cg13044985,turquoise,HOXD1
cg13045351,grey,ZSCAN16
cg13045555,grey,
cg13045913,grey,DNAJC17
cg13047869,grey,C3orf24
cg13049961,grey,
cg13050766,grey,ATG4C
cg13050802,grey,
cg13051071,blue,ANKRD34A
cg13052034,turquoise,SGIP1
cg13060114,grey,TFAP2E
cg13060520,turquoise,CUL2
cg13063357,turquoise,C6orf48
cg13063405,blue,EPHB3
cg13064049,turquoise,UTP11L
cg13067509,grey,KIAA0753
cg13067553,grey,
cg13070215,black,KCNQ3
cg13070650,grey,STK3
cg13071476,turquoise,NEU1
cg13071672,turquoise,DYRK3
cg13077050,grey,C11orf41
cg13077366,grey,BRUNOL4
cg13078567,grey,ESRP1
cg13080195,turquoise,SCD5
cg13080626,grey,KCNC4
cg13081526,grey,
cg13085338,turquoise,CENPF
cg13086581,turquoise,GLUL
cg13090417,grey,PRPF39
cg13091707,turquoise,RAB2B
cg13092405,grey,
cg13094036,turquoise,CRHR2
cg13094338,turquoise,GMEB2
cg13096135,grey,SCARA3
cg13096242,blue,BRD2
cg13096436,turquoise,C18orf8
cg13096721,grey,FAF1
cg13098082,turquoise,
cg13105599,grey,
cg13105904,grey,CBLN3
cg13107060,grey,C4orf33
cg13108328,turquoise,PLEKHA5
cg13110711,turquoise,ABHD15
cg13111532,grey,KIAA1751
cg13112404,grey,C1orf14
cg13112903,turquoise,S100A6
cg13113115,turquoise,TFCP2
cg13114458,grey,KRR1
cg13115617,turquoise,MIR1292
cg13115661,turquoise,ASTN1
cg13126279,grey,C21orf56
cg13131034,turquoise,SNRNP48
cg13132497,grey,
cg13132965,grey,C3orf26
cg13137458,turquoise,PAK1
cg13137533,turquoise,MAPT
cg13138155,blue,GFI1
cg13138389,turquoise,SOCS5
cg13138952,turquoise,
cg13141192,turquoise,NDRG2
cg13143525,grey,
cg13145591,turquoise,IRF7
cg13146913,grey,KRTAP1-3
cg13148921,grey,ARNT2
cg13149330,turquoise,CACYBP
cg13153394,turquoise,
cg13153708,grey,
cg13154104,turquoise,HPCAL1
cg13155001,grey,PRDM5
cg13163403,turquoise,SLC9A3R1
cg13165109,grey,TDH
cg13169132,grey,TMEM88B
cg13169479,grey,OR2J2
cg13173848,turquoise,BNC2
cg13173903,turquoise,RPN2
cg13174197,turquoise,GNL3
cg13174850,grey,C14orf142
cg13175861,yellow,SP3
cg13179085,turquoise,SOCS2
cg13179983,turquoise,PIK3R2
cg13181022,grey,CPM
cg13183731,grey,OR11G2
cg13184582,turquoise,ATP1B1
cg13184723,turquoise,FLJ39653
cg13185030,turquoise,LGALS3
cg13186327,turquoise,DBX2
cg13186466,grey,TIMM8B
cg13190531,turquoise,POLR3B
cg13190924,blue,SERF2
cg13193676,blue,MRPS28
cg13195796,grey,NDUFS5
cg13196826,blue,SLIT1
cg13197680,grey,DSTYK
cg13198269,turquoise,ADIPOR1
cg13199429,grey,RHOJ
cg13202122,turquoise,LEPROT
cg13204290,grey,CORO1C
cg13204568,red,DHRS3
cg13205578,turquoise,SGMS1
cg13206674,greenyellow,NUP43
cg13207180,grey,
cg13207630,grey,
cg13209085,turquoise,ILF2
cg13209122,turquoise,ITPKB
cg13209455,turquoise,SDR39U1
cg13210558,grey,
cg13210580,magenta,MPZ
cg13213997,turquoise,MBLAC1
cg13214190,turquoise,PIK3CG
cg13215869,turquoise,
cg13216267,turquoise,C18orf22
cg13216616,grey,
cg13217159,turquoise,CAPRIN2
cg13219564,turquoise,SOCS5
cg13220109,turquoise,LHPP
cg13220357,grey,SGSM1
cg13222022,grey,BCAS3
cg13223806,grey,
cg13224723,turquoise,PAOX
cg13224999,turquoise,C1orf31
cg13227646,turquoise,BLOC1S2
cg13232357,turquoise,GABPB2
cg13236637,turquoise,MED21
cg13237365,turquoise,
cg13238680,grey,
cg13242090,grey,PDLIM1
cg13244804,turquoise,MYC
cg13245912,grey,RTN3
cg13247581,turquoise,ENTPD2
cg13247668,turquoise,MAD1L1
cg13248778,turquoise,
cg13250001,turquoise,GSK3B
cg13255282,grey,CYTL1
cg13255285,black,LARP7
cg13255538,grey,CENPJ
cg13257436,grey,PPP1R16A
cg13257514,turquoise,
cg13258039,turquoise,EFNB3
cg13258563,grey,C13orf38
cg13259118,turquoise,HIF1A
cg13260133,grey,
cg13260333,turquoise,C6orf108
cg13261536,grey,ZFP41
cg13263472,brown,HSP90AA1
cg13263723,brown,
cg13264059,grey,PTPRE
cg13264548,turquoise,
cg13264672,grey,CDK13
cg13268919,turquoise,TSPAN4
cg13273398,turquoise,RSPH4A
cg13276752,blue,TUBD1
cg13277451,blue,RBM43
cg13279858,grey,PECI
cg13280359,grey,KIAA1530
cg13282195,grey,NAPRT1
cg13283691,turquoise,
cg13286116,turquoise,ARNTL
cg13288599,grey,TRIO
cg13289463,grey,RBMS1
cg13289884,turquoise,CDKN1B
cg13292458,lightcyan,RNMT
cg13293296,grey,C2orf64
cg13293535,grey,GATA4
cg13294447,grey,DIP2B
cg13297703,turquoise,
cg13298070,grey,
cg13298116,grey,EML3
cg13300757,turquoise,CC2D1B
cg13301155,blue,MEX3B
cg13303229,blue,LARP1
cg13303475,blue,NT5DC3
cg13303553,turquoise,ZSCAN20
cg13304297,turquoise,C3orf50
cg13305165,turquoise,NGLY1
cg13309218,turquoise,RAB1B
cg13310671,turquoise,RNF114
cg13311886,grey,CYFIP1
cg13312387,grey,NMUR1
cg13315147,grey,CYP2E1
cg13318129,grey,FAM118A
cg13319049,turquoise,UBE2K
cg13320211,grey,PPAP2B
cg13320224,grey,RAPH1
cg13320898,brown,FOXK1
cg13322601,grey,ODZ3
cg13324205,turquoise,SF3B5
cg13324546,turquoise,NKX2-6
cg13324547,turquoise,BAMBI
cg13324568,turquoise,CPSF7
cg13325261,turquoise,ARNTL2
cg13326227,grey,INSM1
cg13326420,grey,TSC22D2
cg13331354,turquoise,SSBP4
cg13332474,turquoise,
cg13332538,turquoise,
cg13333405,grey,PLEKHJ1
cg13334135,grey,
cg13334285,turquoise,TAX1BP1
cg13335447,blue,GLI1
cg13336690,grey,HLA-DOA
cg13337201,grey,FCHO2
cg13337238,turquoise,HIST1H4A
cg13337615,grey,CYTH3
cg13340126,grey,SLC9A3
cg13341536,turquoise,CCDC66
cg13346441,grey,BID
cg13347201,turquoise,SHQ1
cg13347514,turquoise,WDR51B
cg13347679,blue,BRPF1
cg13348155,grey,
cg13348458,grey,
cg13352717,brown,ABHD8
cg13352750,blue,HOXA11AS
cg13353717,grey,HLA-DQB1
cg13354046,turquoise,GPN2
cg13354988,grey,ACP1
cg13359054,turquoise,NUFIP2
cg13361705,turquoise,PRPF4B
cg13362637,turquoise,CD74
cg13365022,grey,MC4R
cg13365209,blue,UQCRQ
cg13366601,grey,ESYT2
cg13368756,grey,CTNND2
cg13370754,grey,SSBP2
cg13372743,grey,PXDNL
cg13374389,turquoise,MTP18
cg13374688,turquoise,SUMO1
cg13375589,grey,SMTNL2
cg13376290,yellow,ARRB2
cg13377965,grey,ALPL
cg13379325,grey,KCNQ2
cg13381718,grey,ISCU
cg13387677,turquoise,GCAT
cg13390975,blue,BRIX1
cg13390998,blue,NFKBIL2
cg13392078,grey,RECK
cg13392293,grey,CDK5RAP2
cg13392957,grey,
cg13393721,grey,MPL
cg13394530,turquoise,C9orf23
cg13395410,turquoise,THEM4
cg13396682,turquoise,UBP1
cg13396858,turquoise,
cg13399903,grey,ATP8B4
cg13400176,turquoise,MYB
cg13400188,turquoise,DENND3
cg13401290,grey,VTA1
cg13401533,black,MEAF6
cg13401987,turquoise,APH1B
cg13402698,turquoise,PNPT1
cg13403462,grey,NECAB3
cg13403466,grey,NSFL1C
cg13404054,grey,NOTCH3
cg13404421,turquoise,CCND2
cg13405332,grey,
cg13405775,grey,RFPL2
cg13405783,grey,OPRK1
cg13406893,grey,GPR133
cg13407335,grey,KCNAB3
cg13409170,grey,NR6A1
cg13410446,turquoise,TLE1
cg13413755,grey,NFIL3
cg13414629,grey,FREQ
cg13416213,yellow,
cg13417420,grey,GPR19
cg13418935,turquoise,ZNF589
cg13421116,turquoise,AP3M1
cg13421935,turquoise,ARFIP1
cg13422850,blue,NTNG2
cg13423076,grey,CXXC1
cg13423282,blue,SLC25A42
cg13424097,blue,SSU72
cg13426857,grey,CCHCR1
cg13428516,grey,MAMSTR
cg13430104,turquoise,NASP
cg13430225,turquoise,CPT2
cg13432616,turquoise,TSPYL4
cg13433446,blue,
cg13435101,purple,MTO1
cg13435392,turquoise,CCNA1
cg13436085,blue,ABCF3
cg13436232,turquoise,ATPIF1
cg13438236,turquoise,ARHGAP18
cg13443092,turquoise,NXN
cg13443842,grey,CACNA1C
cg13444538,grey,VIPR2
cg13445358,turquoise,ESPL1
cg13446543,grey,C10orf131
cg13447295,grey,
cg13448197,grey,
cg13448401,turquoise,ORC6L
cg13448596,grey,MYOM2
cg13448814,turquoise,CSMD3
cg13449967,grey,ATG2A
cg13452400,blue,CMPK2
cg13453015,grey,RFK
cg13455597,blue,KIAA0020
cg13455842,grey,KANK1
cg13457410,grey,PIK3CD
cg13457961,turquoise,SNORD2
cg13458335,grey,BMP8B
cg13458561,grey,INPP5A
cg13459077,grey,ZCCHC7
cg13460643,grey,G0S2
cg13462158,grey,PCSK9
cg13462232,turquoise,DSTN
cg13463367,turquoise,PSMC2
cg13464744,turquoise,TGFB1
cg13465838,turquoise,SLC9A2
cg13467169,turquoise,C1orf77
cg13468174,blue,ZNF584
cg13468767,grey,
cg13469425,grey,TEC
cg13470477,turquoise,OXNAD1
cg13470919,turquoise,ISCU
cg13471254,grey,TRUB2
cg13473909,turquoise,PRPF4
cg13475388,turquoise,MIR1908
cg13475583,grey,
cg13475699,turquoise,PSMA7
cg13481969,grey,
cg13483603,turquoise,OAS1
cg13485052,grey,NEK11
cg13485703,grey,
cg13487949,turquoise,LOC441046
cg13489479,grey,C20orf196
cg13489694,turquoise,AMDHD1
cg13490403,grey,LHX6
cg13491584,turquoise,FOXI3
cg13493559,turquoise,PLCB3
cg13494126,grey,MAD1L1
cg13495532,turquoise,HSP90AB1
cg13495918,brown,HSPA7
cg13496098,grey,C10orf131
cg13497506,turquoise,NAT10
cg13498382,grey,IMPG2
cg13498757,grey,
cg13499318,grey,
cg13500797,turquoise,PRDM12
cg13501446,brown,
cg13503816,grey,
cg13504318,grey,INSL3
cg13504480,grey,
cg13505011,turquoise,POLE
cg13506058,midnightblue,AP2A1
cg13506600,grey,ABO
cg13506653,turquoise,GSX2
cg13508391,turquoise,TEAD4
cg13509954,turquoise,MTPAP
cg13512268,grey60,HOXA5
cg13512580,turquoise,TPRA1
cg13514955,turquoise,COMMD5
cg13516551,turquoise,BNIP3L
cg13516655,turquoise,MYBL1
cg13517138,turquoise,DLGAP5
cg13518079,grey,EBF4
cg13518530,blue,SYCE2
cg13518604,blue,NFIB
cg13518792,grey,PPARG
cg13519464,blue,UBL5
cg13520373,salmon,EXPH5
cg13521951,turquoise,CDK4
cg13524302,grey,HLA-DPB2
cg13524748,grey,CCNY
cg13526469,grey,
cg13526981,turquoise,KIAA0226
cg13527016,turquoise,FAM45B
cg13527439,turquoise,SCRIB
cg13527630,yellow,NAAA
cg13528463,grey,
cg13530621,turquoise,GJA3
cg13530938,grey,LOC151174
cg13531509,turquoise,RPS24
cg13532571,turquoise,KRAS
cg13533335,grey,C6orf192
cg13534536,grey,AFAP1
cg13535098,turquoise,NQO2
cg13535779,turquoise,RBM18
cg13536308,turquoise,RNU6ATAC
cg13537276,turquoise,VRK3
cg13539397,grey,RAD51L1
cg13542817,turquoise,NFKB2
cg13545763,turquoise,SPOP
cg13545897,turquoise,CREB5
cg13548189,grey,ADAP1
cg13549897,blue,HHLA3
cg13550107,turquoise,MAPRE2
cg13550731,turquoise,DYNC1I2
cg13553453,grey,UBE3B
cg13557804,grey,
cg13558371,grey,CRB2
cg13558608,turquoise,MAK16
cg13563119,turquoise,PLXNA4
cg13565129,grey,
cg13565723,turquoise,PEX13
cg13566919,turquoise,GZMA
cg13569486,grey,
cg13569575,grey,CABP1
cg13570831,grey,
cg13571460,grey,LHX6
cg13572289,turquoise,DCLRE1B
cg13574744,turquoise,NFIC
cg13575058,turquoise,MOBKL3
cg13575925,grey,LOC144571
cg13577505,grey,MAPK11
cg13578062,turquoise,EXOC1
cg13580265,grey,CCKBR
cg13581859,grey,HLA-DPB1
cg13582724,grey,ADI1
cg13582818,turquoise,ANO6
cg13582960,turquoise,RAGE
cg13584718,turquoise,ZNF432
cg13587582,grey,YTHDF1
cg13590055,grey,LOC100130522
cg13590130,brown,
cg13591848,grey,SFXN3
cg13592399,turquoise,NID2
cg13593275,grey,
cg13594244,turquoise,ZNF780B
cg13598480,grey,ProSAPiP1
cg13600149,grey,FANCC
cg13603859,blue,TCERG1
cg13604246,grey,ANKMY1
cg13604337,turquoise,
cg13604623,turquoise,USP28
cg13606616,turquoise,ERCC1
cg13607511,blue,EI24
cg13607699,grey,UBTF
cg13611226,magenta,RBM18
cg13611854,turquoise,PDE12
cg13611934,blue,RPP21
cg13614409,grey,C13orf26
cg13617192,grey,
cg13618906,turquoise,AGXT2L1
cg13618967,grey,FAM20C
cg13619852,grey,TEX9
cg13620034,turquoise,MSC
cg13620490,grey,
cg13622047,turquoise,MBOAT7
cg13622209,turquoise,KIAA1033
cg13624320,grey,H2AFY
cg13626544,turquoise,GABARAP
cg13626802,grey,EXOC4
cg13626842,grey,TUBB2A
cg13632070,turquoise,SERINC5
cg13632959,turquoise,FAS
cg13632981,grey,
cg13634966,grey,ESCO2
cg13636373,turquoise,BAG2
cg13636640,turquoise,DNMT3B
cg13638257,grey,TAPBP
cg13641293,grey,FOXK2
cg13644629,turquoise,ZNF549
cg13644807,turquoise,STK38
cg13653195,blue,
cg13653482,turquoise,
cg13655566,grey,PCSK5
cg13656501,turquoise,TRIM41
cg13658542,grey,FAT1
cg13660600,grey,IAH1
cg13660664,grey,PAX2
cg13660803,turquoise,ROPN1L
cg13663190,blue,CCT7
cg13664964,yellow,ZFP36L2
cg13665890,turquoise,SLC25A31
cg13665940,turquoise,TOP3B
cg13665998,grey,NUDT12
cg13666253,turquoise,ARMC2
cg13668544,turquoise,
cg13671249,turquoise,HIST1H2BN
cg13671590,grey,MRRF
cg13672843,turquoise,VHL
cg13676204,blue,SLC38A6
cg13676759,grey,IPO11
cg13676983,greenyellow,CCDC46
cg13677369,yellow,GAS2L1
cg13677741,grey,LYST
cg13678641,lightcyan,AURKB
cg13679303,grey,
cg13679714,grey,ENPP7
cg13679899,grey,INSIG1
cg13681781,brown,QSOX2
cg13683218,turquoise,COL24A1
cg13684379,grey,ADARB2
cg13685727,grey,CDK20
cg13685779,grey,
cg13686104,turquoise,ADIPOR1
cg13686615,grey,
cg13687825,grey,SPAG1
cg13688524,turquoise,BOD1
cg13689560,grey,C19orf36
cg13693004,green,CUTA
cg13694471,turquoise,STK4
cg13695892,turquoise,POLR3H
cg13696283,turquoise,KLF12
cg13696300,yellow,FLII
cg13696351,blue,LRRC26
cg13697193,grey,GPR19
cg13697829,grey,USP16
cg13700197,grey,PTCH1
cg13702678,turquoise,CHCHD2
cg13703062,grey,ZNF24
cg13703721,turquoise,GMPPA
cg13703912,grey,C9orf66
cg13704680,grey,LOC100130522
cg13705674,grey,RBM23
cg13707894,grey,
cg13708974,grey,PKN3
cg13709128,turquoise,PRPF31
cg13709982,grey,SARDH
cg13710308,grey,VIPR2
cg13710375,turquoise,ZNF845
cg13710595,green,BAHD1
cg13710790,brown,RAD51L1
cg13711144,grey,BCAP29
cg13711197,grey,SSBP4
cg13711238,grey,FAM110B
cg13711314,grey,UNC119B
cg13712476,turquoise,ZNF227
cg13713218,grey,KIAA1529
cg13713739,grey,PRRX2
cg13716787,grey,LOC100133985
cg13716933,turquoise,TMEM194A
cg13717023,blue,ARL15
cg13717350,grey,SARDH
cg13717566,grey,
cg13717736,grey,HCCA2
cg13720890,grey,MELK
cg13721589,grey,SREBF1
cg13721600,turquoise,CRLF3
cg13722419,grey,TANC1
cg13722634,turquoise,WIBG
cg13724220,turquoise,TTC15
cg13725062,grey,KIAA0586
cg13725340,grey,C9orf171
cg13726345,turquoise,
cg13727691,turquoise,C9orf3
cg13729548,grey,ITPK1
cg13730281,grey,LOC255025
cg13730743,turquoise,NCRNA00085
cg13730859,grey,DVL3
cg13731387,turquoise,SP2
cg13732083,grey,C21orf56
cg13734338,grey,WDR35
cg13735223,brown,ZDHHC12
cg13735469,grey,FAM83H
cg13736404,turquoise,LUC7L2
cg13736514,grey,
cg13739025,turquoise,
cg13739116,turquoise,SNORA17
cg13741740,grey,TIFA
cg13742159,turquoise,PSMF1
cg13744663,turquoise,GPC5
cg13745964,turquoise,ECD
cg13746315,turquoise,
cg13746854,grey,KIAA1161
cg13749113,grey,
cg13749266,grey,GLIS3
cg13749477,grey,MYEOV2
cg13750214,grey,
cg13750264,grey,GPR123
cg13752114,grey,MUC4
cg13752184,grey,
cg13755795,grey,SALL1
cg13756768,grey,
cg13758712,turquoise,ADAMTS1
cg13759674,grey,GRIN1
cg13761818,grey,
cg13762257,turquoise,
cg13763061,turquoise,
cg13763308,turquoise,AP3M1
cg13763503,yellow,CTSL2
cg13766795,grey,DNM1
cg13767001,turquoise,MIR759
cg13768055,grey,RPH3AL
cg13772218,grey,
cg13774505,brown,FREQ
cg13775005,turquoise,INSM2
cg13775050,turquoise,CARD16
cg13775751,grey,
cg13776499,blue,TRIB2
cg13776905,grey,BPTF
cg13777294,turquoise,ACSS2
cg13777681,turquoise,DPP10
cg13781149,turquoise,HIST1H2BK
cg13781843,grey,PTPN13
cg13782728,turquoise,
cg13784878,grey,PHACTR4
cg13785189,turquoise,HN1
cg13785949,turquoise,NAF1
cg13786083,grey,
cg13789015,grey,NCRNA00094
cg13790125,grey,CADM1
cg13792037,turquoise,TMCO1
cg13792579,turquoise,GPSM1
cg13792596,grey,SYNE2
cg13793166,turquoise,PHF19
cg13795465,turquoise,EHD3
cg13796687,grey,
cg13798112,grey,ZBTB20
cg13800209,grey,MEIS2
cg13806870,grey,
cg13808180,brown,MAD1L1
cg13810660,turquoise,
cg13811417,grey,TUSC1
cg13811667,grey,OLFM1
cg13813247,grey,
cg13816414,grey,RIMBP2
cg13817952,grey,LHX6
cg13818451,grey,
cg13820039,turquoise,C9orf163
cg13821008,turquoise,WIPF1
cg13822158,purple,MEIS3
cg13826564,brown,LTBP3
cg13827127,turquoise,
cg13828097,grey,HLA-B
cg13828873,turquoise,CFL2
cg13830619,grey,
cg13831848,grey,OGN
cg13832135,grey,FAM189A1
cg13832669,grey,
cg13835168,lightgreen,
cg13840194,turquoise,CASZ1
cg13841627,grey,TMC1
cg13843771,blue,MSH5
cg13847589,grey,PRHOXNB
cg13848035,turquoise,ZC3H10
cg13849422,turquoise,FAM83D
cg13850234,turquoise,ARHGAP18
cg13852536,tan,NDUFB6
cg13852791,turquoise,BCL2L1
cg13854012,grey,
cg13854983,yellow,CXCR4
cg13857646,grey,PNPLA7
cg13859861,turquoise,POLD2
cg13860785,grey,
cg13861122,turquoise,
cg13861644,grey,PIWIL1
cg13862210,turquoise,AGTRAP
cg13862711,grey,LHX6
cg13865352,turquoise,IMPACT
cg13866577,turquoise,PDE4B
cg13868111,grey,NHEDC1
cg13868466,turquoise,SLC19A2
cg13871695,grey,
cg13872356,blue,EEF1G
cg13872541,grey,KCNT1
cg13872627,grey,HLA-C
cg13872812,grey,BBX
cg13872898,grey,
cg13874070,grey,
cg13878677,grey,IQSEC1
cg13880786,turquoise,C12orf52
cg13882712,grey,ZNF513
cg13882795,turquoise,NRARP
cg13883904,grey,FIP1L1
cg13885357,grey,KRT3
cg13887016,grey,OGFR
cg13887068,grey,MED23
cg13893584,turquoise,PTHLH
cg13895172,turquoise,EIF4ENIF1
cg13896204,grey,HLA-DQB2
cg13896699,grey,DNAH5
cg13899314,grey,DUOX2
cg13900773,grey,PIWIL1
cg13902645,grey,
cg13903179,grey,
cg13903809,midnightblue,SOCS2
cg13904018,grey,KIAA1530
cg13904493,turquoise,KIAA1804
cg13904806,grey,SAMD11
cg13904970,grey,ZNF608
cg13906874,grey,
cg13910785,grey,HLA-DRB1
cg13910822,grey,COL5A1
cg13910983,grey,RPA2
cg13911269,grey,CASC4
cg13911959,grey,ADARB2
cg13912011,grey,MELK
cg13915212,blue,FSCN1
cg13916316,turquoise,C5orf45
cg13918754,grey,RNF39
cg13918804,grey,PRKCZ
cg13920818,turquoise,PTPN2
cg13920824,turquoise,RPP30
cg13922901,grey,COL23A1
cg13923451,turquoise,
cg13924176,turquoise,FAM36A
cg13924635,grey,SDF4
cg13924715,grey,
cg13924988,grey,CAST
cg13930261,turquoise,
cg13930544,grey,LOC148824
cg13931996,grey,AJAP1
cg13932362,turquoise,KIAA1324
cg13932375,turquoise,CAMSAP1
cg13933043,turquoise,FLJ43663
cg13934308,grey,
cg13935009,grey,CDK18
cg13939297,grey,HCFC2
cg13941682,grey,PCGF3
cg13943068,grey,
cg13943985,turquoise,CSTF1
cg13944468,turquoise,C5orf38
cg13944507,grey,
cg13944838,grey,GFPT2
cg13945107,grey,
cg13946767,grey,S100A13
cg13946860,turquoise,RPN2
cg13947469,grey,ZNF727
cg13949487,blue,C9orf130
cg13950210,turquoise,EIF2B3
cg13951074,blue,
cg13951664,turquoise,SAMSN1
cg13952336,grey,ZNF540
cg13952963,grey,
cg13956671,turquoise,CUL2
cg13957124,grey,MYO9A
cg13957198,turquoise,PDGFA
cg13957721,turquoise,C10orf54
cg13958749,turquoise,MRPS11
cg13958923,turquoise,OSTC
cg13963793,grey,C1orf65
cg13966609,brown,DSCAML1
cg13969413,grey,C9orf144
cg13971030,grey,SLC1A2
cg13972423,grey,
cg13972706,turquoise,UTRN
cg13974084,turquoise,ERICH1
cg13974464,grey,MAMSTR
cg13976251,grey,
cg13976375,grey,
cg13978689,turquoise,CD84
cg13979873,turquoise,TULP3
cg13979884,grey,
cg13980808,turquoise,BCAT1
cg13981132,grey,
cg13982318,grey,APBA1
cg13984289,grey,MYH13
cg13985485,grey,
cg13987712,blue,MTF1
cg13988338,grey,
cg13990596,turquoise,PAN2
cg13990905,turquoise,TOR1AIP2
cg13993183,grey,
cg13995427,turquoise,AKNA
cg13995599,brown,ATP11A
cg13995916,grey,THBS2
cg13995918,grey,TERT
cg13996522,brown,TRAF3
cg13997649,turquoise,MTO1
cg13998728,grey,MYO3B
cg14000074,grey,IREB2
cg14001157,blue,PTPRN2
cg14001567,grey,TP53TG1
cg14002682,grey,DNAJC27
cg14003627,grey,CDK5RAP2
cg14003693,grey,NFIB
cg14004673,turquoise,C19orf54
cg14007757,grey,
cg14008134,purple,TMEM102
cg14009745,turquoise,PDS5A
cg14010914,turquoise,PPP2R5E
cg14011486,grey,LIN28
cg14013220,grey,FAM36A
cg14013597,grey,
cg14013659,grey,RNFT1
cg14014955,grey60,HOXA5
cg14015044,blue,TNFRSF10C
cg14015285,grey,
cg14015656,grey,KIAA1529
cg14016074,yellow,RPLP2
cg14017045,grey,ZBTB7A
cg14017444,grey,
cg14018807,turquoise,GCC1
cg14021564,turquoise,PSD
cg14022881,turquoise,PSMB8
cg14023020,grey,
cg14023449,grey,ZNF283
cg14024893,grey,ENTPD2
cg14025652,turquoise,GPR177
cg14026325,grey,
cg14026747,grey,
cg14026927,turquoise,FDPS
cg14027857,turquoise,
cg14028489,turquoise,SLC43A1
cg14029206,grey,LRWD1
cg14029686,grey,
cg14032070,grey,
cg14032204,turquoise,ZNF575
cg14034170,turquoise,NIF3L1
cg14034858,grey,LRIT1
cg14036041,turquoise,INTS1
cg14036627,grey,
cg14036830,grey,GRIK5
cg14036868,blue,ATL2
cg14037413,blue,ZNF143
cg14037484,turquoise,ARID4B
cg14038058,grey,TRIM61
cg14040252,turquoise,NUMB
cg14042190,grey,
cg14042597,grey,
cg14042711,turquoise,SAE1
cg14042851,grey,ZNF471
cg14042879,turquoise,MARCH2
cg14043253,turquoise,
cg14044640,grey,HOXA6
cg14046757,turquoise,ZC3H14
cg14047540,grey,
cg14048834,greenyellow,RPL13AP5
cg14050262,turquoise,BMS1P4
cg14054013,grey,TRAIP
cg14054120,turquoise,ATP5SL
cg14056357,blue,ZNF229
cg14056993,grey,MAGI1
cg14058100,grey,KIF26A
cg14058329,grey60,HOXA5
cg14059978,blue,LOC400657
cg14060111,grey,ISM1
cg14060836,grey,ISCA1
cg14061069,grey,DMPK
cg14061255,grey,
cg14061378,yellow,
cg14062007,grey,GLIPR2
cg14062261,grey,
cg14064268,grey,BRSK2
cg14064774,grey,FRYL
cg14065127,grey,AVP
cg14067052,turquoise,CCT7
cg14067425,grey,PION
cg14068721,grey,SBK2
cg14069205,grey,ABCA10
cg14071762,turquoise,ARFGAP1
cg14073219,turquoise,CLK4
cg14073481,turquoise,RBL1
cg14073986,grey,SLMO2
cg14074117,grey,C16orf73
cg14074878,grey,MCF2L
cg14076977,turquoise,PLCB2
cg14078157,grey,
cg14078579,grey,FBRSL1
cg14079463,grey,C6orf174
cg14082413,yellow,UBXN11
cg14082963,blue,PIGY
cg14085166,turquoise,KLF9
cg14085715,turquoise,MACC1
cg14086659,blue,MRPS5
cg14087768,grey,ZBTB2
cg14088196,grey,PPFIA1
cg14088589,blue,TLE4
cg14088921,grey,MATN2
cg14089267,grey,
cg14089832,grey,
cg14089881,grey,ICMT
cg14092571,grey,
cg14093630,turquoise,SNAPC3
cg14094882,turquoise,TRIP4
cg14094919,grey,
cg14095000,turquoise,SMARCAD1
cg14097153,grey,VPS53
cg14097199,blue,SCAMP4
cg14097577,turquoise,NGLY1
cg14097855,midnightblue,FAM120AOS
cg14101193,turquoise,
cg14102556,grey,
cg14103143,blue,ATP5G1
cg14103574,yellow,MAT2B
cg14104036,turquoise,MND1
cg14105752,turquoise,BCAP29
cg14106680,grey,MYH14
cg14115200,brown,
cg14115232,turquoise,
cg14116764,grey,GIPC1
cg14117180,turquoise,C9orf89
cg14117219,grey,
cg14118546,turquoise,KIAA1012
cg14120359,turquoise,SMARCA2
cg14120919,grey,CRTAC1
cg14123923,turquoise,POU4F1
cg14126863,turquoise,LSM11
cg14127398,turquoise,BACH2
cg14128584,turquoise,GABBR1
cg14129931,grey,
cg14131272,turquoise,SIP1
cg14131285,grey,
cg14131536,grey,ZAP70
cg14132884,turquoise,YLPM1
cg14132916,grey,COPS8
cg14133635,grey,PRSS3
cg14134710,turquoise,NDUFV3
cg14137381,grey,SLC9A3
cg14138116,turquoise,RPLP0
cg14139511,grey,C9orf103
cg14140152,turquoise,CIZ1
cg14141775,turquoise,RABL3
cg14142965,turquoise,TXNRD1
cg14143304,grey,
cg14143331,grey,EP400
cg14145049,grey,IMMP2L
cg14145801,turquoise,ZSWIM2
cg14148609,turquoise,
cg14149007,turquoise,PRKD2
cg14149680,grey,TH
cg14150915,blue,YIF1A
cg14151616,red,FDX1L
cg14153061,grey,STX17
cg14154082,grey,
cg14154441,grey,PAN3
cg14154651,turquoise,ESRP1
cg14155482,turquoise,PIP5K1A
cg14155825,blue,GTF3C5
cg14156842,brown,EHMT1
cg14157435,grey,NRP2
cg14158712,grey,C17orf103
cg14159304,grey,CALHM2
cg14159672,grey,PM20D1
cg14159971,turquoise,TRAF3IP1
cg14160518,grey,SALL4
cg14160556,grey,HIRA
cg14160807,turquoise,BLCAP
cg14161159,grey,C2orf27A
cg14162086,turquoise,
cg14162940,grey,C20orf160
cg14163408,grey,FAM136A
cg14163827,turquoise,
cg14165051,grey,PID1
cg14165789,turquoise,IGF2R
cg14166458,turquoise,MRTO4
cg14167415,grey,
cg14170545,grey,ABCA1
cg14170999,grey,BAHCC1
cg14178821,grey,
cg14178967,turquoise,SIP1
cg14179383,grey,MAP1LC3A
cg14180718,turquoise,TMEM52
cg14181940,grey,CD300A
cg14181982,grey,KLRAQ1
cg14182682,turquoise,NAA30
cg14184882,blue,RBM18
cg14185025,grey,EML1
cg14186256,grey,RTDR1
cg14190943,turquoise,C14orf80
cg14192029,grey,ZNF718
cg14192299,grey,NANOS2
cg14193550,turquoise,
cg14193825,grey,NXN
cg14195684,grey,STAU2
cg14198223,turquoise,
cg14199455,turquoise,ARPC5L
cg14200954,grey,TMEFF1
cg14201929,grey,GRIN2B
cg14202380,turquoise,MKNK1
cg14203118,grey,EEF1D
cg14204478,turquoise,C17orf89
cg14205126,turquoise,TMEM9B
cg14206898,turquoise,PRKACG
cg14207210,grey,PPM1E
cg14208573,turquoise,LTB
cg14209346,grey,
cg14209637,turquoise,C4orf27
cg14209987,turquoise,JAGN1
cg14210634,turquoise,LDLRAP1
cg14210872,blue,RUSC1
cg14213978,turquoise,
cg14215459,grey,ILF3
cg14215625,grey,DYX1C1
cg14215748,turquoise,COPB1
cg14215776,turquoise,MMP17
cg14216290,turquoise,PSRC1
cg14216630,turquoise,NIPSNAP3A
cg14217589,turquoise,TBC1D1
cg14217861,grey,NOTCH1
cg14218037,grey,KCNAB1
cg14218513,turquoise,PHF19
cg14219630,blue,PRDX1
cg14220678,grey,CCDC17
cg14221264,turquoise,CKAP2
cg14222434,grey,PDE10A
cg14223001,grey,
cg14223053,turquoise,BBX
cg14223671,grey,PRR25
cg14224441,grey,VGLL4
cg14225546,turquoise,NDUFA7
cg14226182,grey,RARRES1
cg14227086,turquoise,CDT1
cg14227731,grey,COL5A1
cg14228332,turquoise,SEC24D
cg14228484,grey,CNNM4
cg14228592,grey,SLC39A4
cg14229247,blue,ANP32B
cg14232743,turquoise,LOC93622
cg14233716,grey,C9orf79
cg14235416,turquoise,CLGN
cg14235723,grey,SIVA1
cg14237711,turquoise,
cg14237749,blue,SLC2A6
cg14238478,grey,RQCD1
cg14239359,grey,
cg14240646,grey,ACBD5
cg14240963,blue,EIF3D
cg14242246,grey,C2orf28
cg14242928,grey,PRR19
cg14243623,blue,CTSL1
cg14246661,grey,ROCK2
cg14248017,turquoise,SGSM3
cg14248367,grey,
cg14250206,turquoise,HNRNPUL1
cg14250997,turquoise,SMC2
cg14252008,turquoise,
cg14254273,black,METTL11A
cg14255617,grey,HLA-DQB2
cg14256536,brown,EXD3
cg14257396,grey,
cg14257519,grey,RNF150
cg14258329,grey,
cg14258555,blue,PRMT1
cg14259594,grey,DGCR5
cg14260521,turquoise,ZNF22
cg14260522,grey,BAZ1B
cg14262681,turquoise,
cg14265813,blue,RPL10A
cg14266237,grey,KLF1
cg14267020,grey,SCARNA8
cg14270002,grey,ARHGEF7
cg14273093,grey,FAM101A
cg14274609,turquoise,ATE1
cg14274895,turquoise,C9orf130
cg14275127,turquoise,AURKA
cg14275457,turquoise,FREQ
cg14275946,grey,TRIM6
cg14276323,turquoise,ZEB1
cg14276592,turquoise,TMEM20
cg14277848,turquoise,GPATCH4
cg14277925,grey,TSPAN4
cg14279361,grey,C3
cg14279439,turquoise,OPA3
cg14280181,grey,SGPP2
cg14280424,turquoise,IL10RB
cg14282407,grey,TRAPPC1
cg14282904,grey,KCNG1
cg14284289,turquoise,SYT11
cg14285533,grey,
cg14286665,turquoise,FBXO11
cg14288209,turquoise,DNAJA1
cg14289929,grey,
cg14291257,grey,STT3A
cg14293864,turquoise,RPL35
cg14294708,grey,ZCCHC7
cg14296123,turquoise,THOP1
cg14297026,grey,C2orf61
cg14298924,grey,
cg14298966,turquoise,DDN
cg14299234,grey,ZFP37
cg14301191,grey,GTF2H5
cg14303122,turquoise,CASS4
cg14304349,grey,TRIM6
cg14307443,turquoise,GALNTL6
cg14307477,grey,KLK15
cg14309500,blue,CCDC102B
cg14310674,turquoise,CLDN1
cg14310877,grey,
cg14310975,turquoise,ZBTB4
cg14311471,turquoise,NPR3
cg14312018,turquoise,C17orf68
cg14312538,grey,CDH2
cg14312586,blue,TMEM107
cg14315341,grey,NEDD1
cg14315410,turquoise,NUP50
cg14316565,blue,CAT
cg14317230,grey,MTDH
cg14317384,grey,
cg14318680,grey,CENPP
cg14318858,grey,CPT1C
cg14319793,grey,ABCB1
cg14323456,grey,RHEB
cg14324370,turquoise,
cg14324694,grey,
cg14326196,grey,KIF12
cg14326210,turquoise,TPX2
cg14329675,turquoise,KIAA1244
cg14330853,turquoise,RAD51L3
cg14332815,grey,LDHC
cg14338887,grey,GNMT
cg14339038,turquoise,FGF9
cg14339043,turquoise,ANKRD24
cg14341579,grey,IRS2
cg14341968,grey,
cg14345128,grey,ONECUT2
cg14347389,turquoise,BAZ1B
cg14350318,brown,PRAGMIN
cg14350958,grey,
cg14352442,turquoise,UBR3
cg14352983,grey,L3MBTL4
cg14353079,turquoise,SMC5
cg14356225,grey,
cg14359435,turquoise,USP2
cg14360268,turquoise,C17orf62
cg14361162,turquoise,BRD2
cg14361252,grey,
cg14362178,grey,
cg14363146,grey,
cg14363242,grey,CACNA2D1
cg14364844,grey,DCAF10
cg14367306,grey,
cg14369117,grey,HRNBP3
cg14371731,grey,ZMIZ1
cg14372753,grey,SLC25A18
cg14372919,turquoise,AKD1
cg14373189,turquoise,BAT1
cg14375779,turquoise,BRP44L
cg14376618,grey,ANO6
cg14376917,turquoise,
cg14378727,grey,PDE2A
cg14378964,turquoise,BAT5
cg14379850,grey,OR4K17
cg14380111,grey,C15orf26
cg14380609,turquoise,HSPG2
cg14381972,blue,
cg14382318,grey,C22orf40
cg14384748,grey,GALNT9
cg14384803,grey,
cg14385280,grey,FAM59A
cg14385337,blue,
cg14388982,brown,
cg14390656,grey,
cg14392031,blue,NIPSNAP3B
cg14392392,turquoise,RNF103
cg14395298,grey,
cg14396008,grey,
cg14396892,grey,
cg14397361,blue,COBRA1
cg14398860,brown,INPP5A
cg14399369,turquoise,VRK2
cg14399930,grey,FBXO47
cg14405589,turquoise,TUBGCP3
cg14409029,grey,ZDHHC13
cg14409890,turquoise,PCGF6
cg14409941,turquoise,ADAMTS2
cg14413050,grey,
cg14413466,grey,AZI1
cg14415559,grey,PFDN4
cg14417407,grey,
cg14417784,grey,
cg14418756,grey,STK32C
cg14418922,grey,
cg14420117,turquoise,VSX2
cg14420613,grey,NBEAL1
cg14421180,turquoise,FNBP1
cg14421218,blue,CCT7
cg14421348,blue,ATP5S
cg14423541,turquoise,CDC34
cg14425252,turquoise,WARS2
cg14425468,turquoise,
cg14425796,grey,RNF8
cg14430937,greenyellow,
cg14430979,turquoise,DUSP6
cg14434408,turquoise,LOC400657
cg14434995,brown,MGMT
cg14436888,turquoise,ZHX1
cg14437562,grey,AAGAB
cg14438323,grey,HEATR6
cg14438634,grey,KDM4C
cg14440102,grey,FAM24A
cg14443694,turquoise,CDS2
cg14447887,grey,EIF3H
cg14451452,grey,SFRS15
cg14453326,turquoise,DDX55
cg14454440,brown,COL5A1
cg14455170,grey,
cg14455465,blue,LOC100129726
cg14457782,grey,WNK4
cg14458328,turquoise,FBXO4
cg14458575,grey,
cg14460343,grey,HSD17B8
cg14460503,grey,AGAP1
cg14460708,blue,NCEH1
cg14460953,turquoise,TRAPPC1
cg14461266,grey,
cg14461349,turquoise,C14orf1
cg14461522,turquoise,NPM3
cg14462928,grey,AGBL5
cg14466680,blue,RGL2
cg14467103,grey,GEMIN5
cg14470647,blue,ABCA1
cg14473297,grey,KDELC2
cg14474582,blue,PDLIM7
cg14474756,turquoise,C9orf40
cg14475035,grey,BCL2L11
cg14477780,grey,FAM149A
cg14481263,grey,C22orf25
cg14482569,grey,ZBTB44
cg14484356,grey,HERPUD2
cg14487075,turquoise,SUV39H2
cg14487680,turquoise,TSSC1
cg14493094,grey,
cg14493678,turquoise,C13orf37
cg14494808,grey,CDK5RAP2
cg14498460,brown,KLC1
cg14498592,grey,KCNQ2
cg14500486,grey,FNDC1
cg14502007,turquoise,MARCH7
cg14503395,grey,CRB2
cg14503564,grey,LDB2
cg14504418,turquoise,BIRC3
cg14506366,grey,SLC6A3
cg14507193,grey,PLK2
cg14507427,grey,MAD1L1
cg14508122,turquoise,SNW1
cg14508358,grey,
cg14513226,turquoise,LPGAT1
cg14513822,turquoise,SDCCAG1
cg14514581,grey,
cg14515364,grey,
cg14519036,turquoise,TNKS2
cg14519859,turquoise,RTN3
cg14521931,grey,
cg14521995,turquoise,
cg14522055,turquoise,DAPK2
cg14523725,grey,
cg14525473,blue,SPON2
cg14525755,grey,
cg14525832,turquoise,ALKBH1
cg14526166,turquoise,AP2B1
cg14526732,turquoise,BAT3
cg14527050,grey,GAS2L2
cg14527262,grey,LOC100130872-SPON2
cg14527802,turquoise,TNFAIP3
cg14531049,grey,MUC21
cg14531093,grey,ANKRD9
cg14533120,grey,CDC42BPB
cg14533957,grey,DDAH2
cg14535332,grey,KCNE1
cg14536425,grey,LHFPL2
cg14538238,grey,GLDC
cg14538808,turquoise,PCYT2
cg14541437,turquoise,SEC63
cg14542196,cyan,PPP2R5C
cg14542802,grey,DTNBP1
cg14544631,magenta,DCTN4
cg14546115,grey,CDKAL1
cg14547067,turquoise,CREB3L1
cg14549093,grey,HERC2
cg14550007,greenyellow,SCMH1
cg14550653,turquoise,MCM3
cg14552663,turquoise,PARD6B
cg14554157,grey,BCL11A
cg14554372,turquoise,
cg14554415,grey,MIR548H4
cg14557288,grey,ADAMTS14
cg14558114,grey,THNSL2
cg14558431,yellow,C9orf170
cg14560110,grey,CCDC144NL
cg14560311,grey,TMEM85
cg14560835,grey,C19orf42
cg14561217,turquoise,
cg14561229,grey,CARD10
cg14562064,turquoise,LHFPL5
cg14562081,grey,TCF7L2
cg14564692,turquoise,RDM1
cg14564939,grey,MYOM3
cg14565408,grey,CUX2
cg14565881,turquoise,ACADM
cg14569639,blue,DMXL1
cg14569776,grey,PNMAL1
cg14572485,turquoise,AMZ2
cg14573833,grey,LHX3
cg14574203,turquoise,FAM120AOS
cg14574489,grey,SLC9A9
cg14576616,yellow,CYP51A1
cg14578009,grey,
cg14578028,turquoise,FBXO3
cg14580085,grey,
cg14580848,turquoise,GTF3C3
cg14581887,turquoise,MRPS18B
cg14583365,grey,CHCHD3
cg14583973,grey,RGS12
cg14586363,brown,CTBP1
cg14587604,blue,IL12B
cg14588686,grey,TARSL2
cg14589148,turquoise,BDNF
cg14591786,grey,RNF180
cg14592406,turquoise,CABP1
cg14592474,turquoise,MAGI2
cg14593317,turquoise,CDK2AP2
cg14593420,grey,
cg14593550,grey,C12orf57
cg14594485,grey,LOC100130872
cg14595059,turquoise,ATAD5
cg14596312,grey,TRIM6-TRIM34
cg14597492,green,RNF139
cg14599233,blue,DOLPP1
cg14602827,grey,EXD3
cg14606680,turquoise,FAM64A
cg14608422,turquoise,CAMK2G
cg14608581,grey,SNRNP27
cg14608758,grey,KCTD15
cg14610915,yellow,
cg14610962,grey,MIR132
cg14613607,turquoise,INPP5E
cg14614563,turquoise,ARHGAP12
cg14614693,turquoise,TMED7-TICAM2
cg14615266,grey,
cg14618310,grey,C10orf84
cg14618583,grey,FAM120B
cg14618923,grey,FOXO3
cg14621221,grey,BRSK2
cg14621323,grey,PFN3
cg14623316,grey,SRGAP3
cg14624895,turquoise,CCHCR1
cg14625636,grey,KIAA1529
cg14625731,grey,
cg14626678,grey,EIF4A2
cg14629075,grey,VGLL3
cg14630722,salmon,TMOD1
cg14630839,turquoise,ADM2
cg14630905,grey,WNT9B
cg14631276,grey,KIAA1875
cg14633455,grey,ZFP37
cg14633504,turquoise,VTRNA1-1
cg14634152,grey,TOPORS
cg14634210,magenta,SPTBN1
cg14635415,grey,CDK6
cg14637027,grey,SRC
cg14637870,turquoise,NET1
cg14638883,blue,T
cg14643520,blue,ATP1B3
cg14644523,turquoise,HOXC4
cg14645085,turquoise,RANBP9
cg14646081,grey,FXN
cg14646641,grey,LHPP
cg14648265,turquoise,HIST1H4C
cg14649914,grey,CSMD3
cg14650464,turquoise,FANCC
cg14651505,grey,KPTN
cg14653250,grey,PC
cg14653418,grey,ARHGAP12
cg14654194,blue,C1orf109
cg14654363,grey,
cg14654822,grey,WDR47
cg14654886,grey,EVC2
cg14655649,turquoise,
cg14657818,turquoise,ID2
cg14658493,grey60,HOXA5
cg14659545,turquoise,NFE2L2
cg14659662,grey,GLIS1
cg14661148,grey,
cg14661464,turquoise,TXNDC9
cg14662119,turquoise,JTB
cg14664464,turquoise,LMBR1
cg14664575,blue,PSMC4
cg14664764,turquoise,LIMS2
cg14665523,grey,PAPSS2
cg14667685,grey,
cg14669362,turquoise,MRPS15
cg14671453,blue,STX4
cg14676711,cyan,ME2
cg14677130,grey,EGFLAM
cg14678442,grey,NOG
cg14679831,turquoise,PGM2L1
cg14683380,grey,SMTNL2
cg14683738,turquoise,ZNF585B
cg14687118,grey,LHPP
cg14687298,grey,
cg14688104,grey,KCNS2
cg14690343,turquoise,SART3
cg14691416,turquoise,SCAND1
cg14694896,blue,SLC25A32
cg14695524,grey,HCG27
cg14696535,turquoise,HIST1H3G
cg14698961,turquoise,KLRAQ1
cg14699146,grey,BTAF1
cg14700524,grey,
cg14700609,turquoise,PCOTH
cg14701074,grey,ANTXR1
cg14701410,grey,SLC4A8
cg14701880,grey,CNOT2
cg14702570,turquoise,
cg14703002,grey,HIST1H1A
cg14704124,grey,SNORA49
cg14704780,grey,C6orf10
cg14708218,grey,LOC399815
cg14709479,grey,TTLL10
cg14710459,grey,
cg14710552,grey,TMEM140
cg14711866,turquoise,STOX2
cg14712531,blue,
cg14712794,grey,
cg14713137,grey,SYT14
cg14713933,turquoise,MYADM
cg14714578,grey,B3GALTL
cg14715696,grey,EVX2
cg14718396,grey,ATP8B4
cg14719188,turquoise,HS1BP3
cg14720888,turquoise,TRAPPC1
cg14730097,grey,GIGYF2
cg14732324,turquoise,
cg14733161,turquoise,
cg14739664,grey,SLC25A2
cg14742198,blue,ZNF26
cg14742937,grey,ADAM5P
cg14743593,turquoise,EML6
cg14743702,turquoise,ECHDC3
cg14744703,turquoise,FAM125A
cg14750844,turquoise,MME
cg14752227,grey,UQCC
cg14755414,grey,ASAP2
cg14756202,grey,ATP11A
cg14759565,grey,
cg14762436,grey,OSBPL3
cg14764050,turquoise,UBE2G2
cg14767877,turquoise,PSAP
cg14768270,turquoise,ZNF616
cg14768367,turquoise,DHODH
cg14768946,grey,STAT1
cg14769556,grey,RAB1A
cg14770407,turquoise,CASS4
cg14771727,grey,C10orf53
cg14771938,turquoise,RNF5P1
cg14773178,grey,
cg14773260,turquoise,F2R
cg14776093,turquoise,TMEM185B
cg14776114,turquoise,
cg14778721,brown,COL18A1
cg14780466,grey,GDF7
cg14781635,grey,ZFHX4
cg14781919,grey,ITGAE
cg14785449,turquoise,ASNS
cg14785464,grey,HLCS
cg14789911,grey,C21orf56
cg14789928,turquoise,RBX1
cg14790686,turquoise,AFTPH
cg14791525,grey,SHANK2
cg14791866,turquoise,C10orf58
cg14792031,grey,KBTBD6
cg14793137,grey,TPO
cg14793753,turquoise,ADAMTS6
cg14795047,blue,ALG10B
cg14796127,turquoise,LOC91149
cg14797322,blue,FAM119B
cg14798919,grey,HNRNPL
cg14799809,grey,HLA-DQA1
cg14802591,grey,STT3A
cg14804593,grey,
cg14807553,grey,ATP11A
cg14808521,turquoise,GLOD4
cg14808684,grey,DIS3
cg14813417,turquoise,
cg14815005,blue,MAPK1
cg14815891,grey,FRG1B
cg14817541,turquoise,EYA4
cg14818248,grey,
cg14820908,grey,RUFY1
cg14820927,blue,C18orf10
cg14823967,turquoise,ARGLU1
cg14825033,grey,
cg14825413,grey,GLI4
cg14828484,turquoise,C12orf43
cg14834903,grey,PAPLN
cg14835062,turquoise,C12orf53
cg14837557,grey,SEPSECS
cg14838188,grey,C10orf26
cg14841628,grey,SPEN
cg14842237,grey,MACROD1
cg14843632,grey,ANKH
cg14844989,grey,
cg14845385,turquoise,MRPL55
cg14845962,grey,AGAP2
cg14848666,blue,RNF111
cg14848772,turquoise,HIST1H2AG
cg14848783,grey,FAT3
cg14852134,grey,
cg14854287,brown,AHRR
cg14856563,grey,
cg14856734,turquoise,C18orf22
cg14858951,blue,NR1D1
cg14859324,grey,GABRB3
cg14859749,turquoise,SF3A1
cg14859874,grey,UBAP2L
cg14860219,blue,GABPB2
cg14862207,turquoise,SRCIN1
cg14863074,turquoise,
cg14866567,grey,
cg14868663,blue,C14orf133
cg14869527,grey,CCHCR1
cg14870128,grey,VPS26A
cg14871628,turquoise,MAST3
cg14873545,turquoise,STAMBPL1
cg14874351,grey,LIN7A
cg14875131,turquoise,SDCCAG10
cg14881098,yellow,RIC8B
cg14881459,turquoise,PTBP1
cg14882265,grey60,HOXA5
cg14882966,grey,
cg14884256,grey,RASSF1
cg14888255,grey,TRANK1
cg14888846,turquoise,MIR423
cg14893161,grey,PM20D1
cg14893889,blue,GUCY2D
cg14895646,grey,MED25
cg14895945,grey,
cg14897765,grey,SIGIRR
cg14897838,grey,
cg14898116,turquoise,VIM
cg14898306,grey,TECR
cg14899731,grey,
cg14900773,brown,B3GNTL1
cg14902107,salmon,
cg14902146,blue,MESP1
cg14902204,grey,
cg14906510,grey,
cg14906905,turquoise,ZNF784
cg14908245,turquoise,
cg14909329,grey,STK32C
cg14911689,grey,NINJ2
cg14912375,turquoise,
cg14913512,grey,CDYL
cg14914220,turquoise,ZNF536
cg14914809,grey,GAD1
cg14915263,turquoise,PTPN1
cg14915749,turquoise,MUS81
cg14916095,grey,FRMD6
cg14917700,turquoise,SHQ1
cg14919823,blue,TMEM43
cg14920808,grey,
cg14921437,grey,NECAB3
cg14921691,grey,DGKA
cg14923640,grey,NXPH2
cg14924826,turquoise,NCRNA00081
cg14926196,grey,MDGA1
cg14927745,grey,
cg14927855,grey,
cg14934141,grey,NCAPD3
cg14937059,grey,SGCE
cg14937784,turquoise,MAP4
cg14938514,turquoise,TM2D2
cg14939300,grey,SLC25A35
cg14939821,grey,DOCK1
cg14940449,turquoise,HGS
cg14942793,brown,DPY19L3
cg14942863,grey,
cg14943877,yellow,DUSP5
cg14944578,turquoise,PIK3R2
cg14947218,grey,BRCA1
cg14947429,turquoise,MKX
cg14952089,turquoise,MARCH3
cg14952889,turquoise,EIF3G
cg14953804,grey,DIP2B
cg14954143,turquoise,
cg14955300,turquoise,NOTUM
cg14955495,turquoise,CASKIN2
cg14955916,grey,DIP2C
cg14957639,turquoise,ACAD9
cg14957748,grey,PIK3R2
cg14959291,grey,EPHA6
cg14962032,turquoise,CASP8
cg14962509,grey,TFAP2E
cg14963812,grey,CAPN7
cg14964336,grey,
cg14965477,green,UBR4
cg14968361,grey,MOBP
cg14969981,grey,TMCC2
cg14970029,purple,ZNF221
cg14970046,grey,IRX4
cg14970096,turquoise,TMCO1
cg14970386,grey,SFRS8
cg14970695,grey,LOC387647
cg14971810,turquoise,LAPTM4A
cg14972141,grey,
cg14972792,grey,C17orf71
cg14972843,blue,HLA-C
cg14976442,turquoise,SH3BP5L
cg14980177,turquoise,SHH
cg14980563,grey,
cg14982203,turquoise,FOXN3
cg14982472,turquoise,ABCG1
cg14983838,grey,
cg14986359,blue,MZF1
cg14986699,turquoise,KIF5C
cg14988347,magenta,SF1
cg14988565,turquoise,ROMO1
cg14992035,grey,
cg14992154,turquoise,PACRGL
cg14992181,grey,SCFD2
cg14993123,lightcyan,VAMP3
cg14994919,turquoise,RNF25
cg14995055,grey,PCDHA6
cg14995433,grey,VAT1
cg14998086,grey,TNS3
cg14998713,black,ETS1
cg14998926,grey,
cg15000998,turquoise,USP15
cg15001673,turquoise,RBM33
cg15002372,turquoise,CCDC9
cg15003763,grey,TMEFF2
cg15007325,blue,SLC25A28
cg15007959,grey,SPIB
cg15007983,grey,C19orf60
cg15008743,grey,ZNF83
cg15011837,grey,C10orf110
cg15012981,blue,MAD2L2
cg15013257,grey,MAD1L1
cg15013768,turquoise,COMMD1
cg15014361,grey,HLA-DQA1
cg15017067,grey,FAM184B
cg15019001,grey,HLA-DPB2
cg15021585,turquoise,CRYL1
cg15023571,turquoise,STK17B
cg15025200,grey,
cg15025532,grey,RPL9
cg15025769,turquoise,MYO9A
cg15027115,grey,
cg15027433,grey,ADSS
cg15028160,grey,PPFIA3
cg15030294,turquoise,CCRN4L
cg15032638,turquoise,NCOA4
cg15035350,turquoise,SEMA3A
cg15037110,turquoise,NCOA5
cg15037334,grey,USP47
cg15038512,turquoise,PHF10
cg15038672,grey,
cg15041044,grey,FAM126A
cg15043711,turquoise,HSPA1B
cg15047610,turquoise,
cg15050390,grey,DIXDC1
cg15052665,grey,
cg15053253,grey,
cg15054274,grey,
cg15056119,turquoise,CBLL1
cg15056638,grey,ILKAP
cg15056687,turquoise,XRCC1
cg15058956,grey,
cg15059639,grey,MYO3B
cg15062310,blue,SLC12A9
cg15064916,turquoise,ITM2B
cg15065069,yellow,ZBTB7B
cg15066197,grey,GABRB3
cg15066577,grey,PPP2R5A
cg15067806,grey,
cg15068050,turquoise,GFI1
cg15070894,grey,HCG4P6
cg15073248,grey,ARMC10
cg15074709,grey,
cg15074789,brown,EPHA2
cg15076659,turquoise,SLC9A1
cg15077343,turquoise,MIR548G
cg15077769,grey,
cg15080098,turquoise,NUDT6
cg15080701,turquoise,GDAP2
cg15081882,grey,BAT2
cg15082166,grey,ZNF608
cg15082635,blue,GNB2L1
cg15082645,turquoise,UNC119B
cg15082992,grey,
cg15083255,grey,TMEM104
cg15085322,turquoise,LSM3
cg15088892,turquoise,FAM60A
cg15091879,turquoise,ZBTB20
cg15093003,blue,ATE1
cg15093775,turquoise,TMED5
cg15096327,grey,SEPT9
cg15102770,turquoise,ADAMTS3
cg15103675,turquoise,UAP1
cg15104526,grey,INSL3
cg15104702,turquoise,PRKAR2B
cg15105011,grey,TMEM175
cg15107349,grey,SNRNP27
cg15108060,grey,RB1
cg15110300,turquoise,CCM2
cg15111469,grey,LOX
cg15115510,blue,EIF6
cg15116481,grey,KLK15
cg15117891,grey,
cg15118824,grey,HLA-E
cg15119650,turquoise,HS3ST3B1
cg15122439,grey,
cg15123187,grey,
cg15123824,blue,ELMOD3
cg15124547,grey,RNF13
cg15126544,turquoise,GAD1
cg15127656,grey,ABCC5
cg15128275,grey,SLC9A10
cg15128470,blue,LIAS
cg15129307,pink,KCNC3
cg15131722,turquoise,PREPL
cg15131808,turquoise,
cg15132673,grey,DLL3
cg15134787,grey,
cg15135762,turquoise,
cg15138249,lightcyan,
cg15138712,grey,CACHD1
cg15141467,purple,EFNA4
cg15145174,grey,POLS
cg15145296,grey,
cg15146189,grey,HIPK3
cg15146462,grey,
cg15146556,blue,RBM6
cg15146906,turquoise,SRBD1
cg15149725,turquoise,CCDC64
cg15150836,grey,
cg15153412,grey,SNTB1
cg15158376,grey,ENOSF1
cg15159995,turquoise,MYO5C
cg15160780,grey,TANC1
cg15160843,turquoise,EFNA5
cg15164782,grey,COL8A1
cg15164958,turquoise,VSTM2A
cg15166039,grey,
cg15167008,turquoise,CCDC3
cg15169943,grey,NCOA2
cg15172529,grey,FAM26F
cg15173196,turquoise,UBE2T
cg15181598,grey,
cg15182635,grey,C10orf41
cg15187550,turquoise,FLJ45983
cg15189015,turquoise,RAB37
cg15190077,turquoise,TNKS2
cg15190792,turquoise,
cg15192986,grey,CPB2
cg15196197,grey,TNXB
cg15196314,turquoise,CTU1
cg15198739,grey,TFIP11
cg15199754,blue,LOC388796
cg15201110,blue,AHCYL1
cg15201175,grey,SEMA6A
cg15202848,grey,
cg15203566,grey,
cg15205435,grey,CHD5
cg15205559,grey,
cg15205636,grey,
cg15205733,turquoise,
cg15207885,grey,BAZ1B
cg15211499,turquoise,CAMTA1
cg15212418,grey,RPH3AL
cg15212455,grey,POU6F2
cg15213399,grey,LPP
cg15214567,grey,U2AF1
cg15215114,turquoise,C17orf61
cg15215612,grey,
cg15216636,turquoise,TRIP10
cg15216899,grey,PLD1
cg15219506,turquoise,PLA2G16
cg15223831,grey,
cg15224432,grey,IGFL3
cg15225701,turquoise,FER
cg15226275,grey,FRK
cg15231205,grey,
cg15232427,grey,CHMP1B
cg15233292,blue,YWHAH
cg15234627,grey,STARD13
cg15235172,turquoise,PTGES3
cg15236460,turquoise,UCRC
cg15245556,grey,
cg15246131,grey,STK32C
cg15246232,purple,RPIA
cg15247372,turquoise,TMEM199
cg15248135,green,ZNF581
cg15248353,turquoise,DYRK1A
cg15249106,turquoise,PHF12
cg15249446,turquoise,
cg15251374,turquoise,MYST3
cg15253473,turquoise,LOC285456
cg15254640,grey,GSTT1
cg15254671,grey,MYO1F
cg15255946,grey,HLA-DQB2
cg15256164,turquoise,CDCA7
cg15256539,turquoise,BCKDHB
cg15258447,turquoise,
cg15260466,turquoise,FKBP4
cg15261085,turquoise,MAP4K2
cg15261861,yellow,
cg15262242,yellow,PHOSPHO1
cg15262505,grey,
cg15262954,grey,PRIC285
cg15265085,grey,TNXB
cg15265675,turquoise,TBC1D20
cg15266307,grey,AGPHD1
cg15267010,turquoise,TOX2
cg15267545,turquoise,VPS37C
cg15268191,turquoise,
cg15268803,turquoise,C14orf73
cg15269548,turquoise,ACOX1
cg15269751,turquoise,BMF
cg15274001,blue,RPS21
cg15274983,turquoise,C20orf117
cg15275019,turquoise,THAP2
cg15275697,grey,ASAP1
cg15278646,turquoise,OCA2
cg15282018,turquoise,INPP4B
cg15283062,turquoise,SCARB1
cg15286784,blue,C20orf199
cg15288179,turquoise,SUB1
cg15289316,grey,FAM174B
cg15291304,turquoise,PHF5A
cg15293611,turquoise,
cg15295332,turquoise,SLC48A1
cg15296664,grey,
cg15298323,grey,ACAT2
cg15299463,turquoise,TEAD2
cg15304692,turquoise,REPIN1
cg15308050,grey,
cg15309418,blue,UCRC
cg15313617,turquoise,MAK16
cg15313990,grey,
cg15316458,turquoise,RPL36AL
cg15318396,blue,
cg15319457,grey,HES6
cg15320455,turquoise,LDB1
cg15322624,grey,ITFG2
cg15322766,grey,POLR3A
cg15323936,grey,ACAP2
cg15325978,turquoise,ADAMTS15
cg15332604,turquoise,GSTO2
cg15333689,turquoise,SLU7
cg15335669,grey,
cg15336243,grey,FAM171A1
cg15338884,grey,
cg15339605,turquoise,TFEC
cg15340644,turquoise,IER2
cg15344854,turquoise,SMARCAD1
cg15347434,grey,
cg15348430,grey,KDM2B
cg15348972,turquoise,CCND2
cg15351009,grey,LRRC14B
cg15355859,blue,ODZ4
cg15356461,brown,
cg15357075,turquoise,
cg15361065,turquoise,WNT5A
cg15362194,turquoise,COX5B
cg15363314,grey,
cg15364618,grey,LTB4R2
cg15367106,grey,NTN4
cg15368769,turquoise,PQLC1
cg15369144,turquoise,
cg15371711,grey,MYL9
cg15375239,grey,SPINT2
cg15376949,turquoise,
cg15377887,grey,
cg15378786,grey,PLEKHA7
cg15379354,grey,LGI2
cg15382497,turquoise,HCK
cg15386434,grey,MXRA8
cg15387943,turquoise,MRPS36
cg15388462,blue,MAD2L1BP
cg15388570,turquoise,ADCK1
cg15388895,blue,ALDH16A1
cg15389068,grey,PCDHB2
cg15391105,turquoise,WDR60
cg15391601,turquoise,FFAR3
cg15391834,grey,GNAS
cg15393004,turquoise,LIN37
cg15396434,grey,
cg15399604,turquoise,UNG
cg15403660,grey,DYNC1H1
cg15404665,grey,DPP9
cg15406952,grey,
cg15411550,turquoise,WDR55
cg15413043,grey,
cg15417244,grey,PDZRN4
cg15418155,turquoise,VCP
cg15419294,grey,NLRP5
cg15421984,grey,RICTOR
cg15423357,grey,
cg15423407,blue,DNAJC14
cg15425530,blue,METT10D
cg15425811,grey,C22orf27
cg15427886,grey,
cg15432125,turquoise,HCCA2
cg15434296,turquoise,ANKRD29
cg15439819,turquoise,RBL1
cg15440402,grey,KTN1
cg15442990,turquoise,
cg15445037,grey,CDH4
cg15447512,grey,AMPD2
cg15447775,turquoise,NEDD1
cg15448144,turquoise,OTUD6B
cg15448220,grey,SETDB1
cg15451258,turquoise,
cg15451413,blue,KIAA1543
cg15451729,grey,
cg15454820,grey,
cg15454857,turquoise,RPUSD2
cg15456960,turquoise,BSG
cg15458585,grey,
cg15458996,grey,
cg15460093,grey,ADAM8
cg15460560,grey,POFUT1
cg15462411,grey,
cg15463284,grey,LDHAL6A
cg15463775,turquoise,MTF2
cg15465092,turquoise,MYC
cg15465743,grey,BRSK2
cg15466587,turquoise,MRPS14
cg15467834,grey,
cg15469871,grey,LOC387646
cg15470836,turquoise,
cg15472251,blue,MAPKAPK5
cg15473092,grey,
cg15473325,turquoise,FBRSL1
cg15473904,grey,MRPL41
cg15474378,grey,FAM111A
cg15478005,turquoise,ATP6V1A
cg15478817,turquoise,DDX18
cg15480336,grey,ISLR
cg15480830,turquoise,
cg15481636,turquoise,HIST3H2A
cg15481858,grey,TP53BP2
cg15482792,turquoise,HFM1
cg15485670,grey,VASP
cg15487992,turquoise,UBL5
cg15490075,turquoise,
cg15490944,grey,FAM160A1
cg15496005,turquoise,RDX
cg15501359,turquoise,KIAA0494
cg15503663,blue,SLC44A2
cg15505141,turquoise,KIAA0922
cg15505349,turquoise,SMYD3
cg15506703,grey,
cg15506890,grey,
cg15507690,turquoise,
cg15508749,grey,
cg15509235,grey,
cg15518923,turquoise,PHTF2
cg15520443,turquoise,SLC18A2
cg15520606,blue,ZNF830
cg15523443,turquoise,POLR3A
cg15524173,turquoise,PLD3
cg15525053,blue,
cg15525503,turquoise,DFFB
cg15528091,grey,ARRDC2
cg15530351,grey,ANGPT2
cg15532640,grey,
cg15533222,turquoise,ABHD3
cg15534020,turquoise,MRPL22
cg15534084,grey,ZNF649
cg15534212,turquoise,
cg15534501,grey,C14orf104
cg15535114,grey,
cg15535896,grey,
cg15537082,grey,MIR124-1
cg15539245,turquoise,OTUD4
cg15540054,turquoise,ZNF180
cg15541040,grey,
cg15541987,grey,
cg15545624,cyan,
cg15545871,grey,USPL1
cg15546754,blue,
cg15548198,grey,PCDHB12
cg15548295,grey,
cg15548588,grey,
cg15549821,grey,PLEKHA4
cg15551292,yellow,SRP19
cg15553385,turquoise,GCC2
cg15553911,blue,CNOT3
cg15555970,grey,TGIF1
cg15556380,grey,DFFB
cg15557168,grey,
cg15561235,turquoise,ING5
cg15561356,turquoise,ARFGAP1
cg15561583,turquoise,OTX1
cg15563952,turquoise,DHTKD1
cg15564240,turquoise,HTATIP2
cg15564428,turquoise,FAM55C
cg15568074,grey,HLA-DRB1
cg15569224,turquoise,NEK3
cg15570296,turquoise,MIIP
cg15570656,lightgreen,
cg15571277,turquoise,FLJ16779
cg15571376,turquoise,CTSC
cg15572235,grey,
cg15572907,grey,SPTBN4
cg15574924,grey,BAT2
cg15576492,grey,
cg15577010,grey,NMUR1
cg15577575,turquoise,ANKRD34A
cg15579148,grey,PON2
cg15579304,grey,
cg15580304,grey,MIR941-3
cg15580309,grey,NSUN4
cg15580417,grey,KCNJ9
cg15580724,grey,FLJ32810
cg15581365,turquoise,CTSC
cg15584258,turquoise,NCOA5
cg15585670,turquoise,E2F3
cg15586341,grey,ASCC1
cg15586945,turquoise,NAF1
cg15593426,grey,
cg15594905,turquoise,EYA3
cg15595755,grey,
cg15598511,turquoise,NSFL1C
cg15600398,turquoise,SACM1L
cg15600835,turquoise,RPTOR
cg15600987,turquoise,CGN
cg15602215,grey,NCALD
cg15602631,grey,PLCL2
cg15602841,blue,C8orf38
cg15604693,grey,CC2D1B
cg15605918,turquoise,DOHH
cg15607103,turquoise,ELOVL5
cg15607449,turquoise,RPL13AP5
cg15608786,turquoise,SLAIN1
cg15609016,turquoise,DNPEP
cg15611164,grey,SLC15A4
cg15612221,grey,
cg15612392,turquoise,LOC552889
cg15613740,turquoise,C12orf66
cg15614628,grey,ANKRD17
cg15616898,turquoise,ZNF284
cg15616946,turquoise,GNAL
cg15617297,grey,ANXA11
cg15618797,turquoise,
cg15618908,grey,
cg15619641,grey,
cg15620207,turquoise,ANP32E
cg15620734,brown,LRRC27
cg15622655,grey,
cg15623398,turquoise,COPA
cg15624813,grey,
cg15627145,grey,ANK3
cg15631563,grey,
cg15632325,blue,TMCO1
cg15632673,grey,
cg15635336,turquoise,SIRT6
cg15635341,grey,NAA38
cg15636421,grey,
cg15641364,grey,TAGLN2
cg15642704,turquoise,PEF1
cg15642758,blue,HDGFRP3
cg15642854,grey,
cg15643574,turquoise,PICALM
cg15643796,grey,KIF1B
cg15644938,turquoise,FBXO42
cg15645660,grey,TTC22
cg15645986,turquoise,TBC1D19
cg15646610,turquoise,UCK2
cg15649774,grey,NFKBIL1
cg15650713,grey,
cg15652532,grey,LCLAT1
cg15652989,turquoise,SNTB2
cg15653282,grey,GNAL
cg15656521,grey,HDAC4
cg15656901,turquoise,RTTN
cg15658484,turquoise,RAB1B
cg15659132,grey,
cg15661389,turquoise,GAS7
cg15665081,grey,CASP4
cg15665833,turquoise,
cg15665968,turquoise,U2AF1
cg15670680,brown,QRICH2
cg15671450,grey,
cg15671705,turquoise,ALDH1A3
cg15672675,turquoise,CAP1
cg15672749,turquoise,MKS1
cg15674596,grey,C15orf23
cg15676203,turquoise,KEAP1
cg15680624,grey,CRYBA2
cg15686800,turquoise,FAM117A
cg15687138,blue,SCNM1
cg15689154,turquoise,PIM1
cg15689991,magenta,RASSF3
cg15690092,turquoise,PAFAH2
cg15690347,grey,SPIB
cg15692032,turquoise,FUCA1
cg15692666,turquoise,ZNF221
cg15692687,blue,ELP3
cg15693793,grey,
cg15694117,grey,DIRAS1
cg15694180,grey,ADAM15
cg15695731,grey,HCG18
cg15695738,grey,
cg15698995,turquoise,NAT14
cg15699942,grey,LIMA1
cg15703070,lightcyan,CABC1
cg15705266,turquoise,AP2B1
cg15705469,turquoise,ZNF71
cg15705551,turquoise,PDIA6
cg15706568,grey,
cg15708001,turquoise,CBX5
cg15708153,grey,ZNF542
cg15709087,turquoise,CEBPA
cg15709401,grey,HSPC072
cg15711016,turquoise,CA8
cg15711037,turquoise,AKT1S1
cg15712577,grey,RIMBP2
cg15714846,grey,FZD5
cg15715256,turquoise,CCDC152
cg15716210,grey,
cg15717656,blue,TTC31
cg15719606,grey,RPL7
cg15720017,grey,CUL3
cg15720089,grey,CACNB2
cg15720343,grey,INTS9
cg15720975,turquoise,DTYMK
cg15721051,grey,
cg15721243,grey,ZNF468
cg15727188,grey,PRDM16
cg15727583,grey,MFI2
cg15729062,grey,PPP1R10
cg15731669,turquoise,NEK3
cg15736220,grey,
cg15737123,grey,HLA-DPB2
cg15737177,grey,
cg15739543,grey,POLS
cg15742818,brown,KSR1
cg15743157,grey,XRCC5
cg15744108,grey,
cg15744359,grey,LRRC67
cg15744368,grey,TNRC6C
cg15745284,grey,TNXB
cg15745900,blue,PREX2
cg15747825,grey,
cg15747933,turquoise,NMI
cg15749322,blue,ANKRD42
cg15749858,turquoise,MACC1
cg15750303,grey,NT5C1B
cg15752756,grey,HLA-DQB1
cg15753546,grey,
cg15755662,turquoise,TTYH3
cg15756319,grey,
cg15760474,grey,FOXP4
cg15764953,turquoise,LANCL1
cg15765251,grey,MED16
cg15766101,turquoise,CCDC61
cg15766494,turquoise,ISY1
cg15768901,grey,LTBP4
cg15768968,blue,EIF3D
cg15769201,cyan,SLC35F5
cg15770702,turquoise,MAP3K14
cg15772712,turquoise,TOB2
cg15775457,turquoise,FZR1
cg15781316,turquoise,SHFM1
cg15782153,grey,C7orf20
cg15783848,grey,MAD1L1
cg15783935,turquoise,PACSIN1
cg15788369,grey,
cg15789250,grey,OXSR1
cg15790073,turquoise,ARMC10
cg15790820,blue,ASCL2
cg15795305,grey,
cg15799072,grey,JARID2
cg15800530,grey,ZP3
cg15803122,turquoise,SEPT9
cg15803845,grey,BRSK2
cg15803895,turquoise,SNAP47
cg15805053,turquoise,C15orf27
cg15805553,blue,HEATR6
cg15806518,blue,PSMB7
cg15809230,turquoise,SIN3A
cg15809387,turquoise,NF2
cg15809806,grey,NRP1
cg15811668,turquoise,MEG8
cg15812020,grey,LOC646405
cg15814736,blue,ATL3
cg15815053,yellow,GPSM3
cg15818307,grey,
cg15819128,turquoise,LRRFIP1
cg15821716,grey,XKR9
cg15822049,grey,RPS6KA5
cg15823845,turquoise,ZFR2
cg15825116,turquoise,CCDC140
cg15825264,grey,ELP2P
cg15825321,grey,ARHGAP23
cg15827554,turquoise,EML4
cg15828085,turquoise,CCNE1
cg15829088,grey,
cg15829277,turquoise,GALK1
cg15829642,grey,PCDHGA4
cg15832574,grey,ALG6
cg15832852,turquoise,FLJ35220
cg15833099,grey,GPR39
cg15833940,grey,DLGAP2
cg15836199,grey,MORN1
cg15836635,grey,MOS
cg15837280,grey,
cg15837308,grey,
cg15837879,turquoise,PCGF2
cg15837913,turquoise,CD274
cg15838173,grey,FUT11
cg15838288,blue,WNT3A
cg15838914,turquoise,VAMP1
cg15839431,grey,YJEFN3
cg15839673,turquoise,ZNF774
cg15841412,blue,ING1
cg15841415,turquoise,SLC1A3
cg15844785,turquoise,SMUG1
cg15845071,grey,C11orf40
cg15845603,turquoise,ZNF540
cg15846791,turquoise,YDJC
cg15847198,yellow,GUCY1A2
cg15847845,grey,PLEC1
cg15848628,turquoise,MOSPD3
cg15848685,grey,VARS2
cg15853117,turquoise,OTX1
cg15855450,turquoise,HIST1H4C
cg15858239,grey,NKAIN3
cg15859008,grey,
cg15859850,turquoise,BLOC1S2
cg15864601,grey,C17orf97
cg15866213,turquoise,CCNT1
cg15869475,turquoise,CAPZA2
cg15870379,grey,FER
cg15871215,grey,ATG10
cg15871229,turquoise,CCDC109A
cg15871749,turquoise,HES1
cg15873123,grey,DPPA3
cg15873301,grey,SYN2
cg15874048,grey,C14orf28
cg15874425,grey,RTN1
cg15879154,grey,
cg15879533,turquoise,TEX14
cg15880846,turquoise,
cg15881990,turquoise,PRPF18
cg15882155,grey,NFRKB
cg15885628,turquoise,OCA2
cg15885953,grey,ADARB1
cg15886004,turquoise,MGAT1
cg15890274,yellow,SNX32
cg15891645,grey,
cg15892785,turquoise,GPR153
cg15893373,turquoise,CCNT2
cg15893431,turquoise,OLIG1
cg15896098,blue,MMACHC
cg15896259,turquoise,ENTPD4
cg15896487,grey,TADA1
cg15899474,turquoise,HAT1
cg15901997,blue,MEX3C
cg15903955,grey,C8orf45
cg15905960,turquoise,SIK2
cg15906799,turquoise,ZBTB3
cg15908367,blue,TSC22D4
cg15909132,grey,FAM171A2
cg15910502,turquoise,KAT2B
cg15911239,grey,SF3B14
cg15911409,grey,CXCR7
cg15911567,turquoise,
cg15911859,grey,RIBC2
cg15919396,turquoise,NRCAM
cg15923025,grey,EIF4EBP3
cg15924121,grey,
cg15925179,grey,UBXN7
cg15926342,turquoise,SH3PXD2B
cg15927720,grey,SLIT3
cg15928377,turquoise,
cg15928398,grey,ST6GAL1
cg15928538,blue,
cg15929573,turquoise,TUBA1C
cg15930922,turquoise,SLC5A3
cg15931921,grey,DLL1
cg15933195,turquoise,LRRC27
cg15934634,brown,
cg15937634,turquoise,BCL7A
cg15938529,grey,DLGAP2
cg15939466,turquoise,VTI1A
cg15939539,grey,MIR1243
cg15942481,grey,GLIPR1L2
cg15944457,grey,WRN
cg15945129,turquoise,C7orf58
cg15946251,turquoise,KCNJ5
cg15947096,turquoise,ELMO1
cg15947940,turquoise,BMP8A
cg15949805,grey,ZNF727
cg15951188,grey,KCNAB3
cg15951466,grey,TRIM31
cg15951545,grey,LATS2
cg15954353,grey,LOC728392
cg15954711,turquoise,HMGN3
cg15954782,turquoise,SEPT8
cg15959986,grey,ACIN1
cg15960928,turquoise,TROAP
cg15964717,grey,
cg15969227,grey,
cg15970035,grey,GSK3B
cg15970375,turquoise,ZBTB44
cg15971518,grey,PRG2
cg15973954,grey,
cg15974272,turquoise,KCNQ1
cg15975750,grey,
cg15976673,turquoise,PLA2G12A
cg15977137,grey,WRB
cg15979150,turquoise,FAM164C
cg15979172,turquoise,AKAP8
cg15979473,grey,PECR
cg15981620,blue,TYK2
cg15982117,grey,HLA-DRB1
cg15984406,grey,
cg15988263,turquoise,IPO13
cg15988970,grey,DNAJC15
cg15992535,turquoise,NRG2
cg15993027,grey,HECW1
cg15994321,grey,ATF6
cg15995695,grey,C1orf125
cg15996282,grey,LMBRD2
cg15996499,turquoise,LOC100130691
cg15997020,grey,TRAPPC9
cg16000888,grey,RASSF7
cg16002305,turquoise,
cg16002322,turquoise,USP48
cg16002864,black,BCL9
cg16003301,turquoise,ESYT1
cg16003500,turquoise,ADNP
cg16004501,grey,
cg16004911,grey,FRYL
cg16005540,turquoise,
cg16005559,grey,
cg16006004,grey,BRCA1
cg16006841,grey,RGS14
cg16007456,grey,GPR88
cg16008148,grey,
cg16008931,turquoise,TPD52
cg16011258,turquoise,NECAP2
cg16014773,purple,TNRC18
cg16016176,yellow,ADPRH
cg16016583,grey,PTPRN2
cg16016616,red,INTS7
cg16017089,grey,ARHGEF17
cg16017144,grey,HRNBP3
cg16017889,grey,
cg16020210,grey,
cg16022748,turquoise,LOC285456
cg16026103,grey,MYBPC1
cg16026212,grey,
cg16026813,grey,BTRC
cg16027343,turquoise,TRIM7
cg16027622,grey,MED17
cg16028117,grey,ATG7
cg16028201,yellow,KANK4
cg16029077,blue,NDUFA11
cg16031711,grey,ZZEF1
cg16032108,grey,
cg16034541,grey,MUC4
cg16040564,grey,
cg16040763,blue,PITPNC1
cg16040838,blue,MFN2
cg16041611,blue,SRF
cg16041806,blue,
cg16044925,turquoise,ZMPSTE24
cg16045498,grey,NOTCH2
cg16047490,turquoise,ITGB4
cg16047970,midnightblue,KIAA0907
cg16048517,grey,CTNND2
cg16049349,grey,C12orf29
cg16050468,grey,
cg16050746,turquoise,HIST1H2BD
cg16054451,turquoise,SPOP
cg16054907,grey,MAPK11
cg16055035,grey,GFOD1
cg16056465,turquoise,IMMP2L
cg16057201,turquoise,MRFAP1
cg16058430,grey,C1orf201
cg16058493,turquoise,
cg16058797,grey,
cg16059256,grey,HLCS
cg16059541,grey,HADHA
cg16060486,turquoise,CYP1B1
cg16063617,blue,ISOC1
cg16066641,blue,SLC5A6
cg16070018,turquoise,HIST1H3E
cg16073349,turquoise,CAMK2B
cg16074309,yellow,
cg16077741,turquoise,POLR2B
cg16078521,grey,ZSWIM5
cg16080552,grey,TACSTD2
cg16082503,grey,TRIM6-TRIM34
cg16083044,grey,
cg16083168,grey,UVRAG
cg16086469,turquoise,OSBPL3
cg16087457,blue,TRIM65
cg16087940,grey,
cg16088107,turquoise,FBRSL1
cg16088539,grey,
cg16091055,grey,
cg16093752,grey,RAC3
cg16094925,turquoise,TROVE2
cg16095440,turquoise,
cg16095542,blue,ADAM15
cg16095615,turquoise,FUT4
cg16100355,brown,MCF2L
cg16100555,turquoise,COQ6
cg16101008,grey,CASZ1
cg16102016,turquoise,C17orf44
cg16102102,grey,HAPLN1
cg16102706,grey,LYST
cg16103098,grey,DLK1
cg16104915,turquoise,HOXA9
cg16106427,grey,STK32C
cg16107553,turquoise,PPP2R5E
cg16109817,turquoise,FLJ37453
cg16112050,grey,ENOSF1
cg16113156,grey,
cg16115627,grey,DPP6
cg16117781,turquoise,TNFRSF9
cg16119852,turquoise,FAF1
cg16120422,blue,CCDC42B
cg16123319,grey,DTWD1
cg16124546,grey,ECD
cg16124719,turquoise,PHACTR3
cg16125762,lightcyan,STX6
cg16127514,grey,
cg16127683,grey,EIF2AK4
cg16138161,turquoise,
cg16139664,grey,RPL24
cg16142698,turquoise,DNAJC13
cg16142707,grey,LEKR1
cg16142906,grey,RFPL3
cg16143007,turquoise,PHRF1
cg16143502,grey,DDX43
cg16148871,turquoise,GATAD2B
cg16149437,grey,SOS1
cg16149857,turquoise,TADA1
cg16152072,grey,
cg16154810,grey,CERK
cg16163535,grey,SLC12A7
cg16164092,grey,HSPA1L
cg16164276,turquoise,SLC6A1
cg16166802,turquoise,CENPH
cg16167782,grey,TSHZ1
cg16168624,turquoise,ERICH1
cg16169373,turquoise,CSPP1
cg16172923,grey,MAD1L1
cg16173736,turquoise,RERG
cg16174301,turquoise,CSDE1
cg16174680,blue,NKX6-3
cg16178289,grey,
cg16179938,grey,NFATC1
cg16180217,turquoise,DCBLD2
cg16188349,grey,PTPRG
cg16190018,blue,GSR
cg16194588,grey,LMTK3
cg16196758,turquoise,SKA1
cg16199098,cyan,TXN2
cg16201418,grey,
cg16201963,turquoise,BDNFOS
cg16202187,turquoise,HAUS8
cg16202598,blue,NDUFB5
cg16202736,turquoise,C14orf119
cg16203711,blue,MYNN
cg16204370,turquoise,RANGAP1
cg16207673,turquoise,ASCL4
cg16209630,turquoise,ZNHIT2
cg16212114,turquoise,MAPRE3
cg16212881,grey,DHX16
cg16214492,blue,TMC8
cg16216148,turquoise,ELP2P
cg16221634,blue,KCNQ5
cg16221651,grey,ISPD
cg16222062,grey,
cg16222698,turquoise,REXO2
cg16229364,turquoise,DHX30
cg16236270,brown,MCM7
cg16237595,turquoise,RNF41
cg16237672,grey,
cg16238350,grey,ZIM3
cg16238819,grey,CASZ1
cg16240751,grey,
cg16242106,grey,UBE2Q2
cg16244220,turquoise,IER5
cg16247323,blue,HACL1
cg16248329,grey,FAT1
cg16250754,turquoise,CARD6
cg16252685,turquoise,C22orf32
cg16253809,turquoise,ARID5B
cg16254375,grey,
cg16257254,turquoise,ARL5A
cg16257375,grey,SARS
cg16260343,blue,TRAPPC4
cg16263661,grey,
cg16264079,turquoise,ZNF618
cg16269776,grey,
cg16271453,grey,XRN1
cg16271912,turquoise,RAD17
cg16272484,turquoise,RCC2
cg16272786,blue,GUK1
cg16273215,blue,EFNA1
cg16273546,grey,
cg16274205,grey,
cg16275960,turquoise,CPSF6
cg16276424,turquoise,NAV2
cg16276523,grey,PVRL4
cg16276982,grey,
cg16277405,grey,KLHL3
cg16277922,grey,ASAP1
cg16278512,blue,VWDE
cg16279940,turquoise,DZIP3
cg16280705,turquoise,TSLP
cg16282993,turquoise,HIST1H4E
cg16284459,turquoise,MTERF
cg16285380,turquoise,
cg16287042,grey,
cg16288318,grey,
cg16289751,grey,ZNF518A
cg16293631,turquoise,IKZF3
cg16293892,grey,
cg16294570,turquoise,FGF20
cg16298867,grey,
cg16300531,grey,KSR2
cg16301894,grey,
cg16302458,blue,SAPS3
cg16302650,blue,PPIL4
cg16303129,turquoise,
cg16303686,turquoise,DNAJC13
cg16306148,turquoise,YBX1
cg16306515,turquoise,MARS
cg16306898,blue,C1orf70
cg16307502,turquoise,BBS10
cg16308533,grey,CNTNAP1
cg16308672,grey,
cg16308694,turquoise,ARG2
cg16310579,brown,
cg16310717,turquoise,CCND2
cg16311536,grey,NEURL
cg16312002,grey,
cg16312870,grey,TRIT1
cg16314291,blue,SERINC2
cg16315238,turquoise,CNOT8
cg16315742,turquoise,FLJ90757
cg16315992,grey,DDX5
cg16316141,turquoise,ENKUR
cg16316162,grey,NAPRT1
cg16316472,grey,CCNI
cg16317730,turquoise,ABCF1
cg16320779,turquoise,ZFYVE1
cg16322655,turquoise,DNAJC24
cg16322792,grey,ZNF697
cg16325326,turquoise,ZYG11B
cg16328106,grey,C2orf74
cg16328540,turquoise,HSP90AA1
cg16329014,grey,HRNBP3
cg16329650,turquoise,ERBB4
cg16333262,grey,C14orf118
cg16333971,turquoise,UBL3
cg16338365,grey,
cg16339238,grey,THBD
cg16340422,grey,PLD6
cg16342597,grey,NLK
cg16345366,grey,
cg16345507,turquoise,RAGE
cg16347018,grey,ATP5E
cg16348242,turquoise,GHITM
cg16351881,turquoise,NDUFB10
cg16352276,turquoise,RRAS2
cg16354345,grey,
cg16357382,grey,
cg16358155,grey,MUC4
cg16358215,grey,SHANK2
cg16362014,grey,DTWD2
cg16362232,grey,ANO9
cg16362983,blue,
cg16367976,turquoise,TYMP
cg16370446,blue,LOC285550
cg16370685,turquoise,SETDB1
cg16370716,turquoise,USP21
cg16371341,blue,GPBP1
cg16371752,blue,ENSA
cg16373817,grey,PALLD
cg16374953,turquoise,USPL1
cg16379533,turquoise,
cg16379671,grey,
cg16381753,grey,
cg16382382,turquoise,TGFBR3
cg16385431,turquoise,ZNF828
cg16385941,brown,MAFK
cg16386425,grey,DIP2C
cg16387046,grey,MUCL1
cg16388791,turquoise,ADAT2
cg16389285,turquoise,ATP10A
cg16390139,turquoise,C6orf150
cg16393012,turquoise,ARHGDIB
cg16395712,turquoise,NDEL1
cg16395953,turquoise,IFIT1
cg16399136,grey,
cg16399182,grey,COQ3
cg16399312,turquoise,PPME1
cg16399632,grey,CTBP1
cg16400350,grey,
cg16400434,greenyellow,PPME1
cg16401346,turquoise,MEX3C
cg16406611,grey,IFITM5
cg16406658,turquoise,WASF2
cg16407139,grey,ATOH7
cg16411863,turquoise,TGFB3
cg16411979,turquoise,TTF2
cg16414030,grey,
cg16414945,turquoise,DUSP12
cg16417437,turquoise,TMEM126A
cg16417563,turquoise,GABARAPL1
cg16418163,red,ACPL2
cg16418810,grey,EVC
cg16419620,turquoise,HDAC7
cg16420636,turquoise,RALGAPA2
cg16423461,turquoise,XKR9
cg16423505,turquoise,GPC5
cg16423812,turquoise,SETMAR
cg16425060,turquoise,NAA16
cg16425577,blue,DENND3
cg16430572,grey,SAMHD1
cg16430955,grey,FAM177A1
cg16431720,grey,HLA-DQA1
cg16434002,turquoise,HDAC5
cg16435561,grey,RFX8
cg16435820,turquoise,WDR46
cg16436509,blue,COX6A1
cg16437009,turquoise,SLIT1
cg16438291,green,OVCA2
cg16438358,turquoise,TCERG1
cg16438432,turquoise,HNRNPD
cg16439118,grey,
cg16440058,grey,ASIP
cg16440561,grey,SPEG
cg16442226,turquoise,GAS2L1
cg16443455,turquoise,TTC18
cg16443926,grey,TMEM184A
cg16444198,turquoise,HLTF
cg16447680,turquoise,KIAA0748
cg16448126,blue,RILPL2
cg16448525,turquoise,FLJ42709
cg16448960,turquoise,SON
cg16449302,turquoise,PJA2
cg16449659,turquoise,TIGD4
cg16449687,grey,LOC441666
cg16449840,turquoise,COPZ1
cg16452361,turquoise,C15orf27
cg16452840,turquoise,OSBP
cg16453007,turquoise,TSPAN17
cg16453901,grey,
cg16459519,grey,SYT15
cg16460466,turquoise,ANP32A
cg16462006,grey,
cg16464373,grey,
cg16465768,turquoise,R3HDM1
cg16467235,blue,GRK4
cg16468079,turquoise,MFGE8
cg16468187,turquoise,C16orf5
cg16468843,grey,ATP2B2
cg16468949,yellow,CCDC12
cg16469099,grey,TRIM68
cg16469426,turquoise,TWISTNB
cg16472965,turquoise,SEMA4F
cg16473166,grey,SELO
cg16473610,pink,CBFB
cg16474170,grey,PTPRM
cg16474696,grey,MRI1
cg16475925,turquoise,SPG7
cg16476890,turquoise,RBM47
cg16478012,turquoise,FBXO31
cg16479341,turquoise,FBXO15
cg16479401,turquoise,COPS4
cg16480803,grey,AMPH
cg16483840,turquoise,PSMB8
cg16484943,grey,PLA2G16
cg16485682,blue,GATA6
cg16488304,red,SEMA6C
cg16489826,turquoise,TCP1
cg16491046,turquoise,ZNF496
cg16491185,grey,LOC100133469
cg16491233,grey,PTPN2
cg16491319,grey,MYOM2
cg16493531,turquoise,FLOT1
cg16496269,grey,
cg16496750,black,KIAA1033
cg16500101,turquoise,
cg16500454,turquoise,TAF5
cg16502865,grey,
cg16502980,turquoise,NEDD4L
cg16503683,turquoise,ZFP91
cg16506172,turquoise,L2HGDH
cg16506290,grey,STAU2
cg16506815,grey,
cg16510485,grey,EPB41L4A
cg16511229,grey,MEST
cg16512163,grey,RASA3
cg16513459,grey,KCNAB3
cg16513933,grey,ANKRD46
cg16514085,grey,HLA-DRB1
cg16516959,turquoise,
cg16517579,turquoise,CTCF
cg16518686,turquoise,FAM98A
cg16519192,grey,
cg16519495,grey,ENAH
cg16521978,grey,
cg16524570,grey,
cg16524733,grey,TAGLN
cg16524762,turquoise,RLF
cg16524830,turquoise,C1orf103
cg16528597,grey,PDE4DIP
cg16530177,grey,F13A1
cg16530595,grey,
cg16530959,grey,GDF6
cg16531585,cyan,MYLK
cg16534505,turquoise,CAMTA2
cg16534854,grey,NPM1
cg16536857,grey,KIAA0753
cg16540036,grey,TMCO6
cg16540238,grey,
cg16543009,turquoise,AVEN
cg16546016,turquoise,C4orf31
cg16550453,grey,TDRD1
cg16552884,grey,WWC2
cg16553272,grey,SLC44A4
cg16554933,turquoise,Magmas
cg16556892,turquoise,ZNF276
cg16557370,grey,
cg16558319,turquoise,NEDD1
cg16559708,turquoise,CAMTA1
cg16560861,turquoise,PPP1R3E
cg16561657,grey,
cg16562099,turquoise,NOL11
cg16563660,turquoise,CDK17
cg16565154,turquoise,TNFAIP8L2
cg16566165,turquoise,TGM2
cg16569937,grey,
cg16570129,grey,RUFY1
cg16571642,grey,PTPRN2
cg16572410,grey,LTBP1
cg16572876,grey,
cg16574285,turquoise,CREG2
cg16575379,turquoise,C14orf133
cg16575590,yellow,DEF8
cg16579555,turquoise,RNF135
cg16580982,grey,
cg16581738,brown,PRKAR1B
cg16582062,turquoise,MLST8
cg16582118,grey,
cg16582156,turquoise,GNAI3
cg16584342,turquoise,
cg16585827,turquoise,LRP2
cg16587158,turquoise,EIF2B2
cg16587443,turquoise,SMARCA5
cg16587623,turquoise,KIAA0494
cg16591159,grey,TGFB1I1
cg16592491,grey,
cg16593333,grey,
cg16599266,turquoise,C1orf93
cg16601515,turquoise,DNAL4
cg16602147,turquoise,GAB1
cg16602316,grey,
cg16603964,grey,REV3L
cg16605590,turquoise,MKI67IP
cg16605745,grey,RPAP3
cg16605982,turquoise,
cg16611967,grey,
cg16613143,blue,METT10D
cg16616957,grey,EYS
cg16619395,grey,GPR149
cg16621691,turquoise,PRR16
cg16624692,grey,SNX32
cg16625170,turquoise,ZCCHC10
cg16625916,brown,CTNNA2
cg16626067,grey,CMTM2
cg16626280,turquoise,ISOC1
cg16628372,grey,
cg16628484,turquoise,LOC153684
cg16633951,grey,LOC84856
cg16634372,grey,FNDC3B
cg16638571,grey,TPD52
cg16638945,grey,
cg16640450,grey,SASH1
cg16641411,turquoise,CREB1
cg16643261,grey,KATNAL2
cg16644764,turquoise,IGSF3
cg16645584,grey,JUN
cg16649755,blue,NCRNA00120
cg16650529,turquoise,
cg16650717,grey,NBL1
cg16653991,grey,FGFR2
cg16654152,grey,RARG
cg16655383,turquoise,INTS6
cg16658412,grey,MAD1L1
cg16658848,blue,RPS7
cg16658931,grey,SHANK1
cg16659480,turquoise,CYB5B
cg16659561,grey,SGMS1
cg16661813,turquoise,OMA1
cg16663674,turquoise,SNORD27
cg16665310,grey,
cg16667275,turquoise,API5
cg16667508,grey,MATN4
cg16671114,turquoise,C3orf58
cg16672562,grey,HIF3A
cg16674323,turquoise,HIGD1A
cg16675029,turquoise,AGPAT5
cg16677019,grey,WNT3
cg16678032,turquoise,EXOC3
cg16678153,grey,LPHN2
cg16678437,turquoise,EFCAB2
cg16679515,grey,DNM3
cg16680214,grey,KCNN3
cg16683981,grey,MGC26597
cg16684259,turquoise,SLFN5
cg16685860,blue,PLD2
cg16687447,turquoise,PTEN
cg16691888,turquoise,LRP2
cg16692732,turquoise,TSPAN5
cg16696730,blue,RSPH1
cg16698116,turquoise,OTUD7B
cg16698835,turquoise,CTSA
cg16699148,grey,TACSTD2
cg16699326,blue,HSPA1B
cg16700025,grey,CMIP
cg16700924,grey,
cg16701105,turquoise,DENND4A
cg16701893,grey,PBX1
cg16702083,grey,TNFRSF6B
cg16702449,turquoise,NUDT3
cg16702747,grey,IRF8
cg16704958,grey,DSCR3
cg16705073,turquoise,ST3GAL2
cg16706559,turquoise,CASP9
cg16706631,blue,HIST1H4E
cg16706751,blue,FLJ43663
cg16707215,grey,TUBGCP5
cg16708785,turquoise,ZNF540
cg16711517,turquoise,AMDHD2
cg16713262,turquoise,
cg16714096,grey,
cg16716449,grey,A2BP1
cg16717480,black,KIAA1429
cg16720578,grey,
cg16721977,turquoise,ABLIM1
cg16722058,turquoise,JOSD1
cg16723134,grey,DCAF11
cg16723445,turquoise,TGIF1
cg16724319,grey,MDH1B
cg16725191,grey,BRCA2
cg16726039,grey,
cg16726667,turquoise,SLC12A4
cg16727027,turquoise,C4orf14
cg16727243,grey,
cg16728516,grey,MRPL20
cg16729415,grey,GJD2
cg16731318,turquoise,
cg16732115,turquoise,PWP1
cg16732616,grey,DMRTA2
cg16732970,grey,CYB5D1
cg16733654,turquoise,PTPRS
cg16734433,grey,
cg16734947,turquoise,FAM91A1
cg16737422,turquoise,MT2A
cg16737517,grey,ZBTB46
cg16737567,turquoise,BTBD10
cg16738929,grey,
cg16739396,grey,ATG4C
cg16739503,brown,RASA3
cg16739845,turquoise,C14orf184
cg16741308,grey,PARVB
cg16743781,turquoise,RHOC
cg16744531,grey,B3GNT3
cg16744862,turquoise,MRPS34
cg16746026,grey,ZNF438
cg16747247,grey,PLXDC2
cg16750440,blue,C10orf79
cg16761754,grey,
cg16763089,grey,LOC149837
cg16763192,turquoise,CPPED1
cg16765600,grey,
cg16765873,turquoise,DOK4
cg16766889,blue,CACNA1G
cg16766914,grey,CUEDC1
cg16767297,turquoise,LUC7L
cg16769595,turquoise,MOBP
cg16770798,turquoise,PURB
cg16770933,turquoise,
cg16773067,grey,
cg16774604,turquoise,OXA1L
cg16779866,grey,ARMC4
cg16781264,grey,NMS
cg16782807,turquoise,SLC32A1
cg16784985,grey,PDE9A
cg16786640,grey,DOK7
cg16786756,grey,
cg16787025,blue,AP4E1
cg16787365,turquoise,
cg16788912,turquoise,
cg16791216,turquoise,CNOT7
cg16791601,grey,HELB
cg16792014,grey,SRGAP1
cg16793043,grey,SNRK
cg16793757,grey,ANK3
cg16794061,turquoise,HLA-DRA
cg16799897,blue,
cg16799998,turquoise,NME6
cg16801535,turquoise,SRGAP3
cg16801887,turquoise,
cg16802855,grey,LOC732275
cg16803088,blue,KSR2
cg16804899,turquoise,ZNF512
cg16808927,grey,WDR90
cg16813053,grey,CHN1
cg16813892,blue,MTF2
cg16814680,grey,
cg16818505,grey,FAM19A2
cg16818768,turquoise,PSMG1
cg16818909,turquoise,
cg16820615,grey,RASA3
cg16822173,turquoise,C17orf71
cg16823822,turquoise,SCAND1
cg16830966,turquoise,WDR4
cg16834823,grey,TNXB
cg16836250,grey,
cg16837441,grey,MATN4
cg16841014,grey,RPTOR
cg16842485,turquoise,C6orf47
cg16843689,grey,ARFIP1
cg16846653,turquoise,
cg16847696,grey,GPR37
cg16848054,turquoise,
cg16850897,grey,ZAN
cg16851127,grey,RNF19A
cg16851832,blue,LRTOMT
cg16851924,turquoise,CERKL
cg16852837,turquoise,MBD2
cg16855352,grey,
cg16857610,turquoise,CRLF1
cg16863795,turquoise,SLC38A10
cg16865965,grey,VAMP5
cg16870655,grey,
cg16874634,turquoise,C12orf45
cg16875032,grey,SNTB1
cg16875108,grey,RAD18
cg16876647,turquoise,ZFP36L2
cg16878088,turquoise,ALG5
cg16879452,grey,
cg16883063,grey,
cg16884400,grey,ATP5G3
cg16885113,lightgreen,
cg16887334,grey,OXT
cg16888106,grey,NUFIP2
cg16895170,turquoise,ZC3H10
cg16895254,grey,RBPJ
cg16895792,turquoise,PIK3CD
cg16896687,grey,
cg16897579,grey,RAD54L2
cg16898124,grey,ZXDC
cg16901082,turquoise,DPYSL2
cg16906346,grey,KIAA0319
cg16907075,turquoise,UBQLN4
cg16907298,turquoise,ESF1
cg16907919,grey,DHX16
cg16908156,turquoise,RERE
cg16908556,grey,BBS9
cg16910246,grey,TRIM2
cg16914674,brown,ANPEP
cg16915863,grey,LOC400043
cg16916165,grey,
cg16916522,turquoise,FEN1
cg16919449,grey,
cg16920123,turquoise,C8G
cg16920581,turquoise,PARP11
cg16922785,turquoise,RPL24
cg16924702,turquoise,EPB41L3
cg16925090,yellow,KIAA1377
cg16925210,turquoise,PECR
cg16925307,turquoise,KIAA1467
cg16926108,turquoise,KIAA0907
cg16926284,turquoise,AAGAB
cg16926389,turquoise,CCDC46
cg16928526,grey,
cg16938490,turquoise,MCF2L2
cg16939112,grey,ADIPOR2
cg16942681,turquoise,RIOK3
cg16943529,blue,EOMES
cg16944589,turquoise,RAB3GAP1
cg16944964,blue,
cg16945633,grey,
cg16946007,grey,REV1
cg16947138,grey,FLJ32810
cg16950088,grey,GAK
cg16953106,turquoise,DNMT3B
cg16956133,grey,
cg16958594,grey,VARS2
cg16959486,grey,MOBP
cg16960675,turquoise,FAM3D
cg16961092,turquoise,KIAA1737
cg16963062,turquoise,BRCA1
cg16967640,purple,LMX1A
cg16968115,blue,WDTC1
cg16969182,yellow,CCND1
cg16969274,grey,C3orf34
cg16970851,turquoise,ST8SIA1
cg16974308,grey,PAG1
cg16975002,grey,
cg16975614,grey,
cg16976047,turquoise,RNF185
cg16976599,grey,
cg16976910,grey,IRS2
cg16986315,grey,TAS1R2
cg16986851,turquoise,EXOC6B
cg16987804,turquoise,AHCTF1
cg16989378,turquoise,FBXO36
cg16989587,grey,LOC285593
cg16990532,turquoise,KIAA1274
cg16993249,turquoise,COMMD4
cg16993579,blue,UBE2T
cg16993684,turquoise,GNAS
cg16994880,grey,PCK1
cg16995420,turquoise,TAPBP
cg16997732,grey,BAZ1B
cg16997989,turquoise,ANKRD12
cg16998213,turquoise,METRN
cg16999099,turquoise,LHX4
cg17002518,grey,
cg17002851,grey,ATP8A2
cg17004897,grey,
cg17005595,turquoise,PAQR8
cg17006042,red,BAT3
cg17006779,blue,NUFIP2
cg17010941,grey,ZNF706
cg17011799,grey,HOMEZ
cg17012863,grey,LIPA
cg17013729,grey,EHMT2
cg17014095,grey,MAGI3
cg17017394,grey,
cg17023374,turquoise,C4orf32
cg17023395,grey,
cg17023776,turquoise,SOX5
cg17024828,grey,
cg17025484,turquoise,ZKSCAN5
cg17026456,turquoise,PXN
cg17026854,blue,MXI1
cg17027195,turquoise,AUTS2
cg17033499,turquoise,
cg17034331,grey,
cg17034988,turquoise,TMEM5
cg17035899,grey,MYL5
cg17036792,turquoise,C6orf52
cg17038216,grey,
cg17039262,turquoise,SETD4
cg17043823,grey,RSF1
cg17046044,blue,SLC19A2
cg17047865,turquoise,
cg17048804,yellow,MAN2A1
cg17049889,grey,GJA3
cg17050806,grey,GLIPR1L2
cg17051704,grey,FAM189A1
cg17052552,grey,ANK1
cg17052675,grey,
cg17054060,grey,
cg17059263,turquoise,MND1
cg17059502,grey,STAMBP
cg17061156,grey,
cg17066716,grey,ASPH
cg17068236,turquoise,MKNK2
cg17069743,turquoise,NR2F2
cg17072271,turquoise,GRB2
cg17074816,grey,CENPC1
cg17075937,grey,DFFA
cg17076635,grey,
cg17077171,grey,YY1AP1
cg17077401,grey,ETV6
cg17077639,turquoise,
cg17079378,turquoise,RAD54L
cg17080504,turquoise,ME3
cg17080709,purple,GNAI3
cg17081644,turquoise,BTBD11
cg17081778,turquoise,AMZ1
cg17082727,brown,
cg17083798,grey,
cg17085748,blue,MXD1
cg17086421,turquoise,PITRM1
cg17088247,turquoise,ZNF165
cg17089214,turquoise,YPEL1
cg17090968,grey,SLC38A1
cg17091998,turquoise,SHBG
cg17093362,turquoise,ATAD2
cg17093642,blue,DCAKD
cg17094171,grey,GRIN2B
cg17094985,grey,
cg17096289,grey,HLA-C
cg17096665,turquoise,TTC32
cg17097782,turquoise,OSR1
cg17097992,turquoise,HPCAL1
cg17099445,grey,ENGASE
cg17099656,grey,CERK
cg17100201,brown,YWHAG
cg17100207,turquoise,XPO7
cg17101494,grey,
cg17102411,turquoise,CDK17
cg17103126,grey,RASL11B
cg17104258,grey,DUSP27
cg17104900,yellow,RNF34
cg17105604,turquoise,ILF3
cg17105689,blue,NAP1L4
cg17108364,turquoise,MRPS35
cg17108996,grey,LOC282997
cg17111597,turquoise,CCNB2
cg17112089,grey,CTTNBP2
cg17112155,turquoise,HCK
cg17121412,grey,TUBGCP5
cg17122213,grey,MIB2
cg17123534,turquoise,HIST1H4E
cg17124278,blue,BAT4
cg17124583,grey,GATA3
cg17125623,turquoise,NFATC3
cg17127214,grey,
cg17129986,turquoise,
cg17130032,turquoise,GLI4
cg17130504,turquoise,LZTS2
cg17132421,grey,ARRDC4
cg17132465,grey,DSCC1
cg17135058,turquoise,THAP2
cg17136073,grey,
cg17137980,grey,GNB1L
cg17139369,grey,MARCH2
cg17140034,grey,TCF12
cg17142664,grey,IMMP2L
cg17142722,turquoise,
cg17143376,grey,PAOX
cg17143565,grey,SLFN5
cg17145559,grey,
cg17145587,blue,DNER
cg17146640,turquoise,CELSR1
cg17147121,grey,ZNF836
cg17152658,turquoise,EFR3A
cg17154187,blue,SMCR7
cg17154563,black,PSMC4
cg17154724,grey,DNM3
cg17154729,grey,UTP23
cg17155907,turquoise,TCHP
cg17156255,turquoise,PPM1G
cg17156276,grey,KDM4A
cg17156694,grey,
cg17158761,turquoise,
cg17159093,grey,SPATS2L
cg17159098,turquoise,TMEM136
cg17159837,turquoise,KDELR3
cg17162132,grey,C11orf83
cg17163168,grey,TP73
cg17165241,grey,PKP3
cg17165303,tan,AGRN
cg17166258,turquoise,GNL1
cg17166282,turquoise,TPP2
cg17166802,turquoise,GTPBP8
cg17167045,grey,
cg17167289,grey,HIGD1A
cg17168535,turquoise,XPO7
cg17168838,blue,LENG1
cg17170743,grey,PCGF3
cg17172308,grey,
cg17172851,turquoise,PAX7
cg17173639,grey,PARK2
cg17174230,turquoise,SSSCA1
cg17174775,turquoise,AASS
cg17174814,grey,
cg17175324,turquoise,FKBP2
cg17176228,blue,SHARPIN
cg17177219,turquoise,TDG
cg17177755,blue,
cg17178900,grey,PM20D1
cg17179862,grey,LOC404266
cg17179911,grey,ERICH1
cg17180012,grey,C10orf131
cg17180607,turquoise,HNRNPUL2
cg17184604,blue,TPI1
cg17185817,grey,GPR3
cg17186428,grey,SUV420H1
cg17187559,turquoise,ZNF248
cg17187762,grey,
cg17188169,grey,DDX43
cg17188180,green,MDC1
cg17190403,turquoise,C6orf211
cg17190703,turquoise,CIB2
cg17191933,turquoise,IPO5
cg17192115,blue,GAS7
cg17193369,turquoise,PDZD8
cg17193551,grey,FAM49B
cg17194240,turquoise,CEBPD
cg17198230,grey,
cg17200161,grey,KCNK5
cg17202948,grey,NAT9
cg17205803,turquoise,MIR636
cg17206034,blue,OXSR1
cg17207301,turquoise,PIK3R4
cg17210938,grey,TACSTD2
cg17211447,blue,APITD1
cg17212000,grey,FAM82A1
cg17212902,grey,
cg17212919,grey,BASP1
cg17213048,grey,ATAD2
cg17214237,turquoise,ZNF467
cg17214737,yellow,VCL
cg17215666,turquoise,SUMF2
cg17215843,grey,HERC3
cg17216414,turquoise,PAN2
cg17218435,turquoise,
cg17218495,blue,SMARCA4
cg17220042,turquoise,E2F1
cg17220055,grey,HIVEP3
cg17221813,grey,SLC17A9
cg17221980,blue,NUS1
cg17222941,turquoise,MAGI2
cg17224732,turquoise,ZZZ3
cg17225129,turquoise,B3GALT4
cg17225222,grey,C12orf68
cg17226324,grey,ATP11A
cg17226811,turquoise,
cg17228231,grey,MKRN1
cg17228286,turquoise,KIAA1949
cg17233127,grey,C10orf4
cg17234198,turquoise,C20orf199
cg17235179,turquoise,CNOT8
cg17236576,red,CCNB2
cg17237506,turquoise,ZPBP
cg17238970,grey,
cg17240499,turquoise,ANGEL2
cg17240725,grey,WBSCR26
cg17241550,blue,NDC80
cg17242351,grey,ACTC1
cg17242590,grey,LMBR1
cg17244466,turquoise,TIGD3
cg17245735,turquoise,NFIA
cg17247435,turquoise,PAN3
cg17248924,grey,TMEM232
cg17250082,grey,
cg17250302,grey,DCHS1
cg17250537,grey,
cg17255878,blue,PSMB6
cg17258335,grey,
cg17262328,grey,
cg17266581,grey,MBP
cg17269137,turquoise,SYDE2
cg17271471,turquoise,ZNF827
cg17273911,grey,
cg17276002,turquoise,ANXA7
cg17276794,brown,LPCAT1
cg17278115,turquoise,NEK1
cg17283383,turquoise,CCDC41
cg17283857,grey,FLJ41350
cg17284634,grey,
cg17287553,turquoise,
cg17289202,turquoise,ZNF532
cg17292337,grey,
cg17294865,grey,HLA-DPB1
cg17294928,turquoise,SCAMP5
cg17295878,grey,TBC1D16
cg17298925,grey,
cg17299615,turquoise,
cg17299830,turquoise,LSG1
cg17300868,turquoise,NFE2L2
cg17301379,grey,
cg17304878,turquoise,DCAF7
cg17306261,turquoise,C14orf50
cg17307348,turquoise,TMEM217
cg17315500,turquoise,
cg17316185,grey,C1QL1
cg17316564,grey,GOLGA2L1
cg17316718,grey,RPH3AL
cg17318943,grey,UBE2O
cg17319142,grey,C1QL2
cg17322044,grey,
cg17326769,grey,HCK
cg17328171,turquoise,PDE4D
cg17328665,grey,PER3
cg17329110,grey,SHANK2
cg17329518,cyan,WDR4
cg17330251,grey,PON1
cg17334536,grey,NXN
cg17334937,grey,
cg17335114,grey,MTDH
cg17336400,turquoise,MNAT1
cg17339073,grey,
cg17339505,turquoise,RET
cg17340655,blue,DDHD2
cg17342469,brown,
cg17342834,grey,HRAS
cg17342916,grey,
cg17343201,grey,COIL
cg17345859,grey,ZNF12
cg17345994,grey,CTNND1
cg17347471,grey,MOCS2
cg17349753,turquoise,RTN4RL2
cg17350441,grey,
cg17352995,blue,SH3TC1
cg17353431,turquoise,FLJ39582
cg17356280,turquoise,TEX9
cg17359064,turquoise,SERF2
cg17360140,blue,C4orf29
cg17364114,grey,SLC22A3
cg17366294,grey,C4orf37
cg17369088,grey,MIR423
cg17372657,grey,
cg17374002,turquoise,UVRAG
cg17375248,turquoise,
cg17379209,turquoise,BID
cg17380693,grey,IGF2BP3
cg17380795,grey,
cg17381565,turquoise,CTSF
cg17383334,grey,GABRR3
cg17384124,grey,ANKRD44
cg17384898,turquoise,KIAA0226
cg17386466,blue,CD8A
cg17388683,turquoise,MIR548G
cg17389218,turquoise,ACVR1B
cg17390350,grey,GLI3
cg17394176,turquoise,
cg17395555,grey,
cg17396620,turquoise,KIAA1712
cg17397028,turquoise,FAM190A
cg17397364,grey,LOC100132215
cg17398233,turquoise,CXCR4
cg17399234,turquoise,WDR36
cg17400829,grey,
cg17403731,grey,HCN2
cg17404915,grey,OVOL2
cg17406023,grey,ZNF536
cg17407324,grey,ZNF615
cg17409276,turquoise,NDUFAF2
cg17411546,grey,SYNPO2L
cg17412258,turquoise,DLK1
cg17414580,turquoise,KPNA4
cg17416271,turquoise,YWHAE
cg17416644,grey,BRSK2
cg17418304,blue,MTR
cg17420659,turquoise,ATM
cg17420885,grey,LOC339524
cg17421046,grey,HLA-DQA1
cg17422926,turquoise,SKI
cg17427491,grey,
cg17428043,blue,LHX4
cg17429382,turquoise,MATK
cg17429870,grey,BRSK2
cg17431280,grey,GRLF1
cg17431860,turquoise,H2AFX
cg17432267,turquoise,
cg17434634,grey,
cg17436327,blue,PSMB1
cg17437088,grey,FLJ43663
cg17439023,blue,SFRS8
cg17441280,turquoise,MED20
cg17441724,grey,C20orf96
cg17442483,grey,EPHX1
cg17444697,grey,TMEM132D
cg17444781,yellow,LOC92659
cg17444972,grey,RSF1
cg17445007,yellow,AK5
cg17445212,grey,PAX8
cg17446339,grey,HTATIP2
cg17451432,grey,
cg17453780,turquoise,
cg17454263,turquoise,
cg17454509,grey,
cg17457156,turquoise,TGDS
cg17457528,turquoise,DMXL1
cg17457986,turquoise,HOXB13
cg17459215,grey,
cg17459893,grey,SNHG12
cg17460449,brown,TAF4
cg17461599,turquoise,PLEKHB2
cg17461670,grey,ABCA8
cg17462203,grey,RPIA
cg17462218,yellow,PRELP
cg17462394,turquoise,KPNA6
cg17462478,blue,SYF2
cg17463745,grey,
cg17464350,yellow,
cg17465219,greenyellow,TMEM170A
cg17465462,turquoise,GPD1L
cg17466535,turquoise,TMEM55B
cg17467752,purple,THRA
cg17468100,grey,C22orf27
cg17468267,grey,
cg17469292,turquoise,VPS8
cg17470531,turquoise,CCDC88A
cg17473382,blue,C17orf82
cg17476223,grey,SHROOM3
cg17476910,grey,
cg17477052,grey,COL13A1
cg17477090,grey,
cg17477756,turquoise,HNRNPM
cg17479576,grey,FAM160A1
cg17481012,grey,RB1CC1
cg17481490,grey,C17orf97
cg17482424,grey,BAMBI
cg17484629,turquoise,ELOVL6
cg17485454,turquoise,MAPK10
cg17485717,grey,TCP11L1
cg17486075,grey,AK5
cg17486644,grey,RADIL
cg17489964,turquoise,CTR9
cg17490921,blue,ZNF259
cg17491548,turquoise,ALMS1
cg17492152,grey,AKIRIN1
cg17492481,grey,H2AFY
cg17492904,turquoise,ACSL3
cg17493021,grey,TRAF3IP1
cg17493511,turquoise,SLC39A1
cg17495087,grey,
cg17495792,turquoise,GGCT
cg17495912,grey,CCNA1
cg17497066,turquoise,AMACR
cg17497419,turquoise,PFN4
cg17497608,grey,FZD1
cg17497965,grey,RBM24
cg17500383,turquoise,RAP1A
cg17501792,turquoise,GON4L
cg17501823,grey,SLC38A4
cg17502213,grey,DAB1
cg17503287,turquoise,RPS24
cg17504698,turquoise,PSPC1
cg17504765,grey,UNC5C
cg17505642,grey,RARS
cg17506056,turquoise,DCAF8
cg17508302,grey,HSPA7
cg17509989,grey,RGS14
cg17510056,turquoise,PLCB1
cg17512474,grey,CDX1
cg17512748,turquoise,TCERG1
cg17512779,turquoise,CNOT7
cg17512843,magenta,RNF34
cg17513693,blue,PPT2
cg17514942,turquoise,SUB1
cg17516384,turquoise,CHMP6
cg17517709,grey,
cg17519650,grey,OTX1
cg17520080,grey,LUZP1
cg17521583,turquoise,
cg17522965,grey,LOC284900
cg17524265,grey,NAPRT1
cg17525428,grey,SHANK1
cg17525856,grey,EPCAM
cg17526424,turquoise,SNHG11
cg17526506,grey,DBI
cg17526812,turquoise,MYO1B
cg17527484,turquoise,SCN4A
cg17527589,grey,ADAM3A
cg17528003,grey,ABHD5
cg17528580,turquoise,MYPN
cg17529386,grey,
cg17534999,grey,
cg17535595,grey,PCDH8
cg17536960,turquoise,C6orf48
cg17537073,grey,
cg17540624,turquoise,IRF3
cg17541715,grey,
cg17541810,grey,ETV6
cg17542806,grey,PDS5A
cg17544762,grey,MTHFD1L
cg17545218,salmon,
cg17548556,turquoise,H2AFX
cg17553149,grey,
cg17554194,turquoise,HLA-B
cg17554716,turquoise,NDUFS4
cg17555499,turquoise,CHCHD1
cg17555712,grey,KIAA0226
cg17558214,grey,PHF14
cg17566325,grey,
cg17568255,yellow,IAH1
cg17569124,grey60,HOXA5
cg17572663,blue,ELP3
cg17573068,turquoise,CNIH2
cg17573292,grey,SOD3
cg17576266,grey,MATR3
cg17577923,turquoise,ARL4A
cg17579075,turquoise,TMEM86A
cg17579242,brown,
cg17584085,turquoise,HOXB7
cg17585343,turquoise,HSD17B12
cg17587981,turquoise,PSMC2
cg17588350,grey,C11orf64
cg17594860,grey,AKR7A3
cg17598339,grey,
cg17598713,grey,RGL2
cg17599186,blue,TMEM93
cg17600863,grey,LOC100188947
cg17607942,grey,
cg17610333,grey,
cg17610929,turquoise,ACCN4
cg17611045,grey,FGF12
cg17611235,grey,
cg17611686,turquoise,C20orf56
cg17611936,grey,PRKAG2
cg17614564,turquoise,PCYT2
cg17617527,turquoise,NR3C1
cg17619993,turquoise,BMP6
cg17621642,turquoise,SUV39H2
cg17625535,grey,FOXK1
cg17627829,grey,HCG18
cg17629447,turquoise,CHUK
cg17639394,grey,HCG9
cg17639894,turquoise,
cg17642017,grey,
cg17645978,grey,
cg17646392,grey,
cg17647863,turquoise,SEC61A1
cg17648103,turquoise,FBXO3
cg17651633,turquoise,COX7A2L
cg17651973,grey,
cg17652174,grey,B3GNTL1
cg17653955,grey,AGAP1
cg17655970,grey,
cg17658113,grey,BRSK2
cg17660446,green,ZNF343
cg17661443,grey,SHB
cg17662683,grey,TNXB
cg17665164,turquoise,CEP63
cg17666096,turquoise,SCOC
cg17666981,grey,TRIM27
cg17668949,turquoise,ATF2
cg17669497,grey,
cg17672050,turquoise,SNORA26
cg17674042,grey,PACSIN1
cg17678877,turquoise,MRPS9
cg17679824,turquoise,SGTB
cg17681516,grey,
cg17681698,grey,
cg17683390,grey,CLDN3
cg17684478,grey,FOXR1
cg17685679,blue,ULK4
cg17688525,grey,L3MBTL4
cg17693534,grey,MAD1L1
cg17694851,grey,
cg17695625,turquoise,KIAA1310
cg17695831,brown,
cg17696166,blue,CCDC49
cg17696517,grey,
cg17698860,grey,C6orf186
cg17704177,blue,SFRS3
cg17705066,grey,GIPC3
cg17706124,grey,LRPAP1
cg17713488,grey,COL5A3
cg17714225,grey,PFDN6
cg17714828,turquoise,LPCAT1
cg17715262,lightcyan,SNX14
cg17716453,turquoise,CYP4F22
cg17716617,turquoise,KIAA1522
cg17716664,grey,LMX1A
cg17716961,grey,PRKAB1
cg17717000,turquoise,PLD3
cg17718210,turquoise,MESDC1
cg17722231,turquoise,TMEM52
cg17723355,turquoise,STAM
cg17724687,grey,PER3
cg17727725,turquoise,GPR148
cg17728600,grey,
cg17736116,grey,ZNF280D
cg17737388,grey,C1orf52
cg17737967,grey,MAN2B1
cg17740908,grey,
cg17740950,grey,ZNF343
cg17741501,turquoise,
cg17745562,turquoise,CTNS
cg17747265,grey,
cg17749509,grey,SLC16A4
cg17749961,grey,LCLAT1
cg17750334,grey,CENPF
cg17750336,turquoise,CLCN3
cg17750572,grey,
cg17751414,grey,
cg17751872,grey,ZNF714
cg17754473,grey,CPLX1
cg17755581,turquoise,VAPB
cg17755880,blue,CHCHD2
cg17755888,grey,FER
cg17756530,grey,C7orf58
cg17757848,tan,MAEL
cg17759082,blue,SEC22A
cg17759252,grey,CRTC1
cg17759616,grey,ERG
cg17765713,midnightblue,PLK4
cg17775962,grey,ZFAND2A
cg17777561,turquoise,FXR2
cg17778434,turquoise,ZMAT2
cg17779790,turquoise,YBX2
cg17780956,turquoise,MAP9
cg17780992,blue,YTHDC1
cg17782954,grey,ECHDC3
cg17783317,grey,VSTM1
cg17784749,turquoise,LOC440839
cg17784876,grey,AKIRIN1
cg17786388,turquoise,TGFBR2
cg17792192,grey,CAMSAP1
cg17792564,turquoise,BCL6
cg17794299,grey,
cg17797229,grey,
cg17798749,turquoise,WDR93
cg17798944,turquoise,SNORD43
cg17801295,grey,
cg17804627,grey,C1orf212
cg17804987,turquoise,MAPKAPK3
cg17808634,brown,
cg17809276,turquoise,C1orf9
cg17809849,turquoise,PDE9A
cg17811978,grey,
cg17812313,grey,PTPRN2
cg17812951,turquoise,KIAA2018
cg17815538,grey,LRRFIP1
cg17823230,grey,COL4A2
cg17824391,turquoise,PRELID2
cg17826324,turquoise,ADC
cg17826393,blue,MYBL1
cg17827650,grey,NOM1
cg17827850,grey,HBXIP
cg17829936,grey,TAAR5
cg17831554,grey,SKIV2L2
cg17831680,turquoise,VTA1
cg17833169,grey,
cg17834425,grey,WDR27
cg17836746,turquoise,MGC72080
cg17837792,grey,
cg17838182,brown,CANT1
cg17839226,grey,
cg17839259,turquoise,OPRL1
cg17840914,grey,PUS7L
cg17842157,turquoise,HDAC5
cg17842918,grey,ATP11A
cg17843891,grey,
cg17849194,turquoise,UTP3
cg17849569,grey,ZSCAN12L1
cg17851276,grey,
cg17851604,grey,CDK15
cg17854747,turquoise,RNF138
cg17859110,grey,PTPRT
cg17859187,turquoise,TIPRL
cg17859659,magenta,TP53BP1
cg17860174,grey,SNX24
cg17860485,yellow,FAM76A
cg17862404,grey,TSC22D1
cg17863743,black,HPSE2
cg17866680,grey,MEX3B
cg17867243,grey,PLA2G4D
cg17870408,turquoise,RSPO4
cg17870484,grey,
cg17870997,grey,
cg17871792,turquoise,LOC400657
cg17873612,grey,
cg17873998,brown,NR5A2
cg17876456,grey,RGS8
cg17879320,turquoise,RPL9
cg17880256,turquoise,FAM59A
cg17880622,grey,ASXL3
cg17886164,grey,GNL2
cg17888096,turquoise,SPATA20
cg17888390,grey,
cg17889682,grey,DYNC1I1
cg17892539,turquoise,KIAA0100
cg17893459,grey,VEPH1
cg17895310,grey,ZNF32
cg17901955,turquoise,DHX30
cg17904739,turquoise,EFCAB4B
cg17904852,turquoise,CELSR3
cg17906146,turquoise,SHQ1
cg17907730,turquoise,DPY19L1
cg17910899,grey,
cg17912370,yellow,C3orf55
cg17913405,grey,
cg17916960,grey,
cg17919206,turquoise,RNPEP
cg17919465,turquoise,MTMR3
cg17920646,grey,
cg17920936,grey,ROR2
cg17922249,grey,C3orf58
cg17925022,turquoise,SH3BP5
cg17926950,grey,
cg17927777,turquoise,
cg17929169,turquoise,FYN
cg17929492,turquoise,MAFK
cg17929687,grey,PTGDR
cg17931620,grey,GNG12
cg17932096,grey,
cg17932425,blue,PGLS
cg17933807,turquoise,GNL2
cg17933838,grey,ATAD2B
cg17934743,turquoise,C17orf59
cg17935304,turquoise,PSMG1
cg17936155,grey,RAB36
cg17936229,grey,
cg17937101,grey,MIR596
cg17938371,grey,TGOLN2
cg17942573,grey,MYO10
cg17944282,blue,RPSA
cg17944940,blue,SLC25A19
cg17946375,turquoise,LHPP
cg17947140,black,ZFAND3
cg17948986,grey,KCNRG
cg17949969,grey,ABLIM2
cg17951991,grey,ADARB2
cg17952661,turquoise,
cg17955635,blue,ZBTB44
cg17955752,turquoise,ASPSCR1
cg17957801,grey,VPS53
cg17959722,grey,MRPL41
cg17960051,turquoise,ABCB1
cg17962090,grey,
cg17962342,cyan,HIP1R
cg17964505,turquoise,
cg17967673,grey,
cg17967973,turquoise,FOXRED1
cg17969084,grey,
cg17969377,red,TBCE
cg17970299,grey,ZNF385A
cg17971531,turquoise,C1orf130
cg17971929,grey,PSMG1
cg17972631,turquoise,CTNNBIP1
cg17973407,green,CTNNBIP1
cg17977556,grey,GLCE
cg17978996,blue,BEND3
cg17979595,grey,PCDH24
cg17982643,turquoise,C11orf71
cg17984375,turquoise,CH25H
cg17985646,grey,TBX20
cg17987358,turquoise,
cg17989428,turquoise,LAPTM4A
cg17991919,grey,RAD50
cg17991940,turquoise,AP2M1
cg17991990,turquoise,ENKUR
cg17993442,turquoise,ZBTB44
cg17994139,grey,HOXA6
cg17994840,grey,INPP5A
cg17996830,grey,ODZ4
cg17998013,blue,HACL1
cg18001180,grey,KCNK17
cg18003214,yellow,GBX1
cg18003583,grey,SLC34A1
cg18004175,turquoise,IK
cg18005217,grey,INPP5A
cg18005337,grey,ZAP70
cg18005693,grey,GADL1
cg18009376,turquoise,FASN
cg18009825,blue,CCDC45
cg18010718,grey,ZACN
cg18010900,turquoise,DYNC1LI1
cg18011148,grey,DEFB132
cg18013711,turquoise,C15orf42
cg18015985,turquoise,LMAN2
cg18016304,grey,
cg18017761,yellow,DMAP1
cg18019037,grey,
cg18019451,grey,TDRKH
cg18020334,turquoise,HLA-C
cg18020381,grey,CCNG1
cg18021161,turquoise,C15orf27
cg18021992,grey,ITPA
cg18022324,grey,RBM15
cg18026026,turquoise,MGMT
cg18026055,grey,HLA-DQB2
cg18026227,grey,LOC100192378
cg18027207,grey,RAI14
cg18028483,grey,SESN1
cg18028999,grey,C15orf26
cg18029791,turquoise,GALNT7
cg18031436,blue,SF3A1
cg18032502,grey,TNNT3
cg18036763,blue,PHF21B
cg18038714,grey,
cg18039556,grey,RAB36
cg18039643,turquoise,SNORD27
cg18042004,turquoise,POLR3H
cg18043078,turquoise,RASA3
cg18044385,grey,KISS1R
cg18044963,turquoise,SRRM3
cg18045093,turquoise,NBR1
cg18045859,grey,CLDN3
cg18046570,turquoise,NLK
cg18048983,grey,C17orf104
cg18051461,yellow,HIC1
cg18053383,grey,
cg18056133,blue,CCDC86
cg18057128,brown,RNF213
cg18057887,grey,IGSF9B
cg18058742,turquoise,MSL2
cg18059699,grey,LARS2
cg18061532,midnightblue,PARP4
cg18061711,grey,
cg18062281,blue,DDX49
cg18063486,grey,
cg18064474,turquoise,RORA
cg18068240,turquoise,NR3C1
cg18068919,turquoise,TRIM26
cg18069309,grey,STARD9
cg18070394,turquoise,RNF4
cg18071071,grey,
cg18074726,turquoise,BTBD11
cg18075691,grey,
cg18078305,blue,SLC1A4
cg18082014,magenta,OPA3
cg18082080,blue,ULBP2
cg18082322,turquoise,GRPEL2
cg18082402,grey,
cg18082788,grey,ZC3H12D
cg18083595,grey,USP29
cg18083704,grey,TTLL3
cg18085206,turquoise,CRK
cg18088903,turquoise,MICA
cg18089426,grey,
cg18091046,grey,MTUS2
cg18091469,turquoise,
cg18092028,grey,CDH4
cg18095725,red,HIST1H2BD
cg18095732,turquoise,ZDHHC20
cg18096251,grey,
cg18097281,turquoise,PAK6
cg18098750,turquoise,TMED7-TICAM2
cg18100347,blue,TPRA1
cg18102575,grey,HMP19
cg18105134,grey,PROZ
cg18105139,grey,ZSCAN12L1
cg18105279,turquoise,SELP
cg18106189,turquoise,C18orf1
cg18107000,turquoise,RASA2
cg18107960,turquoise,WDR41
cg18108022,blue,KLF10
cg18110444,turquoise,DARS
cg18111139,turquoise,
cg18116217,blue,PITRM1
cg18118262,grey,PCDHGA4
cg18122406,turquoise,NOP58
cg18123026,turquoise,EGR3
cg18123048,turquoise,CUL2
cg18123581,grey,RIPK2
cg18123911,grey,MIB2
cg18125865,turquoise,RNPC3
cg18128536,grey,IGF2BP1
cg18128914,grey,LOXL1
cg18130437,turquoise,CCDC107
cg18133008,blue,GMCL1
cg18135087,grey,TUFT1
cg18135206,grey,TECPR2
cg18136963,grey,
cg18140268,grey,
cg18140645,turquoise,ADAMTS6
cg18143488,turquoise,NDUFB3
cg18143701,turquoise,TBL1XR1
cg18144065,turquoise,CAPZA1
cg18144544,grey,USP42
cg18144710,grey,EXT1
cg18144860,turquoise,RAPGEF6
cg18146221,grey,ITGA4
cg18146443,turquoise,STAC2
cg18146737,grey,GFI1
cg18147104,grey,
cg18147309,turquoise,PSMD12
cg18147366,turquoise,CR1
cg18147485,grey,KCNV1
cg18148045,turquoise,CANT1
cg18150300,turquoise,COG1
cg18150908,grey,
cg18153137,grey,FOXP1
cg18153977,grey,
cg18154328,turquoise,CCDC86
cg18155407,grey,TDRD12
cg18157379,grey,SUCLG2
cg18158151,turquoise,C2orf74
cg18158888,grey,SUV420H1
cg18159850,turquoise,OBSCN
cg18164313,turquoise,PKN2
cg18164983,grey,SLC25A20
cg18165852,grey,CHST13
cg18167759,grey,CACNA2D4
cg18168751,brown,SLC26A1
cg18171855,grey,
cg18172804,pink,CHD1L
cg18174089,grey,MAPK8
cg18174222,grey,TMCO1
cg18174326,grey,PASK
cg18176922,turquoise,SLMO1
cg18178197,grey,
cg18180230,grey,SFRS2B
cg18180874,grey,MRPS18B
cg18182269,turquoise,DST
cg18182358,turquoise,ST3GAL6
cg18187865,turquoise,ANKS1A
cg18188585,turquoise,PYGO2
cg18188782,turquoise,
cg18189236,grey,
cg18190219,grey,CELSR1
cg18192325,grey,
cg18192414,grey,
cg18192519,turquoise,SDHB
cg18194343,turquoise,TSC22D1
cg18195080,grey,LOC399815
cg18195628,turquoise,MRPL48
cg18198707,grey,UNG
cg18200038,grey,LOC442308
cg18200150,grey,MYO1D
cg18201070,grey,OCA2
cg18201077,turquoise,RSAD2
cg18202336,turquoise,IGF1R
cg18202502,grey,LRP8
cg18202521,grey,AKR7L
cg18204760,grey,ELMOD1
cg18207099,brown,MAD1L1
cg18207141,turquoise,MRPS18B
cg18208171,grey,HMG20A
cg18210730,grey,TUBD1
cg18214799,turquoise,SCARB2
cg18216674,yellow,DDAH2
cg18217172,turquoise,REPS1
cg18220666,grey,EREG
cg18221429,grey,LRRC61
cg18221580,grey,SUCLA2
cg18225577,grey,TRPM4
cg18226478,turquoise,TADA1
cg18227923,turquoise,ORC1L
cg18228590,grey,
cg18229914,grey,ETAA1
cg18230493,grey,C5orf35
cg18232313,grey,NHLRC1
cg18232832,turquoise,UBE2D2
cg18234979,grey,CCDC11
cg18236224,turquoise,COPZ1
cg18238374,yellow,
cg18238491,blue,SKA1
cg18240143,turquoise,C14orf39
cg18240653,grey,PHACTR2
cg18241130,midnightblue,
cg18243542,grey,TAX1BP1
cg18245365,turquoise,FAM120B
cg18245660,blue,RGS20
cg18245890,turquoise,BCL6
cg18247054,turquoise,RNASET2
cg18251019,turquoise,OBFC1
cg18251222,turquoise,KLF11
cg18251360,blue,DGCR8
cg18254123,turquoise,
cg18255614,turquoise,NEK11
cg18256985,turquoise,
cg18258770,turquoise,SNCA
cg18260424,turquoise,ZFYVE1
cg18260919,grey,MSL2
cg18261468,grey,RNF168
cg18262958,turquoise,LMNB1
cg18264306,blue,ARL6
cg18264486,grey,
cg18274279,grey,ABHD11
cg18275321,grey,HHLA3
cg18277682,grey,C1orf69
cg18277960,turquoise,SFRS5
cg18280007,turquoise,C1orf9
cg18280382,blue,ST3GAL4
cg18280463,turquoise,ANKRD34A
cg18280717,grey,AGFG1
cg18281743,blue,STC2
cg18282812,grey,FEM1C
cg18283779,blue,C2orf89
cg18284650,grey,FCHO2
cg18286995,grey,CD160
cg18290190,grey,RPH3AL
cg18295068,turquoise,SCN3A
cg18299363,blue,C10orf76
cg18301891,grey,DIO3
cg18303847,grey,RNASEN
cg18311871,grey,PTPRN2
cg18313148,grey,ZNF271
cg18314424,grey,
cg18315527,turquoise,ARMC7
cg18317589,turquoise,PNRC1
cg18320647,magenta,MNAT1
cg18322448,turquoise,UHRF1
cg18322510,grey,LGALS8
cg18322589,grey,TACC2
cg18323922,turquoise,PSMB2
cg18325794,grey,HCRTR1
cg18326657,grey,HLA-L
cg18327883,turquoise,HMGCS1
cg18333921,grey,
cg18335243,turquoise,PTGS2
cg18337422,turquoise,ACAT1
cg18338319,grey,HS1BP3
cg18339722,grey,
cg18341924,cyan,BZW2
cg18342621,turquoise,PNPLA6
cg18345115,grey,PDE4A
cg18346412,grey,LOC441897
cg18347650,red,RFESD
cg18353196,greenyellow,MNX1
cg18353550,grey,MOCS2
cg18355337,grey,GP6
cg18356634,grey,
cg18357291,turquoise,NUP210
cg18357371,grey,SLC17A3
cg18357526,turquoise,HIST1H4A
cg18358762,grey,SFXN5
cg18363538,grey,MYO5C
cg18363918,grey,IGLON5
cg18369007,turquoise,ZMYM6
cg18369516,grey,ZBTB46
cg18369686,grey,
cg18372896,grey,JDP2
cg18373279,turquoise,MED4
cg18373855,grey,
cg18374471,turquoise,EPB41L2
cg18379624,turquoise,COG3
cg18382707,turquoise,
cg18383594,grey,SNAPC1
cg18383668,grey,GEMIN7
cg18386310,turquoise,BCAR3
cg18387216,turquoise,HDAC2
cg18388270,grey,
cg18389845,brown,MAP3K9
cg18392085,turquoise,AXIN2
cg18393202,turquoise,
cg18395988,turquoise,SFXN4
cg18396357,grey,NRXN1
cg18397023,turquoise,KPNA6
cg18397137,black,TRIM28
cg18399321,turquoise,MGAT3
cg18399457,grey,LSM2
cg18400088,grey,WBP4
cg18400808,grey,RPS24
cg18402987,grey,
cg18403480,turquoise,EXOG
cg18404009,yellow,
cg18405330,grey,
cg18412326,turquoise,FBXW9
cg18415585,grey,
cg18418460,turquoise,ULBP3
cg18418538,grey,LMTK3
cg18420790,turquoise,C5orf13
cg18421592,grey,RWDD2A
cg18421711,grey,
cg18424208,grey,CDX1
cg18426444,grey,AARSD1
cg18428180,grey,KIAA0319
cg18428193,grey,KRTCAP3
cg18430295,turquoise,NRN1
cg18430555,grey,
cg18433402,turquoise,LOC389332
cg18433519,grey,KIAA0319
cg18434348,grey,GMDS
cg18435880,turquoise,EXOSC10
cg18435900,grey,ZNF485
cg18437099,grey,
cg18437193,grey,DLGAP2
cg18438793,turquoise,HPCAL4
cg18441041,grey,CUX1
cg18443229,grey,NOL12
cg18443437,grey,
cg18446690,yellow,SUMO1
cg18447419,grey,SLC9A3
cg18448581,grey,NETO1
cg18449879,grey,CYP4F11
cg18451016,grey,
cg18453965,turquoise,WIPF1
cg18456349,turquoise,PDCD6
cg18456803,turquoise,ELF1
cg18458993,turquoise,ARG2
cg18462521,turquoise,SERTAD2
cg18462916,grey,CUL4A
cg18464896,turquoise,KIFC2
cg18469224,grey,
cg18469811,yellow,GUCY2E
cg18469938,grey,RBM4B
cg18470427,grey,SLFN12L
cg18470710,pink,
cg18471460,blue,CDKN3
cg18472945,turquoise,BRD2
cg18474443,grey,PFKP
cg18477163,grey,OBSCN
cg18477674,grey,BNIP3
cg18477789,blue,TOMM7
cg18480233,grey,CRIM1
cg18482098,grey,MTIF2
cg18485193,grey,MYO10
cg18489289,grey,CXCL12
cg18489945,turquoise,
cg18493069,blue,SNX3
cg18494192,grey,COL10A1
cg18494399,grey,SLC1A2
cg18494841,grey,BRD2
cg18496317,blue,PRIC285
cg18496447,grey,SHF
cg18496937,turquoise,SEPT5
cg18497394,turquoise,TM2D2
cg18498565,grey,PFKP
cg18498987,grey,MEF2C
cg18500431,yellow,
cg18501615,turquoise,COMMD7
cg18503387,turquoise,MRPS23
cg18503679,grey,ZNF385D
cg18505213,turquoise,EPB41L4B
cg18512313,grey,
cg18512512,turquoise,MDC1
cg18517516,turquoise,TRIB2
cg18518111,grey,GPBP1
cg18519450,brown,GLI2
cg18519927,turquoise,CABLES1
cg18520856,turquoise,EIF3D
cg18522231,grey,
cg18522266,grey,SMARCA4
cg18526602,turquoise,DAGLB
cg18531559,grey,ULK4
cg18532727,grey,C17orf51
cg18533833,turquoise,CHFR
cg18535437,red,PPM1A
cg18536123,brown,SEBOX
cg18539474,yellow,MAGI3
cg18540455,grey,CLASP2
cg18542688,grey,
cg18544450,grey,LPHN1
cg18551877,grey,GLYATL2
cg18552020,grey,MRPL48
cg18552620,turquoise,STK17A
cg18554773,turquoise,AKT1S1
cg18555069,turquoise,KCNB2
cg18555073,turquoise,B2M
cg18555277,turquoise,
cg18556788,grey,L3MBTL4
cg18557086,turquoise,MNT
cg18557684,turquoise,
cg18562989,grey,DPP6
cg18564808,turquoise,ANTXR1
cg18564989,grey,MIXL1
cg18565702,blue,TUBGCP3
cg18566515,grey,FGFR2
cg18573544,blue,BTBD9
cg18575406,turquoise,ANKRD16
cg18576318,grey,CHKA
cg18576957,grey,
cg18577280,turquoise,EFHA2
cg18579862,grey,ZIK1
cg18582848,lightcyan,LRRC20
cg18586470,turquoise,ADAMTS17
cg18586529,grey,PERP
cg18586886,turquoise,KIAA1949
cg18587137,grey,TNFAIP2
cg18587988,turquoise,C22orf25
cg18589478,grey,HIST1H2BD
cg18590590,turquoise,LRRC42
cg18593317,grey,
cg18593717,turquoise,HDGF
cg18595835,grey,MKRN2
cg18596636,grey,GABRB3
cg18597709,turquoise,
cg18598029,grey,HCG27
cg18598117,grey,ARID3A
cg18603466,turquoise,RAD51L3
cg18611668,turquoise,LYSMD3
cg18616062,turquoise,SEMA5A
cg18617219,grey,CLASP1
cg18620542,grey,HRNBP3
cg18620571,grey,TNFAIP2
cg18622084,turquoise,C14orf138
cg18622954,turquoise,MUTED
cg18625286,grey,NCOA5
cg18625361,grey,PEX13
cg18625951,turquoise,CNTNAP2
cg18627182,turquoise,
cg18627429,grey,DLK1
cg18630040,grey,PLA2G7
cg18631330,grey,MYADML2
cg18633379,turquoise,PIGN
cg18634211,grey,LIN28
cg18634709,brown,
cg18637383,turquoise,HEATR5B
cg18644286,grey,AURKC
cg18645647,grey,ACACB
cg18647259,grey,
cg18649319,grey,
cg18649451,grey,
cg18649601,turquoise,ZC3H11A
cg18650367,grey,
cg18650626,grey,MAD1L1
cg18650716,turquoise,FLOT1
cg18650732,turquoise,VMAC
cg18651011,grey,FAM172A
cg18653560,brown,MCF2L
cg18655958,blue,TMEM143
cg18657643,grey,
cg18658096,turquoise,AARSD1
cg18658371,turquoise,RPS6KA5
cg18658556,grey,SORCS2
cg18665871,turquoise,FOXP1
cg18668503,turquoise,GNAS
cg18668511,grey,PCDHB8
cg18672670,turquoise,PON2
cg18675617,turquoise,
cg18676123,turquoise,ZNF271
cg18676229,grey,YWHAG
cg18679088,turquoise,
cg18679299,blue,TM9SF1
cg18684142,grey,LOC404266
cg18686665,grey,
cg18686833,grey,ADARB2
cg18691565,turquoise,ACBD5
cg18692149,grey,
cg18692382,lightcyan,DYRK1B
cg18693985,grey,CPEB4
cg18695665,grey,ATP8A1
cg18697348,grey,SELK
cg18697636,grey,SLC9A3
cg18698690,turquoise,TMCC1
cg18698699,brown,DIP2C
cg18699744,grey,PNLIPRP2
cg18700133,grey,ALOXE3
cg18700199,turquoise,DHPS
cg18700416,grey,JAKMIP3
cg18701646,grey,TRIO
cg18704904,grey,MSI2
cg18705301,grey,NDUFAF1
cg18706028,grey,CCKBR
cg18707501,grey,GABRB3
cg18709589,turquoise,KIAA0776
cg18709881,grey,
cg18710053,grey,FLJ44606
cg18712231,grey,SLMAP
cg18712677,turquoise,ZNF680
cg18713687,grey,MUC4
cg18714679,blue,RPL37
cg18718634,turquoise,SCN4B
cg18721605,blue,HDHD2
cg18722847,grey,ZNF502
cg18725375,grey,
cg18727742,grey,ATHL1
cg18728606,turquoise,MKNK2
cg18728839,turquoise,
cg18729862,blue,
cg18730782,turquoise,PIGH
cg18731202,grey,TGFA
cg18731789,turquoise,FKBP2
cg18738553,turquoise,TMEM106B
cg18745035,grey,SCN9A
cg18746040,turquoise,TRMU
cg18748888,brown,TNRC6C
cg18751588,blue,TFCP2
cg18752774,grey,NLRP14
cg18753337,grey,ST20
cg18753928,grey,CCDC52
cg18754555,turquoise,HDLBP
cg18755191,turquoise,ITGAE
cg18758298,grey,RPS6KA2
cg18758796,grey,PDLIM4
cg18760173,turquoise,SERBP1
cg18760251,turquoise,LOC100128164
cg18760835,turquoise,
cg18760916,turquoise,NUDT15
cg18761058,grey,MACROD1
cg18762016,turquoise,TMEM69
cg18762125,grey,
cg18762736,turquoise,ANKRD35
cg18764007,turquoise,ZFP91
cg18764771,grey,FRK
cg18765366,grey,DOC2B
cg18765439,blue,EHBP1L1
cg18765565,grey,TPPP
cg18768400,turquoise,CAPZA1
cg18769229,turquoise,OTUD7B
cg18770446,grey,TTLL10
cg18770728,grey,GARS
cg18771300,grey,RHOJ
cg18771570,grey,
cg18774611,grey,
cg18774755,turquoise,C18orf54
cg18776286,turquoise,SGMS1
cg18776460,grey,LRIG3
cg18780730,turquoise,LOC400657
cg18781764,turquoise,NUDT15
cg18781817,blue,
cg18782736,turquoise,
cg18783429,grey,
cg18784506,turquoise,ARL15
cg18785833,turquoise,COMMD7
cg18786623,grey,HCG4P6
cg18788891,turquoise,MCCC2
cg18792022,grey,FBXO2
cg18792536,grey,UPK3B
cg18793322,grey,IQGAP2
cg18794145,turquoise,MACF1
cg18794839,grey,KCNK2
cg18795169,grey,
cg18795469,turquoise,SLIT1
cg18796523,grey,ALG11
cg18800085,turquoise,RCSD1
cg18800136,cyan,DNTTIP2
cg18802368,grey,
cg18802486,turquoise,C6orf153
cg18802838,grey,KCTD15
cg18802885,lightcyan,TFIP11
cg18803045,turquoise,LOC282997
cg18803147,grey,
cg18803655,turquoise,GPR19
cg18804985,blue,CXCL2
cg18805164,grey,SNX26
cg18805518,grey,DNMBP
cg18806438,purple,NUMB
cg18806716,grey,MAP3K8
cg18807049,turquoise,KCND3
cg18807929,turquoise,IGFBP5
cg18811130,grey,MGMT
cg18811157,grey,ARL6IP6
cg18811550,grey,
cg18815120,grey,EGLN1
cg18815398,grey,
cg18815626,turquoise,ACTR10
cg18815765,turquoise,SEC14L1
cg18821144,grey,
cg18821281,grey,VGLL4
cg18823846,turquoise,PRKG1
cg18825927,turquoise,CORO1B
cg18827097,yellow,ADI1
cg18827378,turquoise,CDK1
cg18828365,turquoise,ARSB
cg18829186,turquoise,TMED10
cg18830251,grey,TAOK1
cg18830721,blue,THAP9
cg18831738,turquoise,CCDC90A
cg18833958,turquoise,ZBTB9
cg18834259,turquoise,ZNF282
cg18837035,grey,C15orf26
cg18838207,turquoise,PMS1
cg18838701,grey,TNNI3
cg18842396,grey,COL22A1
cg18842474,turquoise,SLC22A23
cg18844029,grey,TRIM27
cg18844176,turquoise,MTHFD1
cg18845950,grey,
cg18846074,grey,ADCY4
cg18849920,grey,C11orf73
cg18850127,grey,POU6F2
cg18853435,turquoise,CTDSP1
cg18855466,green,SPATS2L
cg18855780,grey,BTBD3
cg18856478,brown,MPL
cg18857159,grey,ZNF394
cg18858717,turquoise,CALM1
cg18861300,turquoise,SAMHD1
cg18861311,greenyellow,C10orf2
cg18861713,grey,YWHAQ
cg18862597,grey,CROCC
cg18865445,grey,
cg18865685,grey,ASTN1
cg18866106,turquoise,ZKSCAN3
cg18867141,turquoise,FANCL
cg18867902,turquoise,
cg18868178,grey,
cg18872420,grey,SPTLC2
cg18873037,midnightblue,NUB1
cg18873530,turquoise,BCAT2
cg18874502,turquoise,ZNF26
cg18875460,turquoise,TRIM17
cg18877635,yellow,NUP133
cg18879177,grey,
cg18879780,turquoise,FKBPL
cg18880319,turquoise,PRMT1
cg18880897,turquoise,ERAP2
cg18881873,turquoise,
cg18882576,blue,HIBCH
cg18883807,turquoise,
cg18886739,turquoise,ZNF664
cg18887608,red,
cg18888461,grey,LDHAL6A
cg18890544,grey,
cg18891020,turquoise,DPH2
cg18891090,grey,ARFGEF1
cg18891308,blue,BIRC6
cg18892128,turquoise,
cg18892537,turquoise,S100A10
cg18896979,grey,
cg18898632,grey,
cg18899220,grey,
cg18902035,grey,
cg18902440,grey,HLA-DQB1
cg18906028,grey,PCDHA6
cg18906324,brown,KSR2
cg18907202,turquoise,CCDC41
cg18909469,blue,ACBD4
cg18912520,turquoise,FOXP4
cg18912855,turquoise,PACS2
cg18913869,turquoise,POM121C
cg18918831,grey,MUC4
cg18924222,turquoise,GLT8D2
cg18924965,turquoise,ANG
cg18925846,grey,KIAA1875
cg18927740,grey,RGMA
cg18932008,grey,MCOLN2
cg18932726,grey,DOCK1
cg18933685,grey,SDK1
cg18935813,grey,KCNA2
cg18936022,pink,CRLS1
cg18939596,grey,
cg18939664,grey,PTPRN2
cg18943949,turquoise,GNB1L
cg18943969,turquoise,IGSF3
cg18944910,grey,DAXX
cg18945335,turquoise,
cg18946117,grey,LYPD6B
cg18946787,grey,
cg18947032,turquoise,KIAA1279
cg18951187,blue,PKM2
cg18952796,grey,NPTX2
cg18955367,grey,LMTK3
cg18957484,turquoise,APAF1
cg18958966,blue,OAZ2
cg18959621,grey,
cg18959907,grey,ACYP2
cg18960642,turquoise,KCNK17
cg18965377,turquoise,BACH2
cg18973632,turquoise,CISD3
cg18974903,grey,TNKS
cg18975462,blue,EXT1
cg18976044,grey,
cg18977541,grey,
cg18984983,grey,CYP2E1
cg18985109,green,ADCK1
cg18985499,grey,TRAPPC9
cg18987026,grey,LOC286002
cg18987410,grey,HEPACAM
cg18988412,brown,HDAC4
cg18989174,turquoise,ZNF467
cg18993918,grey,ISM1
cg18996590,turquoise,WRN
cg18997422,grey,ANKRD9
cg18997990,turquoise,SERF2
cg19000611,grey,CATSPERB
cg19001231,turquoise,LRRC45
cg19008720,turquoise,HMHA1
cg19010396,blue,KIAA0892
cg19010846,turquoise,TRA2B
cg19011844,turquoise,GAS7
cg19016273,brown,SDK1
cg19021466,grey,SLC6A15
cg19021960,blue,C1orf35
cg19022697,grey,TTC22
cg19022814,grey,
cg19023046,turquoise,FAM172A
cg19025736,turquoise,PPP1R15B
cg19027126,grey,PRMT8
cg19028357,grey,GOLGB1
cg19028462,grey,MCF2L
cg19029285,grey,
cg19029509,grey,BTBD11
cg19034708,blue,PCM1
cg19035254,grey,
cg19039765,grey,
cg19040032,turquoise,C8orf33
cg19041079,turquoise,INO80C
cg19045002,grey,BAHCC1
cg19045731,grey,ESPNL
cg19045894,turquoise,ATF2
cg19046167,grey,B3GNTL1
cg19048327,grey,ACOXL
cg19049077,grey,C10orf137
cg19049964,turquoise,
cg19050973,turquoise,COQ2
cg19051105,grey,GNMT
cg19051195,turquoise,SUPT6H
cg19053046,grey,HLA-DPB1
cg19060371,turquoise,LCP1
cg19060823,turquoise,NUP107
cg19061957,turquoise,DHODH
cg19062379,turquoise,VPS4B
cg19064402,turquoise,CYB5D1
cg19066060,turquoise,LIN7B
cg19070398,grey,
cg19071452,turquoise,NMI
cg19075208,grey,ARSK
cg19075239,turquoise,TMEM41B
cg19075839,grey,ZFP41
cg19077071,turquoise,LETM2
cg19078576,grey,BASP1
cg19083407,grey,PAX8
cg19084281,grey,PCSK1
cg19085146,grey,KIAA1026
cg19086455,yellow,ARSA
cg19089073,grey,
cg19089201,grey,MYO1G
cg19089337,turquoise,INHBB
cg19089394,grey,RCE1
cg19091068,turquoise,HARS
cg19091366,turquoise,CCDC41
cg19092248,turquoise,KLHL12
cg19092981,grey,TBX1
cg19093205,blue,
cg19093370,grey,PLD6
cg19093397,turquoise,FOXJ3
cg19094126,turquoise,KATNAL1
cg19096424,turquoise,PHGDH
cg19098690,grey,CCT6A
cg19101326,grey,ZFPM2
cg19102293,grey,
cg19103000,turquoise,TTLL3
cg19103175,grey,LOC641746
cg19104422,turquoise,PRTG
cg19106932,grey,
cg19106945,grey,PCDHA2
cg19109130,grey,MTERFD1
cg19109608,grey,LOC387647
cg19111245,turquoise,VPS26A
cg19113530,turquoise,LOC100130691
cg19113641,salmon,GDF7
cg19113686,grey,RPL24
cg19113954,turquoise,SEPSECS
cg19115630,turquoise,RCHY1
cg19115692,grey,
cg19118212,grey,FOXD1
cg19119818,turquoise,AP2M1
cg19121473,turquoise,FGFRL1
cg19121987,grey,EIF1AD
cg19123882,turquoise,ATL3
cg19127360,turquoise,PPP1R7
cg19132726,grey,
cg19135247,grey,SIK1
cg19136183,blue,APAF1
cg19136192,grey,RELL1
cg19136454,grey,
cg19138900,turquoise,KLF6
cg19140085,turquoise,LMO3
cg19142026,grey,HOXA4
cg19142411,turquoise,RAD52
cg19144769,grey,SOS1
cg19145055,grey,
cg19145429,grey,
cg19147015,grey,TRIM39
cg19148440,grey,IL17RE
cg19148731,grey,LOXL3
cg19149410,turquoise,LRRC59
cg19149522,grey,ZDHHC4
cg19149691,grey,KLHL35
cg19150029,grey,
cg19155391,grey,ZNF727
cg19156220,turquoise,B3GALT4
cg19156231,grey,SCN8A
cg19157140,turquoise,HEATR2
cg19157243,turquoise,PRDM6
cg19158176,grey,SSU72
cg19159162,blue,HSPA1B
cg19159222,turquoise,C15orf33
cg19160520,turquoise,ITPKB
cg19168309,grey,EIF4E
cg19168507,yellow,ALKBH8
cg19168961,grey,CHAC1
cg19171375,grey,PLXNC1
cg19172429,grey,
cg19175346,turquoise,RPRD1A
cg19179603,blue,NCRNA00188
cg19182353,turquoise,PHLDB1
cg19183166,grey,LRRC61
cg19183325,turquoise,FBRSL1
cg19183433,grey,CWC22
cg19186614,grey,IQSEC3
cg19187155,grey,NMUR1
cg19187521,turquoise,
cg19188572,grey,GTF2A2
cg19188595,turquoise,C10orf25
cg19189012,grey,
cg19190728,turquoise,ZEB2
cg19191555,grey,CUGBP2
cg19192280,turquoise,PRRT1
cg19196264,turquoise,
cg19196401,grey,DDO
cg19197750,turquoise,URGCP
cg19208700,grey,RNFT2
cg19214707,grey,
cg19216490,turquoise,SELO
cg19219920,turquoise,FAM53B
cg19220754,grey,TNPO1
cg19221841,grey,NUMBL
cg19223190,brown,
cg19226647,turquoise,TCF7L2
cg19226934,turquoise,GFM1
cg19227719,turquoise,
cg19227947,turquoise,
cg19228665,brown,RPA1
cg19231699,turquoise,CCNG2
cg19232382,grey,
cg19233923,blue,OTUB1
cg19234509,turquoise,BCAS2
cg19235955,blue,ZNF561
cg19236745,blue,CSTF3
cg19237421,grey,FAM60A
cg19238422,turquoise,C1orf69
cg19239041,turquoise,RASSF2
cg19241089,brown,RBMS1
cg19243373,turquoise,PMVK
cg19243939,turquoise,ZNF643
cg19244722,grey,
cg19245361,turquoise,MAP3K3
cg19247124,blue,
cg19247551,turquoise,DIP2A
cg19247654,grey,
cg19249678,turquoise,DNAJB6
cg19250101,turquoise,TMC4
cg19252956,turquoise,DOCK8
cg19254479,grey,KCNQ4
cg19254906,turquoise,
cg19256717,turquoise,CEPT1
cg19257356,grey,
cg19260201,turquoise,ALMS1
cg19261559,turquoise,MOCS3
cg19267551,grey,TNXB
cg19268386,turquoise,NIPA1
cg19269426,grey,GGPS1
cg19271133,grey,HIST1H4B
cg19272349,grey,CSNK1A1L
cg19275200,grey,ZNF177
cg19278165,turquoise,RCAN1
cg19279080,brown,TCF7L2
cg19279342,grey,CFD
cg19280133,turquoise,MRPS5
cg19282259,grey,NCRNA00200
cg19282714,turquoise,PADI2
cg19287610,grey,
cg19288752,turquoise,DTYMK
cg19294256,turquoise,ZC3H13
cg19296258,grey,RPTOR
cg19298225,grey,HS3ST3A1
cg19300124,grey,
cg19300475,grey,DHRS13
cg19301206,grey,IFT172
cg19302410,grey,PRR19
cg19305040,turquoise,C4orf41
cg19305111,turquoise,
cg19306421,blue,PYCRL
cg19307003,grey,CD6
cg19312314,grey,CBS
cg19312667,grey,
cg19312935,blue,PPPDE2
cg19313015,turquoise,CHFR
cg19317226,grey,
cg19319069,turquoise,UBE2H
cg19319735,turquoise,TNRC18
cg19320816,turquoise,HFE
cg19322445,grey,EIF3A
cg19324714,turquoise,ASB18
cg19324791,turquoise,CERCAM
cg19325359,turquoise,EED
cg19325435,grey,ZNF280B
cg19328294,grey,PRSS22
cg19333374,turquoise,CCDC90B
cg19335954,turquoise,C7orf13
cg19336497,grey,RRAS2
cg19337852,grey,SPINT2
cg19339811,turquoise,RACGAP1
cg19340941,grey,RBM46
cg19342764,turquoise,ZNF761
cg19344870,turquoise,STK4
cg19345940,grey,SLC45A4
cg19346084,grey,
cg19346507,turquoise,ESYT2
cg19346786,grey,
cg19350682,blue,EPHB4
cg19351954,grey,
cg19353873,turquoise,RPAP3
cg19354091,turquoise,SERPINB8
cg19354851,turquoise,GCLM
cg19355685,turquoise,ZFAND2B
cg19356117,turquoise,
cg19357499,grey,NAPRT1
cg19358348,turquoise,ZNF317
cg19358805,brown,TRIM10
cg19359398,turquoise,WSCD2
cg19359929,turquoise,TPRG1L
cg19360009,turquoise,YPEL5
cg19360316,turquoise,DHRS7B
cg19362328,turquoise,
cg19364137,turquoise,MED18
cg19364351,grey,CCKBR
cg19364902,turquoise,STX2
cg19365742,grey,INSR
cg19365884,pink,GPSM3
cg19366217,grey,ADHFE1
cg19367025,blue,CRTC2
cg19368394,grey,NFIA
cg19369363,brown,
cg19370166,turquoise,CD164L2
cg19372063,grey,
cg19372772,turquoise,ACP1
cg19374305,grey,DNAH7
cg19375418,grey,
cg19376709,turquoise,HIST2H2AC
cg19376844,turquoise,FOXN2
cg19378602,grey,BRI3BP
cg19379303,turquoise,RNASEH2C
cg19381368,turquoise,RIMKLB
cg19383211,grey,HLA-DRB6
cg19383689,turquoise,WSB1
cg19384241,grey,
cg19386714,grey,C18orf55
cg19388373,turquoise,E2F6
cg19389001,grey,SEMA5B
cg19389468,grey,HMG20A
cg19391888,turquoise,OGG1
cg19391924,grey,HRNBP3
cg19394731,turquoise,SLC43A1
cg19397320,grey,BTBD3
cg19398112,grey,DDX39
cg19400000,turquoise,STMN1
cg19400780,black,APITD1
cg19401408,blue,COX15
cg19401472,turquoise,C2orf89
cg19403939,turquoise,KIAA0196
cg19404215,turquoise,CRTAP
cg19405177,grey,PLEC1
cg19407459,turquoise,ITPR2
cg19408149,grey,PRDM15
cg19408572,grey,DGKQ
cg19410967,turquoise,CASP8AP2
cg19411708,turquoise,PDIK1L
cg19412217,turquoise,GPBP1
cg19413350,grey,
cg19414071,turquoise,PNRC2
cg19416088,yellow,UCRC
cg19416604,turquoise,UFD1L
cg19416623,brown,PFKP
cg19418458,grey,
cg19419598,blue,ITGA1
cg19420102,grey,SHC2
cg19420482,grey,PPP2R3A
cg19421526,grey,CRTAC1
cg19428472,turquoise,MARCH7
cg19428682,turquoise,GXYLT1
cg19429281,grey,ZNF702P
cg19429286,turquoise,
cg19430489,turquoise,GLIPR1L1
cg19430975,blue,HSF1
cg19431051,grey,C11orf64
cg19431881,turquoise,TMEM132E
cg19431891,turquoise,KIAA0947
cg19432505,grey,ASB5
cg19433769,turquoise,ZFYVE28
cg19436502,blue,GK5
cg19442480,turquoise,DDX39
cg19442495,turquoise,CHST2
cg19442545,grey,FUT11
cg19443750,grey,
cg19444027,turquoise,PRIM1
cg19445188,grey,
cg19446018,turquoise,
cg19446358,grey,AGAP3
cg19447671,blue,ATF2
cg19452316,turquoise,RASSF5
cg19452873,turquoise,USP19
cg19453488,grey,
cg19453769,turquoise,HIST1H2BN
cg19454405,blue,PTPN23
cg19456164,turquoise,SLC7A1
cg19457237,grey,
cg19459542,turquoise,APOB
cg19459784,turquoise,RANBP3
cg19459834,red,DHX36
cg19461383,grey,MIR548H4
cg19461582,turquoise,AGBL3
cg19462523,blue,SOX2
cg19463349,grey,
cg19464231,yellow,FLNB
cg19464247,grey,ADAM19
cg19464320,turquoise,UNC119B
cg19466590,turquoise,CUL1
cg19468022,turquoise,SUPT5H
cg19469447,grey,CYP2E1
cg19471031,grey,
cg19473656,grey,SLC7A8
cg19473989,grey,AFAP1
cg19474029,turquoise,GRAMD1A
cg19474047,grey,ANGPTL6
cg19474418,blue,ARPC4
cg19477551,turquoise,IRF2BP1
cg19482086,turquoise,TCP1
cg19484420,turquoise,GYPC
cg19484848,grey,MDH1
cg19486070,brown,KIAA1908
cg19486271,grey,DDB2
cg19488431,grey,
cg19488505,turquoise,SCNN1A
cg19493077,turquoise,
cg19493827,grey,H2AFX
cg19495043,turquoise,PIGW
cg19495714,grey,SIVA1
cg19496491,yellow,TEAD1
cg19497709,grey,COPG
cg19498844,turquoise,POFUT2
cg19500098,grey,
cg19504605,grey,ZFP41
cg19504888,grey,MFF
cg19507068,grey,GNAI1
cg19507224,turquoise,OBFC1
cg19508435,turquoise,METT5D1
cg19509514,turquoise,CHD4
cg19510792,blue,MYO10
cg19510970,turquoise,FBRSL1
cg19511229,grey,
cg19512521,grey,SLC22A17
cg19513193,turquoise,DLG4
cg19513321,grey,VAMP5
cg19515518,turquoise,TMEM80
cg19516921,grey,HLA-DRB5
cg19517378,turquoise,LIN54
cg19518093,grey,C8orf84
cg19519509,grey,
cg19520219,turquoise,RPLP2
cg19522836,turquoise,STAMBPL1
cg19524238,grey,GNA12
cg19526130,turquoise,LOC729467
cg19526166,grey,TMEM232
cg19526685,turquoise,
cg19526779,lightcyan,ADIPOR2
cg19529709,grey,TOP1P2
cg19530168,grey,
cg19530217,turquoise,NUDT8
cg19531075,grey,
cg19533957,turquoise,NOL11
cg19533977,turquoise,CLTC
cg19536059,grey,IGFBP3
cg19536810,grey,LRIG3
cg19537932,grey,OR6C68
cg19538502,turquoise,EIF2AK4
cg19539421,midnightblue,ARL4A
cg19540291,grey,
cg19541697,grey,ASXL2
cg19542119,grey,ZNF283
cg19542359,turquoise,SNX26
cg19544767,grey,
cg19554555,turquoise,
cg19554948,grey,
cg19556438,turquoise,CEBPA
cg19556473,grey,
cg19558933,grey,
cg19559774,grey,MRPL43
cg19562499,turquoise,STK4
cg19564098,turquoise,HMX3
cg19566405,grey,SLFN12
cg19568649,turquoise,DAD1
cg19570317,turquoise,MTA2
cg19571540,grey,
cg19572051,grey,DOCK1
cg19573236,grey,
cg19575244,grey,
cg19578388,turquoise,FBXO15
cg19579903,turquoise,PPP1R10
cg19584733,grey,DENND4C
cg19585214,grey,SLC38A1
cg19585676,grey,HLA-A
cg19586159,grey,CAPZA2
cg19586845,grey,
cg19592336,grey,ZNF389
cg19593314,turquoise,C5orf56
cg19593741,grey,C6orf27
cg19597450,blue,GTF2H4
cg19597498,grey,
cg19599862,blue,ZNF226
cg19601991,turquoise,MARCH6
cg19603903,grey,AURKC
cg19605788,grey,CNTD2
cg19609284,grey,TNPO1
cg19610638,grey,HIST1H3E
cg19611193,grey,CMAH
cg19612504,brown,CDH23
cg19612823,turquoise,MAPKBP1
cg19614698,turquoise,KIF26A
cg19614744,turquoise,TRIM39
cg19615174,turquoise,SEMA6B
cg19622078,turquoise,PPP1R8
cg19622488,turquoise,TAF10
cg19622777,grey,PTCD3
cg19623012,grey,
cg19623054,grey,MYCN
cg19623588,grey,REL
cg19623624,grey,LOC619207
cg19624354,grey,NCAM1
cg19624444,grey,MAD1L1
cg19624542,turquoise,PTPLB
cg19628046,turquoise,C18orf21
cg19628686,grey,COL11A2
cg19634332,grey,SEC23A
cg19635571,grey,
cg19636366,turquoise,ZNF627
cg19636627,lightgreen,
cg19637330,grey,
cg19639845,turquoise,TOR1AIP2
cg19640789,brown,ADAMTS10
cg19644445,turquoise,ZC3H12A
cg19646445,purple,KCTD3
cg19648896,turquoise,SSSCA1
cg19651132,turquoise,KCNA1
cg19651757,grey,
cg19653624,turquoise,PRMT3
cg19655070,turquoise,HEXIM2
cg19655195,grey,DNAH7
cg19657380,turquoise,ZFAT
cg19657723,turquoise,ACCN2
cg19657814,turquoise,GNG8
cg19664267,turquoise,B3GALT4
cg19664712,grey,CDKAL1
cg19665696,grey,ADAP1
cg19672271,grey,NHEDC1
cg19673012,turquoise,C9orf103
cg19675664,grey,ESR2
cg19678392,grey,PON1
cg19680485,turquoise,MTMR15
cg19681188,turquoise,LOC148709
cg19683494,grey,
cg19684190,grey,
cg19684207,grey,WRB
cg19685922,turquoise,ZNF529
cg19686301,turquoise,OPA3
cg19688749,turquoise,SAFB2
cg19689029,grey,SETDB1
cg19689828,grey,GLYATL2
cg19692996,turquoise,PSMB1
cg19695335,blue,NANP
cg19695805,grey,
cg19698099,grey,COL5A2
cg19698923,turquoise,OPN3
cg19701378,grey,GOLGA8A
cg19702347,grey,FOXK1
cg19704726,turquoise,HHEX
cg19706390,grey,CASZ1
cg19711258,grey,CHMP4A
cg19711530,grey,WNT3
cg19712189,grey,TDRD12
cg19714762,turquoise,ABHD11
cg19715410,grey,OPRD1
cg19715493,turquoise,SIAE
cg19717235,turquoise,TRIM2
cg19719312,grey,ZNF709
cg19721060,grey,ZHX1
cg19721680,grey,PPPDE1
cg19721867,turquoise,SLC18A2
cg19722689,grey,
cg19728485,turquoise,PQLC3
cg19729672,turquoise,C1orf198
cg19729930,grey,
cg19731340,turquoise,SPRY4
cg19731612,grey,NSD1
cg19731891,grey,NKAIN1
cg19734015,turquoise,SGCE
cg19734811,red,MTX2
cg19735538,grey,C6orf227
cg19736712,blue,ANKRD16
cg19738233,grey,DNAJC24
cg19738386,turquoise,R3HDM1
cg19738812,blue,ZKSCAN5
cg19739264,turquoise,CLPTM1L
cg19741500,turquoise,AHDC1
cg19743168,grey,
cg19743759,blue,VCP
cg19748692,turquoise,NME1
cg19749538,grey,
cg19751179,turquoise,ATP7B
cg19751276,turquoise,ZBTB24
cg19752861,brown,DGUOK
cg19753337,grey,TRAPPC6B
cg19753607,grey,ELL2
cg19753794,turquoise,KCNC3
cg19754622,grey,STK32C
cg19757493,grey,
cg19759481,grey60,HOXA5
cg19760225,grey,ANKRD13B
cg19760250,grey,C17orf98
cg19760323,blue,LOC285830
cg19760464,grey,AJAP1
cg19761115,grey,ZNF354C
cg19761502,grey,WRB
cg19763774,grey,TSPAN2
cg19766460,grey,UMODL1
cg19767548,grey,LDHC
cg19767650,blue,ARPC5
cg19767896,turquoise,DDX39
cg19769844,turquoise,
cg19769967,turquoise,IDH1
cg19770292,grey,
cg19772317,turquoise,FKBP3
cg19773547,grey,FN1
cg19774315,turquoise,H2AFJ
cg19774488,turquoise,C17orf100
cg19774624,grey,HDAC5
cg19774868,grey,LOC100130522
cg19777824,grey,C11orf75
cg19777992,turquoise,NDUFS4
cg19778201,turquoise,ALDH9A1
cg19778375,grey,
cg19778582,grey,MTRR
cg19778737,grey,ST5
cg19782173,grey,LOC728723
cg19784013,grey,SYNJ1
cg19787366,turquoise,MPPE1
cg19788015,turquoise,UBTD2
cg19789557,yellow,TMEM67
cg19789653,turquoise,P2RX6
cg19792908,turquoise,ZNF221
cg19793905,turquoise,RBM43
cg19795502,turquoise,SNRNP27
cg19801141,turquoise,DUSP1
cg19801747,grey,
cg19802165,grey,PITX1
cg19806021,turquoise,GBAP1
cg19808978,grey,RCN3
cg19809575,grey,BANP
cg19809636,turquoise,
cg19811864,turquoise,EFNA4
cg19813030,turquoise,
cg19813362,turquoise,AGRN
cg19813724,grey,
cg19813935,turquoise,RAB13
cg19814210,grey,PION
cg19814400,turquoise,VIPR2
cg19814934,turquoise,
cg19815565,grey,LOC100130522
cg19815989,grey,PDXK
cg19817652,grey,C17orf98
cg19818298,turquoise,CHD8
cg19819049,turquoise,
cg19820601,grey,
cg19825302,grey,SNAR-F
cg19827148,blue,GLTPD1
cg19827599,grey,LRPAP1
cg19827875,grey,NAV1
cg19828022,turquoise,MCOLN1
cg19828789,grey,
cg19829856,grey,LOXHD1
cg19830147,turquoise,MCM3APAS
cg19830245,turquoise,FLCN
cg19831031,turquoise,PRPF31
cg19832312,turquoise,P4HA1
cg19836460,turquoise,SIDT1
cg19837790,grey,CCNJ
cg19839035,turquoise,SDC1
cg19839655,blue,CD40
cg19839825,grey,PNPLA6
cg19843226,grey,ESRRB
cg19843939,turquoise,TNFAIP8
cg19844829,grey,MIR1178
cg19845159,turquoise,ZNF34
cg19846609,grey,
cg19847477,turquoise,ALS2CR8
cg19850024,grey,
cg19851242,turquoise,IGFBP5
cg19851563,grey,GNG7
cg19853413,turquoise,SMAD5
cg19853494,turquoise,SELL
cg19853516,grey,RAB27B
cg19857280,turquoise,UGP2
cg19858576,grey,LRRC14B
cg19859486,blue,SACM1L
cg19859515,turquoise,TRIM68
cg19860663,turquoise,FBXW8
cg19861147,brown,
cg19863210,turquoise,DENND3
cg19863459,turquoise,TNFAIP8L1
cg19865472,grey,HCN2
cg19866445,turquoise,PDCD6
cg19867649,grey,DKK3
cg19869086,grey,TRIM39
cg19870512,grey,KCNA6
cg19872996,grey,TRIM6
cg19875535,grey,IK
cg19876987,grey,
cg19877371,turquoise,CEP192
cg19877419,turquoise,LOC728743
cg19877581,blue,USP15
cg19878627,grey,LOC100302652
cg19879471,grey,FABP4
cg19881999,grey,REV1
cg19884937,grey,
cg19888017,grey,
cg19891452,grey,
cg19892287,grey,HOXC4
cg19895882,turquoise,KIAA0564
cg19896612,turquoise,AMIGO1
cg19896655,turquoise,LEO1
cg19899312,pink,
cg19899694,grey,SPRN
cg19904352,grey,
cg19905861,turquoise,XPR1
cg19907915,grey,IGSF9B
cg19908139,grey,GNL2
cg19910022,grey,
cg19910323,yellow,MCFD2
cg19910922,grey,C7orf55
cg19912436,grey,PALM
cg19913448,turquoise,GSR
cg19915181,grey,
cg19916100,turquoise,
cg19916740,grey,
cg19917744,yellow,PLEKHM3
cg19919828,turquoise,RPS15
cg19924008,grey,
cg19926079,grey,PSPH
cg19927257,blue,RUSC1
cg19928423,turquoise,MLL5
cg19929123,grey,NEU3
cg19930721,turquoise,C3orf75
cg19931644,grey,
cg19935055,grey,KDM2A
cg19935171,turquoise,TMEM178
cg19937378,grey,KIAA1409
cg19937480,turquoise,PRDX1
cg19937513,grey,DUSP26
cg19939555,turquoise,CRTC2
cg19940969,turquoise,BNIP2
cg19945931,grey,
cg19947009,grey,APBA2
cg19948397,turquoise,C11orf61
cg19949948,grey,
cg19950455,grey,CBS
cg19953646,grey,FLRT2
cg19958696,turquoise,ACAT1
cg19961545,grey,GPR75
cg19962075,grey,MAPK4
cg19963544,grey,NCK2
cg19963768,turquoise,
cg19964638,turquoise,FAF2
cg19965221,grey,TJP1
cg19967433,blue,ASGR1
cg19968421,turquoise,SYNGAP1
cg19968692,blue,C13orf37
cg19969778,turquoise,SIAE
cg19970325,grey,KPNA1
cg19972068,grey,COL28A1
cg19972124,salmon,SART1
cg19975931,turquoise,DENR
cg19978674,grey,HOPX
cg19979355,grey,ZNF594
cg19980771,grey,SLC22A16
cg19981263,turquoise,H2AFJ
cg19982658,turquoise,AP1G2
cg19983815,turquoise,ATP6V0C
cg19985056,grey,
cg19986472,turquoise,DHX8
cg19987356,grey,PLEKHH3
cg19988028,grey,OCA2
cg19988204,grey,MAPK15
cg19988316,grey,LDLRAD3
cg19990476,grey,DIP2C
cg19990483,grey,ATL1
cg19990651,grey,HLA-DPB1
cg19998150,grey,FRMD4A
cg20002504,grey,ANKMY1
cg20003050,grey,
cg20003692,turquoise,OPRD1
cg20003805,turquoise,YTHDF2
cg20004424,grey,TBL2
cg20004910,blue,CYP1A1
cg20007021,grey,LTB4R2
cg20007465,turquoise,C7orf50
cg20007643,grey,FLJ43663
cg20011529,grey,ZMYND11
cg20011543,grey,SFRS6
cg20011983,grey,
cg20016673,grey,NTNG1
cg20019410,turquoise,
cg20022454,grey,TMCO3
cg20024953,grey,LRP1
cg20030294,grey,
cg20030852,grey,
cg20032495,turquoise,PDCD4
cg20032693,brown,WIPI2
cg20032934,turquoise,ATR
cg20034091,turquoise,ASXL3
cg20038368,grey,TTC14
cg20038789,turquoise,HLTF
cg20038794,greenyellow,KIAA0528
cg20039944,blue,TRIAP1
cg20040285,grey,MAX
cg20041366,turquoise,FAM19A2
cg20042908,brown,
cg20045888,grey,DCLK2
cg20046119,turquoise,ZNF251
cg20047349,grey,ANKFN1
cg20048870,turquoise,ZBTB39
cg20051444,turquoise,ATPGD1
cg20051795,turquoise,TDP1
cg20053110,grey,MDGA1
cg20054939,grey,ZNF84
cg20055841,yellow,PTGER2
cg20057198,grey,
cg20059012,grey,RARG
cg20059492,grey,
cg20060109,grey,
cg20062978,grey,NUP153
cg20064151,grey,TXNIP
cg20064325,grey,PWRN1
cg20064778,grey,GSTT1
cg20066120,turquoise,RAB35
cg20066226,grey,
cg20066750,turquoise,B3GAT3
cg20067334,grey,
cg20067688,turquoise,DUSP15
cg20070536,turquoise,TMEM41B
cg20070659,grey,
cg20071744,grey,TRAPPC9
cg20073313,grey,PXDNL
cg20075156,grey,HS3ST1
cg20080079,turquoise,TSPAN19
cg20088245,grey,
cg20088477,grey,FOXP1
cg20088535,turquoise,PLK4
cg20089095,turquoise,SENP2
cg20089538,turquoise,HSBP1L1
cg20091107,turquoise,ATL2
cg20093577,grey,SF3B2
cg20095851,grey,SCNN1A
cg20096614,turquoise,NDUFA12
cg20098514,turquoise,EIF1
cg20098848,grey,
cg20099054,grey,LACTB2
cg20099416,turquoise,MAPT
cg20101489,turquoise,SCG2
cg20102397,turquoise,ARHGEF17
cg20102877,grey,KRTCAP3
cg20103843,grey,ZNF560
cg20107996,grey,
cg20111703,turquoise,SMAD9
cg20114781,turquoise,ADAL
cg20115051,grey,
cg20116670,turquoise,CEBPG
cg20119798,grey,PON1
cg20122491,grey,ZKSCAN5
cg20122981,grey,B3GNT2
cg20123915,turquoise,SERF2
cg20126521,turquoise,MRPL3
cg20128672,grey,C11orf45
cg20128772,brown,DNAJC5G
cg20132273,turquoise,FNDC3A
cg20132581,grey,
cg20135607,turquoise,PHF1
cg20136009,grey,PPFIBP1
cg20138055,brown,BIN3
cg20140229,turquoise,VPS52
cg20141549,blue,VPRBP
cg20141578,grey,BCL2L14
cg20141910,turquoise,XPR1
cg20142162,blue,INO80C
cg20142271,turquoise,PRDM8
cg20143895,turquoise,AHCTF1
cg20145760,turquoise,COMMD5
cg20146541,grey,TRIM58
cg20147100,turquoise,C19orf6
cg20152309,grey,
cg20152484,grey,
cg20154865,turquoise,SDHD
cg20157873,grey,
cg20160729,grey,RNF216
cg20162526,turquoise,TMEM209
cg20163429,grey,BLOC1S2
cg20164253,turquoise,GFI1
cg20165381,grey,CD164L2
cg20168104,turquoise,ENTPD4
cg20169823,grey,
cg20174585,grey,CN5H6.4
cg20177310,turquoise,ZEB2
cg20178172,turquoise,IER3
cg20180721,green,SNAP29
cg20183778,turquoise,ALKBH4
cg20185890,blue,RPL22L1
cg20187250,turquoise,BRCA1
cg20188212,grey,SLC6A12
cg20192041,grey,
cg20192481,turquoise,SPPL2A
cg20192814,grey,
cg20193324,grey,SHISA2
cg20195272,grey,MTMR2
cg20197358,turquoise,DCAF5
cg20198108,turquoise,VIM
cg20201270,grey,
cg20202505,grey,MCM3AP
cg20202881,turquoise,TMEM49
cg20203395,turquoise,C5orf35
cg20204401,turquoise,CCDC40
cg20205877,turquoise,FAM117A
cg20206319,grey,WDR52
cg20208633,grey,
cg20208801,grey,MARCKS
cg20210501,turquoise,TRIAP1
cg20212699,turquoise,VWA2
cg20214319,turquoise,TPST1
cg20214692,lightcyan,IDI1
cg20215367,turquoise,C8orf55
cg20215622,turquoise,ERBB4
cg20215695,grey,IFNAR2
cg20217034,turquoise,KDSR
cg20218073,grey,
cg20219074,grey,SPTY2D1
cg20219159,turquoise,FBXO5
cg20219891,grey,
cg20220242,grey,RWDD2B
cg20221991,grey,OR4D1
cg20223162,turquoise,DAXX
cg20224693,turquoise,
cg20225999,grey,
cg20228119,turquoise,ANKS1B
cg20228636,lightgreen,
cg20232748,turquoise,C6orf182
cg20236533,blue,EIF4E
cg20237074,grey,
cg20241567,yellow,LOC730101
cg20241801,turquoise,FAM83D
cg20245116,grey,PCSK9
cg20249469,turquoise,ETV6
cg20251161,grey,
cg20251973,grey,CENPO
cg20253639,blue,PTGES3
cg20255370,grey,EIF2AK4
cg20256216,grey,ARPC1A
cg20257096,blue,SUPT16H
cg20257411,turquoise,CECR5
cg20258090,turquoise,C7orf55
cg20260592,turquoise,ATP5L
cg20263435,turquoise,AGPAT6
cg20264068,grey,CR1L
cg20265528,grey,
cg20269046,turquoise,ZNF467
cg20269997,turquoise,SHC4
cg20270762,blue,PAFAH1B2
cg20271681,grey,WDR4
cg20272280,turquoise,ZNF514
cg20275925,turquoise,ACAP2
cg20275928,grey,C17orf55
cg20275932,turquoise,C1orf213
cg20276377,grey,C3orf26
cg20276503,turquoise,WDR77
cg20278381,grey,HERC4
cg20279673,turquoise,
cg20282550,grey,AKR1E2
cg20285974,brown,
cg20287640,turquoise,IRF1
cg20288331,grey,
cg20289913,grey,NPFFR2
cg20290983,grey,MRPS18A
cg20291222,grey,GLIPR1L2
cg20291846,turquoise,ADAM17
cg20293582,grey,CEP97
cg20293942,grey,
cg20295248,grey,LOC149837
cg20296188,blue,HRNBP3
cg20296298,grey,
cg20296327,grey,
cg20299002,turquoise,STK17B
cg20300514,grey,C1orf86
cg20301993,grey,
cg20302533,grey,POU6F2
cg20305142,yellow,C7orf23
cg20306810,turquoise,SNORD2
cg20308663,grey,CLYBL
cg20308811,turquoise,CHD4
cg20310608,grey,LOC284798
cg20311868,turquoise,WBSCR27
cg20312475,turquoise,GPRC5B
cg20315346,turquoise,CHP
cg20318353,green,ABI1
cg20320494,grey,ZNF718
cg20327444,grey,COL4A1
cg20329084,turquoise,
cg20329210,grey,OBSCN
cg20332930,blue,CCDC90B
cg20335185,turquoise,MSTO2P
cg20336352,grey,
cg20337934,grey,SNRNP27
cg20345589,turquoise,FBXL15
cg20346229,grey,MRPS9
cg20347090,turquoise,PRMT8
cg20353207,turquoise,RORA
cg20353496,turquoise,FAM110A
cg20354552,grey,SLFN12
cg20356637,grey,
cg20356878,grey,ILDR1
cg20358011,grey,KIRREL3
cg20360395,grey,
cg20361475,turquoise,GCG
cg20363309,blue,TRIM37
cg20366601,grey,SCOC
cg20368463,brown,PQLC1
cg20369775,turquoise,TSC22D1
cg20372689,turquoise,RCN2
cg20375608,turquoise,MOCS2
cg20378199,grey,THAP2
cg20381404,grey,AMACR
cg20383558,turquoise,MATR3
cg20383948,turquoise,COL18A1
cg20386875,turquoise,RNF187
cg20387695,brown,
cg20389472,grey,
cg20390606,grey,PDCL
cg20390702,turquoise,RIMKLB
cg20390711,grey,C6orf174
cg20391652,turquoise,CCNA2
cg20392105,yellow,CDK5
cg20392240,grey,CTHRC1
cg20395967,grey,MIR663
cg20397078,grey,
cg20397086,turquoise,SIRT7
cg20399509,grey,C21orf57
cg20401551,turquoise,SCARF2
cg20402074,turquoise,SIAE
cg20402552,turquoise,
cg20402783,grey,HOXC10
cg20409752,grey,CAMTA1
cg20410415,turquoise,ZCCHC17
cg20414753,grey,DDX4
cg20414996,turquoise,ANKRD34B
cg20415053,grey,CATSPER4
cg20415170,turquoise,ELL2
cg20415529,turquoise,POLR2B
cg20417855,grey,APBB2
cg20418281,red,TAOK1
cg20419623,turquoise,SNAI1
cg20421914,turquoise,TM9SF2
cg20424709,grey,
cg20425384,blue,
cg20425447,grey,
cg20428512,turquoise,
cg20430725,grey,MCM6
cg20430773,grey,ARHGEF19
cg20430847,grey,HES5
cg20430861,grey,PAPSS2
cg20433858,grey,OR2L13
cg20434178,turquoise,DLX2
cg20435150,grey,CHST12
cg20435485,grey,FAM116B
cg20435535,grey,
cg20438344,grey,
cg20441502,turquoise,FXYD7
cg20442619,turquoise,C20orf30
cg20443314,turquoise,VPS25
cg20446334,grey,BAIAP2
cg20447301,brown,RBM33
cg20448966,blue,ARL16
cg20454517,grey,GPR113
cg20454620,turquoise,CDKN3
cg20456258,grey,DGKQ
cg20457193,grey,TXLNA
cg20457732,grey,
cg20458812,turquoise,NFYC
cg20460761,blue,PUS7L
cg20462845,turquoise,HMG20B
cg20462855,blue,HEY2
cg20463033,turquoise,SLC38A1
cg20466748,turquoise,C18orf25
cg20468365,turquoise,
cg20469507,grey,POLD3
cg20472500,turquoise,SFRS12IP1
cg20474699,turquoise,ANKRD9
cg20475000,magenta,USMG5
cg20475486,grey,
cg20478239,grey,
cg20478390,turquoise,BCL11B
cg20481416,grey,
cg20481816,turquoise,PSMC3
cg20483324,grey,FAM194B
cg20483690,turquoise,LBR
cg20483857,grey,ST6GAL2
cg20485607,grey,
cg20486294,grey,HIVEP2
cg20486407,grey,RSAD2
cg20489026,grey,KCNJ9
cg20489345,turquoise,CASP7
cg20489582,grey,MUDENG
cg20491223,grey,TOP3B
cg20491397,grey,EFHA1
cg20493885,grey,PELP1
cg20495404,turquoise,ID2
cg20496693,grey,C7orf50
cg20500248,grey,ETV1
cg20501355,turquoise,ANKRD40
cg20503657,grey,
cg20504025,turquoise,XRRA1
cg20504077,yellow,CLU
cg20507276,grey,OR2L13
cg20509869,grey,
cg20511807,grey,
cg20512947,grey,
cg20515787,blue,SART1
cg20516074,turquoise,RASSF6
cg20516472,turquoise,
cg20517050,grey60,HOXA5
cg20517154,grey,MTUS1
cg20517616,turquoise,HADHA
cg20521702,turquoise,ST3GAL6
cg20523092,turquoise,NFATC1
cg20525461,turquoise,
cg20525712,turquoise,
cg20526303,turquoise,RPL35A
cg20527070,turquoise,CCNE2
cg20528787,grey,PTPRN2
cg20531392,grey,DUSP5
cg20532558,brown,
cg20532937,grey,FRMD4A
cg20534525,turquoise,DUSP1
cg20536716,turquoise,KCND2
cg20539637,turquoise,
cg20540428,grey,PPP4R2
cg20540806,turquoise,TMCO6
cg20540942,turquoise,IRF5
cg20541753,turquoise,PDHX
cg20544552,grey,
cg20544675,turquoise,LETM2
cg20546098,grey,PMS1
cg20546810,blue,ZNF343
cg20547575,turquoise,AUTS2
cg20549080,blue,PPRC1
cg20549346,grey,C6orf10
cg20550154,grey,NID2
cg20552696,grey,MED7
cg20553577,grey,COL4A2
cg20554488,turquoise,VWA5A
cg20554926,turquoise,HMMR
cg20555564,turquoise,C14orf133
cg20556702,grey,C21orf91
cg20557710,brown,CACNA1C
cg20560182,blue,TAF7
cg20560283,grey,
cg20564458,turquoise,UQCC
cg20568147,grey,DIP2A
cg20569141,turquoise,ATPIF1
cg20581322,turquoise,CCNDBP1
cg20583684,turquoise,C11orf91
cg20584918,turquoise,WDR53
cg20586750,grey,
cg20587188,grey,NIPA1
cg20591405,turquoise,RAB6B
cg20592017,grey,
cg20592186,grey,SMUG1
cg20592691,grey,DIAPH3
cg20593831,turquoise,
cg20594982,grey,AGRN
cg20595745,turquoise,ATG4C
cg20596273,turquoise,PRKCH
cg20597486,grey,IFI16
cg20600704,turquoise,GHITM
cg20600756,turquoise,LARP4
cg20601620,yellow,TMEM209
cg20602417,grey,
cg20602954,grey,NKAIN3
cg20603181,turquoise,SSSCA1
cg20603222,grey,C7orf50
cg20603637,turquoise,AP3M2
cg20605045,red,SFXN4
cg20606062,grey,TRIM4
cg20607287,grey,VWDE
cg20607798,grey,
cg20608709,grey,ADAM10
cg20609092,turquoise,SPC25
cg20610511,turquoise,SLC14A1
cg20611680,grey,
cg20613337,turquoise,HP1BP3
cg20615379,turquoise,LOC100133612
cg20616919,turquoise,POMGNT1
cg20618989,turquoise,
cg20619067,turquoise,
cg20623036,turquoise,DACT3
cg20624451,blue,
cg20625393,turquoise,SMARCAD1
cg20625967,grey,
cg20631335,grey,UBE2M
cg20631820,grey,
cg20632863,blue,APAF1
cg20632873,blue,ARHGEF2
cg20634382,grey,
cg20634726,grey,
cg20634733,blue,TRAPPC1
cg20635595,yellow,SEPW1
cg20636351,grey,
cg20636526,grey,C6orf10
cg20638675,grey,
cg20639618,grey,
cg20639658,turquoise,C2CD4A
cg20640305,turquoise,ESCO1
cg20643274,grey,GRIN2B
cg20644253,blue,KIAA0892
cg20645941,turquoise,FBXO15
cg20646317,grey,LARP4
cg20648229,grey,GRHL1
cg20648847,grey,ACTN3
cg20649047,turquoise,NUMB
cg20651916,turquoise,ZBTB12
cg20652607,blue,NR2E1
cg20653654,grey,STIM2
cg20655434,turquoise,LOC100130987
cg20656261,turquoise,RASSF2
cg20660197,turquoise,
cg20662016,grey,DTWD2
cg20663376,grey,TRPM1
cg20663403,turquoise,ZNF284
cg20663852,turquoise,ATP9A
cg20664996,grey,
cg20666019,grey,
cg20666069,turquoise,NXPH3
cg20666379,grey,PTS
cg20667143,grey,FLJ22536
cg20667480,grey,TBC1D16
cg20667822,grey,PTPRJ
cg20668662,turquoise,SH3PXD2A
cg20668838,grey,PCCB
cg20679157,grey,KRT82
cg20679309,grey,SCLY
cg20680664,grey,
cg20680872,grey,SMCHD1
cg20681578,turquoise,
cg20683754,turquoise,TMEM149
cg20686432,turquoise,CDKN2AIP
cg20688987,blue,BLOC1S1
cg20690488,grey,CYP2J2
cg20690919,turquoise,USP1
cg20691120,turquoise,EFCAB5
cg20691612,grey,MAST4
cg20695057,turquoise,TP53BP2
cg20695805,turquoise,PRKCI
cg20696139,turquoise,PSIP1
cg20698501,grey,C17orf97
cg20699200,turquoise,LOC93622
cg20702390,grey,NT5C1B
cg20703240,grey,AGXT2L2
cg20703997,grey,
cg20704819,grey,GABBR1
cg20706638,turquoise,C1orf69
cg20707679,turquoise,NFIC
cg20707764,turquoise,MTA3
cg20712912,grey,
cg20713852,blue,HSPB6
cg20714462,turquoise,STAMBPL1
cg20714708,brown,LRRK1
cg20715218,turquoise,C10orf4
cg20718083,blue,OVOL1
cg20718679,blue,ATG12
cg20719524,midnightblue,RPP25
cg20720597,grey,
cg20722436,turquoise,GNAL
cg20722891,grey,AEBP2
cg20724680,grey,LMTK3
cg20724681,turquoise,RAP1GDS1
cg20725261,grey,STAU1
cg20725662,grey,HSN2
cg20725670,turquoise,CDC6
cg20725941,turquoise,ZNF528
cg20727362,grey,CYB5R3
cg20728685,turquoise,GPBP1
cg20728704,grey,SLC16A14
cg20732881,grey,
cg20733500,turquoise,DUSP6
cg20737382,grey,
cg20738202,green,C11orf58
cg20738735,grey,DNAH5
cg20739156,grey,
cg20739526,grey,DPP6
cg20739864,grey,PSMA4
cg20744163,grey,ZMIZ1
cg20744362,grey,C22orf34
cg20744788,grey,GTPBP4
cg20747455,grey,MATN4
cg20749955,grey,PPP1R3B
cg20750843,blue,CRKL
cg20752420,turquoise,LOC100128542
cg20761860,turquoise,
cg20763254,red,SLC25A37
cg20765267,turquoise,DCAF13
cg20771287,turquoise,DEM1
cg20775307,turquoise,ALG8
cg20776829,turquoise,SNCA
cg20777266,turquoise,
cg20778097,turquoise,LRRC59
cg20780708,turquoise,CPT2
cg20783424,turquoise,MYEOV2
cg20784314,turquoise,YWHAB
cg20784525,turquoise,ZBTB20
cg20785674,turquoise,PLEKHO1
cg20785715,turquoise,ZNF623
cg20786683,grey,SMTN
cg20786706,grey,
cg20788387,turquoise,RAD1
cg20789464,blue,CCDC83
cg20789993,turquoise,TMPPE
cg20790798,grey,
cg20792284,turquoise,TMEM79
cg20792436,grey,ASPSCR1
cg20792512,turquoise,WNT4
cg20793089,grey,MYO5C
cg20795117,blue,SCAMP3
cg20795500,grey,OLA1
cg20795550,turquoise,PSMG2
cg20797740,grey,KPNB1
cg20799095,grey,
cg20799268,turquoise,
cg20799816,turquoise,TTC39C
cg20800296,turquoise,SFPQ
cg20800956,turquoise,DNM3
cg20801464,turquoise,TGIF1
cg20802214,grey,FBXL13
cg20802515,grey,SPO11
cg20803783,turquoise,PHF13
cg20806676,grey,GABBR1
cg20811317,grey,NRCAM
cg20811857,brown,GAA
cg20813491,cyan,PSMB9
cg20813493,turquoise,C11orf60
cg20814026,turquoise,ANKRD53
cg20814095,green,CHRNE
cg20815026,blue,NF1
cg20820997,turquoise,IKZF2
cg20821042,grey,HLA-DQA2
cg20821980,grey,ProSAPiP1
cg20824294,grey,PLS1
cg20824576,turquoise,CD47
cg20825892,grey,MFSD8
cg20826740,grey,
cg20829193,turquoise,BAZ2A
cg20831492,turquoise,BET1
cg20831741,turquoise,CCDC39
cg20835659,grey,MDC1
cg20843277,grey,SHANK2
cg20846042,grey,OXNAD1
cg20846728,grey,MYT1L
cg20847580,midnightblue,FOXP4
cg20847668,grey,NOP10
cg20848291,grey,ZAN
cg20850195,blue,SNORA76
cg20851828,grey,
cg20852226,grey,MYO7A
cg20852890,turquoise,C2orf55
cg20853880,grey,KLF11
cg20854025,turquoise,MTMR14
cg20864214,grey,ARHGEF17
cg20865239,grey,NBR1
cg20867963,grey,C6orf145
cg20872579,blue,MRFAP1
cg20874210,grey,
cg20875182,grey,TCEB3B
cg20876096,grey,
cg20876723,turquoise,WDR81
cg20879576,blue,PKNOX2
cg20885179,purple,VILL
cg20888907,turquoise,LETM2
cg20890313,turquoise,SKAP2
cg20891283,turquoise,YEATS4
cg20891481,turquoise,FOXP1
cg20891558,grey,
cg20891813,turquoise,HLA-F
cg20891862,turquoise,RNASEK
cg20893464,turquoise,PLRG1
cg20894569,grey,NBN
cg20896113,turquoise,RFX4
cg20896738,turquoise,POFUT2
cg20901426,grey,OGFR
cg20903764,grey,WEE1
cg20908224,turquoise,MAML3
cg20909159,turquoise,CFL1
cg20909380,grey,
cg20909645,grey,
cg20911986,grey,ETV6
cg20913137,grey,CYHR1
cg20913732,black,PGAP1
cg20914370,turquoise,TAX1BP1
cg20915333,grey,AHCYL2
cg20916362,grey,
cg20917491,grey,
cg20918484,turquoise,CDC42EP4
cg20918730,turquoise,SLC12A6
cg20922324,blue,HDAC11
cg20923605,grey,
cg20923716,blue,MAPRE2
cg20925726,grey,CTNNB1
cg20927242,grey,HLA-F
cg20927547,brown,
cg20927656,grey,DPPA3
cg20929551,grey,C15orf33
cg20931867,grey,
cg20932348,turquoise,STIM2
cg20935363,grey,PDE2A
cg20940459,blue,CENPL
cg20942286,grey,THBS4
cg20943039,turquoise,
cg20943999,grey,SYTL2
cg20945472,grey,
cg20946056,turquoise,NT5C3
cg20946504,turquoise,YTHDC1
cg20953075,blue,CEBPZ
cg20954975,blue,
cg20955328,grey,KLF15
cg20956634,turquoise,TWF1
cg20957095,turquoise,ZFP91
cg20957739,turquoise,HDHD2
cg20959907,grey,DOCK4
cg20960422,turquoise,SLC39A10
cg20961245,lightgreen,
cg20962901,turquoise,
cg20963592,turquoise,LAP3
cg20964594,grey,CPZ
cg20965255,turquoise,MED1
cg20969151,grey,BMP6
cg20970697,turquoise,PIK3R4
cg20972416,turquoise,NHEJ1
cg20973347,turquoise,DKK3
cg20973561,grey,EXOC4
cg20973720,grey,RASGRF1
cg20979233,turquoise,RGS20
cg20979921,grey,C1QTNF6
cg20982046,grey,
cg20985758,grey,PDXP
cg20988549,turquoise,PPIH
cg20994084,blue,SLC38A10
cg20996351,grey,MAP3K6
cg20996887,grey,SMYD3
cg20999912,grey,PPP2R5A
cg21001184,turquoise,HOXA9
cg21003981,turquoise,TMEM201
cg21004358,grey,
cg21004366,turquoise,ZMYM2
cg21005510,grey,
cg21005756,turquoise,JMJD7
cg21023052,turquoise,CENPA
cg21023520,grey,MPPED1
cg21024122,turquoise,BAT1
cg21026663,turquoise,HIST1H4D
cg21029932,turquoise,ESR2
cg21030419,turquoise,SNX8
cg21032728,turquoise,HSPA2
cg21033440,grey,SIPA1
cg21033514,blue,AGBL3
cg21035222,turquoise,HSPA2
cg21035422,turquoise,BCL2L11
cg21037057,grey,
cg21038156,turquoise,VIPR2
cg21039778,turquoise,GDF7
cg21041100,grey,RAB5B
cg21043815,turquoise,PCBD2
cg21044426,grey,DOT1L
cg21045802,turquoise,TTC35
cg21045841,turquoise,
cg21047695,grey,NKAIN3
cg21049501,grey,SOX9
cg21050234,grey,FAM38B
cg21051519,grey,PKD2L2
cg21052814,grey,RASGRF1
cg21052958,grey,ZNF572
cg21053224,grey,SNORD113-9
cg21053323,grey,SUMO3
cg21053831,grey,
cg21057613,turquoise,CGNL1
cg21058927,grey,CISD2
cg21059366,turquoise,C14orf138
cg21059382,turquoise,ILVBL
cg21059665,brown,ING5
cg21062780,grey,
cg21067540,turquoise,ZNF114
cg21073930,grey,MAST1
cg21074433,grey,B4GALNT1
cg21074594,turquoise,
cg21076702,grey,ZNF566
cg21077049,grey,
cg21077559,turquoise,TMEM155
cg21078994,grey,MBOAT2
cg21080034,turquoise,HSPA1B
cg21080140,turquoise,COL19A1
cg21080246,turquoise,ZDHHC20
cg21080253,grey,C5orf36
cg21080506,turquoise,ZNF721
cg21081097,magenta,CLPTM1
cg21082879,turquoise,MARK2
cg21083314,grey,MRPL33
cg21085022,grey,C6orf106
cg21086066,turquoise,ANKRD13B
cg21089065,grey,NFATC1
cg21092413,turquoise,RNF44
cg21102739,black,CWC22
cg21104276,grey,FZD1
cg21105875,grey,KDM5B
cg21106486,grey,CR1L
cg21107197,turquoise,ATL1
cg21107549,grey,
cg21107924,grey,AKIRIN1
cg21108691,grey,MIR761
cg21109038,grey,ZNF710
cg21109666,grey,DISC1
cg21111256,grey,CYP2A7
cg21114407,grey,
cg21121136,grey,
cg21122375,turquoise,SFRP4
cg21123519,grey,
cg21124552,turquoise,AP4E1
cg21126344,turquoise,SOX9
cg21126969,grey,SFMBT1
cg21127189,grey,RFC1
cg21127268,turquoise,FEZ1
cg21127318,turquoise,RAPGEF6
cg21127601,grey,DLGAP2
cg21130463,grey,HRNBP3
cg21130861,grey,TNFAIP8
cg21131031,turquoise,C4orf19
cg21131796,grey,NCOR2
cg21136399,grey,
cg21138405,grey,IRF1
cg21139150,grey,
cg21141318,turquoise,
cg21142257,turquoise,ATP6V1B2
cg21144063,grey,
cg21144714,turquoise,RPS14
cg21145136,grey,SH3GL3
cg21146833,grey,
cg21148362,grey,
cg21149582,turquoise,DFFA
cg21151335,turquoise,GPR63
cg21154964,grey,HECW1
cg21155461,grey,ZNF544
cg21157115,blue,APTX
cg21158896,blue,RPS13
cg21159778,grey,DFNB31
cg21160290,grey,ABO
cg21162694,turquoise,ZNF643
cg21163347,grey,SLC6A3
cg21164095,pink,BAI2
cg21164509,blue,
cg21166785,turquoise,EEF1B2
cg21167269,grey,
cg21167402,grey,SDHAP3
cg21167587,grey,RNF38
cg21170041,grey,GDA
cg21171335,grey,WDR66
cg21173623,turquoise,TMEM141
cg21176755,grey,C9orf21
cg21177396,grey,
cg21180286,grey,
cg21183846,turquoise,FMO4
cg21185289,grey,TLX2
cg21186299,grey,VGF
cg21186576,grey,
cg21186663,turquoise,CITED2
cg21187462,blue,BNC2
cg21191710,turquoise,C11orf80
cg21192065,turquoise,UBR3
cg21193440,turquoise,PTBP1
cg21194015,blue,PHF15
cg21197425,grey,NHEDC1
cg21199988,turquoise,TMX2
cg21205663,turquoise,
cg21206147,grey,KLHL29
cg21206266,turquoise,MTDH
cg21206277,grey,ZBTB7A
cg21211367,grey,
cg21211480,turquoise,TMEM106A
cg21212494,turquoise,KLHL12
cg21213617,grey,LHX6
cg21216204,blue,FOXO1
cg21216600,turquoise,DGKI
cg21216618,grey,ZDHHC21
cg21218899,blue,VASP
cg21219373,grey,PPP1R13L
cg21220551,turquoise,SCAI
cg21220708,turquoise,
cg21220721,grey,ACOT7
cg21221545,grey,
cg21222634,blue,GNAS
cg21226059,grey,RUFY1
cg21228957,grey,PDK2
cg21230774,brown,HEXB
cg21232129,pink,MTP18
cg21233275,turquoise,MCM6
cg21234162,grey,PTPDC1
cg21234561,grey,TXNRD1
cg21235746,grey,LOC149837
cg21237687,grey,ALOX12
cg21237861,grey,PARD6G
cg21238284,grey,
cg21239184,turquoise,RNF20
cg21239265,turquoise,WBSCR16
cg21240492,blue,EIF4A1
cg21240861,turquoise,DNAJB6
cg21242009,grey,
cg21245492,grey,IGF1R
cg21247472,turquoise,RQCD1
cg21247757,grey,TXNDC15
cg21248590,turquoise,CNP
cg21248987,grey,SDK1
cg21249376,grey,MOBKL2B
cg21252282,grey,
cg21252812,turquoise,ELK3
cg21254083,turquoise,PVRL1
cg21254171,turquoise,MRPL1
cg21258057,grey,FLJ16779
cg21268422,grey,BACE2
cg21269400,turquoise,TUBB
cg21270243,grey,ATIC
cg21272279,grey,GLIPR1L2
cg21273027,turquoise,TRIM26
cg21273098,blue,SMPD2
cg21273366,grey,DLEU1
cg21273746,grey,TSSC1
cg21280014,grey,PTPRN2
cg21280320,grey,
cg21281001,turquoise,CTSB
cg21281009,grey,ANKRD30B
cg21284119,turquoise,WRNIP1
cg21287936,turquoise,ZNF667
cg21288778,grey,THOC1
cg21292152,blue,ZNF829
cg21292909,grey,NOSIP
cg21293562,magenta,
cg21294935,turquoise,VAX2
cg21297282,grey,ST6GALNAC5
cg21297314,grey,HLA-E
cg21298523,blue,NUDT9
cg21299458,grey,SCARF2
cg21302724,blue,NR2F6
cg21303655,grey,KCND3
cg21305471,turquoise,ZNF671
cg21321885,turquoise,NDE1
cg21327887,turquoise,MAPT
cg21331362,grey,
cg21334191,grey,HPS3
cg21336547,grey,AKAP8
cg21338523,grey,ARHGAP15
cg21341586,turquoise,EIF4E
cg21341821,grey,DIP2C
cg21346818,turquoise,ATP5G1
cg21349645,turquoise,LOC642846
cg21351392,grey,AGPAT4
cg21352158,grey,
cg21352943,pink,C12orf41
cg21352959,blue,TEX2
cg21353292,turquoise,MYCN
cg21356179,yellow,C17orf106
cg21357361,grey,AGAP1
cg21358336,grey,
cg21359254,blue,
cg21359468,turquoise,
cg21364560,grey,MYOF
cg21365564,turquoise,BLOC1S2
cg21372595,grey,
cg21374208,purple,DNAJC1
cg21380183,turquoise,ATP9A
cg21381525,grey,NSUN6
cg21382890,turquoise,NFE2L2
cg21383151,grey,TBC1D12
cg21384492,grey,SNED1
cg21389753,turquoise,TBX2
cg21395152,turquoise,ATF3
cg21395723,grey,GTPBP1
cg21396998,blue,TAP2
cg21397540,grey,
cg21401457,grey,
cg21402921,grey,GABRA5
cg21407839,turquoise,DYRK1A
cg21415068,grey,TROAP
cg21418104,grey,
cg21422164,grey,RASA3
cg21424120,turquoise,NMUR1
cg21424801,turquoise,MRPS18B
cg21427119,grey,HM13
cg21428081,turquoise,
cg21428647,turquoise,HES1
cg21428710,grey,SLC38A4
cg21428833,turquoise,LMBRD1
cg21428990,turquoise,
cg21431338,grey,C20orf20
cg21432322,grey,TMEM19
cg21433313,grey,NAT15
cg21433558,grey,CNTNAP1
cg21434132,grey,
cg21434563,turquoise,MAP3K4
cg21435684,turquoise,
cg21436120,grey,PBX1
cg21438664,grey,HNRNPC
cg21446692,turquoise,MTRF1
cg21447117,turquoise,HOXA11
cg21447227,grey,WDR60
cg21448554,turquoise,SFRS3
cg21449450,turquoise,
cg21450784,grey,C19orf20
cg21451504,grey,KDM4A
cg21453443,blue,HIST3H2A
cg21454030,blue,NCAPG
cg21457031,turquoise,SLC25A23
cg21461805,grey,UBAC2
cg21463349,turquoise,EN1
cg21465061,grey,TUBGCP3
cg21465176,grey,C17orf101
cg21465517,turquoise,RPS21
cg21466874,turquoise,METTL5
cg21468511,turquoise,ZSCAN22
cg21468825,turquoise,PAIP2B
cg21469772,grey,LHX6
cg21471580,grey,PIWIL2
cg21472506,turquoise,OTX1
cg21474955,grey,GCHFR
cg21474964,turquoise,ZBTB11
cg21475076,grey,
cg21477907,turquoise,NCALD
cg21480646,turquoise,ZFAND6
cg21482265,grey,PAX8
cg21482837,blue,ELMOD3
cg21483125,grey,TIPARP
cg21483475,blue,DHX36
cg21484985,grey,
cg21486411,turquoise,CLNS1A
cg21486944,turquoise,ZSCAN23
cg21489863,grey,FLOT2
cg21492832,turquoise,TMEM121
cg21494337,turquoise,CENPO
cg21495139,grey,TMEM179
cg21497057,turquoise,RQCD1
cg21497417,blue,TRA2B
cg21497602,yellow,DUSP16
cg21499430,turquoise,WIBG
cg21501616,turquoise,DCUN1D4
cg21502888,grey,
cg21503345,grey,
cg21507807,grey,RASA3
cg21507882,turquoise,IPO11
cg21508023,blue,STK10
cg21512185,turquoise,GEMIN6
cg21513088,grey,
cg21515243,yellow,RIOK3
cg21515788,turquoise,KPNB1
cg21515898,turquoise,LEF1
cg21516302,grey,
cg21516384,grey,RNF213
cg21520933,grey,KLF14
cg21526654,turquoise,TUBB2A
cg21526750,grey,
cg21532953,black,CENPJ
cg21535980,grey,ABR
cg21538020,turquoise,SLC33A1
cg21538208,grey,MSX1
cg21539223,turquoise,DCP2
cg21539371,turquoise,ARF1
cg21540775,turquoise,APAF1
cg21542078,grey,TRPM4
cg21545977,blue,MAD2L2
cg21546874,grey,H6PD
cg21547824,grey,ANKLE2
cg21550016,grey,PAX8
cg21550804,grey,
cg21553524,turquoise,TMEM178
cg21554501,blue,RARA
cg21557108,grey,ATP8B4
cg21563597,grey,SEPT10
cg21568731,turquoise,TTK
cg21569090,blue,ZNF426
cg21570528,black,AK3L1
cg21572003,grey,PCMTD2
cg21573582,grey,AQP11
cg21573611,turquoise,GTPBP10
cg21574404,turquoise,CEBPA
cg21574531,turquoise,BICD1
cg21575283,turquoise,NRAS
cg21575861,turquoise,TMEM184C
cg21577705,turquoise,MBOAT7
cg21578219,grey,IGSF21
cg21580058,grey,VRK3
cg21581287,turquoise,CELSR2
cg21584184,grey,KLRK1
cg21584422,grey,RASAL1
cg21585438,turquoise,
cg21585512,grey,LOC399959
cg21585936,grey,PPP2R2B
cg21586955,turquoise,FAM134A
cg21587238,grey,
cg21588215,grey,HLA-DQB1
cg21589191,magenta,
cg21594961,grey,IL5RA
cg21595526,turquoise,GABPB1
cg21597209,turquoise,CCDC104
cg21597595,turquoise,
cg21599089,grey,C5orf35
cg21599230,grey,TRAM1L1
cg21605021,turquoise,VPS29
cg21605986,blue,KIAA1191
cg21606490,grey,NTNG1
cg21609526,grey,PRDM16
cg21610815,grey,PAX8
cg21610904,blue,ZNF562
cg21615583,turquoise,MIR375
cg21619228,blue,ZNF540
cg21619340,grey,SHROOM3
cg21620139,grey,C6orf25
cg21620608,grey,SPOPL
cg21621906,turquoise,
cg21622536,grey,
cg21623748,turquoise,HOXC10
cg21627409,grey,PCDHGA4
cg21630368,turquoise,CREBZF
cg21632158,grey,
cg21634137,turquoise,SDCCAG1
cg21635584,turquoise,UBA3
cg21638219,turquoise,HACL1
cg21639922,grey,PDE9A
cg21639968,turquoise,UBE2M
cg21644426,turquoise,MFSD6
cg21644669,turquoise,CCDC42
cg21644713,turquoise,DPAGT1
cg21648376,grey,CASQ2
cg21649089,grey,
cg21650694,turquoise,MORC3
cg21650737,grey,ERICH1
cg21652323,grey,
cg21654974,turquoise,DERL2
cg21657334,grey,
cg21657824,grey,
cg21659774,turquoise,C18orf8
cg21660531,turquoise,EEF1B2
cg21661138,grey,SEPW1
cg21663431,grey,SLC44A2
cg21664909,grey,PXDN
cg21665078,grey,EIF2B5
cg21665744,grey,POU6F2
cg21665850,grey,
cg21667817,turquoise,CAMTA2
cg21667943,turquoise,ORMDL2
cg21668166,grey,PLEKHG1
cg21671020,turquoise,
cg21672889,grey,SSH1
cg21673338,grey,SCAPER
cg21674495,grey,
cg21681396,turquoise,CSMD2
cg21682210,grey,
cg21682474,turquoise,N4BP2L2
cg21685655,grey,PON2
cg21687365,turquoise,SF3B4
cg21693883,grey,COL6A1
cg21696677,grey,HOOK3
cg21697007,turquoise,SHMT2
cg21697381,grey,SLFN12
cg21698185,grey,KBTBD11
cg21700663,grey,
cg21701395,turquoise,TP53INP1
cg21703068,turquoise,ITSN1
cg21703138,turquoise,PPP2CA
cg21704267,grey,STARD9
cg21705063,turquoise,SEC63
cg21706343,turquoise,ZBTB3
cg21709257,grey,C2orf63
cg21711672,turquoise,SEH1L
cg21711868,turquoise,KDM2A
cg21712805,grey,TDRKH
cg21712831,turquoise,
cg21715903,grey,
cg21717724,grey,PSMD5
cg21721093,turquoise,
cg21722655,grey,YBX2
cg21724239,grey,
cg21724796,turquoise,AURKB
cg21728101,grey,MAD1L1
cg21729159,turquoise,C15orf27
cg21731345,turquoise,PEX11G
cg21733973,grey,
cg21735491,turquoise,
cg21736038,turquoise,MIR1539
cg21736309,turquoise,ATP13A1
cg21736411,grey,WRB
cg21736854,turquoise,MRC2
cg21739208,turquoise,
cg21740204,turquoise,SMC5
cg21744203,turquoise,DSCC1
cg21744417,grey,
cg21745256,turquoise,CHRAC1
cg21746997,grey,BMPR1B
cg21755257,turquoise,TAF4B
cg21755440,grey,SGOL1
cg21755806,grey,DLGAP2
cg21756027,turquoise,SLC27A1
cg21756465,turquoise,DYNC1I2
cg21761776,blue,DTX4
cg21761988,turquoise,MRPS12
cg21763021,turquoise,AURKA
cg21773297,turquoise,MYOM2
cg21774281,turquoise,
cg21777986,turquoise,BCL2
cg21781828,blue,MTX3
cg21784498,turquoise,TMEM97
cg21784894,grey,PDE6B
cg21785034,grey,
cg21787386,turquoise,MLL2
cg21788624,turquoise,LAPTM4A
cg21790861,purple,
cg21794428,grey,LATS2
cg21794665,grey,MIR320D1
cg21795544,blue,
cg21795699,blue,ZSWIM7
cg21798802,grey,PDXP
cg21800989,grey,TSGA10IP
cg21805221,grey,PYGL
cg21808881,turquoise,RASSF7
cg21809007,grey,TRIP10
cg21809927,grey,TRIM31
cg21811021,grey,
cg21812277,turquoise,PARP4
cg21813470,turquoise,
cg21813473,turquoise,CHD6
cg21815047,turquoise,PMF1
cg21816308,blue,
cg21816336,grey,RNF149
cg21817833,turquoise,FRMD6
cg21819722,grey,ATP8A1
cg21819782,grey,
cg21819984,grey,LASS3
cg21820436,cyan,ATP2C1
cg21820610,grey,
cg21821308,grey,ASAP2
cg21821990,turquoise,SNX15
cg21822573,turquoise,C12orf72
cg21823101,turquoise,SMG6
cg21823999,blue,GPM6A
cg21824413,turquoise,NR1D2
cg21825840,blue,KLC2
cg21826606,grey,
cg21826815,turquoise,HRK
cg21827317,grey,
cg21829783,turquoise,SLAMF6
cg21831451,turquoise,SNRPE
cg21831898,turquoise,C1orf51
cg21834512,turquoise,
cg21836903,turquoise,FOXP1
cg21838488,grey,RNF219
cg21839504,grey,
cg21840256,turquoise,C12orf41
cg21842222,blue,SF1
cg21842301,grey,CDK5RAP1
cg21845869,grey,ARHGEF10
cg21846177,grey,NCRNA00028
cg21846876,turquoise,LANCL1
cg21847720,grey,MYOM2
cg21847751,turquoise,C2orf52
cg21848700,turquoise,CBX2
cg21849932,blue,LIME1
cg21852429,grey,C17orf98
cg21854408,grey,
cg21854759,grey,
cg21856005,turquoise,DPYD
cg21856234,grey,
cg21856881,turquoise,
cg21859337,green,IGSF3
cg21860629,grey,LOR
cg21862353,grey,MYT1L
cg21862992,grey,
cg21864304,grey,VGLL4
cg21871091,grey,HLCS
cg21871407,turquoise,KLHDC1
cg21871465,turquoise,NAP1L4
cg21873275,grey,
cg21873524,grey,
cg21875336,turquoise,PHIP
cg21875845,yellow,CARS
cg21877580,turquoise,MIR548H3
cg21877656,turquoise,ZNF329
cg21877974,turquoise,SLC2A1
cg21879272,grey,SAV1
cg21885046,grey,FZD10
cg21887309,grey,PCDHA6
cg21890002,turquoise,NAA16
cg21891490,grey,KCNIP4
cg21893185,grey,GPR135
cg21893354,turquoise,FAM105A
cg21894058,turquoise,EIF2AK1
cg21894287,grey,
cg21898246,turquoise,DTD1
cg21898799,turquoise,RPL18
cg21899138,turquoise,GNL3
cg21899558,grey,PRKAR1B
cg21899790,grey,
cg21902095,black,RAD18
cg21903646,grey,
cg21903660,turquoise,CCDC61
cg21904595,turquoise,
cg21906335,turquoise,ZNF155
cg21907156,grey,ZFYVE16
cg21907877,turquoise,DHDDS
cg21908248,blue,PPP1R15B
cg21909643,turquoise,CDKAL1
cg21910821,turquoise,ZNF649
cg21911557,turquoise,RPAP2
cg21911849,turquoise,METTL14
cg21912556,turquoise,PSD3
cg21914984,blue,CDC42EP3
cg21915509,turquoise,PTDSS2
cg21915659,grey,IQCG
cg21916358,grey,
cg21918548,grey,ZNF251
cg21918786,grey,
cg21921829,grey,ST7
cg21922991,turquoise,ZNF509
cg21923992,turquoise,ETV5
cg21926118,grey,
cg21926402,blue,HLTF
cg21928243,turquoise,LOC100189589
cg21930136,grey,ST8SIA4
cg21930399,blue,ABCD3
cg21931717,grey,SDHAP3
cg21934012,turquoise,HNRNPA0
cg21934237,turquoise,NUF2
cg21934564,turquoise,CHCHD5
cg21935519,grey,
cg21938261,blue,PPP2R2B
cg21943841,turquoise,GNG7
cg21944567,lightcyan,ARL2
cg21945459,grey,MCM3AP
cg21950155,grey,PRHOXNB
cg21950459,grey,SYCP2
cg21950493,blue,GPN3
cg21951975,grey,IRF6
cg21952313,turquoise,ZNF821
cg21952419,turquoise,INTS6
cg21952685,turquoise,FAM63B
cg21960279,grey,B3GNT3
cg21962423,turquoise,
cg21962611,grey,KLHDC5
cg21964928,grey,
cg21965820,grey,HIGD2B
cg21965843,turquoise,FAM98A
cg21966289,turquoise,UBAC2
cg21967560,turquoise,PUF60
cg21968580,turquoise,DNAJB4
cg21971035,turquoise,HCCA2
cg21972156,turquoise,ZMIZ2
cg21972176,turquoise,ZNF573
cg21973275,turquoise,TMX2
cg21979724,turquoise,AMIGO2
cg21980954,grey,COL4A2
cg21982467,turquoise,MPV17L2
cg21984020,grey,
cg21985295,grey,FBXO39
cg21985631,grey,
cg21986225,turquoise,SCOC
cg21987077,grey,EXOC2
cg21989213,grey,MPP2
cg21994712,grey,
cg21995147,grey,ABCA7
cg22000725,turquoise,MARCH2
cg22005832,turquoise,TNPO1
cg22005853,grey,RNH1
cg22007559,grey,PACRGL
cg22008886,turquoise,RUNX2
cg22009052,grey,C8orf47
cg22012230,turquoise,LYSMD1
cg22016818,turquoise,TULP3
cg22016949,grey,TRIM15
cg22022881,grey,
cg22024281,grey,EXT1
cg22025206,grey,SLC9A3
cg22026332,turquoise,BRD2
cg22027267,grey,
cg22028544,yellow,C8orf59
cg22031336,blue,ABCG2
cg22033189,blue,SNHG12
cg22034735,grey,
cg22038409,grey,MFAP1
cg22038907,turquoise,POLR2K
cg22040403,grey,E2F2
cg22040815,grey,RAB11A
cg22043634,turquoise,MAPK15
cg22043788,grey,TBCD
cg22044028,grey,
cg22047295,turquoise,WIPF1
cg22047469,grey,TTLL10
cg22049858,yellow,
cg22049899,grey,SLC38A4
cg22050897,grey,AGAP1
cg22051345,grey,ODZ3
cg22052514,grey,
cg22052758,turquoise,ACCN2
cg22053796,grey,N6AMT2
cg22055790,turquoise,CLASP1
cg22055815,blue,C5orf39
cg22056094,grey,PCDHGA2
cg22057899,grey,CAPN1
cg22058122,grey,L3MBTL4
cg22058990,turquoise,
cg22060817,grey,HEY2
cg22061831,grey,ARHGEF4
cg22062537,grey,MYEOV2
cg22062601,grey,
cg22063056,turquoise,CLCC1
cg22064195,grey,HLA-E
cg22071344,turquoise,FBXO11
cg22074858,turquoise,GBP3
cg22076081,blue,ZNF133
cg22077389,turquoise,EIF2AK4
cg22078625,grey,GALNT10
cg22078781,grey,
cg22078805,grey,FAM171A2
cg22079902,grey,PRDM9
cg22082780,grey,
cg22085055,turquoise,
cg22087367,grey,CPNE1
cg22089800,lightcyan,ZNF774
cg22090773,turquoise,NCAN
cg22092014,grey,
cg22092811,grey,C3orf26
cg22093035,grey,ATP9B
cg22096450,grey,ZNF215
cg22098115,grey,ARHGEF4
cg22105090,turquoise,DHX8
cg22106721,grey,
cg22107210,grey,CDCA7L
cg22108259,turquoise,STARD13
cg22109000,turquoise,NFU1
cg22111082,turquoise,TRIM11
cg22111318,turquoise,SDHAF2
cg22112443,grey,MEIS2
cg22117760,turquoise,VPS25
cg22120063,grey,
cg22120094,turquoise,ZHX2
cg22124479,pink,NFATC1
cg22125814,grey,
cg22125968,turquoise,EPSTI1
cg22129639,grey,TP53BP1
cg22132788,grey,MYO1G
cg22133704,grey,TRIM6-TRIM34
cg22135109,green,THSD1P
cg22135468,turquoise,TRMT2A
cg22138327,grey,GTF3A
cg22140614,grey,GAK
cg22140675,turquoise,G6PC3
cg22141696,grey,
cg22142122,grey,
cg22145091,grey,FAM168A
cg22146245,grey,
cg22147539,turquoise,PCYT2
cg22148115,turquoise,SLC25A32
cg22148191,turquoise,RAB35
cg22152887,brown,FCHSD2
cg22155038,grey,TUBGCP4
cg22155376,grey,
cg22157087,grey,ESR1
cg22157099,grey,
cg22159133,turquoise,AP4B1
cg22159341,grey,CACNB4
cg22160784,blue,CCT7
cg22161131,turquoise,GPSM2
cg22162422,grey,AFF3
cg22166900,grey,
cg22168480,turquoise,RBMXL1
cg22168489,grey,WDR66
cg22171626,turquoise,ACLY
cg22173752,grey,TMED7-TICAM2
cg22174410,blue,NKTR
cg22177364,turquoise,SELT
cg22182142,blue,BIK
cg22187094,turquoise,POLG
cg22187843,turquoise,EIF3B
cg22188058,turquoise,SDC4
cg22189786,grey,WBP2NL
cg22190774,turquoise,
cg22194904,grey,RNF213
cg22196848,turquoise,PRDM1
cg22196946,grey,IL15
cg22196952,turquoise,GRASP
cg22197033,blue,CCDC42
cg22198449,blue,UBXN6
cg22198853,grey,
cg22198946,turquoise,ZFP36L2
cg22199294,turquoise,DENND5B
cg22199658,grey,
cg22199969,grey,ALPI
cg22202131,turquoise,PGRMC2
cg22205276,grey,TNFRSF11A
cg22205501,grey,DPPA3
cg22207207,turquoise,ACP2
cg22208339,grey,CCNT1
cg22208361,turquoise,GFER
cg22210337,grey,C11orf21
cg22213235,grey,PCGF3
cg22214262,grey,CLINT1
cg22214565,blue,LTBP3
cg22216157,grey,PTPRN2
cg22217176,grey,ATP9B
cg22218512,grey,ACVRL1
cg22219795,grey,
cg22221026,blue,LRRFIP2
cg22221870,grey,FAM3B
cg22223119,grey,FARP1
cg22223441,grey,
cg22223602,turquoise,CBL
cg22223655,blue,RTTN
cg22226438,grey,FLJ39609
cg22227138,grey,
cg22227354,turquoise,RAD21L1
cg22228677,turquoise,PEMT
cg22230508,turquoise,RAB30
cg22231012,turquoise,DKFZP686I15217
cg22231101,grey,JAKMIP1
cg22231620,grey,ATP5E
cg22237300,grey,
cg22238209,grey,MAG
cg22240348,grey,
cg22240717,grey,
cg22242857,grey,SALL3
cg22243583,turquoise,DLEU1
cg22244940,grey,MMP17
cg22250642,turquoise,C22orf23
cg22251298,turquoise,DBF4B
cg22251684,grey,ANO6
cg22255634,grey,PARP15
cg22256960,blue,
cg22258713,grey,
cg22259797,grey,C2CD2L
cg22260415,turquoise,
cg22264898,grey,
cg22266470,turquoise,JOSD2
cg22269486,turquoise,CCDC25
cg22274395,grey,UCP1
cg22277672,grey,NCAPG2
cg22279341,turquoise,POLQ
cg22284043,grey,GPC5
cg22286616,turquoise,CYP51A1
cg22288101,turquoise,RNH1
cg22290704,grey,LTV1
cg22291627,turquoise,TRPS1
cg22291694,grey,PARK2
cg22296620,turquoise,SORD
cg22296762,turquoise,PIGW
cg22297177,turquoise,ELL
cg22300819,turquoise,ATP6V1H
cg22301984,turquoise,TUBGCP3
cg22303909,grey,FIGNL1
cg22311458,turquoise,MALAT1
cg22311942,blue,NUP85
cg22314482,grey,LENG8
cg22316093,grey,
cg22318304,turquoise,SIAE
cg22318514,grey,
cg22318996,turquoise,PHTF2
cg22321089,grey,
cg22321522,turquoise,AKAP8
cg22322828,blue,
cg22322863,turquoise,CDK5R1
cg22324028,turquoise,NBAS
cg22325292,grey,FN3K
cg22330492,grey,TTLL6
cg22332049,grey,
cg22332266,grey,CHORDC1
cg22333733,turquoise,DNAJC24
cg22335490,turquoise,EPB41L3
cg22337407,grey,
cg22340067,turquoise,
cg22341533,grey,DCP1B
cg22341865,turquoise,PGD
cg22343728,grey,
cg22344793,grey,
cg22350160,blue,AKR1A1
cg22356451,turquoise,
cg22356839,grey,NPHP4
cg22359388,grey,TRIM2
cg22360024,grey,SAAL1
cg22361859,grey,FBXO47
cg22365063,turquoise,C1orf124
cg22366088,turquoise,
cg22366214,turquoise,COL8A1
cg22368976,grey,NTNG1
cg22369252,grey,SUV420H2
cg22369954,grey,C1orf216
cg22372182,grey,C1orf65
cg22372355,grey,
cg22373079,turquoise,SPRED2
cg22373676,grey,UBL3
cg22375856,grey,TBC1D5
cg22376366,brown,DVL1
cg22376704,blue,
cg22380033,grey,GRB14
cg22380059,turquoise,LIG3
cg22381300,turquoise,TMEM183A
cg22387578,grey,
cg22387890,turquoise,USP42
cg22389964,turquoise,PARS2
cg22390894,grey,SFRS11
cg22391814,grey,
cg22391883,turquoise,C1orf89
cg22396057,turquoise,KIAA1026
cg22396353,grey,GTSE1
cg22396454,turquoise,CNPY3
cg22401505,turquoise,RWDD1
cg22401835,grey,
cg22402043,grey,ACP6
cg22402853,turquoise,SMARCD1
cg22403767,grey,
cg22409276,turquoise,CHST14
cg22409420,turquoise,TCF4
cg22410499,grey,PRSS3
cg22411407,turquoise,C7orf51
cg22412063,turquoise,CCDC138
cg22414192,grey,KCNG1
cg22417420,turquoise,YWHAG
cg22417566,grey,
cg22424405,grey,ARHGAP29
cg22425474,grey,
cg22427477,turquoise,NRAS
cg22431433,turquoise,RAB4A
cg22431992,grey,RBPMS
cg22433261,turquoise,CXXC1
cg22433276,turquoise,
cg22433574,turquoise,DUSP14
cg22435081,grey,NBR1
cg22435982,purple,FAM171A2
cg22441533,turquoise,TFPI2
cg22442454,grey,IRF6
cg22443212,grey,RNF213
cg22447637,grey,
cg22450146,blue,MIR636
cg22451149,grey,PDSS2
cg22452837,grey,
cg22453791,grey,SCAMP1
cg22456479,grey,
cg22457642,grey,SESN1
cg22459517,grey,EPS8L1
cg22462726,grey,
cg22463444,grey,CLDN11
cg22464423,turquoise,CADM4
cg22464447,grey,
cg22466171,grey,EIF4E
cg22467129,grey,ETFA
cg22467473,grey,
cg22470850,lightcyan,FAM59B
cg22471075,grey,
cg22472154,grey,WHSC1
cg22472411,turquoise,ASF1B
cg22472608,grey,
cg22473770,turquoise,EVI2A
cg22473961,grey,CD63
cg22478210,turquoise,HIST1H2BB
cg22480783,grey,
cg22480875,grey,E2F7
cg22482194,grey,MAP3K14
cg22487209,blue,ELP3
cg22488472,turquoise,STX16
cg22488998,turquoise,GFI1
cg22489583,grey,IGLON5
cg22491225,turquoise,SPINT1
cg22493117,turquoise,TRMT1
cg22494932,lightgreen,
cg22496723,grey,CACNG2
cg22496973,grey,C2orf3
cg22497095,grey,
cg22501294,turquoise,SMAD4
cg22501760,turquoise,CHEK2
cg22501998,turquoise,C1orf109
cg22502715,grey,ZNF695
cg22505075,grey,SCARA5
cg22506548,grey,PRDM16
cg22508957,grey,NAT15
cg22509054,turquoise,
cg22510032,turquoise,LCORL
cg22510582,turquoise,CYP26B1
cg22516137,grey,RAB40B
cg22517485,turquoise,PRPF3
cg22517836,turquoise,C8orf39
cg22518046,turquoise,SNORD45C
cg22519151,turquoise,LOC440926
cg22519756,turquoise,CTBS
cg22521096,turquoise,FXR2
cg22521356,turquoise,C7orf31
cg22523077,turquoise,CLOCK
cg22524657,turquoise,
cg22525294,turquoise,TSKS
cg22526139,grey,RHCG
cg22526939,grey,
cg22527415,grey,EDC3
cg22529511,grey,
cg22530927,grey,MTPN
cg22532774,grey,ESPNL
cg22535103,grey,C8orf71
cg22535403,grey,ABO
cg22535729,grey,RP1
cg22536808,grey,MMACHC
cg22538664,grey,NAA16
cg22541911,turquoise,GALNT6
cg22542663,turquoise,GART
cg22544144,midnightblue,DPYSL2
cg22545206,grey,
cg22546686,turquoise,
cg22549041,grey,CYP1A1
cg22549504,turquoise,GTPBP3
cg22549881,grey,SRD5A2
cg22550330,grey,HYAL3
cg22557207,grey,ALCAM
cg22557350,turquoise,FAM53B
cg22558291,grey,LOC646405
cg22560193,grey,APC2
cg22560197,salmon,SFRS11
cg22560837,turquoise,POP4
cg22566624,turquoise,
cg22567629,grey,
cg22568403,turquoise,LOC257358
cg22570042,grey,CCDC144NL
cg22571038,grey,MYCBPAP
cg22572476,grey,
cg22573359,grey,CCDC42
cg22577385,brown,BRSK1
cg22578632,grey,HRH2
cg22582617,grey,
cg22585269,turquoise,CHEK2
cg22586956,grey,
cg22587479,grey,WNT6
cg22588144,grey,ISM1
cg22599477,grey,
cg22603934,turquoise,CPNE3
cg22604213,grey,CXXC4
cg22605179,blue,EWSR1
cg22606129,grey,
cg22610211,grey,CLSTN2
cg22611817,turquoise,ZSWIM6
cg22614372,grey,
cg22615819,turquoise,EIF2C3
cg22618164,grey,WDR66
cg22618350,turquoise,ZNF644
cg22618571,turquoise,PPHLN1
cg22619763,salmon,TXNIP
cg22620746,grey,ZNF257
cg22624255,blue,ZNF101
cg22625420,turquoise,UQCR
cg22626973,turquoise,CDKAL1
cg22627029,grey,HLA-DRB6
cg22628851,grey,
cg22633036,grey,FGFR2
cg22633941,turquoise,PLBD2
cg22635676,grey,SNED1
cg22636253,turquoise,SSRP1
cg22636799,turquoise,PREPL
cg22638597,turquoise,GPR83
cg22641430,brown,
cg22642978,turquoise,STAMBP
cg22643080,turquoise,PECI
cg22644194,turquoise,NIPBL
cg22646311,grey,
cg22646733,turquoise,
cg22647566,grey,FAM160B1
cg22647996,brown,GNPDA1
cg22648182,grey,
cg22651271,turquoise,
cg22652561,turquoise,MAP2K4
cg22653469,grey,SFRS1
cg22656705,turquoise,MPHOSPH8
cg22662036,turquoise,PBX2
cg22664296,grey,GUCY1B3
cg22665692,green,DOCK1
cg22666103,grey,ADD3
cg22674210,grey,GTPBP5
cg22675645,grey,KCNIP2
cg22676075,grey,
cg22678977,grey,LRRC6
cg22680070,turquoise,IPO7
cg22681738,turquoise,RPRD1B
cg22682682,turquoise,
cg22683308,grey,KIAA1530
cg22685807,grey,
cg22687569,grey,
cg22688104,turquoise,NFXL1
cg22688388,salmon,AGBL5
cg22689316,grey,
cg22690046,blue,LSM10
cg22691736,turquoise,MTRF1
cg22692549,grey,
cg22692964,turquoise,E2F8
cg22695986,grey,
cg22696438,grey,LARP6
cg22697692,grey,HPS3
cg22699044,grey,
cg22700015,grey,
cg22700790,grey,
cg22702351,grey,PACRG
cg22702784,blue,ASXL2
cg22703975,grey,DDX10
cg22705602,grey,
cg22708112,grey,GCOM1
cg22709100,grey,
cg22711741,grey,AURKC
cg22712893,turquoise,SLU7
cg22713941,turquoise,C2orf49
cg22714290,brown,LOC148696
cg22714716,grey,
cg22715321,grey,ZNF559
cg22715398,grey,KIAA1370
cg22716280,grey,
cg22718140,grey,TEKT3
cg22718729,grey,APBB2
cg22721334,grey,ZSCAN18
cg22722933,blue,SPRYD3
cg22726760,turquoise,TBC1D17
cg22727109,salmon,C12orf35
cg22728534,grey,CD8A
cg22730029,turquoise,ELF1
cg22732432,turquoise,LOC400027
cg22733073,turquoise,PAIP2
cg22737985,turquoise,H2AFY2
cg22746765,turquoise,TMX2
cg22747897,turquoise,FGFRL1
cg22748740,turquoise,ZNF311
cg22749736,grey,TOLLIP
cg22753668,grey,FLT1
cg22755785,turquoise,ZNF227
cg22757535,turquoise,
cg22758700,turquoise,ZNF655
cg22761482,grey,
cg22762215,grey,
cg22762992,grey,
cg22763753,grey,STK38L
cg22764044,grey,RUFY1
cg22764639,grey,NUAK1
cg22769941,grey,NELL1
cg22770560,brown,PTPRN2
cg22770916,grey,
cg22773661,turquoise,ZAR1
cg22775138,grey,KNDC1
cg22775896,turquoise,GM2A
cg22776369,turquoise,DDX10
cg22776392,grey,
cg22776646,turquoise,
cg22777062,grey,HLCS
cg22778903,grey,MX2
cg22779477,turquoise,C10orf137
cg22782929,blue,C10orf114
cg22785261,grey,MGMT
cg22789900,salmon,MIXL1
cg22790973,turquoise,TFCP2
cg22792048,grey,
cg22792432,grey,ROCK1
cg22794998,grey,ATG16L1
cg22795345,brown,ARHGEF7
cg22795569,turquoise,PELI1
cg22796353,grey,
cg22796363,grey,SMYD2
cg22798521,grey,CUGBP2
cg22798984,grey,C14orf166
cg22799860,grey,CHD1
cg22799902,grey,BPHL
cg22800025,turquoise,CPAMD8
cg22802111,turquoise,IGSF8
cg22803724,grey,NFIA
cg22804236,grey,MEI1
cg22804475,turquoise,ATP6V1B2
cg22805485,grey,SPON1
cg22810423,grey,
cg22812972,turquoise,EIF4B
cg22813140,turquoise,DNAJC19
cg22813699,grey,NCOA2
cg22813744,blue,KCTD21
cg22813794,grey,STYXL1
cg22814681,turquoise,ODF2L
cg22815214,grey,CACNA1S
cg22816091,grey,
cg22817198,turquoise,C14orf109
cg22817650,grey,CDC73
cg22817718,turquoise,ISY1
cg22819135,grey,C5orf51
cg22819824,grey,NHLRC2
cg22821606,turquoise,C11orf67
cg22822824,turquoise,SLCO2A1
cg22823183,turquoise,TRMU
cg22825116,blue,RPIA
cg22828340,brown,ZNF358
cg22832135,turquoise,TBC1D2B
cg22832407,turquoise,CBR4
cg22836400,turquoise,TFAP2A
cg22836535,turquoise,C14orf80
cg22838050,grey,MED16
cg22847089,turquoise,NOL12
cg22848779,grey,NHEDC2
cg22851092,brown,EP400
cg22851378,grey,PPP2R2D
cg22852149,blue,ZNF566
cg22852459,turquoise,
cg22856539,turquoise,SYF2
cg22857963,grey,GLI4
cg22859847,blue,USP16
cg22860181,grey,C1orf14
cg22860233,blue,RBM34
cg22862634,grey,EML3
cg22863523,turquoise,CALCA
cg22863802,grey,LOC401127
cg22865501,grey,
cg22866267,grey,
cg22867117,brown,ACIN1
cg22867608,grey,EGR2
cg22870172,turquoise,UBE2V1
cg22870256,turquoise,FDFT1
cg22870344,turquoise,ATP5B
cg22870899,turquoise,
cg22873725,grey,ANKRD28
cg22875239,grey,PIAS1
cg22875332,grey,ACADM
cg22875643,turquoise,MIER1
cg22877570,turquoise,TNIK
cg22877623,turquoise,
cg22878535,grey,
cg22881279,black,NBN
cg22884792,turquoise,WNT1
cg22885367,turquoise,APLF
cg22885965,turquoise,QRSL1
cg22886405,turquoise,GTF2IRD2B
cg22889584,turquoise,KDELC2
cg22890130,turquoise,FNDC3B
cg22895198,grey,C5orf37
cg22898362,grey,KLK9
cg22898729,turquoise,C6orf145
cg22901226,turquoise,ZNF780A
cg22903286,turquoise,KIAA1737
cg22905511,grey,FLJ44606
cg22910715,turquoise,REEP6
cg22913584,turquoise,SSBP2
cg22913585,brown,BSG
cg22915534,grey,ABLIM2
cg22915993,grey,
cg22918572,turquoise,VPS28
cg22920501,grey,FAM59B
cg22922810,grey,VRK1
cg22925694,grey,RAB1A
cg22926252,grey,WBP11
cg22928002,turquoise,CSNK1A1
cg22933800,grey,HLA-DQA1
cg22933807,turquoise,
cg22935921,grey,DNAJA4
cg22939563,grey,DNAJB6
cg22942377,turquoise,NFYA
cg22942940,turquoise,BRI3BP
cg22942971,grey,C1orf69
cg22943762,cyan,SIX4
cg22949274,grey,SDHD
cg22951408,turquoise,CNIH
cg22952210,grey,ARNTL2
cg22952834,turquoise,NPDC1
cg22952917,grey,MIR548H4
cg22955497,grey,CDKAL1
cg22958459,grey,FTH1
cg22960449,grey,ARL15
cg22964146,grey,P4HA1
cg22965663,blue,POMT2
cg22967122,turquoise,MED7
cg22967329,grey,
cg22969014,grey,PDZRN4
cg22971216,turquoise,
cg22971279,turquoise,
cg22972858,grey,GPR81
cg22973042,turquoise,AKT2
cg22973319,turquoise,SEMA3B
cg22975434,turquoise,KIAA1598
cg22976700,turquoise,
cg22977254,turquoise,ENO2
cg22978658,turquoise,CTTN
cg22980127,turquoise,NUDT19
cg22982654,grey,
cg22983534,turquoise,TINF2
cg22983555,grey,BTBD7
cg22984571,grey,
cg22984587,grey,LOC641746
cg22987448,grey,MYO1F
cg22988458,grey,TRRAP
cg22988507,turquoise,C4orf10
cg22989813,grey,SRP54
cg22990158,grey,ADCY4
cg22992730,grey,
cg22992772,grey,BAIAP2
cg22992815,grey,
cg22995176,grey,UPK3B
cg22995959,grey,GPR135
cg22998918,grey,BAT5
cg22999099,grey,BOK
cg23000550,blue,P2RX6
cg23001131,grey,
cg23003258,grey,CHN1
cg23003881,turquoise,BOD1
cg23004710,turquoise,TAPBP
cg23006223,blue,C4orf14
cg23007535,grey,SETD2
cg23008238,grey,
cg23008426,turquoise,
cg23011788,turquoise,FRMD4A
cg23012310,grey,
cg23012552,turquoise,SLC39A10
cg23012703,salmon,PIAS1
cg23013489,grey,C10orf79
cg23013546,grey,MPI
cg23015983,grey,OSTM1
cg23016766,turquoise,RBBP4
cg23018873,turquoise,AMOTL1
cg23019633,grey,PRMT3
cg23019889,grey,
cg23020486,turquoise,EDARADD
cg23021014,grey,
cg23022783,brown,FDPS
cg23023844,grey,TTLL8
cg23024343,grey,COG5
cg23024810,grey,MDM4
cg23024824,grey,TLE3
cg23026048,turquoise,AKAP5
cg23026419,grey,
cg23026554,grey,LOC441666
cg23027521,turquoise,ZNF695
cg23030894,turquoise,ZNF585B
cg23031815,blue,GIPC1
cg23036931,turquoise,NDUFV3
cg23037274,turquoise,MAP2K7
cg23041162,turquoise,MATN1
cg23042230,grey,STAU2
cg23043438,turquoise,TEX10
cg23044053,grey,
cg23044488,turquoise,LIX1L
cg23045594,grey,
cg23048481,turquoise,
cg23048951,turquoise,GLTSCR2
cg23049737,grey,RERE
cg23052568,turquoise,
cg23053918,turquoise,DDB1
cg23055818,turquoise,LEPROT
cg23057284,turquoise,IER5L
cg23057706,turquoise,RASGRP2
cg23058194,grey,LOC390594
cg23058405,grey,
cg23059304,turquoise,C14orf23
cg23060735,blue,ARSA
cg23064556,turquoise,
cg23066280,grey,PTPRN2
cg23069036,blue,FBXO33
cg23069677,blue,LSM10
cg23070026,turquoise,ADAMTS9
cg23071583,turquoise,LAMP1
cg23071995,blue,PRMT3
cg23073439,turquoise,KDM1B
cg23074495,turquoise,C10orf4
cg23074703,grey,IL4I1
cg23075555,grey,HLA-DPB2
cg23075961,grey,MORN4
cg23076870,grey,
cg23079012,grey,
cg23079866,grey,SPDYC
cg23080178,turquoise,C12orf44
cg23080985,turquoise,ALKBH7
cg23081331,turquoise,TIA1
cg23081670,turquoise,ZNF511
cg23082339,grey,PCDHGA4
cg23084528,grey,HSD17B7P2
cg23085343,green,NFATC2
cg23087877,grey,MLLT10
cg23089673,grey,ARL15
cg23090372,grey,FGF6
cg23090583,turquoise,PSMC5
cg23091255,blue,
cg23091699,brown,HECW1
cg23092250,turquoise,ASPHD2
cg23092358,turquoise,SLC10A7
cg23093058,grey,
cg23093333,grey,NLK
cg23093450,turquoise,NKIRAS2
cg23093692,grey,SLC35F3
cg23096663,grey,
cg23098131,turquoise,G3BP2
cg23099839,grey,
cg23101910,turquoise,DNAJC3
cg23102195,grey,
cg23104954,grey,
cg23107878,grey,
cg23108714,grey,CREBL2
cg23108931,grey,
cg23109129,turquoise,HHIP
cg23109134,blue,ATP5C1
cg23109559,grey,ACTN2
cg23110891,grey,DNTTIP2
cg23113963,turquoise,SCNN1B
cg23115390,grey,
cg23117778,magenta,RAD21L1
cg23118561,grey,
cg23120335,turquoise,ORC4L
cg23120601,grey,PLCB2
cg23121934,turquoise,IWS1
cg23122401,turquoise,PPME1
cg23125542,grey,ATPGD1
cg23128025,turquoise,WDFY2
cg23132469,grey,TAS1R2
cg23134869,turquoise,ZFHX4
cg23136008,turquoise,MAP3K9
cg23136742,grey,KCNK3
cg23138817,grey,
cg23139173,brown,
cg23139473,turquoise,WRN
cg23141629,grey,GTF2F2
cg23142396,turquoise,PPP1R3E
cg23143796,turquoise,KIFC1
cg23146833,turquoise,TNIK
cg23149492,turquoise,RBM39
cg23151303,turquoise,SLC30A3
cg23155965,grey,
cg23156475,green,ZNF133
cg23157971,turquoise,SYNGAP1
cg23158051,grey,ACTR2
cg23159337,grey,ATP13A4
cg23160142,turquoise,
cg23161317,grey,ZNF389
cg23162821,turquoise,TSNAX-DISC1
cg23163531,turquoise,OCA2
cg23163783,turquoise,FAM19A2
cg23166289,grey,C1orf107
cg23167307,turquoise,CCDC49
cg23170091,grey,MUC4
cg23172884,turquoise,LOC100188947
cg23173466,turquoise,MAX
cg23174406,grey,NEDD1
cg23174932,turquoise,NEU1
cg23178144,grey,
cg23179321,blue,C10orf111
cg23181861,turquoise,RPL18AP3
cg23181900,grey,COL6A6
cg23183449,grey,GATAD1
cg23186422,turquoise,
cg23187103,blue,MYC
cg23188121,turquoise,MED10
cg23191576,grey,DLL1
cg23193613,grey,
cg23194433,grey,ZNF557
cg23195763,grey,HLA-DPA1
cg23199238,turquoise,RPH3A
cg23199886,turquoise,
cg23201527,grey,
cg23201549,turquoise,ZFP36L2
cg23202277,turquoise,MAPT
cg23202316,turquoise,RAD51L3
cg23204968,grey60,HOXA5
cg23205775,grey,HIST1H2AD
cg23206461,grey,
cg23206463,grey,
cg23206622,turquoise,KIAA1409
cg23207361,turquoise,BAT2
cg23207835,grey,SPATA7
cg23207958,turquoise,DMXL1
cg23208152,magenta,ZMYND10
cg23210013,turquoise,C17orf108
cg23214565,turquoise,DSE
cg23214606,grey,TMEM183A
cg23215109,turquoise,CCDC14
cg23216101,grey,
cg23216292,turquoise,ZNF85
cg23218559,grey,AMH
cg23219808,turquoise,BRP44L
cg23220623,turquoise,P4HB
cg23220897,grey,
cg23221052,grey,GFPT2
cg23222435,grey,ARID1B
cg23223544,grey,RASA3
cg23223978,turquoise,DLEU1
cg23224396,turquoise,SAMD4A
cg23224828,turquoise,ZNF615
cg23226358,turquoise,
cg23226914,grey,
cg23228418,turquoise,SEMA6C
cg23231268,grey,
cg23231670,blue,RAET1L
cg23232844,turquoise,CYP4V2
cg23235334,yellow,CCND2
cg23236404,turquoise,STMN1
cg23237634,blue,ZBTB7B
cg23238315,grey,
cg23240149,turquoise,CAPRIN1
cg23242979,grey,GPR88
cg23246666,grey,AGAP1
cg23246911,grey,RPH3AL
cg23246978,turquoise,GPC6
cg23247274,grey,MRP63
cg23247955,grey,LRRC59
cg23248324,grey,TTK
cg23248424,grey,GFPT2
cg23249667,turquoise,NFKBIL1
cg23250288,turquoise,ABCD3
cg23250587,turquoise,CHPF2
cg23250869,turquoise,FNBP4
cg23251279,grey,
cg23252259,grey,
cg23255486,turquoise,ANO6
cg23257386,turquoise,MSL2
cg23257604,turquoise,TNXB
cg23258033,grey,THAP2
cg23258065,grey,TBC1D20
cg23258678,grey,NR5A2
cg23260635,turquoise,SNX27
cg23262420,grey,DNAJC3
cg23263641,grey,CADM4
cg23267042,turquoise,LRRC40
cg23268197,grey,INSL3
cg23268914,cyan,LOC100302652
cg23269169,turquoise,C1orf144
cg23273911,turquoise,FDXR
cg23275463,turquoise,ATM
cg23276187,turquoise,TSR1
cg23279355,grey,CMYA5
cg23279887,grey,TMEM161A
cg23280166,turquoise,VPS11
cg23280506,grey,
cg23281012,turquoise,HINFP
cg23281307,grey,CASP8
cg23281527,grey,KLHDC7A
cg23283495,grey,IRF6
cg23288653,grey,TRIM46
cg23290482,grey,C17orf98
cg23290834,turquoise,PRPSAP2
cg23291301,grey,POU3F3
cg23291754,grey,MOBKL1A
cg23295478,turquoise,CADM4
cg23295637,turquoise,ADAMTSL5
cg23297477,turquoise,CMTM3
cg23299919,grey,PTPRN2
cg23300486,grey,TRAF3
cg23300732,grey,STK32B
cg23301140,grey,CTDP1
cg23301492,turquoise,TMUB2
cg23302570,grey,NXPH2
cg23304339,blue,ZNF527
cg23305440,grey,TSPAN5
cg23305502,pink,NADSYN1
cg23307056,midnightblue,SYVN1
cg23311628,turquoise,RAB8B
cg23314071,turquoise,
cg23314283,turquoise,SUGT1
cg23316818,turquoise,SLIT1
cg23320987,grey,TMCO3
cg23325900,grey,MND1
cg23325985,turquoise,ARF3
cg23327164,turquoise,ZNF266
cg23329272,grey,
cg23331932,turquoise,C10orf28
cg23332335,grey,PRX
cg23333723,grey,GPR137C
cg23336486,turquoise,KIAA1530
cg23337170,grey,
cg23339092,grey,PRKCH
cg23340935,grey,DIRC3
cg23344412,grey,SUB1
cg23344452,turquoise,
cg23344532,yellow,TMEM205
cg23345500,turquoise,MIAT
cg23345561,grey,SOX4
cg23347958,blue,DHX8
cg23348014,grey,COL1A2
cg23348789,grey,SSH2
cg23350294,grey,PENK
cg23350296,brown,ING5
cg23350336,turquoise,TET1
cg23352185,grey,C12orf4
cg23352384,grey,DNAJB6
cg23352942,grey,PTH1R
cg23354319,turquoise,ING4
cg23359983,turquoise,RNF139
cg23360000,blue,SARS2
cg23361084,turquoise,FAM168A
cg23361828,grey,
cg23363182,grey,
cg23365599,grey,TFDP1
cg23366101,turquoise,
cg23366119,turquoise,CNDP2
cg23368607,blue,
cg23369017,turquoise,RNH1
cg23370306,grey,
cg23371413,grey,AURKC
cg23374376,blue,SIRT2
cg23374834,grey,
cg23374964,grey,VAX1
cg23378992,turquoise,TCTN1
cg23380216,grey,POP5
cg23382700,turquoise,ACCN2
cg23387569,grey,AGAP2
cg23389585,turquoise,ZNF18
cg23391107,grey,SP6
cg23394673,grey,TNFRSF4
cg23397168,grey,
cg23400413,grey,FOXN3
cg23400446,grey,CYP2E1
cg23401796,grey,TRAPPC9
cg23402097,grey,KIF26A
cg23402305,grey,LOC100130691
cg23402429,turquoise,PLB1
cg23403117,grey,
cg23404110,turquoise,CPT1A
cg23404562,blue,NHLRC2
cg23404877,grey,TGOLN2
cg23406642,grey,CPT1A
cg23407507,turquoise,CXCL12
cg23411981,turquoise,CRIP2
cg23412309,turquoise,WDYHV1
cg23412875,grey,ZNF263
cg23412900,turquoise,BCLAF1
cg23413954,grey,SERINC5
cg23414861,grey,DPPA5
cg23415756,grey,NTN1
cg23416197,turquoise,BCL6
cg23416667,grey,RGMB
cg23419880,turquoise,WDR55
cg23421970,yellow,C18orf21
cg23424800,grey,C8orf74
cg23427653,grey,
cg23428387,grey,
cg23428725,turquoise,RALGAPA1
cg23429457,turquoise,
cg23429638,turquoise,EXOSC8
cg23429847,turquoise,ISOC1
cg23429903,yellow,EPHA3
cg23430742,turquoise,DYNLL1
cg23431169,grey,
cg23432306,turquoise,CLNS1A
cg23432345,blue,HOXA7
cg23439966,grey,
cg23440882,turquoise,SAMD11
cg23442187,grey,G2E3
cg23442198,grey,CYP4V2
cg23442955,turquoise,USP24
cg23445321,grey,SLC35F3
cg23451291,blue,
cg23454177,blue,PSMB10
cg23454797,grey60,HOXA5
cg23456826,blue,SDR39U1
cg23460835,grey,HIST1H1B
cg23465465,turquoise,BTN3A2
cg23467008,blue,ESR1
cg23467281,grey,MYOM2
cg23470137,turquoise,NAP1L4
cg23472215,blue,GSTM3
cg23473114,grey,
cg23475955,tan,
cg23477406,grey,MMP17
cg23478225,grey,PRKCE
cg23480021,grey,
cg23480499,turquoise,METAP2
cg23480821,turquoise,IQGAP1
cg23482397,grey,TCF4
cg23484655,grey,
cg23484755,blue,
cg23488685,turquoise,SLFN5
cg23489630,grey,ZNF234
cg23491124,turquoise,PMAIP1
cg23491502,grey,GAR1
cg23493127,blue,LTV1
cg23493510,turquoise,DLX4
cg23494140,grey,EDNRB
cg23496358,grey,
cg23497020,turquoise,LIMA1
cg23497383,grey,LOC151174
cg23500774,turquoise,ASL
cg23502204,grey,RAB38
cg23502966,grey,TFRC
cg23503501,grey,SMC1B
cg23504246,grey,C15orf33
cg23504634,grey,EIF4G1
cg23504735,grey,AP1M1
cg23507945,turquoise,IL22RA2
cg23511169,grey,SUV420H2
cg23511432,grey,GFRA3
cg23511613,turquoise,FOXI3
cg23512958,grey,IL7
cg23513183,grey,
cg23513784,grey,EGR3
cg23514110,grey,CFD
cg23517607,turquoise,C18orf54
cg23517954,grey,PSMD14
cg23520075,turquoise,MYADM
cg23522194,grey,PLA2G4C
cg23522468,turquoise,C7orf55
cg23522895,grey,FN3KRP
cg23523755,turquoise,
cg23523811,grey,GUCY2C
cg23525438,grey,
cg23525514,turquoise,C19orf61
cg23526353,turquoise,RG9MTD2
cg23526474,blue,ARRDC2
cg23526861,turquoise,PTH1R
cg23528488,grey,WDFY3
cg23529754,turquoise,CRLS1
cg23532119,grey,MS4A12
cg23532246,grey,ZNF234
cg23533254,turquoise,TNIK
cg23535362,turquoise,C2orf44
cg23535768,blue,FEM1B
cg23535882,grey,AKAP13
cg23537517,turquoise,MAP2K3
cg23538618,turquoise,NIT2
cg23539701,grey,CAB39L
cg23542134,turquoise,MTA3
cg23542518,turquoise,LAP3
cg23542858,blue,RNF139
cg23543318,turquoise,LOC100130872
cg23544223,grey,
cg23546619,turquoise,BCAS3
cg23547048,brown,PCGF3
cg23548274,turquoise,MTIF3
cg23549534,grey,C14orf4
cg23549774,grey,TBCD
cg23549869,turquoise,HSD17B1
cg23549902,grey,
cg23550947,grey,MORC1
cg23552779,turquoise,HYAL3
cg23553480,yellow,INPP5D
cg23556533,turquoise,FAM83H
cg23557926,turquoise,CFH
cg23559680,grey,HMBOX1
cg23563507,turquoise,DYNC2LI1
cg23565292,turquoise,KLHDC2
cg23570261,blue,IWS1
cg23570471,grey,HOMEZ
cg23574427,grey,BBS7
cg23575063,turquoise,KIAA0247
cg23579185,grey,
cg23581656,turquoise,SLC1A4
cg23588049,grey,GLIPR1L2
cg23588086,turquoise,TEP1
cg23590273,grey,PDE9A
cg23591609,grey,BEST3
cg23593167,grey,MOSC2
cg23594638,grey,SHANK2
cg23595396,grey,HCG27
cg23595451,grey,
cg23596671,grey,
cg23598886,grey,
cg23601030,grey,
cg23603995,grey,ARID1B
cg23604584,blue,KPNA3
cg23606751,grey,SNAPC1
cg23610018,turquoise,VGLL4
cg23610053,turquoise,ZSWIM1
cg23613219,grey,ERBB2
cg23613305,turquoise,KDSR
cg23614428,grey,
cg23618323,turquoise,EDEM3
cg23620433,grey,KIAA0586
cg23623458,turquoise,MORF4L1
cg23625312,turquoise,SERGEF
cg23625390,grey,SCAPER
cg23625931,grey,RBM6
cg23627909,blue,RTN1
cg23627948,grey,
cg23628563,grey,
cg23629001,turquoise,PRPF8
cg23630158,turquoise,C17orf95
cg23631636,turquoise,RPL37A
cg23633993,blue,TTC27
cg23634477,grey,
cg23634478,blue,DLST
cg23635355,grey,G6PC3
cg23635580,turquoise,ARL4D
cg23635910,grey,C1orf170
cg23637155,turquoise,ENY2
cg23638640,grey,TOP1P2
cg23638801,turquoise,FOXJ1
cg23639308,grey,IGSF9
cg23640802,turquoise,
cg23641158,turquoise,CCDC124
cg23641677,turquoise,ITGB3BP
cg23643435,blue,GALM
cg23649088,grey,C2orf69
cg23649161,turquoise,AARSD1
cg23651350,turquoise,VPS72
cg23651872,grey,TBC1D16
cg23654844,pink,ILF2
cg23654971,turquoise,GBF1
cg23655155,turquoise,POLR1A
cg23655816,turquoise,PSMD14
cg23657274,turquoise,BCAN
cg23657870,turquoise,ABCF1
cg23658326,blue,EPM2AIP1
cg23659337,turquoise,RGS6
cg23660999,turquoise,PDDC1
cg23661309,grey,ADC
cg23661344,grey,PLD6
cg23661578,blue,MEA1
cg23662453,turquoise,KIFAP3
cg23662501,turquoise,
cg23664318,turquoise,CAPNS1
cg23664385,grey,
cg23664459,yellow,INSM2
cg23666180,turquoise,HIST1H2AG
cg23666618,grey,
cg23667555,grey,KRAS
cg23669081,grey,HOXB7
cg23669287,turquoise,NR2F2
cg23670372,grey,CASZ1
cg23670415,blue,ARF4
cg23671665,yellow,LUC7L2
cg23674202,grey,FOXK2
cg23674469,grey,
cg23677608,grey,PLK4
cg23677778,grey,
cg23678210,grey,PXT1
cg23679478,turquoise,ANAPC7
cg23681339,blue,FBRSL1
cg23681866,grey,
cg23682007,turquoise,CREG1
cg23683010,grey,MRGPRE
cg23683528,grey,SH3BP4
cg23685149,turquoise,ZDHHC16
cg23685529,turquoise,C17orf49
cg23687319,turquoise,GGPS1
cg23687724,turquoise,C21orf2
cg23689916,turquoise,SUGT1P1
cg23690369,turquoise,C10orf4
cg23690444,grey,
cg23691090,grey,C22orf26
cg23691220,turquoise,SFT2D2
cg23691781,grey,C1orf38
cg23699239,turquoise,FLJ39582
cg23704770,turquoise,LMO3
cg23704802,turquoise,WWP1
cg23705119,turquoise,ZNF384
cg23706268,grey,RNASEH2B
cg23708337,grey,
cg23709528,blue,
cg23709617,grey,KNDC1
cg23711881,grey,C14orf102
cg23712018,grey,RNF39
cg23712405,grey,BTBD8
cg23712980,turquoise,POFUT1
cg23713965,turquoise,RNF146
cg23714091,turquoise,ADAR
cg23714773,grey,HEATR2
cg23715435,purple,HIST1H4B
cg23715682,turquoise,CDKL1
cg23717290,black,NHLRC2
cg23719132,grey,ATP11A
cg23719207,turquoise,
cg23719516,grey,
cg23721301,turquoise,SMNDC1
cg23724117,turquoise,DARS
cg23725246,grey,TRIM33
cg23726566,grey,
cg23728669,turquoise,HRASLS5
cg23729050,turquoise,KLF7
cg23729331,grey,TMEM22
cg23730222,brown,NXN
cg23730244,turquoise,PPAPDC1B
cg23731272,grey,SMAD3
cg23731591,midnightblue,TEX261
cg23731668,grey,EPC2
cg23732384,turquoise,MAP2K7
cg23732978,grey,GNASAS
cg23733394,grey,
cg23734759,turquoise,AIDA
cg23734815,turquoise,PHF20
cg23739746,grey,
cg23742080,turquoise,DNAJC28
cg23743627,turquoise,SNRK
cg23745644,grey,RSPH1
cg23747525,blue,LOC388796
cg23748923,turquoise,
cg23755720,brown,FBRSL1
cg23757474,grey,LACTB2
cg23758309,grey,
cg23758765,grey,SLC29A2
cg23758822,grey,
cg23759053,turquoise,BMPER
cg23759393,grey,PTPRN2
cg23760165,turquoise,FADS2
cg23763647,grey,AKR1E2
cg23769345,grey,ADARB2
cg23771603,grey,MYO3A
cg23778596,grey,KRBA1
cg23779604,grey,
cg23783747,turquoise,WIPI2
cg23786580,grey,HECW1
cg23789157,turquoise,UBOX5
cg23791764,turquoise,MAPRE2
cg23795048,grey,LOC144571
cg23795217,turquoise,ITGA5
cg23803709,grey,
cg23806084,turquoise,PSMB9
cg23806715,turquoise,H3F3B
cg23808931,turquoise,TMEM183A
cg23811476,turquoise,INO80C
cg23814129,turquoise,MRPS15
cg23817169,grey,
cg23817627,grey,ARHGAP25
cg23821359,grey,
cg23823879,turquoise,SAP18
cg23825688,turquoise,IGF2BP1
cg23827657,turquoise,EWSR1
cg23830810,grey,COQ5
cg23834363,grey,C4orf29
cg23834494,grey,CNOT2
cg23835894,yellow,GATSL3
cg23837188,turquoise,RPS27L
cg23837804,grey,RRP1
cg23838434,yellow,
cg23840219,grey,SESN1
cg23840812,grey,PLD5
cg23842205,grey,RBM14
cg23845646,grey,PIF1
cg23847415,turquoise,IFI35
cg23850904,grey,CNTD2
cg23851412,blue,ANKRD13A
cg23855392,turquoise,MTHFS
cg23856027,turquoise,FLJ42289
cg23856762,grey,TCERG1L
cg23858040,turquoise,CUGBP2
cg23858530,turquoise,CASC4
cg23859931,grey,
cg23860321,turquoise,TCP1
cg23861480,grey,
cg23861668,grey,NELL1
cg23863718,turquoise,FUT10
cg23866596,grey,KIAA0776
cg23866687,turquoise,MAML2
cg23868720,turquoise,TLL2
cg23870148,grey,VARS
cg23871860,grey,FBXL3
cg23873398,turquoise,RALGAPA1
cg23873872,turquoise,EEF1A1
cg23876832,grey,
cg23878564,grey,TNK1
cg23881902,turquoise,HDLBP
cg23881926,turquoise,FAM110B
cg23882862,grey,C11orf92
cg23887609,grey,PIWIL1
cg23889393,grey,
cg23893620,grey,KCNIP4
cg23893802,yellow,ZNF425
cg23895204,turquoise,TMEM209
cg23896578,turquoise,TMX4
cg23899408,grey,HOOK2
cg23900759,turquoise,TTC9
cg23901409,grey,DYX1C1
cg23901444,grey,ARHGAP22
cg23905110,turquoise,EP400NL
cg23905935,turquoise,ATAD5
cg23908228,grey,KCNE1
cg23911396,turquoise,C17orf96
cg23912763,turquoise,PWP1
cg23914842,grey,H6PD
cg23916104,grey,RBMXL2
cg23918580,grey,JPH4
cg23918923,turquoise,AKR1B1
cg23924007,blue,
cg23926367,grey,KIAA0090
cg23927769,blue,TOMM6
cg23928165,turquoise,PNMAL2
cg23928360,grey,SNAR-F
cg23928763,grey,EXD3
cg23928920,grey,ST8SIA2
cg23929284,grey,C20orf160
cg23929381,blue,TMED5
cg23929674,blue,PRIMA1
cg23932011,turquoise,PIAS1
cg23933554,grey,KIAA0895
cg23933606,grey,UHRF1
cg23935120,grey,TMEM57
cg23935255,grey,MIR758
cg23935593,grey,
cg23936031,grey60,HOXA5
cg23936410,grey,
cg23936585,turquoise,PPM1D
cg23940999,grey,
cg23942268,grey,FAM64A
cg23942311,grey,
cg23945789,turquoise,PPP1CC
cg23946014,grey,HSPA4
cg23947326,grey,CCDC61
cg23949574,turquoise,HDAC4
cg23951618,turquoise,SLC41A1
cg23951927,turquoise,ISCU
cg23953233,yellow,ZNF740
cg23953396,turquoise,GPRC5C
cg23953697,grey,PCDHA7
cg23954171,grey,MED15
cg23954819,turquoise,BRI3BP
cg23957015,turquoise,ARMC1
cg23958373,grey,
cg23960684,blue,C11orf10
cg23962250,grey,C10orf93
cg23964682,grey,ANKMY1
cg23970189,blue,SELK
cg23970458,grey,
cg23970740,grey,TNIK
cg23970798,lightcyan,ZNF2
cg23971484,turquoise,ZC3H11A
cg23971638,grey,NINJ2
cg23973310,grey,
cg23974418,grey,VENTX
cg23976457,grey,
cg23976632,turquoise,COX6A1
cg23977821,grey,C2orf44
cg23978242,grey,DIP2C
cg23982880,grey,
cg23983067,blue,BMS1
cg23984997,turquoise,DTD1
cg23985163,blue,NAGK
cg23985619,grey,ATP11B
cg23988749,turquoise,MRPS18B
cg23988827,grey,SIRT1
cg23989516,turquoise,OVOL1
cg23990723,blue,BIVM
cg23991622,turquoise,VIM
cg23995446,grey,
cg23997132,grey,
cg23997263,grey,FUT9
cg23998405,grey,MGMT
cg24000099,turquoise,DAGLB
cg24000189,turquoise,FLOT1
cg24000232,blue,POGK
cg24001719,turquoise,GINS1
cg24003216,grey,VPS13B
cg24003306,turquoise,MRPL36
cg24003632,turquoise,TMBIM4
cg24004055,turquoise,LRRC16A
cg24005131,turquoise,TCP11L2
cg24006936,blue,ABT1
cg24007312,grey,WDR82
cg24007445,grey,
cg24009358,turquoise,ZWILCH
cg24012887,turquoise,TRMT1
cg24014143,turquoise,KLHL1
cg24016044,turquoise,CPEB4
cg24018756,grey,IFITM5
cg24019078,grey,
cg24021343,grey,
cg24022821,turquoise,
cg24023859,turquoise,C8orf55
cg24024511,grey,C7orf71
cg24026146,grey,SEMA6A
cg24027202,turquoise,ZNF284
cg24029436,turquoise,C3orf38
cg24030507,turquoise,
cg24032209,turquoise,THOC5
cg24033558,grey,SHF
cg24033633,grey,
cg24034005,grey,
cg24035447,grey,C6orf138
cg24037976,grey,
cg24040595,grey60,HOXA6
cg24041036,blue,PSMA3
cg24041721,turquoise,
cg24046271,turquoise,RPS27A
cg24047578,turquoise,
cg24049348,grey,PDGFRL
cg24049888,grey,POU2AF1
cg24053343,grey,ANKS1A
cg24055655,turquoise,MDN1
cg24056223,blue,PPCS
cg24057373,turquoise,CDC14A
cg24058852,grey,VTI1A
cg24060473,grey,UTP6
cg24060954,turquoise,NDUFA5
cg24062706,turquoise,OSM
cg24064594,turquoise,GYPC
cg24066843,grey,PCDHGA2
cg24067755,blue,B9D2
cg24069935,grey,C14orf43
cg24070123,turquoise,C6orf106
cg24070213,grey,
cg24071719,grey,
cg24074432,grey,TCF7L1
cg24075175,grey,
cg24079969,turquoise,
cg24082121,grey,TPPP
cg24082630,turquoise,ROR1
cg24082680,grey,ATG4C
cg24083364,grey,RER1
cg24088508,grey,C1orf109
cg24089612,grey,WDR37
cg24089935,blue,KCNQ1
cg24093178,turquoise,DHRS7
cg24093715,grey,CNGA1
cg24094374,turquoise,GTF2A1
cg24098013,turquoise,APOLD1
cg24098302,turquoise,CTDSPL2
cg24100841,lightgreen,
cg24101492,grey,
cg24102601,blue,NAA25
cg24102726,cyan,CASZ1
cg24102817,grey,
cg24104387,grey,
cg24107899,grey,PARK2
cg24109415,turquoise,
cg24112000,grey,
cg24113818,grey,RASA3
cg24116222,turquoise,ZNF672
cg24117592,turquoise,C5orf36
cg24118521,grey,HTR2A
cg24118894,turquoise,
cg24119469,grey,
cg24120960,grey,STAG1
cg24121098,turquoise,CALM3
cg24124703,turquoise,MEF2C
cg24124753,salmon,GTF2E1
cg24125287,turquoise,C2orf63
cg24125901,turquoise,CRLF1
cg24126849,grey,
cg24126967,grey,
cg24127310,grey,
cg24127506,grey,
cg24127639,turquoise,MYEOV
cg24127743,grey,SUV420H2
cg24129115,grey,REM2
cg24129382,grey,NR1I2
cg24129947,magenta,TTBK2
cg24131747,blue,VTI1B
cg24131748,turquoise,COCH
cg24131848,turquoise,FYTTD1
cg24134479,turquoise,
cg24135438,turquoise,HAUS1
cg24135491,grey,SMTNL2
cg24140037,brown,NMU
cg24140629,blue,SYPL1
cg24140832,blue,PSMD13
cg24143843,turquoise,HNRNPH1
cg24144175,turquoise,PPP1R10
cg24147543,grey,HLA-DRB1
cg24147849,blue,NIT2
cg24153171,grey,MRPS30
cg24153199,grey,SOS2
cg24154779,turquoise,
cg24157952,turquoise,PUSL1
cg24160082,turquoise,YIPF1
cg24161057,turquoise,TSTD1
cg24165760,green,TRAF3
cg24166450,turquoise,
cg24167975,grey,DHX37
cg24170511,blue,LRP10
cg24170947,grey,KIF23
cg24171915,grey,C13orf16
cg24175823,grey,
cg24175968,blue,C7orf31
cg24176030,turquoise,MTERFD2
cg24176037,turquoise,TBPL1
cg24176311,grey,LOC286016
cg24177057,turquoise,FKBP2
cg24183338,blue,HRNBP3
cg24184221,turquoise,MED31
cg24187352,turquoise,
cg24188073,turquoise,PARM1
cg24190127,turquoise,LRRC49
cg24190308,turquoise,C6orf145
cg24191463,turquoise,OTX2OS1
cg24192660,grey,ANO8
cg24198611,turquoise,MAPK14
cg24198953,grey,PGPEP1
cg24199050,yellow,GTSE1
cg24201033,grey,CPT1C
cg24201964,turquoise,
cg24207068,grey,RPTOR
cg24207248,grey,CHMP6
cg24208426,blue,PGAP2
cg24211006,grey,
cg24211779,grey,AGAP1
cg24214699,grey,LRRC27
cg24215070,turquoise,DPYSL4
cg24217844,turquoise,SLC35D3
cg24219751,turquoise,NIPSNAP1
cg24222165,grey,ATPBD4
cg24224153,turquoise,
cg24225147,turquoise,PPIF
cg24225259,turquoise,TTLL4
cg24227264,turquoise,FAM115A
cg24228112,grey,NDNL2
cg24229701,grey,PIWIL1
cg24231558,grey,
cg24233211,grey,
cg24233331,grey,UBOX5
cg24234651,grey,GLIPR1L1
cg24236409,turquoise,EDNRB
cg24236870,blue,EHD4
cg24236887,blue,BMPER
cg24239882,turquoise,ST8SIA1
cg24241129,grey,TMCO1
cg24246628,grey,KIF25
cg24246705,turquoise,C7orf10
cg24250549,turquoise,PMVK
cg24250902,grey,GALNT2
cg24251111,brown,PRKAG2
cg24258529,grey,
cg24268157,grey,XPNPEP3
cg24274982,turquoise,CBX3
cg24277876,grey,
cg24280645,grey,
cg24283186,turquoise,
cg24285919,grey,AFG3L2
cg24288463,turquoise,C20orf26
cg24289452,grey,
cg24294529,turquoise,
cg24296452,grey,C19orf41
cg24299306,grey,
cg24302086,turquoise,FANCL
cg24306585,magenta,PCSK2
cg24307440,turquoise,C9orf142
cg24308654,turquoise,OCIAD2
cg24310336,turquoise,C17orf48
cg24310460,blue,S100PBP
cg24310785,grey,QKI
cg24312117,turquoise,C21orf67
cg24312661,grey,SEMA4B
cg24313640,turquoise,CLP1
cg24313932,grey,
cg24317190,grey,
cg24319171,grey,IQSEC3
cg24322139,grey,SAP18
cg24322382,turquoise,RBPJ
cg24324837,grey,CCDC155
cg24325362,turquoise,PIK3C3
cg24326880,grey,SAE1
cg24327262,grey,
cg24330922,turquoise,MRPS18B
cg24331312,turquoise,TP53I11
cg24333845,turquoise,MBNL1
cg24336839,grey,GSTT1
cg24337025,grey,
cg24337640,grey,NEU3
cg24337993,turquoise,
cg24339197,grey,CABP1
cg24343515,grey,PI4K2A
cg24344662,turquoise,GRTP1
cg24345060,turquoise,AP2M1
cg24345715,blue,
cg24346905,grey,NTNG1
cg24347903,turquoise,C11orf49
cg24348240,turquoise,UBXN11
cg24348823,grey,HSD11B1L
cg24349631,grey,C22orf26
cg24350612,turquoise,TERF1
cg24352561,grey,C7orf50
cg24354818,grey,TNFRSF6B
cg24354901,blue,KDM5B
cg24358465,turquoise,HIST1H2AG
cg24360745,grey,PUS7
cg24361198,grey,
cg24364518,grey,PSME3
cg24368383,grey,MIB2
cg24369746,turquoise,PRR5L
cg24371155,grey,MYO16
cg24372256,grey,UMODL1
cg24372325,salmon,UBA52
cg24372565,blue,FBXO15
cg24373308,grey,BAG2
cg24374161,turquoise,AMBRA1
cg24374738,grey,CRYBA2
cg24377657,grey,BDNF
cg24382680,turquoise,ZFAND6
cg24389034,grey,WDR27
cg24391240,grey,CCDC11
cg24391458,turquoise,SLC9A8
cg24391991,grey,MAP3K8
cg24392577,grey,LTBP3
cg24393602,turquoise,GSTA4
cg24394819,grey,RPTOR
cg24394934,turquoise,TMEM93
cg24395801,grey,COL24A1
cg24396271,turquoise,PET117
cg24398932,blue,SLFN5
cg24399395,blue,
cg24399556,turquoise,KLHL24
cg24399712,grey,
cg24400921,grey,PRICKLE1
cg24403578,turquoise,CCDC15
cg24403845,grey,SORCS1
cg24403968,blue,TXN2
cg24405174,grey,PL-5283
cg24406116,turquoise,SORT1
cg24406898,grey,COL1A2
cg24409356,grey,TMCO1
cg24410064,blue,C1GALT1
cg24410256,turquoise,SPATS2
cg24411299,grey,RBM33
cg24413007,turquoise,MON2
cg24416562,turquoise,ARL6IP6
cg24419284,turquoise,RHOV
cg24419363,blue,SMPD1
cg24419560,grey,C19orf29
cg24419828,cyan,SPATS2L
cg24420205,turquoise,ZNF266
cg24424146,grey,HEY2
cg24425021,turquoise,POU4F1
cg24425628,grey,OMG
cg24426391,grey,HTATIP2
cg24428325,turquoise,
cg24428877,grey,
cg24429831,blue,RBM42
cg24429881,blue,POGK
cg24431515,grey,ATHL1
cg24436446,grey,UGGT2
cg24440658,grey,
cg24441068,blue,EIF3M
cg24441127,turquoise,MR1
cg24441627,yellow,BRI3BP
cg24441899,grey,SDK1
cg24441954,grey,ZSCAN23
cg24442454,grey,MDGA1
cg24444521,turquoise,
cg24447680,grey,HSPG2
cg24450063,grey,SLC25A44
cg24451981,turquoise,BUB1B
cg24452005,blue,VAPA
cg24452366,blue,PPHLN1
cg24452451,grey,PPAP2C
cg24455236,grey,PLEKHH3
cg24455359,turquoise,ACACA
cg24457521,turquoise,ATP5E
cg24457886,turquoise,GYS1
cg24458400,turquoise,THRAP3
cg24459738,grey,ZNF805
cg24460126,grey,FAM163A
cg24463073,turquoise,C6orf204
cg24465118,blue,C20orf199
cg24465429,grey,HLA-DPB2
cg24465448,blue,ASAH1
cg24465787,turquoise,USP48
cg24467337,turquoise,LOC284805
cg24467349,grey,GSTM5
cg24469095,turquoise,CKAP2
cg24469803,turquoise,POLR3A
cg24470734,grey,SLFN12
cg24475182,grey,
cg24475210,blue,MRFAP1
cg24476033,grey,C3
cg24476569,grey,ABCC4
cg24477102,grey,CSMD1
cg24477193,turquoise,ALG14
cg24479859,grey,
cg24480695,grey,IGSF22
cg24481633,turquoise,DOCK4
cg24482496,turquoise,UTP6
cg24487027,grey,
cg24487372,grey,
cg24487908,turquoise,
cg24489344,grey,
cg24490630,turquoise,
cg24493334,turquoise,STARD3NL
cg24500222,grey,CALN1
cg24500441,turquoise,MEGF11
cg24500456,blue,C1orf151
cg24501027,blue,RPAP2
cg24501315,brown,KRBA1
cg24503272,blue,MRPL18
cg24503407,grey,PM20D1
cg24506221,grey,GSTM1
cg24507739,grey,MPV17
cg24508426,grey,
cg24509331,turquoise,
cg24510518,grey,GLI4
cg24511782,turquoise,ANAPC7
cg24512778,turquoise,ARL5A
cg24513883,turquoise,DAXX
cg24515368,grey,DDAH1
cg24516711,turquoise,ATG4B
cg24520589,blue,RFFL
cg24520806,turquoise,PWWP2B
cg24524379,grey,LRRC2
cg24525457,grey,C7orf51
cg24526056,grey,HAVCR1
cg24527560,grey,LOC441666
cg24527785,turquoise,MSH5
cg24527973,blue,EDC3
cg24530147,grey,PRR23C
cg24530264,grey,CYP2E1
cg24536200,grey,MSH5
cg24536410,grey,C11orf82
cg24536782,grey,
cg24541871,turquoise,SMEK2
cg24542126,turquoise,ARID1A
cg24544594,grey,NCRNA00028
cg24544803,blue,GABBR1
cg24544986,grey,
cg24545054,turquoise,GSTCD
cg24545466,turquoise,LMO2
cg24545961,grey,CLDN10
cg24546083,blue,TPM3
cg24548869,turquoise,PATZ1
cg24548919,grey,TIMELESS
cg24549659,grey,
cg24550149,grey,TTC22
cg24550302,turquoise,RING1
cg24550644,grey,MYO1D
cg24552844,turquoise,AMICA1
cg24553862,turquoise,
cg24554061,turquoise,NAA40
cg24554151,grey,PANX1
cg24555360,grey,WIPI2
cg24555763,grey,ST18
cg24556660,grey,COG5
cg24558132,green,PSMG1
cg24568245,turquoise,ATM
cg24568646,blue,CCT8
cg24573310,grey,CISD1
cg24573321,grey,BAI3
cg24575651,grey,NAALADL2
cg24577193,turquoise,ZZZ3
cg24579424,grey,PTPN14
cg24580066,turquoise,OVOL2
cg24583615,grey,UGGT2
cg24583855,turquoise,STARD9
cg24585418,grey,
cg24587601,turquoise,CASS4
cg24588096,turquoise,AKR1A1
cg24589017,turquoise,SMYD3
cg24591318,turquoise,RBM47
cg24591563,blue,RPL14
cg24591913,grey,
cg24593630,grey,ZNF593
cg24597466,grey,SIPA1L2
cg24598948,grey,LOC441666
cg24599107,grey,PVRL4
cg24599205,turquoise,KCNC4
cg24599943,grey,MDM1
cg24599951,turquoise,DYRK3
cg24600221,grey,IGF1R
cg24602417,grey,
cg24603152,grey,PRKACB
cg24604988,grey,CHMP4B
cg24605529,turquoise,NBEAL1
cg24605553,grey,ATP8A2
cg24607315,turquoise,SMARCA5
cg24608205,turquoise,SF3B4
cg24608381,grey,NXPH2
cg24608458,grey,PINK1
cg24609819,grey,PRKG1
cg24611823,turquoise,
cg24611962,blue,HMMR
cg24612772,turquoise,EXT2
cg24616081,brown,
cg24616589,grey,NUB1
cg24621437,grey,SORCS1
cg24623434,grey,RPP14
cg24624505,grey,
cg24626312,grey,LOC404266
cg24630426,grey,
cg24630516,grey,UVRAG
cg24633833,turquoise,TMEM111
cg24633978,grey,HOXD11
cg24634420,grey,PDGFC
cg24634471,grey,JRK
cg24635754,grey,
cg24636336,grey,
cg24637044,grey,RNF39
cg24637308,grey,DNHD1
cg24638099,grey,HLA-DRB6
cg24638253,grey,
cg24638766,turquoise,BRAF
cg24639335,blue,TMEM80
cg24641125,turquoise,HMGN1
cg24646529,turquoise,TUBB
cg24647015,grey,
cg24647820,grey,
cg24650267,grey,
cg24651265,turquoise,
cg24652615,grey,TMEM151B
cg24661986,turquoise,MPP6
cg24662107,turquoise,
cg24662653,turquoise,KIAA1147
cg24662666,grey,LOC282997
cg24663255,blue,ZNF252
cg24663490,turquoise,HIST1H2AL
cg24663514,grey,FAM98B
cg24663638,grey,HSD17B4
cg24664526,turquoise,VPS52
cg24664590,blue,NOC2L
cg24666276,turquoise,MYC
cg24667115,turquoise,BACH2
cg24667575,grey,NEURL1B
cg24669694,turquoise,ADIPOR2
cg24673147,pink,CLIP2
cg24674445,grey,
cg24675658,turquoise,ZYG11B
cg24676409,blue,WBP4
cg24676486,turquoise,GRINL1A
cg24676666,grey,
cg24676817,turquoise,
cg24677268,turquoise,XPO1
cg24678095,grey,GALNT3
cg24679411,turquoise,PTMS
cg24680439,grey,
cg24680632,grey,
cg24680758,grey,GRIK2
cg24681695,turquoise,C2orf77
cg24684349,grey,CCND3
cg24684739,turquoise,ZFP91
cg24686380,turquoise,FLJ32065
cg24686497,grey,BEND7
cg24686911,grey,G2E3
cg24690094,grey,
cg24691105,turquoise,DLEU2
cg24693225,turquoise,
cg24693447,grey,PIGT
cg24693760,grey,
cg24699670,grey,TNNT1
cg24699976,turquoise,RBM14
cg24701295,turquoise,USP36
cg24702069,grey,MYO16
cg24702360,grey,
cg24703390,grey,
cg24703804,grey,MDM2
cg24704211,grey,CDC16
cg24704730,grey,PYY
cg24706023,turquoise,LOC282997
cg24706032,turquoise,DLG4
cg24708350,turquoise,PTPN21
cg24710191,grey,HLTF
cg24710480,turquoise,LOC285830
cg24710520,grey,HLA-C
cg24711626,turquoise,KIAA1012
cg24712108,turquoise,B9D2
cg24713490,turquoise,TBC1D5
cg24713878,turquoise,P2RX5
cg24716664,grey,AP2A2
cg24717854,turquoise,ZBTB12
cg24718356,turquoise,PSMB9
cg24718846,turquoise,MICB
cg24718971,grey,RASGRF2
cg24720361,turquoise,MARS
cg24721750,brown,MIR127
cg24722577,grey,
cg24722950,grey,
cg24723421,grey,FN1
cg24723561,grey,SLC35F3
cg24726370,grey,
cg24727188,grey,RMND1
cg24728112,turquoise,DAXX
cg24728435,turquoise,TMEM53
cg24732344,grey,CREB3L2
cg24738140,grey,DNAH17
cg24738387,greenyellow,
cg24739189,grey,OSBPL8
cg24740026,turquoise,
cg24740896,turquoise,ACOX3
cg24741225,grey,
cg24743639,turquoise,EHD3
cg24745548,turquoise,GMPPA
cg24749559,grey,
cg24749912,turquoise,SKP2
cg24752836,grey,ARID5B
cg24754223,grey,PFKP
cg24755537,grey,COX10
cg24761212,grey,NOTCH4
cg24763094,turquoise,MARCH7
cg24763953,turquoise,PPP1CC
cg24766821,grey,
cg24768116,grey,KRTCAP3
cg24768974,turquoise,
cg24769513,turquoise,ACHE
cg24770389,grey,WDR37
cg24771152,grey,VARS
cg24771349,turquoise,BCL6
cg24772760,grey,
cg24773522,blue,SNUPN
cg24775313,grey,ORMDL2
cg24775454,grey,ABCB6
cg24777868,turquoise,MAP3K3
cg24778241,turquoise,PPIL5
cg24779751,turquoise,WDR62
cg24783119,grey,LCA5L
cg24786174,grey,ZNF516
cg24786498,turquoise,SNORA26
cg24786579,grey,DNM1L
cg24789447,grey,EDNRA
cg24789487,yellow,FAM171B
cg24791283,grey,ARPC1A
cg24792717,grey,PCDHA6
cg24792813,turquoise,C2CD2L
cg24794857,grey,CYP4V2
cg24796644,grey,MDGA1
cg24797456,grey,
cg24797471,grey,IER2
cg24799620,grey,PDGFRA
cg24800175,grey,CACNA1A
cg24801210,greenyellow,PCNP
cg24802244,turquoise,NT5M
cg24802771,blue,ZNF141
cg24803059,brown,HCCA2
cg24804544,turquoise,GRID2IP
cg24806953,turquoise,BRCA1
cg24809037,turquoise,AES
cg24810735,grey,ANGPT1
cg24812143,brown,KIAA1274
cg24814075,grey,ZNF791
cg24814707,grey,KIAA1211
cg24815289,blue,LMAN2
cg24815792,grey,GNMT
cg24816460,turquoise,CDYL
cg24818145,grey,C4orf37
cg24820270,grey,FAT1
cg24820672,grey,
cg24822053,grey,GDF1
cg24822696,grey,STL
cg24824417,turquoise,
cg24826892,turquoise,DHCR7
cg24828620,grey,ZPBP
cg24832140,turquoise,ZNF114
cg24833027,grey,ARHGEF10
cg24834873,grey,ANKRD34B
cg24835458,turquoise,POLK
cg24836072,turquoise,CCDC61
cg24837026,grey,GMPS
cg24837411,turquoise,TWSG1
cg24838063,grey,PIWIL1
cg24838517,turquoise,STX5
cg24840300,grey,LPPR3
cg24842402,grey,R3HCC1
cg24843443,turquoise,DDX60L
cg24847621,grey,TRIM10
cg24847846,grey,
cg24848557,turquoise,MRE11A
cg24850932,turquoise,COX17
cg24851651,grey,CCS
cg24853438,grey,
cg24853868,grey,
cg24853871,turquoise,CEBPG
cg24855730,turquoise,BLZF1
cg24857238,turquoise,PGAM5
cg24857620,red,NPBWR1
cg24858140,turquoise,MTHFS
cg24858233,grey,
cg24859945,grey,
cg24862153,turquoise,C19orf66
cg24862510,grey,
cg24864161,grey,MOV10L1
cg24865292,cyan,PGRMC2
cg24866923,grey,WDR72
cg24867279,grey,
cg24868248,turquoise,SFRS1
cg24869241,turquoise,BCKDHB
cg24872425,grey,PRR23A
cg24873388,turquoise,API5
cg24873593,grey,APBB3
cg24873649,turquoise,GEMIN6
cg24873743,turquoise,RAB11FIP5
cg24875017,grey,ESPNP
cg24875593,grey,PDXK
cg24877963,turquoise,HLA-C
cg24878755,turquoise,C6orf115
cg24881202,grey,FBXO6
cg24882097,turquoise,BIRC3
cg24882324,grey,TNXB
cg24882829,grey,NUDT6
cg24883709,turquoise,C7orf27
cg24885417,blue,NPY
cg24886267,grey,FBLL1
cg24886843,grey,DDX43
cg24887381,turquoise,ARID5B
cg24889653,turquoise,C2orf77
cg24890023,grey,XPO1
cg24890222,turquoise,CDC16
cg24891434,grey,ANO1
cg24891846,grey,CACNA1A
cg24891986,turquoise,WDR75
cg24895754,turquoise,C12orf49
cg24897108,grey,PFKFB3
cg24898738,grey,GPR123
cg24899205,turquoise,TXNRD2
cg24900425,grey,BRCA1
cg24906525,turquoise,SH3BP4
cg24907970,turquoise,NLN
cg24909753,grey,DOC2B
cg24911891,grey,
cg24915371,blue,PDE6D
cg24916688,grey,
cg24917527,yellow,FZD2
cg24920126,grey,PPP1R3G
cg24922631,blue,RFXANK
cg24922817,turquoise,
cg24923430,grey,MFHAS1
cg24923684,turquoise,TLK1
cg24923891,turquoise,
cg24923931,grey,PRX
cg24924563,grey,TGOLN2
cg24927124,grey,RPP21
cg24929754,grey,LRRC39
cg24930634,turquoise,ANKRD13A
cg24933247,turquoise,PBX4
cg24937136,grey,PARP1
cg24937727,grey,RGL3
cg24938498,blue,NKTR
cg24940138,turquoise,TMEM106A
cg24941931,turquoise,C19orf44
cg24942272,turquoise,IGFBP3
cg24945462,grey,LOC642852
cg24951396,turquoise,DHX37
cg24952358,grey,LMBR1
cg24952959,turquoise,TGFBR2
cg24953233,turquoise,TRIP13
cg24953506,blue,MIIP
cg24955114,turquoise,RAD54L
cg24955406,turquoise,HIAT1
cg24958423,grey,
cg24958916,turquoise,EFCAB5
cg24960960,grey,SDHAP3
cg24965497,brown,NEURL4
cg24969942,grey,SLC16A9
cg24973150,turquoise,HOXB7
cg24973585,blue,MARK3
cg24973791,turquoise,STAG1
cg24975986,grey,ZNF727
cg24976335,turquoise,SCAMP1
cg24979630,purple,PPP1R12A
cg24980235,turquoise,BUD13
cg24980904,turquoise,MYL12A
cg24983383,grey,IL18R1
cg24984523,turquoise,PHF11
cg24985459,turquoise,MLH1
cg24988444,grey,COQ10B
cg24990422,yellow,TRIM27
cg24990803,turquoise,VPS41
cg24994173,turquoise,TSLP
cg24994893,turquoise,DHX8
cg24998145,turquoise,MCL1
cg24998527,grey,
cg24999243,turquoise,PGS1
cg24999924,turquoise,C20orf20
cg25004981,grey,LASS3
cg25005112,grey,
cg25005279,tan,TUBGCP2
cg25006249,grey,C20orf96
cg25009451,turquoise,HSPA2
cg25010146,grey,GHR
cg25010415,grey,
cg25010788,grey,NKAIN1
cg25011115,red,IQCB1
cg25011749,turquoise,C13orf38
cg25013550,grey,PPAP2A
cg25017403,grey,
cg25017620,grey,
cg25017976,blue,CKS1B
cg25019033,grey,
cg25021622,turquoise,ANKRD13B
cg25022560,turquoise,SLC41A1
cg25023260,grey,
cg25024993,grey,PCDHA7
cg25026013,turquoise,TMEM93
cg25027028,grey,
cg25027091,turquoise,NUDC
cg25029264,grey,C15orf26
cg25031040,turquoise,C20orf96
cg25032991,turquoise,TANC1
cg25033817,pink,SEC14L2
cg25034424,grey,
cg25034941,turquoise,LRCH1
cg25034947,blue,TIPRL
cg25035392,turquoise,
cg25036284,grey,FAM59B
cg25037335,grey,
cg25038283,turquoise,MYO5A
cg25039694,grey,DNAJB6
cg25040670,turquoise,HIST1H4A
cg25042948,grey,CDC6
cg25045489,grey,RNF10
cg25045942,grey,HLA-DPB1
cg25050353,turquoise,PVRL1
cg25051134,grey,
cg25051278,turquoise,CFLAR
cg25052156,grey,FGFR2
cg25052180,turquoise,GOLT1B
cg25052374,brown,CANT1
cg25060172,blue,CDKL2
cg25060468,blue,C17orf81
cg25061131,turquoise,RELT
cg25063058,turquoise,ARPP19
cg25063151,grey,MXRA8
cg25066665,grey,RPRD2
cg25070075,grey,
cg25074170,grey,FAM149A
cg25076597,grey,LRRC27
cg25077654,turquoise,PSMG1
cg25080524,grey,DHX15
cg25084220,turquoise,MARCH3
cg25087958,turquoise,RAD1
cg25088409,blue,
cg25089142,turquoise,BTBD11
cg25089587,grey,ZFYVE21
cg25092247,grey,ZFYVE20
cg25092681,grey,MARCH11
cg25098208,turquoise,RIC3
cg25103043,turquoise,PRKCG
cg25103726,grey,RIMBP2
cg25104186,grey,CSMD2
cg25104727,grey,ASTN1
cg25105536,grey,KLHL32
cg25105901,turquoise,GDPD1
cg25107000,grey,
cg25107077,turquoise,SMARCD1
cg25107608,turquoise,TPM3
cg25108382,turquoise,MICALL2
cg25110423,grey,NFYA
cg25112611,green,LOC100289511
cg25113081,grey,TRIM59
cg25114075,turquoise,CEP63
cg25116125,blue,SQRDL
cg25120325,grey,PNLIPRP2
cg25125450,grey,RFPL2
cg25126456,turquoise,CCND2
cg25126854,grey,MYST4
cg25129384,turquoise,CHP
cg25130238,turquoise,WDR65
cg25130734,grey,ELP4
cg25131247,turquoise,DDX6
cg25131453,turquoise,WDR36
cg25131503,turquoise,MDN1
cg25132226,turquoise,USP8
cg25134647,grey,
cg25137590,grey,FBXW7
cg25138311,turquoise,IFT172
cg25142702,turquoise,MED10
cg25143235,grey,CHD5
cg25146017,grey,C6orf186
cg25147376,grey,ILDR2
cg25147842,turquoise,HAUS3
cg25147866,turquoise,STX6
cg25148282,grey,HSF5
cg25148771,turquoise,C4orf10
cg25151353,turquoise,DGKZ
cg25152368,turquoise,PRDM16
cg25153669,turquoise,YARS
cg25155006,turquoise,PIM1
cg25157280,pink,CELSR3
cg25160554,turquoise,ARL6
cg25163134,turquoise,PSMC4
cg25168288,turquoise,RAD9A
cg25169790,turquoise,KIAA0195
cg25172604,turquoise,
cg25173405,grey,C17orf57
cg25175469,turquoise,FAM63B
cg25176883,brown,TRIM65
cg25179963,blue,NT5DC1
cg25181751,grey,
cg25182919,grey,NUP160
cg25183958,grey,CBLL1
cg25186645,turquoise,SYPL1
cg25186680,turquoise,IQGAP1
cg25189007,turquoise,CCPG1
cg25190151,brown,
cg25190465,turquoise,FSIP1
cg25191041,turquoise,
cg25191332,turquoise,IFRD1
cg25195302,turquoise,MXI1
cg25199850,turquoise,
cg25201881,turquoise,SYT6
cg25202618,turquoise,CDC6
cg25203704,grey,LOC285696
cg25205988,turquoise,CHD1L
cg25206705,grey,ABR
cg25208017,turquoise,FMN2
cg25208046,magenta,ARSK
cg25208724,grey,SLC25A44
cg25210835,grey,GSTM5
cg25211013,turquoise,NAA20
cg25211093,grey,
cg25211403,grey,
cg25212762,grey,MLH1
cg25215329,turquoise,SPATA5L1
cg25215594,grey,
cg25215885,turquoise,C18orf22
cg25219134,turquoise,BRP44
cg25220063,grey,
cg25220300,turquoise,RASA2
cg25221653,turquoise,C11orf75
cg25223285,grey,
cg25230151,blue,SLC1A2
cg25232397,brown,NXN
cg25232745,turquoise,C20orf96
cg25234159,turquoise,C3orf70
cg25235159,blue,KBTBD4
cg25235638,grey,C1QTNF3
cg25237056,turquoise,PRC1
cg25241885,turquoise,TIFA
cg25242587,blue,CLASP1
cg25243082,grey,
cg25243455,turquoise,PAX8
cg25245506,blue,LOC646851
cg25245636,turquoise,ANAPC11
cg25247455,turquoise,RPS9
cg25248160,grey,NKAIN3
cg25250073,turquoise,COX5A
cg25251562,grey,ALLC
cg25253716,turquoise,TMEM194A
cg25254014,turquoise,PARP16
cg25255293,grey,
cg25258812,turquoise,POLB
cg25259142,grey,ZNF460
cg25261181,brown,C4orf44
cg25261764,blue,NARS
cg25262044,turquoise,DKK2
cg25266327,grey,KLF2
cg25267487,grey,
cg25267765,turquoise,ZNF582
cg25267957,grey,FBXO7
cg25269000,grey,C4orf23
cg25270788,blue,RUVBL2
cg25271375,turquoise,GANC
cg25271479,grey,BRSK2
cg25276149,grey,C1orf31
cg25277397,turquoise,OTUD3
cg25277534,turquoise,DDAH1
cg25277553,grey,RAP1A
cg25277723,turquoise,MAP3K5
cg25277809,grey,
cg25278669,blue,ZBTB3
cg25282780,turquoise,AK3
cg25283121,grey,GALNT9
cg25283336,grey,HLA-DPA1
cg25283577,turquoise,C12orf49
cg25284208,turquoise,POLR3D
cg25285794,grey,HOXC8
cg25288085,turquoise,FAM64A
cg25288140,grey,BRCA1
cg25289973,grey,LIMCH1
cg25291941,grey,POP1
cg25294185,blue,RNASEH2C
cg25296236,turquoise,AKAP1
cg25298235,grey,COG5
cg25298319,grey,
cg25301532,grey,KCNK15
cg25303761,grey,
cg25306499,turquoise,PTPRS
cg25307168,grey,SLC32A1
cg25307665,grey60,HOXA5
cg25308322,grey,
cg25310430,turquoise,WDR60
cg25310602,turquoise,SFRS11
cg25311330,grey,TMEM183A
cg25313289,turquoise,PGP
cg25314532,blue,C22orf23
cg25315287,turquoise,HAUS5
cg25319279,grey,
cg25319337,grey,HUS1
cg25319570,grey,BAG2
cg25319862,grey,
cg25320388,turquoise,
cg25322720,grey,
cg25326998,turquoise,SLC25A19
cg25327888,grey,CACNB2
cg25328403,turquoise,MAML1
cg25329933,grey,MOG
cg25330361,grey,CYP2E1
cg25332918,grey,
cg25333216,turquoise,MIR636
cg25335107,grey,PCMTD1
cg25335841,grey,
cg25339653,grey,EIF2AK2
cg25340050,grey,PCDHB16
cg25344322,grey,
cg25345738,grey,PWP1
cg25347362,turquoise,UBL5
cg25349574,turquoise,CAMTA2
cg25350011,grey,ANGPT2
cg25350087,turquoise,FBRSL1
cg25353026,turquoise,SCYL3
cg25353450,grey,PCDHGA4
cg25353721,grey,
cg25355065,turquoise,ARL3
cg25355972,turquoise,NDUFV3
cg25356066,turquoise,ACAD9
cg25356393,grey,KCNQ2
cg25357022,grey,CTDP1
cg25357589,turquoise,BNIP1
cg25363559,grey,
cg25363885,grey,PPP2R2B
cg25364740,turquoise,TUBB
cg25364859,turquoise,LOC100286844
cg25364880,black,C3orf23
cg25366140,grey,PTPRN2
cg25367905,turquoise,RGS14
cg25370039,grey,GALNT9
cg25371129,grey,BAT2
cg25371692,blue,MRPL4
cg25378085,turquoise,EME1
cg25379161,turquoise,C5orf41
cg25381667,turquoise,BDNF
cg25382214,grey,PRDM16
cg25385412,turquoise,ELOVL1
cg25385684,grey,C11orf10
cg25390787,grey,CRISP2
cg25392362,grey,GNB2
cg25396728,grey,IQSEC3
cg25397557,grey,
cg25399148,grey,TRAPPC9
cg25399239,grey,
cg25401284,grey,FADS1
cg25402610,black,
cg25404394,turquoise,FAM102B
cg25408707,grey,IGF2R
cg25409040,blue,CSTF3
cg25410318,turquoise,C15orf39
cg25411508,brown,ATP13A1
cg25412017,turquoise,
cg25414165,grey,C10orf11
cg25414463,brown,
cg25415877,turquoise,GIN1
cg25417842,grey,AGAP3
cg25418007,turquoise,
cg25418831,pink,VPS13A
cg25419628,turquoise,NHLRC2
cg25423077,grey,CDH20
cg25431026,turquoise,STXBP2
cg25431399,grey,IFT80
cg25432232,grey,AURKC
cg25432392,turquoise,DNAJC19
cg25432738,grey,CRYL1
cg25433188,grey,SFMBT2
cg25433490,turquoise,STARD10
cg25434864,grey,
cg25435446,turquoise,NUDCD3
cg25435819,grey,
cg25436886,grey,
cg25436946,turquoise,TMF1
cg25437410,turquoise,COL23A1
cg25438517,grey,
cg25439807,grey,DLGAP1
cg25440958,turquoise,PODNL1
cg25441771,turquoise,MCCC1
cg25445977,turquoise,
cg25446329,grey,C10orf140
cg25449542,blue,HIC1
cg25456020,grey,RPH3AL
cg25456368,grey,HOPX
cg25456477,grey,RASSF9
cg25456593,grey,SHANK2
cg25457927,grey,
cg25458175,grey,ZBTB45
cg25459280,grey,ZNF664
cg25465019,yellow,LMO4
cg25466588,green,NKIRAS1
cg25467855,blue,LNPEP
cg25469221,grey,ZNF133
cg25470758,grey,
cg25471831,turquoise,AES
cg25472530,grey,PRDM9
cg25472614,grey,
cg25474507,turquoise,PDE4C
cg25475056,turquoise,COX6B1
cg25475289,blue,TGFA
cg25476939,turquoise,ATP6V1F
cg25477839,grey,ZNF252
cg25478299,grey,
cg25478527,turquoise,CEP57
cg25479306,turquoise,VPS37C
cg25481252,grey,SLC26A7
cg25485192,grey,SGCE
cg25487775,grey,
cg25492971,grey,CALB1
cg25493545,blue,QTRT1
cg25494665,turquoise,DGKH
cg25495024,grey,STX8
cg25496071,turquoise,IRF2BP1
cg25498107,grey,DNAJC17
cg25498969,grey,STAG1
cg25499461,blue,IRF2BP1
cg25500890,turquoise,VPS37D
cg25502144,grey,NCRNA00028
cg25502245,brown,
cg25503001,turquoise,XPO4
cg25503149,grey,
cg25504605,grey,MTMR4
cg25507803,grey,OSBPL10
cg25508118,grey,STEAP3
cg25510282,grey,LEKR1
cg25511667,grey,HLA-DPB1
cg25513173,black,HDGFRP3
cg25513933,grey,SH3PXD2B
cg25514328,turquoise,RPTOR
cg25516881,grey,ACADL
cg25518092,grey,DYRK1A
cg25518386,turquoise,RAB3A
cg25522149,grey,DOCK6
cg25524962,turquoise,GJA3
cg25525163,blue,ACAA1
cg25525207,blue,C4orf14
cg25526920,turquoise,HMP19
cg25528916,turquoise,STAP2
cg25530631,turquoise,DDB1
cg25532409,turquoise,FBXL12
cg25532501,magenta,GLB1L2
cg25533361,turquoise,EIF3B
cg25533547,blue,EXOC6B
cg25538415,grey,DCAKD
cg25538602,grey,FMNL1
cg25539011,red,CCRN4L
cg25539435,grey,ZDHHC20
cg25540579,grey,TCF3
cg25543316,turquoise,IFNGR1
cg25543676,turquoise,SMARCE1
cg25544073,turquoise,MTDH
cg25548415,turquoise,PLEC1
cg25551243,grey,SOX30
cg25552655,turquoise,CEBPG
cg25555137,turquoise,BCR
cg25556204,yellow,UGGT2
cg25556987,turquoise,C11orf58
cg25559849,grey,LRRC27
cg25560363,turquoise,LINGO1
cg25563087,turquoise,DHRS7
cg25565376,turquoise,COQ3
cg25568243,turquoise,DEM1
cg25568981,grey,HRH2
cg25571757,grey,
cg25574765,turquoise,PPFIA1
cg25575065,grey,ARSA
cg25575464,turquoise,NEURL4
cg25577078,grey,SHANK2
cg25577648,grey,
cg25577940,turquoise,STT3B
cg25579867,grey,ANKRD33B
cg25580254,turquoise,SLC2A3
cg25582488,grey,
cg25584081,turquoise,RPL3
cg25584814,grey,MIER2
cg25587181,blue,
cg25587211,blue,ANO10
cg25590392,turquoise,TMEM52
cg25590798,red,GALK2
cg25591794,grey,PRHOXNB
cg25593258,grey,ATP2A2
cg25595431,grey,
cg25595446,turquoise,PRMT1
cg25596297,turquoise,PAX3
cg25598086,turquoise,HSPA2
cg25598840,grey,HOXA2
cg25599538,grey,UCP1
cg25600478,grey,
cg25601879,grey,
cg25604594,grey,ANKRD2
cg25604739,grey,CCDC130
cg25607920,grey,HIVEP3
cg25609284,blue,BLCAP
cg25610492,turquoise,ISG15
cg25611443,grey,ELK4
cg25612391,grey,SLC25A42
cg25613170,grey,TBKBP1
cg25613559,grey,NLN
cg25613600,grey,ATG4C
cg25615509,turquoise,C22orf30
cg25617012,grey,
cg25619136,grey,DEPDC4
cg25622155,turquoise,
cg25622366,grey,OTX1
cg25623524,grey,NCRNA00181
cg25623977,turquoise,NADSYN1
cg25625872,turquoise,GMEB2
cg25627144,turquoise,DLL3
cg25627403,blue,HNRNPUL1
cg25631518,grey,KIAA1967
cg25631936,turquoise,CNOT8
cg25632648,blue,KCTD21
cg25632672,turquoise,GTPBP1
cg25635139,grey,RBCK1
cg25635144,blue,CCDC13
cg25636833,blue,PHF5A
cg25640619,turquoise,CDGAP
cg25641223,grey,PDE10A
cg25642212,turquoise,ASNA1
cg25642217,grey,MGC70857
cg25646128,grey,NOL11
cg25646854,grey,OSBPL2
cg25651615,turquoise,FBXO22
cg25653641,grey,
cg25654619,yellow,TGOLN2
cg25660583,turquoise,POLD1
cg25661781,turquoise,WIPI1
cg25663379,turquoise,
cg25666403,turquoise,OSM
cg25669249,grey,FAM189A1
cg25671716,turquoise,
cg25673357,turquoise,AVP
cg25673584,grey,NANOS2
cg25674826,turquoise,MRPS6
cg25674883,grey,
cg25677261,grey,PCSK6
cg25677576,grey,
cg25677688,grey,TAS2R19
cg25680105,grey,
cg25682559,turquoise,FHOD3
cg25682829,grey,C6orf182
cg25683069,turquoise,UHMK1
cg25683358,grey,KIAA1217
cg25683535,grey,LTV1
cg25683570,grey,
cg25683752,blue,ANKRD13A
cg25691754,turquoise,NDUFA2
cg25692835,turquoise,C2orf64
cg25695068,grey,FLJ35220
cg25695610,grey,
cg25696485,blue,PIGP
cg25698777,blue,FAM91A1
cg25699073,lightgreen,
cg25699121,blue,PRC1
cg25702335,grey,CLDN10
cg25703407,grey,
cg25705717,grey,
cg25713309,turquoise,OCEL1
cg25715328,turquoise,ZNF426
cg25716013,grey,COX7A2
cg25719439,turquoise,C16orf7
cg25720793,turquoise,F11R
cg25725258,turquoise,PIK3R3
cg25726425,grey,UGT1A10
cg25728174,grey,IGLON5
cg25728188,grey,
cg25731401,grey,
cg25734825,turquoise,TMEM39A
cg25735398,grey,DIRAS1
cg25736002,grey,REST
cg25736982,grey,ACAT2
cg25737491,turquoise,GABARAP
cg25739316,turquoise,ZFP36
cg25741567,turquoise,FAM165B
cg25743043,turquoise,C1orf203
cg25744767,grey,GNAI1
cg25745663,blue,UNG
cg25753473,grey,
cg25755191,grey,
cg25755428,grey,MRI1
cg25755851,grey,
cg25756129,turquoise,TRA2B
cg25756853,turquoise,P4HA3
cg25758545,turquoise,SALL4
cg25762744,turquoise,FDPS
cg25763956,grey,C7orf20
cg25764899,grey,
cg25769755,blue,MRPL20
cg25769852,grey,CD69
cg25770397,turquoise,KDSR
cg25770698,turquoise,
cg25771041,turquoise,WWTR1
cg25772418,grey,GPR133
cg25774116,turquoise,TMEM161A
cg25774457,turquoise,GABBR1
cg25778220,turquoise,SMAD4
cg25779653,turquoise,FAM89B
cg25781121,blue,ZNF589
cg25784220,grey,ZSCAN18
cg25789216,turquoise,CNIH2
cg25789277,grey,
cg25793507,turquoise,ZNF318
cg25794830,grey,C21orf82
cg25796439,grey,ISM1
cg25796445,turquoise,RIC8A
cg25799699,grey,HAUS8
cg25799969,turquoise,PPP1CB
cg25800500,grey,ANKRD23
cg25801113,grey,SHF
cg25802888,grey,AURKC
cg25803766,turquoise,CYC1
cg25804718,turquoise,AAK1
cg25806100,turquoise,FGF9
cg25807487,grey,MRGPRF
cg25809561,grey,MYO1D
cg25813936,grey,GNE
cg25816013,blue,BUB3
cg25817165,grey,CNDP2
cg25818522,turquoise,WSB1
cg25820361,grey,CLK1
cg25821783,grey,CCDC46
cg25822783,grey,
cg25823419,turquoise,GNB4
cg25824897,turquoise,KIAA0195
cg25826404,grey,MYO15A
cg25828445,grey,
cg25829666,grey,THRB
cg25830305,grey,TNNI2
cg25830692,grey,ASRGL1
cg25830696,turquoise,PYY
cg25834275,turquoise,NFIC
cg25835306,turquoise,UBE2D1
cg25838465,grey,
cg25838818,grey,SULT1C2
cg25840208,yellow,EHD3
cg25841477,turquoise,ZNF281
cg25844605,grey,LOC149837
cg25844921,grey,MRPS25
cg25845597,blue,HIST1H4L
cg25847633,turquoise,C6orf126
cg25854760,grey,INPPL1
cg25856005,turquoise,GABARAP
cg25856179,turquoise,STAT1
cg25857090,turquoise,
cg25858132,grey,
cg25858160,turquoise,
cg25861327,turquoise,NUSAP1
cg25862684,grey,LINS1
cg25864218,turquoise,PAQR3
cg25865570,grey,CUGBP2
cg25866143,grey60,HOXA5
cg25867726,turquoise,C19orf66
cg25873214,turquoise,PTPMT1
cg25876608,turquoise,SYF2
cg25877086,turquoise,KPNB1
cg25878063,grey,
cg25878830,grey,FAM190B
cg25880573,grey,TCEB3
cg25880593,turquoise,BET1
cg25881719,grey,
cg25884711,grey,NPY
cg25888386,turquoise,
cg25893869,turquoise,SFRS11
cg25894985,turquoise,HNRNPD
cg25895907,grey,AQP11
cg25896644,grey,
cg25900902,grey,ACAP1
cg25901000,grey,SLC39A11
cg25903497,grey,PNKD
cg25905674,turquoise,
cg25906220,grey,FGFRL1
cg25908368,turquoise,
cg25910443,turquoise,C9orf3
cg25910506,turquoise,CEP164
cg25918023,grey,ALOX12
cg25919922,grey,
cg25920019,grey,
cg25920214,grey,
cg25920665,grey,IL1R2
cg25921194,grey,RNF169
cg25922163,grey,GGN
cg25922341,turquoise,HAS2
cg25924602,grey,C1QTNF7
cg25926358,turquoise,FGF9
cg25926767,turquoise,ILK
cg25927529,turquoise,SPATA13
cg25927551,grey,LOC285830
cg25932869,grey,LRWD1
cg25936054,grey,
cg25936980,grey,ARIH1
cg25937149,turquoise,KIAA1191
cg25937216,grey,
cg25940946,blue,DERL3
cg25942789,grey,KIF1A
cg25943031,blue,RPS6KA5
cg25943061,turquoise,
cg25945090,turquoise,C19orf40
cg25945821,turquoise,KIAA0652
cg25951501,turquoise,SLFN12L
cg25954194,grey,IL5
cg25954441,turquoise,C22orf32
cg25954539,grey,HLA-B
cg25958766,grey,LOC149837
cg25962286,grey,DLX2
cg25964019,grey,DNAH11
cg25969087,turquoise,PABPC1
cg25969768,grey,HEATR1
cg25969878,grey,STK32C
cg25970832,blue,DSC3
cg25972924,turquoise,FOXM1
cg25975165,brown,PANK4
cg25975626,turquoise,TMEM51
cg25976170,grey,GAS2L1
cg25977101,turquoise,MRPS18A
cg25977965,grey,C6orf10
cg25978138,lightgreen,
cg25979598,grey,RTCD1
cg25980157,turquoise,PPIA
cg25980689,grey,
cg25981801,turquoise,SLC39A3
cg25987077,turquoise,POFUT1
cg25987564,grey,
cg25990494,blue,ARIH1
cg25993851,blue,ARHGAP1
cg25994470,blue,ZNF184
cg25994622,grey,PGLYRP2
cg25994838,turquoise,
cg25995995,grey,NDUFA10
cg25998119,turquoise,ZBTB9
cg25999267,turquoise,SLC25A38
cg26000663,grey,ANO3
cg26005578,turquoise,RASSF10
cg26007540,turquoise,TOP2A
cg26013028,grey,C1orf14
cg26014723,grey,
cg26014827,turquoise,
cg26015356,grey,C17orf50
cg26015416,grey,NTNG1
cg26018738,turquoise,EID2B
cg26022183,grey,PAQR6
cg26023938,blue,ATP5G1
cg26025543,turquoise,
cg26027205,turquoise,KIAA1949
cg26027796,turquoise,
cg26029997,grey,TREX1
cg26031014,turquoise,GTPBP8
cg26031047,turquoise,FAM84B
cg26033501,turquoise,
cg26036479,turquoise,GSTCD
cg26037239,turquoise,ILF2
cg26038582,grey,HIVEP3
cg26039058,turquoise,CHIC2
cg26039829,grey,PIWIL2
cg26040729,grey,RSF1
cg26040809,grey,ADARB2
cg26041076,grey,
cg26043149,grey,FECH
cg26044428,turquoise,ANGEL1
cg26050838,blue,CASP2
cg26052553,turquoise,RFC2
cg26056104,turquoise,
cg26056831,turquoise,C10orf140
cg26057380,turquoise,ATP5I
cg26058420,blue,PIBF1
cg26058965,grey,DNAJC8
cg26061898,turquoise,ZNF24
cg26062048,turquoise,MFAP3
cg26063030,grey,
cg26063721,grey,PACSIN1
cg26064155,turquoise,LIPT1
cg26064460,grey,
cg26068141,turquoise,NCOA2
cg26072254,grey,KIF26B
cg26072327,greenyellow,RGMB
cg26074100,grey,EIF2C2
cg26074223,turquoise,HIST1H3I
cg26075213,grey,
cg26076054,grey,AHRR
cg26077729,grey,
cg26079810,grey,
cg26081900,grey,BTNL3
cg26082665,turquoise,
cg26082690,turquoise,KIAA1279
cg26085762,grey,GMCL1
cg26089074,turquoise,COPS3
cg26091183,grey,LOC100294362
cg26092468,turquoise,KIAA1586
cg26094646,turquoise,DVWA
cg26094651,grey,MYT1L
cg26094752,blue,SNX6
cg26094983,turquoise,HELZ
cg26097011,blue,FGF14
cg26098768,grey,
cg26099834,grey,
cg26099902,grey,PTK2
cg26100149,blue,CPEB4
cg26101402,turquoise,SATB2
cg26101410,turquoise,HAND2
cg26101560,turquoise,TRAPPC4
cg26102599,grey,ZNF204P
cg26102760,turquoise,PASK
cg26103828,grey,SMCHD1
cg26104926,brown,
cg26107590,turquoise,APPL1
cg26110710,turquoise,SLITRK5
cg26112797,turquoise,MIR142
cg26113488,grey,
cg26114124,grey,LOC144571
cg26115851,turquoise,YWHAZ
cg26116260,turquoise,GRPEL1
cg26117570,grey,RBMS1
cg26121931,grey,
cg26124560,grey,CCDC40
cg26125384,turquoise,PCBP1
cg26125503,grey,CTAGE5
cg26131115,turquoise,
cg26133769,grey,PCDH7
cg26134751,grey,TSC22D2
cg26135573,grey,
cg26137940,turquoise,EBF3
cg26138821,grey,CHORDC1
cg26138937,turquoise,C11orf51
cg26146732,grey,
cg26146949,turquoise,EHD4
cg26147554,grey,ENOSF1
cg26148135,turquoise,C1orf96
cg26149131,turquoise,ACYP2
cg26149167,blue,TPM4
cg26149645,grey,ABI3BP
cg26150071,red,CSMD2
cg26151531,blue,GNB1L
cg26153158,grey,
cg26153578,turquoise,RCAN1
cg26154534,turquoise,MYEOV2
cg26159077,turquoise,ETV5
cg26160180,turquoise,GNB1
cg26161170,turquoise,RPP21
cg26162582,grey,KCNA6
cg26162932,turquoise,PRDM8
cg26163238,grey,DEPDC6
cg26164155,turquoise,PNP
cg26165853,turquoise,RPS24
cg26168400,turquoise,STRADB
cg26168469,grey,C14orf132
cg26168643,grey,SLITRK5
cg26168975,turquoise,C1orf58
cg26169439,turquoise,MYCBP2
cg26170245,blue,HDDC3
cg26170805,blue,
cg26171489,brown,SLCO3A1
cg26172694,turquoise,MAST4
cg26172907,turquoise,CDCA5
cg26173375,grey,LASS3
cg26175789,grey,
cg26177544,brown,ZNF236
cg26179441,yellow,NHP2L1
cg26180080,grey,
cg26180612,turquoise,RABGGTA
cg26181490,turquoise,
cg26182037,turquoise,NEK8
cg26182317,grey,
cg26183330,turquoise,
cg26187194,grey,
cg26188632,grey,TRIM27
cg26196213,blue,
cg26196700,grey,SORD
cg26197220,greenyellow,TSC22D1
cg26198430,grey,BRP44L
cg26201811,turquoise,SHANK3
cg26207102,grey,TEAD1
cg26207201,turquoise,AS3MT
cg26207766,grey,
cg26208575,yellow,FAM53C
cg26209990,grey,
cg26210447,turquoise,RPS27L
cg26210602,turquoise,
cg26213496,blue,EIF4A3
cg26214055,grey,
cg26215437,turquoise,AQR
cg26215807,grey,EML5
cg26215849,grey,MTRF1
cg26218726,turquoise,KDM2B
cg26218983,turquoise,ZC3H12C
cg26220419,yellow,CUL5
cg26220594,grey,
cg26220725,grey,DUSP22
cg26223536,brown,
cg26224223,blue,TSHZ3
cg26224354,grey,C7orf50
cg26227225,grey,C1orf86
cg26228812,grey,WDR27
cg26228943,turquoise,ATP10D
cg26229752,grey,EBF3
cg26230285,grey,ATP10A
cg26230819,turquoise,ADAR
cg26233408,tan,SLC26A11
cg26238031,turquoise,ZNF69
cg26241174,turquoise,CHURC1
cg26241746,grey,ANXA13
cg26243254,turquoise,EP400
cg26243894,turquoise,IMPDH1
cg26244164,grey,DLC1
cg26244952,blue,PRDM6
cg26246658,turquoise,BRD2
cg26246897,turquoise,LOC729467
cg26248066,turquoise,
cg26248608,turquoise,HNRNPC
cg26250106,turquoise,SRP54
cg26250143,turquoise,ITGAE
cg26251401,turquoise,PSENEN
cg26252220,turquoise,THAP2
cg26252281,grey,RAB32
cg26254393,turquoise,CTNNBL1
cg26256158,turquoise,GRM1
cg26257177,yellow,DNM2
cg26264429,turquoise,FKBP3
cg26264580,grey,RBMXL1
cg26266427,grey,TNXB
cg26266931,turquoise,OPA3
cg26267481,grey,TARS
cg26268866,turquoise,
cg26269109,red,C13orf27
cg26272058,turquoise,LRTOMT
cg26272907,grey,TUBGCP3
cg26273962,yellow,SORBS1
cg26274596,turquoise,DBX2
cg26275961,turquoise,
cg26276233,grey,BRCA1
cg26276556,turquoise,
cg26279152,blue,PSPC1
cg26280727,grey,LMTK3
cg26284390,turquoise,FAM55C
cg26286098,grey,B3GALTL
cg26286805,turquoise,PYGL
cg26286901,grey,PEBP4
cg26287152,grey,TBC1D16
cg26287612,turquoise,ZBTB12
cg26289317,grey,LPL
cg26289450,turquoise,PBX2
cg26289871,green,LPIN3
cg26291195,grey,TRRAP
cg26294217,turquoise,PRKAA1
cg26294710,turquoise,OSR2
cg26297198,grey,C7
cg26297547,grey,CA4
cg26298197,grey,
cg26298294,grey,POLS
cg26301516,grey,FNDC3B
cg26301689,grey,PAQR9
cg26303165,grey,OBSCN
cg26303603,grey,SLC26A2
cg26307797,grey,
cg26308113,grey,LINGO3
cg26308704,grey,PTPRN2
cg26309261,grey,DBR1
cg26310456,turquoise,ERGIC3
cg26310551,grey,LTB4R2
cg26312807,grey,
cg26312839,turquoise,PDSS2
cg26313514,turquoise,TMEM102
cg26313599,grey,CCKBR
cg26314966,grey,
cg26315862,grey,
cg26315918,grey,TMPRSS7
cg26320663,grey,
cg26321464,turquoise,MAP2K7
cg26324132,blue,THBD
cg26325791,grey,MAST3
cg26328898,turquoise,MARCH6
cg26331326,grey,KCTD6
cg26332114,grey,AURKC
cg26332258,grey,
cg26332365,turquoise,DIRAS1
cg26332926,grey,PRKG1
cg26334954,turquoise,
cg26335527,turquoise,EFNA1
cg26336594,turquoise,FAM160A1
cg26337566,grey,CEP170
cg26338873,turquoise,EGLN2
cg26342671,grey,LIMS2
cg26343358,grey,
cg26347359,grey,PHF17
cg26347746,grey,LGR6
cg26351027,turquoise,CA13
cg26351663,grey,RPUSD4
cg26352374,turquoise,CCDC102A
cg26356462,yellow,
cg26357453,turquoise,DHRS7B
cg26357538,turquoise,RDH10
cg26359206,turquoise,KCNH3
cg26361646,grey,C12orf10
cg26361807,grey,EFHC1
cg26361928,turquoise,G3BP1
cg26362852,grey,RNF145
cg26363065,turquoise,MRFAP1
cg26363272,grey,NDUFA10
cg26363759,grey,SPSB1
cg26365152,grey,TBL1XR1
cg26365299,turquoise,HOXA9
cg26365460,turquoise,OPN5
cg26367649,turquoise,MAP3K7
cg26368718,turquoise,C1orf69
cg26369133,brown,
cg26371957,grey,NINJ2
cg26372060,grey,CYHR1
cg26374686,turquoise,
cg26375147,blue,PRPF19
cg26375461,grey,LOC285830
cg26376809,pink,USP13
cg26377875,turquoise,KIAA0947
cg26380756,turquoise,JOSD1
cg26381452,grey,
cg26381592,turquoise,PMS1
cg26382075,turquoise,KCNN1
cg26383936,grey,RICTOR
cg26384229,turquoise,ALG10B
cg26385074,grey,C7orf52
cg26385438,turquoise,CBLL1
cg26386788,turquoise,ANLN
cg26389727,turquoise,
cg26389958,grey,ADPRHL1
cg26393261,brown,ATXN1
cg26393629,grey,
cg26394244,yellow,NID2
cg26396721,grey,
cg26398408,turquoise,SAV1
cg26399396,turquoise,UBE2T
cg26401028,grey,LRPAP1
cg26403559,blue,PEMT
cg26406907,turquoise,BRD2
cg26407558,grey,C4BPB
cg26408565,grey,ETFA
cg26411687,turquoise,OS9
cg26415571,turquoise,
cg26416381,turquoise,MED13L
cg26417346,brown,DHX8
cg26419656,grey,KLF12
cg26421123,turquoise,COMMD5
cg26421286,turquoise,
cg26421735,turquoise,NADK
cg26422329,grey,SAV1
cg26425669,turquoise,CXCR4
cg26425904,grey,OCA2
cg26426080,grey,PRDM16
cg26427070,turquoise,TRAF6
cg26427109,turquoise,CD6
cg26429095,grey,TOP3B
cg26430382,turquoise,ARF1
cg26435092,turquoise,CDV3
cg26436330,turquoise,COL11A1
cg26437112,grey,
cg26437123,turquoise,SEMA7A
cg26437522,turquoise,
cg26438665,grey,BTBD7
cg26439641,turquoise,RPP38
cg26441200,grey,DTWD2
cg26442810,grey,ERBB2IP
cg26444623,turquoise,CCDC11
cg26445772,turquoise,HNRNPA0
cg26446133,grey,CNDP2
cg26446827,blue,ZNF133
cg26447968,turquoise,INO80B
cg26450106,turquoise,CST7
cg26450188,blue,PPP5C
cg26450717,grey,
cg26450944,red,PRPF4B
cg26451575,turquoise,CBX3
cg26451735,grey,STRA6
cg26452244,blue,C6orf52
cg26453169,turquoise,GAPT
cg26454300,grey,JMY
cg26455541,blue,RBPJ
cg26456506,turquoise,NUDT9
cg26462931,turquoise,FYN
cg26463908,turquoise,HSD11B1L
cg26464535,grey,SGCE
cg26464821,grey,DLC1
cg26464889,turquoise,LOC285375
cg26465389,grey,
cg26465602,grey,
cg26468119,turquoise,ATP2A3
cg26472636,grey,SDHAP3
cg26473478,turquoise,C6orf136
cg26476599,turquoise,TTC25
cg26476930,grey,
cg26478485,grey,DUSP5
cg26479374,grey,CTBP1
cg26479667,grey,
cg26480413,grey,WDR93
cg26481045,grey,
cg26481355,turquoise,PLEKHO2
cg26484090,grey,USP45
cg26485563,salmon,ANKRD52
cg26487948,grey,ERGIC1
cg26490671,grey,PTPRN2
cg26492446,grey,BHLHE23
cg26493353,turquoise,SHC3
cg26494337,grey,
cg26494929,grey,KREMEN2
cg26495839,turquoise,C19orf39
cg26497264,turquoise,ZNF823
cg26498966,grey,MKNK2
cg26501027,blue,RAET1K
cg26504421,grey,SDK2
cg26504835,grey,PSORS1C3
cg26507637,grey,ANKRD26P1
cg26511997,turquoise,CDH15
cg26512406,grey,XPO6
cg26513180,turquoise,FANCA
cg26513576,grey,
cg26516362,grey,RUFY1
cg26516701,grey,PCBP2
cg26518745,grey,SLC25A2
cg26520396,grey,
cg26521561,grey,SF3B1
cg26522946,turquoise,SRGN
cg26525486,turquoise,C22orf30
cg26526443,grey,
cg26527903,grey,
cg26530701,turquoise,RBMS2
cg26531141,grey,
cg26532499,grey,CASP5
cg26533745,grey,NPNT
cg26535330,grey,ZNF229
cg26535650,grey,
cg26536949,grey,
cg26537410,turquoise,CCDC109A
cg26538116,blue,LRPPRC
cg26538931,blue,
cg26539818,grey,PLD6
cg26540559,grey,
cg26545983,turquoise,ELL
cg26546504,turquoise,WDR7
cg26546862,brown,SLC25A16
cg26549029,blue,PGAM5
cg26549185,grey,MAP7
cg26549552,turquoise,KIAA0528
cg26550851,grey,LRRC47
cg26551346,grey,SDHAF1
cg26552784,turquoise,
cg26552907,grey,MDC1
cg26554054,grey,
cg26554494,grey,LYPLAL1
cg26554567,turquoise,CACNA1A
cg26554952,grey,LOH12CR1
cg26555463,turquoise,HIST1H2AB
cg26556492,grey,
cg26557005,grey,CLDN10
cg26558790,turquoise,ECSIT
cg26560794,turquoise,MARCH8
cg26561611,turquoise,DNAJC30
cg26562263,grey,
cg26565021,grey,CHST8
cg26567249,blue,UQCRB
cg26567712,grey,CCDC124
cg26568304,grey,C16orf75
cg26569395,turquoise,APLF
cg26570218,grey,DNAJC27
cg26571870,grey,GINS2
cg26572989,turquoise,TMCO7
cg26574003,turquoise,
cg26574621,brown,WDR8
cg26575110,turquoise,ERO1L
cg26576206,grey,ABCA7
cg26576481,turquoise,NAP1L1
cg26578049,turquoise,
cg26578476,grey,MAP3K9
cg26579311,turquoise,EXT1
cg26579653,grey,PTGR2
cg26580609,grey,NT5C1B
cg26582729,grey,
cg26585845,grey,C17orf96
cg26590411,turquoise,SNORA24
cg26591930,grey,SHANK2
cg26592556,turquoise,
cg26593228,grey,BMPR1A
cg26594205,grey,OGFRL1
cg26594331,turquoise,CLK4
cg26597500,blue,PIBF1
cg26597838,grey,
cg26600753,grey,TRIM7
cg26602666,grey,TPK1
cg26603656,grey,
cg26605427,turquoise,MGC23284
cg26605518,blue,C7orf64
cg26607620,grey,DLGAP2
cg26614816,grey,TXNRD1
cg26615712,turquoise,GPI
cg26619570,grey,PPP1R12A
cg26621790,grey,
cg26621805,grey,PKHD1L1
cg26624732,grey,
cg26626072,turquoise,DHX34
cg26627933,salmon,MTRR
cg26629960,turquoise,C19orf25
cg26631039,grey,GLI2
cg26632162,grey,ZRANB1
cg26632494,turquoise,C5orf44
cg26633120,blue,MRPS9
cg26635824,grey,OGFR
cg26638003,blue,GLOD4
cg26640895,grey,DCK
cg26642667,grey,SND1
cg26645432,grey,HLA-DPB1
cg26647332,turquoise,
cg26649103,grey,ORC6L
cg26649251,blue,ZNF224
cg26650539,turquoise,C6orf106
cg26651784,turquoise,CBFB
cg26651950,turquoise,LGALS2
cg26653168,blue,CSNK1G1
cg26654770,grey,NINJ2
cg26654790,red,SLFN13
cg26656136,turquoise,ANKRD42
cg26656684,blue,SDCBP
cg26657539,grey,
cg26658743,grey,
cg26659805,grey,AMH
cg26660312,grey,WIPI2
cg26662579,turquoise,PSMA5
cg26663636,grey,NOS1AP
cg26664090,turquoise,RNF157
cg26664634,grey,ORC4L
cg26664871,black,MKX
cg26665055,yellow,TIMM17A
cg26665082,blue,FUBP1
cg26665480,turquoise,ACTR1B
cg26666968,grey,
cg26668129,turquoise,RSBN1
cg26668626,turquoise,ZNF174
cg26668675,grey,
cg26668828,grey,DUSP22
cg26670245,turquoise,PHOSPHO2
cg26673012,grey,TBX20
cg26673279,turquoise,ROBO3
cg26673609,turquoise,ATXN3
cg26674752,blue,CSGALNACT2
cg26674779,turquoise,GOLGA7
cg26677194,grey,PIWIL1
cg26678143,grey,SEC62
cg26678575,turquoise,PTPN21
cg26678649,turquoise,ZNF281
cg26679004,grey,GRID1
cg26680301,turquoise,BACH1
cg26680317,grey,IQGAP2
cg26681912,blue,SLC19A2
cg26684050,grey,STAU2
cg26684174,grey,
cg26685735,turquoise,COL4A3
cg26686999,blue,PSMB9
cg26688816,grey,ATP6V1E2
cg26689483,grey,QDPR
cg26690034,grey,CRYZ
cg26690834,grey,FAF1
cg26690949,grey,
cg26693760,blue,RGL2
cg26694713,turquoise,REST
cg26694831,grey,ADAMTS2
cg26695758,grey,TNXB
cg26697691,grey,LOC100132724
cg26700447,grey,CCKBR
cg26702001,turquoise,ZNF213
cg26705425,blue,ZNF331
cg26705953,grey,PLA2G7
cg26707398,grey,MYH14
cg26707407,grey,MTHFD2L
cg26707709,grey,SNED1
cg26708100,turquoise,HOXD10
cg26708638,grey,ZNF444
cg26709251,grey,ANKRD26
cg26710469,grey,GOLGA4
cg26715042,grey,CRISP2
cg26718213,grey,SNED1
cg26718354,turquoise,CDKN1C
cg26720545,grey,MDGA1
cg26720913,turquoise,NR3C1
cg26721264,turquoise,GALR1
cg26722322,turquoise,MRPS18B
cg26723492,turquoise,RALYL
cg26728390,grey,KIAA1688
cg26729242,grey,C10orf129
cg26733685,turquoise,DHX35
cg26735215,turquoise,ANP32A
cg26739149,grey,
cg26739280,turquoise,ST8SIA2
cg26739951,turquoise,RCN2
cg26740318,grey,LDHAL6A
cg26741214,turquoise,SHFM1
cg26741686,grey,ANKRD37
cg26743898,grey,PRSS48
cg26744578,turquoise,DUSP19
cg26744682,grey,TSKS
cg26745551,blue,GPR63
cg26745581,turquoise,POU6F2
cg26746936,grey,GRIK5
cg26748794,grey,FAM38A
cg26749518,grey,KLK9
cg26752884,turquoise,JRKL
cg26752888,turquoise,NEIL2
cg26754472,grey,EMR1
cg26754761,grey,
cg26755097,greenyellow,FLOT1
cg26758338,grey,ZNF829
cg26762347,turquoise,PRDM16
cg26763284,grey,PLEC1
cg26764761,grey,JPH3
cg26770381,turquoise,PHTF2
cg26770917,turquoise,OLIG1
cg26771583,turquoise,BEST2
cg26772116,grey,MTIF3
cg26775843,turquoise,NUDT9
cg26776742,turquoise,KPNA5
cg26782013,grey,PCBD1
cg26782539,grey,STK32C
cg26783057,turquoise,VAX1
cg26785712,turquoise,EME1
cg26786569,blue,WBP1
cg26787220,grey,EXOC3L2
cg26787505,turquoise,TLCD1
cg26787998,pink,TAPBP
cg26788616,grey,CLEC16A
cg26789283,grey,RANGAP1
cg26790818,grey,
cg26791826,grey,PRR3
cg26793226,turquoise,SNHG3-RCC1
cg26795333,grey,
cg26796283,turquoise,MSX2
cg26796396,turquoise,RFX5
cg26800462,turquoise,SPSB3
cg26801047,turquoise,DLL3
cg26802289,grey,
cg26805238,blue,PDE4DIP
cg26807643,turquoise,MAD2L2
cg26809488,grey,BANP
cg26812418,grey,CPE
cg26813794,turquoise,MRPS18B
cg26814635,grey,UNC84A
cg26815617,grey,FAM183B
cg26817300,turquoise,SLC25A4
cg26818735,grey,TWIST1
cg26819388,turquoise,CC2D1B
cg26819695,grey,ASAM
cg26820375,grey,RERE
cg26820501,grey,NCSTN
cg26824807,turquoise,TRIM27
cg26825934,turquoise,BRUNOL5
cg26827247,grey,CCDC67
cg26828320,yellow,C12orf49
cg26829925,turquoise,C15orf37
cg26832062,turquoise,TMEM48
cg26832509,grey,CHFR
cg26834169,turquoise,
cg26834418,grey,CHORDC1
cg26835302,turquoise,
cg26837270,yellow,GSK3A
cg26837681,grey,
cg26839252,turquoise,TCP1
cg26839512,grey,SPATA18
cg26840333,grey,
cg26840437,grey,
cg26840726,turquoise,SNORD58A
cg26841156,tan,EVI5L
cg26843035,turquoise,WAC
cg26843074,grey,STAC
cg26843430,grey,KCNMB4
cg26843498,grey,
cg26845390,grey,
cg26847156,grey,NAPG
cg26851650,brown,MYH10
cg26852404,grey,
cg26853628,turquoise,DZIP1L
cg26855724,grey,TYW3
cg26856080,turquoise,TRIM59
cg26856965,grey,
cg26857315,grey,ARID3A
cg26857911,turquoise,KCNN1
cg26858423,grey,KCNAB2
cg26858704,grey,KCNA6
cg26858892,blue,PEBP1
cg26862148,turquoise,METTL9
cg26862620,turquoise,AARS
cg26862690,grey,GPBP1L1
cg26862731,brown,EIF3A
cg26863200,turquoise,RPS6KA2
cg26863324,turquoise,DDX52
cg26865201,grey,C12orf35
cg26865747,grey,
cg26869362,turquoise,KBTBD3
cg26869506,grey,
cg26870061,turquoise,SAE1
cg26873439,blue,PTPN1
cg26873880,grey,
cg26874229,grey,
cg26875219,magenta,EVC2
cg26880073,turquoise,NAPA
cg26881713,turquoise,DUSP26
cg26883840,grey,
cg26884567,turquoise,MTPAP
cg26885821,grey,NKAIN2
cg26887302,blue,ERAL1
cg26887625,turquoise,ZNF497
cg26889659,grey,EXOC2
cg26890010,blue,CTH
cg26891576,turquoise,NBR2
cg26892368,turquoise,ALDH18A1
cg26893197,turquoise,C1orf113
cg26893544,turquoise,SOD1
cg26893861,grey,DUSP3
cg26897088,turquoise,ZNF565
cg26898352,turquoise,AP1AR
cg26900034,turquoise,KRCC1
cg26906998,grey,PLD6
cg26907351,blue,WRNIP1
cg26908755,turquoise,CD320
cg26909477,turquoise,DIP2A
cg26910511,grey,LRFN1
cg26910651,lightcyan,PPP2CB
cg26912278,turquoise,TCTE3
cg26913058,grey,MRPL28
cg26915779,grey,ZNF18
cg26917462,grey,IRF2BP2
cg26918510,turquoise,SVIP
cg26918792,turquoise,BTN3A1
cg26922706,grey,SKP1
cg26922917,grey,GPR133
cg26923908,turquoise,ELFN2
cg26924012,turquoise,SPATA5L1
cg26926768,grey,
cg26927232,grey,SMG6
cg26927544,grey,
cg26928336,blue,TMEM219
cg26929700,grey,ZNF423
cg26929925,grey,SLC23A1
cg26930448,grey,
cg26930584,turquoise,LBR
cg26932441,turquoise,C5orf38
cg26935619,turquoise,
cg26936930,grey,COG8
cg26937808,turquoise,
cg26937809,turquoise,CENPL
cg26939377,turquoise,B9D2
cg26940573,blue,ZNF566
cg26942772,grey,VPS37B
cg26943658,turquoise,KIAA1033
cg26944245,grey,TMEM8A
cg26945846,grey,MAD1L1
cg26949055,grey,RYR3
cg26953093,turquoise,SIVA1
cg26955290,grey,ASGR2
cg26956245,turquoise,NOD1
cg26959053,turquoise,FAM40B
cg26961332,grey,LSM4
cg26962758,grey,
cg26962924,turquoise,YAF2
cg26964592,grey,HLA-DMB
cg26965877,tan,PSORS1C1
cg26967272,grey,
cg26968378,grey,
cg26970113,grey,UBE2B
cg26973266,turquoise,TRAF4
cg26976390,turquoise,ZBTB16
cg26976450,grey,NIF3L1
cg26978172,brown,DDAH2
cg26981251,blue,TRIM28
cg26981746,grey,HLA-DRB5
cg26985469,turquoise,TEF
cg26985912,turquoise,LOC100133091
cg26986681,grey,
cg26986841,turquoise,EED
cg26988159,grey,PET112L
cg26988241,blue,RPL36AL
cg26988617,turquoise,PARD3
cg26989291,turquoise,SLC25A39
cg26990660,grey,LOC100190938
cg26992213,turquoise,
cg26993965,grey,
cg26996201,blue,PAK1
cg26996890,grey,MAD1L1
cg26999505,turquoise,AP1M2
cg27002185,turquoise,CDKN1C
cg27004170,turquoise,PNPT1
cg27006129,turquoise,ZNF114
cg27009815,grey,
cg27010688,grey,
cg27011534,blue,LRPPRC
cg27013478,turquoise,FLYWCH1
cg27014135,turquoise,HS3ST4
cg27019245,turquoise,MICB
cg27019801,turquoise,C14orf126
cg27023595,grey,GLYR1
cg27023953,turquoise,C22orf41
cg27024057,turquoise,
cg27028030,turquoise,MOSPD3
cg27030141,turquoise,ATE1
cg27031435,turquoise,
cg27031506,turquoise,CALU
cg27033198,grey,ANKRD13A
cg27034935,grey,
cg27036341,brown,GAPDHS
cg27036347,grey,ACTN1
cg27036376,grey,SORCS2
cg27041381,grey,MGMT
cg27045396,grey,MYC
cg27046936,grey,PTGFR
cg27048067,grey,ERICH1
cg27048388,brown,
cg27048432,grey,GPR39
cg27049129,brown,SDK1
cg27050936,grey,
cg27051119,grey,KIAA0182
cg27051335,turquoise,CYP1A1
cg27051433,grey,ZBTB17
cg27052777,turquoise,DAXX
cg27054887,grey,FHOD1
cg27056880,grey,ERBB2IP
cg27057210,grey,MBIP
cg27057652,grey,PXDNL
cg27059302,grey,TANC2
cg27060380,grey,CRIM1
cg27062159,grey,C18orf10
cg27062795,grey,ZNF542
cg27063170,turquoise,PSTK
cg27064064,turquoise,C11orf65
cg27065742,grey,
cg27067379,turquoise,RPL28
cg27069054,turquoise,ARHGEF18
cg27069263,turquoise,RTN4
cg27070162,grey,RASGEF1C
cg27073142,grey,SORD
cg27074582,grey,HDAC4
cg27083089,grey,HLA-B
cg27083329,grey,
cg27084121,turquoise,TBL3
cg27086773,turquoise,H2AFJ
cg27088830,turquoise,C6orf176
cg27090594,grey,CCDC64B
cg27092694,blue,TUBB
cg27093000,grey,TRAFD1
cg27094516,turquoise,BAT5
cg27097438,grey,FLJ44606
cg27098574,grey,BCAR1
cg27098685,grey,
cg27099277,grey,BRP44L
cg27099373,turquoise,
cg27100990,grey,CACNA2D1
cg27102141,grey,
cg27105577,turquoise,BAT4
cg27109125,grey,DMXL2
cg27110132,blue,BTBD12
cg27111250,grey,PRDM8
cg27112370,blue,SNX8
cg27113326,grey,PTPRN2
cg27113419,grey,NDRG4
cg27114428,turquoise,BAT5
cg27115996,grey,NAPEPLD
cg27116036,grey,ING4
cg27116888,grey,SALL3
cg27119318,grey,WRB
cg27119456,grey,LOC441666
cg27121529,blue,ZKSCAN5
cg27122127,grey,CNOT6
cg27125107,grey,
cg27125605,grey,WNT9B
cg27127705,turquoise,TMEM68
cg27128560,grey,COL17A1
cg27128734,grey,KLK4
cg27130242,turquoise,MRPS27
cg27130302,turquoise,DUSP4
cg27132050,blue,
cg27134147,turquoise,WDR61
cg27134251,grey,
cg27135788,turquoise,
cg27136994,grey,C15orf26
cg27137810,turquoise,AK7
cg27137978,turquoise,IRF2BP1
cg27139117,grey,C16orf80
cg27141850,grey,GDF7
cg27141898,turquoise,FLJ90757
cg27143246,turquoise,MYNN
cg27143946,grey,
cg27145034,turquoise,SYT17
cg27145048,grey,STK32C
cg27148471,turquoise,RUVBL1
cg27150010,midnightblue,TMED10
cg27154418,grey,GP6
cg27158490,blue,NEK1
cg27158523,blue,PPIL4
cg27159088,turquoise,TEX14
cg27161488,turquoise,C4orf10
cg27164612,turquoise,
cg27164797,grey,BAG2
cg27165281,turquoise,VARS
cg27166033,grey,CELSR1
cg27167343,grey,MBOAT1
cg27167439,blue,C1orf21
cg27168291,grey,ZBTB22
cg27169503,grey,KIAA0319
cg27171569,grey,OSGIN1
cg27173819,grey,STK32C
cg27174978,brown,
cg27176129,grey,MATN4
cg27176264,grey,
cg27177195,grey,GGNBP2
cg27177954,grey,L3MBTL2
cg27178293,turquoise,
cg27179327,blue,ARSA
cg27180286,blue,KATNB1
cg27180315,turquoise,SRRM3
cg27180365,turquoise,C19orf2
cg27182070,turquoise,RPA2
cg27185138,turquoise,AFF1
cg27190206,blue,SERTAD3
cg27190537,grey,SUMF2
cg27191131,turquoise,CEP63
cg27191312,blue,
cg27192088,turquoise,SLIT1
cg27192902,turquoise,ZNF259
cg27193377,magenta,TMEM170A
cg27194182,grey,
cg27196691,turquoise,KBTBD3
cg27196768,turquoise,
cg27196974,grey,
cg27197504,turquoise,KLHL24
cg27197524,grey,POLE
cg27197746,grey,ZNF121
cg27198013,brown,RAI1
cg27199599,grey,
cg27203090,turquoise,GLB1
cg27203983,turquoise,OR1F2P
cg27205649,grey,NARS2
cg27205904,grey,TXNRD1
cg27208307,turquoise,SRGN
cg27208536,grey,HTRA3
cg27209117,grey,USP32
cg27209395,blue,
cg27210269,grey,
cg27211204,blue,LRRC28
cg27211696,grey,TMEM194B
cg27212234,grey,ATP4A
cg27212359,turquoise,FRAT2
cg27213276,grey,CACNA1D
cg27213925,grey,PREPL
cg27214960,grey,CYP2E1
cg27216998,turquoise,MDGA1
cg27218767,grey,TRPC1
cg27221688,grey,TEX14
cg27224642,yellow,MAP4K3
cg27224718,grey,ZFAT
cg27227786,blue,DGKE
cg27228074,turquoise,CNNM2
cg27228601,grey,EPC2
cg27229823,grey,GPR45
cg27232866,turquoise,
cg27234864,grey,IL17D
cg27236825,blue,C15orf37
cg27237087,turquoise,BRD2
cg27237300,grey,OLIG1
cg27237671,grey,TMEM18
cg27239157,blue,MCF2L2
cg27241889,grey,
cg27244972,grey,C21orf57
cg27246129,grey,DLL1
cg27247702,turquoise,
cg27251709,turquoise,KLF15
cg27252395,grey,KAAG1
cg27252587,grey,FYTTD1
cg27253887,grey,PPIL4
cg27255678,turquoise,LZTS2
cg27258021,blue,AKAP8L
cg27260738,turquoise,MAP3K7
cg27264388,grey,KCNG2
cg27266060,grey,
cg27266381,grey,PTP4A3
cg27269380,grey,RBM33
cg27269921,grey,MN1
cg27275634,blue,DHX35
cg27277183,grey,CAMKK2
cg27279253,turquoise,CASC5
cg27279460,turquoise,ABHD10
cg27280296,turquoise,TDP1
cg27282281,grey,
cg27284194,grey,
cg27286993,grey,CCDC64B
cg27287245,turquoise,RPP38
cg27287791,blue,CEP152
cg27287882,turquoise,ZNF589
cg27289463,grey,
cg27289662,grey,OCA2
cg27290274,brown,KIAA1026
cg27292389,brown,IL15RA
cg27292777,turquoise,C19orf48
cg27294816,grey,MYADM
cg27294950,blue,CUTA
cg27298420,grey,
cg27298526,grey,TERT
cg27300238,turquoise,SOX4
cg27301328,turquoise,TADA1
cg27301343,turquoise,EML2
cg27301885,grey,NEK7
cg27302994,grey,
cg27303986,turquoise,RAB11A
cg27307781,grey,CBR1
cg27308346,turquoise,SSC5D
cg27308434,grey,YME1L1
cg27310031,grey,ATP2C1
cg27310163,turquoise,CHCHD5
cg27310251,turquoise,RPS23
cg27311590,grey,
cg27312359,turquoise,KIF17
cg27312727,blue,AP3B1
cg27312944,red,C1orf86
cg27315157,turquoise,IFI44L
cg27315996,tan,EPB49
cg27316798,grey,ANKH
cg27316970,grey,LGI4
cg27319123,grey,KCNA4
cg27321876,turquoise,ZNF540
cg27322556,grey,APRT
cg27323154,grey,FAM194A
cg27324402,turquoise,
cg27325820,grey,
cg27326062,grey,
cg27326452,turquoise,C3orf72
cg27326642,grey,HIST1H4D
cg27326661,grey,MRPS28
cg27326823,turquoise,RHBDL1
cg27327312,grey,
cg27329091,grey,
cg27329737,grey,P2RY14
cg27331241,grey,PRKAR1B
cg27332026,turquoise,SLC39A6
cg27332111,blue,C1orf91
cg27332243,blue,KCNN3
cg27336068,grey,ADARB2
cg27338504,turquoise,FAM92A1
cg27339282,grey,
cg27341933,turquoise,PTPLAD1
cg27342919,grey,TRIM31
cg27343216,blue,PREPL
cg27347124,turquoise,ZNF77
cg27352765,red,DCBLD2
cg27353899,grey,MUC4
cg27354620,turquoise,C5orf45
cg27354893,grey,
cg27355050,grey,CNPY3
cg27355527,turquoise,DCTPP1
cg27357232,turquoise,RELL1
cg27358426,turquoise,
cg27362222,turquoise,SPRY1
cg27362927,turquoise,PRDM15
cg27365208,blue,ZNF101
cg27366305,turquoise,SLC25A46
cg27366766,grey,HSF5
cg27367142,grey,
cg27368891,turquoise,TMEM150C
cg27369242,grey,NHLRC3
cg27369934,grey,MDC1
cg27370185,turquoise,RABAC1
cg27370344,blue,CUL2
cg27370471,grey,PCSK6
cg27373657,turquoise,AP1G1
cg27377863,turquoise,TPM4
cg27379520,grey,SPG7
cg27380997,grey,
cg27385940,turquoise,TAPBP
cg27386033,grey,ABCA13
cg27387193,grey,TNXB
cg27388618,turquoise,BCL2
cg27388983,turquoise,ZNF256
cg27390009,grey,FLII
cg27391710,grey,ACSL1
cg27393667,turquoise,C22orf9
cg27395190,turquoise,PINK1
cg27398637,grey,C11orf63
cg27398640,grey,LINGO1
cg27399012,grey,NCRNA00188
cg27399125,grey,
cg27399957,grey,HPS1
cg27400644,turquoise,NUDC
cg27400772,turquoise,DPF1
cg27402591,turquoise,TUT1
cg27404186,grey,
cg27405177,grey,GPR123
cg27405321,turquoise,PHF20
cg27405732,grey,
cg27406983,grey,CYFIP1
cg27407390,grey,
cg27408600,turquoise,RAPGEF3
cg27411298,turquoise,NDUFA5
cg27411370,turquoise,KCTD9
cg27413643,grey,ANKRD27
cg27415032,turquoise,TPD52
cg27415214,brown,
cg27416948,grey,SH3RF1
cg27417659,brown,TRRAP
cg27417846,blue,EIF2AK3
cg27417922,turquoise,YWHAG
cg27420264,turquoise,HSPA8
cg27420889,grey,
cg27422348,turquoise,EGR2
cg27422857,grey,
cg27423729,grey,ZNF136
cg27423959,grey,
cg27424906,grey,L1TD1
cg27425719,turquoise,LOC401431
cg27427514,grey,
cg27429080,turquoise,DNM3
cg27429195,grey,ADARB2
cg27429457,turquoise,MYST1
cg27430369,grey,
cg27431761,grey,
cg27434072,turquoise,PSMB3
cg27434509,grey,EVC2
cg27435467,grey,CLYBL
cg27436995,grey,FBXL16
cg27437510,brown,AGAP3
cg27438152,grey,
cg27440050,grey,MAPK7
cg27446573,turquoise,RNF146
cg27449131,grey,IER3
cg27449200,turquoise,
cg27449651,turquoise,SYNGAP1
cg27449703,turquoise,EFTUD1
cg27456707,tan,MACROD1
cg27457169,turquoise,SMARCE1
cg27461800,green,KDM5A
cg27462519,grey,
cg27463760,turquoise,EARS2
cg27464846,grey,
cg27465717,turquoise,LRRC67
cg27469738,grey,ANKRD2
cg27470012,turquoise,N4BP1
cg27471464,grey,CCDC137
cg27473416,grey,
cg27473693,grey,
cg27475126,grey,CCNE1
cg27479693,blue,PEMT
cg27481208,turquoise,ZNF828
cg27481720,turquoise,PTBP1
cg27482485,turquoise,EIF5A
cg27484412,grey,
cg27484876,turquoise,EIF6
cg27486695,turquoise,ABCB6
cg27489481,blue,EIF4B
cg27490465,brown,AP2A1
cg27493151,turquoise,DPF1
cg27493885,grey,NR2C1
cg27494226,grey,
cg27494647,grey,RARRES2
cg27495579,turquoise,CDKN1A
cg27495623,turquoise,ZFC3H1
cg27496299,grey,DNAJB6
cg27500148,grey,RPL23
cg27500298,blue,MED1
cg27500716,grey,PIK3CB
cg27501451,turquoise,BRD2
cg27501759,grey,OXTR
cg27503573,turquoise,PAOX
cg27505492,grey,
cg27505684,turquoise,CACYBP
cg27505984,turquoise,DDX55
cg27506082,yellow,ZDBF2
cg27506254,grey,XKR4
cg27507687,grey,COL7A1
cg27507704,pink,C4orf46
cg27510182,grey,DAB1
cg27511255,turquoise,PREX1
cg27514038,grey,NIPA2
cg27518145,turquoise,
cg27523423,turquoise,SIN3A
cg27527593,turquoise,
cg27528091,grey,
cg27530058,blue,TIMM22
cg27530186,grey,CAMKK2
cg27531571,grey,
cg27532318,grey,
cg27532938,grey,
cg27533396,grey,GNS
cg27535677,grey,
cg27537561,turquoise,VDR
cg27538385,turquoise,STXBP3
cg27541540,grey,PTPN11
cg27543040,grey,
cg27543214,turquoise,
cg27547703,grey,TDRD1
cg27549878,grey,SPRED3
cg27550511,grey,
cg27551078,blue,
cg27553745,turquoise,ITGA7
cg27554514,turquoise,DPYSL4
cg27554844,grey,EFCAB6
cg27559842,grey,TULP4
cg27559893,turquoise,BAT2
cg27560282,turquoise,ICK
cg27560444,grey,H3F3A
cg27561222,turquoise,MCOLN2
cg27567880,grey,MBD2
cg27571374,grey,
cg27572370,grey,FRMD4A
cg27573991,grey,C1orf150
cg27575106,turquoise,COX17
cg27576755,yellow,EFNB3
cg27577933,turquoise,LDLRAP1
cg27585222,grey,
cg27586797,grey,
cg27589088,turquoise,
cg27591450,pink,
cg27592410,turquoise,FAM69C
cg27593384,grey,CDH2
cg27598656,turquoise,GAN
cg27599058,grey,
cg27599391,grey,ATM
cg27600938,turquoise,
cg27604613,turquoise,CBLB
cg27604671,blue,MALT1
cg27607319,turquoise,CCNT1
cg27610579,turquoise,BAG2
cg27611887,grey,
cg27619163,blue,ALOX12B
cg27620871,grey,PRSS22
cg27626617,turquoise,
cg27626746,turquoise,RPUSD4
cg27628854,turquoise,SNTB1
cg27629454,grey,
cg27631256,turquoise,TNFSF8
cg27633287,grey,
cg27634549,turquoise,SEC23B
cg27636011,pink,C10orf2
cg27636594,grey,VPS41
cg27637873,grey,NCALD
cg27638597,turquoise,SNTA1
cg27638615,grey,FZD7
cg27640794,turquoise,PALLD
cg27640908,blue,RPL13AP5
cg27641830,turquoise,RBM39
cg27645294,grey,
cg27647661,turquoise,UPF1
cg27651003,turquoise,TMEM208
cg27653831,turquoise,C16orf86
cg27654505,turquoise,TSPAN5
cg27655158,grey,
cg27656486,turquoise,JAG2
cg27657429,grey,ARHGAP22
cg27661460,grey,FAM38A
cg27662169,turquoise,SNRPB
cg27662220,grey,FITM2
cg27662412,turquoise,PIK3C3
cg27663389,grey,
cg27665377,turquoise,EPB41L5
cg27665397,grey,TSSC1
