cpg,module,gene
cg00002033,grey,LRFN1
cg00002473,blue,CXCR2
cg00002719,turquoise,C1orf114
cg00002749,blue,TMEM49
cg00005817,blue,MTHFD2L
cg00009001,blue,MIR1178
cg00010947,turquoise,HELQ
cg00012522,grey,ARRDC4
cg00013410,yellow,MED13
cg00013655,grey,PIGQ
cg00014112,grey,GYPC
cg00014986,lightyellow,ANAPC11
cg00014996,turquoise,USP14
cg00015530,green,PARP10
cg00016066,turquoise,TCF12
cg00016814,blue,CNTNAP2
cg00016996,blue,RER1
cg00019463,turquoise,RNF111
cg00019809,yellow,RPRD1A
cg00019841,grey,MAPK4
cg00020297,pink,FAM8A1
cg00022997,grey,
cg00023288,grey,LRPPRC
cg00024416,grey,
cg00025138,turquoise,MAP3K9
cg00025439,grey,
cg00027037,white,OSBPL1A
cg00027083,grey,EPB41L3
cg00030422,turquoise,DLEC1
cg00030423,turquoise,UQCRFS1
cg00031303,turquoise,
cg00031476,turquoise,BRE
cg00032419,grey,TP53I13
cg00032686,turquoise,FGFRL1
cg00032852,turquoise,CHCHD3
cg00033915,blue,ARHGEF18
cg00035636,grey,
cg00036369,blue,ATXN7
cg00036599,blue,C1orf54
cg00039793,turquoise,SFXN4
cg00040027,blue,SLC25A12
cg00040380,turquoise,RPS27
cg00040566,blue,EBF3
cg00042874,grey,PLEKHH3
cg00044463,turquoise,GLT25D2
cg00044796,grey,
cg00045190,grey,
cg00049718,turquoise,CSDE1
cg00051595,turquoise,
cg00052626,grey,CASP9
cg00053010,turquoise,
cg00054971,blue,PTPRE
cg00057569,turquoise,C10orf4
cg00058113,turquoise,VPS52
cg00059034,turquoise,
cg00061551,blue,ALG1
cg00062020,blue,C1orf180
cg00063471,turquoise,TNFAIP8L3
cg00064255,turquoise,LRRC8C
cg00064415,brown,
cg00066499,turquoise,
cg00066748,blue,C8orf42
cg00069314,turquoise,CLCN3
cg00071565,turquoise,ODC1
cg00071751,turquoise,KIF20B
cg00071984,blue,FHIT
cg00074313,blue,MIR548N
cg00074379,turquoise,HAX1
cg00076195,turquoise,
cg00078996,grey,
cg00080972,grey,RUFY1
cg00083206,grey,DDO
cg00084338,grey,DLL1
cg00086297,turquoise,BTBD12
cg00087005,turquoise,CTBP2
cg00087023,blue,SRRM2
cg00087195,turquoise,MTRR
cg00087417,turquoise,SRPK1
cg00087906,turquoise,MMP2
cg00088299,turquoise,
cg00088989,blue,SNRNP200
cg00089372,turquoise,MEF2D
cg00090648,turquoise,C1orf55
cg00096845,turquoise,ZNF195
cg00101118,turquoise,RNF11
cg00101154,grey,MRPL28
cg00101453,turquoise,GATSL3
cg00101728,grey,SERPINB6
cg00104570,turquoise,MIR548G
cg00105470,tan,C1orf35
cg00105606,turquoise,FA2H
cg00106499,turquoise,POLD2
cg00107982,turquoise,ELFN2
cg00112723,turquoise,ATG9A
cg00112952,grey,OR2B11
cg00114029,grey,DLGAP3
cg00114966,grey,LHX9
cg00115101,turquoise,THRAP3
cg00116058,turquoise,MRPL22
cg00116554,turquoise,SNAI2
cg00117651,grey,SMC1B
cg00117825,blue,PPAP2B
cg00120358,blue,LRRC39
cg00121533,grey,CRYZ
cg00124011,grey,PRDM2
cg00124160,turquoise,
cg00124695,turquoise,SALL1
cg00124993,grey,MIR886
cg00125159,grey,C1orf35
cg00127036,turquoise,ZNF346
cg00127424,turquoise,USP36
cg00127861,blue,
cg00128054,blue,
cg00129273,grey,
cg00132509,blue,SLC22A23
cg00134611,blue,SNRNP48
cg00137234,grey,RBM46
cg00138451,blue,NUP88
cg00138474,turquoise,
cg00143045,turquoise,RPRM
cg00146096,turquoise,FANCF
cg00146756,grey,
cg00147286,grey,MTSS1L
cg00148881,turquoise,KIF2C
cg00149397,black,TPST2
cg00150500,turquoise,HCFC1R1
cg00151788,turquoise,C2orf15
cg00154122,pink,
cg00154902,grey,
cg00154968,red,CDK13
cg00155429,greenyellow,TPM3
cg00156216,magenta,APLP2
cg00157456,grey,DHODH
cg00158530,grey,MIR140
cg00158654,blue,RGS21
cg00158683,grey,COL7A1
cg00159523,grey,TCF7L2
cg00160388,grey,
cg00161931,turquoise,MTDH
cg00164335,grey,SELM
cg00166722,grey,C3orf24
cg00167654,turquoise,WSCD1
cg00172189,skyblue,SMAD2
cg00172225,blue,BUB3
cg00172270,turquoise,FMNL3
cg00172408,turquoise,WDR77
cg00176657,blue,
cg00179532,blue,SLC25A10
cg00185622,turquoise,CCDC150
cg00186462,grey,GPR128
cg00190319,turquoise,SCAP
cg00191853,grey,SPAG1
cg00195506,saddlebrown,
cg00197495,turquoise,PPP1R3C
cg00199519,sienna3,MYO15A
cg00200289,turquoise,GRB2
cg00203089,turquoise,
cg00207534,turquoise,KIAA0174
cg00209398,grey,
cg00210098,turquoise,SNORA7A
cg00211215,grey,HLA-DRB1
cg00213967,turquoise,CAND2
cg00214668,turquoise,C4orf22
cg00215587,grey,MKRN3
cg00216680,turquoise,C6orf165
cg00219169,grey,DIP2C
cg00220905,turquoise,RGMB
cg00223863,blue,CEP70
cg00224807,grey,
cg00226306,turquoise,C20orf111
cg00229039,turquoise,CDC42EP4
cg00229257,turquoise,LRRC16A
cg00237586,blue,LOC285045
cg00238692,blue,NAP1L1
cg00240653,turquoise,KIAA0748
cg00242786,blue,ADPRHL1
cg00243480,grey,NPAS3
cg00243922,turquoise,YIPF4
cg00245957,blue,DNM3
cg00246980,turquoise,DDX47
cg00247599,turquoise,HIST1H3H
cg00248804,turquoise,
cg00251875,blue,AFAP1
cg00253171,blue,WWOX
cg00254258,grey,PRDM16
cg00254480,turquoise,
cg00255919,grey,IRF1
cg00256046,grey,ESRRG
cg00256231,grey,TBC1D16
cg00256329,grey,NXN
cg00257271,turquoise,C5orf39
cg00257769,grey,PARP4
cg00257786,turquoise,
cg00258132,turquoise,ESD
cg00261781,turquoise,MATN3
cg00262031,yellow,NDRG4
cg00264591,turquoise,IRX4
cg00265578,grey,TP53I13
cg00266566,grey,NDUFB6
cg00266983,turquoise,
cg00267054,turquoise,VPS54
cg00269245,blue,NUP93
cg00269553,grey,PXDNL
cg00271210,grey,RPS6KA2
cg00274965,grey,
cg00275232,midnightblue,ZNF296
cg00277936,blue,MAST4
cg00280239,blue,UTRN
cg00282704,turquoise,MIR1915
cg00286984,turquoise,HRASLS5
cg00288155,turquoise,PNPLA8
cg00289052,turquoise,KIAA1033
cg00290607,grey,
cg00292857,turquoise,RNF139
cg00296938,turquoise,P4HTM
cg00297950,grey,GSTM3
cg00298020,turquoise,ORC1L
cg00298153,grey,C21orf33
cg00299286,grey,BTNL9
cg00301775,turquoise,PRKAA1
cg00301795,turquoise,
cg00302533,darkgreen,STK35
cg00304520,orange,
cg00305374,grey,F3
cg00308130,grey,
cg00310523,grey,RASSF9
cg00311772,blue,PPP1R7
cg00311883,turquoise,
cg00313914,grey,NAV1
cg00315775,turquoise,LOC729678
cg00317585,blue,
cg00318756,turquoise,IL12RB2
cg00318877,blue,METT5D1
cg00319395,yellow,RPAIN
cg00321286,grey,
cg00321703,turquoise,
cg00321709,grey,CYP2E1
cg00321850,grey,KIAA0040
cg00322319,turquoise,
cg00323100,turquoise,N4BP2
cg00325531,grey,
cg00325919,turquoise,
cg00327072,grey,NEURL1B
cg00329300,grey,TSTD1
cg00329748,turquoise,CAMTA1
cg00330936,turquoise,NUBP1
cg00332802,blue,
cg00332950,blue,TRIO
cg00334821,brown,LIMK1
cg00335715,grey,
cg00336022,blue,
cg00341915,turquoise,CASC2
cg00347546,turquoise,FAM190B
cg00347798,grey,
cg00350441,turquoise,FAM192A
cg00350885,turquoise,GRB10
cg00354549,grey,C16orf87
cg00355447,blue,HCG18
cg00355909,grey,CMTM3
cg00356183,grey,PRKAR1B
cg00356774,paleturquoise,
cg00357238,turquoise,POT1
cg00360072,turquoise,HDAC4
cg00360267,blue,C20orf27
cg00361155,blue,
cg00363841,turquoise,SNX8
cg00365499,turquoise,SRPK2
cg00366352,turquoise,NTN4
cg00367615,grey,C13orf33
cg00368987,grey,ZNF264
cg00369151,grey,PIP4K2A
cg00369241,grey,IFITM5
cg00370820,salmon,GTPBP1
cg00371829,turquoise,NRG4
cg00374596,black,PPP1CA
cg00375457,grey,TRIM6-TRIM34
cg00377087,blue,
cg00386581,turquoise,UBXN1
cg00386702,turquoise,ZNF780B
cg00389081,blue,LRRC8D
cg00390596,turquoise,POLR1B
cg00391030,grey,PARP11
cg00392242,grey,ARRDC4
cg00396163,turquoise,DNAH6
cg00397324,grey,MX1
cg00400448,blue,
cg00402812,turquoise,TMEM167B
cg00405152,turquoise,PRKD2
cg00405789,blue,ZFAT
cg00407867,blue,FBN2
cg00412273,turquoise,CASC3
cg00413030,grey,
cg00413089,grey,
cg00414890,grey,
cg00416747,turquoise,HIST1H1E
cg00419333,turquoise,CYB5B
cg00419512,blue,IGFBP3
cg00425885,blue,CAMTA1
cg00426193,grey,RIF1
cg00426921,darkgrey,PHGDH
cg00430888,turquoise,
cg00431317,blue,RALYL
cg00431894,grey,
cg00435098,blue,MUC2
cg00437048,blue,PFKP
cg00437432,turquoise,PQLC3
cg00438215,purple,
cg00438616,turquoise,NRG4
cg00438740,darkolivegreen,INPP5D
cg00439706,grey,MGA
cg00442112,grey,CYTL1
cg00443488,turquoise,PFKFB3
cg00443673,turquoise,CASC3
cg00443946,grey,LOC732275
cg00444282,turquoise,RTN3
cg00444581,blue,PTK2
cg00446595,blue,SBK1
cg00448482,turquoise,C18orf19
cg00448578,blue,
cg00450312,turquoise,
cg00452882,grey,RLTPR
cg00453349,turquoise,SEPT10
cg00454517,turquoise,MLXIP
cg00455333,turquoise,KIF2C
cg00456011,turquoise,AP3S2
cg00456348,grey,C12orf44
cg00457019,blue,ZNF77
cg00458210,turquoise,HIST2H2AC
cg00458607,blue,SNX19
cg00461735,grey,C1orf31
cg00461901,brown,PPFIA3
cg00462311,turquoise,NFATC4
cg00463982,grey,IFT140
cg00466108,turquoise,DNAJC6
cg00467244,turquoise,
cg00469395,grey,
cg00470154,blue,LOC493754
cg00470794,turquoise,CHFR
cg00472375,turquoise,ENTPD4
cg00474242,turquoise,WDR5B
cg00474465,turquoise,HMX2
cg00475645,pink,STAU2
cg00481457,turquoise,LAMA3
cg00481499,turquoise,SPAG16
cg00482898,turquoise,SNRPG
cg00483345,blue,SCAI
cg00486627,turquoise,CACNA2D2
cg00487780,turquoise,CCDC97
cg00487848,blue,SFRS8
cg00487989,blue,DPEP1
cg00488260,turquoise,ELMOD1
cg00488691,turquoise,CENPO
cg00493304,grey,GTF2A1L
cg00493755,turquoise,LYRM5
cg00495035,blue,HDAC4
cg00495303,grey,DLGAP1
cg00497232,grey,
cg00497472,blue,GAK
cg00499399,purple,MICA
cg00499859,turquoise,RAD51
cg00501421,turquoise,RPP14
cg00501779,turquoise,MTA2
cg00502442,turquoise,ZDHHC14
cg00504919,turquoise,C16orf55
cg00505277,grey,
cg00505936,turquoise,HAS3
cg00506811,turquoise,SH3BP4
cg00507259,turquoise,SMARCAD1
cg00507414,turquoise,GNAI3
cg00507738,yellow,TUBA1C
cg00509281,lightcyan,CDC2
cg00509507,turquoise,SSC5D
cg00510011,turquoise,GPR98
cg00510320,grey,RLTPR
cg00510718,turquoise,PIK3CG
cg00511731,turquoise,BMF
cg00514413,turquoise,C19orf26
cg00514665,grey,A2BP1
cg00515161,turquoise,BRIP1
cg00515559,turquoise,LOC100216545
cg00515982,turquoise,GNB2L1
cg00519627,turquoise,CORO7
cg00520378,grey,CTU2
cg00522231,grey,ITGB1BP1
cg00522403,grey,ZNF843
cg00523161,grey,LPIN1
cg00523532,blue,ADAP1
cg00525277,paleturquoise,TNXB
cg00526953,black,
cg00527382,turquoise,CALCOCO1
cg00528779,blue,NCOR2
cg00529585,turquoise,ADRB1
cg00530298,blue,POLS
cg00530492,turquoise,HCG9
cg00530929,turquoise,DNAJC28
cg00533340,blue,CELSR1
cg00533620,turquoise,RPA2
cg00535403,blue,PTPN4
cg00535785,blue,ZNF423
cg00538642,turquoise,C19orf36
cg00539908,turquoise,CACNB4
cg00540400,grey,
cg00543499,turquoise,EPS15
cg00544901,grey,RPS11
cg00547068,blue,FAM196B
cg00549575,turquoise,EIF3F
cg00551617,grey,
cg00553120,turquoise,DNAJB6
cg00554165,blue,C5orf41
cg00557959,grey,
cg00558031,blue,C4orf23
cg00558737,turquoise,MFAP3
cg00558990,turquoise,GPN3
cg00559439,darkmagenta,VGLL4
cg00562265,turquoise,
cg00563238,turquoise,
cg00563699,turquoise,INPP5B
cg00564714,blue,RIPK2
cg00565070,turquoise,PDE4A
cg00567479,turquoise,FARP2
cg00567542,blue,
cg00567749,turquoise,VCAN
cg00568641,grey,RPL26L1
cg00570269,grey,C13orf33
cg00570642,turquoise,DOC2A
cg00571067,blue,
cg00571935,turquoise,SHPRH
cg00573330,skyblue,ZNF141
cg00576388,turquoise,COPZ1
cg00578252,turquoise,OSCP1
cg00578530,turquoise,BPNT1
cg00579423,grey,
cg00580805,turquoise,DHODH
cg00580965,grey,
cg00581848,turquoise,GPR157
cg00581979,turquoise,PRR24
cg00582337,grey,HSPB9
cg00582417,turquoise,KAT5
cg00582881,turquoise,AFAP1L1
cg00583304,grey,
cg00584416,grey,RSBN1
cg00584636,lightyellow,DNPEP
cg00584885,blue,
cg00586909,turquoise,CDKAL1
cg00587009,turquoise,
cg00588198,violet,
cg00588920,turquoise,
cg00589864,turquoise,PPP3R1
cg00590063,grey,B3GNT3
cg00590081,turquoise,FNDC3A
cg00590106,turquoise,SSBP2
cg00590260,grey,DIP2C
cg00591890,blue,
cg00593900,grey,ANGPTL6
cg00594128,turquoise,ZNF879
cg00594560,purple,ZFHX4
cg00596184,grey,VPS4A
cg00596508,grey,CNTN1
cg00597043,blue,
cg00597055,turquoise,CHP
cg00597492,blue,LPCAT1
cg00599163,grey,
cg00604356,turquoise,PIK3CG
cg00605240,blue,ERC1
cg00607058,grey,OSBP2
cg00607609,blue,SYNPO2
cg00608169,turquoise,
cg00608605,turquoise,DDAH2
cg00611227,blue,DPP10
cg00611301,grey,HDDC2
cg00611789,grey,CMYA5
cg00612595,grey,
cg00614959,grey,PCGF3
cg00616369,turquoise,NCL
cg00616447,turquoise,NDUFAF1
cg00616603,turquoise,C17orf80
cg00616650,blue,NDUFA10
cg00618312,turquoise,ELF1
cg00620449,turquoise,C5orf37
cg00620629,turquoise,ZUFSP
cg00623328,turquoise,RAB43
cg00624150,salmon,PCBD2
cg00624834,turquoise,CNDP2
cg00626422,turquoise,SNORD93
cg00627621,turquoise,TRIB1
cg00628697,grey,DSCR3
cg00628877,green,LYRM7
cg00629370,turquoise,PTHLH
cg00630431,blue,SNORA38B
cg00631329,grey,
cg00632778,turquoise,
cg00632811,grey,PWP1
cg00632914,blue,ZFP2
cg00635944,turquoise,C16orf53
cg00637745,grey,
cg00638631,grey,KCNJ6
cg00639837,grey,
cg00639886,turquoise,PDE1B
cg00642749,grey,SEMA5A
cg00645339,turquoise,LOC145663
cg00646037,blue,
cg00650762,turquoise,EPHB2
cg00653081,grey,TAOK1
cg00653179,blue,
cg00655071,turquoise,ZNF280D
cg00655302,blue,
cg00658016,turquoise,PIK3CA
cg00660452,blue,CHAF1B
cg00660843,grey,PDE1B
cg00662647,turquoise,SLC35F3
cg00663719,blue,WWOX
cg00664023,turquoise,ALG14
cg00665908,grey,TAF11
cg00666685,turquoise,HYAL3
cg00667976,turquoise,ARL1
cg00668525,turquoise,CDC7
cg00671161,paleturquoise,ALG11
cg00671224,blue,
cg00671759,midnightblue,ACTG1
cg00673290,grey,APOB
cg00674365,grey,ZNF471
cg00676224,turquoise,
cg00680768,grey,MAD2L1
cg00681103,sienna3,CFLAR
cg00683329,grey,
cg00684529,turquoise,
cg00685614,grey,
cg00687095,grey,RFWD2
cg00688236,turquoise,KBTBD11
cg00688840,turquoise,
cg00688900,turquoise,GGNBP2
cg00689284,blue,
cg00690400,grey,MRPS14
cg00690554,blue,ZFYVE21
cg00691240,grey,TXNDC12
cg00697301,grey,
cg00697858,green,PURG
cg00698263,grey,
cg00698771,grey,
cg00699807,turquoise,ZBTB1
cg00701051,grey,
cg00701571,blue,PKD1L2
cg00702338,turquoise,HN1L
cg00702638,turquoise,KIF15
cg00704012,turquoise,RHEBL1
cg00704652,turquoise,ZNF598
cg00705668,grey,MRPS12
cg00710736,blue,ZNF148
cg00711831,turquoise,NDUFB7
cg00712898,darkgreen,PRPF38B
cg00713605,turquoise,ARMC9
cg00713939,grey,NAPRT1
cg00714184,grey,LRAT
cg00714198,turquoise,RAF1
cg00714672,blue,FTO
cg00715047,grey,LLGL2
cg00715257,turquoise,UBL5
cg00716604,grey,TBC1D15
cg00719323,turquoise,TANK
cg00728655,blue,EXOC4
cg00728999,turquoise,EZH1
cg00729564,blue,ARHGEF10
cg00733150,grey,FAM118A
cg00733288,turquoise,CARS2
cg00735315,turquoise,CYHR1
cg00735667,grey,
cg00735843,turquoise,MUDENG
cg00737841,grey,
cg00738934,grey,
cg00740691,turquoise,
cg00742920,black,
cg00744229,magenta,RNF25
cg00744351,grey,CHRNE
cg00746864,turquoise,PITPNC1
cg00747859,turquoise,CP110
cg00748494,grey,
cg00748938,green,PPP4R4
cg00750399,blue,HELZ
cg00750481,grey,
cg00752778,turquoise,
cg00754027,turquoise,KIF14
cg00755470,turquoise,
cg00757789,turquoise,WDTC1
cg00758217,blue,SSBP3
cg00758881,grey,NDRG4
cg00759707,blue,ATP2A2
cg00759836,turquoise,KIAA0090
cg00760338,turquoise,ETV5
cg00761859,blue,NRP1
cg00762326,turquoise,UBA52
cg00763094,turquoise,BAT2L2
cg00763096,turquoise,FBXL22
cg00765144,blue,MLLT10
cg00765312,turquoise,ALX1
cg00765921,turquoise,TMEM69
cg00767116,blue,CARS2
cg00767642,grey,NMNAT2
cg00767948,blue,PTPRG
cg00770784,grey,CFDP1
cg00770871,turquoise,TULP3
cg00771026,turquoise,C4orf10
cg00771049,turquoise,ARPC5L
cg00772840,tan,AKAP8
cg00773142,blue,PLCG2
cg00773413,turquoise,C10orf41
cg00776558,turquoise,IGDCC4
cg00777209,turquoise,DHX16
cg00778059,turquoise,SPATA13
cg00778905,paleturquoise,TPRG1L
cg00778995,turquoise,POU3F3
cg00779602,blue,MAGI1
cg00780574,turquoise,TMEM176B
cg00782260,turquoise,
cg00782697,blue,INPP5A
cg00782772,blue,KLHDC4
cg00784671,grey,CELSR1
cg00785856,turquoise,ADAM10
cg00785941,grey,OR2L13
cg00786761,grey,
cg00787919,turquoise,MND1
cg00788177,grey,
cg00788362,turquoise,FLOT1
cg00789812,blue,
cg00791851,grey,
cg00792235,grey,
cg00792783,turquoise,PLCL1
cg00793935,grey,TRPM8
cg00795626,yellow,BAT4
cg00795791,grey,PL-5283
cg00802903,grey,
cg00803088,grey,RET
cg00804031,turquoise,PIAS4
cg00804048,turquoise,EIF5A
cg00804338,grey,TFDP1
cg00805880,grey,PPFIA4
cg00807871,grey,MDGA1
cg00809820,grey,TBCD
cg00810529,blue,PTGFRN
cg00811081,turquoise,RPAP3
cg00815399,grey,
cg00815440,darkred,UQCRFS1
cg00815931,turquoise,RPTOR
cg00817464,grey,XPNPEP1
cg00819696,turquoise,TIMELESS
cg00820664,turquoise,WDR33
cg00823783,turquoise,SEC14L5
cg00825173,turquoise,IFT88
cg00827008,blue,
cg00828689,turquoise,PIGZ
cg00829406,turquoise,FRS2
cg00830121,blue,
cg00837434,grey,MTMR10
cg00837987,grey,
cg00842351,turquoise,TJP2
cg00843105,grey,ZNF234
cg00844641,turquoise,FLNC
cg00845219,turquoise,GNB1L
cg00846114,turquoise,RLTPR
cg00846340,turquoise,RNF4
cg00857660,turquoise,SNORD74
cg00859178,grey,UHMK1
cg00859352,turquoise,TNIK
cg00861009,turquoise,HOXD11
cg00861824,grey60,CD46
cg00862618,turquoise,FKBP4
cg00864083,blue,FOXJ3
cg00864568,blue,PCGF3
cg00864916,grey,KIAA1614
cg00866976,turquoise,GNAO1
cg00867446,greenyellow,ACIN1
cg00867835,grey,SSPO
cg00869285,turquoise,ZNF837
cg00871381,grey,ATCAY
cg00871917,turquoise,RFT1
cg00872984,grey,TNXB
cg00873473,turquoise,JMJD8
cg00873648,turquoise,
cg00874817,grey,
cg00876541,turquoise,MIR1181
cg00876704,turquoise,PKN1
cg00876757,grey,
cg00878163,grey,HSF5
cg00878630,turquoise,COPS7B
cg00880290,turquoise,PKN1
cg00881417,red,PLEKHA1
cg00883019,blue,ARHGEF3
cg00885506,turquoise,WDR31
cg00890070,blue,
cg00893875,grey,
cg00894222,turquoise,PRMT7
cg00895834,blue,PRDM16
cg00896578,blue,
cg00898013,grey,PROZ
cg00901687,grey,MYCBPAP
cg00903676,turquoise,
cg00905725,turquoise,DFFB
cg00906130,turquoise,HPGD
cg00906926,turquoise,CCDC42B
cg00907218,blue,
cg00908027,turquoise,USP10
cg00908822,blue,
cg00909514,grey,C1orf106
cg00909993,blue,PTPN4
cg00910029,blue,D2HGDH
cg00910333,turquoise,TARBP2
cg00910586,grey,
cg00912449,grey,
cg00913755,turquoise,KIFC1
cg00914462,turquoise,HNRNPU
cg00916439,turquoise,BAT1
cg00916635,turquoise,PTPN22
cg00916884,grey,MT1M
cg00917335,turquoise,YPEL3
cg00919118,turquoise,TCF7L2
cg00919237,blue,ABCB4
cg00920818,turquoise,AMIGO2
cg00922376,red,PRDM2
cg00923880,grey,
cg00924372,turquoise,
cg00927231,turquoise,
cg00928596,grey,MIR365-1
cg00929798,turquoise,CALY
cg00930710,turquoise,
cg00931877,blue,PRPF18
cg00935307,grey,
cg00937982,grey,SIM2
cg00938305,turquoise,ZNF764
cg00939391,turquoise,FGFRL1
cg00939931,turquoise,MAFK
cg00940786,yellowgreen,ARSG
cg00940812,turquoise,NECAB1
cg00940891,turquoise,FGFRL1
cg00941229,grey,OTUD7B
cg00944421,grey,ESRP2
cg00944502,turquoise,PPWD1
cg00947782,grey,RNF39
cg00948102,turquoise,ICT1
cg00949022,grey,PIBF1
cg00951395,grey,KIAA1383
cg00952134,royalblue,PPP1R15B
cg00954003,turquoise,TMSB10
cg00955895,blue,
cg00958605,turquoise,HIST1H3B
cg00958781,turquoise,TMCO6
cg00960700,grey,TBCD
cg00960857,blue,JAKMIP3
cg00963378,grey,GJA3
cg00964333,grey,
cg00964710,grey,BFAR
cg00965052,turquoise,NME1
cg00966959,turquoise,DDX52
cg00968640,blue,HMCN1
cg00969035,turquoise,
cg00969787,grey,TESK2
cg00973424,blue,
cg00975854,turquoise,C1orf63
cg00976097,grey,AHRR
cg00977895,blue,
cg00980178,grey,CAMK2N1
cg00982357,green,NXT1
cg00982548,grey,BOLL
cg00982952,blue,GLG1
cg00985960,blue,
cg00986598,blue,TMCC1
cg00987890,blue,CENPF
cg00989226,turquoise,SFRS11
cg00991755,turquoise,KIAA0427
cg00991994,blue,C3orf26
cg00992297,grey,ARAP3
cg00993799,grey,LOC100216545
cg00993824,darkred,IL12RB2
cg00994804,grey,RUNX1
cg00995047,grey,LOC728613
cg00999410,blue,OR6C1
cg00999904,grey,ALLC
cg01000656,darkmagenta,SPATA1
cg01001924,turquoise,
cg01002317,blue,LEKR1
cg01003015,turquoise,VIM
cg01003902,turquoise,SAFB2
cg01004457,blue,OR10H3
cg01005582,blue,CTNNB1
cg01006587,blue,ZNF574
cg01006802,grey,TMPRSS8
cg01010868,yellow,PRKACA
cg01012308,turquoise,TRAP1
cg01013031,blue,RPS10P7
cg01013630,turquoise,SMUG1
cg01014287,turquoise,FUBP1
cg01015416,turquoise,PTPN12
cg01016191,grey,
cg01017244,grey,
cg01017355,turquoise,
cg01018360,blue,ZC3H18
cg01020475,blue,ATP4B
cg01020840,blue,PTPN21
cg01020978,blue,MECOM
cg01021053,turquoise,ZWINT
cg01022117,grey,PKP1
cg01023271,turquoise,IGSF8
cg01024055,blue,TPM1
cg01025185,blue,
cg01026256,grey,VWA5B2
cg01029901,blue,ZNF772
cg01033356,grey,ADARB2
cg01033463,grey,PHF21B
cg01036296,turquoise,RNU5E
cg01037362,blue,FNDC1
cg01037637,grey,RNF152
cg01038861,blue,UBR1
cg01039695,turquoise,LGI3
cg01040630,turquoise,CSMD3
cg01044695,turquoise,KDELR1
cg01044722,darkolivegreen,MYH10
cg01048931,turquoise,VOPP1
cg01050704,grey,MZF1
cg01051546,turquoise,PLK1S1
cg01053087,grey,ERICH1
cg01053411,turquoise,
cg01054755,turquoise,LOC389333
cg01055543,turquoise,MRPL33
cg01055610,turquoise,MIR636
cg01055696,grey,
cg01056174,turquoise,ANAPC1
cg01056242,grey,GPR133
cg01056350,cyan,HHAT
cg01056945,red,RHOQ
cg01057248,turquoise,
cg01061890,grey,TXNDC11
cg01062020,grey,SH2D1B
cg01065977,grey,ISYNA1
cg01066274,grey,WDR59
cg01066472,grey,
cg01067849,grey,WRNIP1
cg01068944,grey,
cg01070694,turquoise,KPNB1
cg01072121,turquoise,TMED7-TICAM2
cg01073375,turquoise,C11orf54
cg01074767,grey,C1RL
cg01077102,turquoise,TMCO4
cg01077808,turquoise,C19orf44
cg01078271,turquoise,DACT3
cg01079515,grey,
cg01079652,blue,IFI44
cg01079738,grey,C1orf14
cg01082798,blue,
cg01083380,turquoise,MECOM
cg01086895,turquoise,DCHS1
cg01088528,turquoise,PPIL3
cg01088546,grey,ITPR2
cg01089095,grey,CHCHD1
cg01089914,blue,
cg01092528,brown,NAAA
cg01093369,blue,
cg01094309,turquoise,RPS6KA2
cg01094351,blue,
cg01094684,turquoise,UQCR
cg01095395,blue,IMPG2
cg01095506,blue,UTRN
cg01096398,cyan,FOXQ1
cg01096617,grey,CNOT1
cg01097406,grey,
cg01098771,turquoise,KDM4B
cg01099231,turquoise,
cg01100763,turquoise,
cg01100864,brown,VPS33A
cg01102158,turquoise,TSSC1
cg01103255,turquoise,NIF3L1
cg01103911,turquoise,SPDYA
cg01104377,blue,STOX2
cg01104724,grey,
cg01106040,darkgrey,ZXDC
cg01110147,turquoise,PSMA3
cg01111397,turquoise,DLX2
cg01112801,blue,CCT8
cg01112923,turquoise,NEK1
cg01113680,white,ENOX1
cg01114088,grey,CYTL1
cg01114163,grey,
cg01114224,turquoise,MED12L
cg01117269,blue,DIP2C
cg01119278,grey,DDO
cg01119680,turquoise,PMM1
cg01119718,blue,INPP5A
cg01120902,grey,
cg01122304,turquoise,ADD1
cg01124132,grey,RFPL2
cg01124440,turquoise,ANKH
cg01129128,blue,TRAPPC9
cg01137537,turquoise,NOS1AP
cg01139508,turquoise,ZNF660
cg01142386,turquoise,FOXF1
cg01143222,blue,KLHL31
cg01143569,turquoise,VPRBP
cg01145054,turquoise,
cg01145420,brown,RPL19
cg01148786,turquoise,
cg01151686,turquoise,LIG3
cg01152488,turquoise,MAGEL2
cg01156747,grey,
cg01157809,turquoise,AGBL5
cg01158970,brown,UTP15
cg01159515,orange,SLC12A2
cg01162053,blue,SLC23A2
cg01162573,blue,
cg01165287,turquoise,XPO1
cg01168283,turquoise,FOXF1
cg01169952,turquoise,SGEF
cg01171898,turquoise,C11orf30
cg01172345,blue,DNAH10
cg01175433,blue,ATP2B2
cg01176271,grey,SNX1
cg01177167,turquoise,
cg01177470,turquoise,
cg01178451,turquoise,GALR1
cg01178486,turquoise,TAF9
cg01178624,grey,KCNK7
cg01178772,blue,
cg01179140,turquoise,IRF2BP2
cg01179580,turquoise,GLTP
cg01180513,turquoise,C20orf194
cg01182555,grey,HIF1A
cg01183860,grey,
cg01186835,turquoise,
cg01186919,turquoise,ALG9
cg01188822,darkgrey,YIPF3
cg01190037,turquoise,C4orf10
cg01190330,blue,OR12D3
cg01194519,turquoise,
cg01195053,turquoise,LOC652276
cg01196121,blue,
cg01199603,blue,MSRB3
cg01201512,grey,NINJ2
cg01202150,turquoise,PCDHA7
cg01206923,turquoise,NPM1
cg01213928,turquoise,APEX1
cg01214346,grey,
cg01216369,blue,SPATA16
cg01216438,grey,
cg01216467,blue,
cg01217180,grey,ENTPD6
cg01217666,turquoise,TMEM194A
cg01218414,grey,C7orf28A
cg01218619,grey,
cg01222603,turquoise,SBF2
cg01226806,turquoise,
cg01232511,grey,PRSS21
cg01233397,blue,
cg01237870,turquoise,MCM10
cg01238044,grey,GSTT1
cg01239735,grey,IQSEC3
cg01240734,turquoise,AIFM2
cg01241758,turquoise,GPD2
cg01243246,turquoise,CCDC15
cg01243251,blue,ENPP2
cg01244303,turquoise,HMGCS1
cg01244421,blue,
cg01244650,brown,HIST1H2BJ
cg01246431,turquoise,NR2C1
cg01246520,grey,RAI1
cg01250235,turquoise,WDR91
cg01252526,grey,WDR90
cg01252672,turquoise,NPR3
cg01253545,turquoise,RNF185
cg01254303,grey,SRRM4
cg01254739,greenyellow,BAT5
cg01258653,turquoise,BAIAP3
cg01258718,blue,ZNF713
cg01261464,turquoise,UBR7
cg01261798,grey,DPYSL4
cg01263292,turquoise,IRAK3
cg01267532,grey,
cg01268383,grey,
cg01268571,grey,
cg01268824,grey,ZNF154
cg01269537,brown,ST3GAL2
cg01270451,cyan,ZCCHC8
cg01272707,turquoise,
cg01273330,grey,
cg01274643,grey,
cg01275887,blue,FOXK1
cg01276222,turquoise,CCNB1
cg01277542,grey,SLC6A2
cg01281175,blue,HRH2
cg01283246,grey,FBXL21
cg01283332,grey,
cg01286930,grey,SPTBN1
cg01286959,grey,SFRS6
cg01287342,blue,TTPA
cg01287514,turquoise,
cg01288184,turquoise,CABLES1
cg01290068,turquoise,MAT2B
cg01290755,grey,
cg01290885,turquoise,C12orf23
cg01292486,turquoise,SRI
cg01292810,grey,
cg01295646,grey,MYOM2
cg01296653,turquoise,CDC37L1
cg01296875,turquoise,ALG3
cg01299579,grey,NOL10
cg01302562,grey,RIMBP2
cg01302712,turquoise,SNX8
cg01303655,blue,TNRC6C
cg01306614,turquoise,TNPO1
cg01307092,grey,SPRYD3
cg01307939,grey,TMEM130
cg01308968,grey,
cg01310397,grey,MUC4
cg01311051,turquoise,ALDOA
cg01312858,turquoise,CCDC85A
cg01313077,turquoise,GPN1
cg01320969,turquoise,SUV420H1
cg01322290,blue,APBB2
cg01323777,grey,KCNAB3
cg01324343,grey,ABCC5
cg01326531,turquoise,C9orf116
cg01327147,grey,KIAA1161
cg01327685,blue,
cg01328403,turquoise,NOL12
cg01330280,turquoise,HIST1H3H
cg01330290,turquoise,MED12L
cg01330880,turquoise,SOCS1
cg01331196,grey,HRH1
cg01335658,grey,
cg01335729,turquoise,ZCCHC3
cg01336821,turquoise,MAML3
cg01339704,grey,SMTNL2
cg01340310,blue,VPS53
cg01341891,turquoise,ZZZ3
cg01341976,pink,TEX9
cg01342196,turquoise,IFI16
cg01343206,turquoise,EHBP1
cg01348757,blue,PLIN1
cg01348922,grey,ENPP7
cg01351787,blue,OR11G2
cg01351822,grey,UNC45A
cg01352656,grey,
cg01352882,turquoise,STUB1
cg01353809,turquoise,ARID2
cg01353941,grey,
cg01355108,grey,
cg01358740,turquoise,MYEOV2
cg01358940,blue,
cg01359822,grey,ETS2
cg01363334,blue,WHAMM
cg01363383,grey,MXI1
cg01364129,blue,MAGI3
cg01367424,turquoise,
cg01369829,blue,C16orf52
cg01370181,turquoise,NR2F2
cg01373687,blue,NOMO1
cg01380533,blue,ESRP2
cg01381028,blue,
cg01381636,turquoise,
cg01382105,blue,ATP11A
cg01382900,turquoise,NOL7
cg01383546,turquoise,COG8
cg01385230,turquoise,ENTPD4
cg01385836,blue,ORMDL1
cg01385882,blue,
cg01386792,grey,DBNDD1
cg01388144,turquoise,TP53BP1
cg01389203,turquoise,
cg01392180,blue,LYRM4
cg01392184,grey,ZFYVE19
cg01392313,grey,C6orf227
cg01392544,brown,CACNB2
cg01393327,turquoise,OSTBETA
cg01394138,turquoise,RECQL5
cg01394819,turquoise,PODN
cg01395630,blue,
cg01395760,turquoise,KIF22
cg01398299,blue,
cg01398583,blue,
cg01401824,blue,TANC1
cg01406988,turquoise,MEIS1
cg01407235,turquoise,ARHGAP25
cg01407460,grey,Magmas
cg01408127,turquoise,COQ10B
cg01409419,turquoise,GTDC1
cg01410224,darkred,METTL1
cg01411142,grey,INTS10
cg01412936,cyan,WDR65
cg01412970,grey,PLD6
cg01417037,darkgrey,
cg01418856,grey,TUBA1C
cg01419567,turquoise,ZFHX4
cg01422262,turquoise,VAV3
cg01422370,grey,
cg01423393,grey,KIAA1875
cg01423916,turquoise,
cg01424145,turquoise,KCNN4
cg01424241,blue,KANK1
cg01424889,grey,AVIL
cg01425666,turquoise,
cg01425746,grey,CHST1
cg01428378,turquoise,CCDC62
cg01429662,turquoise,B4GALNT2
cg01430302,turquoise,USP10
cg01431972,turquoise,C10orf41
cg01431992,turquoise,TAOK3
cg01433914,blue,ADD3
cg01434608,turquoise,CMTM3
cg01434618,turquoise,C1orf25
cg01434672,steelblue,FAM172A
cg01435344,turquoise,GOLGA7B
cg01436551,grey,ZNF148
cg01437515,grey,TNFRSF4
cg01438145,grey,WDR37
cg01438737,grey,SFRS6
cg01439560,black,BICC1
cg01439854,turquoise,AARS
cg01441308,blue,BIN1
cg01445689,blue,WDR60
cg01448194,blue,C3orf48
cg01448562,grey,
cg01449425,blue,
cg01449973,grey,
cg01450705,turquoise,CPLX2
cg01451880,blue,SLC6A20
cg01453816,turquoise,GABBR1
cg01454528,turquoise,NME2
cg01454639,turquoise,
cg01456368,grey,DNAH1
cg01456938,grey,RNF4
cg01458105,grey,STK32C
cg01458752,turquoise,EIF3F
cg01460805,turquoise,EGR3
cg01461368,blue,
cg01464730,grey,RPTOR
cg01468334,blue,KIAA1958
cg01468426,orange,MYST3
cg01471265,blue,HDAC4
cg01474781,blue,AFF3
cg01476568,grey,C10orf18
cg01477942,grey,
cg01479768,grey,
cg01480180,grey,FZD1
cg01481569,grey,TMTC1
cg01485838,turquoise,EVL
cg01489256,grey,TDH
cg01492330,grey,KRT3
cg01492656,turquoise,N4BP2
cg01493198,turquoise,SF3B14
cg01493303,turquoise,GRWD1
cg01493318,turquoise,
cg01498231,turquoise,SPOCK2
cg01499217,grey,APCDD1
cg01500633,turquoise,SNORD50A
cg01504836,turquoise,KDM4D
cg01505254,turquoise,C6orf89
cg01510153,blue,BRAF
cg01514357,blue,PRKCZ
cg01514538,grey,FLJ42875
cg01514703,turquoise,SOCS4
cg01515515,grey,BRDT
cg01516851,grey,
cg01517521,turquoise,USP12
cg01517571,grey,ACOT11
cg01519350,brown,ARMC8
cg01520402,grey,
cg01521080,blue,SLC38A10
cg01522456,lightgreen,TSPAN2
cg01524174,turquoise,SOX9
cg01525669,blue,ARGLU1
cg01526870,turquoise,LOH12CR1
cg01528762,turquoise,RAB11B
cg01529538,turquoise,RBM23
cg01531409,grey,PPM1A
cg01537486,turquoise,SNORD27
cg01538778,turquoise,TMED5
cg01539269,turquoise,KLHL26
cg01540024,turquoise,C16orf88
cg01543795,turquoise,JMJD5
cg01547344,blue,
cg01553434,blue,RIMS1
cg01554231,blue,MUC5B
cg01554235,turquoise,BLZF1
cg01554777,blue,TLR2
cg01555270,turquoise,ATP5SL
cg01555307,turquoise,
cg01556715,turquoise,RPS23
cg01556929,turquoise,VPS28
cg01558040,turquoise,VANGL1
cg01558660,turquoise,CDC37L1
cg01559436,grey,ARSK
cg01559663,grey,NPBWR1
cg01561368,turquoise,SMEK1
cg01561839,turquoise,
cg01562241,turquoise,PIGG
cg01562537,grey,TSPAN18
cg01563031,turquoise,NELL1
cg01565314,turquoise,EXOC3L2
cg01566127,turquoise,MACROD1
cg01566282,black,BIRC8
cg01567173,grey,
cg01567615,blue,RASA3
cg01570069,turquoise,HELLS
cg01570662,turquoise,ZNF140
cg01571001,grey,
cg01571407,turquoise,GSPT1
cg01571722,grey,PIK3R4
cg01572989,grey,
cg01573149,turquoise,
cg01573747,grey,CPAMD8
cg01574823,blue,PTPRO
cg01576340,turquoise,CTNNBIP1
cg01576496,blue,PPP1R12A
cg01579024,grey,RANBP17
cg01579765,grey,HSF2BP
cg01579928,turquoise,CALM1
cg01579950,turquoise,NRXN2
cg01580340,grey,
cg01580934,turquoise,SRPK2
cg01583265,turquoise,ASNS
cg01583514,blue,TJP3
cg01583969,turquoise,NEFM
cg01584104,turquoise,ZNF778
cg01587550,turquoise,LNPEP
cg01588435,turquoise,ICK
cg01588581,grey,C2orf54
cg01593751,midnightblue,TOM1L1
cg01594233,turquoise,
cg01594538,turquoise,
cg01596171,blue,C5orf54
cg01597255,turquoise,SMARCC2
cg01597741,turquoise,MKRN1
cg01601439,turquoise,HN1L
cg01601518,grey,ZFYVE28
cg01603234,blue,
cg01606516,grey,GUK1
cg01608167,turquoise,STRAP
cg01609139,grey,
cg01609214,blue,MIR30D
cg01611372,blue,RNF217
cg01612037,blue,
cg01612292,grey,FAM83H
cg01614237,grey,
cg01616529,grey,DRD4
cg01620164,grey,FIGN
cg01620580,turquoise,ZNF665
cg01624173,grey,
cg01625761,blue,RTN4IP1
cg01628528,grey,C1QTNF9
cg01629329,turquoise,NOP56
cg01632311,turquoise,NUDT1
cg01632322,blue,PLIN3
cg01637175,grey,KCNJ12
cg01637870,turquoise,C14orf181
cg01638225,blue,LOC100130872
cg01640684,grey,TBCD
cg01642168,yellow,HSPBP1
cg01642183,turquoise,SNX26
cg01644979,darkgrey,XPO5
cg01645676,blue,C7orf50
cg01649597,turquoise,NMUR1
cg01652190,grey,C22orf34
cg01652244,grey,DPPA5
cg01653110,turquoise,VAMP4
cg01653672,turquoise,RBCK1
cg01654446,grey,TAPBP
cg01655667,grey,
cg01658670,turquoise,YPEL2
cg01663052,blue,C14orf126
cg01663953,grey,CCDC81
cg01664727,grey,RUNX1
cg01665212,turquoise,IER3
cg01666600,turquoise,KCNJ12
cg01667892,grey,PRDM9
cg01674679,turquoise,GTF3A
cg01675229,turquoise,
cg01677098,turquoise,TCEA1
cg01678788,turquoise,
cg01680010,turquoise,
cg01680839,yellow,CYP46A1
cg01682157,blue,
cg01682506,turquoise,
cg01683948,turquoise,ANKS3
cg01685242,grey,SIPA1
cg01685246,turquoise,ZNF768
cg01685644,turquoise,MBLAC1
cg01687301,turquoise,DBF4B
cg01690029,turquoise,OSBPL11
cg01693326,blue,CHORDC1
cg01694488,grey,
cg01696605,grey,
cg01697541,turquoise,TMEM97
cg01698934,grey,MGC23284
cg01699425,turquoise,FUS
cg01700386,blue,
cg01701002,turquoise,ARMC7
cg01703419,turquoise,
cg01707795,grey,ACTN1
cg01709316,turquoise,KCTD5
cg01709619,turquoise,
cg01710432,blue,HCN4
cg01713535,turquoise,C14orf101
cg01714284,turquoise,ACSL1
cg01715266,turquoise,KRT27
cg01715370,lightgreen,DNAJC7
cg01718447,turquoise,CRHR2
cg01718711,grey,ERI1
cg01719793,turquoise,ARHGEF19
cg01722343,turquoise,PI4K2B
cg01723606,grey,SH2B2
cg01723710,turquoise,ADIPOR1
cg01723747,turquoise,HN1L
cg01724067,turquoise,GTF2A1
cg01725199,turquoise,GALNT12
cg01727419,grey,SH3PXD2A
cg01732804,turquoise,TUBA4A
cg01733217,turquoise,RFWD3
cg01735558,blue,LMF1
cg01736133,grey,
cg01736164,blue,
cg01738022,turquoise,ADCY9
cg01741372,grey,
cg01743020,blue,MYT1L
cg01745275,blue,
cg01751134,turquoise,LPCAT2
cg01751549,blue,ZNF318
cg01752856,blue,CSGALNACT1
cg01753252,blue,
cg01754041,turquoise,SAA3P
cg01754423,grey,
cg01754525,grey,
cg01755467,turquoise,WRN
cg01755539,turquoise,JMJD5
cg01756564,turquoise,ATM
cg01757534,turquoise,BACH2
cg01758539,blue,RPS20
cg01760090,grey,
cg01763702,turquoise,ZFAND2A
cg01765077,grey,WDR66
cg01765152,turquoise,PVT1
cg01765249,turquoise,TBX2
cg01766699,blue,DNAH7
cg01769037,turquoise,JARID2
cg01769501,turquoise,SDAD1
cg01769749,darkgrey,
cg01769980,blue,CCDC125
cg01770109,turquoise,RPS27A
cg01773685,grey,KLK15
cg01775802,grey,RGS6
cg01777672,blue,PDZRN4
cg01777861,grey,
cg01778345,grey,GDAP2
cg01778981,turquoise,POP7
cg01784199,turquoise,DNAJB4
cg01786048,grey,ESPNL
cg01788568,turquoise,DGUOK
cg01788773,grey,
cg01790646,turquoise,HDAC4
cg01791104,turquoise,PIGV
cg01792601,grey,
cg01794405,blue,
cg01795562,turquoise,RAB3GAP2
cg01795694,turquoise,ZNF706
cg01795955,grey,
cg01796038,blue,
cg01797371,grey,
cg01797567,turquoise,MGAT2
cg01798443,turquoise,RPSA
cg01802180,blue,BTG4
cg01802397,turquoise,SIP1
cg01804844,blue,TSHZ1
cg01805493,blue,
cg01807202,turquoise,C4orf33
cg01808030,grey,RIBC2
cg01810623,blue,
cg01812337,black,MMP15
cg01813026,grey60,RPLP2
cg01813071,turquoise,MMP7
cg01813761,turquoise,PARP2
cg01814731,blue,SFRS16
cg01815076,grey,SLC35B3
cg01816482,blue,OPA1
cg01816997,turquoise,CDC5L
cg01817714,turquoise,EIF4G1
cg01818597,brown,COX8A
cg01819759,grey,RNF219
cg01819863,turquoise,EPC1
cg01820262,turquoise,CTNNBL1
cg01820463,blue,FTHL3
cg01821018,grey,TACSTD2
cg01822573,turquoise,TBKBP1
cg01824410,grey,
cg01825148,blue,NEURL4
cg01829163,grey,SLC7A5
cg01833234,grey,DNHD1
cg01835037,turquoise,SEC14L1
cg01835742,turquoise,CLK1
cg01835766,turquoise,C20orf43
cg01835854,blue,C4orf41
cg01835873,turquoise,RBMS3
cg01837362,grey,
cg01840183,grey,
cg01842890,blue,HCG18
cg01843524,turquoise,C15orf37
cg01847719,grey,CAT
cg01849085,grey,ZNF727
cg01849212,turquoise,MYOF
cg01850767,turquoise,C21orf45
cg01850934,turquoise,VTI1B
cg01854967,grey,
cg01856650,turquoise,PDCD6
cg01856849,turquoise,CBR4
cg01858014,blue,KTN1
cg01860063,turquoise,ST8SIA4
cg01862523,turquoise,FAM135A
cg01863042,grey,
cg01864468,turquoise,
cg01865610,turquoise,LOC552889
cg01867950,blue,TMEM71
cg01868016,turquoise,BTBD7
cg01869136,blue,PELI2
cg01869405,turquoise,ANKRD27
cg01870140,turquoise,TMTC4
cg01870995,grey,PRMT8
cg01871920,blue,
cg01873391,turquoise,MTDH
cg01873886,grey,BMP4
cg01874867,grey,PON1
cg01878788,magenta,RING1
cg01879488,brown,CD44
cg01879693,blue,ZFP28
cg01880908,blue,TNRC6C
cg01881255,turquoise,SERTAD3
cg01881939,turquoise,ACTG1
cg01883591,turquoise,TUBD1
cg01884537,turquoise,RAD18
cg01887804,turquoise,IVD
cg01888566,grey,MEST
cg01888767,grey,
cg01889448,blue,HLA-DQB1
cg01890726,grey,GLB1L2
cg01895398,grey,
cg01896926,grey,GLOD4
cg01897796,turquoise,SLTM
cg01898370,grey,MAEA
cg01900836,blue,
cg01901107,turquoise,ACCN3
cg01903420,grey,
cg01904145,grey,PROK2
cg01904169,blue,SUPT7L
cg01904886,blue,
cg01906442,turquoise,KIF23
cg01907658,turquoise,AFF4
cg01908690,grey,ZNF646
cg01908874,grey,
cg01910231,turquoise,HDGF
cg01910249,turquoise,MYO5A
cg01911237,grey,ST3GAL1
cg01911613,grey,
cg01911981,grey,ADAM3A
cg01912586,turquoise,
cg01915642,blue,TASP1
cg01916088,paleturquoise,FOXP4
cg01916446,grey,FBXO31
cg01921845,blue,AKT1
cg01922485,blue,
cg01922603,blue,CSGALNACT1
cg01926066,turquoise,FANCF
cg01928147,turquoise,CAB39L
cg01932125,blue,RSF1
cg01933251,turquoise,STRAP
cg01934787,blue,LRRFIP2
cg01937701,grey,DHRS4
cg01938118,turquoise,STXBP3
cg01943478,turquoise,ATF2
cg01943577,blue,
cg01944087,turquoise,ANP32A
cg01947066,turquoise,PML
cg01947949,turquoise,FGFRL1
cg01948083,greenyellow,
cg01949920,blue,LMTK2
cg01951420,turquoise,IQCB1
cg01951637,grey,CBFA2T3
cg01952084,blue,FAM108C1
cg01955828,blue,ARPP19
cg01956267,turquoise,ACVR1
cg01956420,grey,COL4A1
cg01957799,grey,GSTT1
cg01957971,blue,PPP2R2A
cg01959562,turquoise,IGFBP7
cg01962183,grey,CLCN7
cg01962727,grey,ANKRD26P1
cg01963221,turquoise,RAD54L
cg01964685,turquoise,
cg01966091,grey,HAS3
cg01966334,grey,MYO7B
cg01966344,turquoise,DEPDC5
cg01969910,turquoise,GNB4
cg01970638,turquoise,DOK4
cg01970906,turquoise,PCID2
cg01971071,grey,DPH2
cg01971667,grey,
cg01974656,blue,
cg01978534,grey,APEH
cg01981960,grey,MYL10
cg01982516,grey,
cg01985595,blue,PDE7B
cg01986757,blue,DDX42
cg01987515,turquoise,COPS7B
cg01989461,turquoise,GTF2A1
cg01990334,turquoise,FOXJ3
cg01992382,grey,TNXB
cg01993067,blue,TPCN2
cg01993169,darkgreen,
cg01993413,grey,METTL3
cg01993680,turquoise,
cg01993818,grey,NPAS3
cg01994542,turquoise,EIF5
cg01996304,sienna3,ZNF668
cg01996567,grey,SSPO
cg01997089,turquoise,
cg01997529,turquoise,C19orf22
cg01999229,turquoise,SNRNP70
cg02000145,grey60,BAT1
cg02000275,sienna3,
cg02001279,grey,ARID3A
cg02002217,grey,
cg02004499,grey,SDK1
cg02004621,turquoise,KLC4
cg02005549,grey,GSTCD
cg02006977,turquoise,SLC35E3
cg02007090,turquoise,TMEM184B
cg02009256,turquoise,GLS2
cg02014690,turquoise,DGCR6
cg02015219,blue,TSPAN5
cg02018277,grey,PIF1
cg02018465,turquoise,MAPK15
cg02018764,grey,
cg02019305,blue,
cg02020650,turquoise,RPIA
cg02021210,turquoise,BTBD8
cg02021337,blue,KLHL24
cg02023215,blue,OR2W1
cg02023345,turquoise,TMEM26
cg02025083,turquoise,VEZF1
cg02025680,blue,PGS1
cg02030141,blue,FAF1
cg02030816,blue,THAP10
cg02032070,turquoise,POLR3B
cg02034447,turquoise,SPG7
cg02036430,blue,SSBP2
cg02036832,turquoise,E4F1
cg02037518,turquoise,SLC43A1
cg02038168,grey,
cg02039072,blue,LOC731789
cg02040433,black,NDRG4
cg02047577,turquoise,UCKL1AS
cg02048674,brown,RPL13AP5
cg02048807,turquoise,AHNAK2
cg02048922,grey,BAI1
cg02051562,blue,APOBEC4
cg02053964,turquoise,NCOR2
cg02054479,grey,LYRM1
cg02056682,grey,IRX5
cg02057013,blue,ELFN1
cg02057157,turquoise,CNO
cg02059980,blue,SSH1
cg02060408,red,SETDB1
cg02060902,turquoise,XKR5
cg02061047,turquoise,SHCBP1
cg02062348,white,ATP6V0A2
cg02063828,turquoise,PELI1
cg02067211,turquoise,LOC100133091
cg02067580,yellow,C1orf77
cg02068160,blue,C12orf76
cg02071276,turquoise,FBXO28
cg02071292,grey,GLIPR1L2
cg02072376,turquoise,C1orf77
cg02072400,grey,
cg02072446,blue,HDAC4
cg02072885,turquoise,LAMP3
cg02074728,turquoise,
cg02075405,turquoise,LTB
cg02075410,grey,LRBA
cg02076414,turquoise,STIL
cg02077793,turquoise,CARM1
cg02082720,blue,
cg02083376,blue,EXT2
cg02083539,salmon,DOC2A
cg02083989,midnightblue,GNS
cg02087101,blue,CBFA2T3
cg02088197,grey,
cg02088292,turquoise,
cg02088470,grey,ADARB2
cg02090547,turquoise,ERN1
cg02090762,grey,FSCN2
cg02091066,turquoise,DST
cg02091185,grey,RANBP17
cg02092589,blue,IGF2R
cg02092880,turquoise,
cg02093918,blue,ATG7
cg02094388,grey,YME1L1
cg02094989,turquoise,
cg02095937,turquoise,TRIM59
cg02096172,grey,
cg02101486,turquoise,DLX5
cg02102533,grey,CCDC102A
cg02104456,blue,BTBD1
cg02105519,grey,PCDHA7
cg02106155,blue,
cg02107269,turquoise,NUDC
cg02108556,blue,ASAP1
cg02110333,turquoise,NDUFS6
cg02111786,blue,NRXN3
cg02118559,blue,CTNND2
cg02118635,turquoise,RAD51C
cg02119577,grey,ETS2
cg02119693,blue,MYO1B
cg02119792,grey,
cg02120714,turquoise,
cg02120739,turquoise,PM20D2
cg02121704,turquoise,CHEK1
cg02121891,turquoise,BBX
cg02123995,turquoise,C6orf170
cg02125316,grey,FGF18
cg02126098,turquoise,MAP3K3
cg02126435,grey,RFWD3
cg02126753,turquoise,AEBP1
cg02127127,blue,TMEM213
cg02128139,turquoise,ZBTB9
cg02132003,grey,ANAPC11
cg02132379,blue,SCRN1
cg02132463,blue,
cg02133786,grey,BAT3
cg02135464,blue,MIR299
cg02136620,grey,RUFY1
cg02140159,blue,
cg02144298,turquoise,CEBPA
cg02147032,turquoise,AP1G1
cg02147224,turquoise,
cg02148222,turquoise,ST6GAL1
cg02149189,grey,
cg02150714,blue,ARHGEF10
cg02150927,blue,PRIM2
cg02152120,turquoise,SPAG17
cg02152233,grey,OPRD1
cg02152982,turquoise,KDM3A
cg02153584,turquoise,CCDC117
cg02153747,blue,SVIL
cg02154874,turquoise,VEZT
cg02155528,royalblue,NGRN
cg02155927,salmon,
cg02157626,violet,
cg02159489,grey,
cg02161084,turquoise,CD276
cg02162144,grey,
cg02162404,turquoise,
cg02164335,blue,
cg02167713,grey,
cg02169098,turquoise,PPPDE2
cg02169125,grey,TMEM199
cg02169279,blue,PEBP4
cg02169338,grey,
cg02169857,grey,NCRNA00116
cg02172142,turquoise,BARD1
cg02172579,turquoise,ANK1
cg02172616,darkgreen,EED
cg02173268,turquoise,RGS19
cg02173849,turquoise,PJA2
cg02174092,grey,
cg02175231,blue,PRKCQ
cg02175309,blue,NUBPL
cg02175952,blue,RBM33
cg02177444,blue,
cg02177621,turquoise,STYX
cg02180579,blue,CECR5
cg02180766,grey,MAVS
cg02182794,blue,RAB28
cg02185053,turquoise,FAM49B
cg02190610,grey60,MYLIP
cg02190746,turquoise,ASB13
cg02192555,blue,MSRA
cg02195995,blue,
cg02196694,darkgrey,TOX
cg02197563,blue,
cg02197918,turquoise,TPP2
cg02200456,grey,SLC22A18AS
cg02201066,blue,HS3ST5
cg02201914,turquoise,
cg02210123,turquoise,RHOJ
cg02210151,grey,FGFR2
cg02212310,royalblue,BAT2
cg02215070,turquoise,AKR1B1
cg02216295,turquoise,ANKRD11
cg02218809,turquoise,TMEM219
cg02219949,grey,SP6
cg02220129,grey,
cg02221622,grey,
cg02221750,turquoise,ANKLE1
cg02222290,turquoise,SGPL1
cg02223005,turquoise,TPPP
cg02224314,grey,BCL11B
cg02225143,turquoise,MANF
cg02225716,grey,MAL2
cg02225897,turquoise,RTDR1
cg02228804,turquoise,HIST1H2AI
cg02231052,turquoise,RPS3
cg02231295,turquoise,RAD9A
cg02232273,black,
cg02236651,turquoise,LIMD2
cg02239258,grey,
cg02242345,blue,
cg02243714,grey,JPH3
cg02247823,red,GMFB
cg02249577,grey,
cg02250291,blue,
cg02251172,turquoise,PAOX
cg02251859,grey,GPR98
cg02253567,turquoise,
cg02254774,grey,LOC441601
cg02256410,turquoise,TPX2
cg02257681,turquoise,DDAH2
cg02257714,turquoise,CACNA1H
cg02257953,grey,
cg02260340,purple,RNF5P1
cg02262633,blue,NXN
cg02262786,turquoise,C10orf76
cg02263377,blue,ADSSL1
cg02263479,turquoise,NTHL1
cg02263539,turquoise,ST6GAL1
cg02264195,blue,TRAP1
cg02267270,grey,MDGA1
cg02267838,turquoise,STIM2
cg02269984,blue,
cg02270332,grey,
cg02270541,turquoise,CDK7
cg02271560,turquoise,C2orf63
cg02272207,yellow,PLEKHH3
cg02273436,grey,PDGFRA
cg02273535,turquoise,SUB1
cg02274108,turquoise,ATPGD1
cg02276361,blue,REEP3
cg02276826,grey,
cg02277999,lightgreen,SPATA7
cg02278912,grey,
cg02278959,blue,ZNF286B
cg02279953,blue,SNORD114-11
cg02281226,turquoise,STX8
cg02281577,blue,ABHD2
cg02284587,turquoise,CACHD1
cg02286659,blue,SRCIN1
cg02286847,turquoise,FKBP10
cg02287093,sienna3,C17orf58
cg02287371,grey,SLC6A18
cg02288296,turquoise,SNX8
cg02288777,turquoise,PEF1
cg02289287,grey,
cg02289992,turquoise,FAM164A
cg02290823,grey,TMED1
cg02291164,grey,
cg02291466,turquoise,CHPF2
cg02292450,blue,CSMD3
cg02293936,turquoise,LOC404266
cg02297831,turquoise,MED28
cg02299195,blue,PTPRJ
cg02299497,grey,
cg02299568,steelblue,TRMT2A
cg02300154,grey,WBSCR17
cg02303067,blue,NIPBL
cg02304092,grey,FLJ44606
cg02304584,grey,
cg02307953,turquoise,MRPL30
cg02308795,turquoise,CDC42SE2
cg02310882,turquoise,ZFHX3
cg02313495,grey,BMF
cg02314201,grey,
cg02314846,turquoise,ACAA1
cg02315450,blue,YWHAQ
cg02317534,blue,
cg02320003,grey,ELOVL7
cg02320083,grey,
cg02320481,grey,IRS2
cg02321381,turquoise,OXA1L
cg02322621,turquoise,ZBTB9
cg02322843,blue,SLC15A4
cg02324737,turquoise,DYNC1I2
cg02325243,turquoise,PBX4
cg02325679,turquoise,SCAND1
cg02326032,turquoise,GABPB1
cg02327501,grey,CHGA
cg02329767,turquoise,STARD4
cg02331830,grey,PLEC1
cg02331910,grey,S100A13
cg02335554,turquoise,DUSP16
cg02335863,blue,CDC27
cg02337062,turquoise,CCDC71
cg02337349,grey,SLC38A3
cg02339297,green,RNF41
cg02340053,turquoise,NBEA
cg02340856,turquoise,SEC61A1
cg02341645,grey,C17orf54
cg02343814,turquoise,KIF18A
cg02346282,blue,BTF3
cg02348116,grey,MBLAC2
cg02351223,turquoise,ARFGAP3
cg02352203,turquoise,RPTOR
cg02352723,turquoise,
cg02354107,turquoise,SCARB2
cg02355033,blue,SETDB2
cg02357389,salmon,CCDC59
cg02358172,turquoise,STARD5
cg02361370,blue,
cg02365742,turquoise,MSX2
cg02370373,lightgreen,TPST2
cg02372421,turquoise,IWS1
cg02372889,grey,HSPB6
cg02375313,blue,EXOC2
cg02376806,blue,LRRC66
cg02376887,blue,
cg02378074,blue,TRMU
cg02379764,turquoise,CLUAP1
cg02380715,blue,GPR133
cg02380802,grey,
cg02383089,turquoise,ZNRD1
cg02383835,turquoise,TLE2
cg02385593,grey,
cg02386244,turquoise,PKMYT1
cg02386644,turquoise,ZNF225
cg02389040,grey,
cg02389270,turquoise,CRLF1
cg02389501,blue,
cg02389555,turquoise,TRIM27
cg02392688,turquoise,GIT1
cg02394263,turquoise,CPPED1
cg02394686,grey,ISOC2
cg02395326,turquoise,KAT2A
cg02395441,turquoise,CIC
cg02395768,yellow,ATP5SL
cg02396009,turquoise,RPUSD4
cg02396888,turquoise,MATN1
cg02397479,blue,DOCK9
cg02397686,turquoise,WBP2
cg02398342,grey,TBCD
cg02399249,grey,KRT27
cg02399570,grey,CCNL1
cg02400092,grey,ZBTB44
cg02400139,blue,TCERG1
cg02400334,turquoise,CLSTN3
cg02400740,turquoise,TWIST1
cg02401399,turquoise,CLIP3
cg02401614,blue,
cg02403292,grey,SLIT3
cg02404636,turquoise,SFI1
cg02405503,grey,CORO2B
cg02407415,grey,PRR25
cg02407746,turquoise,C11orf48
cg02408697,grey,ADARB2
cg02410825,turquoise,C20orf72
cg02411961,turquoise,ENHO
cg02415057,grey,GLIPR1L2
cg02421824,blue,
cg02423659,grey,GAK
cg02425140,grey,C17orf97
cg02427438,turquoise,AAAS
cg02428792,grey,
cg02433406,blue,RPAP3
cg02435495,turquoise,HNF1B
cg02440537,turquoise,H2AFV
cg02440668,grey,
cg02443583,turquoise,TUBD1
cg02445356,turquoise,APPBP2
cg02446006,turquoise,PYGB
cg02446378,turquoise,ZNF17
cg02447462,grey,CFD
cg02452058,blue,SEMA5A
cg02452435,grey,COG1
cg02452966,grey,RYR1
cg02454982,turquoise,LOC388588
cg02455571,blue,NOS1AP
cg02455615,grey,CSTF3
cg02455868,blue,
cg02457680,grey,TDRD10
cg02459042,darkmagenta,NXN
cg02460314,blue,CPN1
cg02460997,turquoise,PTHLH
cg02461391,turquoise,CDYL2
cg02462879,blue,
cg02463440,grey,PIWIL2
cg02466830,grey,
cg02468050,turquoise,GRID2
cg02469487,grey,STARD7
cg02470697,grey,GTF2A1L
cg02470736,turquoise,C12orf62
cg02471917,blue,SLU7
cg02472291,grey,C8orf45
cg02475131,turquoise,LSM5
cg02477380,turquoise,UBE3C
cg02478409,turquoise,ITPR3
cg02479773,turquoise,LRRC14
cg02486855,grey,SMAD3
cg02487331,grey,
cg02487667,turquoise,MKS1
cg02489371,blue,RNF43
cg02490460,grey,
cg02490942,blue,ATP11A
cg02493904,turquoise,AMDHD2
cg02494059,turquoise,LANCL2
cg02497785,grey,ABCA13
cg02499249,turquoise,RARB
cg02502679,blue,MRPS28
cg02502849,turquoise,CLASP1
cg02503395,turquoise,C8orf73
cg02503501,turquoise,ZNF438
cg02503763,turquoise,MGLL
cg02504465,turquoise,SNX3
cg02505871,turquoise,FAM110B
cg02506867,turquoise,NFATC3
cg02508651,grey,
cg02510267,turquoise,NELL1
cg02510453,turquoise,RPS3A
cg02511156,turquoise,LOC283392
cg02512202,turquoise,LOC652276
cg02513556,grey,
cg02514021,turquoise,FLJ43663
cg02515739,blue,SPSB4
cg02516257,turquoise,GMCL1
cg02522173,turquoise,NMD3
cg02522311,darkolivegreen,C6orf48
cg02522760,grey,FGF8
cg02524003,blue,LRRCC1
cg02524205,grey,
cg02524346,grey,
cg02525722,grey,
cg02527881,grey,PTH1R
cg02527886,blue,CARD11
cg02530824,grey,PF4
cg02531479,turquoise,IRX2
cg02532014,grey,UBE2QP1
cg02532037,grey,DIXDC1
cg02532518,grey,
cg02533235,darkorange,BCCIP
cg02533339,grey,MIR365-1
cg02535421,grey,ZFP90
cg02537221,magenta,NHEJ1
cg02537960,turquoise,
cg02538825,orange,EIF3B
cg02539829,blue,PGAP1
cg02543101,blue,PSMD7
cg02544829,blue,RAD54B
cg02548912,blue,CAGE1
cg02553302,blue,TNXB
cg02554168,green,KIAA0748
cg02558474,turquoise,C6orf114
cg02558537,turquoise,CWF19L2
cg02561103,blue,TES
cg02561205,turquoise,KAT5
cg02561733,turquoise,LAMB1
cg02562122,grey,CDK5
cg02567119,grey,TLX1
cg02567769,grey,RASGEF1C
cg02568806,blue,HS3ST3A1
cg02569458,grey,RASSF9
cg02571389,blue,SCG5
cg02573091,grey,
cg02573825,turquoise,ZNF350
cg02574073,grey,LOC404266
cg02574526,turquoise,GATA2
cg02574844,grey,
cg02576528,grey,
cg02579469,blue,
cg02580895,grey,
cg02581963,green,C10orf75
cg02582136,turquoise,AKAP9
cg02582183,grey,TMEM80
cg02582194,blue,
cg02582203,turquoise,
cg02582520,grey,GRIN3B
cg02583091,grey,SLC39A4
cg02584969,turquoise,TNK2
cg02586637,turquoise,COQ10B
cg02589791,grey,
cg02592739,blue,
cg02593352,turquoise,TRIM27
cg02593615,blue,LOC100190939
cg02594410,turquoise,
cg02595575,turquoise,SLC25A42
cg02595681,turquoise,ZNF215
cg02598341,grey,KLF13
cg02599361,grey,ADAMTS2
cg02599498,grey,
cg02603192,turquoise,ZNF337
cg02604407,turquoise,SRI
cg02605800,blue,SBDS
cg02607605,turquoise,MGC23284
cg02612650,grey,
cg02614129,turquoise,H2AFY
cg02614372,grey,NXPH1
cg02615117,turquoise,
cg02616947,turquoise,KAZALD1
cg02616966,grey,MCCC1
cg02617132,turquoise,ANKRD9
cg02617655,turquoise,UNC13A
cg02622866,grey,ATF2
cg02625222,grey,CRB2
cg02625745,grey,CEBPZ
cg02626129,grey,C13orf33
cg02628483,blue,
cg02628508,turquoise,ZNF498
cg02628801,grey,S1PR1
cg02631126,grey,ZSCAN12L1
cg02631153,blue,WDR8
cg02632227,blue,GNPTG
cg02632314,turquoise,ELF1
cg02633599,turquoise,B3GNT2
cg02633690,turquoise,B3GALNT2
cg02633838,grey,MRPS5
cg02635786,blue,TDRD1
cg02636041,turquoise,RASGEF1A
cg02636798,turquoise,RNASEH2A
cg02637593,blue,TP63
cg02637781,turquoise,EIF3B
cg02637948,turquoise,DIAPH1
cg02639540,grey,
cg02639808,turquoise,CCNI
cg02641420,blue,PITPNC1
cg02642126,grey,TRAPPC9
cg02644052,turquoise,
cg02644301,turquoise,TECR
cg02645710,cyan,TSPAN19
cg02648251,turquoise,PARD6A
cg02649279,turquoise,
cg02651945,turquoise,DNAJB1
cg02652202,darkmagenta,GNB5
cg02652768,darkred,DDAH2
cg02654923,blue,
cg02655397,blue,
cg02655623,blue,C17orf85
cg02655864,turquoise,RNMTL1
cg02656169,blue,ANAPC5
cg02656441,grey,ING1
cg02656525,turquoise,WDR36
cg02656741,turquoise,SDHC
cg02657760,grey,PNKD
cg02658739,turquoise,TNPO1
cg02659117,turquoise,KIAA0232
cg02659673,turquoise,LOC100133612
cg02660823,turquoise,PRKCG
cg02662362,grey,HLA-DPB2
cg02662417,grey,ARID1B
cg02663258,turquoise,
cg02664812,grey,
cg02666184,turquoise,ETFB
cg02666610,turquoise,
cg02667667,grey,DKFZP434H168
cg02668903,blue,ZBTB40
cg02668984,brown,PDK2
cg02671751,turquoise,WAPAL
cg02672232,blue,XPR1
cg02673002,grey,RNF169
cg02674305,turquoise,PHF20
cg02674562,blue,MAP1S
cg02674662,turquoise,STX5
cg02675010,pink,YPEL5
cg02675375,turquoise,MND1
cg02675527,grey,PAX8
cg02676175,grey,KCTD11
cg02678768,grey,EVPL
cg02680629,green,FBXO38
cg02682142,turquoise,MBTPS1
cg02682457,red,SYNE1
cg02685896,turquoise,PROCA1
cg02687055,turquoise,MFSD2B
cg02689072,blue,CPLX1
cg02689951,turquoise,KIAA0226
cg02691506,grey,C3orf32
cg02691685,turquoise,SUV420H2
cg02691819,turquoise,MAGI1
cg02692313,grey,HLA-DPB1
cg02692441,yellowgreen,FOXP1
cg02693156,turquoise,
cg02693289,blue,MARCH10
cg02694990,blue,STK17B
cg02696685,grey,HCN2
cg02696763,turquoise,SMG5
cg02697649,grey,FZD7
cg02698580,grey,RGR
cg02698900,grey,
cg02699099,blue,
cg02700824,turquoise,SLC26A2
cg02702107,blue,CMAS
cg02704345,turquoise,PAK4
cg02704946,blue,KIAA0753
cg02705666,turquoise,GTF2B
cg02705895,turquoise,MRFAP1
cg02707464,turquoise,C7orf42
cg02707610,blue,ZNF783
cg02707638,turquoise,MKI67
cg02707854,grey,SLC27A1
cg02709834,grey,CRYZ
cg02710161,blue,
cg02711476,grey,CRTC2
cg02711652,turquoise,AXIN2
cg02711849,brown,
cg02711976,green,NCDN
cg02712075,turquoise,LOC404266
cg02712183,skyblue,RASGEF1B
cg02712555,turquoise,CYP24A1
cg02712587,blue,EIF2AK4
cg02712854,blue,TMBIM6
cg02714192,blue,NFATC1
cg02715246,turquoise,NKTR
cg02715602,grey,SEMA6B
cg02715797,turquoise,RPUSD1
cg02716173,turquoise,PDLIM5
cg02717618,turquoise,SETBP1
cg02717656,blue,GALNS
cg02718654,turquoise,SPTBN4
cg02720683,greenyellow,BAT5
cg02723406,green,MAVS
cg02723913,blue,CYFIP1
cg02724271,turquoise,TTC9B
cg02724435,turquoise,TBC1D5
cg02728595,turquoise,
cg02728748,brown,MSL2
cg02733266,turquoise,GSTO1
cg02734259,grey,
cg02735423,grey,HLA-DRB5
cg02737384,grey,RASSF4
cg02738081,turquoise,EHHADH
cg02742676,blue,PCDHA7
cg02743029,turquoise,SERTAD4
cg02749984,blue,
cg02750262,grey,ZADH2
cg02750935,grey,PRELID2
cg02752958,blue,ZP3
cg02754929,grey,
cg02754945,grey,
cg02758706,blue,
cg02758899,turquoise,SLC41A3
cg02759489,grey,PDGFRA
cg02761523,turquoise,NFIX
cg02761940,black,ATL3
cg02762393,turquoise,WDR59
cg02765225,turquoise,SERF2
cg02767296,turquoise,RELB
cg02767633,blue,
cg02768760,blue,
cg02769477,grey,
cg02770061,grey,PTPRN2
cg02771260,grey,MS4A3
cg02772682,turquoise,SNAPC2
cg02772935,grey,
cg02773403,blue,ANK3
cg02773640,blue,RBM17
cg02774542,grey,RGL3
cg02775223,blue,DUXA
cg02776035,turquoise,
cg02776658,grey,MAG
cg02776664,grey,MAST1
cg02779075,turquoise,
cg02779467,turquoise,PRPSAP2
cg02782052,blue,LOC644649
cg02782889,turquoise,IGF2BP1
cg02784823,grey,LMTK3
cg02785814,green,
cg02788233,blue,PTPRG
cg02788419,grey,LINS1
cg02789965,turquoise,PLK5P
cg02792140,brown,FZR1
cg02793854,turquoise,CENPT
cg02795678,blue,SUV39H2
cg02796773,turquoise,PTPN13
cg02797871,grey,COL20A1
cg02800334,blue,ANXA13
cg02800362,grey,HNRNPAB
cg02801598,white,PDP2
cg02802309,turquoise,
cg02802871,turquoise,GINS1
cg02802904,lightyellow,MGMT
cg02806645,grey,PRR23A
cg02806927,paleturquoise,RIF1
cg02808075,grey,ITPR1
cg02808338,turquoise,INO80C
cg02810826,blue,ADAMTS9
cg02811067,grey,EEPD1
cg02814641,blue,
cg02815900,yellow,ORAI3
cg02819020,darkturquoise,KIF9
cg02824202,grey,
cg02824295,turquoise,TBC1D17
cg02825052,turquoise,PICALM
cg02825653,turquoise,ZBTB4
cg02827029,blue,KDM2B
cg02827371,turquoise,CCDC7
cg02828054,orange,MARCH2
cg02828858,turquoise,GTF2F2
cg02831260,blue,
cg02836531,grey,USP33
cg02837212,turquoise,ETFB
cg02838762,turquoise,HNRNPU
cg02840535,blue,GTF3C1
cg02841571,grey,WDR27
cg02842197,turquoise,DERL2
cg02842227,grey,NCAM2
cg02842338,blue,
cg02844852,grey,
cg02845274,grey,ABCA13
cg02846841,grey,
cg02847098,turquoise,WDR77
cg02847425,grey,UPK3B
cg02848106,blue,SKIL
cg02848750,grey,
cg02848777,turquoise,TLL2
cg02849750,blue,BRAP
cg02849769,turquoise,AHCYL1
cg02852743,salmon,NDEL1
cg02853954,blue,SH2B3
cg02858843,brown,PAFAH2
cg02859644,turquoise,ACBD5
cg02865447,turquoise,UBE2J1
cg02869559,grey,RUNX1
cg02869960,blue,XPO6
cg02872426,grey,DDO
cg02872767,grey,PLK5P
cg02873525,blue,
cg02873700,turquoise,RPL36AL
cg02873868,turquoise,DLL3
cg02873954,grey,PDXK
cg02876237,turquoise,ZNF614
cg02877808,turquoise,MIF
cg02879661,turquoise,PABPC1
cg02882448,turquoise,
cg02884826,blue,POLR2B
cg02886208,grey,SPON1
cg02887499,turquoise,HIST1H2BD
cg02888513,blue,
cg02888748,blue,CCDC34
cg02890642,blue,
cg02891314,grey,GFPT2
cg02891332,turquoise,TWSG1
cg02892357,grey,TRPM2
cg02895278,grey,PPP2R2A
cg02896355,turquoise,ZNF226
cg02896835,grey,
cg02897359,turquoise,HSPA1A
cg02901790,blue,TOP1MT
cg02902672,grey,HLA-DQB1
cg02907176,turquoise,FGFR1OP
cg02908120,blue,FTSJD1
cg02909711,turquoise,LRRC36
cg02910553,turquoise,CCDC92
cg02916312,turquoise,RIMS1
cg02917596,turquoise,DAGLA
cg02919082,grey,HLA-DQA1
cg02919257,turquoise,CCDC77
cg02919936,turquoise,PRDM14
cg02923571,turquoise,PWP1
cg02923628,blue,
cg02924619,turquoise,HSPA2
cg02924961,turquoise,HIST1H2BC
cg02925840,turquoise,STX6
cg02926769,blue,CBFA2T3
cg02928664,grey,CDC42EP5
cg02930242,greenyellow,FGFRL1
cg02930317,turquoise,OTUD4
cg02934834,grey,TSPYL4
cg02937966,turquoise,
cg02939508,turquoise,RNASE4
cg02939598,grey,
cg02939659,blue,
cg02943720,turquoise,ATN1
cg02944007,blue,TSPAN10
cg02945294,turquoise,SRR
cg02947021,turquoise,C14orf43
cg02947862,turquoise,
cg02949296,blue,ZAN
cg02949992,turquoise,CDCA4
cg02951558,turquoise,FAM71E1
cg02951568,royalblue,
cg02952686,grey,LRRC28
cg02952701,turquoise,TET1
cg02952711,turquoise,LRRC27
cg02953125,blue,SNTG2
cg02953382,turquoise,LOC391322
cg02953545,grey,CLRN2
cg02954252,turquoise,NACA
cg02955476,blue,
cg02959285,turquoise,HIST1H2AE
cg02959988,grey,
cg02960488,blue,
cg02961575,turquoise,TBCCD1
cg02961798,grey,RLTPR
cg02962380,turquoise,MAF
cg02963119,grey,DECR2
cg02964172,blue,GCNT2
cg02964324,grey,HECW1
cg02964356,blue,SPATS2
cg02965870,grey,NEDD4
cg02968116,turquoise,
cg02968606,blue,BRMS1L
cg02968854,darkmagenta,NOD1
cg02968883,blue,RAPGEF2
cg02969452,grey,PNN
cg02970077,grey,EIF5A
cg02972257,cyan,
cg02972356,turquoise,CREM
cg02973270,turquoise,AGPAT1
cg02976405,darkolivegreen,C7orf10
cg02976617,grey,NUDT12
cg02978142,turquoise,SNX27
cg02979010,blue,TBC1D15
cg02979741,turquoise,MAVS
cg02980823,turquoise,C14orf118
cg02981003,grey,GPR123
cg02983495,turquoise,TRPC3
cg02984142,turquoise,SPATA1
cg02984614,turquoise,ACCN1
cg02986924,saddlebrown,RTN4
cg02987705,turquoise,ELOVL6
cg02988312,blue,KIAA1530
cg02989645,blue,
cg02991085,grey,NCRNA00028
cg02991469,turquoise,ZFP64
cg02992544,turquoise,FAM20C
cg02992881,turquoise,DLEU2
cg02993280,turquoise,PRMT6
cg02993630,turquoise,MIR760
cg02995877,blue,TRAPPC9
cg02996006,turquoise,KCTD13
cg02996639,turquoise,UGP2
cg02997574,turquoise,NFE2L1
cg02997812,turquoise,GTPBP3
cg02999463,brown,BRF2
cg03000485,blue,
cg03000603,turquoise,DHX34
cg03000989,blue,PLEKHA7
cg03001875,turquoise,TARBP1
cg03002232,turquoise,SF3B3
cg03003115,skyblue,ZNF720
cg03003216,turquoise,CCHCR1
cg03003335,grey,ACAP3
cg03007404,turquoise,RNF216
cg03009524,blue,PELI2
cg03011535,grey,TOX2
cg03012280,grey,ZFYVE19
cg03013917,blue,
cg03014495,blue,COG3
cg03017653,turquoise,TTC13
cg03021120,turquoise,BRD7
cg03021329,turquoise,ITGB5
cg03022926,blue,TC2N
cg03023068,turquoise,SLC30A3
cg03025986,blue,TSSC1
cg03026373,turquoise,SRCIN1
cg03026420,grey,SORD
cg03028106,turquoise,CBX6
cg03030317,grey,HCG27
cg03030717,turquoise,
cg03031660,grey,MRPS7
cg03032098,grey,TUSC3
cg03032456,turquoise,
cg03037033,turquoise,KDM3A
cg03040522,turquoise,ADAR
cg03041027,turquoise,BRI3BP
cg03043160,grey,TBC1D4
cg03044149,turquoise,GUK1
cg03044684,blue,HUNK
cg03045831,turquoise,PTPN13
cg03047785,turquoise,C14orf133
cg03049243,grey,PRPF31
cg03050687,turquoise,ADAL
cg03050907,turquoise,SNHG3-RCC1
cg03051310,turquoise,SART3
cg03051777,turquoise,
cg03052632,brown,NDUFA4L2
cg03052970,turquoise,CACNG4
cg03054277,grey,OBSCN
cg03054303,turquoise,IFT140
cg03054600,turquoise,KIAA1012
cg03054684,grey,MOBP
cg03055499,turquoise,PRKCA
cg03058232,grey,
cg03059048,turquoise,MAT2B
cg03059112,turquoise,FKBP11
cg03059131,turquoise,FOXB1
cg03059575,blue,ABCB5
cg03060201,turquoise,ZNF568
cg03060546,turquoise,APEH
cg03060590,grey,
cg03061122,turquoise,RUNDC3A
cg03061811,turquoise,DKKL1
cg03061892,blue,FAM180A
cg03062252,grey,MDGA1
cg03063057,grey,GNA11
cg03064080,turquoise,ZNF333
cg03065625,turquoise,LRP4
cg03067599,brown,ZNF181
cg03067660,turquoise,KLC4
cg03070236,turquoise,ADCY9
cg03070473,turquoise,OGFR
cg03074424,turquoise,NUP35
cg03075534,grey,
cg03075561,grey60,FAM126B
cg03075791,blue,EPB41L5
cg03078006,grey,TMPRSS6
cg03080820,turquoise,ZNF333
cg03083542,turquoise,NUP98
cg03084408,white,
cg03086067,grey,SH2D4B
cg03088475,turquoise,ZNF251
cg03093033,turquoise,VPS4B
cg03094226,blue,C11orf80
cg03094935,turquoise,DEDD2
cg03095533,turquoise,HPN
cg03096830,turquoise,HSPA1L
cg03098515,turquoise,BAT3
cg03102494,grey,
cg03102879,turquoise,SCNN1B
cg03105770,turquoise,CCDC90B
cg03108419,blue,C19orf25
cg03110633,turquoise,GRAMD1A
cg03111951,turquoise,QSOX1
cg03112087,grey,RNF150
cg03113683,turquoise,TMEM50B
cg03114442,turquoise,DHRS12
cg03115019,grey,FN3K
cg03115937,turquoise,CCDC42
cg03116837,grey,
cg03116938,blue,EXO1
cg03117949,turquoise,USP16
cg03117951,blue,BAG2
cg03117976,grey,FAM38B
cg03119618,blue,SIPA1L3
cg03120717,turquoise,C11orf61
cg03124146,grey,
cg03124214,blue,PARN
cg03124680,orange,NAP1L4
cg03126043,turquoise,ELK4
cg03126579,turquoise,ZFR2
cg03126946,grey,NRIP2
cg03128011,grey,
cg03130248,blue,KIF26B
cg03130627,royalblue,EZR
cg03132911,turquoise,IQGAP2
cg03133118,blue,AK5
cg03138970,blue,N4BP3
cg03140412,turquoise,SIGIRR
cg03140418,turquoise,MARS2
cg03140866,turquoise,DDX23
cg03142458,orange,
cg03142697,grey,RUNX1
cg03143441,blue,HIPK2
cg03146637,turquoise,GPN1
cg03147452,turquoise,SETD8
cg03149565,turquoise,LOC641518
cg03151810,grey,
cg03153062,turquoise,
cg03153775,blue,CDCP1
cg03156396,grey,MSLN
cg03160526,grey,B3GNTL1
cg03161606,grey,
cg03162686,grey,ANKRD11
cg03164238,turquoise,CACNG6
cg03165014,grey,ITGBL1
cg03165859,turquoise,LSG1
cg03166323,turquoise,SEPHS2
cg03166550,darkorange,PSMB8
cg03167954,grey,GAS2L1
cg03168497,grey,MYCBPAP
cg03171646,turquoise,HSF2
cg03172996,turquoise,CACNB4
cg03176411,turquoise,
cg03176453,turquoise,PRR3
cg03177231,midnightblue,TBKBP1
cg03177593,blue,FNDC3B
cg03178232,blue,LMF1
cg03178820,turquoise,OSGEPL1
cg03179435,grey,FRMD4A
cg03181300,grey,
cg03182029,turquoise,COBLL1
cg03184037,turquoise,WRN
cg03184410,blue,SHROOM3
cg03185022,turquoise,GNA12
cg03185704,grey,LRRC61
cg03188948,grey,
cg03189756,turquoise,OPN3
cg03191045,turquoise,
cg03192598,grey,
cg03193689,purple,BZW1
cg03198009,violet,
cg03199926,grey,OSBPL2
cg03201044,turquoise,TFAP2C
cg03201262,blue,CPN1
cg03204825,blue,TPRXL
cg03204906,turquoise,BRD8
cg03205007,turquoise,SMEK2
cg03205258,grey,TXNRD2
cg03208125,blue,
cg03208830,turquoise,PPP1R13L
cg03208893,blue,
cg03209103,grey,SGCE
cg03209166,turquoise,PRH1
cg03209642,grey,FES
cg03212129,turquoise,PDCD2L
cg03212272,turquoise,
cg03213289,grey,
cg03214005,blue,
cg03214277,turquoise,SLC25A23
cg03214297,grey,PICK1
cg03216635,grey,PLD5
cg03218303,darkgreen,
cg03218402,blue,PRH1
cg03219922,grey,
cg03221366,blue,
cg03221984,blue,
cg03222672,blue,C9orf45
cg03225817,turquoise,GRIA4
cg03226526,blue,FAM20C
cg03226844,grey,RPH3AL
cg03229183,turquoise,TOP3B
cg03231960,grey,DBP
cg03234437,turquoise,GNL1
cg03235083,turquoise,HEXB
cg03239552,turquoise,HOXC13
cg03242360,turquoise,VASP
cg03242819,grey,DOCK1
cg03243432,turquoise,NDUFB7
cg03243497,turquoise,BAT3
cg03244494,grey,CRYL1
cg03244587,blue,ING5
cg03245748,turquoise,IMP4
cg03246273,turquoise,MED13
cg03246824,turquoise,H2AFX
cg03247595,blue,AARS
cg03249171,blue,
cg03251054,turquoise,ATMIN
cg03251655,grey,SLFN12
cg03252340,turquoise,HNRNPD
cg03254875,turquoise,ZMYND11
cg03255741,turquoise,SMAD4
cg03255942,blue,SRRM1
cg03256090,grey,
cg03257200,turquoise,CLN5
cg03257341,turquoise,WNT1
cg03259494,grey,PHOSPHO1
cg03262105,turquoise,LRRC16A
cg03264133,grey,
cg03264670,brown,XBP1
cg03266380,turquoise,ENTPD4
cg03269060,grey,RARRES1
cg03269218,grey,
cg03271651,turquoise,POGZ
cg03274391,grey,
cg03275067,turquoise,MIR548G
cg03281393,blue,DOCK9
cg03282336,turquoise,ARL5B
cg03283048,grey,FLYWCH2
cg03286262,blue,SAP130
cg03286682,darkred,
cg03286899,midnightblue,SFRS3
cg03291960,turquoise,FAM126A
cg03292213,grey,PLD6
cg03293206,grey,ANKRD26P1
cg03294458,grey,WNK4
cg03294547,turquoise,TMEM87A
cg03297163,grey,
cg03297569,grey,RAB30
cg03298413,skyblue,ATF6B
cg03299479,blue,
cg03299782,blue,TTC15
cg03299990,grey,
cg03300581,turquoise,CNR1
cg03304380,grey,DLC1
cg03307092,turquoise,ZNF252
cg03307401,brown,KLK13
cg03309180,turquoise,PRICKLE1
cg03309253,turquoise,LTBP4
cg03310038,blue,VWA3B
cg03310691,blue,PARD3
cg03311459,turquoise,CHST11
cg03312059,blue,MAML2
cg03312643,turquoise,
cg03312856,blue,TAF1C
cg03314029,grey,ZNF469
cg03315007,turquoise,C1orf86
cg03315407,turquoise,ANKH
cg03318940,grey,MCCC1
cg03320492,turquoise,C1orf228
cg03322334,grey,WBSCR27
cg03322619,turquoise,LOC100302652
cg03322979,blue,
cg03325810,turquoise,CENPO
cg03326215,grey,MYT1L
cg03326335,blue,SORCS2
cg03327325,grey,
cg03327343,blue,
cg03327386,grey,RAB12
cg03327615,turquoise,C3orf58
cg03329576,turquoise,
cg03329597,grey,MYH15
cg03330820,blue,CACHD1
cg03331258,turquoise,KIF2C
cg03333149,grey,
cg03335125,grey,CCDC17
cg03337263,blue,NBEA
cg03337277,grey,SCAND2
cg03338209,blue,CARD10
cg03338380,turquoise,PSEN2
cg03340889,turquoise,CABIN1
cg03342084,turquoise,ALKBH3
cg03342130,grey,
cg03342928,grey,SSC5D
cg03344693,turquoise,
cg03344955,turquoise,MCCC1
cg03345454,grey,FZD7
cg03346523,grey,QSER1
cg03346802,turquoise,CSNK2A1
cg03348901,turquoise,AGPAT6
cg03349373,blue,TARSL2
cg03351412,turquoise,PMVK
cg03355298,turquoise,B2M
cg03355370,blue,
cg03357180,turquoise,IGFBP7
cg03357798,grey,
cg03357803,blue,OCA2
cg03359964,turquoise,
cg03361665,turquoise,WIZ
cg03362549,blue,
cg03363289,grey,LHX6
cg03363478,grey,
cg03363567,red,DHX40
cg03365403,blue,ANO9
cg03366858,grey,LRP8
cg03366896,turquoise,ECHS1
cg03366925,pink,GLI3
cg03367387,turquoise,KIAA0226
cg03369477,turquoise,ASAM
cg03372099,turquoise,FAM168A
cg03372365,turquoise,RNGTT
cg03375212,turquoise,RFC1
cg03376183,turquoise,MAP3K3
cg03379477,grey,RPH3AL
cg03381515,turquoise,LAPTM4A
cg03382370,grey,LOC146336
cg03383873,turquoise,RUFY2
cg03384318,blue,TCF7L2
cg03384545,turquoise,STAT5B
cg03384979,turquoise,GJA3
cg03384992,turquoise,OSBPL1A
cg03385233,turquoise,PDIA5
cg03387311,blue,PLD6
cg03387593,blue,
cg03392046,turquoise,CCDC75
cg03392386,grey,IGSF9B
cg03393996,grey,
cg03396347,grey,
cg03396447,blue,TMOD2
cg03400443,grey,
cg03400811,grey,LOC150185
cg03402001,turquoise,ZNF598
cg03405315,grey,STK33
cg03410815,sienna3,WRN
cg03410903,turquoise,DAGLA
cg03414321,turquoise,HCK
cg03416888,turquoise,PSMA7
cg03418154,turquoise,APH1B
cg03420356,turquoise,LOC730101
cg03420670,turquoise,DDI2
cg03423038,turquoise,NLE1
cg03424772,blue,ACVR1C
cg03427058,grey,MIB2
cg03429968,grey,EPB41
cg03431989,paleturquoise,YPEL2
cg03433033,grey,ACADM
cg03434432,turquoise,PPT2
cg03436149,turquoise,STIP1
cg03436453,turquoise,WASF2
cg03436530,turquoise,GLCCI1
cg03437748,darkorange,IGF1R
cg03438692,turquoise,SNORD27
cg03441227,turquoise,PHTF1
cg03441514,turquoise,GALE
cg03442350,turquoise,
cg03444340,blue,ITGA4
cg03445587,turquoise,LEKR1
cg03446079,turquoise,FZD2
cg03446203,grey,C6orf48
cg03447554,grey,
cg03448241,blue,FAM55C
cg03449387,grey,ABCC5
cg03449857,violet,
cg03450049,turquoise,SBF1
cg03451212,darkred,SLCO5A1
cg03451296,darkgreen,CRIP2
cg03453431,grey,
cg03455316,grey,
cg03455424,grey,
cg03456771,grey,
cg03459920,blue,ANGPT2
cg03460032,blue,RB1
cg03461641,grey,
cg03464336,turquoise,UBE3A
cg03464685,turquoise,EI24
cg03469521,grey,CA7
cg03469608,turquoise,SLC25A11
cg03469617,turquoise,MRPL53
cg03469862,grey,
cg03470088,turquoise,IL28RA
cg03470736,turquoise,C1orf66
cg03470939,blue,CAPZB
cg03474133,turquoise,CCNI
cg03475660,turquoise,TMEM231
cg03475776,grey,HDAC4
cg03477476,turquoise,RPS19
cg03479942,blue,SNTB2
cg03480210,brown,DHX57
cg03482866,grey,COL4A2
cg03484853,blue,RUNX1T1
cg03485262,grey,RIN3
cg03485608,blue,NXPH2
cg03486307,green,
cg03486986,grey,
cg03487200,blue,RBBP6
cg03490460,blue,RASA3
cg03490711,turquoise,BCL6
cg03492495,blue,FIG4
cg03494429,grey,
cg03496359,blue,TBCD
cg03496709,grey,LOC387647
cg03498228,blue,FAM193A
cg03498886,grey,TMEM151B
cg03499943,grey,LHPP
cg03500911,turquoise,SMAD4
cg03500965,turquoise,SCML4
cg03505583,turquoise,BCL6
cg03506045,turquoise,CNO
cg03511311,grey,CUTA
cg03511931,turquoise,ITM2C
cg03512511,blue,
cg03513606,blue,
cg03515372,grey,ROBO1
cg03517024,grey,TRAF7
cg03517284,grey,
cg03519711,turquoise,CYR61
cg03520103,tan,HTRA2
cg03522447,turquoise,PKD2
cg03526756,blue,
cg03530437,blue,NPHP4
cg03530744,blue,CARKD
cg03535985,blue,SNX29
cg03537301,turquoise,MIER3
cg03537537,blue,DCAF4L2
cg03539313,blue,MFSD1
cg03540622,grey,ZBTB47
cg03540975,blue,IGF1R
cg03544320,grey,CRMP1
cg03546712,turquoise,DDHD1
cg03547245,turquoise,MSI2
cg03547487,turquoise,CBX3
cg03548062,blue,
cg03549146,grey,MIR140
cg03550075,grey,SFRS8
cg03554194,blue,PVRL3
cg03554573,grey,C11orf53
cg03555424,turquoise,APEH
cg03556393,midnightblue,HOXC10
cg03558399,turquoise,
cg03559815,grey,CEP164
cg03559880,blue,
cg03563298,blue,
cg03563329,turquoise,IQCB1
cg03564661,blue,IRAK3
cg03565189,grey,ANO1
cg03565782,turquoise,IER5
cg03567727,blue,
cg03568042,grey,LDB3
cg03569616,turquoise,ATM
cg03570035,grey,ZNF486
cg03571129,turquoise,ZC3H6
cg03573455,blue,AGPAT1
cg03574723,grey,GPR26
cg03575163,turquoise,C10orf26
cg03577460,turquoise,NFATC4
cg03578013,blue,LOC152024
cg03578331,turquoise,RBMS1
cg03578822,turquoise,WDR1
cg03579187,blue,
cg03580106,red,ZNF778
cg03582157,turquoise,
cg03582419,blue,
cg03582793,blue,ZBTB38
cg03584288,grey,ZNF829
cg03585454,turquoise,SAFB2
cg03585549,lightgreen,PLCL2
cg03590420,grey,OPCML
cg03591419,blue,SOCS4
cg03591582,blue,
cg03592411,blue,NEU1
cg03592940,turquoise,DGUOK
cg03595199,blue,IDO2
cg03595538,turquoise,TMEM146
cg03595792,turquoise,PGM2L1
cg03597143,turquoise,LRRC41
cg03597347,grey,ZSCAN12L1
cg03599197,blue,MIR187
cg03601372,grey,
cg03603035,blue,
cg03603062,blue,PDK4
cg03603977,grey,DLGAP3
cg03604073,grey,GRLF1
cg03604388,blue,MED12L
cg03605037,red,GPR108
cg03605463,grey,
cg03605784,turquoise,SNRNP40
cg03606222,turquoise,NAPA
cg03606898,grey,
cg03607054,blue,C2orf44
cg03607220,grey,HLA-DRB6
cg03607825,turquoise,HCFC1R1
cg03610629,blue,PHRF1
cg03613822,grey,DLG4
cg03618257,turquoise,COX15
cg03618937,greenyellow,FAM189B
cg03621100,turquoise,LOC253724
cg03621881,turquoise,BRUNOL6
cg03623386,darkgreen,EZH1
cg03623568,grey,A2BP1
cg03626857,turquoise,ZNF227
cg03629458,turquoise,C3orf75
cg03630847,turquoise,LOC100268168
cg03631331,turquoise,C11orf9
cg03631596,grey,C13orf37
cg03632357,blue,PWWP2A
cg03635442,grey,
cg03639396,blue,DCUN1D2
cg03640426,blue,
cg03641439,turquoise,C5orf15
cg03641492,blue,SMOC2
cg03642635,grey,IGSF9B
cg03643423,blue,MAP2K4
cg03644281,grey,NFYA
cg03646291,blue,
cg03648679,turquoise,ANKRD11
cg03648908,blue,ITPR1
cg03651054,grey,
cg03651199,blue,SKI
cg03651613,turquoise,TMEM120B
cg03652890,turquoise,GATSL3
cg03653399,grey,SLC45A4
cg03654433,grey,
cg03654560,grey,
cg03655662,turquoise,TMEM183A
cg03655884,blue,
cg03656137,blue,C3orf26
cg03656968,turquoise,RDH13
cg03657314,turquoise,MGC23284
cg03658009,turquoise,C20orf26
cg03658244,turquoise,MAPRE2
cg03658716,turquoise,CD3EAP
cg03662843,turquoise,TSPAN33
cg03663746,turquoise,C7orf13
cg03664802,turquoise,EPC2
cg03668495,turquoise,SPRYD3
cg03668982,blue,UBE2E1
cg03669949,grey,DDX43
cg03670441,turquoise,FGFR1OP2
cg03671052,grey,
cg03671191,turquoise,NCRNA00085
cg03673016,blue,GNAS
cg03673368,turquoise,STT3B
cg03676569,blue,BTAF1
cg03676636,grey,C4orf37
cg03680680,blue,DIP2C
cg03680753,blue,
cg03680873,grey,
cg03682112,grey,KCNG2
cg03683171,grey,PFKFB3
cg03684893,grey,DIP2C
cg03686964,grey,
cg03687532,grey,
cg03689076,turquoise,
cg03689456,turquoise,HNRNPA1
cg03690889,blue,
cg03691735,turquoise,FZD7
cg03695448,blue,BUD31
cg03699307,grey,GABARAPL2
cg03700279,blue,PREPL
cg03701427,turquoise,DYDC1
cg03701930,grey,
cg03702435,turquoise,LTB
cg03702675,blue,TUBGCP3
cg03703101,grey,DCP2
cg03703840,turquoise,KIAA1731
cg03704899,blue,
cg03705042,turquoise,PIGW
cg03707256,blue,
cg03712579,turquoise,NPTN
cg03713585,blue,CHN1
cg03716245,blue,MDN1
cg03723556,turquoise,
cg03727229,red,PHLDB1
cg03727554,blue,MAD1L1
cg03727754,grey,CACNA1C
cg03728813,turquoise,SFPQ
cg03732185,turquoise,BICD1
cg03733263,turquoise,KIAA1967
cg03735496,grey,GREB1L
cg03735847,turquoise,SAMD11
cg03735888,turquoise,ZNF132
cg03736057,turquoise,
cg03736085,turquoise,MATN1
cg03738707,grey,
cg03740159,turquoise,SRPK2
cg03741458,grey,
cg03741657,turquoise,PRDX5
cg03742620,turquoise,FUBP1
cg03743981,blue,C19orf47
cg03745386,turquoise,ERGIC2
cg03746133,turquoise,SMCHD1
cg03747251,turquoise,BDNF
cg03747695,turquoise,ZNF227
cg03748376,grey,OR2L13
cg03749207,grey,PRR25
cg03751149,blue,
cg03751967,grey,FCGBP
cg03754311,turquoise,FAM43B
cg03755098,turquoise,CTH
cg03755748,blue,BANP
cg03756514,turquoise,MCL1
cg03758011,turquoise,DMWD
cg03758774,grey,BRD2
cg03759001,blue,
cg03760927,turquoise,LNP1
cg03761543,blue,ST6GALNAC5
cg03761649,turquoise,RIMKLB
cg03761846,turquoise,C11orf54
cg03762505,grey,METTL13
cg03764027,blue,
cg03767932,turquoise,AMD1
cg03769349,turquoise,KIAA1429
cg03770318,turquoise,NR2F2
cg03771255,turquoise,RPS3A
cg03771900,turquoise,C11orf68
cg03772408,blue,COQ7
cg03773226,turquoise,CACNB1
cg03778669,turquoise,
cg03780455,turquoise,RIBC2
cg03782956,turquoise,HMGN4
cg03783555,blue,NEU1
cg03786336,turquoise,HES1
cg03787837,grey,HLA-DQA1
cg03789575,blue,PDCD6IP
cg03790075,blue,SEMA4G
cg03790988,turquoise,DOK6
cg03791325,darkred,C19orf24
cg03799378,blue,
cg03801183,turquoise,GIMAP7
cg03801898,turquoise,ADD3
cg03801902,turquoise,CCND2
cg03803541,grey,LOC404266
cg03803858,grey,VPS4B
cg03804148,turquoise,PITPNA
cg03807316,grey,DLL3
cg03808172,turquoise,SHFM1
cg03809147,turquoise,
cg03812309,grey,
cg03818826,turquoise,AARS
cg03818977,grey,
cg03819338,blue,
cg03821311,blue,HIST1H1B
cg03823904,grey,SEMA3C
cg03826594,turquoise,ITGA5
cg03827423,turquoise,ISCU
cg03828224,turquoise,PPIC
cg03828693,turquoise,ARID5B
cg03829176,turquoise,GBE1
cg03829194,grey,
cg03830585,turquoise,ITPR1
cg03831912,blue,ZNF778
cg03834411,grey,JPH3
cg03837827,turquoise,HNRNPH1
cg03839554,turquoise,ACTL6A
cg03839794,grey,NPAS3
cg03841065,turquoise,SLA2
cg03841667,grey,PMM1
cg03847052,blue,ANKRD11
cg03847932,grey,PPP4R2
cg03848129,grey,LOC387646
cg03848555,turquoise,C9orf40
cg03849685,turquoise,KIAA0101
cg03849834,grey,TREML4
cg03850334,black,EEF1G
cg03850936,grey,
cg03853794,turquoise,
cg03854265,blue,NFASC
cg03854665,turquoise,UQCRC2
cg03854865,turquoise,HIST1H3E
cg03855276,grey,TEX264
cg03859395,turquoise,SMEK2
cg03860051,turquoise,IKZF5
cg03861379,blue,
cg03861798,cyan,BRI3BP
cg03863817,grey,
cg03866757,turquoise,C5orf41
cg03867797,turquoise,VPS29
cg03876184,grey,SUPT7L
cg03876622,turquoise,CSDA
cg03879918,blue,EBF3
cg03880033,grey,CES1
cg03881544,turquoise,EVC2
cg03881961,turquoise,APLP2
cg03891574,blue,
cg03891929,turquoise,PTEN
cg03893180,turquoise,RP9
cg03893339,blue,NPHP3
cg03894339,grey,INTS10
cg03896792,turquoise,CDK17
cg03900386,turquoise,
cg03901532,blue,CRIM1
cg03902642,turquoise,ROBLD3
cg03904042,grey,NECAB3
cg03904534,blue,WWOX
cg03904639,grey,CSNK1A1L
cg03905134,blue,
cg03906434,blue,
cg03907313,blue,CCNT1
cg03909781,turquoise,KIAA0495
cg03909863,grey,DRD4
cg03910065,turquoise,CADM1
cg03911494,turquoise,MARVELD3
cg03915298,grey,DCAF8
cg03916490,grey,C7orf50
cg03916912,turquoise,CEP57
cg03917623,turquoise,RAB6A
cg03918306,brown,ITPR1
cg03918426,blue,
cg03920003,grey,ADAR
cg03920172,turquoise,SKIL
cg03922048,grey,YTHDF3
cg03922175,blue,SEC22A
cg03924111,turquoise,MRPL10
cg03927037,turquoise,ARHGAP20
cg03928247,blue,PPFIA1
cg03929569,turquoise,
cg03931660,blue,ZNF423
cg03933784,turquoise,FDPS
cg03935359,grey,
cg03937591,blue,GAK
cg03938320,turquoise,ABHD11
cg03938978,grey,IL18RAP
cg03943357,turquoise,PEX6
cg03950009,grey,STX17
cg03950599,grey,
cg03952331,turquoise,SCARF2
cg03953257,turquoise,DOCK9
cg03953626,grey,KIAA1949
cg03954927,blue,KIF1B
cg03955321,turquoise,NDUFAF1
cg03956646,grey,JRK
cg03957420,grey,CSGALNACT1
cg03958363,grey,TMEM184A
cg03961283,grey,C1orf65
cg03961510,grey,
cg03962463,blue,SLC16A4
cg03965340,darkred,TCEB2
cg03966514,turquoise,SPG20
cg03967346,turquoise,RPL19
cg03968970,turquoise,MRPL53
cg03970039,turquoise,PLEKHG5
cg03970588,turquoise,GLUL
cg03974689,turquoise,NECAB2
cg03974985,turquoise,TMEM131
cg03975104,turquoise,FAM174A
cg03976895,turquoise,ARF6
cg03977295,blue,RRN3P1
cg03977394,turquoise,ARSK
cg03981213,blue,BCL11A
cg03982568,blue,KCTD16
cg03983476,grey,NOL10
cg03986562,grey,A2BP1
cg03987199,grey,OPRD1
cg03989663,blue,
cg03989711,blue,B3GNTL1
cg03990732,blue,
cg03992063,blue,ADSS
cg03993376,turquoise,LOC100268168
cg03994318,grey,
cg03997764,grey60,FAM96B
cg03998066,blue,TGFB1I1
cg03998338,grey,CES4
cg03999872,grey,STMN3
cg04003871,grey,
cg04004158,grey,
cg04004754,turquoise,SATB1
cg04005958,blue,
cg04008252,grey,NPFFR2
cg04009887,turquoise,GRPEL2
cg04010471,turquoise,
cg04011338,turquoise,RAMP1
cg04013089,blue,GOLGA3
cg04014805,blue,
cg04016086,grey,COBL
cg04016768,turquoise,IGSF8
cg04016922,blue,C3orf26
cg04017116,turquoise,RPAP2
cg04020792,blue,ATP2A2
cg04021127,blue,PPP2R2D
cg04021544,grey,
cg04021557,blue,HIST1H4B
cg04021745,turquoise,ERO1LB
cg04024692,grey,C11orf58
cg04024904,turquoise,CREB5
cg04024910,blue,PRKDC
cg04025728,magenta,RPL22
cg04027043,blue,
cg04028315,grey,SP4
cg04028570,grey,OR2L13
cg04029055,turquoise,
cg04030842,turquoise,UBE2I
cg04036009,turquoise,C2orf28
cg04036101,turquoise,KIFC3
cg04037372,blue,PTDSS2
cg04038724,blue,SRI
cg04041942,grey,INTS9
cg04043455,grey,EBF3
cg04043795,turquoise,SOX11
cg04044120,grey,DNAJB13
cg04052427,turquoise,C2orf67
cg04054303,grey,HLA-DQA1
cg04054902,turquoise,FNDC3A
cg04054907,turquoise,CNOT7
cg04057238,grey,
cg04059647,blue,
cg04059762,grey,
cg04059965,turquoise,C5orf45
cg04062383,turquoise,USP13
cg04063615,grey,
cg04064998,grey,
cg04068497,turquoise,KRR1
cg04071440,violet,
cg04072545,turquoise,INS-IGF2
cg04072691,turquoise,SEC14L5
cg04073265,grey,SLC6A3
cg04074536,grey,CPLX1
cg04074793,turquoise,MKI67
cg04076766,grey,ANKRD53
cg04077210,turquoise,KLHL2
cg04079722,turquoise,ZNF764
cg04081324,turquoise,RPS14
cg04082016,grey,
cg04082020,blue,NFYA
cg04085542,blue,FAM172A
cg04086531,grey,ZNF423
cg04089426,turquoise,LTBP3
cg04090468,grey,
cg04093885,turquoise,ISCA1L
cg04094433,blue,
cg04095069,blue,NUB1
cg04095468,turquoise,SECISBP2
cg04096619,grey,SNORD123
cg04098585,turquoise,CD28
cg04099430,blue,TMCO3
cg04099454,blue,ABCB1
cg04099524,turquoise,FAM81A
cg04099562,turquoise,WDR26
cg04100434,turquoise,MTMR4
cg04102784,blue,
cg04102916,blue,EIF4H
cg04106584,turquoise,EIF2AK1
cg04106641,turquoise,ORC4L
cg04108328,blue,ESCO2
cg04108612,turquoise,PAFAH2
cg04108615,turquoise,CRTC2
cg04108811,turquoise,SMYD3
cg04109898,turquoise,HCG9
cg04111436,blue,PPP1R8
cg04111992,grey,
cg04116469,blue,MAP4K4
cg04117229,turquoise,SPG20
cg04117338,turquoise,CRADD
cg04117853,grey,OCIAD1
cg04118464,turquoise,SIRT4
cg04118610,grey,LPHN3
cg04120645,turquoise,BLM
cg04122358,grey,
cg04122974,grey,ATF4
cg04126816,turquoise,CCDC106
cg04130455,grey,
cg04131456,blue,TUBA3C
cg04131969,grey,MYADML
cg04132851,brown,SSX2IP
cg04133023,turquoise,ANKFY1
cg04134305,darkturquoise,C7orf13
cg04135960,grey,KNDC1
cg04136259,grey,MAFK
cg04138181,red,PLK1
cg04138571,greenyellow,
cg04140924,turquoise,HIST2H2BE
cg04141691,turquoise,ZNF200
cg04142413,turquoise,MRPS35
cg04143294,turquoise,MSL2
cg04143909,grey,SLC35F3
cg04146011,darkturquoise,FBXL6
cg04149955,turquoise,
cg04150100,blue,SIK2
cg04150382,yellow,
cg04153116,turquoise,
cg04154027,grey,CMYA5
cg04154138,turquoise,ZNF677
cg04155632,turquoise,IPO11
cg04157308,blue,PLEKHA5
cg04158046,turquoise,ALG6
cg04160501,turquoise,FOXK1
cg04160749,grey,
cg04162566,turquoise,NEK7
cg04163118,turquoise,
cg04166393,turquoise,GNA12
cg04168939,turquoise,BRF1
cg04169186,blue,
cg04169380,blue,MAP3K4
cg04170071,orange,RPL23AP7
cg04170442,yellow,WDR75
cg04173714,turquoise,AKAP13
cg04175879,turquoise,NCOA3
cg04180473,blue,SRP68
cg04181038,grey,
cg04184946,yellow,AKTIP
cg04186657,grey,HLA-F
cg04187935,turquoise,
cg04191342,turquoise,CADPS
cg04192557,turquoise,PPIA
cg04193218,green,PACRGL
cg04193422,turquoise,PON2
cg04193427,turquoise,PKNOX1
cg04194674,turquoise,SRCIN1
cg04197535,turquoise,RNF169
cg04197554,blue,
cg04198308,turquoise,FAM19A5
cg04199473,turquoise,STRN3
cg04199615,blue,
cg04199779,grey,H6PD
cg04199977,lightyellow,NUBP1
cg04200835,greenyellow,VKORC1
cg04206699,blue,
cg04208863,blue,
cg04210779,blue,RRP15
cg04213845,blue,DIP2C
cg04213900,grey,
cg04214467,turquoise,UBE2D3
cg04216395,turquoise,VTI1B
cg04217419,turquoise,HS6ST1
cg04218760,grey,TMEM72
cg04219625,turquoise,DPP3
cg04220541,grey,KIAA0146
cg04221681,blue,PHYH
cg04222358,grey,
cg04222842,grey,SRP9
cg04223645,turquoise,SCAMP1
cg04223671,turquoise,
cg04226364,grey,MYST2
cg04226724,turquoise,LPHN2
cg04227594,turquoise,ZNF131
cg04227743,blue,KCNJ3
cg04228083,blue,LOC100130872-SPON2
cg04229238,turquoise,RB1CC1
cg04231050,grey,BFSP2
cg04231541,grey,TESSP1
cg04236735,blue,RUFY3
cg04237662,turquoise,SIDT2
cg04238096,turquoise,DIMT1L
cg04240491,blue,LCLAT1
cg04240809,grey,SOX2OT
cg04241308,black,DCTD
cg04243827,grey,
cg04245373,turquoise,CALB2
cg04246144,turquoise,PCDHGA4
cg04247717,grey,ARHGEF4
cg04248279,grey,RPH3AL
cg04252152,blue,KRT27
cg04255230,grey,LBX2
cg04255276,grey,LTBP3
cg04256316,turquoise,SIPA1
cg04256347,grey,TBC1D9
cg04258219,grey,
cg04260924,turquoise,PMS1
cg04261066,turquoise,MRPL54
cg04262428,grey,SHANK2
cg04263115,yellow,CLSPN
cg04263685,turquoise,ATP6V1H
cg04264658,grey,SCAF1
cg04264908,turquoise,
cg04269065,turquoise,WRN
cg04270401,grey,
cg04270405,greenyellow,ING1
cg04272560,turquoise,TMEM175
cg04274758,blue,OSBPL3
cg04277193,grey,
cg04279695,turquoise,BIRC3
cg04281344,blue,
cg04282082,grey,LHX6
cg04287574,grey,NAV1
cg04289040,turquoise,
cg04289314,grey,
cg04289959,blue,FBRS
cg04290349,turquoise,IFT122
cg04290376,turquoise,HIST1H1C
cg04290779,turquoise,
cg04292359,grey,FAM89A
cg04294625,turquoise,KPNB1
cg04294990,turquoise,USP22
cg04296257,black,STK36
cg04296540,grey,
cg04298819,turquoise,NUF2
cg04301102,turquoise,SEPT8
cg04301719,turquoise,AEN
cg04302946,turquoise,CUTA
cg04305319,blue,
cg04306507,grey,LGALS3
cg04307710,blue,ALDH18A1
cg04307927,grey,AARSD1
cg04309230,turquoise,SGTB
cg04309258,turquoise,ZNF669
cg04310266,turquoise,FAM86C
cg04312919,turquoise,NUAK2
cg04312967,blue,IFT140
cg04313601,turquoise,SBF2
cg04315214,grey,PRKCZ
cg04317543,turquoise,LMNA
cg04318704,grey60,ZNF702P
cg04319429,grey,DCTN2
cg04320632,blue,
cg04322111,grey,HLA-DQB2
cg04322483,turquoise,VIPR1
cg04324727,turquoise,NRXN3
cg04326040,turquoise,VPS53
cg04326269,turquoise,THRA
cg04326887,blue,PPP4R2
cg04327593,blue,USF2
cg04329088,blue,
cg04329125,grey,CRIP2
cg04329454,grey,C6orf227
cg04331525,grey,
cg04332418,turquoise,C6orf114
cg04332613,turquoise,STK4
cg04333297,turquoise,SLC25A36
cg04335207,blue,CCDC108
cg04336279,blue,
cg04337198,blue,C10orf84
cg04337937,blue,SACS
cg04339290,turquoise,SF3A3
cg04339692,blue,
cg04340421,turquoise,C8orf41
cg04342328,pink,DMC1
cg04342425,blue,ATP2C2
cg04342538,turquoise,LEPRE1
cg04342821,turquoise,CCDC13
cg04346261,turquoise,SOS1
cg04346459,grey,NFYA
cg04348223,grey,DIP2C
cg04348427,turquoise,ZNF174
cg04349084,grey,
cg04349810,grey,ARMC5
cg04350646,darkolivegreen,MRPL32
cg04351272,turquoise,LCLAT1
cg04352944,turquoise,C11orf17
cg04354002,grey,
cg04356381,turquoise,
cg04358957,turquoise,
cg04359351,blue,TTC15
cg04360080,turquoise,RG9MTD2
cg04360458,turquoise,REST
cg04363097,turquoise,PSMD7
cg04364695,grey,ZMAT4
cg04365399,blue,SLC22A23
cg04365696,blue,ENOX1
cg04370315,turquoise,
cg04370829,grey,
cg04373548,turquoise,
cg04373966,tan,
cg04375213,turquoise,DCP1B
cg04375284,darkmagenta,ING4
cg04375578,turquoise,SPTY2D1
cg04375931,turquoise,SMG6
cg04378603,turquoise,MALAT1
cg04381873,grey,LOC284412
cg04383208,blue,FAM184A
cg04383369,turquoise,VPS4A
cg04384112,grey,CFDP1
cg04385875,turquoise,CNOT2
cg04386400,grey,
cg04387010,blue,COX11
cg04387418,turquoise,GMFB
cg04388226,blue,
cg04392082,grey,SORBS2
cg04392266,grey,
cg04394763,turquoise,DENND4B
cg04395153,grey,MYOG
cg04395431,blue,FANCM
cg04395798,grey,LOC84856
cg04396112,grey,MAD1L1
cg04396185,darkmagenta,CSAD
cg04396288,turquoise,NSMCE1
cg04396454,blue,ANKRD11
cg04397097,turquoise,COPS4
cg04397433,grey,MALL
cg04398416,grey,
cg04398451,grey,MYO15A
cg04400147,blue,NISCH
cg04403629,turquoise,ZBTB20
cg04404603,blue,C12orf23
cg04406111,grey,TACC2
cg04407147,blue,MARCH7
cg04407470,darkorange,NR2E1
cg04410073,midnightblue,PRSS23
cg04410987,blue,
cg04413180,grey,AGAP1
cg04414720,turquoise,GOLPH3L
cg04415427,turquoise,MGC72080
cg04416895,lightcyan,SERHL2
cg04417471,turquoise,PRPF31
cg04422896,turquoise,C12orf43
cg04424379,turquoise,AARS
cg04425094,blue,HEG1
cg04428071,blue,CSNK1D
cg04428853,turquoise,TMEM110
cg04431054,grey,PRRC1
cg04432275,blue,
cg04432319,grey,ISM1
cg04432377,turquoise,EXOSC7
cg04434909,grey,CCDC85C
cg04443690,grey,
cg04444674,turquoise,LOC100128640
cg04444761,yellow,TRIB1
cg04446326,blue,PSMA1
cg04446777,turquoise,BTRC
cg04450456,grey,FAM184B
cg04451748,turquoise,TRIM44
cg04452896,grey,
cg04453065,grey,CYR61
cg04453241,grey,PGS1
cg04458869,turquoise,LASS6
cg04459481,turquoise,GLG1
cg04461859,blue,
cg04465286,darkgrey,FAM109A
cg04467278,turquoise,EIF2AK4
cg04467334,grey,CCKBR
cg04468128,blue,HS6ST3
cg04468564,turquoise,C15orf33
cg04469346,turquoise,
cg04470054,turquoise,RPTOR
cg04471935,blue,GPR133
cg04473020,turquoise,PPDPF
cg04474265,turquoise,DCTN2
cg04474471,blue,ANXA7
cg04476876,blue,EIF2C2
cg04477515,blue,G3BP2
cg04478727,turquoise,METTL1
cg04480106,grey,RGNEF
cg04481923,grey,MIR886
cg04483336,turquoise,RPAIN
cg04486417,turquoise,GLOD4
cg04490349,grey,ACTB
cg04491365,blue,USP38
cg04491635,turquoise,USP2
cg04492858,grey,
cg04495110,blue,C8orf42
cg04497547,turquoise,METTL10
cg04498082,turquoise,
cg04499901,turquoise,
cg04504004,blue,C8orf85
cg04505205,blue,CNGA3
cg04506728,grey,
cg04507495,turquoise,
cg04509559,turquoise,ERH
cg04509607,turquoise,PRC1
cg04510049,blue,COL23A1
cg04510815,blue,EIF4A1
cg04512050,grey,BAT3
cg04513882,blue,LIPH
cg04517722,grey,B3GNT3
cg04521957,darkmagenta,SKAP2
cg04522531,turquoise,RPL23
cg04522544,blue,
cg04524477,turquoise,NBR1
cg04525384,blue,TELO2
cg04526124,turquoise,TRA2A
cg04528069,turquoise,DUS2L
cg04529724,grey,RAET1G
cg04529785,turquoise,NOS1
cg04529868,grey,CHURC1
cg04530860,turquoise,B9D2
cg04531710,turquoise,EIF4G1
cg04533283,blue,FYN
cg04533380,turquoise,FAM134C
cg04533487,turquoise,UBA5
cg04534276,turquoise,PPP3CB
cg04534503,blue,
cg04534697,grey,
cg04536689,turquoise,TTC9
cg04538470,magenta,PIGP
cg04539057,blue,MUC6
cg04539111,grey,SLC12A4
cg04540039,turquoise,SYN3
cg04541606,blue,C14orf37
cg04541695,turquoise,LCORL
cg04542325,turquoise,C14orf179
cg04543131,blue,SMAD6
cg04546413,grey,
cg04546747,turquoise,CTSD
cg04546950,turquoise,
cg04547220,turquoise,DNAH6
cg04551440,green,KATNAL1
cg04552931,turquoise,FAM104A
cg04553410,grey,GBX1
cg04554929,grey,
cg04554987,turquoise,CCNT1
cg04555116,magenta,ZNF37A
cg04555735,turquoise,DSN1
cg04555837,blue,CENPL
cg04558174,turquoise,
cg04560503,blue,TRRAP
cg04561883,blue,
cg04562394,blue,
cg04562522,turquoise,WNT4
cg04562739,greenyellow,CDS2
cg04563419,turquoise,RASSF8
cg04563953,turquoise,NCSTN
cg04564646,midnightblue,MOV10
cg04564980,grey,KNDC1
cg04565617,turquoise,RCC2
cg04566512,grey,
cg04566848,turquoise,HLA-J
cg04570322,turquoise,ZFP91
cg04570362,blue,CLSTN1
cg04570624,blue,CADPS
cg04571321,brown,RYR1
cg04571742,turquoise,VPRBP
cg04574459,grey,
cg04576042,grey,ZMYM1
cg04577268,turquoise,ZNF221
cg04577441,grey60,LOC256880
cg04577786,grey,ANKRD26P1
cg04579966,turquoise,SPATA13
cg04580344,grey,C6orf174
cg04580897,turquoise,SNORA6
cg04582539,turquoise,UBL5
cg04583467,blue,CNOT2
cg04585209,grey,CCKBR
cg04585364,sienna3,
cg04588336,grey,WNT11
cg04589975,turquoise,C2orf42
cg04590313,darkorange,CERKL
cg04592747,grey,RAB1B
cg04594618,blue,
cg04598251,turquoise,NOC4L
cg04598325,turquoise,LOC338799
cg04598733,grey,SEC63
cg04598744,turquoise,LMBRD1
cg04599965,turquoise,
cg04600792,blue,CHN2
cg04604276,turquoise,HNRNPR
cg04605667,turquoise,SIAH2
cg04607174,turquoise,EED
cg04608419,blue,
cg04608855,turquoise,
cg04609868,turquoise,STX4
cg04614173,turquoise,SYNGAP1
cg04616401,grey,EGR1
cg04619120,blue,ASPH
cg04619437,blue,RNF32
cg04622620,grey,ZNF800
cg04628008,turquoise,ZBTB16
cg04628206,blue,
cg04628413,grey,NFATC2IP
cg04633141,grey,TMEM184A
cg04633922,blue,
cg04636222,blue,HERC1
cg04637704,grey,LOC286016
cg04638486,turquoise,NDUFS4
cg04645049,turquoise,ARL6IP5
cg04645123,blue,CMIP
cg04646100,turquoise,KIAA1826
cg04650654,grey,
cg04650899,turquoise,SAMD14
cg04652097,grey,MAGI2
cg04653913,grey,
cg04654677,turquoise,RNF43
cg04654841,turquoise,DOK4
cg04657146,grey,HOOK2
cg04657470,grey,HSPE1
cg04660357,turquoise,TARBP2
cg04661001,grey,SLC25A42
cg04661128,turquoise,PPAPDC2
cg04662943,grey,
cg04663285,grey,B4GALNT4
cg04663720,turquoise,RAB11B
cg04663956,blue,NF1
cg04664628,blue,
cg04664999,turquoise,
cg04667586,turquoise,MDM2
cg04670766,blue,TPCN1
cg04672538,turquoise,ARSG
cg04674792,turquoise,MFAP1
cg04676715,turquoise,TSNAXIP1
cg04677623,darkmagenta,PVRL2
cg04678644,blue,KIF6
cg04678743,grey,TSGA13
cg04680746,turquoise,NACAD
cg04681219,turquoise,ETV2
cg04683509,grey,PPP1R13L
cg04684246,blue,GIT2
cg04685531,blue,
cg04689082,turquoise,FAM43A
cg04698397,darkgreen,ZBTB39
cg04699104,turquoise,TRIB2
cg04699214,blue,
cg04699227,blue,CD44
cg04700292,blue,ZFHX3
cg04701034,grey,NID2
cg04704193,turquoise,HIST1H3G
cg04704947,grey,PPP1R8
cg04705620,turquoise,VRK2
cg04706904,turquoise,
cg04707531,turquoise,LOC552889
cg04708398,turquoise,C5orf22
cg04714787,grey,
cg04717802,grey,WBP2NL
cg04718342,turquoise,CLPX
cg04719634,blue,
cg04720785,grey,CDKN2C
cg04721485,blue,WDR33
cg04721595,blue,RDH12
cg04723601,turquoise,TMEM109
cg04724115,grey,LOC646851
cg04724277,turquoise,MRPS21
cg04725166,grey,PER3
cg04726730,blue,
cg04728296,turquoise,CPE
cg04733681,blue,IGF2R
cg04734286,turquoise,
cg04735544,turquoise,EEFSEC
cg04737131,turquoise,HOXA2
cg04737207,turquoise,NAA15
cg04737319,lightyellow,DTD1
cg04737881,grey,MGC45800
cg04737885,blue,ADCY9
cg04738270,turquoise,ACTR1A
cg04738301,grey,NTN4
cg04738673,blue,
cg04741932,grey,
cg04743933,grey,TMEM209
cg04746670,turquoise,CLASP1
cg04747226,turquoise,GRIA4
cg04747993,turquoise,RNF114
cg04748923,turquoise,HSD11B1L
cg04749197,blue,NUMA1
cg04751069,darkred,ZNF276
cg04751358,turquoise,
cg04751533,blue,AFAP1
cg04756515,grey,
cg04758026,grey,
cg04758273,magenta,VTI1A
cg04761648,turquoise,CDK8
cg04762397,turquoise,MRPS31
cg04766314,blue,PCCA
cg04767734,turquoise,
cg04767932,turquoise,RPS13
cg04770165,turquoise,EIF3H
cg04770550,turquoise,VAV1
cg04771550,grey,TMEM107
cg04771938,turquoise,LMAN2L
cg04773818,grey,NRG1
cg04773990,turquoise,TAP1
cg04774496,turquoise,CHFR
cg04775238,darkturquoise,ALS2
cg04776910,turquoise,ZNF497
cg04777551,grey,HLA-DQB1
cg04782982,blue,RAD51L1
cg04783966,turquoise,RNASE4
cg04785418,yellow,GXYLT1
cg04788249,turquoise,ATG7
cg04789589,turquoise,IFIT2
cg04793911,grey,
cg04795282,brown,HEATR5B
cg04795713,turquoise,HLF
cg04796146,turquoise,
cg04798314,grey,SMYD3
cg04802236,red,RPL23
cg04804643,grey,
cg04804893,blue,ALKBH2
cg04807108,grey,
cg04808029,turquoise,NKX3-2
cg04809453,grey,SOX8
cg04811114,grey,LGR6
cg04811706,grey,
cg04813639,turquoise,RASGRF1
cg04813719,grey,KLC2
cg04816171,grey,
cg04816798,blue,
cg04819497,grey,
cg04824553,turquoise,UBE2D3
cg04825215,grey,MICB
cg04826071,turquoise,TTBK2
cg04826215,turquoise,PRKAB1
cg04826345,grey,
cg04826663,turquoise,ANLN
cg04826673,blue,
cg04832268,blue,MYO15A
cg04833011,grey,
cg04835553,blue,
cg04836154,grey,C11orf83
cg04837284,blue,SESN3
cg04838064,turquoise,PRIM2
cg04840167,turquoise,
cg04840417,turquoise,PUSL1
cg04842934,blue,
cg04842962,grey,MRPS18A
cg04843676,blue,
cg04844516,blue,CDH18
cg04844543,grey,KIF9
cg04845144,turquoise,RTN2
cg04845687,blue,PDZD7
cg04847533,turquoise,
cg04849769,turquoise,CNIH
cg04850286,grey,PLAC9
cg04852989,turquoise,ARVCF
cg04855216,yellow,TNFAIP8
cg04855748,grey,C11orf20
cg04856689,grey,CRHR1
cg04858616,grey,BMP8B
cg04861014,darkolivegreen,STUB1
cg04861263,turquoise,FOXB1
cg04863005,grey,TACSTD2
cg04863568,turquoise,RABEP2
cg04863573,turquoise,RIMS3
cg04865265,darkmagenta,CREG2
cg04865412,grey,ZNF207
cg04865841,turquoise,WDR8
cg04868078,turquoise,LHX9
cg04868132,turquoise,MALAT1
cg04870212,turquoise,
cg04870498,turquoise,TNRC6B
cg04871330,greenyellow,MCFD2
cg04871582,turquoise,PPIL5
cg04872557,turquoise,ACADM
cg04873833,lightyellow,GLT1D1
cg04873927,turquoise,
cg04875118,turquoise,ZNF696
cg04878727,turquoise,ZNF323
cg04879348,blue,GCC2
cg04880091,grey,
cg04880751,turquoise,KMO
cg04881214,turquoise,PPM1B
cg04882937,turquoise,DUSP2
cg04884244,blue,ASH1L
cg04884481,turquoise,BCL11B
cg04887807,grey,CYTL1
cg04889045,blue,PIGK
cg04890036,blue,VEZF1
cg04892437,blue,TSNAX-DISC1
cg04893454,blue,
cg04894116,blue,C7orf50
cg04895321,turquoise,NMT2
cg04896165,blue,BCAT1
cg04896168,grey,
cg04896381,darkred,TBKBP1
cg04897188,turquoise,
cg04898765,blue,
cg04899715,grey,
cg04900999,turquoise,ATP6V0A1
cg04903936,grey,E2F8
cg04905789,turquoise,RAD18
cg04906764,blue,ATP5S
cg04906989,turquoise,C17orf102
cg04908280,turquoise,RBM16
cg04910183,grey,CDC73
cg04910403,turquoise,C20orf3
cg04911518,blue,COCH
cg04913057,grey,ETNK2
cg04913730,grey,LOC146336
cg04915414,turquoise,SHC1
cg04915566,turquoise,RUNX1
cg04917181,grey,TSPYL5
cg04917373,blue,C1orf124
cg04917446,grey,HOXB9
cg04917511,grey,C2orf70
cg04919811,blue,RPTOR
cg04920527,turquoise,
cg04921315,blue,
cg04921814,grey,PIAS3
cg04923513,turquoise,SH2D5
cg04926385,grey,
cg04928513,turquoise,PSMA7
cg04930693,blue,ERRFI1
cg04931582,turquoise,SETD7
cg04932464,blue,KIAA0232
cg04934727,turquoise,SMEK2
cg04936382,grey,RPRD1B
cg04938255,turquoise,MIR760
cg04938335,blue,GSG1
cg04939919,turquoise,
cg04944784,grey,FAM59B
cg04945388,turquoise,PTMA
cg04946387,grey,B3GAT1
cg04947838,turquoise,ARFGEF1
cg04947850,blue,TBC1D14
cg04953552,grey,
cg04954411,turquoise,FBL
cg04955951,turquoise,
cg04956511,grey,PTPN6
cg04961270,blue,ASCC3
cg04965879,grey,KIAA1586
cg04967129,blue,
cg04970438,blue,TAF3
cg04973632,turquoise,TUBD1
cg04974121,darkorange,PACRGL
cg04974702,turquoise,PPP1CA
cg04977109,grey,NFE2L1
cg04977124,turquoise,MALAT1
cg04978279,blue,
cg04982052,blue,
cg04983687,grey,ZFPM1
cg04985097,turquoise,COL4A3BP
cg04985324,turquoise,GLRX5
cg04985582,grey,ABCC13
cg04985652,turquoise,DTD1
cg04986870,grey,KCNN1
cg04987827,turquoise,PRKAR1A
cg04988224,turquoise,RPL18
cg04989395,blue,
cg04995722,grey,NFE2L3
cg04995860,turquoise,ZYG11B
cg04996158,turquoise,SAPS1
cg04996219,grey,CTNND2
cg04996251,turquoise,NDUFS4
cg04996485,blue,
cg04996523,turquoise,CYP2J2
cg04996689,turquoise,ITGA2
cg04997273,turquoise,PTGFRN
cg04998498,blue,USP28
cg05000748,darkred,RUNX1
cg05001532,turquoise,HNRNPU
cg05001758,turquoise,CENPL
cg05002314,blue,CSTF1
cg05002512,turquoise,FAF1
cg05003364,blue,
cg05004142,grey,CCDC102A
cg05004900,turquoise,
cg05005380,turquoise,IFT74
cg05006903,brown,ZNF252
cg05008070,blue,DACT1
cg05009079,turquoise,STARD13
cg05009141,grey,PLXNB1
cg05009394,turquoise,C11orf82
cg05011838,turquoise,BCL11B
cg05012551,turquoise,ZNF227
cg05013027,turquoise,GNL1
cg05014724,blue,ZNF558
cg05017628,grey,
cg05019168,turquoise,TRIP4
cg05019396,blue,UBR3
cg05019826,grey,
cg05022225,turquoise,DKKL1
cg05025164,purple,KIAA1530
cg05026346,red,
cg05026473,blue,RB1
cg05027081,grey,CDC7
cg05027458,turquoise,ADAMTS17
cg05030553,grey,
cg05030953,grey,HLA-C
cg05031195,turquoise,NACAD
cg05031455,blue,ABR
cg05032135,turquoise,TTC26
cg05034702,turquoise,PCDH20
cg05035470,blue,
cg05036013,blue,PPP2R5C
cg05039004,turquoise,PTPRU
cg05040023,turquoise,UTP15
cg05042743,grey,TMEM216
cg05043349,grey,
cg05044291,grey,LGR6
cg05044694,turquoise,PPP1CB
cg05047465,brown,RAB18
cg05048680,grey,MRPL20
cg05049646,blue,CCDC41
cg05050757,turquoise,ATF7
cg05051199,grey,PCYT1A
cg05053403,grey,FBRSL1
cg05054115,turquoise,DHRS4
cg05054898,grey,LOC152217
cg05056288,blue,LCLAT1
cg05057083,blue,NUMB
cg05057452,turquoise,HBM
cg05057720,grey,CLEC14A
cg05058069,blue,BANP
cg05059291,turquoise,
cg05059922,blue,CRADD
cg05060949,grey,MNX1
cg05061711,turquoise,
cg05062896,turquoise,PPOX
cg05063597,blue,
cg05063616,turquoise,G6PC3
cg05064297,turquoise,
cg05065989,turquoise,HOXA9
cg05067125,turquoise,S100Z
cg05067991,turquoise,KDM2B
cg05068428,turquoise,PAK6
cg05071422,blue,
cg05072819,turquoise,KAT2B
cg05073382,grey,MYOM2
cg05074892,turquoise,BRD2
cg05074908,turquoise,
cg05076167,turquoise,G2E3
cg05080154,grey,SALL3
cg05080281,turquoise,ZNF204P
cg05081694,blue,SCN3A
cg05081714,turquoise,PLEKHA1
cg05082376,grey,
cg05082466,grey,SERPINB6
cg05083358,turquoise,EIF3B
cg05083496,turquoise,IGFBP3
cg05084668,grey,ALG1L
cg05085169,grey,OGFR
cg05085565,turquoise,MED1
cg05088898,turquoise,C10orf46
cg05091238,turquoise,
cg05091519,grey,PAX6
cg05094271,turquoise,WDR4
cg05097015,grey,YSK4
cg05098125,blue,DNAJC24
cg05098590,grey,ADD3
cg05101231,blue,RAD54L2
cg05103132,turquoise,SMYD5
cg05103387,turquoise,AP1S3
cg05103623,grey,TAGAP
cg05105054,blue,FANCA
cg05105529,grey,SAV1
cg05105845,grey,GCH1
cg05106804,blue,ENOPH1
cg05107039,grey,IMMT
cg05107152,turquoise,KLC4
cg05108179,turquoise,BRF1
cg05112555,grey,
cg05113709,turquoise,CERKL
cg05115233,blue,RASA3
cg05115862,grey,
cg05117633,turquoise,AK2
cg05121093,turquoise,
cg05122437,grey,MTUS2
cg05122622,turquoise,TSC22D2
cg05122969,grey,ANO9
cg05124021,grey,PTPRN2
cg05124441,steelblue,SYN2
cg05124918,grey,
cg05125051,blue,HORMAD1
cg05125558,turquoise,SEP15
cg05127380,turquoise,STIP1
cg05129412,turquoise,MGST3
cg05129568,blue,FLOT1
cg05130022,turquoise,HMGN4
cg05130482,grey,
cg05131292,blue,SCARNA3
cg05132077,grey,
cg05135768,turquoise,
cg05136476,turquoise,
cg05138918,grey,
cg05143012,blue,NDUFA4
cg05143078,turquoise,EDC3
cg05146416,turquoise,OXA1L
cg05148373,turquoise,PDE1A
cg05149386,turquoise,ADM
cg05149425,turquoise,SLC15A4
cg05150641,blue,C3orf49
cg05152354,turquoise,RAPGEF3
cg05152815,grey,SNRPE
cg05154615,turquoise,SETBP1
cg05155042,turquoise,DRAM1
cg05155781,turquoise,RAB6A
cg05157625,grey,RIN3
cg05159192,turquoise,ADPGK
cg05160409,turquoise,TMEM109
cg05160963,brown,IPO4
cg05161218,blue,SLC38A10
cg05161930,turquoise,PRR24
cg05162523,grey,RUNX3
cg05162533,turquoise,FOXJ1
cg05162750,grey,TBX2
cg05163093,blue,ARSG
cg05163325,blue,SNX9
cg05164185,turquoise,CCND1
cg05164916,royalblue,AP1G2
cg05164926,grey,KCTD11
cg05166302,grey,RALA
cg05169244,turquoise,CXADR
cg05173737,grey,FLJ43390
cg05173834,lightcyan,UFSP1
cg05173913,turquoise,C17orf50
cg05176844,blue,HCG27
cg05179038,turquoise,BCL11B
cg05179396,blue,KIAA0564
cg05179986,blue,
cg05180859,grey,ZNF518A
cg05180887,grey,MYT1L
cg05181025,turquoise,SYNGAP1
cg05181221,turquoise,SOCS1
cg05182265,grey,UBE3C
cg05183646,blue,SGK1
cg05187247,blue,SNORD114-29
cg05189291,lightgreen,THG1L
cg05190533,royalblue,RPGRIP1L
cg05191006,turquoise,NQO1
cg05191076,grey,EPHA5
cg05191217,grey,
cg05191700,turquoise,KDM3B
cg05194426,grey,CYP2E1
cg05194618,grey,KLHL28
cg05195235,turquoise,ZNF546
cg05196362,blue,OSBPL8
cg05197062,grey,GALNTL4
cg05197191,turquoise,JARID2
cg05197560,turquoise,KCTD13
cg05199084,blue,PRKG1
cg05199874,turquoise,
cg05200628,turquoise,CD48
cg05200811,grey,
cg05200925,turquoise,NGDN
cg05201344,blue,ATP4B
cg05203615,brown,SLC38A10
cg05206690,turquoise,KATNAL1
cg05207121,turquoise,ERP29
cg05208581,black,WDFY2
cg05210398,blue,EP400
cg05210910,turquoise,ZKSCAN5
cg05211947,blue,ATP8A1
cg05212510,grey,KCNG2
cg05212836,turquoise,FOXM1
cg05213296,grey,RPF2
cg05215994,grey,
cg05216211,blue,MIR1185-1
cg05216862,turquoise,FAM46A
cg05216888,darkmagenta,RPS18
cg05217468,grey,TUBB
cg05218357,turquoise,TUBGCP3
cg05223507,blue,KPNA4
cg05223675,turquoise,RPS25
cg05224126,blue,
cg05225012,grey,
cg05225431,turquoise,SKIV2L2
cg05225993,blue,EZH2
cg05228379,pink,TMEM5
cg05230316,blue,
cg05231821,tan,ACTN4
cg05232016,turquoise,MRPS27
cg05234387,blue,FAM184A
cg05234568,grey,
cg05236446,turquoise,RBM25
cg05237932,turquoise,CD8A
cg05238530,turquoise,POLR2E
cg05238741,grey,FIGNL2
cg05239791,turquoise,MSH5
cg05240614,turquoise,RPL18
cg05240795,turquoise,RASSF7
cg05241461,grey,ZNF492
cg05241924,turquoise,SNCA
cg05243311,yellow,LOC348926
cg05244029,turquoise,CENPT
cg05245319,yellowgreen,CBFB
cg05246403,grey,CILP2
cg05246775,turquoise,NEK3
cg05249010,blue,ZNF609
cg05250969,turquoise,OSGEP
cg05251325,turquoise,RASGRP1
cg05251379,grey,C6orf114
cg05251669,grey,LOC100130522
cg05251676,grey,EGFLAM
cg05254132,turquoise,DHX29
cg05256447,turquoise,FGF9
cg05256584,blue,SLC8A1
cg05256605,grey,LOX
cg05257397,turquoise,OCA2
cg05257472,turquoise,TTLL6
cg05258009,blue,
cg05258935,blue,MAP4K1
cg05264764,turquoise,ATP9A
cg05267394,grey,ASIP
cg05268347,blue,ADCK4
cg05270290,darkturquoise,NDNL2
cg05271336,blue,BPTF
cg05278454,blue,MFSD1
cg05279229,grey,MAD1L1
cg05279284,pink,DHRS1
cg05279901,turquoise,ATP1A3
cg05280932,blue,C6orf162
cg05281831,turquoise,RCOR1
cg05282559,turquoise,CD82
cg05283184,grey,
cg05283521,blue,
cg05284480,turquoise,RNPS1
cg05285368,blue,C9orf21
cg05285589,blue,CMIP
cg05285759,blue,TBCK
cg05288127,blue,
cg05290058,grey,KCNQ1DN
cg05294497,blue,KIAA1530
cg05295494,turquoise,BAI3
cg05300158,grey,SETD7
cg05301102,turquoise,STX6
cg05302386,turquoise,PTGDR
cg05302542,greenyellow,SLC25A19
cg05303408,turquoise,CDKAL1
cg05304507,grey,FRK
cg05306070,turquoise,
cg05306856,turquoise,GTF2B
cg05306950,turquoise,PLD3
cg05307864,turquoise,SLC22A1
cg05308495,grey,CACNG6
cg05308900,turquoise,AMDHD1
cg05312305,turquoise,ZNF655
cg05312574,yellow,SPG21
cg05312964,blue,EML4
cg05313261,turquoise,MAPK3
cg05313794,grey,MYT1L
cg05313918,grey,
cg05315874,turquoise,ATP6V1B2
cg05318486,turquoise,FBXL18
cg05321960,turquoise,KIAA0907
cg05323272,blue,TTC39A
cg05324734,blue,ATP11A
cg05326918,turquoise,VPS4A
cg05329785,turquoise,UBE2CBP
cg05330668,turquoise,NFATC4
cg05332483,grey,
cg05332851,skyblue,MLF1IP
cg05335107,blue,RANBP2
cg05337024,turquoise,TMEM159
cg05337761,grey,C1orf86
cg05338317,grey,CDKN2D
cg05338527,blue,PDZRN4
cg05338745,turquoise,CCDC59
cg05343713,blue,NFKB1
cg05345527,turquoise,
cg05346688,blue,SLCO3A1
cg05348272,turquoise,TBCD
cg05349059,turquoise,
cg05351887,grey,
cg05351940,turquoise,ARPC2
cg05352016,grey,
cg05352754,blue,CHST10
cg05353356,blue,
cg05353710,turquoise,SESN2
cg05353869,grey,KLHL35
cg05355156,grey,
cg05356308,grey,CCDC147
cg05356848,turquoise,SLC37A3
cg05356998,blue,DTNBP1
cg05359249,brown,CHPF
cg05359983,blue,ANKRD40
cg05360176,turquoise,TMEM106C
cg05362405,turquoise,PSMB9
cg05364038,grey,
cg05365033,grey,CRTC1
cg05366139,blue,NR5A2
cg05367846,turquoise,MICAL3
cg05370853,grey,HLA-DQA1
cg05370977,blue,
cg05372370,blue,RIPK2
cg05372444,grey,UPK3B
cg05373263,grey,
cg05373962,grey,
cg05375668,turquoise,USP3
cg05375741,turquoise,EZH1
cg05376465,grey,
cg05376810,grey,
cg05377417,turquoise,BRIP1
cg05377596,turquoise,NFIA
cg05378942,paleturquoise,FAM86A
cg05379882,turquoise,OAZ3
cg05380145,turquoise,ERO1L
cg05382797,turquoise,ZNRD1
cg05383619,grey,HLA-DRB1
cg05385164,paleturquoise,
cg05385879,blue,C18orf62
cg05385923,blue,TMEM176B
cg05386387,turquoise,FBXO15
cg05388281,grey,ZNF718
cg05392364,grey,DNAJA4
cg05393741,blue,RFX4
cg05395061,black,ALKBH5
cg05396731,turquoise,HYI
cg05401764,turquoise,SHOX2
cg05401945,grey,CCDC66
cg05403469,turquoise,C11orf21
cg05404618,turquoise,CBLB
cg05406088,grey,
cg05407396,midnightblue,BAT3
cg05413988,grey60,
cg05414383,grey,MYST3
cg05414835,turquoise,SLTM
cg05414908,grey,LOC100302652
cg05415020,grey,SLC22A16
cg05415980,grey,PLEKHM3
cg05417788,blue,
cg05418199,blue,
cg05418736,turquoise,RSPRY1
cg05419696,turquoise,CYB5D1
cg05419812,grey,
cg05421328,turquoise,NFXL1
cg05422022,grey,
cg05422369,turquoise,ZNF24
cg05423712,blue,
cg05424526,blue,
cg05425699,grey,TNS3
cg05432848,turquoise,GDAP1
cg05435224,blue,
cg05436064,turquoise,HSF4
cg05445051,grey,C6orf203
cg05446724,turquoise,RAPGEF5
cg05450995,turquoise,BCL7A
cg05451573,turquoise,MINA
cg05452243,turquoise,PGBD1
cg05453358,grey,
cg05453434,blue,CDH13
cg05454501,grey,ZBED3
cg05455876,blue,TRAF7
cg05456022,grey,FAM96B
cg05457628,grey,RUFY1
cg05457730,grey,
cg05462905,tan,SLC38A9
cg05464016,blue,SF1
cg05467012,grey,
cg05469285,turquoise,DBX1
cg05470389,turquoise,SYN3
cg05471775,turquoise,HIST1H4B
cg05471949,blue,PRDM10
cg05475109,grey,
cg05475524,grey,ACTN3
cg05476169,turquoise,CBY1
cg05480042,turquoise,HIST1H2AE
cg05480594,turquoise,
cg05481257,grey,GDF7
cg05481991,turquoise,HMGA2
cg05482066,tan,
cg05482832,turquoise,MIR636
cg05482973,turquoise,C5orf52
cg05483731,grey,GALNT9
cg05484508,blue,SPG7
cg05485589,turquoise,ZXDC
cg05486188,turquoise,KCNIP2
cg05486825,darkturquoise,
cg05489143,grey,RPL14
cg05490269,turquoise,SRRM3
cg05491001,grey,
cg05491587,grey,KCNG2
cg05491695,turquoise,MALAT1
cg05493407,grey,MARCH1
cg05493945,blue,EFNB2
cg05496603,grey,TMEM151B
cg05498103,turquoise,
cg05500125,grey,
cg05501509,grey,
cg05502662,purple,NARG2
cg05504194,grey,ACAT2
cg05505459,grey,C1orf170
cg05506979,blue,AFF4
cg05509203,turquoise,MAP1S
cg05509609,grey,PF4
cg05509777,grey,C11orf21
cg05510519,turquoise,RIC8B
cg05511815,midnightblue,RANBP3
cg05512869,blue,LAMA4
cg05515713,turquoise,RRM2
cg05515792,turquoise,PROK2
cg05516140,turquoise,KIDINS220
cg05516942,darkgrey,C6orf129
cg05519436,blue,PHF20L1
cg05522011,grey,PRDM8
cg05525499,turquoise,HNRNPF
cg05526731,grey,RPH3AL
cg05526886,pink,RHBDD1
cg05528899,grey,
cg05529097,turquoise,FXR2
cg05529236,grey,EEF1G
cg05529816,turquoise,CHRNE
cg05530568,turquoise,EBF1
cg05542681,grey,FBXL16
cg05542785,grey,
cg05545635,grey,TLL2
cg05545777,grey,
cg05547140,turquoise,AGBL2
cg05547654,turquoise,RPL13
cg05547895,grey,
cg05550692,turquoise,MED9
cg05554000,grey,VIPR2
cg05554936,turquoise,RAB3D
cg05555207,turquoise,TBX5
cg05555409,turquoise,NKTR
cg05556917,blue,PXT1
cg05564340,grey,U2AF1
cg05565475,turquoise,SURF2
cg05567269,blue,TJP1
cg05567920,royalblue,CSTF3
cg05569877,turquoise,
cg05570096,darkturquoise,C8orf33
cg05570946,turquoise,LAMA4
cg05573019,blue,DHX29
cg05573322,blue,SNORA49
cg05573767,grey,RPS6KA2
cg05575046,turquoise,C16orf80
cg05575393,blue,VTI1A
cg05582470,turquoise,FNBP1
cg05583020,turquoise,
cg05585821,purple,PMAIP1
cg05586466,blue,
cg05588658,turquoise,NCK2
cg05590257,grey,PLD6
cg05592035,grey,CD300A
cg05592255,blue,CYP3A43
cg05593832,blue,
cg05595345,grey,ARRDC4
cg05595602,red,MRPL20
cg05596911,blue,DMXL1
cg05597008,turquoise,CHCHD10
cg05597554,turquoise,COG3
cg05598205,grey,ORC6L
cg05598546,turquoise,SNORD45C
cg05602566,turquoise,
cg05602783,cyan,KLHL7
cg05602854,grey,C6orf1
cg05603623,grey,TIMM44
cg05603938,grey,USP5
cg05606089,blue,AP3B1
cg05606351,steelblue,OSCAR
cg05608388,turquoise,CRTC1
cg05608777,grey,DOCK1
cg05612977,purple,DUSP1
cg05613002,turquoise,
cg05614058,tan,GRWD1
cg05615019,turquoise,
cg05615552,turquoise,COL11A2
cg05619116,grey,
cg05619888,turquoise,TRPC3
cg05621091,turquoise,ELP3
cg05622261,turquoise,FNDC3B
cg05624577,grey,
cg05625103,grey,
cg05625889,brown,MAN1C1
cg05626790,grey,
cg05627029,turquoise,
cg05627083,grey,APCDD1
cg05629378,grey60,CYCS
cg05630745,sienna3,FADS3
cg05635455,turquoise,ELP4
cg05636177,turquoise,ZNRD1
cg05636467,grey,EBF3
cg05637266,grey,ZNF799
cg05637903,grey,HIST1H2AG
cg05637945,turquoise,UBE2Z
cg05638359,turquoise,FAM5C
cg05642379,grey,
cg05643120,turquoise,FTO
cg05643303,turquoise,HOXC8
cg05643349,lightgreen,FBXL19
cg05644321,brown,RALGAPA2
cg05644498,turquoise,SMAD9
cg05645404,turquoise,ALCAM
cg05646373,turquoise,HIST1H2BB
cg05649108,grey,BRUNOL4
cg05655281,grey,
cg05656990,grey,
cg05658707,blue,VGLL4
cg05659223,turquoise,RFX1
cg05660436,grey,HPCA
cg05660803,turquoise,PPP2R5A
cg05660889,turquoise,
cg05661093,grey,
cg05661869,blue,DIP2C
cg05663418,grey,ZNF174
cg05664664,turquoise,ANXA7
cg05666130,blue,N4BP2L2
cg05666828,yellow,SMAD1
cg05668405,turquoise,TRIM27
cg05670461,turquoise,VEPH1
cg05671347,red,CDC5L
cg05671385,turquoise,CASP1
cg05671386,grey,CLUAP1
cg05671758,grey,PIGQ
cg05672026,grey,
cg05673968,blue,
cg05674437,grey,PIGZ
cg05676377,turquoise,BTN2A2
cg05676450,turquoise,PITPNM3
cg05677446,blue,
cg05678191,blue,SALL3
cg05678571,blue,FNDC1
cg05682561,turquoise,SFRP4
cg05684005,blue,MED12L
cg05684406,turquoise,SLC7A4
cg05690644,turquoise,GDF6
cg05693308,blue,RTKN2
cg05694749,grey,FAT3
cg05696706,turquoise,PLEC1
cg05696801,turquoise,PEBP1
cg05697101,turquoise,HNRPLL
cg05698228,turquoise,ENC1
cg05699136,turquoise,BACH1
cg05700724,grey,
cg05701478,blue,
cg05701676,turquoise,ARHGEF17
cg05705964,blue,CTPS
cg05706624,turquoise,WSCD1
cg05707781,blue,LPP
cg05709124,turquoise,C2orf82
cg05709657,grey,CLDN10
cg05711023,blue,
cg05711928,turquoise,DNAJC13
cg05712507,turquoise,GPN3
cg05714926,turquoise,TTC21B
cg05716504,turquoise,EAF1
cg05716821,blue,FYN
cg05719877,grey,C11orf71
cg05720454,turquoise,OLIG1
cg05722872,brown,RAB5A
cg05724492,grey,LMF1
cg05724871,grey,L3MBTL4
cg05724965,turquoise,C11orf63
cg05726600,grey,TMEM176B
cg05729249,grey,PRKAR1B
cg05729372,blue,PRKG1
cg05729499,turquoise,HIST1H2AL
cg05730301,turquoise,RPS24
cg05731021,turquoise,KBTBD2
cg05731122,turquoise,RPAP3
cg05731183,grey,
cg05731801,grey,EMP2
cg05732436,turquoise,C1D
cg05733364,darkolivegreen,NMT2
cg05735659,turquoise,RPAP3
cg05736120,turquoise,PHF10
cg05737522,blue,PGCP
cg05738196,turquoise,
cg05738687,blue,FAM101B
cg05739190,turquoise,CCNJ
cg05740655,blue,TOX
cg05740763,grey,
cg05741490,turquoise,FDX1
cg05742691,blue,RANBP17
cg05744510,red,EIF1
cg05745748,blue,GRM4
cg05747376,turquoise,GNPDA2
cg05749548,turquoise,NUDT15
cg05753675,turquoise,RNF216
cg05754408,turquoise,ZNF26
cg05755010,turquoise,ACP6
cg05758066,blue,
cg05758861,grey,BAI1
cg05759718,grey,AGBL4
cg05766510,grey,PTPRN2
cg05767788,grey,HSPD1
cg05768280,blue,
cg05768908,lightyellow,C10orf78
cg05772155,grey,
cg05773442,turquoise,CHID1
cg05775809,turquoise,LDB1
cg05775895,turquoise,CAND2
cg05776245,salmon,TTC27
cg05777658,turquoise,C2orf29
cg05779406,grey,ZFAND2A
cg05780074,turquoise,SEC31A
cg05783139,grey,BOLL
cg05783384,grey,
cg05783998,turquoise,
cg05785394,grey,BAT5
cg05785424,grey,
cg05785488,grey,UBFD1
cg05785686,grey,TTC32
cg05786184,blue,
cg05786287,turquoise,RABL3
cg05786725,pink,RPA2
cg05789608,turquoise,DSTYK
cg05791153,turquoise,TWISTNB
cg05792003,turquoise,TMEM56
cg05794227,grey,OGFOD1
cg05794325,turquoise,TXNDC12
cg05795157,turquoise,PIAS3
cg05795554,turquoise,FANCA
cg05797186,turquoise,RBBP4
cg05798523,turquoise,IMPA1
cg05799058,blue,
cg05800356,blue,MLKL
cg05800683,turquoise,KCTD1
cg05802141,black,SEZ6L2
cg05802532,turquoise,RSBN1L
cg05802658,turquoise,
cg05804587,turquoise,HIST1H2AC
cg05805236,grey,PCNXL3
cg05805973,turquoise,TTC39C
cg05806620,turquoise,ZNF250
cg05806645,grey,PPP1R3B
cg05807991,grey,TRAM1L1
cg05812663,blue,NFRKB
cg05819860,grey,NCRNA00171
cg05820861,grey,C1QTNF9
cg05824484,grey,IL17RA
cg05825244,grey,EBF4
cg05827058,turquoise,
cg05827468,grey,
cg05828690,grey,LRRC24
cg05829460,blue,
cg05831673,pink,STYX
cg05833351,blue,CUGBP2
cg05837235,blue,C1QTNF1
cg05839875,turquoise,FYB
cg05840931,turquoise,EIF4B
cg05841967,turquoise,NAA38
cg05844583,turquoise,SLC19A3
cg05844852,turquoise,PPP2R5E
cg05845292,turquoise,SNN
cg05845376,grey,SLC25A2
cg05847772,turquoise,MPZL3
cg05851866,grey,TNFSF13B
cg05852276,grey,PCDHB11
cg05852568,grey,TEKT4
cg05852623,grey,C17orf53
cg05855157,blue,CASP6
cg05855347,blue,KLHDC10
cg05855489,turquoise,C10orf26
cg05856321,grey,
cg05857825,turquoise,MAPRE1
cg05857826,turquoise,POFUT1
cg05857979,turquoise,SOX8
cg05857996,grey,EBF4
cg05857999,grey,
cg05859214,blue,VDAC1
cg05862027,blue,C16orf87
cg05862135,turquoise,HCFC1R1
cg05864696,turquoise,TRIM26
cg05865436,grey,ZNF766
cg05865567,turquoise,NXF1
cg05869007,turquoise,KLHL2
cg05869503,turquoise,TEPP
cg05869611,blue,GNAT3
cg05870058,yellow,ELMOD2
cg05871425,blue,LRBA
cg05871569,turquoise,INCENP
cg05871781,turquoise,BAT3
cg05872129,grey,
cg05874309,yellow,CPEB1
cg05875032,lightgreen,TUBA8
cg05875121,blue,
cg05875302,grey,
cg05875700,grey,ERICH1
cg05876246,turquoise,
cg05876591,turquoise,RGL2
cg05880302,blue,
cg05880810,blue,FAM174A
cg05881698,blue,
cg05885020,turquoise,TCF25
cg05886546,grey,WNK4
cg05886952,turquoise,RABAC1
cg05888082,turquoise,DZIP3
cg05888872,grey,FRMD4A
cg05890377,grey,
cg05890887,turquoise,RPL9
cg05891497,paleturquoise,NAT9
cg05893300,turquoise,LRRC41
cg05897853,blue,CLDND1
cg05898602,turquoise,TMEM97
cg05898618,grey,KCNQ1
cg05898782,blue,SYNJ2BP
cg05898953,turquoise,NUDT13
cg05899064,blue,CABP4
cg05899224,turquoise,SEC11C
cg05900430,turquoise,
cg05902483,blue,RIPK1
cg05903251,turquoise,TBL3
cg05903289,grey,
cg05903872,blue,DIP2C
cg05904966,grey,C5orf49
cg05905176,turquoise,TNFAIP8L3
cg05908615,blue,B4GALNT3
cg05908775,turquoise,ZNF211
cg05916744,turquoise,THY1
cg05922972,steelblue,TSPAN3
cg05926266,turquoise,C13orf23
cg05926586,grey,CCDC33
cg05926928,grey,GDPD1
cg05927579,grey,KCNK15
cg05927817,grey,
cg05931087,darkred,TROVE2
cg05931119,grey,
cg05931345,turquoise,LASS2
cg05931423,grey,
cg05931586,turquoise,C19orf26
cg05933901,blue,HBQ1
cg05935360,turquoise,ECSIT
cg05935904,grey,
cg05938607,grey,BICC1
cg05939928,grey,EFCAB2
cg05943975,turquoise,MLEC
cg05947570,grey,PTEN
cg05949173,blue,IL1F10
cg05950276,blue,TMTC4
cg05952098,turquoise,ATAD5
cg05953927,turquoise,BOC
cg05956498,turquoise,EFHA2
cg05959111,blue,LPGAT1
cg05959241,grey,IPO7
cg05961096,blue,GCLC
cg05962325,turquoise,ACAT1
cg05963410,blue,C12orf12
cg05964000,blue,USP24
cg05964721,grey,LRTOMT
cg05965417,turquoise,M6PR
cg05965892,grey,
cg05966045,turquoise,UBL3
cg05966809,turquoise,SNX24
cg05968258,blue,CUGBP2
cg05970846,turquoise,TUFM
cg05971072,blue,
cg05972047,red,ANGPTL5
cg05976119,turquoise,RNF41
cg05977551,turquoise,ASAH2B
cg05979501,turquoise,EZH1
cg05981907,turquoise,CDC6
cg05983883,turquoise,POLR2K
cg05984388,grey,MAPK3
cg05985576,blue,DIS3L2
cg05985712,turquoise,CNOT10
cg05986044,turquoise,IAH1
cg05986680,turquoise,MTIF2
cg05989381,turquoise,AVL9
cg05991342,blue,NPAS2
cg05991492,grey,
cg05992904,grey,FAM19A5
cg05993306,lightgreen,HNRNPA0
cg05994148,grey60,PACSIN1
cg05994672,turquoise,NDRG1
cg05997116,blue,KRBA1
cg05998153,turquoise,CAMLG
cg05998449,blue,NAV2
cg05999245,turquoise,FKBP11
cg05999287,turquoise,MET
cg06002665,blue,HECW1
cg06005571,grey,WDR51A
cg06007607,turquoise,CYB5A
cg06008158,turquoise,PCM1
cg06008419,grey,
cg06008724,grey,PHF21B
cg06012493,turquoise,PAIP1
cg06017677,darkgrey,DENR
cg06019718,turquoise,TBCCD1
cg06021753,darkred,POLR3D
cg06023487,turquoise,ZSWIM6
cg06024852,turquoise,SHCBP1
cg06027927,grey,
cg06030229,turquoise,MIB1
cg06032337,violet,
cg06035645,blue,ACSF3
cg06038342,grey,RASA3
cg06042504,grey,
cg06043190,turquoise,EML4
cg06044117,green,FAM76B
cg06048524,turquoise,CXCL12
cg06053805,turquoise,ATM
cg06054793,turquoise,EMID2
cg06054963,turquoise,CCDC85B
cg06058187,turquoise,GZMA
cg06058576,grey,SLC9A3
cg06060137,turquoise,
cg06060497,blue,ZMYM1
cg06060522,grey,
cg06060673,grey,CBX6
cg06060754,grey,RGS14
cg06061086,turquoise,
cg06061257,grey,SDK2
cg06062423,blue,
cg06062519,turquoise,ARID5B
cg06062945,blue,SUPT7L
cg06063519,blue,IGF1R
cg06064525,grey,AP2A2
cg06067573,turquoise,H3F3B
cg06068338,blue,ASPH
cg06068627,turquoise,TIPARP
cg06069179,grey,CCT6B
cg06070290,blue,DNAH11
cg06070508,turquoise,MTL5
cg06071395,grey,BRD2
cg06073449,turquoise,T
cg06073570,blue,
cg06074256,white,MDC1
cg06077305,grey,PRSS22
cg06077670,blue,C3orf26
cg06080948,grey,PAOX
cg06081153,turquoise,SRPK2
cg06081482,turquoise,ATM
cg06081609,turquoise,SASH1
cg06081716,turquoise,SENP7
cg06082141,blue,C17orf48
cg06083252,blue,RUFY2
cg06084702,blue,MAD2L2
cg06085476,turquoise,CLOCK
cg06085657,blue,B3GNT6
cg06085890,darkgrey,ROBLD3
cg06087298,turquoise,FAM46C
cg06087421,darkorange,TAL1
cg06087619,turquoise,
cg06088084,turquoise,BMS1P1
cg06090739,turquoise,UBE4A
cg06093506,blue,
cg06095699,turquoise,ACTR6
cg06097707,turquoise,TAPBP
cg06098368,grey,
cg06099431,white,
cg06099784,blue,NEK10
cg06100373,blue,CCDC18
cg06100807,grey,RHCG
cg06100899,turquoise,DBNDD2
cg06102790,turquoise,SLC25A30
cg06102954,grey,MX2
cg06107304,blue,DNA2
cg06108461,grey,TAF4
cg06109664,turquoise,EIF4E
cg06110692,turquoise,SCFD2
cg06111799,turquoise,IFT57
cg06112727,turquoise,POLR3D
cg06115679,blue,MACF1
cg06117184,grey,CKAP2L
cg06118626,turquoise,RGL2
cg06119628,turquoise,PRCC
cg06121461,magenta,ATP5A1
cg06125055,brown,FKBP7
cg06125576,turquoise,SPRY2
cg06127263,turquoise,DTHD1
cg06127931,turquoise,PLCXD2
cg06128195,turquoise,C6orf176
cg06130950,turquoise,ZNF202
cg06131526,turquoise,FBXO5
cg06131755,grey,ACAT2
cg06132400,grey,
cg06134690,turquoise,VAC14
cg06140118,grey,DDX28
cg06142043,turquoise,MUTED
cg06143663,blue,CLEC16A
cg06145909,cyan,LOC100133985
cg06148974,turquoise,
cg06150148,grey,LONRF2
cg06150369,turquoise,RPL32P3
cg06151464,turquoise,MIR548N
cg06151683,turquoise,C6orf115
cg06153102,blue,
cg06153298,turquoise,FAM38A
cg06153538,blue,KIAA1715
cg06154419,turquoise,H3F3B
cg06156034,turquoise,HNRPLL
cg06157277,turquoise,PYROXD1
cg06157539,turquoise,MAPRE2
cg06159404,grey,
cg06161540,grey,UBE2I
cg06161550,grey,GALNT9
cg06162746,turquoise,CAND1
cg06164660,turquoise,TMEM132C
cg06167719,grey,HLCS
cg06168050,grey,ZNF207
cg06173319,grey,
cg06173682,turquoise,CEPT1
cg06174606,blue,
cg06179060,grey,EDNRB
cg06183947,turquoise,C6orf217
cg06188367,grey,
cg06191810,turquoise,JMJD8
cg06193723,turquoise,AICDA
cg06197574,turquoise,
cg06199058,turquoise,NECAB2
cg06199468,turquoise,C16orf80
cg06201514,grey,MYT1L
cg06205333,grey,RAP1A
cg06205817,turquoise,RSRC2
cg06206357,grey,MYL10
cg06209143,blue,MGMT
cg06210054,midnightblue,
cg06210725,turquoise,SYPL1
cg06211385,blue,LOC390595
cg06211550,grey,
cg06212582,blue,
cg06213463,turquoise,MT3
cg06213635,grey,
cg06216650,grey,
cg06218050,turquoise,MKI67
cg06218066,turquoise,ZDHHC4
cg06218113,turquoise,USP22
cg06218338,grey,
cg06219351,blue,PTPRN2
cg06219670,blue,MAML2
cg06221218,turquoise,PARS2
cg06221963,grey,KCNN3
cg06223162,grey,GPR88
cg06224732,blue,PMPCB
cg06224766,blue,
cg06225923,blue,FAM38A
cg06226335,turquoise,BET1L
cg06233738,blue,ANKRD11
cg06238316,grey,ZNF714
cg06238736,turquoise,ARHGAP1
cg06238779,blue,PIF1
cg06238864,turquoise,TOMM22
cg06241885,blue,OR5B3
cg06242063,turquoise,ADRBK1
cg06242242,grey,PRKAR1B
cg06242599,blue,
cg06244634,blue,TAS2R4
cg06245158,grey,
cg06248182,turquoise,ERAL1
cg06248406,turquoise,TMC8
cg06248560,grey,BRUNOL4
cg06249604,grey,RNF39
cg06250059,turquoise,PIGL
cg06251929,turquoise,ABCF1
cg06252382,turquoise,SLC31A2
cg06252810,grey,
cg06256295,turquoise,HSP90AB1
cg06257227,turquoise,BRIP1
cg06259025,grey,THSD1P
cg06264303,turquoise,ZNF33A
cg06272678,turquoise,PIK3R3
cg06273041,grey,FLOT1
cg06274149,blue,
cg06281719,turquoise,GMNN
cg06282829,blue,TRIM42
cg06285590,brown,
cg06286300,turquoise,TMEM106B
cg06286685,turquoise,BTBD11
cg06287927,turquoise,ACD
cg06294561,blue,ZBTB38
cg06295987,grey,
cg06297470,turquoise,PDE3B
cg06298244,blue,KRT23
cg06298689,blue,RTTN
cg06299284,grey,DRD4
cg06299997,grey,COL1A2
cg06301252,grey,PTPRN2
cg06303288,tan,KIAA1949
cg06303772,turquoise,UNC13A
cg06304787,purple,CTU2
cg06305340,turquoise,SLC7A6
cg06308025,turquoise,
cg06308258,blue,
cg06312136,turquoise,
cg06314748,blue,
cg06316553,turquoise,DDX59
cg06316695,grey60,RING1
cg06317056,turquoise,TP53
cg06320134,saddlebrown,KLHL21
cg06322988,grey,PRR23A
cg06324373,grey,CRTAC1
cg06326278,blue,RASA3
cg06326648,turquoise,CYP2R1
cg06327227,blue,SYNJ2
cg06329735,grey,KLHL35
cg06331271,turquoise,TTC17
cg06335251,turquoise,ZNF438
cg06339542,turquoise,GAS7
cg06341513,turquoise,LRRC10B
cg06341731,grey,BCL11B
cg06351537,grey,
cg06351596,blue,TRDMT1
cg06352730,grey,
cg06353611,turquoise,SCNM1
cg06357843,grey,PANX2
cg06358970,turquoise,
cg06360820,grey,
cg06362065,turquoise,DLGAP1
cg06362348,turquoise,TMCO4
cg06362354,blue,BAT5
cg06363887,turquoise,UTP3
cg06364629,grey,EIF2B4
cg06366213,turquoise,UBE2G1
cg06366585,turquoise,RPRD2
cg06367472,turquoise,OSCP1
cg06369155,blue,
cg06369833,turquoise,PRX
cg06370133,turquoise,
cg06371346,blue,SGMS1
cg06375085,grey,RASSF1
cg06375580,turquoise,GXYLT1
cg06375761,grey,TAPBP
cg06378434,turquoise,APBB1IP
cg06379340,blue,UNC80
cg06379383,blue,MED12L
cg06379722,blue,ZFP64
cg06381587,red,MRPL54
cg06383531,turquoise,HDGF2
cg06383759,turquoise,C17orf71
cg06385118,brown,LOC441046
cg06385583,turquoise,
cg06387496,grey,GNA12
cg06390613,grey,TMEM198
cg06391894,turquoise,LRRC20
cg06392126,blue,SPHKAP
cg06394109,grey,
cg06394874,grey,ZNF257
cg06394897,turquoise,AK2
cg06398242,blue,PRKCE
cg06399839,turquoise,HNRNPA1
cg06400119,grey,PTPRN2
cg06401966,turquoise,FKBP4
cg06402602,turquoise,FBXO31
cg06405765,grey,PPP4C
cg06406012,turquoise,ZNF561
cg06406026,grey,
cg06406458,grey,DOCK1
cg06411724,grey,MEOX2
cg06414161,blue,AKTIP
cg06415304,turquoise,SBK1
cg06416472,turquoise,
cg06417478,grey,HOOK2
cg06418219,turquoise,SHC1
cg06419659,grey,S100A13
cg06419750,grey,GLT1D1
cg06419850,grey,VMO1
cg06421633,turquoise,LUC7L3
cg06422039,grey,SSTR5
cg06422757,turquoise,PXT1
cg06423211,grey,
cg06423533,turquoise,UHRF1
cg06423925,blue,C10orf78
cg06423975,turquoise,BANP
cg06424594,turquoise,PNMT
cg06429214,grey,TMEM232
cg06433816,grey,EXD3
cg06434353,blue,TMED7-TICAM2
cg06436655,turquoise,UBL5
cg06437840,grey,HLA-DPB1
cg06440615,turquoise,C20orf96
cg06441362,grey,
cg06442836,turquoise,PITPNB
cg06443583,turquoise,CFL1
cg06444984,turquoise,NPR1
cg06449742,turquoise,CCDC137
cg06450650,turquoise,C20orf103
cg06452544,blue,REPS1
cg06456258,turquoise,SMCR7L
cg06460475,grey,RBMXL2
cg06460869,turquoise,VIM
cg06463800,turquoise,
cg06466728,blue,C20orf111
cg06470855,grey,
cg06471380,grey,
cg06474219,blue,POLR1C
cg06474323,grey,NR1D1
cg06476337,turquoise,NDUFS4
cg06477715,turquoise,LOC100288730
cg06480249,turquoise,
cg06481168,grey,C4orf39
cg06484146,grey,VWDE
cg06484232,blue,OR52E4
cg06491573,grey,KLF15
cg06494592,grey,
cg06503573,grey,TNNT3
cg06503907,grey,SYCP2L
cg06505394,darkgreen,HNRNPUL1
cg06508783,turquoise,GNAI2
cg06509223,blue,
cg06509661,turquoise,TARBP1
cg06510830,turquoise,C21orf45
cg06512858,turquoise,SOX4
cg06513375,grey,ZNF251
cg06514371,tan,RAP2B
cg06515732,turquoise,CAND1
cg06516331,blue,SNIP1
cg06516543,blue,
cg06517794,blue,USP33
cg06518838,turquoise,
cg06522557,blue,
cg06523340,grey,GNPAT
cg06523556,turquoise,CHRNA6
cg06524264,grey,C20orf96
cg06529468,grey,KRI1
cg06529477,turquoise,TEX14
cg06531573,grey,PRR25
cg06531595,blue,PDE5A
cg06532268,grey,
cg06532346,turquoise,BLOC1S1
cg06536614,grey,MIR886
cg06536619,turquoise,USP10
cg06538660,turquoise,ALS2
cg06545180,turquoise,ROMO1
cg06545189,turquoise,ADK
cg06546406,turquoise,
cg06546677,grey,HSF1
cg06546722,turquoise,UGP2
cg06547034,blue,GRID1
cg06547771,turquoise,TTC17
cg06549928,grey,LRRC8B
cg06550177,greenyellow,
cg06555155,turquoise,TMEM181
cg06556616,turquoise,ESCO2
cg06557057,turquoise,
cg06557887,turquoise,CDC6
cg06559013,blue,CEP72
cg06559318,grey,HLA-DRB6
cg06559547,turquoise,SNHG5
cg06559874,black,SPAG9
cg06563149,turquoise,PRR24
cg06564284,darkgrey,CALM3
cg06565975,grey,SLURP1
cg06567836,turquoise,
cg06569993,yellowgreen,GLOD4
cg06570025,turquoise,OLIG1
cg06571075,grey,MACROD2
cg06572093,grey,
cg06573787,grey,
cg06573795,blue,AGGF1
cg06574335,turquoise,LYPD6B
cg06575288,turquoise,
cg06575763,grey,NANP
cg06576532,grey,
cg06579345,turquoise,FAM45B
cg06579465,blue,
cg06579790,turquoise,SLC37A1
cg06582708,turquoise,DHRS7B
cg06583518,turquoise,ZNF540
cg06583605,grey,CEP135
cg06588556,grey,LDHAL6A
cg06589246,turquoise,SERAC1
cg06590946,blue,TRA2B
cg06591892,turquoise,AP2S1
cg06592160,blue,FOXO1
cg06597049,turquoise,MAP4K4
cg06598836,grey,
cg06601633,turquoise,TRIM9
cg06602086,grey,IFT140
cg06603649,blue,C14orf143
cg06607825,blue,NAV2
cg06609049,grey,THOP1
cg06610641,turquoise,ZNF527
cg06611532,grey,
cg06611744,grey,RASL11A
cg06614534,blue,CREBBP
cg06615097,turquoise,DHRS1
cg06615719,turquoise,APC2
cg06618322,grey,AKAP13
cg06618935,grey,
cg06618957,blue,LRRC66
cg06621094,turquoise,
cg06622999,grey,LOC283392
cg06623150,blue,CCDC59
cg06623227,grey,ZCCHC8
cg06623474,blue,
cg06625258,grey,CCDC51
cg06626759,blue,RALGAPA1
cg06627077,turquoise,ZC3H4
cg06627617,grey,ASAP2
cg06632027,turquoise,SNCA
cg06632214,turquoise,IFITM1
cg06633637,turquoise,SCARNA2
cg06634786,turquoise,POLR3H
cg06635392,turquoise,TBX18
cg06635871,blue,DPPA3
cg06636551,grey,SPAG1
cg06639079,turquoise,C19orf36
cg06641548,lightgreen,AES
cg06642965,turquoise,
cg06643150,turquoise,
cg06643849,grey,AURKC
cg06644428,grey,
cg06644844,grey,ANKRD30A
cg06646285,turquoise,COPB1
cg06646715,salmon,NACA2
cg06648277,grey,NKX6-2
cg06648709,blue,GLB1L3
cg06651838,blue,COL4A2
cg06652313,grey,CELSR1
cg06652675,turquoise,STARD13
cg06653045,grey,KCNJ2
cg06654302,turquoise,DDX60L
cg06654604,turquoise,SAMD9L
cg06654697,turquoise,ITGB2
cg06657243,turquoise,MIAT
cg06657462,brown,EXOC6
cg06657917,grey,HCN2
cg06659057,turquoise,
cg06659169,turquoise,ZNF74
cg06659580,grey,STBD1
cg06662140,grey,KLHDC7A
cg06662476,blue,CXCL13
cg06663068,turquoise,PRRT3
cg06665941,brown,IFNAR2
cg06666486,turquoise,EIF2AK1
cg06667063,brown,MFSD1
cg06669374,grey,
cg06671561,turquoise,COX6B1
cg06674527,grey,LOC390594
cg06675417,grey,
cg06679270,grey,LASS3
cg06679296,grey,TNNT3
cg06688763,grey,CDK6
cg06691214,turquoise,CREB1
cg06693983,grey,TMEM190
cg06695338,blue,FAT1
cg06697017,blue,
cg06697294,turquoise,PRKCG
cg06699216,grey,CSGALNACT1
cg06699848,blue,ST5
cg06701800,blue,COTL1
cg06703062,grey,MATN1
cg06703079,turquoise,PIK3R3
cg06703092,turquoise,
cg06708390,blue,TRAPPC9
cg06709324,turquoise,SOAT1
cg06709766,turquoise,MSH3
cg06710672,grey,
cg06710981,grey,DMPK
cg06712559,grey,AGRN
cg06712767,grey,
cg06713675,grey,EXOSC9
cg06715136,grey,PTPRN2
cg06715755,blue,PTPRN2
cg06716730,grey,DUSP14
cg06720244,blue,ZC3H13
cg06720768,grey,
cg06721775,darkmagenta,WDR12
cg06721860,blue,SYT10
cg06722870,blue,AGAP1
cg06723863,grey,ESRP2
cg06725997,turquoise,
cg06726167,turquoise,TMEM107
cg06726747,turquoise,GGNBP2
cg06726860,grey,FGF8
cg06732516,grey,TNNI3
cg06735806,turquoise,MIPOL1
cg06736242,turquoise,SSBP1
cg06737308,grey,ENPP6
cg06740227,orange,RASSF9
cg06740311,blue,CEP76
cg06741367,grey,
cg06742891,turquoise,CIC
cg06743703,grey,
cg06745695,turquoise,MTL5
cg06746318,blue,CUX1
cg06747745,turquoise,TBCEL
cg06751007,grey,RNF213
cg06751175,turquoise,OSBPL9
cg06751705,cyan,C7orf44
cg06752695,turquoise,KIAA0319
cg06753883,turquoise,MIIP
cg06754557,blue,STK39
cg06756169,grey,TUBGCP5
cg06758350,grey,RUNX1
cg06759629,yellow,
cg06760277,turquoise,RTDR1
cg06760423,blue,HEATR2
cg06762403,turquoise,DGKA
cg06766960,grey,
cg06768644,salmon,USP49
cg06768944,grey,
cg06770076,blue,
cg06770568,turquoise,FAM111A
cg06773023,turquoise,EFR3A
cg06775001,lightcyan,ASCC3
cg06776824,turquoise,YWHAZ
cg06777732,grey,
cg06779606,blue,CARD11
cg06780839,turquoise,DKFZP434H168
cg06783102,blue,C1orf114
cg06785302,turquoise,EXT1
cg06787317,blue,ARHGEF7
cg06789412,grey,RPL24
cg06789517,grey,SYT6
cg06790492,blue,TBC1D16
cg06791446,grey,FGFR2
cg06791546,grey,
cg06792186,blue,C7orf54
cg06795216,grey,LOC121838
cg06795971,grey,TET2
cg06796435,grey,LTB4R2
cg06796806,turquoise,ZDHHC24
cg06797068,grey,DDX43
cg06799298,turquoise,ZZEF1
cg06800849,grey,ACSF3
cg06802365,turquoise,DNAH14
cg06802812,green,PTGER4
cg06804154,turquoise,PSRC1
cg06805280,turquoise,CYR61
cg06805542,turquoise,ATP6V1A
cg06805546,turquoise,TAGAP
cg06805642,blue,C10orf18
cg06809298,grey,COX7A2
cg06809455,turquoise,NAA38
cg06811478,turquoise,XKR6
cg06814136,blue,CRYBG3
cg06815243,blue,
cg06815411,turquoise,
cg06815754,turquoise,BCL7C
cg06816875,turquoise,CAMTA1
cg06817312,blue,EXOG
cg06817669,blue,C15orf5
cg06820296,turquoise,EXPH5
cg06820541,blue,SIX4
cg06820586,turquoise,RTN1
cg06821828,grey,
cg06822816,grey,MAL2
cg06822966,green,NPHP1
cg06823034,grey,LTB4R
cg06824297,turquoise,RWDD2B
cg06824382,turquoise,
cg06824583,grey,ATP8B2
cg06825163,grey,LGR6
cg06825957,green,BSN
cg06826908,blue,OSBPL9
cg06827501,blue,
cg06828730,turquoise,PFKM
cg06829695,blue,CTCF
cg06830098,blue,
cg06832861,blue,
cg06833102,blue,
cg06834261,turquoise,ALS2CR8
cg06834998,grey,PF4
cg06837552,blue,
cg06837568,grey,WSCD2
cg06838921,turquoise,APRT
cg06839380,turquoise,WDR8
cg06839900,grey,HES5
cg06840659,turquoise,MGAT1
cg06840699,yellow,DAD1
cg06841052,grey,PARD3
cg06842519,turquoise,SYDE2
cg06842781,turquoise,NDNL2
cg06843687,turquoise,ADAMTS16
cg06845639,blue,
cg06845943,turquoise,PEAR1
cg06847429,darkgreen,
cg06848047,turquoise,SNCA
cg06848802,blue,TACR1
cg06849719,turquoise,
cg06850787,grey,
cg06850852,turquoise,KIAA1530
cg06851207,grey,PNMAL1
cg06851253,grey,CHCHD4
cg06853609,turquoise,LRRFIP2
cg06857516,blue,GLTSCR1
cg06858185,blue,TRAPPC9
cg06860864,blue,
cg06862673,turquoise,CDK12
cg06864789,grey,
cg06865629,blue,MIR1-2
cg06866005,turquoise,FEM1C
cg06867482,grey,FAM38A
cg06869532,darkred,XAB2
cg06870868,turquoise,PSMB8
cg06871246,blue,KIAA1530
cg06872500,turquoise,S100A6
cg06872673,blue,PPIH
cg06873352,grey,STRADA
cg06874218,green,TGIF1
cg06874656,turquoise,NTM
cg06875413,blue,
cg06876708,turquoise,CYB5R1
cg06876710,turquoise,PPP2R2A
cg06878649,blue,WFDC1
cg06884679,blue,VARS
cg06886207,turquoise,C1orf97
cg06888460,grey,LDHAL6A
cg06888746,grey,SH3PXD2A
cg06889484,turquoise,MPV17L2
cg06889571,grey,ADARB2
cg06891548,turquoise,GGPS1
cg06896906,turquoise,USP36
cg06898502,blue,TGIF1
cg06899053,tan,
cg06900782,blue,
cg06902200,turquoise,ZSWIM6
cg06904287,turquoise,FBXO3
cg06905132,darkolivegreen,ADCK1
cg06906472,grey,ST6GAL2
cg06907229,blue,PSTK
cg06910254,grey,ZNF213
cg06911843,turquoise,DSCR3
cg06912515,turquoise,P2RX6
cg06913228,turquoise,UBE2J1
cg06914774,blue,
cg06915545,blue,
cg06916001,grey,MIR365-1
cg06916446,turquoise,
cg06917450,grey,C1orf109
cg06918474,grey,MARCH3
cg06919392,blue,RGS12
cg06919568,turquoise,TCF25
cg06925387,turquoise,TRIM68
cg06926377,grey,
cg06927165,turquoise,
cg06930513,blue,ZMYM2
cg06934829,blue,GUF1
cg06935598,darkgrey,RCOR3
cg06937548,turquoise,PDHX
cg06938133,blue,WDR45L
cg06939115,grey,DNAJA2
cg06940232,blue,EXTL3
cg06940482,grey,LPHN2
cg06940851,turquoise,UBR3
cg06942027,turquoise,KCNJ2
cg06942743,blue,TSPYL6
cg06945936,turquoise,KIRREL2
cg06946541,pink,KATNB1
cg06948985,turquoise,FAM188A
cg06950634,grey,
cg06951450,turquoise,FOXRED1
cg06952910,grey,CCNA2
cg06953130,grey,C10orf47
cg06956098,blue,SNIP1
cg06956232,turquoise,
cg06958766,blue,TGFB3
cg06959182,turquoise,SEMA6A
cg06960562,turquoise,
cg06961284,blue,TUBGCP3
cg06962857,turquoise,C17orf80
cg06962944,grey,TOX2
cg06963182,turquoise,
cg06963648,turquoise,LRP10
cg06966617,turquoise,MOBKL1B
cg06970956,turquoise,C14orf101
cg06972019,grey,ENO1
cg06974755,turquoise,RALGDS
cg06974961,turquoise,
cg06975979,grey,LRRC61
cg06976003,lightcyan,UBN1
cg06976598,grey,PRKG1
cg06978461,blue,PDXDC1
cg06982544,turquoise,C1orf51
cg06983483,turquoise,DIAPH1
cg06986263,turquoise,
cg06988236,grey,TRIM39
cg06988775,grey,AHCYL2
cg06988897,grey,FAM38A
cg06997275,blue,PLEKHM3
cg06998282,turquoise,ENPP2
cg06999381,turquoise,NHEDC1
cg06999776,turquoise,SEMA4F
cg07000126,grey,
cg07001481,grey,DERL2
cg07001856,grey,WFDC1
cg07003632,turquoise,EML1
cg07004744,grey,ERICH1
cg07005078,lightcyan,LAP3
cg07006526,turquoise,SMTN
cg07007148,blue,
cg07007674,turquoise,IQGAP1
cg07009835,turquoise,MTSS1L
cg07011961,grey,PRDM9
cg07015775,yellow,ZNHIT6
cg07016276,grey,HLA-F
cg07016483,turquoise,STAU2
cg07017994,grey,EPHB6
cg07018435,grey,
cg07019536,turquoise,ANKH
cg07020327,turquoise,CDC23
cg07020822,turquoise,ZNF605
cg07021033,turquoise,WNT9A
cg07021052,grey,
cg07021777,green,HSD17B11
cg07023902,turquoise,INO80B
cg07024339,grey,ONECUT2
cg07025785,grey,
cg07026259,turquoise,NFATC3
cg07027174,turquoise,FAM102B
cg07029665,blue,ESRRG
cg07029998,turquoise,MTOR
cg07030339,grey,ALDH1A3
cg07031408,grey,
cg07031665,turquoise,C11orf67
cg07031797,turquoise,TTLL8
cg07031916,turquoise,C1orf58
cg07032258,turquoise,ARNTL
cg07033372,grey,SLC32A1
cg07034362,grey,ALDH1L1
cg07035145,turquoise,PYGL
cg07035298,blue,C11orf30
cg07035436,grey,
cg07037852,blue,
cg07038191,white,KIF22
cg07040834,turquoise,
cg07041218,turquoise,MAP3K7IP2
cg07041565,blue,GRAMD2
cg07041999,grey,
cg07044032,turquoise,DUT
cg07044115,grey,
cg07044859,grey,
cg07045469,grey,ABCA13
cg07049998,grey,AGTRAP
cg07050555,turquoise,FBRSL1
cg07053469,turquoise,EID2B
cg07056260,blue,TMEM132D
cg07057042,skyblue,RAB5A
cg07057492,blue,CHN2
cg07058528,turquoise,C17orf49
cg07058639,turquoise,TINF2
cg07059402,grey,MIR659
cg07062847,black,
cg07063559,grey,LOC641746
cg07063745,turquoise,LANCL1
cg07063853,turquoise,API5
cg07063911,blue,SNX4
cg07065220,grey,
cg07068956,blue,ZAN
cg07074390,turquoise,PSMG1
cg07075026,grey,IGF2BP1
cg07075347,grey,PGAM2
cg07075387,grey,
cg07076091,blue,SC4MOL
cg07076277,turquoise,ICA1L
cg07076661,turquoise,ANKRD12
cg07076816,grey,
cg07077277,blue,HIST1H2AA
cg07078960,turquoise,COMMD8
cg07080220,turquoise,HIF1AN
cg07080785,blue,
cg07081569,blue,CANT1
cg07081887,turquoise,ISY1
cg07085590,blue,PARD3B
cg07086945,grey,
cg07087293,turquoise,SCNN1B
cg07088351,blue,WDYHV1
cg07088555,grey,
cg07089990,grey,PNPT1
cg07091551,turquoise,CTH
cg07092448,turquoise,TDRKH
cg07093428,grey,LDHC
cg07093776,blue,PRKCZ
cg07094169,blue,SRGAP3
cg07096206,turquoise,FLJ32065
cg07098966,turquoise,NEK9
cg07099606,grey,
cg07100532,grey,ENOSF1
cg07103917,turquoise,HTATIP2
cg07104388,turquoise,GNAI3
cg07104919,grey,C11orf49
cg07105947,grey,
cg07107441,lightyellow,C3orf10
cg07107824,turquoise,
cg07108206,grey,NPPC
cg07110043,grey,FABP3
cg07111501,grey,ERN1
cg07113870,blue,KIAA1244
cg07116010,grey,
cg07116194,yellow,BAIAP3
cg07116732,grey,FBRSL1
cg07117119,turquoise,NFATC3
cg07119389,turquoise,PGBD1
cg07120314,turquoise,
cg07124173,turquoise,EIF4EBP3
cg07125991,turquoise,PLBD2
cg07126095,turquoise,COTL1
cg07128799,turquoise,TCF7L2
cg07129212,turquoise,DAGLB
cg07131398,blue,RNF17
cg07132441,blue,GALNT9
cg07133412,lightcyan,CNIH
cg07134102,turquoise,C7orf27
cg07134240,grey,PDLIM3
cg07134666,violet,
cg07135405,grey,UCKL1
cg07137244,turquoise,NF1
cg07138768,grey,C7orf20
cg07139265,turquoise,ROPN1L
cg07139330,turquoise,BAI1
cg07140188,turquoise,OSGEPL1
cg07140289,grey,
cg07140595,turquoise,CENPF
cg07142961,turquoise,ROCK1
cg07144666,blue,KDELR2
cg07145255,brown,DEPDC1B
cg07146104,brown,
cg07147204,grey,
cg07148296,turquoise,SP8
cg07148458,grey,KCTD11
cg07148880,turquoise,KIF21B
cg07148919,grey,LPCAT1
cg07149862,turquoise,IVNS1ABP
cg07152379,blue,WDR76
cg07156742,grey,
cg07157030,grey,RHOJ
cg07157602,turquoise,IFRD1
cg07157834,grey,PM20D1
cg07159131,blue,TRPC3
cg07159484,turquoise,BDNF
cg07160278,turquoise,MEPCE
cg07160694,turquoise,DCAF5
cg07161369,turquoise,
cg07162000,turquoise,ADARB2
cg07162097,blue,ZFAND1
cg07162124,turquoise,
cg07162665,turquoise,C1QTNF1
cg07166653,blue,CAMSAP1
cg07167168,turquoise,PTPRT
cg07167872,grey,PM20D1
cg07168142,grey,HSPB9
cg07169535,grey,KIAA1328
cg07173100,turquoise,RNASEH1
cg07175255,blue,
cg07178994,grey,
cg07179000,grey,GREM1
cg07179693,grey,EIF3M
cg07179770,turquoise,KLHL36
cg07180603,turquoise,SMG7
cg07184922,blue,COPS7B
cg07186094,red,UGP2
cg07187855,grey,DDR1
cg07189025,grey,
cg07190543,blue,ICA1
cg07190752,blue,CHIC2
cg07191900,grey,IL17RA
cg07195197,grey,IFT140
cg07196014,turquoise,SIDT1
cg07196124,turquoise,BCAP29
cg07197526,blue,
cg07202461,blue,MIB1
cg07203258,yellow,DDX50
cg07206676,blue,PITPNM3
cg07207599,turquoise,USO1
cg07208513,turquoise,LITAF
cg07209034,blue,
cg07210335,turquoise,MAN2A1
cg07210466,blue,UBP1
cg07211103,turquoise,ARL1
cg07211155,blue,ARHGAP15
cg07211739,turquoise,SON
cg07211894,turquoise,COX5B
cg07212292,turquoise,NADSYN1
cg07212963,midnightblue,HMGCL
cg07213065,blue,DNAH7
cg07213482,blue,FAM13A
cg07215822,blue,
cg07216258,turquoise,NFKBIZ
cg07218516,turquoise,FAM134C
cg07222414,blue,
cg07224454,turquoise,SIN3A
cg07226193,turquoise,SWAP70
cg07227033,grey,ARL4A
cg07229027,turquoise,ATAD2
cg07230380,pink,SCD
cg07231649,turquoise,VPS45
cg07232688,blue,LRRC39
cg07233502,turquoise,NUP133
cg07234569,turquoise,LOC285696
cg07234876,grey,
cg07235071,turquoise,LYSMD1
cg07235453,turquoise,TAF2
cg07238058,grey,
cg07240554,turquoise,S100A11
cg07240673,turquoise,CLUAP1
cg07243103,turquoise,WDR90
cg07243941,turquoise,CORIN
cg07249860,blue,MIR548F5
cg07254066,turquoise,IRX5
cg07254537,turquoise,KDELC2
cg07255038,blue,KIAA0226
cg07257747,blue,ADAM19
cg07257824,grey,
cg07259732,blue,
cg07260605,blue,ZRANB1
cg07261734,turquoise,FNDC3A
cg07261848,turquoise,ACTL6A
cg07262012,orange,RBM33
cg07263562,blue,CCNA2
cg07264062,blue,ARHGEF10
cg07264401,grey,CLCN7
cg07265716,grey,RBM39
cg07268319,turquoise,FAM195B
cg07271405,blue,TRIM44
cg07274235,paleturquoise,TESC
cg07278997,grey,UBE2W
cg07280731,grey,PRSS21
cg07280807,grey,
cg07281377,blue,
cg07285237,grey,
cg07286881,turquoise,MYBPC2
cg07287188,turquoise,
cg07287345,blue,SLC2A13
cg07287384,lightgreen,MOXD1
cg07287444,blue,HERPUD2
cg07293736,grey,
cg07293993,turquoise,MTHFS
cg07294785,blue,HLA-DOA
cg07296849,blue,ABLIM2
cg07297681,blue,C8orf76
cg07300316,turquoise,TMEM41A
cg07300976,turquoise,TRIM27
cg07302069,turquoise,HOXA7
cg07303801,turquoise,SGSM1
cg07303968,turquoise,HSPA12A
cg07304315,grey,GPR123
cg07305938,turquoise,C17orf53
cg07307142,grey,HSD17B2
cg07307241,salmon,TMED4
cg07307335,blue,LONRF1
cg07307653,turquoise,TMOD2
cg07308931,turquoise,TRIP13
cg07310538,turquoise,HSPA1A
cg07310946,blue,
cg07311313,turquoise,CDX2
cg07311521,grey,EGFR
cg07311968,turquoise,MEPCE
cg07312099,turquoise,ASAH1
cg07314337,black,ARL6IP6
cg07314988,grey,ATHL1
cg07315766,turquoise,
cg07317601,brown,CEP72
cg07317755,turquoise,PDE12
cg07318284,turquoise,TRIM2
cg07320819,turquoise,RB1
cg07321776,grey,KCNE1
cg07322678,turquoise,SLC25A30
cg07323141,grey,LOC151174
cg07323350,turquoise,VWA5A
cg07327202,turquoise,CDS2
cg07327417,blue,MBOAT2
cg07329467,turquoise,HIST1H2AD
cg07336230,turquoise,KIF6
cg07338058,turquoise,GOLSYN
cg07338836,turquoise,SEPT7
cg07341007,grey,MUC4
cg07341141,blue,ALKBH4
cg07343445,grey,PACRG
cg07344955,turquoise,RASSF1
cg07346310,darkturquoise,RBM24
cg07347128,turquoise,
cg07349094,grey,AFF3
cg07350444,darkorange,
cg07350703,turquoise,UFM1
cg07353572,grey,CDC7
cg07355693,green,
cg07355926,grey,
cg07356130,midnightblue,CTR9
cg07356745,grey,FAM190B
cg07358015,yellow,INTS9
cg07362231,blue,
cg07364009,blue,LONP2
cg07366506,grey,
cg07367434,turquoise,COL9A2
cg07368146,turquoise,NCRNA00219
cg07371589,grey,SEMA6C
cg07371838,blue,GOLT1B
cg07373957,blue,
cg07374928,blue,FAM118B
cg07375277,skyblue,SIRT2
cg07375912,turquoise,GSPT1
cg07376282,grey,GPR37
cg07376381,green,LCK
cg07376541,turquoise,ZC3H13
cg07376753,turquoise,TMEM222
cg07380496,turquoise,MAP1B
cg07381391,grey,
cg07382149,grey,ENSA
cg07382347,grey,RNF39
cg07382454,grey,TM6SF2
cg07383420,blue,CPD
cg07383535,blue,SOX30
cg07386228,turquoise,ZNRD1
cg07387044,black,KIAA1875
cg07387429,blue,
cg07387607,turquoise,BAT2
cg07388801,turquoise,DBN1
cg07390013,blue,AGT
cg07391436,grey,PRELID2
cg07391610,turquoise,RCOR3
cg07392449,turquoise,FAM167A
cg07393854,blue,CCDC50
cg07395436,blue,LYPLAL1
cg07395500,blue,SUDS3
cg07395611,blue,
cg07399816,turquoise,SND1
cg07413356,turquoise,CAMLG
cg07414487,grey,PSORS1C1
cg07415687,grey,TXNDC5
cg07416344,grey,RASA3
cg07416502,blue,MYH2
cg07419021,turquoise,TBR1
cg07420190,grey,MARK1
cg07421245,blue,
cg07421341,turquoise,COL19A1
cg07425090,turquoise,SYNCRIP
cg07425541,turquoise,GPR137B
cg07427475,grey,PLEC1
cg07428200,blue,CCDC40
cg07428804,turquoise,STX5
cg07429146,grey,AGAP3
cg07430988,turquoise,SPATA13
cg07434166,blue,ADI1
cg07434707,turquoise,MAP3K7
cg07435966,blue,
cg07437056,turquoise,WRNIP1
cg07437286,turquoise,SF1
cg07438165,blue,C14orf49
cg07441565,turquoise,PPIF
cg07441654,turquoise,TOLLIP
cg07443485,turquoise,APRT
cg07444152,blue,EHMT2
cg07448606,turquoise,PCDHGA4
cg07448856,turquoise,ZNF670
cg07449105,turquoise,BAT3
cg07449450,turquoise,USH1C
cg07449543,turquoise,CHORDC1
cg07451084,turquoise,GNPDA2
cg07451141,turquoise,QSER1
cg07452777,grey,PRR23A
cg07453218,turquoise,REEP6
cg07453322,turquoise,WDHD1
cg07454558,grey,TANC1
cg07455279,grey,NDUFA3
cg07455790,grey,
cg07457402,turquoise,MIR548N
cg07461682,blue,
cg07462670,turquoise,RPL30
cg07464355,turquoise,DBR1
cg07465387,turquoise,
cg07470512,grey,NECAB3
cg07472199,grey,ZNF843
cg07472227,turquoise,ERF
cg07472764,paleturquoise,ZNF766
cg07473471,turquoise,ESRP1
cg07475026,blue,FOXP1
cg07475527,blue,
cg07477947,blue,ANKRD28
cg07479270,blue,
cg07479615,grey,BRSK2
cg07480327,turquoise,DPF1
cg07481320,turquoise,
cg07482202,grey,FBXL16
cg07482870,turquoise,SLC39A7
cg07484326,turquoise,
cg07484894,turquoise,RBM39
cg07485401,blue,KIAA1486
cg07485769,blue,
cg07488417,red,
cg07489083,turquoise,UBLCP1
cg07490070,grey,ANKRD23
cg07490776,royalblue,AP3M2
cg07491444,turquoise,ARL6IP6
cg07491828,blue,MKL2
cg07495363,grey,BOLL
cg07498239,magenta,LINGO3
cg07499182,grey,STARD13
cg07499477,turquoise,TEP1
cg07500988,turquoise,FAM96A
cg07503829,turquoise,PSMD13
cg07504200,grey,
cg07504288,turquoise,CHN1
cg07508341,blue,
cg07508394,turquoise,LPIN1
cg07508773,turquoise,WDSUB1
cg07509935,grey,LTB4R2
cg07510080,turquoise,HIF1AN
cg07510163,blue,PREPL
cg07512361,grey,SH2B2
cg07515250,blue,PTK2
cg07516978,turquoise,GNAS
cg07518035,turquoise,MBOAT7
cg07519218,blue,CCAR1
cg07519721,turquoise,SPG21
cg07521193,grey,
cg07521723,turquoise,NSMCE1
cg07522664,turquoise,C19orf61
cg07524214,grey,
cg07524919,grey,TNXB
cg07527330,turquoise,NT5M
cg07531072,red,WIZ
cg07532183,blue,
cg07533819,blue,MAP1B
cg07540629,blue,DMPK
cg07541023,turquoise,TWISTNB
cg07541443,blue,TFDP1
cg07543626,turquoise,NOVA1
cg07544187,grey,CILP2
cg07544653,grey,CYB5A
cg07547798,orange,NSMCE2
cg07548325,blue,STON1-GTF2A1L
cg07549162,turquoise,LOC388588
cg07550809,turquoise,DKFZp761E198
cg07552315,grey,
cg07552700,turquoise,SH2B1
cg07553297,turquoise,ZSWIM6
cg07559653,turquoise,ZNRF1
cg07559696,turquoise,VASH1
cg07562055,turquoise,RPL32
cg07562483,grey,LOC387647
cg07563363,grey,
cg07564061,turquoise,DERL2
cg07564962,grey,
cg07564979,grey,
cg07565150,blue,
cg07565928,grey,SNF8
cg07568314,blue,
cg07568517,turquoise,TSSC1
cg07571282,blue,BCMO1
cg07580591,turquoise,
cg07580652,turquoise,RIF1
cg07582470,grey,SATB2
cg07583651,turquoise,FEN1
cg07583851,blue,
cg07583981,blue,RPA1
cg07588109,turquoise,ROBLD3
cg07588263,grey,C8orf40
cg07590839,turquoise,TIGD1
cg07591395,turquoise,RBM8A
cg07594247,grey,PAX8
cg07595346,blue,CNR2
cg07596120,turquoise,C22orf32
cg07596819,blue,STOX2
cg07598052,black,SLA2
cg07599136,grey,AHRR
cg07600533,grey,KLHDC7B
cg07601320,grey,SLC38A4
cg07601463,blue,DGKG
cg07601598,blue,
cg07602690,turquoise,ZBTB7A
cg07603685,blue,YBX1
cg07606551,blue,C6orf52
cg07608565,grey,EPS8L1
cg07611106,turquoise,SNORD27
cg07612475,turquoise,LOC344595
cg07613333,blue,NAV2
cg07613693,brown,ZBTB45
cg07615067,turquoise,FAM20C
cg07615111,grey,
cg07615347,blue,BICC1
cg07615875,blue,CUX1
cg07617265,blue,GRINL1A
cg07619683,blue,ESR1
cg07620230,grey,TNFRSF6B
cg07620573,grey,FGF12
cg07622877,blue,
cg07623022,grey,RPS15A
cg07623882,turquoise,NDNL2
cg07628233,turquoise,KIFC1
cg07628769,grey,MYEOV2
cg07629776,grey,FRMD4A
cg07630858,turquoise,DBN1
cg07635485,grey,GPR133
cg07636037,turquoise,WDR6
cg07639472,turquoise,GABARAP
cg07640233,turquoise,
cg07643904,turquoise,ZNF576
cg07645614,turquoise,TXNDC11
cg07645888,turquoise,EHBP1
cg07647108,turquoise,
cg07647798,turquoise,FAM32A
cg07648498,purple,FANCA
cg07648504,blue,
cg07654678,turquoise,NECAB2
cg07655627,grey,NUDT12
cg07657142,turquoise,KIAA1586
cg07659053,blue,
cg07662771,blue,PSMD6
cg07663906,blue,FLJ41941
cg07664480,turquoise,BRI3BP
cg07665352,blue,AKR1C3
cg07666882,grey,NUDT12
cg07668285,grey,KIAA1407
cg07668501,grey,
cg07668908,pink,C4orf22
cg07669138,blue,CPT1A
cg07671603,turquoise,C7orf13
cg07672411,turquoise,UBR5
cg07672479,turquoise,DYNC1H1
cg07673020,grey,
cg07673080,grey,HDAC4
cg07674403,turquoise,GADD45GIP1
cg07674753,turquoise,LOC401397
cg07675399,grey,CXXC1
cg07676361,grey,
cg07677396,turquoise,ZYX
cg07678644,lightcyan,ZNF638
cg07679219,grey,E2F7
cg07680042,blue,MICAL2
cg07680232,magenta,SEC24D
cg07681084,yellowgreen,LMBR1
cg07687814,turquoise,C7orf60
cg07688416,turquoise,FXYD6
cg07690455,turquoise,CAST
cg07690733,turquoise,HMHA1
cg07691531,grey,NAPRT1
cg07693657,turquoise,NDUFS8
cg07695654,blue,
cg07696178,turquoise,FANCA
cg07697006,salmon,UQCRQ
cg07697134,turquoise,C19orf62
cg07697850,grey,TMEM219
cg07698674,turquoise,
cg07699307,blue,ASCC3
cg07700514,turquoise,DKFZP434H168
cg07700843,grey,
cg07700920,blue,USP10
cg07701191,turquoise,RORA
cg07703976,grey,ABCA13
cg07704495,grey,RSPH1
cg07705912,green,TPM3
cg07706558,blue,MICAL2
cg07706687,turquoise,NAA25
cg07706812,blue,PHLPP2
cg07708472,turquoise,ITSN1
cg07713066,brown,GMPPA
cg07713120,turquoise,MPI
cg07719100,grey,CD3EAP
cg07719884,turquoise,CDC20
cg07721276,turquoise,ARRDC2
cg07726474,magenta,KIFC1
cg07727872,grey,C19orf40
cg07729440,blue,
cg07730715,turquoise,ZBTB45
cg07730924,blue,EBF1
cg07733481,grey,SEMA5B
cg07735885,turquoise,ZNRD1
cg07741992,blue,
cg07742374,turquoise,
cg07743799,grey,FAM113A
cg07744547,grey,MYOM2
cg07746943,grey,CHL1
cg07747251,grey,
cg07747299,grey,C21orf56
cg07747661,grey,PKNOX2
cg07749055,grey,
cg07749412,grey,C3P1
cg07752120,grey,
cg07755760,blue,DLG1
cg07760773,grey,LTB4R2
cg07764158,blue,
cg07764511,turquoise,DLGAP4
cg07765659,grey,ZNF784
cg07770526,blue,NSUN2
cg07770857,steelblue,C20orf72
cg07771287,turquoise,DCLRE1C
cg07772309,turquoise,NELF
cg07772537,blue,CSRNP2
cg07774478,turquoise,BIN1
cg07775309,grey,
cg07776130,grey,TDRD1
cg07776626,grey,
cg07776900,turquoise,OTX1
cg07777115,blue,CEP72
cg07777203,turquoise,DCTN4
cg07782112,grey,
cg07782925,turquoise,ZNF343
cg07784872,grey,KIAA0182
cg07786258,blue,
cg07787703,turquoise,DIS3
cg07789359,blue,
cg07793724,grey,SLC1A7
cg07794698,turquoise,BRD2
cg07796016,grey,LCE1C
cg07797030,blue,MIR1306
cg07798892,turquoise,SDCBP
cg07799434,turquoise,C19orf43
cg07803814,blue,VGLL4
cg07804481,turquoise,DDX59
cg07805424,turquoise,USP24
cg07805817,turquoise,NCKAP5L
cg07807347,turquoise,RNPC3
cg07807409,turquoise,LRP11
cg07807575,grey60,AHR
cg07808348,turquoise,GREM2
cg07808590,blue,RPS6KA4
cg07809452,grey,FGFRL1
cg07812059,grey,USP7
cg07812848,blue,
cg07813608,grey,
cg07814359,turquoise,C20orf111
cg07814876,turquoise,GGPS1
cg07814977,blue,NEU1
cg07815177,blue,OSBPL8
cg07815385,turquoise,VPS26A
cg07816392,turquoise,IGDCC4
cg07818646,turquoise,RNASEH2B
cg07821427,turquoise,VAT1L
cg07823496,blue,
cg07823688,blue,GNAO1
cg07826747,blue,SIN3B
cg07827280,turquoise,SEPHS2
cg07829001,blue,NPHP4
cg07830534,grey,KRT28
cg07831432,grey,CANX
cg07833382,turquoise,SCPEP1
cg07834492,blue,ST3GAL5
cg07835094,turquoise,CABC1
cg07835181,turquoise,CLCN7
cg07835254,turquoise,
cg07835668,turquoise,PPOX
cg07835809,turquoise,GHITM
cg07837516,turquoise,DNAL4
cg07839336,turquoise,
cg07839926,grey,
cg07842594,grey,BMS1
cg07843056,turquoise,FKBP5
cg07844021,turquoise,COIL
cg07844931,turquoise,TEPP
cg07846220,grey,LAMA1
cg07850464,turquoise,
cg07850527,grey,
cg07850896,blue,FBXW11
cg07855056,turquoise,MIR423
cg07856295,turquoise,VSNL1
cg07856667,grey,
cg07856699,magenta,INO80D
cg07857119,blue,
cg07862744,blue,MAD1L1
cg07863043,blue,APC
cg07863524,grey,OR3A4
cg07863831,blue,GAP43
cg07866464,grey,UXS1
cg07868599,grey,CCDC64B
cg07868715,turquoise,C4orf32
cg07870486,turquoise,MRPS17
cg07870920,grey,
cg07871324,turquoise,MYC
cg07871384,yellow,C16orf5
cg07871442,grey,
cg07873154,grey,TRIM10
cg07876788,grey,TMEM140
cg07876903,pink,CALR
cg07879540,turquoise,RHBDD2
cg07880045,turquoise,
cg07880061,turquoise,RAB24
cg07882243,blue,ACSF3
cg07883762,turquoise,TBL1XR1
cg07884270,turquoise,TRMT1
cg07889826,green,RBM5
cg07889862,turquoise,
cg07890032,turquoise,E2F6
cg07898899,grey,S100A13
cg07901130,blue,ELOVL2
cg07904983,turquoise,BFSP1
cg07905119,grey,ELFN1
cg07906351,turquoise,DCBLD2
cg07906551,blue,SCHIP1
cg07909292,grey,KIAA1919
cg07910813,grey,DSEL
cg07911905,blue,CHST11
cg07912922,turquoise,PHACTR1
cg07914309,turquoise,RGS2
cg07916022,grey,GPR39
cg07917502,turquoise,PREPL
cg07918170,blue,TBCD
cg07920250,turquoise,
cg07921030,blue,
cg07921092,turquoise,LEPR
cg07923233,turquoise,
cg07924535,turquoise,TBC1D1
cg07925900,turquoise,SNORD1C
cg07926092,grey,RNF219
cg07927426,turquoise,TMEM66
cg07931783,turquoise,CENPQ
cg07934068,blue,ANTXR2
cg07934941,turquoise,MLF1IP
cg07937453,grey,
cg07938869,turquoise,ZNF581
cg07940485,turquoise,SLC16A10
cg07941953,blue,C20orf94
cg07944420,grey,ACSF3
cg07944724,grey60,CASC3
cg07944798,darkgreen,BAHCC1
cg07945013,turquoise,ZNF669
cg07946923,turquoise,RING1
cg07951488,grey,SLC30A9
cg07951978,turquoise,CHFR
cg07953201,grey,KIF26B
cg07954054,blue,LBR
cg07954620,blue,
cg07959070,grey,C22orf34
cg07962051,turquoise,TNKS
cg07962162,blue,
cg07962934,grey,FAM83H
cg07963363,blue,RUNX1T1
cg07966140,turquoise,STARD13
cg07966372,grey,RASA3
cg07967851,grey,NUBP2
cg07969676,grey,
cg07970752,grey,MSLN
cg07973095,grey,DECR2
cg07973140,turquoise,C15orf39
cg07976644,turquoise,TTC22
cg07977202,grey,ZDHHC24
cg07979357,grey,IL27RA
cg07979388,blue,PALLD
cg07983330,blue,SLC9A5
cg07984380,grey,HLA-DRB1
cg07984508,blue,SGK269
cg07987262,grey,NR2C2AP
cg07987587,grey,NDUFA6
cg07988120,turquoise,DOK4
cg07989042,blue,CALU
cg07992052,turquoise,DSN1
cg07993547,turquoise,MAST3
cg07996255,turquoise,ZFHX3
cg07997195,blue,PRPSAP2
cg07997941,turquoise,TAS1R1
cg07998290,turquoise,MSRA
cg08001895,turquoise,EPHA7
cg08002746,blue,
cg08002883,grey,FGF12
cg08003150,turquoise,KCNQ2
cg08005093,blue,AXIN2
cg08008199,turquoise,ZNF460
cg08009458,blue,DENND5B
cg08010094,grey,NXPH2
cg08011645,blue,NRXN2
cg08013331,grey,
cg08015590,turquoise,NUDT1
cg08016310,turquoise,MED25
cg08016802,grey,ZP3
cg08017547,green,CCDC88C
cg08017990,royalblue,ZNF576
cg08021986,turquoise,MORG1
cg08022281,violet,
cg08025464,grey,TPO
cg08025512,turquoise,STK16
cg08026941,turquoise,OCEL1
cg08027110,grey,PTGES3
cg08031982,grey,
cg08033130,grey,CXCR6
cg08034643,skyblue,AKAP1
cg08035234,grey,
cg08035479,grey,
cg08037935,turquoise,NFIA
cg08041448,violet,
cg08044714,blue,EEFSEC
cg08045906,blue,PPT2
cg08047124,grey,TDP1
cg08048268,grey,
cg08048831,blue,IGF1R
cg08049061,grey,LY6G5C
cg08049640,turquoise,SLC13A5
cg08052226,turquoise,NFIX
cg08056755,blue,LOC146336
cg08056863,turquoise,SPC24
cg08058131,blue,MFN1
cg08060195,grey,TRIM10
cg08060515,turquoise,GALK2
cg08063125,turquoise,ZNF667
cg08065408,grey,
cg08066645,blue,
cg08067721,grey,WNT9B
cg08068635,turquoise,NQO2
cg08069147,turquoise,GJB7
cg08070028,turquoise,USP2
cg08074201,red,PRDM8
cg08075024,blue,SSFA2
cg08076462,blue,KLHDC4
cg08080475,turquoise,NPHP1
cg08080916,turquoise,ZNF19
cg08081156,turquoise,SNX31
cg08082879,blue,
cg08082908,turquoise,C7orf50
cg08083251,grey,
cg08083976,turquoise,LOC100134368
cg08083988,blue,
cg08085232,blue,SPRED2
cg08085267,turquoise,C17orf57
cg08089900,blue,B3GALTL
cg08090179,blue,PKIA
cg08094206,grey,TRIM10
cg08095852,grey,WDR17
cg08096291,turquoise,TTC23
cg08097281,turquoise,
cg08098619,grey,PGAP2
cg08099141,turquoise,C12orf57
cg08100159,blue,ITGB1BP1
cg08103988,grey,
cg08105174,darkorange,
cg08106148,turquoise,L3MBTL3
cg08107945,turquoise,ATPBD4
cg08109516,darkturquoise,ZNF280D
cg08109624,grey,
cg08110718,darkolivegreen,TCEB2
cg08111682,green,LOC100130581
cg08111737,blue,
cg08112448,turquoise,FDXR
cg08115387,grey,
cg08118646,grey,EIF4E
cg08121961,blue,CD244
cg08122179,turquoise,COMMD9
cg08122386,grey,
cg08122789,turquoise,H3F3B
cg08124030,grey,TM4SF1
cg08124399,grey,DDX43
cg08124910,turquoise,LOC100133991
cg08126158,blue,DUSP19
cg08128133,blue,FRAS1
cg08128577,green,IL21R
cg08128680,turquoise,KIAA0101
cg08128826,turquoise,LHX9
cg08130668,turquoise,C2orf73
cg08131204,turquoise,MIR1281
cg08131845,turquoise,HIST1H2BD
cg08133631,grey,CATSPER4
cg08133912,grey,
cg08134286,blue,PER3
cg08134829,turquoise,TMEM52
cg08138586,blue,PARD3B
cg08140548,blue,SFRS11
cg08141395,turquoise,MAML2
cg08142058,blue,
cg08143011,turquoise,MRPS35
cg08143636,red,OTUD6B
cg08143701,blue,CSNK1G2
cg08144278,grey,SHC2
cg08144586,green,TNFSF10
cg08144675,turquoise,
cg08148618,blue,NOV
cg08149581,blue,NCOR2
cg08152058,turquoise,UQCC
cg08155109,turquoise,GALNTL6
cg08157638,blue,VANGL1
cg08158324,grey,LPP
cg08159406,blue,
cg08159989,blue,KLHDC8A
cg08160706,blue,ZC3H7A
cg08161158,turquoise,C1orf86
cg08161617,grey,HSPA2
cg08164151,grey,
cg08166971,blue,
cg08169659,turquoise,TMEM52
cg08169875,blue,LRRTM4
cg08170745,black,CDK12
cg08170757,turquoise,TMEM143
cg08171876,turquoise,RPGRIP1L
cg08172445,pink,SGCE
cg08172536,turquoise,COG7
cg08172999,turquoise,C2orf69
cg08173520,turquoise,ZBTB12
cg08173834,blue,WWOX
cg08174355,blue,
cg08177264,brown,ZNF440
cg08179530,turquoise,CDKN1A
cg08180285,turquoise,FANCF
cg08180459,turquoise,LOC256880
cg08183066,turquoise,DDX19B
cg08183077,blue,DIP2B
cg08183114,turquoise,PBX2
cg08185438,turquoise,ZNF140
cg08186362,grey,HRH3
cg08186584,blue,CCDC101
cg08188419,turquoise,DOC2A
cg08189659,turquoise,PGLS
cg08190400,grey,NTN1
cg08190942,turquoise,CINP
cg08191490,lightgreen,LAMA4
cg08192683,greenyellow,PTPRN2
cg08193365,turquoise,
cg08193650,turquoise,ZFP36L2
cg08196628,turquoise,SDCCAG1
cg08198132,turquoise,HDAC2
cg08201700,turquoise,WDR60
cg08204280,yellowgreen,IRX2
cg08205843,turquoise,ASNA1
cg08206881,grey,
cg08206898,turquoise,FAM160B1
cg08207377,grey,LOC729991-MEF2B
cg08208480,grey,BRSK2
cg08208505,turquoise,NFATC3
cg08209365,blue,
cg08209724,grey,MIR632
cg08210228,grey,PCBD2
cg08211722,turquoise,MAPK11
cg08212230,turquoise,CDC20B
cg08215925,grey,FOXP1
cg08217124,turquoise,NKX2-5
cg08217660,turquoise,ANAPC11
cg08218486,blue,ZC3H14
cg08219218,blue,LRBA
cg08219589,blue,
cg08219700,grey,
cg08220598,turquoise,LOC148189
cg08222662,turquoise,ZC3HAV1
cg08224763,turquoise,C17orf49
cg08228724,turquoise,FUBP1
cg08231348,turquoise,HOOK1
cg08231603,turquoise,AHI1
cg08234689,grey,
cg08234897,cyan,RHEB
cg08235183,grey,COLEC11
cg08235864,grey,IRX2
cg08239177,sienna3,HEY1
cg08240335,turquoise,GNAI2
cg08240917,grey,STK39
cg08241307,grey,
cg08241630,turquoise,ADAMTSL5
cg08242217,turquoise,WRB
cg08243963,saddlebrown,SC5DL
cg08247527,blue,PGCP
cg08250364,darkorange,FIZ1
cg08251499,turquoise,ZFAND1
cg08251901,turquoise,ARHGDIB
cg08252887,turquoise,CWF19L1
cg08255958,blue,
cg08258066,grey,C20orf160
cg08260052,grey,MEFV
cg08260406,grey,OR2L13
cg08262598,blue,
cg08263099,turquoise,PRKCG
cg08264605,purple,STARD13
cg08264699,green,CAMK4
cg08265265,turquoise,SLC39A3
cg08265274,grey,HLA-DRB5
cg08265288,blue,PUS7L
cg08266106,blue,BCL2L15
cg08267591,blue,COBLL1
cg08268266,turquoise,LITAF
cg08269402,grey,HLA-DRB1
cg08269986,green,ZMYM4
cg08270206,turquoise,MT3
cg08270491,grey,KIAA0196
cg08270964,turquoise,PPFIA3
cg08274544,grey,PTPN21
cg08274821,blue,PTPN14
cg08275306,turquoise,RET
cg08277100,grey,
cg08277382,turquoise,TMCO7
cg08279316,white,MERTK
cg08282428,grey,RBM46
cg08283932,turquoise,ADA
cg08285630,grey,CCDC49
cg08285768,blue,AKAP13
cg08287334,grey,KLF16
cg08287471,turquoise,NEK6
cg08287994,turquoise,PHIP
cg08288226,turquoise,MIER3
cg08290072,turquoise,ABCB6
cg08290993,turquoise,KIAA1949
cg08291886,turquoise,ARMC1
cg08291996,grey,ZNF8
cg08292286,turquoise,TDP1
cg08293242,grey,
cg08294721,turquoise,UBL7
cg08294750,turquoise,DAPK3
cg08298587,grey,E2F3
cg08299859,grey,
cg08300343,turquoise,NUP62
cg08302650,grey,LRRC24
cg08304478,turquoise,ASGR1
cg08305263,blue,FAM98B
cg08305552,blue,LOC390595
cg08306353,darkorange,
cg08307850,turquoise,TNIP1
cg08309069,grey,HLA-C
cg08311803,blue,
cg08313638,turquoise,DHTKD1
cg08315050,turquoise,DPP3
cg08315825,white,IGF1R
cg08316073,turquoise,POLR3D
cg08316083,grey,ATP8B3
cg08316775,grey,TPRKB
cg08317284,darkmagenta,NFIX
cg08317738,grey,CBFA2T3
cg08319422,grey,
cg08320059,turquoise,ZNF764
cg08320413,blue,MMP21
cg08320524,grey,KCNJ15
cg08321815,blue,
cg08322244,grey,VAMP2
cg08322580,grey,
cg08323199,turquoise,DDB1
cg08325191,grey,C10orf93
cg08325383,black,NEAT1
cg08327690,turquoise,EPS8L2
cg08329684,blue,PPL
cg08330435,grey,
cg08330690,grey,SLFN12
cg08330972,grey,ZFYVE28
cg08331219,blue,COPS2
cg08337959,grey,TNNT3
cg08339189,green,GGTA1
cg08340572,green,FBXO22
cg08343347,blue,ARAP2
cg08346273,blue,CEP120
cg08348496,darkgreen,HAPLN3
cg08353308,darkturquoise,ANKRD6
cg08355045,grey,
cg08355238,blue,
cg08355456,grey,
cg08356509,blue,FAR1
cg08357436,grey,HSF5
cg08358803,grey,RANBP17
cg08363415,blue,ACYP2
cg08364137,grey,
cg08366060,blue,UVRAG
cg08366446,yellow,OPRD1
cg08366952,turquoise,PCNP
cg08367326,grey,AMIGO1
cg08369870,yellow,AARS
cg08369872,turquoise,DERL3
cg08371160,turquoise,UNC84B
cg08374687,grey,ADAD1
cg08374732,blue,ZNF518A
cg08374859,turquoise,
cg08377800,turquoise,ZNF267
cg08378782,turquoise,RASGRP2
cg08379987,grey,C13orf26
cg08382774,grey,NKX6-2
cg08385486,darkorange,C2orf65
cg08385995,blue,RAB11FIP3
cg08386137,blue,
cg08387538,blue,DLGAP2
cg08390760,turquoise,ZNF311
cg08391415,grey,PAX6
cg08397205,blue,
cg08398855,turquoise,ZNF778
cg08401990,turquoise,TIA1
cg08402652,turquoise,AMOTL1
cg08407486,grey,ODC1
cg08412188,turquoise,GTF2I
cg08414021,blue,VPS8
cg08414068,blue,PDZD2
cg08414635,turquoise,TGFBR1
cg08415417,grey,TCP1
cg08416764,blue,SOSTDC1
cg08419873,grey,
cg08421685,grey,CHL1
cg08422420,grey,SDHAP3
cg08422497,blue,JAKMIP3
cg08422863,turquoise,HERC6
cg08423350,brown,AASDH
cg08425745,turquoise,CFL1
cg08425810,grey,AGAP2
cg08430355,turquoise,C20orf199
cg08431089,turquoise,SKP1
cg08433051,blue,
cg08433504,grey,THBS1
cg08435079,turquoise,TRAPPC3
cg08439880,grey,
cg08439970,grey,EEF1A1
cg08440920,turquoise,
cg08445782,turquoise,ZNF217
cg08447479,grey,TMEM231
cg08447658,turquoise,KIAA1530
cg08448341,blue,SLC2A12
cg08449049,grey,CDH15
cg08450636,turquoise,
cg08452062,turquoise,C19orf47
cg08460226,grey,SNORD2
cg08460801,turquoise,RPS24
cg08467261,turquoise,RPGRIP1L
cg08469540,turquoise,ISG15
cg08470875,turquoise,FAM59B
cg08472247,turquoise,DDX19B
cg08474164,turquoise,
cg08474478,grey,
cg08476511,grey,KIF25
cg08477332,grey,S100A14
cg08477740,turquoise,PLEKHG5
cg08478177,turquoise,SNHG9
cg08479688,turquoise,TARBP1
cg08479752,grey,VSTM1
cg08479976,turquoise,LRRC8D
cg08480307,blue,HIAT1
cg08485527,blue,
cg08485649,grey,STK32C
cg08487579,turquoise,PHC3
cg08489512,blue,FOXP1
cg08491487,grey,RNF39
cg08492202,grey,FNTA
cg08492615,turquoise,SACM1L
cg08492886,turquoise,GFOD1
cg08497894,blue,C10orf118
cg08499519,blue,
cg08500017,turquoise,GDAP1
cg08500740,turquoise,ZNF707
cg08501815,turquoise,FKBP4
cg08506026,blue,
cg08506260,yellow,MIAT
cg08506353,grey,HLA-DPB2
cg08506606,grey,
cg08507009,turquoise,RNF170
cg08508337,grey,NAPRT1
cg08509907,grey,ARMC5
cg08510264,grey,IRS2
cg08511716,turquoise,MCTP1
cg08515845,brown,CDK5
cg08515989,grey,ASPHD1
cg08516262,turquoise,PCNP
cg08516507,grey,TNXB
cg08517826,turquoise,CLASP2
cg08520191,blue,EP400NL
cg08520423,grey,DPEP3
cg08522087,grey,ANKH
cg08522428,turquoise,DDX17
cg08524109,grey,
cg08524197,turquoise,C16orf35
cg08524389,blue,
cg08525147,blue,C3orf48
cg08526074,turquoise,SALL1
cg08526162,turquoise,LRCH3
cg08527124,turquoise,ANKRD11
cg08527179,turquoise,TMSB10
cg08531025,blue,APAF1
cg08532220,blue,PRKCI
cg08535260,turquoise,
cg08537890,grey,
cg08539350,turquoise,MIR548G
cg08539872,turquoise,UNC5B
cg08543244,blue,C7orf31
cg08544209,blue,SFTA1P
cg08545398,yellowgreen,C1orf83
cg08546335,turquoise,HAGH
cg08547343,turquoise,CENPBD1
cg08550615,darkgrey,CDK13
cg08550724,blue,C6orf182
cg08551532,grey,DLL3
cg08552167,blue,INPP5A
cg08557188,blue,ATP11A
cg08557928,turquoise,C15orf27
cg08558996,blue,CNOT10
cg08560947,blue,UBE3A
cg08561530,blue,
cg08562672,grey,
cg08564027,grey,
cg08564657,blue,CCDC40
cg08569242,turquoise,PRKAR1A
cg08569253,blue,
cg08570243,grey,NCRNA00116
cg08572016,turquoise,
cg08572336,grey,SHANK1
cg08572679,turquoise,JMJD5
cg08573648,grey,MTSS1L
cg08573893,turquoise,WDYHV1
cg08573926,grey,
cg08576658,grey,
cg08577441,blue,
cg08578023,turquoise,CTSS
cg08578305,salmon,KRAS
cg08578320,grey,HLA-DRB1
cg08581076,turquoise,C19orf61
cg08582634,turquoise,TAF1C
cg08583611,turquoise,CRIM1
cg08583625,blue,OXR1
cg08584628,turquoise,ZNF354B
cg08584759,grey,C10orf47
cg08587415,black,PHIP
cg08589776,turquoise,
cg08589981,blue,PIP4K2A
cg08592423,turquoise,FAM60A
cg08592530,turquoise,
cg08593051,turquoise,DKKL1
cg08593668,grey,NCRNA00095
cg08593949,greenyellow,BASP1
cg08595182,turquoise,MRPS11
cg08599792,grey,
cg08600101,blue,
cg08603911,turquoise,PDP2
cg08605855,blue,C7orf23
cg08607907,turquoise,SGCE
cg08610741,turquoise,LEPR
cg08611411,grey,LOR
cg08611677,turquoise,MITD1
cg08612137,grey,
cg08612570,blue,TAX1BP1
cg08616654,turquoise,
cg08617982,turquoise,RASA3
cg08619561,turquoise,BCL2L1
cg08622675,blue,KDELR2
cg08624648,paleturquoise,
cg08626382,blue,ASRGL1
cg08626560,orange,ELP4
cg08626670,turquoise,NUMBL
cg08629417,turquoise,KIDINS220
cg08632659,turquoise,
cg08634079,grey,CLPX
cg08634464,grey,ZNF57
cg08634762,turquoise,CAMLG
cg08635118,turquoise,USP42
cg08637514,turquoise,GIMAP7
cg08638876,royalblue,APH1B
cg08640252,grey,NME3
cg08640475,grey,
cg08641024,blue,
cg08642068,grey,SPAG4L
cg08642731,blue,C10orf71
cg08643928,turquoise,RALGPS2
cg08649440,blue,CRTAC1
cg08650016,turquoise,TUT1
cg08650402,blue,SSH2
cg08653337,blue,USP24
cg08653874,turquoise,SFRS5
cg08654443,grey,MATN4
cg08656222,turquoise,TRIM52
cg08668359,blue,ADARB2
cg08668510,turquoise,IDI1
cg08668878,blue,SUV420H1
cg08669259,turquoise,STT3B
cg08669361,turquoise,SFRS18
cg08672203,blue,PPAP2A
cg08675092,turquoise,PSMB8
cg08676534,turquoise,ZNF561
cg08680689,turquoise,ELOF1
cg08681904,grey,
cg08682341,turquoise,INPP5A
cg08684580,grey,BAIAP2L1
cg08684761,grey,ANAPC4
cg08687718,turquoise,HNRNPA0
cg08688551,turquoise,KCNJ8
cg08690812,turquoise,GTF2H1
cg08694723,blue,RPS6KA2
cg08699341,blue,TMCO3
cg08700690,grey,RORA
cg08702413,grey,ALDH7A1
cg08703595,turquoise,HERPUD2
cg08707963,blue,RASA3
cg08709360,grey,
cg08712866,turquoise,GLRB
cg08713212,turquoise,
cg08714586,magenta,RDX
cg08714590,grey,FZD1
cg08717980,turquoise,
cg08719296,blue,FAM19A5
cg08720517,grey,LOC389333
cg08721831,grey,RSRC2
cg08722104,brown,PSMC3
cg08722395,blue,
cg08724636,turquoise,RALA
cg08725366,turquoise,
cg08725962,turquoise,ARL10
cg08728129,turquoise,TTLL6
cg08729407,turquoise,EFCAB5
cg08729719,turquoise,COX4NB
cg08732611,grey,ZMPSTE24
cg08737755,turquoise,HOXC10
cg08738040,lightyellow,CNPY3
cg08738300,turquoise,
cg08739841,turquoise,C16orf67
cg08740026,blue,CYYR1
cg08742194,blue,
cg08742575,grey,C21orf56
cg08742780,turquoise,RMND5B
cg08746986,blue,RELN
cg08747277,blue,MANEA
cg08750053,blue,DMC1
cg08750459,grey,
cg08752459,turquoise,CLEC2B
cg08756266,blue,C6orf164
cg08757742,turquoise,RASGRF2
cg08761055,blue,
cg08762424,grey,
cg08762449,turquoise,IGF1R
cg08762603,grey,
cg08767686,grey,
cg08768920,grey,HSD17B13
cg08770870,grey,RPH3AL
cg08773462,turquoise,
cg08776820,blue,PPAP2A
cg08779649,grey,
cg08779777,turquoise,PIK3CG
cg08781755,grey,LRPPRC
cg08782897,turquoise,NUSAP1
cg08788712,blue,MSI2
cg08788717,turquoise,STK33
cg08790301,blue,RBPMS
cg08791131,turquoise,NDRG4
cg08792797,turquoise,TMEM138
cg08795861,blue,MED24
cg08795962,grey,PANX1
cg08804111,grey,
cg08807892,grey,
cg08808148,blue,
cg08809223,grey,POU5F1
cg08810419,blue,
cg08811349,turquoise,ZHX1
cg08811588,grey,SRRT
cg08815785,blue,KCNMB3
cg08816590,saddlebrown,PDE1B
cg08818610,grey,FAM65B
cg08818829,grey,DNAH5
cg08822897,grey,
cg08823027,grey,KCNE1
cg08823068,blue,GREM1
cg08825699,grey,HDAC4
cg08826863,turquoise,VEGFA
cg08829281,turquoise,PXMP2
cg08829299,grey,ATHL1
cg08831324,turquoise,TCF25
cg08832195,blue,CDK13
cg08832723,blue,POLS
cg08835099,blue,PCDHA2
cg08835956,grey,POU6F2
cg08838602,blue,
cg08839081,turquoise,PRKG1
cg08839312,turquoise,CDH15
cg08841889,turquoise,SSR3
cg08844137,turquoise,ACBD6
cg08844894,turquoise,TNFRSF1B
cg08846011,grey,
cg08847132,turquoise,CPEB4
cg08847173,grey,NKAIN1
cg08847335,blue,LARP4B
cg08847533,turquoise,NEK9
cg08847885,turquoise,APLP2
cg08848774,midnightblue,
cg08849049,turquoise,GMNN
cg08850388,blue,BBS9
cg08851530,turquoise,
cg08851591,grey,C19orf61
cg08851727,grey,ICMT
cg08854313,turquoise,MTOR
cg08857108,blue,BEND7
cg08857159,turquoise,
cg08857324,turquoise,TRADD
cg08860070,yellow,
cg08860607,turquoise,
cg08861456,grey,OR2L13
cg08862778,brown,MTOR
cg08863539,grey,ZNF555
cg08864381,turquoise,CDK11B
cg08866608,turquoise,
cg08867150,turquoise,
cg08867452,turquoise,C12orf75
cg08867893,turquoise,ZNF365
cg08868202,blue,ZNF362
cg08871608,grey,CNTD2
cg08872494,pink,DCLRE1B
cg08872590,grey,LRRC24
cg08872937,turquoise,NKIRAS1
cg08873424,grey,
cg08873628,grey,KIAA0040
cg08875078,turquoise,SELO
cg08876899,turquoise,ZMYM1
cg08877521,grey,
cg08879086,blue,
cg08879403,turquoise,LOC400752
cg08879470,grey,MYO7A
cg08880849,grey,HSPB9
cg08881995,turquoise,C1orf159
cg08882774,turquoise,SH2B1
cg08883134,turquoise,RPS18
cg08884029,blue,MVK
cg08885381,blue,TNPO1
cg08885659,turquoise,BAT3
cg08886020,grey,
cg08886301,grey,KIF26B
cg08886482,grey,TMEM201
cg08887425,turquoise,FDX1
cg08888203,grey,C3orf24
cg08888249,turquoise,LIN7B
cg08888278,turquoise,
cg08888968,blue,ABCB5
cg08893117,blue,NBR1
cg08893875,turquoise,CTNNBIP1
cg08894381,blue,
cg08895590,grey,
cg08899199,turquoise,ST7
cg08899523,grey,FGFR2
cg08899937,blue,MAEA
cg08901520,grey,
cg08903631,turquoise,CD300LG
cg08904082,turquoise,C5orf43
cg08905325,turquoise,HIST1H2AB
cg08905999,blue,ATE1
cg08908331,turquoise,HIGD2B
cg08911368,grey,
cg08911536,blue,DONSON
cg08912666,blue,
cg08913769,turquoise,KIFAP3
cg08915603,grey,MTNR1A
cg08917208,turquoise,ATAD2B
cg08918224,turquoise,CHID1
cg08920121,turquoise,C1orf204
cg08920807,turquoise,KIAA1949
cg08922308,grey,MIR492
cg08922584,blue,TMTC4
cg08923669,grey,MRPL28
cg08926642,grey,PER3
cg08926713,blue,
cg08928753,grey,TIE1
cg08929467,blue,
cg08931023,blue,PUM1
cg08931102,turquoise,TMEM208
cg08933467,grey,FCRL1
cg08937562,grey,STX5
cg08940343,blue,
cg08940853,turquoise,
cg08941714,purple,TUBA1A
cg08941759,turquoise,CHCHD6
cg08942080,blue,NCOR2
cg08942338,turquoise,ARHGAP17
cg08944170,grey,OR2L13
cg08944430,darkturquoise,PRKCB
cg08945711,blue,
cg08945988,grey,TMEM167B
cg08946801,turquoise,ACTR6
cg08947187,blue,LOC100286844
cg08950375,blue,COL6A3
cg08956510,turquoise,NME1
cg08957039,turquoise,COL4A3BP
cg08962243,turquoise,PRICKLE1
cg08962682,turquoise,RIMKLB
cg08965527,grey,HSDL1
cg08966155,turquoise,RPL35A
cg08967802,turquoise,C17orf102
cg08969297,blue,MIR1278
cg08969549,grey,PTPRO
cg08969593,turquoise,C16orf35
cg08970457,turquoise,BIN3
cg08970795,turquoise,MED17
cg08974450,grey,ATP2C2
cg08976749,turquoise,TROAP
cg08977639,brown,
cg08980987,grey,BCAT1
cg08984686,grey,RGL2
cg08986516,blue,RNF146
cg08986767,turquoise,SAMD9
cg08988364,turquoise,SLC9A9
cg08991232,turquoise,SLCO5A1
cg08992305,grey,TRIM61
cg08992324,grey,
cg08993878,grey,
cg08996334,blue,ZBTB20
cg08996726,blue,MAML3
cg08998414,blue,UBE2H
cg09000178,grey,CBFB
cg09000385,turquoise,FOXO1
cg09007161,turquoise,FANCF
cg09007434,blue,
cg09010017,grey,
cg09015682,blue,
cg09021012,turquoise,GAN
cg09021898,turquoise,ZAK
cg09022163,turquoise,NFYC
cg09023820,grey,MATN2
cg09024126,brown,PROM1
cg09026481,grey,HMGCR
cg09032791,blue,CAMSAP1L1
cg09033006,grey,C1orf100
cg09033857,turquoise,SUPT4H1
cg09035930,grey,SLC15A4
cg09036127,turquoise,BOLA3
cg09038926,blue,
cg09039647,turquoise,C5orf15
cg09039782,grey,
cg09041389,blue,
cg09043750,turquoise,ALG5
cg09043941,blue,
cg09044981,grey,CDH13
cg09048128,blue,SCAMP1
cg09049417,blue,FZD3
cg09050779,turquoise,GAN
cg09050832,grey,
cg09053680,grey,UTF1
cg09053902,blue,ADCY9
cg09056309,turquoise,ERLIN2
cg09059250,blue,
cg09060608,grey,RUFY1
cg09063434,blue,DIP2C
cg09064314,blue,EBF3
cg09065776,turquoise,CENPF
cg09068086,grey,NCRNA00116
cg09068169,blue,ABR
cg09072859,grey,OPCML
cg09073052,turquoise,PLEKHM2
cg09073106,greenyellow,LRTOMT
cg09074113,grey,GDF7
cg09077340,turquoise,MFAP3
cg09077675,turquoise,INTS7
cg09078754,blue,
cg09081385,turquoise,RNF10
cg09081997,grey,
cg09083178,blue,LMF1
cg09084462,turquoise,NCRNA00202
cg09084936,turquoise,LOC651250
cg09085653,blue,GTPBP4
cg09087937,blue,CCDC117
cg09088988,grey,STK32A
cg09091443,turquoise,C5orf24
cg09092161,grey,AK1
cg09094964,blue,
cg09096528,brown,CDK4
cg09097345,grey,SGSM1
cg09097839,blue,
cg09097845,blue,OPTN
cg09098144,blue,SNX25
cg09102409,turquoise,NDRG1
cg09102835,turquoise,CDK12
cg09103184,turquoise,LMBRD1
cg09107594,blue,OR6F1
cg09113850,turquoise,ORAI3
cg09115646,grey,
cg09120722,grey,SORBS2
cg09122588,grey,HS6ST3
cg09124081,turquoise,DEGS1
cg09124213,turquoise,SNORA57
cg09124703,turquoise,SH3RF2
cg09126794,blue,ARHGEF10
cg09127314,grey,
cg09127400,grey,IER3
cg09133363,grey,
cg09134682,turquoise,FLCN
cg09135584,turquoise,
cg09136695,blue,CEPT1
cg09137125,grey,
cg09139047,grey,HLA-DRB1
cg09140422,turquoise,
cg09140693,blue,
cg09141300,grey,
cg09143801,grey,SEMA6C
cg09148924,turquoise,C11orf91
cg09149246,blue,C21orf70
cg09149974,grey,EXOC6
cg09150117,tan,DLX5
cg09152813,grey,NCK2
cg09152955,turquoise,NPM3
cg09154334,blue,MGMT
cg09154978,lightyellow,MFSD2B
cg09155575,grey,ORMDL3
cg09155701,turquoise,ARL10
cg09156097,grey,LOC389333
cg09156207,grey,ZSCAN12L1
cg09156233,grey,BMPR1B
cg09158487,turquoise,HNRNPA1
cg09161592,turquoise,PANK1
cg09163117,turquoise,HES6
cg09163686,turquoise,
cg09164108,grey,
cg09164920,turquoise,HMOX2
cg09165964,turquoise,SCAMP5
cg09167119,turquoise,TGFB2
cg09167825,blue,
cg09167931,blue,
cg09168036,turquoise,MTBP
cg09169455,grey,MYO10
cg09170127,turquoise,ZMAT2
cg09171882,turquoise,GLIPR1
cg09173587,turquoise,PRNP
cg09177349,turquoise,USPL1
cg09177949,grey,TTLL12
cg09178529,yellow,SPEN
cg09178844,turquoise,BTF3L4
cg09179987,blue,CD247
cg09180070,blue,
cg09180702,grey,PIGQ
cg09184899,blue,DKK4
cg09184981,grey,RAP1A
cg09189258,turquoise,RPL13AP5
cg09189752,turquoise,DCP1B
cg09191810,turquoise,
cg09192760,turquoise,NDUFA3
cg09193193,blue,
cg09196068,turquoise,FLJ16779
cg09197799,darkorange,ERN1
cg09197895,turquoise,
cg09199014,blue,JAKMIP1
cg09201001,turquoise,SPTY2D1
cg09202269,turquoise,RBX1
cg09202319,turquoise,PFDN6
cg09210336,blue,TRAPPC9
cg09210956,blue,SNTG2
cg09213106,turquoise,DHX35
cg09214240,blue,
cg09214412,grey,RGMA
cg09214955,turquoise,C7orf55
cg09215152,turquoise,PPP2R1B
cg09218327,turquoise,BAZ1B
cg09220393,blue,CRAMP1L
cg09222379,turquoise,
cg09222505,blue,MYT1L
cg09224134,purple,CYP4V2
cg09226044,turquoise,MRPL28
cg09227138,grey,SNAP91
cg09227934,grey,CD47
cg09229797,turquoise,C14orf21
cg09230774,turquoise,PPP1CA
cg09232555,grey,
cg09233429,grey,PLCB2
cg09234415,blue,LOC729799
cg09234454,blue,ABCA4
cg09235689,turquoise,SERTAD3
cg09236780,blue,MYO16
cg09238199,turquoise,COL4A2
cg09238677,turquoise,C3AR1
cg09238957,grey,ORC6L
cg09240436,grey,USP29
cg09244489,grey,FAM13A
cg09246302,blue,C7orf53
cg09246754,turquoise,P4HA1
cg09247657,blue,EML1
cg09250423,blue,MGRN1
cg09250473,turquoise,IRF3
cg09251771,yellow,C6orf52
cg09252677,grey,ZBED5
cg09252806,grey,EBF3
cg09255124,turquoise,TTC17
cg09255666,turquoise,ZNF281
cg09256131,sienna3,BCL11B
cg09257975,turquoise,HSPA1B
cg09258022,blue,AIMP2
cg09259332,turquoise,EEA1
cg09259694,turquoise,SPRED2
cg09260627,turquoise,
cg09260640,turquoise,ZNF419
cg09265586,blue,ADARB2
cg09266093,blue,
cg09269103,turquoise,NFKB2
cg09273054,green,MAL2
cg09274402,turquoise,PTPN12
cg09276368,turquoise,SLIT1
cg09284655,grey,
cg09285851,grey,
cg09286061,turquoise,C1D
cg09287864,turquoise,
cg09288989,blue,SETD1B
cg09293387,grey,AGPAT5
cg09297514,turquoise,CAMKK2
cg09300796,turquoise,TMEM161A
cg09301222,grey,MBD5
cg09303136,turquoise,MCM4
cg09307727,turquoise,TAPBPL
cg09314196,grey,ZNF492
cg09315329,turquoise,IFT88
cg09315468,brown,DDHD2
cg09315469,blue,ANGPTL5
cg09315921,turquoise,SIVA1
cg09316894,turquoise,ZNF274
cg09317102,turquoise,UHRF1
cg09320190,grey,WNT3
cg09320337,blue,ZNF517
cg09320595,blue,MICB
cg09322114,turquoise,C22orf30
cg09326529,blue,ABCA4
cg09328349,turquoise,HOXB2
cg09330885,grey,MUC4
cg09333532,turquoise,XPO1
cg09334331,turquoise,GATAD2A
cg09336323,grey,
cg09336947,red,KCNQ1
cg09337563,blue,DCPS
cg09338809,turquoise,ZBED5
cg09341015,blue,CFTR
cg09342320,midnightblue,UCHL3
cg09352202,turquoise,MAP4K4
cg09352518,grey,ZNF714
cg09353758,blue,SMARCC1
cg09354341,turquoise,
cg09354380,turquoise,
cg09354439,turquoise,C1orf89
cg09359103,grey,KCNN3
cg09359820,turquoise,AMDHD2
cg09360571,turquoise,ID4
cg09361966,grey,
cg09362956,darkolivegreen,RFPL3
cg09363841,blue,
cg09365677,turquoise,CHRM3
cg09366641,turquoise,ILF2
cg09367891,turquoise,PRMT6
cg09368670,turquoise,PRPF38B
cg09370462,lightyellow,MLL5
cg09370599,turquoise,RAB3IL1
cg09374648,turquoise,PNRC1
cg09377823,blue,
cg09377882,turquoise,NMT1
cg09381635,turquoise,SSRP1
cg09381666,grey,
cg09384159,lightyellow,TUBE1
cg09386954,turquoise,FXYD5
cg09390371,saddlebrown,LIAS
cg09391128,turquoise,USP39
cg09391488,turquoise,
cg09395805,grey,
cg09397319,blue,
cg09398845,turquoise,LOC729338
cg09398966,brown,CLPX
cg09399716,grey,
cg09400081,turquoise,SMAD1
cg09403480,blue,
cg09406584,blue,PDE6D
cg09408571,grey,GPR88
cg09410317,blue,PFKP
cg09410841,turquoise,CLN8
cg09414156,turquoise,AGFG1
cg09414673,grey,CYP2W1
cg09415814,grey,RPRD2
cg09416928,grey,ZNF687
cg09417038,grey,C21orf57
cg09417503,blue,C1orf216
cg09418493,turquoise,
cg09419176,grey,PTPRN2
cg09419670,grey,PSMD5
cg09420691,blue,PRDM15
cg09423703,grey,
cg09428340,grey,PACRG
cg09431182,turquoise,GINS3
cg09431913,turquoise,EGR3
cg09435617,turquoise,ZNF311
cg09436190,blue,MORC1
cg09437885,turquoise,GMIP
cg09437909,grey,
cg09438612,yellow,RDH10
cg09446995,turquoise,FKBP4
cg09448654,turquoise,ANO7
cg09449012,blue,
cg09449853,blue,ATP13A5
cg09450022,blue,
cg09450197,turquoise,
cg09451960,midnightblue,
cg09452922,blue,DLG2
cg09453752,turquoise,MARCH3
cg09455182,turquoise,NT5DC2
cg09455823,grey,
cg09456297,turquoise,CYP1B1
cg09457490,blue,MYH11
cg09461494,blue,VPS13B
cg09463047,brown,HNF1B
cg09463522,blue,PIBF1
cg09463917,grey,SCARF2
cg09464509,turquoise,N4BP2L2
cg09467078,blue,BANP
cg09468767,turquoise,PTTG1
cg09471658,turquoise,TNFRSF8
cg09474156,turquoise,
cg09476149,turquoise,TRAP1
cg09479134,grey,NANP
cg09480307,turquoise,NUDT7
cg09481857,turquoise,P2RX6
cg09482050,grey,RLTPR
cg09482748,turquoise,
cg09484009,turquoise,MTERFD1
cg09484638,turquoise,DNASE2
cg09489281,turquoise,NNT
cg09491944,blue,
cg09491991,grey,ISM1
cg09493652,turquoise,MGC72080
cg09495303,grey,CHRNE
cg09496634,grey,JPH3
cg09496973,blue,ZDHHC6
cg09497391,grey,TPST1
cg09498106,turquoise,UPF1
cg09498379,turquoise,NEDD4
cg09499095,grey,
cg09499248,paleturquoise,POLR3K
cg09501821,grey,
cg09501917,blue,TERF2
cg09502221,grey,TYW3
cg09504571,turquoise,MRPL28
cg09506302,turquoise,
cg09506600,grey,OR2L13
cg09506963,blue,
cg09507771,turquoise,NBPF1
cg09508496,grey,RYR1
cg09508938,grey,
cg09509035,turquoise,GGPS1
cg09509528,turquoise,
cg09509909,turquoise,
cg09509950,turquoise,ELFN2
cg09511724,blue,CASZ1
cg09511741,blue,TRPM4
cg09512891,grey,
cg09513133,turquoise,ZFP36
cg09514055,grey,HYI
cg09517106,turquoise,
cg09517251,turquoise,FRRS1
cg09518351,turquoise,C2orf28
cg09523171,magenta,DHDH
cg09523472,turquoise,RAD21
cg09524080,turquoise,UBE2O
cg09526685,grey,CYP4V2
cg09528660,blue,HERC3
cg09529150,blue,BMI1
cg09530755,turquoise,NUDCD3
cg09531436,turquoise,MICA
cg09532261,turquoise,AP2B1
cg09537434,turquoise,ATP5SL
cg09538825,blue,RHAG
cg09543727,turquoise,PDE5A
cg09547081,turquoise,BRD2
cg09547625,turquoise,
cg09548292,blue,SLC7A13
cg09549073,grey,HOXA5
cg09549848,turquoise,LPAR1
cg09550909,turquoise,TRANK1
cg09551116,blue,SEMA4B
cg09551864,turquoise,
cg09555217,turquoise,C11orf58
cg09559196,blue,TIGD6
cg09559545,turquoise,KIAA1407
cg09559971,turquoise,TRAF7
cg09562655,grey,
cg09567311,turquoise,
cg09567642,turquoise,BDP1
cg09568464,grey,ZNF582
cg09571097,turquoise,TIMM22
cg09572053,grey,NUDT3
cg09573389,grey,C10orf58
cg09574807,pink,MED7
cg09577417,blue,SNORD89
cg09577425,blue,PACRG
cg09579722,blue,GLB1L3
cg09580153,grey,NFYA
cg09580214,grey,PSMC3
cg09580822,turquoise,
cg09583839,turquoise,MRPL55
cg09584112,turquoise,NAGPA
cg09584650,grey,MYOM2
cg09586646,grey,PSMD5
cg09587640,turquoise,KAZALD1
cg09588474,turquoise,RIOK2
cg09588770,cyan,HLA-B
cg09588792,skyblue,SEPT10
cg09590377,grey,
cg09591072,turquoise,
cg09592155,grey,
cg09592244,grey,
cg09592603,darkturquoise,CDC25B
cg09593860,grey,ZBTB16
cg09595149,blue,DIS3L2
cg09595163,grey,WNT5A
cg09596239,magenta,SMPD4
cg09596707,blue,GRIP1
cg09597516,blue,HIGD1C
cg09597585,turquoise,MED21
cg09597616,turquoise,SLC35F2
cg09599399,grey,PPT2
cg09602562,turquoise,KBTBD3
cg09602577,grey,C11orf61
cg09605095,grey,
cg09606734,blue,CUGBP1
cg09606941,grey,SLC40A1
cg09608737,turquoise,MRPS24
cg09611656,blue,NOM1
cg09613161,grey,COBL
cg09614565,turquoise,IL17RD
cg09616463,turquoise,BRUNOL6
cg09617296,turquoise,TM9SF2
cg09619624,grey,
cg09621330,grey,
cg09621938,turquoise,IFT140
cg09622121,grey,HCG27
cg09622265,turquoise,UFD1L
cg09622504,turquoise,KLF12
cg09622941,turquoise,ALOXE3
cg09626833,blue,TUBGCP3
cg09628838,turquoise,C17orf102
cg09629019,turquoise,STARD5
cg09634360,brown,KRR1
cg09634659,blue,
cg09636293,turquoise,TMEM134
cg09638264,blue,WDR69
cg09639725,turquoise,GPR123
cg09640425,grey,
cg09642739,blue,HOOK3
cg09644986,grey,GAPDH
cg09648697,turquoise,RBM14
cg09650414,turquoise,ARL6IP6
cg09650487,turquoise,FRMD4A
cg09651496,turquoise,NARF
cg09652427,turquoise,BTBD11
cg09652533,blue,STXBP4
cg09654157,turquoise,C20orf96
cg09654562,turquoise,
cg09654669,grey,
cg09655403,grey,CMYA5
cg09655887,blue,EXOC4
cg09656239,yellow,MRPL39
cg09657348,royalblue,RNF141
cg09657431,blue,CDC6
cg09657963,turquoise,HEPACAM
cg09659208,blue,DIP2C
cg09659300,blue,VPS37B
cg09660878,grey,
cg09662430,blue,AHRR
cg09662571,turquoise,
cg09663237,blue,MAPK9
cg09664815,turquoise,
cg09665338,blue,LRRN1
cg09665691,grey,
cg09667303,turquoise,
cg09667551,purple,
cg09667775,grey,CHD5
cg09669930,turquoise,NEDD9
cg09671060,turquoise,
cg09671242,turquoise,DDX55
cg09674251,magenta,KCNQ4
cg09675001,blue,GBP7
cg09677945,grey,DNAJC15
cg09678349,grey,DOCK4
cg09680719,blue,
cg09681675,grey,
cg09682251,turquoise,MAPKAPK3
cg09682986,blue,POT1
cg09684187,turquoise,TRAPPC2L
cg09689449,turquoise,ACADS
cg09692492,grey,ZDHHC8P
cg09692531,turquoise,C11orf60
cg09692663,turquoise,ZNF398
cg09693926,grey,ADAMTS2
cg09694403,turquoise,DHRS7
cg09694986,blue,SNTB1
cg09695652,grey,COPB2
cg09695735,turquoise,C17orf64
cg09696411,grey,SLC26A10
cg09696653,turquoise,CAMTA1
cg09698472,grey,C16orf68
cg09698846,blue,ZHX2
cg09702334,blue,PRKAR1B
cg09704166,grey,PAX8
cg09704584,turquoise,FAM96B
cg09705456,grey,MACROD1
cg09705457,grey,
cg09709656,blue,
cg09712216,turquoise,RBM6
cg09712682,grey,EMP2
cg09713000,turquoise,RFC4
cg09715682,turquoise,SPTBN1
cg09715738,turquoise,RDX
cg09718371,grey,JAKMIP3
cg09719331,turquoise,ZSWIM3
cg09721595,blue,THRSP
cg09724374,grey,
cg09725157,blue,FGF12
cg09727531,turquoise,ABCF2
cg09727934,blue,
cg09729155,blue,MGC2889
cg09729182,turquoise,CASR
cg09730423,turquoise,CRYGS
cg09732150,turquoise,TLE3
cg09732190,turquoise,CDK5
cg09732966,turquoise,ABR
cg09734394,turquoise,
cg09735598,turquoise,ARPC5
cg09737845,turquoise,CHST13
cg09738429,turquoise,PYROXD1
cg09739413,grey,HLA-DQB2
cg09741588,turquoise,SOCS2
cg09742751,turquoise,KIF16B
cg09744766,grey,
cg09745688,grey,PRSS22
cg09747456,turquoise,PANK1
cg09747829,turquoise,BAI3
cg09748973,turquoise,KIAA1530
cg09749225,grey,
cg09754341,blue,ARHGEF12
cg09755039,turquoise,USP21
cg09756125,grey,PTPRN2
cg09756865,turquoise,ATG4C
cg09757709,blue,SNORA32
cg09758623,turquoise,DTD1
cg09758865,turquoise,METTL9
cg09759458,grey,
cg09761506,blue,
cg09761690,blue,ZFHX3
cg09762043,grey,TUBGCP5
cg09762563,turquoise,FDX1
cg09763865,magenta,TRAPPC3
cg09768983,grey,
cg09770095,blue,ABCC4
cg09772954,turquoise,GALNTL6
cg09775785,turquoise,KLF16
cg09778229,turquoise,ZNF488
cg09781304,blue,TBCD
cg09781437,turquoise,SLC22A18AS
cg09782645,turquoise,
cg09782726,blue,TRIM26
cg09783905,turquoise,TRIM39
cg09785344,grey,
cg09785847,turquoise,
cg09786098,grey,KREMEN2
cg09787504,grey,
cg09789239,blue,ZC3H13
cg09789584,turquoise,
cg09791621,grey,
cg09791776,blue,
cg09793807,turquoise,NFE2L1
cg09796786,blue,MSRB3
cg09797334,grey,
cg09798418,turquoise,
cg09798888,grey,
cg09800012,grey60,P4HA2
cg09802426,turquoise,LOC100134713
cg09803164,blue,C7orf63
cg09804398,greenyellow,NINL
cg09805010,grey,THRB
cg09805314,grey,TRIM27
cg09807033,blue,SEMA6A
cg09807148,grey,MMP28
cg09807945,blue,
cg09808176,turquoise,ATM
cg09808690,turquoise,STK32C
cg09809276,turquoise,COL19A1
cg09812376,grey,QRICH2
cg09813817,turquoise,ZNF692
cg09813874,grey,LOC732275
cg09815014,blue,METT11D1
cg09816855,blue,
cg09817024,grey,
cg09817162,grey,
cg09817993,turquoise,GNL3
cg09818520,turquoise,VPS72
cg09819502,grey,C5orf33
cg09820321,turquoise,KIAA1026
cg09821905,turquoise,ADAMTS8
cg09822001,turquoise,APOA1BP
cg09822907,turquoise,EME1
cg09824328,turquoise,SLC2A1
cg09824782,turquoise,
cg09826002,turquoise,SPEN
cg09826306,grey,TUBB3
cg09826587,turquoise,PRDM2
cg09827440,turquoise,LOC401397
cg09827496,grey,
cg09827499,turquoise,SDC1
cg09827761,grey,
cg09833785,turquoise,SPRY2
cg09836347,blue,MIR376A1
cg09837748,turquoise,G2E3
cg09839635,grey,RNF180
cg09840623,grey,EML4
cg09841001,grey,
cg09841758,turquoise,FDXR
cg09841842,grey,FRMD6
cg09844907,green,MPV17L
cg09845184,blue,FAT1
cg09845488,turquoise,PHTF1
cg09846458,grey,ISOC2
cg09850161,blue,
cg09850289,turquoise,
cg09852079,turquoise,SLC30A9
cg09852920,grey,COL1A1
cg09855544,blue,ZFAT
cg09856068,turquoise,FGF18
cg09856206,turquoise,CSTF2T
cg09856241,grey,LETMD1
cg09856470,blue,WDR37
cg09858108,grey,
cg09858237,turquoise,WDR16
cg09859272,turquoise,RFC5
cg09859456,turquoise,TBC1D15
cg09860047,blue,RHBDD1
cg09861318,turquoise,RNF13
cg09861373,turquoise,RAP1GAP
cg09861871,grey,ARFGAP3
cg09862076,turquoise,B4GALT4
cg09863749,turquoise,EIF2C3
cg09863786,turquoise,PSMB2
cg09865676,turquoise,
cg09868354,turquoise,
cg09871885,turquoise,SFRS5
cg09872926,turquoise,EBF3
cg09873201,turquoise,NAT15
cg09876101,turquoise,WDR90
cg09877105,turquoise,FAM76B
cg09878408,blue,UTRN
cg09879382,grey,
cg09880745,blue,
cg09883994,black,TMED7-TICAM2
cg09884389,pink,PHF17
cg09886342,turquoise,ORAOV1
cg09886360,turquoise,CSGALNACT2
cg09887251,grey,
cg09888468,grey,
cg09892203,turquoise,CACNG4
cg09892459,blue,PDE4D
cg09893588,pink,NTSR1
cg09894276,grey,WDR27
cg09894698,turquoise,ASCL2
cg09895187,turquoise,MRPL15
cg09896598,turquoise,ERLIN2
cg09897656,blue,SLC26A7
cg09898060,turquoise,RAB6A
cg09898138,turquoise,CCDC64
cg09899173,turquoise,MIR596
cg09907936,grey,ZNF135
cg09909775,brown,ANO6
cg09909877,lightcyan,GCAT
cg09911332,blue,
cg09912350,grey,GUCY1A3
cg09918394,blue,LASS5
cg09918751,grey,ADAMTS17
cg09920172,grey,
cg09923107,turquoise,ID1
cg09928474,grey,RWDD2B
cg09929564,turquoise,ILF2
cg09930017,turquoise,UBC
cg09931891,turquoise,AP1G1
cg09932441,grey,DDX47
cg09932636,turquoise,
cg09932762,pink,
cg09933458,grey,
cg09937190,grey,MACROD2
cg09939729,blue,
cg09941202,turquoise,TDP1
cg09942741,turquoise,CALM2
cg09944012,grey,C17orf101
cg09945482,grey,
cg09948015,turquoise,
cg09948425,turquoise,MRPL13
cg09949366,red,PHACTR1
cg09949906,grey,HLA-DRB1
cg09951433,grey60,CUX1
cg09951650,grey,AP4E1
cg09952002,blue,HOXB3
cg09952395,turquoise,HRASLS5
cg09959150,grey,
cg09961571,turquoise,MRPS12
cg09962502,turquoise,SNRNP200
cg09964933,blue,RPTOR
cg09965679,turquoise,FCF1
cg09967877,turquoise,SYT12
cg09968630,turquoise,ANO5
cg09968723,grey,BAI1
cg09968817,turquoise,NUMB
cg09969018,turquoise,PURG
cg09969830,turquoise,SNRNP25
cg09970392,yellow,HLA-C
cg09971069,blue,
cg09972618,turquoise,ISPD
cg09973148,grey,CDC42EP3
cg09973375,turquoise,PPID
cg09973514,grey,
cg09975044,grey,
cg09976142,grey,CIZ1
cg09977703,grey,PPP5C
cg09977865,grey,CUTA
cg09978860,grey,
cg09981929,grey,
cg09982942,grey,FBLN7
cg09984047,turquoise,
cg09984124,turquoise,TMC4
cg09984518,turquoise,AKAP8L
cg09984759,turquoise,
cg09985530,turquoise,RFWD3
cg09990440,tan,FLOT1
cg09990919,turquoise,CTXN1
cg09991306,grey,SNED1
cg09991946,turquoise,PRKCH
cg09994323,turquoise,FOXN2
cg09994553,turquoise,TAF3
cg09996633,blue,ATXN3
cg09999650,grey,EDC4
cg10000424,turquoise,WNT6
cg10002561,turquoise,CCNA2
cg10006408,turquoise,WDR89
cg10007002,turquoise,PPAPDC1B
cg10008445,blue,
cg10015051,blue,CDH11
cg10015175,blue,ALG1
cg10017293,turquoise,SMAGP
cg10019132,turquoise,
cg10019392,blue,CA5A
cg10019429,turquoise,ZNF507
cg10019720,blue,MDGA1
cg10020892,turquoise,BCL9
cg10021924,grey,
cg10022533,blue,HEATR1
cg10022553,grey,
cg10023855,grey,HLA-DQA2
cg10023862,grey,CUEDC1
cg10025714,grey,
cg10025945,turquoise,CEPT1
cg10026473,turquoise,HPDL
cg10038446,blue,FLRT3
cg10038679,turquoise,NUP50
cg10039163,blue,ZC3H3
cg10040196,turquoise,EML1
cg10041390,grey,PTEN
cg10042799,grey,GSC
cg10044466,turquoise,ADM
cg10045999,turquoise,FXYD6
cg10047753,turquoise,
cg10051724,blue,
cg10052368,blue,
cg10053540,turquoise,C14orf179
cg10054127,turquoise,NECAB3
cg10056102,blue,ASAP1
cg10057976,turquoise,NUP85
cg10060875,turquoise,ZNF200
cg10061292,turquoise,BRD2
cg10062617,darkred,TSSC4
cg10063233,turquoise,LMBR1
cg10064886,grey,FLJ31306
cg10067182,blue,HDAC4
cg10069155,grey,TYRO3
cg10069353,turquoise,RPL41
cg10070257,blue,TTC26
cg10071929,grey,CIZ1
cg10072078,orange,SYNRG
cg10072237,grey,
cg10075506,grey,MYT1L
cg10076730,blue,COL4A2
cg10079740,grey,MMP2
cg10079801,turquoise,C2orf18
cg10081723,turquoise,B2M
cg10084509,blue,LYRM1
cg10086030,turquoise,EED
cg10090591,blue,CCDC84
cg10090844,grey,
cg10091662,turquoise,BMI1
cg10091994,turquoise,CCND2
cg10092251,blue,
cg10095057,blue,MYST2
cg10095534,blue,FBN1
cg10097813,turquoise,SLC25A3
cg10099518,blue,AFAP1
cg10099827,grey,
cg10100747,turquoise,
cg10101463,grey,
cg10101749,turquoise,MFSD2A
cg10102256,paleturquoise,SERGEF
cg10104252,grey,
cg10106639,blue,
cg10107304,turquoise,C10orf26
cg10107434,turquoise,
cg10107671,grey,
cg10107958,turquoise,DUSP5P
cg10110884,blue,AADAC
cg10111008,turquoise,TBL3
cg10111153,blue,OBFC2B
cg10113231,turquoise,NKIRAS1
cg10113715,blue,DLK1
cg10113760,grey,
cg10113872,turquoise,ZNF207
cg10114372,turquoise,VARS
cg10115321,blue,CSNK2B
cg10116794,turquoise,C16orf5
cg10116893,grey,NTN1
cg10117180,turquoise,AGFG1
cg10118513,turquoise,
cg10121146,blue,MFSD4
cg10122910,black,PELI3
cg10124287,turquoise,PPM1H
cg10124651,turquoise,CDC42BPB
cg10127162,yellow,ZBTB41
cg10127463,turquoise,RPS16
cg10128659,blue,INPP5A
cg10130344,turquoise,RPL35A
cg10130446,grey,DLGAP5
cg10130564,grey,TAGLN
cg10130662,blue,BBX
cg10130694,turquoise,DZIP3
cg10130718,grey,DMRTB1
cg10135260,grey,
cg10138041,grey,ZBTB4
cg10140536,grey,USP29
cg10143842,turquoise,C3orf38
cg10144400,grey,
cg10146185,turquoise,RAB11FIP5
cg10146807,turquoise,API5
cg10146935,grey,SAMD11
cg10153335,turquoise,LOC404266
cg10155891,blue,CBFA2T3
cg10156125,grey,UGT8
cg10157359,turquoise,PDIA6
cg10158614,turquoise,SNW1
cg10158843,grey,CD6
cg10159460,blue,
cg10160068,turquoise,LOC728723
cg10164300,turquoise,VWA5A
cg10166205,turquoise,FUZ
cg10167378,grey,
cg10169515,blue,MPHOSPH9
cg10174687,darkorange,FAM98B
cg10174836,turquoise,ACADS
cg10178308,turquoise,PVRL2
cg10178795,greenyellow,GNG12
cg10181330,grey,
cg10182418,turquoise,TLR6
cg10183714,turquoise,BRMS1L
cg10185519,grey,ZNF689
cg10186232,turquoise,C5orf44
cg10187221,turquoise,FLJ32065
cg10187932,turquoise,PARP11
cg10190104,turquoise,DHODH
cg10191460,turquoise,RPUSD1
cg10193721,grey,LTB4R2
cg10194729,grey,PDE6B
cg10196001,blue,ATG2B
cg10196128,turquoise,ZNF284
cg10197305,grey,ZNF718
cg10199164,salmon,PDIK1L
cg10199168,grey,DPEP3
cg10200291,grey,FLJ44606
cg10202788,blue,FAF2
cg10204951,blue,UNC84A
cg10205852,turquoise,CLDN12
cg10208301,grey,DNHD1
cg10208303,blue,
cg10208897,grey,ADAMTS2
cg10210594,grey,
cg10211454,blue,USPL1
cg10212558,turquoise,ASPM
cg10213457,turquoise,
cg10214058,turquoise,CNOT8
cg10218876,grey,TNNT1
cg10221014,blue,FAM113B
cg10223066,grey,CHFR
cg10224655,turquoise,NPHP4
cg10225865,grey,
cg10226467,blue,
cg10226628,grey,SETD1A
cg10227280,blue,
cg10227705,turquoise,FXYD5
cg10230308,turquoise,TACO1
cg10230427,grey,BAG2
cg10231862,blue,CDKAL1
cg10232936,turquoise,PLEKHM2
cg10234007,blue,GJA9
cg10234841,turquoise,C13orf37
cg10235170,yellow,ADORA2B
cg10236452,grey,
cg10236745,blue,STK38L
cg10240744,turquoise,CHSY1
cg10241347,grey,LOC399815
cg10241671,turquoise,KPNA6
cg10241701,grey,CD58
cg10243292,turquoise,RNGTT
cg10246038,blue,FAM82A1
cg10246772,blue,IGF1R
cg10248552,turquoise,C3orf70
cg10253484,turquoise,SCAMP2
cg10254974,turquoise,NCRNA00188
cg10256790,blue,
cg10259761,blue,CCNY
cg10259985,blue,TRIM42
cg10261205,grey,ATHL1
cg10261416,grey,
cg10263335,green,LOC100129387
cg10266196,turquoise,BRE
cg10269476,grey,
cg10272540,turquoise,PFDN6
cg10272779,turquoise,RBBP6
cg10277651,grey,
cg10277836,blue,SLC30A6
cg10277864,blue,BMP6
cg10279254,blue,ZNRF3
cg10279314,grey,
cg10279794,turquoise,JRK
cg10281996,blue,
cg10282162,grey,SHISA6
cg10282371,brown,ADAM9
cg10283690,turquoise,HNRNPU
cg10284592,grey,ZDHHC5
cg10284605,blue,
cg10285526,grey,
cg10286128,turquoise,CHST12
cg10286310,turquoise,RBPMS
cg10287301,turquoise,UBFD1
cg10287303,turquoise,P4HA1
cg10288784,turquoise,ABL1
cg10290504,grey,
cg10291648,turquoise,TIRAP
cg10292584,blue,ADARB2
cg10294939,blue,
cg10296238,grey,C21orf56
cg10302293,turquoise,RFC3
cg10303487,grey,DPYS
cg10305311,turquoise,CLDN10
cg10308414,blue,
cg10308673,turquoise,
cg10308785,grey,LOC404266
cg10308950,blue,TTC7B
cg10309580,blue,FOXJ3
cg10309957,turquoise,ATF6
cg10314470,blue,RABGAP1L
cg10315231,turquoise,EPHA3
cg10315347,yellowgreen,CGGBP1
cg10315420,blue,ATF1
cg10316026,blue,POT1
cg10316525,grey,
cg10317314,grey,
cg10321208,turquoise,CPT2
cg10322744,turquoise,TMPO
cg10327440,grey,CDC42BPA
cg10328220,turquoise,PANK2
cg10331500,blue,TGFA
cg10332116,grey,
cg10332700,grey,ZNF415
cg10332972,turquoise,BBS1
cg10338465,turquoise,CIB2
cg10339200,turquoise,XRRA1
cg10339854,turquoise,CBX7
cg10341935,turquoise,CLTC
cg10342614,turquoise,ZNF836
cg10342722,turquoise,SCPEP1
cg10342789,turquoise,TMEM189
cg10342884,turquoise,ZNF428
cg10343723,turquoise,UBE2S
cg10344477,turquoise,B3GNTL1
cg10345164,blue,INTS2
cg10348543,turquoise,MOSPD3
cg10349844,grey,
cg10350352,turquoise,ARPM1
cg10351287,grey,STK32B
cg10351477,turquoise,EAPP
cg10353859,turquoise,MAP4K1
cg10356060,grey,DNAJC18
cg10356655,turquoise,TMEM18
cg10357728,grey,
cg10359929,turquoise,IRS1
cg10360323,turquoise,
cg10360769,turquoise,LOC338799
cg10363578,turquoise,CHORDC1
cg10364968,turquoise,CASR
cg10365886,grey,TNXB
cg10366439,grey,NCRNA00116
cg10366851,blue,MGMT
cg10368775,turquoise,C17orf44
cg10369203,blue,HIVEP2
cg10372813,turquoise,PHF20
cg10374040,turquoise,
cg10374084,grey,C19orf41
cg10374976,turquoise,
cg10377414,blue,TBCD
cg10379050,turquoise,TSPAN19
cg10381502,turquoise,C11orf51
cg10381957,lightyellow,FBF1
cg10383019,grey,TUB
cg10384373,turquoise,DNAL1
cg10385188,blue,FAM98B
cg10385290,blue,SLC1A6
cg10386194,blue,
cg10387512,turquoise,ZNF267
cg10389722,turquoise,MRPL15
cg10390473,blue,MARCH1
cg10397009,turquoise,STMN3
cg10398107,blue,SLC25A31
cg10399005,grey,
cg10399369,turquoise,CABC1
cg10401489,grey,C19orf20
cg10402576,blue,ERRFI1
cg10406153,turquoise,RGS6
cg10409680,grey,HLA-C
cg10409981,grey,
cg10410213,turquoise,ELOVL5
cg10411146,grey,ATHL1
cg10411590,grey,
cg10414242,turquoise,AKAP12
cg10414477,blue,SYNE1
cg10414747,blue,FDX1
cg10416105,darkturquoise,BUB1
cg10418044,turquoise,CHRM2
cg10420609,blue,
cg10421688,turquoise,
cg10421979,grey,CHAD
cg10426581,grey,SRRT
cg10426814,blue,SFMBT2
cg10430904,turquoise,LOC400752
cg10431713,grey,SLFN12
cg10434361,blue,NT5C2
cg10435123,yellow,HVCN1
cg10435664,turquoise,PLXNA2
cg10436026,grey,SMAD9
cg10437627,turquoise,C12orf45
cg10438011,grey,SPRY2
cg10439651,turquoise,DEDD
cg10439911,turquoise,MAT2A
cg10440342,blue,NUPL2
cg10440483,turquoise,ASAP3
cg10440639,grey,RPH3AL
cg10442148,darkmagenta,TRIM39
cg10443159,blue,
cg10445421,grey,
cg10448759,turquoise,RBM22
cg10448954,blue,SPG7
cg10450899,grey,RNMTL1
cg10451425,grey,ARMC5
cg10454162,grey,ZNF80
cg10454879,grey,
cg10455938,turquoise,CACNA1I
cg10455940,turquoise,BTRC
cg10456710,turquoise,SNAP23
cg10456769,blue,WDR36
cg10457852,blue,
cg10462751,turquoise,RIC8B
cg10464773,grey,
cg10467557,grey,
cg10468535,blue,PTPRN2
cg10469112,blue,CPNE4
cg10469704,turquoise,CRYM
cg10472067,turquoise,DSN1
cg10473311,grey,PTPRN2
cg10474368,yellowgreen,XRRA1
cg10475468,blue,CEP72
cg10476558,turquoise,TPX2
cg10476989,blue,ING3
cg10482057,grey,KIAA0319
cg10486069,grey,
cg10486455,blue,WDR46
cg10486974,grey,PACSIN1
cg10487724,yellow,TEX14
cg10487770,turquoise,RAB3C
cg10488141,turquoise,SUFU
cg10490147,turquoise,SRM
cg10493356,turquoise,LIMK2
cg10495392,turquoise,NSUN4
cg10496560,darkgreen,DHX16
cg10497345,blue,GPRIN3
cg10498361,turquoise,XRN2
cg10499102,blue,EXOC2
cg10499753,grey,CPNE7
cg10501074,turquoise,ZDHHC4
cg10501093,grey,TNFAIP2
cg10503083,turquoise,
cg10503635,blue,MOG
cg10503906,tan,ZMYM1
cg10504660,turquoise,PCYOX1L
cg10507099,turquoise,FHOD1
cg10507402,turquoise,DPP4
cg10510505,turquoise,RPL23
cg10512498,blue,WDR17
cg10513253,turquoise,SOCS1
cg10514658,grey60,TBC1D9
cg10515332,turquoise,C4orf37
cg10515414,green,FHAD1
cg10517290,turquoise,PGS1
cg10517650,grey,CCDC52
cg10518811,blue,PDE1A
cg10518850,grey,
cg10519155,turquoise,GTPBP5
cg10519925,blue,
cg10520079,blue,TCF7L2
cg10520349,turquoise,
cg10521403,blue,
cg10522577,turquoise,
cg10523679,grey,ACADM
cg10523966,pink,BMP8A
cg10524642,blue,
cg10524983,turquoise,GYG1
cg10525980,turquoise,
cg10530613,blue,TRIT1
cg10534635,turquoise,C15orf21
cg10534923,grey,TM7SF2
cg10535017,turquoise,MAP3K3
cg10535919,turquoise,PMVK
cg10539861,grey,ENTPD7
cg10541313,grey60,TTC38
cg10541930,turquoise,
cg10543624,blue,PPARA
cg10543947,turquoise,APOL2
cg10545536,red,LIMD1
cg10546459,purple,FEZ2
cg10547050,turquoise,PHF12
cg10547527,grey,BOLL
cg10548163,grey,
cg10548700,turquoise,THG1L
cg10549156,turquoise,C7orf51
cg10550308,blue,EHHADH
cg10550320,turquoise,DCAF11
cg10552282,blue,SLC20A1
cg10552385,turquoise,RB1
cg10553204,grey,GDF7
cg10554698,blue,SPRED2
cg10556349,grey,
cg10556630,turquoise,LMO4
cg10557147,lightyellow,SESN3
cg10558228,turquoise,ASH1L
cg10559104,turquoise,SLC4A1AP
cg10559416,turquoise,CYTIP
cg10560079,turquoise,TMEM194B
cg10562791,turquoise,STX3
cg10563284,turquoise,PAK6
cg10563352,turquoise,COL4A3
cg10564360,turquoise,UBTD2
cg10569335,green,RNU5E
cg10569807,turquoise,KRAS
cg10570241,grey,
cg10570941,turquoise,HIST1H3G
cg10576459,grey,
cg10578696,turquoise,
cg10578777,grey,
cg10580293,grey,PRR15
cg10581012,blue,
cg10582608,grey,
cg10583683,grey,NIPA2
cg10585870,grey,DDX39
cg10589385,grey,SETDB1
cg10589396,blue,TCERG1L
cg10590925,grey,BRSK2
cg10591911,turquoise,C19orf73
cg10592446,turquoise,CTSO
cg10594709,turquoise,
cg10596483,grey,JRK
cg10599438,grey,PRTN3
cg10599456,turquoise,PGM2L1
cg10601002,turquoise,DDX51
cg10602367,turquoise,LOC338758
cg10604476,grey,ICAM5
cg10606061,blue,ASPH
cg10606127,grey,
cg10606797,magenta,ENTPD4
cg10607059,turquoise,TCF7L2
cg10607745,turquoise,CAMTA1
cg10610482,turquoise,ATM
cg10612452,grey,NTN1
cg10612681,turquoise,SNX2
cg10612751,blue,PALLD
cg10612867,paleturquoise,TMED4
cg10614809,grey,
cg10615592,turquoise,GRPEL2
cg10616121,turquoise,DLAT
cg10616319,grey,
cg10621924,grey,POU6F2
cg10623600,turquoise,
cg10624054,grey,KRT8
cg10626541,royalblue,LSM3
cg10626744,green,
cg10626816,turquoise,
cg10626925,turquoise,MOBKL1B
cg10627839,grey,CFHR4
cg10631515,blue,SGMS1
cg10632277,grey,C22orf13
cg10632429,turquoise,RNASEH2B
cg10632894,grey,HLA-DRB1
cg10632969,blue,NCAPD3
cg10633931,turquoise,
cg10633981,grey,C11orf58
cg10634964,turquoise,ANKZF1
cg10637512,turquoise,SYNM
cg10638599,turquoise,SHISA7
cg10638657,turquoise,HIST1H1D
cg10639368,grey,HDAC4
cg10640646,turquoise,PNKD
cg10641809,grey,C6orf106
cg10642449,turquoise,RERE
cg10642957,blue,ZNF524
cg10644772,turquoise,DENR
cg10645314,grey,ALLC
cg10645943,turquoise,LRRC45
cg10648573,violet,
cg10648629,blue,
cg10648815,grey,LAIR2
cg10651319,turquoise,FLJ42289
cg10651618,turquoise,RRAGD
cg10652674,blue,ANK3
cg10654016,turquoise,LLPH
cg10657547,turquoise,GM2A
cg10660909,grey,CGREF1
cg10662479,grey,WFDC3
cg10662968,turquoise,VPS8
cg10664338,turquoise,MAPK14
cg10664339,blue,SMARCE1
cg10667044,turquoise,EIF4B
cg10667338,grey,LIN7B
cg10668926,brown,
cg10671668,grey,KCNA6
cg10671950,turquoise,ZNF526
cg10676327,grey,
cg10684547,grey,
cg10685982,blue,AGBL3
cg10687087,grey,MYBPC2
cg10687202,blue,PEMT
cg10692290,turquoise,KIAA1949
cg10694587,yellow,GTF2I
cg10695234,grey,RAD54B
cg10695848,turquoise,HDAC7
cg10698984,turquoise,UBL3
cg10699291,blue,FBXO16
cg10700647,turquoise,SNHG3-RCC1
cg10701640,grey,
cg10703338,grey,SORCS2
cg10705717,blue,ZNF787
cg10706069,turquoise,ADRA2A
cg10706454,turquoise,C1orf172
cg10706642,yellow,
cg10706910,turquoise,ZNF337
cg10709925,grey,
cg10714510,grey,HLA-DQB2
cg10714639,grey,HMHA1
cg10715361,blue,HEATR6
cg10715383,yellow,CMPK1
cg10717387,turquoise,HIST1H1C
cg10718940,turquoise,OLFM2
cg10722938,turquoise,LPHN1
cg10724425,turquoise,LIN54
cg10724442,grey,SPTBN4
cg10724774,blue,NT5C3
cg10725932,turquoise,
cg10726394,grey,ARID1B
cg10727171,grey,NPAS3
cg10727654,turquoise,
cg10730421,turquoise,DGKG
cg10731794,turquoise,SNCA
cg10734240,turquoise,ZNF790
cg10736309,turquoise,ANKRD37
cg10737455,blue,SETD7
cg10738358,blue,IGFBP7
cg10739132,blue,FXR1
cg10740880,blue,KBTBD10
cg10740902,grey,KDR
cg10741478,blue,HERPUD2
cg10742605,grey,
cg10744200,blue,CCDC149
cg10747682,turquoise,
cg10748867,blue,MRTO4
cg10751382,grey,TBC1D17
cg10751960,grey,
cg10752421,blue,SLC7A1
cg10755058,grey,ENTPD3
cg10755730,turquoise,NMT1
cg10755973,turquoise,LHX2
cg10761845,turquoise,EEF2
cg10762939,turquoise,C14orf133
cg10763059,turquoise,PTPN12
cg10763598,turquoise,KIAA0892
cg10764933,blue,PPP2R5C
cg10766030,blue,
cg10767168,brown,SNRPB2
cg10768502,blue,LSM10
cg10768682,grey,SNAP29
cg10769251,turquoise,CDKN2D
cg10770187,grey,LYPD6
cg10771090,turquoise,TAL1
cg10773587,turquoise,GFPT1
cg10775050,turquoise,NFRKB
cg10775273,turquoise,CRYBA2
cg10776397,blue,SLC39A9
cg10778415,turquoise,TYW1
cg10785099,blue,KIF21B
cg10786572,grey,
cg10788475,turquoise,
cg10789131,turquoise,TIPARP
cg10790723,turquoise,FOXRED2
cg10791881,blue,WIPI2
cg10794550,turquoise,ALKBH6
cg10796078,tan,DACT1
cg10798059,black,
cg10799055,grey,
cg10800585,turquoise,RPS6KA1
cg10801421,turquoise,EPN1
cg10804090,turquoise,BCL2L11
cg10805483,yellow,CALM2
cg10808198,blue,SCAF1
cg10811045,grey,
cg10811681,turquoise,ZFP36L1
cg10812634,grey,FLJ44606
cg10815657,grey,PPAP2C
cg10817669,blue,
cg10821976,turquoise,TSNAX-DISC1
cg10825234,grey,
cg10825350,blue,FSTL4
cg10825398,turquoise,IRF2BP2
cg10826200,turquoise,CCDC94
cg10828210,turquoise,VCP
cg10828660,turquoise,
cg10829004,blue,RTN1
cg10829120,turquoise,PTCD3
cg10830322,blue,HPYR1
cg10831285,grey,B3GNT3
cg10831725,grey,
cg10831901,grey,LOC149837
cg10832093,grey,STX2
cg10832304,grey,DLL3
cg10833066,grey,FAM109A
cg10833620,turquoise,UBA2
cg10836401,turquoise,FKBP8
cg10844118,turquoise,FLJ31306
cg10845886,blue,TTC15
cg10851033,turquoise,
cg10853137,turquoise,SEC23A
cg10853637,turquoise,FOXQ1
cg10854819,grey,
cg10855528,turquoise,TTC19
cg10856724,grey,
cg10857441,grey,POLS
cg10857807,turquoise,MAD1L1
cg10858369,blue,TRIM3
cg10859566,blue,
cg10861751,turquoise,RGS1
cg10862468,grey,CYP2E1
cg10864200,grey,PCGF3
cg10869730,blue,
cg10870443,turquoise,PTCH1
cg10871120,grey,MOCS1
cg10871529,lightyellow,CNP
cg10875346,turquoise,ZNF341
cg10876863,blue,TFB1M
cg10877797,turquoise,C1orf163
cg10879207,turquoise,IRAK3
cg10879486,blue,TRAPPC6B
cg10879958,blue,RAD17
cg10881242,grey,
cg10881514,turquoise,ROR1
cg10883171,darkmagenta,
cg10883421,turquoise,RMND1
cg10883503,turquoise,
cg10884341,grey,HSPE1
cg10886005,turquoise,TMEM131
cg10886007,blue,IMMP2L
cg10889502,blue,
cg10889506,turquoise,RP9
cg10890233,turquoise,HFM1
cg10890302,grey,TNXB
cg10895886,blue,
cg10896827,blue,CYP4V2
cg10897045,blue,MLL3
cg10899293,turquoise,
cg10899547,grey,RASGEF1C
cg10902107,blue,SAPS3
cg10902432,blue,C16orf62
cg10905319,turquoise,TOP1
cg10906729,grey,LOC404266
cg10907148,grey,C17orf28
cg10907727,blue,SYNCRIP
cg10907912,turquoise,STK17B
cg10907941,turquoise,SIRT5
cg10909185,grey,KLHL35
cg10909192,blue,PRPF39
cg10910545,turquoise,PARP2
cg10911971,turquoise,EIF1B
cg10912581,turquoise,
cg10915301,turquoise,USP30
cg10915739,grey,
cg10916967,turquoise,MAD1L1
cg10916998,turquoise,FLOT1
cg10919176,turquoise,NUDCD1
cg10919664,grey,
cg10920224,grey,TRAF3
cg10923313,blue,SETD3
cg10923346,turquoise,PFKFB3
cg10923475,grey,FAM43A
cg10923662,grey,TNXB
cg10924691,turquoise,
cg10925417,blue,C11orf2
cg10927841,royalblue,FAM59B
cg10929761,midnightblue,KLF10
cg10929866,blue,SNX9
cg10931252,turquoise,ACOX1
cg10932018,grey,
cg10934821,turquoise,TAOK3
cg10935586,turquoise,RNF114
cg10937652,turquoise,
cg10938586,grey,
cg10938836,turquoise,TTC21B
cg10938899,blue,GTF2F2
cg10939936,blue,
cg10940651,grey,THADA
cg10941822,turquoise,FBLN5
cg10944144,turquoise,ADAMTS6
cg10948748,turquoise,ATXN10
cg10948883,turquoise,DDX41
cg10949322,turquoise,CUL2
cg10949880,grey,RSU1
cg10950924,grey,IGF2BP1
cg10951120,turquoise,KCNB1
cg10955566,grey,
cg10956818,blue,CACNA2D3
cg10957242,turquoise,STOX2
cg10958487,turquoise,
cg10960055,grey,
cg10962762,grey,
cg10965738,blue,RICTOR
cg10968396,lightyellow,ERC1
cg10968958,grey,NLRP2
cg10969997,blue,
cg10970751,tan,DGKH
cg10972973,grey,
cg10973043,blue,RPL21
cg10979612,turquoise,ACADM
cg10979880,turquoise,BVES
cg10980329,blue,LSM5
cg10982358,brown,CDKN2C
cg10982443,grey,KLHL33
cg10983544,turquoise,TRIM58
cg10984505,turquoise,PXT1
cg10985288,blue,TNIK
cg10985452,turquoise,HIST1H2AD
cg10986030,turquoise,CR1
cg10986355,turquoise,GRM8
cg10987705,turquoise,PI4K2A
cg10987792,turquoise,ATG10
cg10987992,blue,
cg10989381,blue,AICDA
cg10990040,blue,PGF
cg10990312,turquoise,C2orf89
cg10992267,turquoise,LPHN2
cg10993470,grey,RP1
cg10995699,blue,
cg10996014,turquoise,RHOA
cg10997002,darkturquoise,TUBD1
cg11001670,blue,
cg11001780,blue,DIP2C
cg11002033,turquoise,TRIM31
cg11002851,turquoise,C4orf19
cg11004401,turquoise,NACA
cg11006267,grey,
cg11011512,grey,STX2
cg11012078,lightcyan,ERCC5
cg11012412,grey,
cg11014109,turquoise,NARS2
cg11014582,blue,LMO7
cg11015012,turquoise,RAP2A
cg11015188,grey,SETD8
cg11016195,blue,SEMA5A
cg11017065,turquoise,FLI1
cg11020315,turquoise,NAGLU
cg11023328,grey,
cg11023815,turquoise,SNRPC
cg11024341,blue,
cg11028445,turquoise,FAM96A
cg11029346,turquoise,NUP155
cg11029501,turquoise,TARBP1
cg11030744,grey,GHRL
cg11031180,grey,TINF2
cg11032268,turquoise,FSCN1
cg11032634,grey,TXNRD2
cg11032776,turquoise,HIPK3
cg11033697,blue,
cg11036189,turquoise,ALG3
cg11039464,turquoise,JAGN1
cg11039614,grey,ISL1
cg11039789,turquoise,NEDD1
cg11040439,turquoise,LRRC45
cg11041161,green,
cg11041457,turquoise,GNL3
cg11041835,grey,GULP1
cg11044590,lightyellow,CDC42EP3
cg11045746,grey,FAM26F
cg11049813,turquoise,FRS2
cg11050480,blue,AS3MT
cg11052668,turquoise,
cg11056945,tan,
cg11057457,turquoise,
cg11057497,turquoise,HMGCS1
cg11058730,turquoise,PDHX
cg11059159,grey,
cg11061033,blue,RBM23
cg11062095,turquoise,C5orf15
cg11062158,grey,PTPRN2
cg11062466,grey,
cg11062635,turquoise,
cg11064039,grey,PRKAR1B
cg11065506,turquoise,SERPINE2
cg11067338,grey,FAM115A
cg11067756,turquoise,OLFML2B
cg11070193,grey,CATSPER4
cg11075937,turquoise,ZC3H13
cg11076275,blue,IL24
cg11076954,grey,SLC43A2
cg11076996,blue,PIWIL4
cg11077019,turquoise,TXNDC12
cg11077225,blue,PIWIL4
cg11078175,turquoise,ACTR3B
cg11080530,turquoise,RAB2B
cg11081185,grey,RIC8A
cg11083416,turquoise,
cg11084113,blue,
cg11085062,tan,ZNF280D
cg11086378,blue,AOX2P
cg11088422,grey,RUNDC3A
cg11090139,yellow,FAM64A
cg11090352,turquoise,EPHA6
cg11094012,turquoise,TFG
cg11094953,turquoise,ARCN1
cg11095404,turquoise,MTRF1
cg11098493,turquoise,USP4
cg11098622,blue,PAM
cg11099586,turquoise,RDBP
cg11100324,blue,SFMBT1
cg11101030,blue,
cg11101316,blue,UBE2CBP
cg11103390,grey,ECHDC3
cg11104418,turquoise,TMC6
cg11105585,grey,C21orf2
cg11106794,turquoise,PCBD2
cg11107669,turquoise,
cg11111423,turquoise,DAXX
cg11112892,turquoise,P4HA2
cg11113760,grey,ZNF385B
cg11116878,turquoise,TRDMT1
cg11117637,grey,CDX1
cg11119131,turquoise,CCDC99
cg11120874,blue,
cg11121865,grey,NUDCD3
cg11123440,grey,
cg11125589,turquoise,DGUOK
cg11130778,blue,UNC5A
cg11130780,blue,
cg11133979,blue,
cg11136235,turquoise,
cg11136969,blue,ENTPD4
cg11138035,blue,
cg11138719,blue,
cg11140440,turquoise,FDXR
cg11141497,turquoise,TAF10
cg11142248,turquoise,FLJ43390
cg11143131,blue,PDLIM4
cg11146691,grey,SLC38A4
cg11150383,blue,
cg11150901,turquoise,KMO
cg11152454,darkgreen,TRNP1
cg11153328,turquoise,TXN2
cg11153400,grey,C22orf26
cg11153596,blue,MAPRE3
cg11153872,turquoise,CALCA
cg11154670,turquoise,KRR1
cg11154715,blue,
cg11157235,blue,
cg11157765,grey,ANO1
cg11158482,turquoise,CYB5D1
cg11161011,blue,MAX
cg11163388,turquoise,IL6ST
cg11163975,grey,TRAM1L1
cg11165905,grey,ATP8A2
cg11166106,turquoise,
cg11166893,turquoise,RASA3
cg11168104,grey,
cg11168423,blue,ANO10
cg11169363,grey,
cg11173999,brown,LSM6
cg11178337,grey,
cg11180122,turquoise,MLF1IP
cg11181536,turquoise,NOP16
cg11185456,grey,DNHD1
cg11186706,grey,
cg11187806,blue,MBNL2
cg11189039,turquoise,NDUFA6
cg11189052,grey,WDR73
cg11190156,turquoise,HIST1H4C
cg11190754,turquoise,CENPK
cg11191302,blue,USH2A
cg11191979,blue,SKI
cg11192169,grey,
cg11192787,blue,
cg11196693,grey,CCDC51
cg11196751,red,SMAP1
cg11198128,turquoise,SNX32
cg11199770,turquoise,TSHZ3
cg11200358,pink,C6orf62
cg11200797,grey,
cg11200917,grey,GLRA1
cg11201541,grey,C17orf56
cg11201654,grey,HLA-F
cg11201844,blue,
cg11202785,turquoise,ABCD3
cg11203397,turquoise,
cg11203670,turquoise,MEPCE
cg11204665,blue,IMMP1L
cg11205981,grey,LOC100130274
cg11206167,grey,
cg11206526,grey,
cg11208348,blue,ZNF277
cg11208859,turquoise,ZCCHC10
cg11209538,turquoise,GABBR1
cg11210449,blue,CNOT4
cg11210604,turquoise,TXNDC6
cg11211690,blue,CUL1
cg11213987,turquoise,PELP1
cg11214047,blue,SAMD9L
cg11214507,turquoise,
cg11214757,grey,GPRIN1
cg11214846,turquoise,PRR11
cg11216456,blue,MGMT
cg11217367,blue,DLGAP2
cg11218091,grey,LOC399815
cg11220641,turquoise,ATXN2
cg11221023,blue,
cg11221497,darkgrey,KDM5B
cg11223184,blue,ANKRD44
cg11223711,turquoise,EIF3A
cg11224582,grey,KCNA6
cg11226480,grey,LETMD1
cg11227621,turquoise,FAM36A
cg11228113,turquoise,HIST2H2AA3
cg11229610,turquoise,MLL2
cg11229771,grey,PDE6B
cg11230363,blue,
cg11230471,blue,SLFN12
cg11231018,blue,LIPF
cg11231949,grey,NKAIN3
cg11232610,grey,NDUFA2
cg11234447,grey,
cg11235602,grey,MOBP
cg11236311,grey,RINT1
cg11236850,green,ACOX3
cg11237734,grey,BDNFOS
cg11239220,turquoise,PRR24
cg11240230,blue,
cg11242978,lightgreen,
cg11245233,turquoise,SNORD45C
cg11246695,turquoise,PIAS3
cg11247378,grey,
cg11251319,turquoise,ATP8B3
cg11252048,turquoise,GABRB2
cg11252118,turquoise,
cg11254952,blue,KIAA1751
cg11256152,grey,TRAPPC9
cg11257193,grey,MIR423
cg11257935,greenyellow,CNOT8
cg11258452,grey,SRRM4
cg11259183,turquoise,
cg11259833,turquoise,PGBD1
cg11260046,grey,MEI1
cg11260709,turquoise,EIF5A
cg11263507,turquoise,COX5A
cg11264669,turquoise,APPL1
cg11266921,grey,BTBD9
cg11271157,turquoise,
cg11275803,turquoise,RPS18
cg11276456,turquoise,P4HA1
cg11276500,blue,GMDS
cg11278262,turquoise,KRTCAP2
cg11279488,turquoise,TEX264
cg11282844,turquoise,IPCEF1
cg11287055,grey,DSCR3
cg11295144,turquoise,RAD51L3
cg11297817,turquoise,ARSA
cg11298989,turquoise,LENG8
cg11302515,blue,EIF2C2
cg11302887,turquoise,PARP11
cg11303630,grey,
cg11304457,turquoise,CCNE1
cg11305259,turquoise,
cg11305991,blue,
cg11308338,turquoise,
cg11308371,turquoise,BCL11A
cg11308747,turquoise,CNOT3
cg11308937,turquoise,GORASP1
cg11310693,grey,TECTA
cg11312613,blue,PPARA
cg11313065,grey,CCR2
cg11314310,blue,WDR37
cg11315754,turquoise,ISLR2
cg11317473,blue,
cg11317774,turquoise,PGAP2
cg11319265,blue,
cg11319719,turquoise,RPL18AP3
cg11321180,turquoise,C20orf111
cg11324054,turquoise,FEZ2
cg11325576,blue,TNXB
cg11327054,turquoise,FXC1
cg11327383,turquoise,C6orf1
cg11328405,turquoise,SHC4
cg11331445,grey,SLC38A4
cg11331988,turquoise,BUB1B
cg11332026,turquoise,C4orf48
cg11332236,darkred,RHCG
cg11333835,turquoise,LUZP1
cg11336672,turquoise,RBL1
cg11337790,blue,SVIL
cg11338389,grey,COX8A
cg11340363,turquoise,SLC5A5
cg11341527,turquoise,SPATA1
cg11341775,turquoise,
cg11342198,grey,
cg11342670,turquoise,KIAA0319
cg11343894,grey,S100A13
cg11345693,grey,AZI1
cg11346248,grey,SLFN12
cg11347582,grey,
cg11348338,turquoise,
cg11349328,turquoise,PSMB3
cg11351140,blue,ZMYM2
cg11353368,turquoise,
cg11354576,turquoise,EMID1
cg11359720,grey,
cg11370814,grey,
cg11372006,turquoise,DPY19L4
cg11372818,grey,
cg11372934,red,LOC100130872
cg11373049,turquoise,NDUFC1
cg11373746,turquoise,ALDH9A1
cg11373869,blue,LARP4
cg11376198,grey,AKR7L
cg11376913,turquoise,INO80B
cg11377650,blue,TRIM39
cg11378242,turquoise,FAM36A
cg11379222,turquoise,LOC100190939
cg11379392,turquoise,SLC1A5
cg11379888,turquoise,WDR27
cg11380830,turquoise,NOC3L
cg11382241,blue,ITPR1
cg11383134,violet,
cg11384512,turquoise,HEATR1
cg11388673,grey,
cg11389618,blue,GTDC1
cg11390378,grey,
cg11390445,turquoise,NCAPG
cg11390645,turquoise,CD320
cg11391637,green,
cg11392858,grey,PLD6
cg11392877,brown,PDE8A
cg11395893,turquoise,CCDC94
cg11396951,turquoise,NDUFS5
cg11398452,grey,VAX1
cg11399974,blue,
cg11404906,grey,HLA-DRB1
cg11405279,turquoise,SEMA4B
cg11406134,grey,ALDH4A1
cg11409361,grey,ABR
cg11409659,turquoise,SLC6A15
cg11413133,grey,KCNJ12
cg11414945,orange,PMS1
cg11415914,yellow,TGFA
cg11416012,turquoise,
cg11417598,blue,SLC2A2
cg11417973,turquoise,
cg11418427,turquoise,TP53BP2
cg11418663,lightcyan,AGMAT
cg11419456,turquoise,ZNF461
cg11423323,turquoise,
cg11424456,turquoise,
cg11424682,turquoise,DNAJC4
cg11426075,grey,ERRFI1
cg11428189,blue,
cg11430259,grey,FGFR2
cg11432013,blue,CCNYL1
cg11432387,turquoise,LIMK2
cg11433553,turquoise,
cg11436430,turquoise,FOXP4
cg11436817,grey60,SPRY2
cg11437810,grey,RPLP1
cg11440486,grey,MYCBPAP
cg11441935,brown,ZNF566
cg11444072,blue,ASAP2
cg11445109,grey,CYP2E1
cg11445122,turquoise,CHP
cg11447699,turquoise,ARHGAP19
cg11448996,turquoise,SPATA13
cg11452329,blue,
cg11456412,blue,SMOC2
cg11459648,grey,SLC23A1
cg11460820,yellow,RPS24
cg11461836,royalblue,MXD3
cg11464285,turquoise,FBXO3
cg11467141,grey,
cg11467331,darkturquoise,ZBTB22
cg11467638,turquoise,SFRP2
cg11471802,grey,
cg11472541,turquoise,FDXR
cg11478607,grey,GSTT1
cg11479419,turquoise,
cg11480278,grey,RPH3AL
cg11480627,grey,SHANK2
cg11481720,turquoise,ZNF791
cg11488033,grey,
cg11491381,grey,AVP
cg11492536,blue,ARHGEF10
cg11494123,turquoise,PC
cg11494213,turquoise,POM121C
cg11495060,turquoise,SRRT
cg11495915,turquoise,KCTD6
cg11496226,blue,TMEM132D
cg11498516,blue,CCDC109B
cg11498652,turquoise,RPL37
cg11500391,turquoise,FANCF
cg11501364,blue,UBAC2
cg11504511,turquoise,ZMIZ1
cg11506907,turquoise,DPAGT1
cg11508669,grey,GAPDH
cg11510586,grey,
cg11512797,grey,IPO7
cg11513088,turquoise,RASSF8
cg11515530,blue,MIR197
cg11516629,turquoise,
cg11517468,turquoise,CAMTA1
cg11518657,turquoise,MIER1
cg11519760,grey,DLL1
cg11523221,blue,BACH2
cg11523685,turquoise,NFYC
cg11525479,turquoise,NTRK3
cg11526436,white,NBEAL1
cg11527839,darkgrey,
cg11528033,blue,KIAA1751
cg11528101,turquoise,MRPS24
cg11528984,turquoise,C1orf69
cg11529109,turquoise,PLEC1
cg11530693,grey,ZNF697
cg11532054,blue,TNFSF18
cg11532431,grey,HOXA4
cg11534293,grey,LOR
cg11535368,blue,NCRNA00171
cg11537619,blue,PMP2
cg11539424,grey60,CLGN
cg11539674,grey,SND1
cg11540624,turquoise,PTMA
cg11541479,turquoise,YIPF2
cg11542402,green,OPTN
cg11545949,saddlebrown,CAPNS1
cg11549153,turquoise,TMSB10
cg11551902,turquoise,FOXM1
cg11552829,blue,FOXI1
cg11553311,grey,
cg11553919,blue,GNRHR
cg11557938,darkolivegreen,PRR24
cg11558107,blue,
cg11558328,turquoise,ARHGAP1
cg11558376,turquoise,C17orf97
cg11560280,turquoise,
cg11560654,grey,
cg11561443,turquoise,MTO1
cg11561737,turquoise,
cg11563399,turquoise,
cg11566521,turquoise,
cg11567723,blue,
cg11569869,blue,ADAP1
cg11575295,grey,PTPRN2
cg11575912,brown,NRTN
cg11579447,blue,GALK2
cg11580828,turquoise,ERMAP
cg11581362,turquoise,EPRS
cg11583751,blue,NMT1
cg11586600,grey,KIF26B
cg11589139,lightcyan,ACTA1
cg11593791,turquoise,FAM194A
cg11594415,turquoise,BAT2L2
cg11594513,turquoise,H2AFY
cg11594731,grey,PTH1R
cg11599569,turquoise,PIP4K2C
cg11600186,blue,BRD2
cg11602546,turquoise,INTS4
cg11605617,turquoise,DYNC1LI1
cg11605750,darkturquoise,TFDP1
cg11608150,grey,
cg11609007,turquoise,YME1L1
cg11612592,turquoise,CDC27
cg11613003,grey,FZD7
cg11613015,grey60,APC
cg11613875,turquoise,C9orf72
cg11615303,turquoise,VPS52
cg11616676,turquoise,SRI
cg11618704,grey,HNRNPF
cg11619648,blue,ZNF445
cg11620984,turquoise,PLSCR4
cg11621586,grey60,VPS26A
cg11629812,grey,
cg11629889,grey,CNTNAP1
cg11630554,grey,TRIM61
cg11630696,turquoise,ROBO1
cg11631173,blue,
cg11633191,darkred,AMZ2
cg11637980,turquoise,PGR
cg11640740,blue,
cg11642891,blue,TTC15
cg11643773,grey,TMED1
cg11646294,blue,PRLH
cg11648662,turquoise,
cg11651237,grey,GABRG3
cg11651535,grey,BRP44L
cg11655691,turquoise,CBARA1
cg11657018,turquoise,C5orf13
cg11657440,turquoise,DMWD
cg11657970,turquoise,ABLIM3
cg11658970,blue,
cg11659327,turquoise,GRWD1
cg11661000,grey,BRSK2
cg11661235,blue,THEM5
cg11661340,turquoise,
cg11662224,darkgrey,PRKCG
cg11664456,salmon,SF3A3
cg11666770,grey,
cg11668079,turquoise,MYL12B
cg11672054,turquoise,HIST3H2BB
cg11672338,blue,DIP2C
cg11678206,blue,TUBGCP2
cg11679443,turquoise,
cg11680442,turquoise,TPRA1
cg11685843,grey,
cg11686940,blue,KLF13
cg11688696,yellow,EFNA3
cg11688874,brown,WAC
cg11691214,turquoise,SIRT7
cg11691393,turquoise,PIF1
cg11694119,turquoise,POLR3C
cg11696475,turquoise,GNG4
cg11701377,turquoise,C20orf111
cg11701759,yellowgreen,SPINT1
cg11702145,turquoise,HCN3
cg11702351,blue,
cg11702455,turquoise,ALKBH7
cg11703007,blue,TRPM7
cg11704751,turquoise,PPM1H
cg11705470,turquoise,WDTC1
cg11710334,turquoise,LOC254559
cg11712735,turquoise,PSMD8
cg11713788,turquoise,SLC22A23
cg11714972,turquoise,ANKRD43
cg11716681,turquoise,CXADR
cg11717054,grey,NLRP6
cg11717700,turquoise,KIAA0922
cg11717782,blue,PPFIA4
cg11718235,grey,ZNF583
cg11718707,turquoise,MBD2
cg11719323,turquoise,C14orf178
cg11719457,grey,EXOC6B
cg11719952,grey,KLHL35
cg11721273,blue,RFWD2
cg11723066,blue,JAM3
cg11726572,grey,TYMS
cg11727029,turquoise,UNC45A
cg11730925,grey,FAM46C
cg11731300,grey,TSTD1
cg11731793,blue,
cg11732257,turquoise,GGPS1
cg11733245,turquoise,IL2RA
cg11734019,magenta,TMEM79
cg11737232,turquoise,
cg11738162,turquoise,VOPP1
cg11738485,grey,HOOK2
cg11738723,blue,SGK269
cg11739480,turquoise,DAZAP2
cg11739541,grey,TUBA1A
cg11739675,grey,CHST11
cg11739721,turquoise,
cg11740152,turquoise,DSN1
cg11742103,grey,EML3
cg11747594,violet,
cg11748417,grey,LOC388789
cg11749543,blue,
cg11749583,pink,GLI3
cg11750080,turquoise,SPHK1
cg11752893,blue,TAP2
cg11753100,blue,USP48
cg11753356,blue,GALNT2
cg11754374,blue,NTM
cg11756029,turquoise,TRAFD1
cg11757033,turquoise,WIZ
cg11757144,turquoise,MTERF
cg11757357,grey,EBF3
cg11757417,grey,
cg11757894,turquoise,DUSP1
cg11758861,turquoise,NFIX
cg11759293,blue,PIBF1
cg11760395,grey,
cg11761572,grey,SIRT2
cg11763394,grey,PAX8
cg11764359,turquoise,
cg11764900,grey,
cg11766577,grey,C21orf56
cg11769049,darkolivegreen,FDXR
cg11776676,yellow,MBOAT7
cg11777611,blue,RGS9
cg11777890,turquoise,RNF26
cg11778756,blue,DDX10
cg11778876,blue,RSL24D1
cg11779273,turquoise,INTU
cg11781847,grey,SNHG6
cg11784071,turquoise,AS3MT
cg11787167,grey,NPAS3
cg11787288,turquoise,C1orf103
cg11789421,turquoise,NPM3
cg11789530,grey,ACOX3
cg11793332,turquoise,ELF1
cg11798043,turquoise,LMBRD1
cg11798658,turquoise,MOBKL2C
cg11798660,darkgrey,DNMT3A
cg11798871,lightcyan,SMYD3
cg11799593,grey,
cg11800013,turquoise,LNP1
cg11800714,blue,
cg11801512,turquoise,OPN5
cg11801727,grey,
cg11804248,turquoise,GALK2
cg11805111,turquoise,
cg11805450,turquoise,GRAMD1B
cg11805472,turquoise,CCHCR1
cg11806367,grey,
cg11807290,blue,ZNF605
cg11808746,brown,CEP55
cg11809208,turquoise,ACBD5
cg11812023,turquoise,AKT2
cg11812810,turquoise,TTC9
cg11812849,blue,PTPRN2
cg11816345,turquoise,MAP3K3
cg11819621,yellow,
cg11819639,turquoise,UBE2T
cg11819905,grey,
cg11821245,grey,LDHC
cg11821269,darkred,ZBTB10
cg11821403,grey,PLK2
cg11822088,blue,CEP170
cg11825621,grey,MKX
cg11825642,blue,
cg11825675,blue,CAND1
cg11826685,turquoise,SLC39A6
cg11828766,turquoise,NINJ1
cg11829033,turquoise,FAM149B1
cg11829072,grey,TRMT12
cg11829380,brown,RPAIN
cg11829680,blue,EXT1
cg11830507,turquoise,
cg11831003,turquoise,TRIM6-TRIM34
cg11833889,turquoise,PRDX1
cg11834844,turquoise,ASNA1
cg11835342,turquoise,BUD13
cg11836012,turquoise,UNG
cg11836132,turquoise,BAT5
cg11836369,turquoise,PEX19
cg11837713,grey,CLK3
cg11838227,turquoise,CREBL2
cg11838463,turquoise,ARPC2
cg11839415,grey,MPL
cg11839771,blue,ST20
cg11842141,grey,BCL2L11
cg11843606,turquoise,RHBDD1
cg11844660,turquoise,UBAC2
cg11845071,turquoise,FKBP5
cg11845111,grey,TMEM194B
cg11847805,blue,SART3
cg11849132,grey,LYPD4
cg11849213,blue,PLEKHG3
cg11850943,grey,LANCL2
cg11854691,blue,ARL15
cg11854791,turquoise,MRPL54
cg11854917,turquoise,TEX9
cg11856821,blue,FAT1
cg11856897,grey60,
cg11857210,grey,CLASP2
cg11858450,grey,CCDC105
cg11860760,blue,RNF130
cg11861448,turquoise,ODF3L2
cg11862144,blue,SERPINB5
cg11862551,grey,
cg11862610,turquoise,
cg11862959,turquoise,RDH10
cg11864774,blue,TRERF1
cg11865553,grey,
cg11865585,turquoise,ZNF805
cg11867616,grey,
cg11868356,turquoise,ETV4
cg11869007,grey,FIGNL2
cg11871295,blue,CXXC1
cg11871345,turquoise,SOX12
cg11873667,turquoise,
cg11876979,turquoise,NR2C2
cg11880242,blue,TMEM123
cg11883892,blue,TMEM218
cg11884093,turquoise,PIN1
cg11884230,cyan,DSE
cg11885357,grey,ESYT3
cg11887721,turquoise,FNTB
cg11888470,grey,HLA-DRB6
cg11889808,grey,PTPRN2
cg11889876,turquoise,ARMC2
cg11890239,turquoise,
cg11890437,turquoise,STARD4
cg11890956,turquoise,PSMG1
cg11897690,turquoise,TCTN1
cg11899507,blue,TRAFD1
cg11901833,blue,ELOVL5
cg11904906,grey,LOC151174
cg11908291,blue,FOLR1
cg11908659,blue,
cg11910118,turquoise,COPZ1
cg11910829,cyan,MRPL12
cg11912591,grey,KIF26B
cg11913894,turquoise,MAP3K4
cg11914761,blue,
cg11915016,turquoise,KRI1
cg11916219,turquoise,
cg11916478,turquoise,IQSEC3
cg11917413,blue,EDAR
cg11917595,blue,HPCAL1
cg11918740,yellow,MED28
cg11921908,turquoise,SAP30L
cg11924572,turquoise,PARD6B
cg11925710,blue,EPB41L4A
cg11926764,turquoise,SLC36A4
cg11928000,turquoise,SAFB2
cg11929629,grey,BIK
cg11929898,blue,TMPRSS7
cg11930609,turquoise,
cg11930908,turquoise,
cg11932837,grey,KIF16B
cg11933712,blue,ABR
cg11933757,turquoise,NCRNA00188
cg11934170,turquoise,DCHS2
cg11935018,turquoise,MGAT1
cg11935738,grey,
cg11936410,blue,TPM1
cg11940040,grey,RPH3AL
cg11941920,grey,
cg11942221,blue,EWSR1
cg11944110,blue,
cg11945228,grey,BRD2
cg11946719,grey,
cg11947423,blue,SLC20A2
cg11948367,turquoise,
cg11948988,blue,MGMT
cg11949518,grey,RPTOR
cg11950261,grey,SNIP1
cg11951446,turquoise,COX17
cg11952433,turquoise,PLAG1
cg11955456,turquoise,PEF1
cg11956825,turquoise,MICA
cg11959630,turquoise,SAAL1
cg11960655,grey,
cg11963883,brown,DDX21
cg11964823,grey,MICB
cg11965514,turquoise,C8orf76
cg11965880,turquoise,PIP4K2A
cg11965913,grey,PM20D1
cg11966583,turquoise,TADA1
cg11967675,turquoise,MVK
cg11970050,darkolivegreen,HMGA2
cg11971478,turquoise,WIPF2
cg11972327,blue,RERE
cg11973052,turquoise,SOCS1
cg11973177,turquoise,VIM
cg11974956,turquoise,RNGTT
cg11975206,grey,PAOX
cg11976929,turquoise,MED20
cg11978873,grey,H3F3A
cg11979875,blue,EXOSC9
cg11982332,turquoise,C8orf38
cg11982525,turquoise,PIK3CG
cg11983322,blue,LOC646999
cg11985321,blue,PTPRN2
cg11988964,turquoise,DKK1
cg11991866,turquoise,SERINC4
cg11992783,grey,MYH14
cg11994551,turquoise,IMMT
cg11995506,turquoise,RNF5
cg11997514,turquoise,ZNF780B
cg11998497,blue,ARHGEF4
cg12000995,grey,KRTCAP3
cg12002139,grey,SYNJ2
cg12004115,turquoise,MARS2
cg12005429,turquoise,ROMO1
cg12006118,grey,
cg12009398,grey,VIPR2
cg12011299,grey,ADH4
cg12011343,grey,
cg12011436,turquoise,CYYR1
cg12014368,blue,MRAP
cg12015310,turquoise,MEIS2
cg12015991,grey,HLA-DRB5
cg12016809,grey,C21orf56
cg12018549,turquoise,SFRS13B
cg12020433,grey,TMEM87A
cg12020549,turquoise,COMP
cg12022049,turquoise,MAX
cg12022184,turquoise,ENTPD5
cg12024050,turquoise,DPYSL2
cg12024328,turquoise,BRD2
cg12024828,turquoise,LOC100130872-SPON2
cg12024969,grey,SH2D3A
cg12025522,darkolivegreen,MAGI2
cg12028991,turquoise,RAB11B
cg12030941,grey,
cg12031962,grey,ALDH1A2
cg12032443,darkred,C6orf136
cg12033288,grey,
cg12033943,grey,ZNF345
cg12034118,grey,IRF6
cg12034187,turquoise,POLD2
cg12035585,turquoise,FAM134C
cg12036553,blue,WDR37
cg12036633,grey,
cg12039242,turquoise,YWHAZ
cg12041069,blue,RUNX2
cg12042659,grey,ZNF132
cg12043428,turquoise,GALM
cg12045294,turquoise,RPTOR
cg12045875,grey,DDX43
cg12046602,grey,
cg12046882,blue,PDE4B
cg12047714,turquoise,C17orf62
cg12049462,turquoise,CFLAR
cg12052203,grey,B3GNT1
cg12052250,grey,FGF8
cg12054852,turquoise,
cg12055610,blue,GABBR1
cg12059848,blue,CD101
cg12060306,turquoise,KRT86
cg12061711,turquoise,NUP133
cg12062051,sienna3,SNTB1
cg12064373,grey,BRSK2
cg12066398,turquoise,PLA2G16
cg12066438,turquoise,TMPO
cg12068463,blue,EP400
cg12069132,blue,AOAH
cg12072333,turquoise,WDR91
cg12072964,turquoise,LAMA1
cg12073754,turquoise,PAN3
cg12075445,grey,GALNT9
cg12075498,grey,JAK1
cg12076931,grey,NOTCH1
cg12078154,grey,RPTOR
cg12078775,grey,
cg12081743,yellow,HDAC9
cg12081754,grey,SLC39A14
cg12082025,grey,ABCA7
cg12083965,turquoise,CALCA
cg12083990,turquoise,SNX4
cg12084011,turquoise,BCAP29
cg12086936,turquoise,PAX6
cg12087941,blue,
cg12089985,turquoise,HIST1H4C
cg12092561,turquoise,PTCHD2
cg12094942,blue,ZMYND11
cg12097222,grey,EFHA2
cg12097325,grey,
cg12098896,blue,MAD1L1
cg12099727,turquoise,WBSCR22
cg12100751,grey,C1orf59
cg12101108,grey,LRRC33
cg12102151,grey,SLMO2
cg12103149,turquoise,TRIM26
cg12103840,turquoise,SNX3
cg12105030,turquoise,KIAA1324L
cg12105108,turquoise,METTL4
cg12107643,blue,PTPRS
cg12109823,grey,
cg12111272,turquoise,PPIA
cg12111432,grey,PRR24
cg12114933,blue,THBS2
cg12117703,blue,U2AF2
cg12118013,grey,
cg12119313,turquoise,RGL2
cg12119625,grey,LOC284379
cg12119715,turquoise,C22orf41
cg12121643,grey,DGKG
cg12123693,blue,
cg12126027,turquoise,MYADM
cg12127780,turquoise,MRPS12
cg12128740,skyblue,INADL
cg12128839,grey,HOXA5
cg12129209,turquoise,PPP2R5C
cg12129796,turquoise,
cg12132617,blue,ADIPOR1
cg12133078,blue,C1orf96
cg12133103,blue,CRISPLD1
cg12136764,blue,AADAC
cg12139617,blue,ALPK1
cg12141218,grey,LAMB3
cg12145866,turquoise,C5orf15
cg12147137,turquoise,WASF3
cg12148237,blue,PRKDC
cg12148647,grey,PIP5K1C
cg12148899,turquoise,RGMB
cg12151296,turquoise,CCND3
cg12152938,turquoise,NAP1L1
cg12153106,blue,NDUFS6
cg12155841,blue,GOLPH3
cg12156759,turquoise,EIF3K
cg12156831,darkred,SLC44A2
cg12158124,blue,INPP4A
cg12159023,grey,HCN2
cg12160103,turquoise,MAPK15
cg12161132,grey,STK32C
cg12162424,grey,ABCC13
cg12164973,turquoise,C6orf217
cg12166435,turquoise,SIN3B
cg12166806,turquoise,TXNRD1
cg12169661,grey,CLDN3
cg12169977,turquoise,HIST1H2BE
cg12172046,turquoise,
cg12173150,grey,
cg12173535,grey,MBOAT7
cg12176476,turquoise,SIN3A
cg12176856,blue,PDE8A
cg12180121,turquoise,ERLIN2
cg12181217,turquoise,
cg12181634,turquoise,GNG4
cg12182649,grey,MICA
cg12183978,blue,PAM
cg12184854,blue,TP63
cg12186219,grey,BRSK2
cg12191300,blue,
cg12192884,blue,NKD2
cg12193484,turquoise,SLC25A46
cg12193833,grey,
cg12193927,turquoise,PCDHB10
cg12193929,grey,PCDHA6
cg12195230,blue,CDC42BPB
cg12195369,grey,ISOC2
cg12196389,grey,
cg12198729,turquoise,BTRC
cg12199425,turquoise,LOC100129716
cg12201155,blue,MAEA
cg12204732,grey,DOCK1
cg12206093,turquoise,FRMD8
cg12207120,darkorange,SFTA3
cg12209861,blue,C4orf19
cg12211962,turquoise,ALDH18A1
cg12212336,turquoise,CAB39
cg12212829,turquoise,
cg12215484,blue,CDKAL1
cg12218126,darkorange,LIPE
cg12219531,turquoise,COQ5
cg12219838,blue,RIPK1
cg12222459,red,MECR
cg12222699,turquoise,ANKRD34A
cg12228919,grey,SPG11
cg12233208,turquoise,BBC3
cg12234287,turquoise,LTB
cg12235988,turquoise,UQCR
cg12241125,turquoise,EIF4H
cg12242373,turquoise,MIR609
cg12245770,grey,RPSAP58
cg12251884,magenta,ARIH1
cg12252135,grey,FSCN2
cg12253191,grey,
cg12253469,blue,MPST
cg12255293,turquoise,COQ5
cg12255352,blue,MIPEP
cg12256688,turquoise,
cg12262427,turquoise,PTPN12
cg12262681,turquoise,LRCH3
cg12266953,grey,GDF7
cg12267883,turquoise,UBL3
cg12269355,turquoise,NT5C
cg12270520,turquoise,ZNF517
cg12271223,turquoise,GPR157
cg12274443,turquoise,FAM171A2
cg12278467,turquoise,LOC645323
cg12278631,blue,FAF1
cg12279688,grey,
cg12280168,turquoise,ZNF57
cg12280242,grey,
cg12280692,grey,
cg12283822,turquoise,LOC93622
cg12286307,turquoise,EXOC4
cg12286540,turquoise,MBD3
cg12286861,blue,SHOC2
cg12287025,turquoise,ACCS
cg12290671,grey,
cg12292584,blue,IQSEC1
cg12292808,yellow,UPF1
cg12293415,turquoise,RTTN
cg12294506,grey,AGPAT5
cg12296550,grey,HLA-DQB2
cg12297350,blue,TARBP1
cg12300890,turquoise,VPS72
cg12301620,turquoise,IFT172
cg12302189,blue,
cg12302718,turquoise,ADPRHL2
cg12308909,turquoise,RPS6KA2
cg12310025,grey,
cg12310774,turquoise,CCNL1
cg12311815,grey,GPR39
cg12311930,turquoise,RANBP2
cg12314510,darkturquoise,DYNLL2
cg12314730,grey,
cg12317470,turquoise,
cg12317811,turquoise,RSL24D1
cg12319143,grey,
cg12323980,turquoise,CCAR1
cg12325588,turquoise,
cg12328063,turquoise,SFMBT2
cg12328282,turquoise,NUDCD2
cg12329405,turquoise,HK1
cg12329832,turquoise,C8orf80
cg12333160,grey,
cg12335829,turquoise,
cg12337098,blue,PLAC8L1
cg12339003,turquoise,MDN1
cg12339802,grey,C1orf109
cg12341060,turquoise,JAG2
cg12342675,grey,BICC1
cg12346749,turquoise,HPCAL1
cg12347792,grey,CCDC110
cg12349875,turquoise,LSM5
cg12351126,grey,GLIPR1L2
cg12351660,grey,PLAU
cg12352347,turquoise,
cg12356249,blue,MAD1L1
cg12357681,turquoise,CCNL1
cg12358443,darkturquoise,AP4M1
cg12361311,lightgreen,TRPC4AP
cg12364461,blue,MTHFS
cg12365107,turquoise,GNL3
cg12367789,blue,STK39
cg12373573,turquoise,TSPAN19
cg12373982,turquoise,
cg12375025,grey,RTTN
cg12377026,blue,ZFP62
cg12378950,blue,BUB1B
cg12379294,turquoise,DOCK9
cg12382418,blue,METTL6
cg12386194,turquoise,SENP7
cg12386876,blue,TCHP
cg12387009,turquoise,ZMYM5
cg12390081,blue,EXOC2
cg12390516,grey,BEND7
cg12390895,turquoise,
cg12392916,turquoise,ING4
cg12397802,grey,EGR2
cg12402800,turquoise,C5orf35
cg12402831,blue,PLD5
cg12403142,grey,
cg12404990,grey,NAP1L1
cg12405231,blue,SLC30A1
cg12405775,turquoise,MRPL3
cg12405785,turquoise,HLX
cg12405833,turquoise,RUNDC2A
cg12406825,turquoise,PTGFRN
cg12409601,grey,PLK3
cg12412902,grey,PACSIN1
cg12415761,blue,
cg12417071,turquoise,CCNA1
cg12417372,midnightblue,LRRC42
cg12419348,grey,TRIM25
cg12420858,turquoise,SPOCK1
cg12421032,turquoise,ETV3
cg12422026,blue,SCP2
cg12424509,grey,CDK12
cg12426196,turquoise,TSTD1
cg12430845,black,NIPBL
cg12433062,grey,PSME3
cg12434587,grey,MGMT
cg12437277,grey,
cg12437481,grey,MRPL28
cg12437873,turquoise,FAM111A
cg12438666,turquoise,C2orf15
cg12440927,grey,PTPRN2
cg12441052,grey,ZDHHC24
cg12442246,turquoise,
cg12443444,turquoise,POFUT2
cg12444845,grey,TMEM68
cg12446214,blue,
cg12446939,blue,ASH1L
cg12447069,turquoise,S100A11
cg12450040,turquoise,ZBTB7B
cg12451631,yellow,RASGEF1A
cg12452849,turquoise,DDX1
cg12454169,grey,LCLAT1
cg12461281,blue,
cg12461568,turquoise,HAS2
cg12462078,blue,PDE11A
cg12462916,blue,
cg12463578,violet,ZFP57
cg12466613,blue,NR3C1
cg12466737,turquoise,BRUNOL4
cg12467864,turquoise,PRC1
cg12469257,blue,NGLY1
cg12469954,turquoise,LOC143666
cg12470721,blue,FGGY
cg12473285,turquoise,SOST
cg12475128,saddlebrown,ACTG1
cg12477880,grey,RUNX1
cg12479444,grey,
cg12480053,turquoise,
cg12481734,grey,SRRT
cg12481893,blue,SRI
cg12482557,grey,XKR5
cg12483476,grey,GRM6
cg12485044,blue,HMGB1
cg12485685,blue,
cg12489353,grey,EHD2
cg12489444,blue,C2orf83
cg12490816,turquoise,C5orf44
cg12491688,red,CASC4
cg12493494,blue,CCDC84
cg12494208,blue,CLTC
cg12498453,turquoise,DIDO1
cg12499123,turquoise,CCT5
cg12499235,grey,ASCL2
cg12500284,turquoise,SLC35E1
cg12500731,grey,
cg12503237,blue,PUS3
cg12503243,turquoise,PRPF39
cg12503643,turquoise,
cg12504187,turquoise,WDR7
cg12505938,turquoise,GAN
cg12507502,blue,
cg12510981,turquoise,PPP1R16B
cg12511749,sienna3,
cg12511887,turquoise,CSNK1A1
cg12512466,blue,ARHGEF10
cg12518410,turquoise,LOC100287216
cg12519992,turquoise,CDC25C
cg12520249,grey,MAPK10
cg12521813,turquoise,TBXAS1
cg12522039,turquoise,TMX3
cg12524725,blue,
cg12526120,grey,GLRX2
cg12526318,turquoise,PCDHB17
cg12526997,grey,
cg12527909,blue,PRPF38B
cg12528056,grey,GPR44
cg12528349,blue,JAZF1
cg12528394,turquoise,TRIM28
cg12528403,turquoise,ZNF684
cg12528753,turquoise,ASPM
cg12528981,blue,
cg12529083,turquoise,KIAA1467
cg12530994,turquoise,AKR1C3
cg12536527,blue,CACNA2D1
cg12537925,turquoise,
cg12538400,turquoise,GAS2L1
cg12539128,turquoise,TEX261
cg12539796,turquoise,C5orf49
cg12543807,blue,
cg12545958,turquoise,RBMS1
cg12548629,turquoise,CDK6
cg12551582,turquoise,CHFR
cg12553223,turquoise,C20orf43
cg12558755,turquoise,SNX10
cg12560992,turquoise,TRIM37
cg12561169,blue,FRAS1
cg12563520,blue,COL1A2
cg12563935,blue,RGS9
cg12565250,grey,EIF4EBP2
cg12565580,blue,ATP8A2
cg12565636,turquoise,IDO2
cg12571978,blue,
cg12575325,turquoise,NAT9
cg12576153,grey60,SLC26A2
cg12577321,turquoise,RPS6KB2
cg12578791,turquoise,ABCD3
cg12580445,grey,LOX
cg12580665,turquoise,
cg12580752,turquoise,
cg12580870,turquoise,CCAR1
cg12581244,turquoise,SLFN11
cg12586386,grey,AQP11
cg12586428,turquoise,BTG2
cg12586596,grey,MFSD5
cg12587729,turquoise,TMBIM6
cg12589600,turquoise,GTF2F1
cg12590548,grey,ERCC6
cg12591377,blue,KRT27
cg12592974,turquoise,
cg12593336,black,HAUS3
cg12594911,turquoise,PDE4DIP
cg12596171,turquoise,SIDT1
cg12598099,turquoise,ZCCHC2
cg12600030,turquoise,FSCN1
cg12600418,tan,ZC3H12A
cg12601032,royalblue,DSN1
cg12603338,turquoise,FBXO3
cg12604058,blue,NEXN
cg12604331,grey,ARHGEF11
cg12606911,grey,CD8A
cg12607106,blue,SMYD3
cg12607413,grey,TMEM151A
cg12609785,turquoise,
cg12610061,brown,ZNF643
cg12610243,turquoise,GAR1
cg12615165,grey,GATA6
cg12616926,turquoise,RBMS1
cg12618624,blue,TMEM212
cg12620342,green,ESYT1
cg12620806,blue,NTF3
cg12623302,grey,ZSCAN12L1
cg12623852,grey,
cg12624080,turquoise,NEIL3
cg12624829,grey,CCDC147
cg12626639,blue,GOT1
cg12627700,turquoise,RHOC
cg12628672,steelblue,
cg12630461,grey,RCCD1
cg12630522,turquoise,TESK2
cg12630974,turquoise,MED18
cg12631735,turquoise,RGMA
cg12632313,blue,RND3
cg12632569,blue,LAMB4
cg12632753,turquoise,BBS7
cg12635019,turquoise,PAK6
cg12636971,blue,CD55
cg12637869,turquoise,ILDR1
cg12637942,brown,NEAT1
cg12638728,turquoise,ZC3H8
cg12639574,blue,ABL2
cg12640631,blue,IFNG
cg12641240,grey,ERICH1
cg12641286,blue,
cg12642717,blue,CIDEA
cg12644123,blue,
cg12644625,turquoise,SGSM1
cg12644888,violet,
cg12645284,grey,ADAMTS7
cg12646307,blue,TCF4
cg12646754,grey,
cg12647333,turquoise,ZNF341
cg12648201,grey,KRTCAP3
cg12648931,grey,C5orf33
cg12650565,blue,
cg12651540,blue,KIF7
cg12652739,turquoise,
cg12654155,blue,
cg12654743,pink,ALOXE3
cg12656653,blue,FRMD4A
cg12657014,blue,ZNF672
cg12657380,blue,CLSTN1
cg12658906,blue,DIP2C
cg12659027,turquoise,PAF1
cg12660026,turquoise,NCAPD2
cg12660466,blue,MRPS28
cg12661370,cyan,SLC26A2
cg12661648,turquoise,ITGA6
cg12662931,turquoise,DUSP19
cg12664207,tan,FBXO22
cg12664560,turquoise,HOMER2
cg12664940,turquoise,PCDHB1
cg12665951,turquoise,HERPUD2
cg12667257,turquoise,INTS7
cg12667521,grey,
cg12667888,turquoise,NAPG
cg12668710,turquoise,DDX59
cg12672189,grey,
cg12677267,blue,
cg12678451,turquoise,XYLB
cg12679965,turquoise,IMP3
cg12684360,turquoise,KPNA3
cg12687343,turquoise,PDCD7
cg12687926,grey,
cg12692753,turquoise,MINPP1
cg12694372,grey,TNXB
cg12697442,turquoise,YAP1
cg12698349,turquoise,CUL3
cg12698713,blue,
cg12698737,turquoise,ANP32A
cg12701942,blue,PBX1
cg12705640,turquoise,RBM34
cg12706964,blue,DST
cg12707135,grey,
cg12708807,steelblue,CRYZL1
cg12710567,turquoise,SIRT7
cg12711755,grey,
cg12712415,grey,MAP3K7
cg12715285,blue,MEGF6
cg12717203,grey,ZNF718
cg12718519,grey,PRKCZ
cg12722217,grey,FRMD5
cg12724384,blue,NCOA2
cg12725284,turquoise,ZNF24
cg12725760,grey,
cg12726960,turquoise,STAC
cg12730088,lightgreen,HLA-B
cg12732284,blue,PLD1
cg12732734,yellow,PIGX
cg12734920,turquoise,BZW1
cg12736359,white,
cg12736937,turquoise,ZFP41
cg12737876,turquoise,USP39
cg12738763,grey,
cg12743169,turquoise,KLHL11
cg12743638,grey,LOC150197
cg12744031,grey,
cg12745764,turquoise,ZNF804B
cg12746557,grey,KCNJ15
cg12747844,blue,
cg12748926,turquoise,PLD3
cg12749132,turquoise,LOC100132111
cg12751644,grey,
cg12754571,grey,LOC148824
cg12756686,grey,
cg12758451,turquoise,MTERFD3
cg12760041,turquoise,C2orf67
cg12761728,blue,TAP2
cg12762432,turquoise,CCDC41
cg12765107,blue,
cg12765123,grey,
cg12766407,turquoise,TEX9
cg12769705,grey,CPXM2
cg12771281,grey,SLC38A6
cg12772418,turquoise,HDAC2
cg12774454,blue,ABLIM2
cg12777448,turquoise,C14orf37
cg12786570,grey,KIAA1462
cg12787036,blue,CDYL
cg12791010,turquoise,WDR75
cg12792264,grey,GLT25D2
cg12793314,blue,TRAM2
cg12794421,turquoise,SH2D4A
cg12794691,brown,C3orf52
cg12798157,grey,AKR7L
cg12799003,turquoise,C8orf59
cg12799314,grey,ADARB2
cg12802486,blue,SHANK2
cg12802822,turquoise,FAM111A
cg12803053,blue,NSMCE2
cg12803068,grey,MYO1G
cg12804420,turquoise,ATAD5
cg12805580,yellow,ZFP41
cg12805593,midnightblue,WDR12
cg12806892,turquoise,
cg12807013,purple,
cg12809314,turquoise,ZNF445
cg12810325,turquoise,
cg12810560,grey,HINT1
cg12811552,turquoise,ATP6V0E1
cg12813394,grey,
cg12814384,blue,NAAA
cg12814535,blue,CNOT2
cg12815697,turquoise,HSBP1
cg12818067,turquoise,DEPDC7
cg12822818,grey,PTS
cg12824246,turquoise,CTDSPL
cg12824719,purple,A4GALT
cg12828262,turquoise,PRR3
cg12832355,turquoise,DAXX
cg12832630,turquoise,ABHD5
cg12833861,blue,
cg12835924,turquoise,ZNF239
cg12835981,grey,LCLAT1
cg12837030,grey,
cg12837306,grey,
cg12842013,turquoise,HOMEZ
cg12846190,grey,C10orf26
cg12847279,turquoise,DHX15
cg12847536,grey,ARHGEF10
cg12847800,turquoise,FAM45B
cg12848220,turquoise,NSMAF
cg12849795,grey,CFL1
cg12850078,grey,LOC254559
cg12851717,blue,CLYBL
cg12852390,blue,C5orf24
cg12853648,grey,BAI1
cg12854762,blue,KIAA1549
cg12855247,turquoise,TRRAP
cg12857520,blue,
cg12858909,turquoise,GABRA2
cg12861945,purple,C4orf39
cg12865405,blue,C11orf40
cg12865552,turquoise,
cg12866999,grey60,CNOT2
cg12867312,blue,BRAF
cg12868173,turquoise,
cg12870705,grey,NRP1
cg12870876,grey,ICA1L
cg12871124,turquoise,STARD4
cg12874092,salmon,VIM
cg12878710,turquoise,LRCH3
cg12879339,yellow,MFAP3
cg12879386,turquoise,CCNG1
cg12881037,turquoise,ADO
cg12881363,grey,MOV10L1
cg12881726,grey,GGCT
cg12885302,turquoise,
cg12887581,grey,
cg12888127,grey,KNTC1
cg12888358,turquoise,KDM3A
cg12889195,grey,PAX8
cg12891197,turquoise,DDX17
cg12891252,turquoise,HNRNPF
cg12892311,turquoise,ERI1
cg12893697,grey,AP2A2
cg12894649,grey,BTBD3
cg12894711,grey,BLVRA
cg12894990,turquoise,PXMP3
cg12897067,grey,
cg12898275,turquoise,LOC222699
cg12905261,turquoise,
cg12905574,turquoise,C5orf24
cg12905935,blue,LOC729678
cg12906381,grey,RFPL2
cg12907969,blue,LYSMD3
cg12908607,grey,ARTN
cg12908608,turquoise,MOBKL3
cg12909983,turquoise,MEPCE
cg12910494,turquoise,ULBP2
cg12914096,grey,RAB28
cg12918604,blue,ANKAR
cg12919135,turquoise,C15orf44
cg12921992,darkred,H2AFV
cg12924825,turquoise,L3MBTL4
cg12925355,blue,USP40
cg12925933,turquoise,DUSP19
cg12927153,saddlebrown,PTGS1
cg12927641,grey,
cg12927990,grey,GRP
cg12928619,grey,WDR54
cg12929486,turquoise,SLC22A16
cg12929567,turquoise,KCNK4
cg12930602,turquoise,CCDC85B
cg12932813,turquoise,RG9MTD1
cg12933790,turquoise,PATZ1
cg12936639,turquoise,CSNK1D
cg12938017,turquoise,
cg12938565,turquoise,C6orf147
cg12939425,grey,
cg12940558,turquoise,CD164
cg12941754,grey,
cg12943317,blue,HAVCR1
cg12944343,grey,
cg12944530,turquoise,CFLAR
cg12946371,turquoise,
cg12946880,turquoise,MAGI1
cg12950816,grey,ZFAND2A
cg12954245,blue,MON2
cg12954512,grey,
cg12955069,blue,CNOT1
cg12955789,grey,RASGEF1C
cg12960467,blue,CDKL3
cg12963866,steelblue,ZNF805
cg12965799,turquoise,SDR39U1
cg12965833,blue,YY1
cg12966283,turquoise,ZNF133
cg12966915,grey,SRD5A1
cg12967164,grey,ELFN1
cg12967218,blue,KCNQ5
cg12968518,turquoise,ACVR2A
cg12970830,blue,
cg12973168,turquoise,PSMD8
cg12974393,grey,
cg12974756,turquoise,C20orf43
cg12976424,darkgreen,SF3B5
cg12978227,blue,PIK3CG
cg12980527,turquoise,NIPBL
cg12980917,black,DPF1
cg12986338,turquoise,
cg12988522,grey,SHMT2
cg12988534,grey,COBL
cg12988725,turquoise,MCFD2
cg12993975,turquoise,SRRT
cg12998491,grey,FAM78A
cg12999837,turquoise,MIF4GD
cg13001868,turquoise,C17orf46
cg13002945,turquoise,FAM126A
cg13004635,grey,SLC9A3
cg13007763,blue,
cg13010199,turquoise,ALG10B
cg13012494,grey,C21orf56
cg13016797,grey,
cg13016975,blue,GPRC6A
cg13018120,turquoise,CD300E
cg13019149,turquoise,BZW2
cg13019513,turquoise,SHFM1
cg13021277,turquoise,HIVEP1
cg13023646,grey,TRIM61
cg13024275,blue,NFKBIZ
cg13026587,turquoise,
cg13029706,turquoise,PHF14
cg13031210,darkgrey,DBX2
cg13031432,turquoise,NDRG4
cg13033090,turquoise,BRUNOL4
cg13038229,blue,
cg13038422,blue,CACNA2D4
cg13041080,blue,IL17F
cg13042536,turquoise,BRMS1L
cg13042918,blue,SYNPO2
cg13043150,turquoise,ARPC1B
cg13044277,turquoise,NRG4
cg13045555,grey,
cg13045913,grey,DNAJC17
cg13047869,grey,C3orf24
cg13049961,blue,
cg13050318,blue,KIAA0586
cg13050766,turquoise,ATG4C
cg13050802,grey,
cg13051071,grey,ANKRD34A
cg13052034,turquoise,SGIP1
cg13053595,blue,SRPRB
cg13055374,green,SSBP3
cg13058734,blue,SMYD3
cg13060520,turquoise,CUL2
cg13063101,blue,HAO2
cg13063405,grey,EPHB3
cg13064049,turquoise,UTP11L
cg13065203,blue,TIPARP
cg13066546,blue,C21orf29
cg13067509,blue,KIAA0753
cg13067553,grey,
cg13071476,turquoise,NEU1
cg13071660,blue,TRAPPC9
cg13071672,turquoise,DYRK3
cg13072246,red,ARHGAP20
cg13077366,grey,BRUNOL4
cg13078567,blue,ESRP1
cg13078969,turquoise,ADIPOR2
cg13080195,turquoise,SCD5
cg13080626,turquoise,KCNC4
cg13081526,grey,
cg13084049,turquoise,SUV420H2
cg13085338,turquoise,CENPF
cg13085893,darkred,KRAS
cg13086581,turquoise,GLUL
cg13090417,blue,PRPF39
cg13091707,turquoise,RAB2B
cg13092405,grey,
cg13094036,turquoise,CRHR2
cg13096135,grey,SCARA3
cg13096242,grey,BRD2
cg13096436,purple,C18orf8
cg13096721,blue,FAF1
cg13098082,turquoise,
cg13100449,turquoise,FAM129A
cg13101088,blue,PELI1
cg13105599,grey,
cg13106476,grey,TMEM170B
cg13108328,turquoise,PLEKHA5
cg13109289,blue,C1GALT1
cg13110711,turquoise,ABHD15
cg13111532,grey,KIAA1751
cg13114458,salmon,KRR1
cg13115617,turquoise,MIR1292
cg13115661,turquoise,ASTN1
cg13116799,turquoise,YWHAG
cg13120814,turquoise,TMEM140
cg13126279,grey,C21orf56
cg13131034,turquoise,SNRNP48
cg13132497,grey,
cg13135047,blue,RALA
cg13136242,turquoise,CTDSPL2
cg13137458,turquoise,PAK1
cg13138389,turquoise,SOCS5
cg13138952,turquoise,
cg13139972,grey,DKK2
cg13141192,turquoise,NDRG2
cg13143525,turquoise,
cg13145591,turquoise,IRF7
cg13146913,blue,KRTAP1-3
cg13148824,turquoise,DDIT3
cg13148921,grey,ARNT2
cg13149330,turquoise,CACYBP
cg13151811,yellow,LRP5
cg13153394,turquoise,
cg13153708,blue,
cg13154104,turquoise,HPCAL1
cg13162581,blue,UNK
cg13162749,blue,MTMR15
cg13163403,turquoise,SLC9A3R1
cg13169073,blue,
cg13169132,grey,TMEM88B
cg13169479,blue,OR2J2
cg13173848,turquoise,BNC2
cg13173903,turquoise,RPN2
cg13174197,turquoise,GNL3
cg13174850,purple,C14orf142
cg13179085,turquoise,SOCS2
cg13179983,turquoise,PIK3R2
cg13181022,blue,CPM
cg13184723,turquoise,FLJ39653
cg13185030,turquoise,LGALS3
cg13186010,blue,FLJ32810
cg13186327,grey,DBX2
cg13186466,turquoise,TIMM8B
cg13190531,turquoise,POLR3B
cg13193757,turquoise,RNF114
cg13195796,turquoise,NDUFS5
cg13196826,grey,SLIT1
cg13197680,turquoise,DSTYK
cg13198269,turquoise,ADIPOR1
cg13202122,turquoise,LEPROT
cg13204290,turquoise,CORO1C
cg13204568,darkgreen,DHRS3
cg13206674,turquoise,NUP43
cg13206850,blue,ATXN7L1
cg13207180,grey,
cg13207630,grey,
cg13209085,turquoise,ILF2
cg13209122,turquoise,ITPKB
cg13209455,turquoise,SDR39U1
cg13210558,blue,
cg13213997,turquoise,MBLAC1
cg13214190,turquoise,PIK3CG
cg13216267,turquoise,C18orf22
cg13216616,blue,
cg13217159,turquoise,CAPRIN2
cg13217658,blue,
cg13219564,darkred,SOCS5
cg13220109,turquoise,LHPP
cg13220357,turquoise,SGSM1
cg13222022,blue,BCAS3
cg13223806,turquoise,
cg13224723,turquoise,PAOX
cg13224999,turquoise,C1orf31
cg13227646,turquoise,BLOC1S2
cg13229233,blue,
cg13230172,grey,TMEM136
cg13232357,grey,GABPB2
cg13235160,turquoise,KLHDC10
cg13236637,turquoise,MED21
cg13236881,turquoise,PON2
cg13237365,turquoise,
cg13241681,blue,TMCO3
cg13242090,blue,PDLIM1
cg13244592,red,FBXO43
cg13244804,turquoise,MYC
cg13245912,orange,RTN3
cg13247581,tan,ENTPD2
cg13248778,turquoise,
cg13250001,turquoise,GSK3B
cg13251256,turquoise,CCDC84
cg13255282,grey,CYTL1
cg13255285,grey,LARP7
cg13257436,grey,PPP1R16A
cg13257514,saddlebrown,
cg13258039,turquoise,EFNB3
cg13259118,turquoise,HIF1A
cg13260133,blue,
cg13260333,turquoise,C6orf108
cg13261536,blue,ZFP41
cg13263472,blue,HSP90AA1
cg13263723,blue,
cg13264059,turquoise,PTPRE
cg13264548,pink,
cg13264672,grey,CDK13
cg13273398,turquoise,RSPH4A
cg13275176,turquoise,SEMA4C
cg13275515,blue,
cg13277451,grey,RBM43
cg13279858,lightcyan,PECI
cg13280359,blue,KIAA1530
cg13282195,grey,NAPRT1
cg13283691,turquoise,
cg13288599,blue,TRIO
cg13289463,blue,RBMS1
cg13289884,turquoise,CDKN1B
cg13292458,turquoise,RNMT
cg13293296,blue,C2orf64
cg13294447,grey,DIP2B
cg13296485,blue,RAB2A
cg13297703,turquoise,
cg13298070,grey,
cg13298116,grey,EML3
cg13300757,turquoise,CC2D1B
cg13301155,grey,MEX3B
cg13303475,grey,NT5DC3
cg13305165,turquoise,NGLY1
cg13308137,grey,CUGBP1
cg13309218,turquoise,RAB1B
cg13310154,turquoise,
cg13311886,blue,CYFIP1
cg13312387,grey,NMUR1
cg13315147,grey,CYP2E1
cg13319049,turquoise,UBE2K
cg13319446,turquoise,LOC283663
cg13320211,grey,PPAP2B
cg13320224,blue,RAPH1
cg13320555,turquoise,PDCD5
cg13322037,blue,
cg13322601,blue,ODZ3
cg13324546,grey,NKX2-6
cg13324547,turquoise,BAMBI
cg13325261,turquoise,ARNTL2
cg13326227,turquoise,INSM1
cg13326420,blue,TSC22D2
cg13329852,turquoise,EBPL
cg13329981,turquoise,NACA
cg13330411,turquoise,
cg13331354,turquoise,SSBP4
cg13332474,turquoise,
cg13332538,turquoise,
cg13334285,turquoise,TAX1BP1
cg13334396,blue,C6orf10
cg13336690,grey,HLA-DOA
cg13337047,grey,
cg13337201,turquoise,FCHO2
cg13337238,turquoise,HIST1H4A
cg13337295,blue,
cg13340126,grey,SLC9A3
cg13341536,turquoise,CCDC66
cg13343203,paleturquoise,
cg13344095,grey,
cg13344169,grey,SSTR2
cg13345209,blue,C7orf71
cg13346441,grey,BID
cg13347201,turquoise,SHQ1
cg13347679,grey,BRPF1
cg13348059,lightgreen,
cg13348155,turquoise,
cg13348458,grey,
cg13352717,blue,ABHD8
cg13353325,blue,GNAS
cg13353717,grey,HLA-DQB1
cg13356427,turquoise,ESPN
cg13359054,turquoise,NUFIP2
cg13361705,turquoise,PRPF4B
cg13362637,turquoise,CD74
cg13365209,grey,UQCRQ
cg13365658,turquoise,C1orf27
cg13366601,blue,ESYT2
cg13368756,grey,CTNND2
cg13370754,blue,SSBP2
cg13371870,blue,EFCAB2
cg13372743,grey,PXDNL
cg13374688,turquoise,SUMO1
cg13375589,grey,SMTNL2
cg13376290,grey,ARRB2
cg13377965,blue,ALPL
cg13379325,grey,KCNQ2
cg13379983,grey,BOLL
cg13381203,blue,C11orf49
cg13381718,turquoise,ISCU
cg13387677,cyan,GCAT
cg13388615,grey,
cg13389611,turquoise,USP13
cg13390998,grey,NFKBIL2
cg13392078,grey,RECK
cg13393721,grey,MPL
cg13396858,turquoise,
cg13399903,grey,ATP8B4
cg13400176,turquoise,MYB
cg13400188,turquoise,DENND3
cg13401290,turquoise,VTA1
cg13401533,turquoise,MEAF6
cg13401987,turquoise,APH1B
cg13402698,turquoise,PNPT1
cg13403462,grey,NECAB3
cg13403466,blue,NSFL1C
cg13404054,grey,NOTCH3
cg13405775,grey,RFPL2
cg13405783,grey,OPRK1
cg13406893,grey,GPR133
cg13409170,grey,NR6A1
cg13409888,turquoise,PXT1
cg13410446,turquoise,TLE1
cg13412514,blue,TMCO3
cg13413755,turquoise,NFIL3
cg13414629,grey,FREQ
cg13415120,blue,
cg13417420,grey,GPR19
cg13418935,turquoise,ZNF589
cg13421116,turquoise,AP3M1
cg13421612,turquoise,
cg13423076,turquoise,CXXC1
cg13423282,grey,SLC25A42
cg13426857,turquoise,CCHCR1
cg13428516,grey,MAMSTR
cg13433942,turquoise,CDC37L1
cg13435101,turquoise,MTO1
cg13435392,turquoise,CCNA1
cg13436085,grey,ABCF3
cg13436232,turquoise,ATPIF1
cg13437307,blue,CLVS1
cg13438631,turquoise,SLC2A4
cg13443092,turquoise,NXN
cg13443168,blue,
cg13443842,yellow,CACNA1C
cg13444528,turquoise,C4orf41
cg13444538,grey,VIPR2
cg13445218,turquoise,HNRNPA1
cg13446543,turquoise,C10orf131
cg13447295,grey,
cg13448197,grey,
cg13448401,turquoise,ORC6L
cg13448596,grey,MYOM2
cg13448814,turquoise,CSMD3
cg13451370,darkgreen,DHX8
cg13452400,grey,CMPK2
cg13452994,grey,
cg13453904,turquoise,
cg13455597,grey,KIAA0020
cg13455842,blue,KANK1
cg13457410,grey,PIK3CD
cg13457961,greenyellow,SNORD2
cg13458335,turquoise,BMP8B
cg13459077,blue,ZCCHC7
cg13459361,turquoise,COMMD6
cg13460643,grey,G0S2
cg13462158,grey,PCSK9
cg13462232,turquoise,DSTN
cg13463367,turquoise,PSMC2
cg13464744,turquoise,TGFB1
cg13465838,turquoise,SLC9A2
cg13465890,blue,
cg13466565,turquoise,GLIPR2
cg13468174,grey,ZNF584
cg13468767,grey,
cg13469425,grey,TEC
cg13470160,blue,CDC14B
cg13470477,turquoise,OXNAD1
cg13470919,turquoise,ISCU
cg13471254,grey,TRUB2
cg13472470,blue,
cg13473909,royalblue,PRPF4
cg13475388,turquoise,MIR1908
cg13475583,turquoise,
cg13475699,turquoise,PSMA7
cg13475732,grey,ISOC2
cg13477164,grey,C17orf97
cg13481969,grey,
cg13483603,turquoise,OAS1
cg13487949,turquoise,LOC441046
cg13489040,turquoise,
cg13489479,grey60,C20orf196
cg13489694,turquoise,AMDHD1
cg13490403,grey,LHX6
cg13491192,purple,FBXO42
cg13491584,turquoise,FOXI3
cg13495532,turquoise,HSP90AB1
cg13496098,darkorange,C10orf131
cg13497506,turquoise,NAT10
cg13498382,blue,IMPG2
cg13498757,grey,
cg13499318,grey,
cg13500797,turquoise,PRDM12
cg13501446,blue,
cg13503816,blue,
cg13504318,grey,INSL3
cg13504480,blue,
cg13506600,grey,ABO
cg13506653,turquoise,GSX2
cg13509401,blue,
cg13509954,turquoise,MTPAP
cg13512016,turquoise,
cg13512333,blue,PDE3B
cg13514129,grey,MACF1
cg13514955,turquoise,COMMD5
cg13515774,turquoise,RPTOR
cg13516551,turquoise,BNIP3L
cg13516655,turquoise,MYBL1
cg13517138,turquoise,DLGAP5
cg13518079,grey,EBF4
cg13518530,grey,SYCE2
cg13518792,turquoise,PPARG
cg13520373,turquoise,EXPH5
cg13521286,blue,FAM189A2
cg13521951,turquoise,CDK4
cg13524302,grey,HLA-DPB2
cg13524748,blue,CCNY
cg13526981,turquoise,KIAA0226
cg13527439,turquoise,SCRIB
cg13527630,brown,NAAA
cg13528463,blue,
cg13530621,darkturquoise,GJA3
cg13530938,grey,LOC151174
cg13531509,green,RPS24
cg13532571,turquoise,KRAS
cg13533335,blue,C6orf192
cg13534536,grey,AFAP1
cg13535779,turquoise,RBM18
cg13536308,turquoise,RNU6ATAC
cg13537276,turquoise,VRK3
cg13539030,turquoise,ARL4C
cg13542817,turquoise,NFKB2
cg13545763,turquoise,SPOP
cg13546858,grey,SAMD11
cg13547474,blue,NAA11
cg13548189,grey,ADAP1
cg13549897,grey,HHLA3
cg13550107,salmon,MAPRE2
cg13550542,green,KIAA0907
cg13550731,turquoise,DYNC1I2
cg13552710,turquoise,ALK
cg13553453,darkred,UBE3B
cg13553693,blue,BNIP3L
cg13554071,turquoise,NUP188
cg13554903,turquoise,FIBCD1
cg13557804,blue,
cg13558371,grey,CRB2
cg13558608,turquoise,MAK16
cg13561476,turquoise,
cg13563119,turquoise,PLXNA4
cg13564468,turquoise,C6orf192
cg13565129,grey,
cg13565461,blue,C7orf11
cg13565723,turquoise,PEX13
cg13570831,purple,
cg13571460,grey,LHX6
cg13572892,turquoise,LHX6
cg13574744,turquoise,NFIC
cg13574809,grey,ADAM9
cg13575058,turquoise,MOBKL3
cg13575271,turquoise,DPP7
cg13575925,grey,LOC144571
cg13578062,turquoise,EXOC1
cg13580265,grey,CCKBR
cg13581785,turquoise,E2F1
cg13581974,blue,UBXN2B
cg13582724,blue,ADI1
cg13582818,turquoise,ANO6
cg13584718,turquoise,ZNF432
cg13590055,grey,LOC100130522
cg13590130,blue,
cg13591848,grey,SFXN3
cg13592399,turquoise,NID2
cg13593275,blue,
cg13594244,turquoise,ZNF780B
cg13598480,grey,ProSAPiP1
cg13600149,turquoise,FANCC
cg13604337,turquoise,
cg13604623,turquoise,USP28
cg13606434,turquoise,TNRC18
cg13606616,turquoise,ERCC1
cg13606999,turquoise,USP19
cg13607311,blue,PLAGL1
cg13607511,turquoise,EI24
cg13607699,turquoise,UBTF
cg13611226,turquoise,RBM18
cg13611854,turquoise,PDE12
cg13615650,turquoise,MPZL3
cg13617192,grey,
cg13618906,turquoise,AGXT2L1
cg13618967,blue,FAM20C
cg13619522,blue,CSK
cg13619852,turquoise,TEX9
cg13620490,blue,
cg13620499,grey,
cg13622047,turquoise,MBOAT7
cg13622209,turquoise,KIAA1033
cg13624320,turquoise,H2AFY
cg13626544,turquoise,GABARAP
cg13626802,blue,EXOC4
cg13626842,turquoise,TUBB2A
cg13632959,turquoise,FAS
cg13634966,blue,ESCO2
cg13635014,blue,
cg13636373,turquoise,BAG2
cg13636640,magenta,DNMT3B
cg13638257,grey,TAPBP
cg13639451,blue,WFIKKN2
cg13641293,turquoise,FOXK2
cg13644629,turquoise,ZNF549
cg13644807,turquoise,STK38
cg13650247,blue,N6AMT2
cg13651446,turquoise,PTPLA
cg13652169,blue,GAB4
cg13653195,turquoise,
cg13655566,blue,PCSK5
cg13655908,blue,LATS1
cg13656501,turquoise,TRIM41
cg13658542,grey,FAT1
cg13660600,blue,IAH1
cg13660803,turquoise,ROPN1L
cg13665890,turquoise,SLC25A31
cg13665940,turquoise,TOP3B
cg13665998,grey,NUDT12
cg13666253,saddlebrown,ARMC2
cg13668544,turquoise,
cg13671249,turquoise,HIST1H2BN
cg13676204,grey,SLC38A6
cg13676759,blue,IPO11
cg13676902,blue,ZMIZ1
cg13676983,turquoise,CCDC46
cg13677369,brown,GAS2L1
cg13678641,turquoise,AURKB
cg13679303,grey,
cg13679714,grey,ENPP7
cg13679899,blue,INSIG1
cg13681781,blue,QSOX2
cg13683218,turquoise,COL24A1
cg13684379,grey,ADARB2
cg13685314,turquoise,DBC1
cg13685571,turquoise,
cg13685779,blue,
cg13686104,salmon,ADIPOR1
cg13686615,turquoise,
cg13687825,turquoise,SPAG1
cg13688524,turquoise,BOD1
cg13689560,grey,C19orf36
cg13694471,turquoise,STK4
cg13695892,turquoise,POLR3H
cg13696300,brown,FLII
cg13696351,grey,LRRC26
cg13697193,grey,GPR19
cg13698398,blue,ANO10
cg13699887,turquoise,ATXN1
cg13700197,grey,PTCH1
cg13702953,grey,KNDC1
cg13703062,darkolivegreen,ZNF24
cg13703721,grey,GMPPA
cg13703912,grey,C9orf66
cg13705674,orange,RBM23
cg13706582,blue,ZNF385D
cg13707894,grey,
cg13708259,turquoise,C10orf2
cg13709128,royalblue,PRPF31
cg13709982,grey,SARDH
cg13710308,grey,VIPR2
cg13710375,turquoise,ZNF845
cg13710595,turquoise,BAHD1
cg13710790,blue,RAD51L1
cg13711144,grey,BCAP29
cg13711238,blue,FAM110B
cg13711314,blue,UNC119B
cg13712476,turquoise,ZNF227
cg13713218,grey,KIAA1529
cg13713739,blue,PRRX2
cg13714459,turquoise,IREB2
cg13715901,blue,
cg13716787,turquoise,LOC100133985
cg13716933,turquoise,TMEM194A
cg13717023,grey,ARL15
cg13717350,grey,SARDH
cg13717541,blue,CLMN
cg13717566,grey,
cg13720890,blue,MELK
cg13721600,turquoise,CRLF3
cg13722419,blue,TANC1
cg13722634,sienna3,WIBG
cg13722821,turquoise,TRIP13
cg13724220,grey,TTC15
cg13725062,tan,KIAA0586
cg13725340,blue,C9orf171
cg13726345,turquoise,
cg13727691,turquoise,C9orf3
cg13729548,blue,ITPK1
cg13730281,blue,LOC255025
cg13730743,turquoise,NCRNA00085
cg13730859,grey,DVL3
cg13732083,grey,C21orf56
cg13732582,grey,KLB
cg13734860,red,
cg13735223,blue,ZDHHC12
cg13735469,grey,FAM83H
cg13736404,turquoise,LUC7L2
cg13736514,grey,
cg13739025,turquoise,
cg13739279,lightgreen,
cg13741740,grey,TIFA
cg13742159,turquoise,PSMF1
cg13744663,turquoise,GPC5
cg13745964,turquoise,ECD
cg13746315,turquoise,
cg13746813,grey,
cg13746854,grey,KIAA1161
cg13749113,grey,
cg13749266,blue,GLIS3
cg13750264,grey,GPR123
cg13750566,blue,
cg13752114,grey,MUC4
cg13752184,grey,
cg13756768,turquoise,
cg13758712,turquoise,ADAMTS1
cg13759778,blue,NF1
cg13761818,blue,
cg13762257,turquoise,
cg13763061,turquoise,
cg13763308,turquoise,AP3M1
cg13763627,blue,NFIC
cg13766795,blue,DNM1
cg13767001,turquoise,MIR759
cg13767940,turquoise,MIR34B
cg13768055,grey,RPH3AL
cg13772849,blue,NF1
cg13774505,blue,FREQ
cg13775005,turquoise,INSM2
cg13775050,turquoise,CARD16
cg13775751,blue,
cg13776499,grey,TRIB2
cg13776905,blue,BPTF
cg13777294,turquoise,ACSS2
cg13777681,lightcyan,DPP10
cg13781843,grey,PTPN13
cg13783244,turquoise,ELF2
cg13784878,blue,PHACTR4
cg13784908,grey,RRP7B
cg13785189,turquoise,HN1
cg13785949,turquoise,NAF1
cg13786236,blue,PTGES2
cg13788918,blue,CDK6
cg13789015,grey,NCRNA00094
cg13789423,blue,GALC
cg13790603,grey,THRB
cg13790945,turquoise,WDR89
cg13791188,blue,SUSD4
cg13792579,turquoise,GPSM1
cg13792596,blue,SYNE2
cg13793166,turquoise,PHF19
cg13793678,turquoise,OCIAD1
cg13795465,yellow,EHD3
cg13796687,grey,
cg13796804,grey,EPHA5
cg13799287,turquoise,WAC
cg13799838,blue,TLE1
cg13800209,turquoise,MEIS2
cg13803584,blue,SNX30
cg13806870,turquoise,
cg13808180,blue,MAD1L1
cg13809815,turquoise,SDR39U1
cg13810660,green,
cg13811417,grey,TUSC1
cg13813247,grey,
cg13820039,turquoise,C9orf163
cg13821008,turquoise,WIPF1
cg13822158,turquoise,MEIS3
cg13826564,blue,LTBP3
cg13828097,turquoise,HLA-B
cg13828873,turquoise,CFL2
cg13830619,grey,
cg13831848,blue,OGN
cg13832135,grey,FAM189A1
cg13832669,yellow,
cg13835168,violet,
cg13840194,turquoise,CASZ1
cg13841627,blue,TMC1
cg13843531,saddlebrown,PPP1R11
cg13845161,blue,TEAD1
cg13847589,grey,PRHOXNB
cg13847977,blue,KLHL14
cg13848035,turquoise,ZC3H10
cg13849422,grey,FAM83D
cg13852791,sienna3,BCL2L1
cg13854012,grey,
cg13854983,brown,CXCR4
cg13857086,turquoise,VAMP1
cg13857646,grey,PNPLA7
cg13859861,turquoise,POLD2
cg13860785,blue,
cg13861122,turquoise,
cg13861644,grey,PIWIL1
cg13862711,grey,LHX6
cg13866577,turquoise,PDE4B
cg13868466,turquoise,SLC19A2
cg13871695,grey,
cg13872356,grey,EEF1G
cg13872541,blue,KCNT1
cg13872627,grey,HLA-C
cg13872812,blue,BBX
cg13873511,turquoise,JUP
cg13878677,grey,IQSEC1
cg13880545,skyblue,MED27
cg13882795,turquoise,NRARP
cg13883904,blue,FIP1L1
cg13885357,grey,KRT3
cg13887068,grey,MED23
cg13893584,turquoise,PTHLH
cg13895172,turquoise,EIF4ENIF1
cg13898166,purple,LOC84740
cg13899314,turquoise,DUOX2
cg13900773,grey,PIWIL1
cg13901752,turquoise,OPTN
cg13902446,sienna3,CCHCR1
cg13902645,grey,
cg13903179,grey,
cg13903809,red,SOCS2
cg13904018,turquoise,KIAA1530
cg13904493,turquoise,KIAA1804
cg13904806,grey,SAMD11
cg13904970,grey,ZNF608
cg13906874,grey,
cg13910785,grey,HLA-DRB1
cg13910983,turquoise,RPA2
cg13911269,turquoise,CASC4
cg13911959,grey,ADARB2
cg13917712,greenyellow,DPF1
cg13918754,grey,RNF39
cg13918804,grey,PRKCZ
cg13919215,turquoise,POLR2K
cg13920824,turquoise,RPP30
cg13922901,grey,COL23A1
cg13923451,turquoise,
cg13924176,turquoise,FAM36A
cg13924635,grey,SDF4
cg13930261,turquoise,
cg13931599,grey,LOC100133308
cg13931996,blue,AJAP1
cg13931999,turquoise,HINT2
cg13932362,turquoise,KIAA1324
cg13932375,turquoise,CAMSAP1
cg13936911,turquoise,SARS
cg13939297,blue,HCFC2
cg13943068,grey,
cg13943985,turquoise,CSTF1
cg13944468,turquoise,C5orf38
cg13944507,grey,
cg13944838,grey,GFPT2
cg13945107,darkturquoise,
cg13946767,grey,S100A13
cg13946860,turquoise,RPN2
cg13947137,blue,DPP6
cg13948710,blue,ZNF813
cg13949487,grey,C9orf130
cg13950210,turquoise,EIF2B3
cg13951074,grey,
cg13951664,turquoise,SAMSN1
cg13952336,turquoise,ZNF540
cg13952963,grey,
cg13954619,turquoise,PCBP1
cg13957124,blue,MYO9A
cg13957198,turquoise,PDGFA
cg13957721,turquoise,C10orf54
cg13958749,turquoise,MRPS11
cg13958923,turquoise,OSTC
cg13963793,grey,C1orf65
cg13965224,blue,CTBP1
cg13966609,blue,DSCAML1
cg13969413,blue,C9orf144
cg13972423,grey,
cg13972706,turquoise,UTRN
cg13974084,turquoise,ERICH1
cg13974464,grey,MAMSTR
cg13976251,blue,
cg13976375,grey,
cg13976544,blue,NOM1
cg13977623,blue,SMYD3
cg13978689,turquoise,CD84
cg13979573,blue,
cg13979873,turquoise,TULP3
cg13980808,turquoise,BCAT1
cg13982318,grey,APBA1
cg13983849,blue,TBC1D19
cg13984289,grey,MYH13
cg13985485,grey,
cg13985784,grey,TUSC1
cg13986117,blue,C9orf84
cg13986884,blue,SLC35D1
cg13990596,turquoise,PAN2
cg13990848,blue,
cg13990905,turquoise,TOR1AIP2
cg13993183,grey,
cg13995427,turquoise,AKNA
cg13995599,blue,ATP11A
cg13995916,blue,THBS2
cg13996522,blue,TRAF3
cg13997649,turquoise,MTO1
cg13998728,blue,MYO3B
cg14000074,blue,IREB2
cg14002682,turquoise,DNAJC27
cg14003627,blue,CDK5RAP2
cg14004673,turquoise,C19orf54
cg14009731,turquoise,ATAD2B
cg14009745,turquoise,PDS5A
cg14010914,turquoise,PPP2R5E
cg14011486,grey,LIN28
cg14013220,turquoise,FAM36A
cg14013597,grey,
cg14013659,white,RNFT1
cg14015656,grey,KIAA1529
cg14016074,brown,RPLP2
cg14017045,blue,ZBTB7A
cg14018807,turquoise,GCC1
cg14021550,blue,
cg14021564,turquoise,PSD
cg14024893,grey,ENTPD2
cg14025652,turquoise,GPR177
cg14026325,grey,
cg14026747,blue,
cg14026971,turquoise,FAR1
cg14027152,turquoise,WDR75
cg14027857,turquoise,
cg14028116,blue,DENND1A
cg14028489,turquoise,SLC43A1
cg14029206,red,LRWD1
cg14029686,grey,
cg14032204,pink,ZNF575
cg14034170,turquoise,NIF3L1
cg14034858,grey,LRIT1
cg14036041,turquoise,INTS1
cg14036830,grey,GRIK5
cg14040252,turquoise,NUMB
cg14042190,grey,
cg14042597,grey,
cg14042711,turquoise,SAE1
cg14042879,turquoise,MARCH2
cg14043253,turquoise,
cg14044916,turquoise,TIMM44
cg14046334,blue,LOC729678
cg14048834,turquoise,RPL13AP5
cg14050262,turquoise,BMS1P4
cg14054013,turquoise,TRAIP
cg14054120,turquoise,ATP5SL
cg14056357,grey,ZNF229
cg14058100,grey,KIF26A
cg14060111,grey,ISM1
cg14060836,yellow,ISCA1
cg14061255,blue,
cg14061378,brown,
cg14062007,blue,GLIPR2
cg14062261,grey,
cg14064268,grey,BRSK2
cg14065127,grey,AVP
cg14067052,turquoise,CCT7
cg14067425,blue,PION
cg14068721,grey,SBK2
cg14071249,blue,DAPK1
cg14071579,turquoise,LHX2
cg14071762,red,ARFGAP1
cg14073219,turquoise,CLK4
cg14073481,turquoise,RBL1
cg14076195,turquoise,STMN1
cg14076496,turquoise,C14orf109
cg14076977,turquoise,PLCB2
cg14078157,grey,
cg14078579,grey,FBRSL1
cg14078789,grey,KIAA1432
cg14079463,grey,C6orf174
cg14085606,blue,STXBP1
cg14085715,turquoise,MACC1
cg14087768,blue,ZBTB2
cg14088196,turquoise,PPFIA1
cg14088921,turquoise,MATN2
cg14089267,grey,
cg14089881,grey,ICMT
cg14091799,turquoise,PIGW
cg14093630,turquoise,SNAPC3
cg14094882,turquoise,TRIP4
cg14095000,turquoise,SMARCAD1
cg14097577,turquoise,NGLY1
cg14097855,turquoise,FAM120AOS
cg14101193,turquoise,
cg14102128,grey,SEPT10
cg14102556,blue,
cg14104036,turquoise,MND1
cg14105752,turquoise,BCAP29
cg14106680,grey,MYH14
cg14108567,blue,
cg14110031,blue,
cg14111974,blue,
cg14115200,blue,
cg14115232,turquoise,
cg14116764,white,GIPC1
cg14117138,turquoise,HIF3A
cg14117180,turquoise,C9orf89
cg14117219,grey,
cg14118546,turquoise,KIAA1012
cg14121414,grey,ZNF628
cg14121472,blue,ITFG2
cg14122102,turquoise,MOBKL2B
cg14126210,turquoise,MCFD2
cg14126863,turquoise,LSM11
cg14127398,turquoise,BACH2
cg14128154,green,ZBTB45
cg14131272,turquoise,SIP1
cg14131285,turquoise,
cg14131536,grey,ZAP70
cg14132884,greenyellow,YLPM1
cg14132916,blue,COPS8
cg14133635,grey,PRSS3
cg14134710,turquoise,NDUFV3
cg14135783,blue,SNX8
cg14137381,grey,SLC9A3
cg14138116,turquoise,RPLP0
cg14139511,turquoise,C9orf103
cg14141775,turquoise,RABL3
cg14142965,turquoise,TXNRD1
cg14143304,grey,
cg14143331,blue,EP400
cg14145049,turquoise,IMMP2L
cg14145801,turquoise,ZSWIM2
cg14146583,turquoise,PIP5KL1
cg14148609,turquoise,
cg14149007,turquoise,PRKD2
cg14149680,grey,TH
cg14153624,blue,IPO5
cg14154082,grey,
cg14154131,blue,RERE
cg14155482,turquoise,PIP5K1A
cg14155825,grey,GTF3C5
cg14156842,blue,EHMT1
cg14157435,grey,NRP2
cg14158712,turquoise,C17orf103
cg14158769,blue,MIR592
cg14159672,grey,PM20D1
cg14159971,turquoise,TRAF3IP1
cg14160433,blue,CAMSAP1
cg14160449,turquoise,DHRS12
cg14160518,grey,SALL4
cg14160556,blue,HIRA
cg14160807,turquoise,BLCAP
cg14161159,grey,C2orf27A
cg14162940,grey,C20orf160
cg14163408,turquoise,FAM136A
cg14163827,salmon,
cg14165633,blue,MAVS
cg14166458,turquoise,MRTO4
cg14167415,grey,
cg14167748,blue,
cg14167982,grey,ATG2A
cg14168080,grey,PTPRN2
cg14168545,blue,FOXO1
cg14170999,grey,BAHCC1
cg14172108,grey,
cg14172846,blue,CTTNBP2NL
cg14174116,turquoise,USPL1
cg14175012,magenta,PDE5A
cg14178967,turquoise,SIP1
cg14179383,blue,MAP1LC3A
cg14180718,turquoise,TMEM52
cg14181223,turquoise,NR1H3
cg14181982,yellow,KLRAQ1
cg14185104,blue,PBX3
cg14186256,turquoise,RTDR1
cg14190943,turquoise,C14orf80
cg14191654,grey,CDH22
cg14192029,grey,ZNF718
cg14192299,grey,NANOS2
cg14193550,turquoise,
cg14195684,turquoise,STAU2
cg14198223,turquoise,
cg14199455,magenta,ARPC5L
cg14200954,blue,TMEFF1
cg14201387,blue,
cg14201635,white,GSN
cg14201929,blue,GRIN2B
cg14203827,blue,ZNF236
cg14204478,turquoise,C17orf89
cg14205126,turquoise,TMEM9B
cg14206898,turquoise,PRKACG
cg14207210,magenta,PPM1E
cg14208573,turquoise,LTB
cg14209637,turquoise,C4orf27
cg14209987,turquoise,JAGN1
cg14210634,turquoise,LDLRAP1
cg14210872,grey,RUSC1
cg14211387,turquoise,BZW1
cg14213978,turquoise,
cg14215459,grey,ILF3
cg14215748,turquoise,COPB1
cg14217589,turquoise,TBC1D1
cg14217861,grey,NOTCH1
cg14218037,blue,KCNAB1
cg14218513,turquoise,PHF19
cg14220678,grey,CCDC17
cg14221264,turquoise,CKAP2
cg14222434,blue,PDE10A
cg14223053,turquoise,BBX
cg14223671,grey,PRR25
cg14224441,blue,VGLL4
cg14224760,blue,CNGB3
cg14225546,turquoise,NDUFA7
cg14226182,grey,RARRES1
cg14227086,turquoise,CDT1
cg14227731,grey,COL5A1
cg14228332,turquoise,SEC24D
cg14228484,grey,CNNM4
cg14228592,grey,SLC39A4
cg14229247,grey,ANP32B
cg14230938,blue,LOC729799
cg14233716,blue,C9orf79
cg14235416,turquoise,CLGN
cg14235723,turquoise,SIVA1
cg14237711,turquoise,
cg14237749,grey,SLC2A6
cg14238478,magenta,RQCD1
cg14239359,blue,
cg14240646,grey,ACBD5
cg14242928,grey,PRR19
cg14243623,grey,CTSL1
cg14246661,blue,ROCK2
cg14248367,turquoise,
cg14249227,turquoise,PAN2
cg14249876,turquoise,AEBP1
cg14249877,blue,KIF5B
cg14250206,turquoise,HNRNPUL1
cg14250997,grey,SMC2
cg14252008,turquoise,
cg14254273,turquoise,METTL11A
cg14255617,grey,HLA-DQB2
cg14256536,blue,EXD3
cg14257396,blue,
cg14257519,blue,RNF150
cg14259594,grey,DGCR5
cg14260521,turquoise,ZNF22
cg14260522,turquoise,BAZ1B
cg14262681,turquoise,
cg14265813,grey,RPL10A
cg14266237,grey,KLF1
cg14270002,blue,ARHGEF7
cg14273093,blue,FAM101A
cg14275457,turquoise,FREQ
cg14275946,turquoise,TRIM6
cg14276592,turquoise,TMEM20
cg14277848,turquoise,GPATCH4
cg14277925,blue,TSPAN4
cg14279361,grey,C3
cg14279439,purple,OPA3
cg14280181,grey,SGPP2
cg14282407,turquoise,TRAPPC1
cg14282904,grey,KCNG1
cg14285533,grey,
cg14286546,blue,LOC440173
cg14286665,turquoise,FBXO11
cg14288209,lightcyan,DNAJA1
cg14289929,paleturquoise,
cg14291257,blue,STT3A
cg14293864,turquoise,RPL35
cg14294708,grey,ZCCHC7
cg14297026,blue,C2orf61
cg14298966,turquoise,DDN
cg14299235,blue,ABCA1
cg14300559,blue,LOC283174
cg14301191,blue,GTF2H5
cg14303122,turquoise,CASS4
cg14304349,grey,TRIM6
cg14305943,blue,SNORA19
cg14307443,turquoise,GALNTL6
cg14307477,grey,KLK15
cg14308647,turquoise,ZNF562
cg14309500,grey,CCDC102B
cg14310674,grey,CLDN1
cg14310877,grey,
cg14311108,turquoise,C9orf163
cg14311471,turquoise,NPR3
cg14312538,grey,CDH2
cg14315341,blue,NEDD1
cg14316565,grey,CAT
cg14317230,blue,MTDH
cg14317384,grey,
cg14318001,blue,SFRS5
cg14318858,grey,CPT1C
cg14319569,turquoise,HNRNPUL1
cg14319793,blue,ABCB1
cg14324255,turquoise,THSD1
cg14324370,black,
cg14324694,blue,
cg14326196,grey,KIF12
cg14326210,turquoise,TPX2
cg14329675,turquoise,KIAA1244
cg14329783,grey,
cg14330853,turquoise,RAD51L3
cg14331609,blue,
cg14332815,grey,LDHC
cg14333935,blue,NACC2
cg14335275,grey,LYPD6
cg14339038,turquoise,FGF9
cg14339043,turquoise,ANKRD24
cg14339068,grey,
cg14341968,grey,
cg14345128,turquoise,ONECUT2
cg14346362,blue,TRMT6
cg14347670,brown,CCND3
cg14350318,blue,PRAGMIN
cg14350958,blue,
cg14352442,yellow,UBR3
cg14352983,grey,L3MBTL4
cg14353079,grey,SMC5
cg14356225,grey,
cg14359292,grey,HOXA4
cg14359435,turquoise,USP2
cg14361162,turquoise,BRD2
cg14361252,grey,
cg14363242,blue,CACNA2D1
cg14364844,blue,DCAF10
cg14367306,blue,
cg14369117,blue,HRNBP3
cg14369333,blue,
cg14371731,grey,ZMIZ1
cg14372705,grey,
cg14372753,grey,SLC25A18
cg14373189,turquoise,BAT1
cg14373597,blue,SLC37A3
cg14373760,blue,GPR183
cg14374521,grey,FAM24B
cg14375779,turquoise,BRP44L
cg14376618,blue,ANO6
cg14376917,turquoise,
cg14378964,turquoise,BAT5
cg14380111,turquoise,C15orf26
cg14380609,black,HSPG2
cg14384748,grey,GALNT9
cg14385337,grey,
cg14388170,grey,FAM125B
cg14388982,blue,
cg14390656,grey,
cg14391247,blue,ANK3
cg14391382,blue,UNC84A
cg14392031,grey,NIPSNAP3B
cg14393316,blue,CAMSAP1
cg14395298,grey,
cg14395744,grey,
cg14397361,grey,COBRA1
cg14398860,blue,INPP5A
cg14399369,turquoise,VRK2
cg14399930,grey,FBXO47
cg14400879,blue,UBE3C
cg14401864,blue,
cg14405589,turquoise,TUBGCP3
cg14409029,grey,ZDHHC13
cg14409850,grey,C12orf11
cg14409890,turquoise,PCGF6
cg14409941,turquoise,ADAMTS2
cg14413050,grey,
cg14413466,grey,AZI1
cg14415559,blue,PFDN4
cg14417407,turquoise,
cg14417784,grey,
cg14418582,lightyellow,CNTLN
cg14418756,grey,STK32C
cg14418922,grey,
cg14420117,turquoise,VSX2
cg14420613,blue,NBEAL1
cg14421180,turquoise,FNBP1
cg14421348,turquoise,ATP5S
cg14421525,yellow,MYLIP
cg14425252,turquoise,WARS2
cg14425468,turquoise,
cg14425796,lightcyan,RNF8
cg14430582,turquoise,MYBL2
cg14430937,turquoise,
cg14434408,turquoise,LOC400657
cg14434995,blue,MGMT
cg14436888,turquoise,ZHX1
cg14437562,blue,AAGAB
cg14440102,blue,FAM24A
cg14441787,blue,
cg14441976,grey,SLC27A6
cg14442939,turquoise,ANKRD26
cg14443694,midnightblue,CDS2
cg14447887,turquoise,EIF3H
cg14451115,blue,GABBR2
cg14451452,turquoise,SFRS15
cg14454440,blue,COL5A1
cg14455170,turquoise,
cg14458575,grey,
cg14460343,darkgrey,HSD17B8
cg14460708,grey,NCEH1
cg14460953,turquoise,TRAPPC1
cg14461266,blue,
cg14461349,turquoise,C14orf1
cg14461450,blue,RNU5E
cg14461522,turquoise,NPM3
cg14462928,turquoise,AGBL5
cg14463292,grey,FGF12
cg14464791,turquoise,DDX6
cg14470647,grey,ABCA1
cg14472753,black,ZNF189
cg14473102,grey,HOXD8
cg14475035,blue,BCL2L11
cg14477780,blue,FAM149A
cg14479014,blue,CENPQ
cg14481263,turquoise,C22orf25
cg14482569,grey,ZBTB44
cg14484356,blue,HERPUD2
cg14487075,turquoise,SUV39H2
cg14487379,blue,DDX31
cg14487680,turquoise,TSSC1
cg14493094,grey,
cg14493678,turquoise,C13orf37
cg14494808,blue,CDK5RAP2
cg14498592,blue,KCNQ2
cg14500486,grey,FNDC1
cg14502007,turquoise,MARCH7
cg14503395,grey,CRB2
cg14504418,turquoise,BIRC3
cg14504603,turquoise,LANCL1
cg14506366,blue,SLC6A3
cg14507427,blue,MAD1L1
cg14508122,grey,SNW1
cg14508358,grey,
cg14510371,blue,GLI2
cg14510404,turquoise,RASGRF1
cg14513226,turquoise,LPGAT1
cg14513822,turquoise,SDCCAG1
cg14514581,blue,
cg14515364,grey,
cg14516100,grey,SORBS2
cg14519036,turquoise,TNKS2
cg14519859,turquoise,RTN3
cg14521995,turquoise,
cg14522055,turquoise,DAPK2
cg14522793,green,CDCA8
cg14523725,blue,
cg14525473,grey,SPON2
cg14526166,turquoise,AP2B1
cg14526732,turquoise,BAT3
cg14527050,grey,GAS2L2
cg14527262,blue,LOC100130872-SPON2
cg14528525,grey,C19orf48
cg14530476,turquoise,UTP23
cg14530983,red,ZNF654
cg14531049,blue,MUC21
cg14531093,grey,ANKRD9
cg14533120,blue,CDC42BPB
cg14533957,turquoise,DDAH2
cg14534987,grey,CGREF1
cg14535332,grey,KCNE1
cg14536425,blue,LHFPL2
cg14538238,grey,GLDC
cg14538249,blue,TPST2
cg14541437,magenta,SEC63
cg14542802,turquoise,DTNBP1
cg14543852,turquoise,DCTN4
cg14544631,turquoise,DCTN4
cg14544666,grey,RASGEF1C
cg14547067,turquoise,CREB3L1
cg14549093,blue,HERC2
cg14550007,turquoise,SCMH1
cg14550653,turquoise,MCM3
cg14552663,turquoise,PARD6B
cg14554157,grey,BCL11A
cg14554372,grey,
cg14557288,blue,ADAMTS14
cg14557855,blue,PDCL
cg14558431,brown,C9orf170
cg14560110,grey,CCDC144NL
cg14560311,turquoise,TMEM85
cg14561217,turquoise,
cg14561229,grey,CARD10
cg14562064,turquoise,LHFPL5
cg14562081,turquoise,TCF7L2
cg14563363,blue,
cg14564332,blue,TSC1
cg14564939,grey,MYOM3
cg14565408,blue,CUX2
cg14565881,turquoise,ACADM
cg14569423,blue,DENND1A
cg14569639,grey,DMXL1
cg14572485,turquoise,AMZ2
cg14573411,grey,CRB2
cg14573833,grey,LHX3
cg14574203,turquoise,FAM120AOS
cg14574489,grey,SLC9A9
cg14576294,turquoise,C17orf61
cg14576616,brown,CYP51A1
cg14578028,turquoise,FBXO3
cg14580085,grey,
cg14580848,turquoise,GTF3C3
cg14581887,turquoise,MRPS18B
cg14583365,blue,CHCHD3
cg14583869,turquoise,
cg14583973,grey,RGS12
cg14585513,blue,
cg14586363,blue,CTBP1
cg14587604,grey,IL12B
cg14588686,blue,TARSL2
cg14589148,turquoise,BDNF
cg14590070,blue,MCF2L
cg14590644,blue,NR6A1
cg14591786,grey,RNF180
cg14592024,green,DUT
cg14592406,turquoise,CABP1
cg14592474,turquoise,MAGI2
cg14593314,turquoise,SLC29A1
cg14593317,turquoise,CDK2AP2
cg14593420,blue,
cg14593550,turquoise,C12orf57
cg14594485,blue,LOC100130872
cg14595059,turquoise,ATAD5
cg14596312,blue,TRIM6-TRIM34
cg14597492,black,RNF139
cg14598478,grey,ADAMTSL3
cg14600997,turquoise,ZER1
cg14602827,grey,EXD3
cg14606680,turquoise,FAM64A
cg14608156,turquoise,INS-IGF2
cg14608422,turquoise,CAMK2G
cg14608758,blue,KCTD15
cg14610915,brown,
cg14610962,darkturquoise,MIR132
cg14612544,grey,ADAMTS14
cg14612684,blue,SULT1C3
cg14614563,turquoise,ARHGAP12
cg14614693,turquoise,TMED7-TICAM2
cg14615266,grey,
cg14618310,blue,C10orf84
cg14618583,blue,FAM120B
cg14618923,blue,FOXO3
cg14623316,blue,SRGAP3
cg14623381,blue,
cg14624895,salmon,CCHCR1
cg14625731,grey,
cg14626678,turquoise,EIF4A2
cg14627709,blue,RAD54B
cg14629075,grey,VGLL3
cg14631276,grey,KIAA1875
cg14631462,lightcyan,ZEB1
cg14633504,turquoise,VTRNA1-1
cg14634152,turquoise,TOPORS
cg14634210,turquoise,SPTBN1
cg14636834,blue,SPATA5
cg14638883,grey,T
cg14639822,blue,ABO
cg14641092,blue,NACA2
cg14642259,blue,MYBPC3
cg14642636,turquoise,PIP5K1B
cg14643520,grey,ATP1B3
cg14645085,turquoise,RANBP9
cg14646081,blue,FXN
cg14648265,turquoise,HIST1H4C
cg14649914,turquoise,CSMD3
cg14650175,blue,EIF2C2
cg14650281,turquoise,POLR2G
cg14650464,turquoise,FANCC
cg14651505,turquoise,KPTN
cg14653418,turquoise,ARHGAP12
cg14654363,grey,
cg14654822,grey,WDR47
cg14655649,turquoise,
cg14657818,turquoise,ID2
cg14658285,turquoise,ADAT3
cg14658804,grey,SLIT3
cg14659545,salmon,NFE2L2
cg14659662,grey,GLIS1
cg14661464,turquoise,TXNDC9
cg14662119,turquoise,JTB
cg14664464,turquoise,LMBR1
cg14664575,grey,PSMC4
cg14664726,cyan,VGLL2
cg14664764,turquoise,LIMS2
cg14665523,orange,PAPSS2
cg14667685,grey,
cg14669362,yellow,MRPS15
cg14676711,turquoise,ME2
cg14677130,grey,EGFLAM
cg14678442,turquoise,NOG
cg14679831,turquoise,PGM2L1
cg14683380,grey,SMTNL2
cg14683738,turquoise,ZNF585B
cg14687118,blue,LHPP
cg14687298,grey,
cg14688104,turquoise,KCNS2
cg14689219,turquoise,
cg14689324,turquoise,CCDC9
cg14690343,turquoise,SART3
cg14691416,turquoise,SCAND1
cg14695524,grey,HCG27
cg14698961,turquoise,KLRAQ1
cg14699146,blue,BTAF1
cg14700524,grey,
cg14700609,turquoise,PCOTH
cg14701410,skyblue,SLC4A8
cg14701880,blue,CNOT2
cg14702570,turquoise,
cg14703454,grey,HHLA2
cg14704780,grey,C6orf10
cg14708411,grey,SLC12A7
cg14709479,grey,TTLL10
cg14709691,grey,
cg14710459,blue,
cg14710552,turquoise,TMEM140
cg14711866,turquoise,STOX2
cg14712794,turquoise,
cg14713137,blue,SYT14
cg14713933,turquoise,MYADM
cg14714578,pink,B3GALTL
cg14719188,turquoise,HS1BP3
cg14720888,turquoise,TRAPPC1
cg14725733,blue,DIP2C
cg14730097,blue,GIGYF2
cg14732324,turquoise,
cg14733161,turquoise,
cg14735704,blue,GNAL
cg14739153,blue,AGPAT1
cg14739664,grey,SLC25A2
cg14743593,turquoise,EML6
cg14745270,grey,GOLSYN
cg14752227,grey,UQCC
cg14755414,blue,ASAP2
cg14756202,grey,ATP11A
cg14757157,blue,BRIP1
cg14758740,blue,ABR
cg14759565,grey,
cg14762436,grey,OSBPL3
cg14764050,turquoise,UBE2G2
cg14767877,cyan,PSAP
cg14768270,turquoise,ZNF616
cg14768367,purple,DHODH
cg14768946,turquoise,STAT1
cg14769556,blue,RAB1A
cg14771938,turquoise,RNF5P1
cg14773178,grey,
cg14774371,blue,ZNF140
cg14776093,turquoise,TMEM185B
cg14776114,turquoise,
cg14778721,blue,COL18A1
cg14780466,grey,GDF7
cg14781635,blue,ZFHX4
cg14783675,turquoise,SOX2OT
cg14785449,turquoise,ASNS
cg14785464,grey,HLCS
cg14787155,green,DZIP3
cg14787260,turquoise,STAT5B
cg14789911,grey,C21orf56
cg14789928,turquoise,RBX1
cg14790686,turquoise,AFTPH
cg14792031,grey,KBTBD6
cg14793137,grey,TPO
cg14793753,turquoise,ADAMTS6
cg14795047,grey,ALG10B
cg14795281,turquoise,
cg14796370,turquoise,SLCO4A1
cg14799519,blue,ARNTL2
cg14799809,grey,HLA-DQA1
cg14801290,turquoise,RAB18
cg14802591,blue,STT3A
cg14804593,grey,
cg14807553,blue,ATP11A
cg14808521,turquoise,GLOD4
cg14808684,blue,DIS3
cg14810343,grey,CXXC5
cg14810357,turquoise,
cg14813417,turquoise,
cg14815005,grey,MAPK1
cg14815891,grey,FRG1B
cg14817541,turquoise,EYA4
cg14818248,grey,
cg14820908,grey,RUFY1
cg14823429,turquoise,HDAC4
cg14823666,lightyellow,RUFY2
cg14823967,turquoise,ARGLU1
cg14825033,blue,
cg14825413,grey,GLI4
cg14828484,turquoise,C12orf43
cg14835062,turquoise,C12orf53
cg14837557,steelblue,SEPSECS
cg14838188,turquoise,C10orf26
cg14843632,grey,ANKH
cg14845962,grey,AGAP2
cg14848469,blue,
cg14848772,turquoise,HIST1H2AG
cg14848783,grey,FAT3
cg14851140,blue,ARHGAP15
cg14852134,turquoise,
cg14854287,blue,AHRR
cg14855326,blue,BTRC
cg14856563,grey,
cg14858951,grey,NR1D1
cg14859324,grey,GABRB3
cg14859749,turquoise,SF3A1
cg14859874,grey,UBAP2L
cg14860120,turquoise,MYEF2
cg14861497,red,KLF5
cg14861934,blue,WDR37
cg14862207,turquoise,SRCIN1
cg14863074,turquoise,
cg14866032,grey,
cg14866567,blue,
cg14868663,grey,C14orf133
cg14869527,turquoise,CCHCR1
cg14870128,blue,VPS26A
cg14870242,grey,SAMD4A
cg14871628,turquoise,MAST3
cg14875131,turquoise,SDCCAG10
cg14878842,blue,MCF2L
cg14878913,blue,BCAT1
cg14881098,brown,RIC8B
cg14882966,grey,
cg14888255,blue,TRANK1
cg14888846,turquoise,MIR423
cg14890578,tan,
cg14893161,grey,PM20D1
cg14893889,grey,GUCY2D
cg14895945,turquoise,
cg14897765,grey,SIGIRR
cg14897838,grey,
cg14898116,turquoise,VIM
cg14898306,turquoise,TECR
cg14898824,blue,TBK1
cg14899731,turquoise,
cg14900773,blue,B3GNTL1
cg14902107,turquoise,
cg14902204,grey,
cg14906510,grey,
cg14906905,turquoise,ZNF784
cg14908245,turquoise,
cg14909329,blue,STK32C
cg14910296,blue,CD276
cg14911689,grey,NINJ2
cg14912375,turquoise,
cg14913512,blue,CDYL
cg14913676,turquoise,FBXO46
cg14914809,blue,GAD1
cg14915263,turquoise,PTPN1
cg14916095,turquoise,FRMD6
cg14920808,blue,
cg14921437,grey,NECAB3
cg14921485,blue,
cg14921691,grey,DGKA
cg14923398,blue,
cg14923640,grey,NXPH2
cg14924826,turquoise,NCRNA00081
cg14926196,grey,MDGA1
cg14927745,grey,
cg14927855,grey,
cg14930075,grey,KCNK9
cg14931230,grey,LYPD5
cg14934141,blue,NCAPD3
cg14937059,blue,SGCE
cg14938514,turquoise,TM2D2
cg14939300,turquoise,SLC25A35
cg14940449,turquoise,HGS
cg14942793,blue,DPY19L3
cg14943877,brown,DUSP5
cg14944578,turquoise,PIK3R2
cg14948108,blue,MMP12
cg14949065,blue,TCF23
cg14952889,turquoise,EIF3G
cg14953804,blue,DIP2B
cg14954143,turquoise,
cg14955300,turquoise,NOTUM
cg14955495,turquoise,CASKIN2
cg14955916,grey,DIP2C
cg14957639,turquoise,ACAD9
cg14957748,blue,PIK3R2
cg14959291,saddlebrown,EPHA6
cg14963002,blue,C14orf72
cg14963735,turquoise,PTGER3
cg14963812,blue,CAPN7
cg14964336,grey,
cg14969981,turquoise,TMCC2
cg14970029,turquoise,ZNF221
cg14970046,grey,IRX4
cg14970096,turquoise,TMCO1
cg14970386,blue,SFRS8
cg14970695,grey,LOC387647
cg14971810,turquoise,LAPTM4A
cg14972141,grey,
cg14972792,grey,C17orf71
cg14976342,purple,KIAA1026
cg14976442,turquoise,SH3BP5L
cg14980563,blue,
cg14981546,turquoise,TNRC18
cg14982203,turquoise,FOXN3
cg14983529,turquoise,MECOM
cg14983838,grey,
cg14986359,grey,MZF1
cg14986395,turquoise,IP6K1
cg14986699,turquoise,KIF5C
cg14988347,turquoise,SF1
cg14988565,turquoise,ROMO1
cg14992035,blue,
cg14992155,turquoise,DCLK2
cg14992181,turquoise,SCFD2
cg14993123,turquoise,VAMP3
cg14994919,turquoise,RNF25
cg14995055,blue,PCDHA6
cg14995433,grey,VAT1
cg14998086,blue,TNS3
cg14998713,turquoise,ETS1
cg14998926,blue,
cg15000998,turquoise,USP15
cg15001673,turquoise,RBM33
cg15003763,grey,TMEFF2
cg15007959,grey,SPIB
cg15007983,grey,C19orf60
cg15009088,blue,RSF1
cg15011837,white,C10orf110
cg15012981,grey,MAD2L2
cg15013768,turquoise,COMMD1
cg15014361,grey,HLA-DQA1
cg15017067,grey,FAM184B
cg15019001,grey,HLA-DPB2
cg15025200,turquoise,
cg15025532,turquoise,RPL9
cg15025769,turquoise,MYO9A
cg15027115,turquoise,
cg15027294,grey,LOC100292680
cg15027433,blue,ADSS
cg15028160,grey,PPFIA3
cg15030294,turquoise,CCRN4L
cg15031299,blue,NOTCH4
cg15032638,grey,NCOA4
cg15035350,turquoise,SEMA3A
cg15035528,blue,ACCSL
cg15037110,turquoise,NCOA5
cg15037334,blue,USP47
cg15038512,turquoise,PHF10
cg15039019,grey,MED10
cg15041044,blue,FAM126A
cg15042995,turquoise,CYFIP2
cg15043711,turquoise,HSPA1B
cg15046712,blue,
cg15048078,turquoise,KLF3
cg15050328,blue,UMPS
cg15050390,grey,DIXDC1
cg15052665,grey,
cg15053253,grey,
cg15055577,blue,ALMS1
cg15056119,turquoise,CBLL1
cg15056638,blue,ILKAP
cg15056687,turquoise,XRCC1
cg15058956,turquoise,
cg15059162,turquoise,ABHD10
cg15059389,turquoise,MIIP
cg15059639,grey,MYO3B
cg15062189,turquoise,DPY30
cg15062310,grey,SLC12A9
cg15063322,turquoise,VSIG8
cg15064916,turquoise,ITM2B
cg15065069,brown,ZBTB7B
cg15066197,grey,GABRB3
cg15066556,turquoise,BLZF1
cg15068050,turquoise,GFI1
cg15070894,grey,HCG4P6
cg15073248,turquoise,ARMC10
cg15073906,blue,RALGPS2
cg15074709,grey,
cg15074789,blue,EPHA2
cg15076659,turquoise,SLC9A1
cg15077343,turquoise,MIR548G
cg15077769,blue,
cg15079326,turquoise,RBM15
cg15080701,turquoise,GDAP2
cg15082166,blue,ZNF608
cg15082635,grey,GNB2L1
cg15082992,grey,
cg15083015,turquoise,SLC6A5
cg15083158,turquoise,KIAA0664
cg15085431,blue,
cg15091879,turquoise,ZBTB20
cg15093003,grey,ATE1
cg15093775,turquoise,TMED5
cg15096327,blue,SEPT9
cg15103050,blue,ANKRD22
cg15103564,turquoise,SRP68
cg15103675,pink,UAP1
cg15104526,grey,INSL3
cg15104702,turquoise,PRKAR2B
cg15107349,turquoise,SNRNP27
cg15108060,blue,RB1
cg15110300,turquoise,CCM2
cg15111469,grey,LOX
cg15112923,blue,TNFSF4
cg15114105,grey,SLC17A7
cg15115510,grey,EIF6
cg15116481,grey,KLK15
cg15117891,blue,
cg15118824,turquoise,HLA-E
cg15120477,turquoise,DNPEP
cg15121053,turquoise,TTC26
cg15122439,grey,
cg15123572,blue,
cg15123824,grey,ELMOD3
cg15124547,blue,RNF13
cg15126544,turquoise,GAD1
cg15128275,blue,SLC9A10
cg15128470,grey,LIAS
cg15129307,turquoise,KCNC3
cg15131722,turquoise,PREPL
cg15131808,red,
cg15132673,grey,DLL3
cg15134787,grey,
cg15135762,turquoise,
cg15138249,turquoise,
cg15138712,blue,CACHD1
cg15139063,blue,
cg15143268,blue,TRIO
cg15145174,blue,POLS
cg15145296,grey,
cg15146462,grey,
cg15146556,grey,RBM6
cg15146906,turquoise,SRBD1
cg15152644,blue,PARD3B
cg15153412,turquoise,SNTB1
cg15154191,turquoise,MEGF6
cg15158376,grey,ENOSF1
cg15158783,grey,PF4
cg15159149,blue,
cg15159247,turquoise,MOBKL2A
cg15160780,greenyellow,TANC1
cg15160843,turquoise,EFNA5
cg15164782,blue,COL8A1
cg15166039,grey,
cg15167008,darkgreen,CCDC3
cg15167871,blue,TCERG1L
cg15169943,blue,NCOA2
cg15172772,blue,
cg15173196,turquoise,UBE2T
cg15174393,turquoise,
cg15174564,grey,GRIK4
cg15175143,grey,NXPH2
cg15176678,green,EIF3G
cg15176839,blue,
cg15181598,grey,
cg15185864,orange,C4orf47
cg15187550,turquoise,FLJ45983
cg15190077,turquoise,TNKS2
cg15191798,grey,LRRC49
cg15192736,grey,
cg15192986,blue,CPB2
cg15196197,grey,TNXB
cg15196314,turquoise,CTU1
cg15198739,midnightblue,TFIP11
cg15199754,grey,LOC388796
cg15201110,grey,AHCYL1
cg15201175,blue,SEMA6A
cg15201545,grey,MYL5
cg15202848,grey,
cg15203566,grey,
cg15203833,turquoise,MYPOP
cg15205435,grey,CHD5
cg15205559,grey,
cg15205636,grey,
cg15205733,turquoise,
cg15207885,blue,BAZ1B
cg15211499,red,CAMTA1
cg15212418,grey,RPH3AL
cg15212455,grey,POU6F2
cg15213399,blue,LPP
cg15215114,turquoise,C17orf61
cg15215612,grey,
cg15216636,turquoise,TRIP10
cg15216899,blue,PLD1
cg15219506,turquoise,PLA2G16
cg15223713,blue,PTPRN2
cg15223831,blue,
cg15224432,grey,IGFL3
cg15225701,turquoise,FER
cg15226275,grey,FRK
cg15231205,grey,
cg15234627,grey,STARD13
cg15235172,lightcyan,PTGES3
cg15236460,turquoise,UCRC
cg15241501,grey,
cg15241920,turquoise,TTYH1
cg15245556,grey,
cg15246131,grey,STK32C
cg15246232,turquoise,RPIA
cg15247372,turquoise,TMEM199
cg15248135,turquoise,ZNF581
cg15249106,turquoise,PHF12
cg15249446,turquoise,
cg15254640,grey,GSTT1
cg15254671,grey,MYO1F
cg15255946,grey,HLA-DQB2
cg15256164,turquoise,CDCA7
cg15256539,turquoise,BCKDHB
cg15257681,blue,PCGF3
cg15260428,grey,ULK1
cg15260466,turquoise,FKBP4
cg15260780,turquoise,DDAH2
cg15261085,turquoise,MAP4K2
cg15262242,brown,PHOSPHO1
cg15262954,turquoise,PRIC285
cg15265085,grey,TNXB
cg15266307,blue,AGPHD1
cg15267545,turquoise,VPS37C
cg15268803,lightcyan,C14orf73
cg15269548,grey,ACOX1
cg15274001,grey,RPS21
cg15274983,turquoise,C20orf117
cg15275019,turquoise,THAP2
cg15278646,turquoise,OCA2
cg15282018,turquoise,INPP4B
cg15283062,turquoise,SCARB1
cg15283212,blue,C18orf45
cg15286784,grey,C20orf199
cg15288179,darkturquoise,SUB1
cg15289316,turquoise,FAM174B
cg15289534,blue,SYNPO2
cg15290971,turquoise,C7orf23
cg15291235,turquoise,PDK2
cg15291304,yellowgreen,PHF5A
cg15293611,turquoise,
cg15295332,turquoise,SLC48A1
cg15298323,grey,ACAT2
cg15299463,grey,TEAD2
cg15300436,yellowgreen,LOC730811
cg15304692,turquoise,REPIN1
cg15308050,blue,
cg15309418,grey,UCRC
cg15313617,turquoise,MAK16
cg15313936,blue,WDR20
cg15316458,turquoise,RPL36AL
cg15318396,grey,
cg15319576,turquoise,
cg15322624,darkturquoise,ITFG2
cg15322766,turquoise,POLR3A
cg15323936,blue,ACAP2
cg15325978,turquoise,ADAMTS15
cg15332604,turquoise,GSTO2
cg15333689,turquoise,SLU7
cg15335669,grey,
cg15336196,turquoise,SETBP1
cg15336243,turquoise,FAM171A1
cg15338884,grey,
cg15339605,turquoise,TFEC
cg15340644,turquoise,IER2
cg15344854,turquoise,SMARCAD1
cg15347004,turquoise,DHX35
cg15347434,grey,
cg15348430,grey,KDM2B
cg15348972,turquoise,CCND2
cg15351009,grey,LRRC14B
cg15355015,grey,SH2B2
cg15356461,blue,
cg15358855,blue,PRDM10
cg15361065,turquoise,WNT5A
cg15362194,turquoise,COX5B
cg15362557,blue,ASAP2
cg15363314,grey,
cg15364618,grey,LTB4R2
cg15367925,turquoise,INPP4A
cg15368769,turquoise,PQLC1
cg15371711,grey,MYL9
cg15375239,turquoise,SPINT2
cg15376949,turquoise,
cg15377887,grey,
cg15379354,grey,LGI2
cg15382497,turquoise,HCK
cg15383847,blue,NDUFV3
cg15386434,grey,MXRA8
cg15388570,turquoise,ADCK1
cg15388895,grey,ALDH16A1
cg15390741,blue,EPS15
cg15391105,turquoise,WDR60
cg15393004,turquoise,LIN37
cg15395193,brown,GNRHR2
cg15396434,blue,
cg15398841,grey,PF4
cg15399604,turquoise,UNG
cg15401252,black,
cg15402162,blue,USP54
cg15403660,blue,DYNC1H1
cg15406952,blue,
cg15411550,grey,WDR55
cg15413043,blue,
cg15416064,turquoise,
cg15417244,grey,PDZRN4
cg15418155,turquoise,VCP
cg15421606,turquoise,HTR7P
cg15421984,turquoise,RICTOR
cg15423357,grey,
cg15427886,grey,
cg15427941,turquoise,PSMA3
cg15432125,turquoise,HCCA2
cg15433604,turquoise,UPF1
cg15439819,turquoise,RBL1
cg15445111,turquoise,SPPL2A
cg15447775,turquoise,NEDD1
cg15448220,grey,SETDB1
cg15448571,blue,
cg15451413,turquoise,KIAA1543
cg15451585,darkorange,ENTPD5
cg15454820,grey,
cg15454857,turquoise,RPUSD2
cg15455772,blue,FUT10
cg15456925,turquoise,PLAG1
cg15458254,lightcyan,IGFL4
cg15458585,turquoise,
cg15458996,grey,
cg15462411,grey,
cg15463775,turquoise,MTF2
cg15465092,turquoise,MYC
cg15465743,grey,BRSK2
cg15466587,turquoise,MRPS14
cg15469871,grey,LOC387646
cg15470836,turquoise,
cg15473092,grey,
cg15473325,turquoise,FBRSL1
cg15473904,grey,MRPL41
cg15474378,grey,FAM111A
cg15475055,turquoise,CUL2
cg15478005,turquoise,ATP6V1A
cg15478817,grey,DDX18
cg15480336,blue,ISLR
cg15480830,turquoise,
cg15481636,turquoise,HIST3H2A
cg15481858,blue,TP53BP2
cg15482792,turquoise,HFM1
cg15485670,turquoise,VASP
cg15487992,grey,UBL5
cg15488978,grey,C10orf41
cg15490075,salmon,
cg15490944,turquoise,FAM160A1
cg15496005,turquoise,RDX
cg15501359,turquoise,KIAA0494
cg15503553,turquoise,TMEM41A
cg15503663,grey,SLC44A2
cg15505141,turquoise,KIAA0922
cg15506703,grey,
cg15506890,grey,
cg15509235,turquoise,
cg15518923,turquoise,PHTF2
cg15520443,turquoise,SLC18A2
cg15520606,grey,ZNF830
cg15523443,turquoise,POLR3A
cg15524173,turquoise,PLD3
cg15525503,turquoise,DFFB
cg15526081,turquoise,
cg15528091,turquoise,ARRDC2
cg15530351,grey,ANGPT2
cg15532640,grey,
cg15534020,turquoise,MRPL22
cg15534084,turquoise,ZNF649
cg15534212,turquoise,
cg15535114,blue,
cg15535896,grey,
cg15537000,turquoise,PSMA1
cg15537082,turquoise,MIR124-1
cg15539245,turquoise,OTUD4
cg15541040,grey,
cg15541987,grey,
cg15543167,turquoise,RAD21
cg15543875,turquoise,VCPIP1
cg15545624,turquoise,
cg15545871,turquoise,USPL1
cg15546353,turquoise,ATG16L1
cg15548295,grey,
cg15548588,turquoise,
cg15549670,blue,
cg15549821,grey,PLEKHA4
cg15551292,brown,SRP19
cg15553385,grey,GCC2
cg15553989,turquoise,
cg15555970,grey,TGIF1
cg15557168,grey,
cg15561235,turquoise,ING5
cg15561356,turquoise,ARFGAP1
cg15561583,turquoise,OTX1
cg15563952,turquoise,DHTKD1
cg15564240,turquoise,HTATIP2
cg15564428,darkgreen,FAM55C
cg15568074,grey,HLA-DRB1
cg15569224,turquoise,NEK3
cg15570656,violet,
cg15571277,turquoise,FLJ16779
cg15571730,turquoise,ZNF3
cg15572907,grey,SPTBN4
cg15576492,grey,
cg15576900,turquoise,RNF220
cg15577010,grey,NMUR1
cg15577451,blue,TAPT1
cg15578948,blue,NADK
cg15579148,turquoise,PON2
cg15579914,blue,RAB4A
cg15580304,blue,MIR941-3
cg15580309,grey,NSUN4
cg15580417,grey,KCNJ9
cg15580724,grey,FLJ32810
cg15580869,black,EEF1E1
cg15581365,turquoise,CTSC
cg15584792,blue,ZNF502
cg15585670,turquoise,E2F3
cg15586341,blue,ASCC1
cg15586945,turquoise,NAF1
cg15592184,blue,KRTAP4-2
cg15593426,blue,
cg15594905,turquoise,EYA3
cg15595755,grey,
cg15598511,turquoise,NSFL1C
cg15598650,blue,FGFR2
cg15599875,blue,
cg15600398,turquoise,SACM1L
cg15600835,turquoise,RPTOR
cg15600987,turquoise,CGN
cg15602215,blue,NCALD
cg15602631,blue,PLCL2
cg15602841,grey,C8orf38
cg15604693,turquoise,CC2D1B
cg15604891,turquoise,ATRIP
cg15605097,turquoise,DGAT2
cg15605918,turquoise,DOHH
cg15607103,turquoise,ELOVL5
cg15607449,turquoise,RPL13AP5
cg15608277,grey,KRT3
cg15609016,turquoise,DNPEP
cg15611164,blue,SLC15A4
cg15612392,turquoise,LOC552889
cg15613740,turquoise,C12orf66
cg15614628,turquoise,ANKRD17
cg15616898,turquoise,ZNF284
cg15616946,turquoise,GNAL
cg15617297,turquoise,ANXA11
cg15618797,turquoise,
cg15619966,brown,CLSTN1
cg15620207,turquoise,ANP32E
cg15620734,blue,LRRC27
cg15621546,blue,IL5RA
cg15622655,blue,
cg15623398,turquoise,COPA
cg15627145,blue,ANK3
cg15627502,turquoise,RPN2
cg15635302,grey,HDAC4
cg15635341,turquoise,NAA38
cg15641364,grey,TAGLN2
cg15642854,grey,
cg15643574,turquoise,PICALM
cg15643796,blue,KIF1B
cg15645660,grey,TTC22
cg15645986,turquoise,TBC1D19
cg15646123,blue,CDKAL1
cg15649774,turquoise,NFKBIL1
cg15650713,turquoise,
cg15652532,grey,LCLAT1
cg15652989,turquoise,SNTB2
cg15653282,turquoise,GNAL
cg15655935,grey,PLAC1L
cg15656901,turquoise,RTTN
cg15659132,turquoise,
cg15661389,turquoise,GAS7
cg15665081,blue,CASP4
cg15665833,turquoise,
cg15665968,turquoise,U2AF1
cg15670680,blue,QRICH2
cg15671450,grey,
cg15671705,turquoise,ALDH1A3
cg15672675,turquoise,CAP1
cg15672749,turquoise,MKS1
cg15674596,midnightblue,C15orf23
cg15676203,turquoise,KEAP1
cg15679052,blue,
cg15679747,blue,
cg15680975,turquoise,PANK2
cg15684329,blue,EXT1
cg15686216,blue,KCTD3
cg15686800,turquoise,FAM117A
cg15689154,turquoise,PIM1
cg15689991,turquoise,RASSF3
cg15690092,turquoise,PAFAH2
cg15690347,grey,SPIB
cg15690400,blue,TNFRSF8
cg15692032,turquoise,FUCA1
cg15693793,blue,
cg15694117,grey,DIRAS1
cg15694127,turquoise,GNAI3
cg15694180,grey,ADAM15
cg15695731,blue,HCG18
cg15695738,grey,
cg15698995,turquoise,NAT14
cg15699627,blue,
cg15703070,turquoise,CABC1
cg15705266,turquoise,AP2B1
cg15705469,turquoise,ZNF71
cg15705551,turquoise,PDIA6
cg15706568,grey,
cg15708001,turquoise,CBX5
cg15708153,grey,ZNF542
cg15708526,violet,
cg15709087,turquoise,CEBPA
cg15709401,grey,HSPC072
cg15710245,turquoise,BDNF
cg15711016,turquoise,CA8
cg15711037,turquoise,AKT1S1
cg15712577,blue,RIMBP2
cg15714846,grey,FZD5
cg15717656,grey,TTC31
cg15718833,turquoise,ATP8B3
cg15719606,midnightblue,RPL7
cg15720017,blue,CUL3
cg15720089,grey,CACNB2
cg15720343,turquoise,INTS9
cg15720975,darkolivegreen,DTYMK
cg15724773,lightyellow,ELOVL3
cg15727188,blue,PRDM16
cg15727583,grey,MFI2
cg15731669,turquoise,NEK3
cg15732164,blue,CDK6
cg15733456,blue,
cg15736220,blue,
cg15737123,grey,HLA-DPB2
cg15739543,turquoise,POLS
cg15742818,blue,KSR1
cg15742848,grey,
cg15743157,turquoise,XRCC5
cg15744108,blue,
cg15744359,pink,LRRC67
cg15744368,blue,TNRC6C
cg15745900,grey,PREX2
cg15747531,blue,CSTF1
cg15747733,blue,GLUD1
cg15749858,turquoise,MACC1
cg15750303,grey,NT5C1B
cg15752756,grey,HLA-DQB1
cg15755662,turquoise,TTYH3
cg15756319,grey,
cg15759889,turquoise,DDA1
cg15760474,blue,FOXP4
cg15764953,turquoise,LANCL1
cg15765251,grey,MED16
cg15766101,turquoise,CCDC61
cg15767191,blue,OR10G8
cg15768901,grey,LTBP4
cg15770702,turquoise,MAP3K14
cg15772797,grey,SETD8
cg15773090,green,YAF2
cg15774465,turquoise,KCNB2
cg15775457,turquoise,FZR1
cg15778012,turquoise,
cg15780870,blue,RIMBP2
cg15781316,turquoise,SHFM1
cg15782153,grey,C7orf20
cg15783848,blue,MAD1L1
cg15783935,turquoise,PACSIN1
cg15790073,turquoise,ARMC10
cg15790820,grey,ASCL2
cg15799072,turquoise,JARID2
cg15800530,grey,ZP3
cg15803765,turquoise,KLHL24
cg15803895,black,SNAP47
cg15805053,turquoise,C15orf27
cg15809230,turquoise,SIN3A
cg15809387,turquoise,NF2
cg15809806,blue,NRP1
cg15814736,grey,ATL3
cg15817224,blue,TXNDC16
cg15818066,blue,CRIM1
cg15819128,turquoise,LRRFIP1
cg15821716,turquoise,XKR9
cg15822049,blue,RPS6KA5
cg15823845,turquoise,ZFR2
cg15825116,turquoise,CCDC140
cg15825264,turquoise,ELP2P
cg15825321,grey,ARHGAP23
cg15827554,turquoise,EML4
cg15829088,grey,
cg15831653,turquoise,DNAJC1
cg15832094,darkgreen,SFRS8
cg15832574,blue,ALG6
cg15833099,grey,GPR39
cg15834072,grey,DCHS2
cg15836231,blue,
cg15836635,turquoise,MOS
cg15837280,grey,
cg15837308,grey,
cg15837832,red,PUS1
cg15837879,turquoise,PCGF2
cg15838173,grey,FUT11
cg15838914,turquoise,VAMP1
cg15839394,turquoise,NAP1L4
cg15841212,yellow,C18orf54
cg15841415,turquoise,SLC1A3
cg15844785,turquoise,SMUG1
cg15845071,grey,C11orf40
cg15847614,turquoise,FAM64A
cg15847845,grey,PLEC1
cg15848628,turquoise,MOSPD3
cg15848685,grey,VARS2
cg15855450,turquoise,HIST1H4C
cg15856832,darkorange,QRICH1
cg15858239,grey,NKAIN3
cg15859008,blue,
cg15859850,turquoise,BLOC1S2
cg15862215,turquoise,OTX1
cg15863374,blue,POLR3F
cg15864601,grey,C17orf97
cg15869475,turquoise,CAPZA2
cg15870379,blue,FER
cg15871215,grey,ATG10
cg15871229,turquoise,CCDC109A
cg15871371,blue,FOXP1
cg15871749,turquoise,HES1
cg15873123,blue,DPPA3
cg15874048,blue,C14orf28
cg15875068,grey,RFESD
cg15877831,blue,SCAPER
cg15881990,turquoise,PRPF18
cg15882155,blue,NFRKB
cg15884355,blue,ZFAND3
cg15885628,turquoise,OCA2
cg15886004,turquoise,MGAT1
cg15889230,blue,LOC388955
cg15889838,brown,
cg15890274,brown,SNX32
cg15891645,red,
cg15893431,turquoise,OLIG1
cg15896098,grey,MMACHC
cg15896259,turquoise,ENTPD4
cg15896447,grey,MDP1
cg15896487,grey,TADA1
cg15899474,turquoise,HAT1
cg15901997,grey,MEX3C
cg15903658,blue,RGS7
cg15903955,blue,C8orf45
cg15904821,darkmagenta,RASA2
cg15906799,turquoise,ZBTB3
cg15909132,grey,FAM171A2
cg15910323,turquoise,SLC15A4
cg15911114,grey,FST
cg15911239,turquoise,SF3B14
cg15911409,blue,CXCR7
cg15911567,turquoise,
cg15911859,grey,RIBC2
cg15922174,grey,CRB2
cg15922553,blue,PACRG
cg15923025,turquoise,EIF4EBP3
cg15924868,grey,C11orf21
cg15925179,turquoise,UBXN7
cg15925527,blue,WDR8
cg15926317,turquoise,NHP2
cg15926342,turquoise,SH3PXD2B
cg15927720,grey,SLIT3
cg15928016,blue,MARCH5
cg15928377,turquoise,
cg15928534,turquoise,CYP46A1
cg15929573,turquoise,TUBA1C
cg15930922,turquoise,SLC5A3
cg15931921,grey,DLL1
cg15933195,turquoise,LRRC27
cg15934415,turquoise,DENND2C
cg15934634,blue,
cg15934776,blue,AFF3
cg15938529,blue,DLGAP2
cg15939466,turquoise,VTI1A
cg15944457,turquoise,WRN
cg15945129,turquoise,C7orf58
cg15946251,turquoise,KCNJ5
cg15947096,turquoise,ELMO1
cg15948059,blue,
cg15951545,blue,LATS2
cg15951897,blue,ZCCHC4
cg15954353,grey,LOC728392
cg15954711,turquoise,HMGN3
cg15955522,blue,KCTD16
cg15959986,turquoise,ACIN1
cg15961842,turquoise,DNAH6
cg15964717,blue,
cg15967501,grey,SEC1
cg15969227,grey,
cg15970035,cyan,GSK3B
cg15970375,turquoise,ZBTB44
cg15971518,grey,PRG2
cg15972264,blue,NEDD9
cg15974196,tan,CTNND2
cg15974272,turquoise,KCNQ1
cg15974673,grey,EVI5L
cg15975750,grey,
cg15977137,grey,WRB
cg15977798,blue,ZNF536
cg15979150,turquoise,FAM164C
cg15979172,grey,AKAP8
cg15979348,blue,
cg15982117,grey,HLA-DRB1
cg15984406,grey,
cg15988263,turquoise,IPO13
cg15988970,grey,DNAJC15
cg15990223,blue,ELMO1
cg15992535,pink,NRG2
cg15993027,grey,HECW1
cg15994321,turquoise,ATF6
cg15996282,grey,LMBRD2
cg15996480,turquoise,
cg15996499,turquoise,LOC100130691
cg15997020,blue,TRAPPC9
cg16000888,turquoise,RASSF7
cg16002305,turquoise,
cg16002322,turquoise,USP48
cg16002864,turquoise,BCL9
cg16004501,grey,
cg16004911,turquoise,FRYL
cg16005540,turquoise,
cg16005559,grey,
cg16006004,grey,BRCA1
cg16006841,grey,RGS14
cg16008148,grey,
cg16008931,turquoise,TPD52
cg16012388,blue,BICC1
cg16013485,grey,PRICKLE4
cg16014773,turquoise,TNRC18
cg16016176,brown,ADPRH
cg16016583,blue,PTPRN2
cg16016616,turquoise,INTS7
cg16017089,grey,ARHGEF17
cg16017144,grey,HRNBP3
cg16017889,grey,
cg16020210,blue,
cg16022553,blue,UBE2K
cg16022748,turquoise,LOC285456
cg16023551,turquoise,FAM134B
cg16026103,blue,MYBPC1
cg16026114,turquoise,
cg16026212,blue,
cg16026549,blue,TAP2
cg16027622,turquoise,MED17
cg16028117,grey,ATG7
cg16032108,grey,
cg16033376,turquoise,PRR24
cg16034541,grey,MUC4
cg16037021,midnightblue,RIC8B
cg16037569,blue,PIK3CD
cg16040564,blue,
cg16040763,grey,PITPNC1
cg16041611,grey,SRF
cg16044925,turquoise,ZMPSTE24
cg16045498,blue,NOTCH2
cg16047223,grey,TNK2
cg16047970,turquoise,KIAA0907
cg16048517,grey,CTNND2
cg16049349,turquoise,C12orf29
cg16050468,grey,
cg16054451,turquoise,SPOP
cg16055035,turquoise,GFOD1
cg16056465,turquoise,IMMP2L
cg16057201,turquoise,MRFAP1
cg16058430,blue,C1orf201
cg16058797,grey,
cg16059256,blue,HLCS
cg16059541,turquoise,HADHA
cg16060486,turquoise,CYP1B1
cg16063617,grey,ISOC1
cg16066641,grey,SLC5A6
cg16070018,turquoise,HIST1H3E
cg16073349,turquoise,CAMK2B
cg16075775,blue,SAMD4A
cg16077741,yellow,POLR2B
cg16078521,grey,ZSWIM5
cg16080552,grey,TACSTD2
cg16081992,blue,SON
cg16082503,blue,TRIM6-TRIM34
cg16082695,blue,LOC100128239
cg16083044,grey,
cg16083168,blue,UVRAG
cg16086579,blue,EP400
cg16088107,turquoise,FBRSL1
cg16088539,grey,
cg16091055,blue,
cg16091553,grey,GABRG1
cg16091766,blue,WDSUB1
cg16094925,grey,TROVE2
cg16095440,grey,
cg16095542,turquoise,ADAM15
cg16100555,turquoise,COQ6
cg16100845,blue,
cg16101278,grey,LY86
cg16101574,grey,
cg16102016,turquoise,C17orf44
cg16102102,grey,HAPLN1
cg16103098,blue,DLK1
cg16104915,turquoise,HOXA9
cg16106427,grey,STK32C
cg16107553,turquoise,PPP2R5E
cg16109817,turquoise,FLJ37453
cg16112050,grey,ENOSF1
cg16112226,blue,KIRREL3
cg16113156,grey,
cg16115627,grey,DPP6
cg16117781,turquoise,TNFRSF9
cg16119852,turquoise,FAF1
cg16120422,grey,CCDC42B
cg16120501,blue,LAMA2
cg16123319,turquoise,DTWD1
cg16124546,turquoise,ECD
cg16124719,turquoise,PHACTR3
cg16125762,grey,STX6
cg16127514,grey,
cg16127683,grey,EIF2AK4
cg16138161,turquoise,
cg16139664,turquoise,RPL24
cg16142698,turquoise,DNAJC13
cg16142906,blue,RFPL3
cg16143502,grey,DDX43
cg16145857,blue,
cg16147221,brown,SLC2A9
cg16149437,blue,SOS1
cg16149857,turquoise,TADA1
cg16154810,grey,CERK
cg16156662,blue,TM9SF3
cg16163558,blue,HTR4
cg16164092,turquoise,HSPA1L
cg16164276,turquoise,SLC6A1
cg16167782,blue,TSHZ1
cg16168624,turquoise,ERICH1
cg16172923,grey,MAD1L1
cg16173736,turquoise,RERG
cg16174301,turquoise,CSDE1
cg16175124,blue,LYST
cg16178289,grey,
cg16179938,purple,NFATC1
cg16180217,turquoise,DCBLD2
cg16187659,green,IFITM2
cg16188349,blue,PTPRG
cg16188714,blue,
cg16196758,turquoise,SKA1
cg16199098,turquoise,TXN2
cg16201963,turquoise,BDNFOS
cg16202187,turquoise,HAUS8
cg16202736,turquoise,C14orf119
cg16203711,grey,MYNN
cg16205846,blue,CPS1
cg16207673,turquoise,ASCL4
cg16208084,grey,HSPB9
cg16208106,tan,
cg16209630,turquoise,ZNHIT2
cg16212053,blue,
cg16212881,grey60,DHX16
cg16214492,grey,TMC8
cg16216148,turquoise,ELP2P
cg16218377,turquoise,CAPRIN1
cg16221651,blue,ISPD
cg16222062,blue,
cg16222491,blue,
cg16229364,turquoise,DHX30
cg16232702,turquoise,DDHD2
cg16236270,blue,MCM7
cg16238350,blue,ZIM3
cg16238819,turquoise,CASZ1
cg16240751,blue,
cg16242080,blue,FAM171B
cg16242106,turquoise,UBE2Q2
cg16245495,blue,
cg16247323,grey,HACL1
cg16248329,grey,FAT1
cg16250754,turquoise,CARD6
cg16252685,turquoise,C22orf32
cg16253809,turquoise,ARID5B
cg16254375,blue,
cg16257254,turquoise,ARL5A
cg16257375,blue,SARS
cg16258062,blue,
cg16261091,blue,C17orf101
cg16263661,grey,
cg16264079,turquoise,ZNF618
cg16268315,blue,
cg16269776,blue,
cg16271453,blue,XRN1
cg16271912,turquoise,RAD17
cg16272786,magenta,GUK1
cg16273215,grey,EFNA1
cg16273546,grey,
cg16274205,grey,
cg16275960,turquoise,CPSF6
cg16276424,turquoise,NAV2
cg16277922,blue,ASAP1
cg16278512,grey,VWDE
cg16279940,turquoise,DZIP3
cg16280705,turquoise,TSLP
cg16284459,turquoise,MTERF
cg16285380,pink,
cg16285780,blue,UBXN8
cg16286275,turquoise,ANLN
cg16287042,grey,
cg16288318,grey,
cg16289751,blue,ZNF518A
cg16293631,turquoise,IKZF3
cg16293892,grey,
cg16294570,turquoise,FGF20
cg16298867,grey,
cg16301894,grey,
cg16302458,grey,SAPS3
cg16303686,turquoise,DNAJC13
cg16306148,turquoise,YBX1
cg16308533,grey,CNTNAP1
cg16308672,blue,
cg16308694,turquoise,ARG2
cg16310579,blue,
cg16310717,turquoise,CCND2
cg16312002,grey,
cg16313278,turquoise,TTLL9
cg16315238,turquoise,CNOT8
cg16315992,blue,DDX5
cg16316162,grey,NAPRT1
cg16316472,grey,CCNI
cg16317730,turquoise,ABCF1
cg16322792,grey,ZNF697
cg16324579,turquoise,LIN54
cg16325326,turquoise,ZYG11B
cg16325826,blue,MCF2L
cg16328106,turquoise,C2orf74
cg16329650,turquoise,ERBB4
cg16331972,blue,PIK3R5
cg16333971,turquoise,UBL3
cg16338365,grey,
cg16339238,grey,THBD
cg16341495,blue,SLC45A4
cg16345366,grey,
cg16347018,turquoise,ATP5E
cg16348242,grey,GHITM
cg16351881,turquoise,NDUFB10
cg16354345,blue,
cg16357382,blue,
cg16358155,grey,MUC4
cg16358215,blue,SHANK2
cg16361266,blue,
cg16362005,blue,SGMS2
cg16362014,blue,DTWD2
cg16370685,turquoise,SETDB1
cg16370716,turquoise,USP21
cg16371341,grey,GPBP1
cg16372632,grey,CES4
cg16373817,grey,PALLD
cg16374953,turquoise,USPL1
cg16379671,grey,
cg16381753,blue,
cg16382382,turquoise,TGFBR3
cg16382778,turquoise,S100A11
cg16385941,blue,MAFK
cg16386425,blue,DIP2C
cg16387046,grey,MUCL1
cg16388791,turquoise,ADAT2
cg16389285,turquoise,ATP10A
cg16390139,turquoise,C6orf150
cg16393012,turquoise,ARHGDIB
cg16395953,turquoise,IFIT1
cg16398094,turquoise,PTCD3
cg16398128,turquoise,ZNF622
cg16399136,grey,
cg16399182,turquoise,COQ3
cg16399312,turquoise,PPME1
cg16399632,grey,CTBP1
cg16400350,blue,
cg16400434,turquoise,PPME1
cg16400798,blue,EGFLAM
cg16401346,turquoise,MEX3C
cg16401890,blue,HS2ST1
cg16406611,grey,IFITM5
cg16406658,turquoise,WASF2
cg16407139,blue,ATOH7
cg16409651,green,LITAF
cg16411979,grey,TTF2
cg16414030,grey,
cg16414945,turquoise,DUSP12
cg16415931,lightyellow,ZBED5
cg16417563,turquoise,GABARAPL1
cg16418163,turquoise,ACPL2
cg16418810,turquoise,EVC
cg16419620,turquoise,HDAC7
cg16420520,blue,NT5DC1
cg16420636,turquoise,RALGAPA2
cg16423461,turquoise,XKR9
cg16423650,turquoise,DNMBP
cg16423812,turquoise,SETMAR
cg16424178,turquoise,
cg16425060,lightcyan,NAA16
cg16430572,turquoise,SAMHD1
cg16430955,blue,FAM177A1
cg16431433,blue,GLIS2
cg16431720,grey,HLA-DQA1
cg16433800,turquoise,PDK1
cg16433844,blue,SMEK1
cg16434002,royalblue,HDAC5
cg16435561,turquoise,RFX8
cg16435808,turquoise,TIA1
cg16435820,turquoise,WDR46
cg16436509,grey,COX6A1
cg16437009,turquoise,SLIT1
cg16438291,turquoise,OVCA2
cg16438358,turquoise,TCERG1
cg16438432,black,HNRNPD
cg16440058,grey,ASIP
cg16440561,grey,SPEG
cg16441347,blue,FIG4
cg16441590,blue,SLC25A21
cg16442452,blue,
cg16443455,turquoise,TTC18
cg16443926,grey,TMEM184A
cg16444198,turquoise,HLTF
cg16445007,blue,DNAH7
cg16447589,turquoise,IGFBP3
cg16447680,turquoise,KIAA0748
cg16448525,turquoise,FLJ42709
cg16448620,turquoise,C2orf89
cg16448960,turquoise,SON
cg16449687,grey,LOC441666
cg16449840,turquoise,COPZ1
cg16452361,red,C15orf27
cg16452840,darkgrey,OSBP
cg16453901,blue,
cg16454495,grey,
cg16456371,blue,USP49
cg16459519,grey,SYT15
cg16460466,turquoise,ANP32A
cg16465768,turquoise,R3HDM1
cg16468187,turquoise,C16orf5
cg16468843,grey,ATP2B2
cg16468949,brown,CCDC12
cg16469099,grey,TRIM68
cg16469894,blue,ATP8B4
cg16472965,turquoise,SEMA4F
cg16473166,turquoise,SELO
cg16473610,turquoise,CBFB
cg16474170,grey,PTPRM
cg16474696,grey,MRI1
cg16475925,turquoise,SPG7
cg16478012,turquoise,FBXO31
cg16479341,turquoise,FBXO15
cg16479401,turquoise,COPS4
cg16480803,blue,AMPH
cg16484943,turquoise,PLA2G16
cg16485558,grey,RNF180
cg16485682,grey,GATA6
cg16488304,salmon,SEMA6C
cg16489826,turquoise,TCP1
cg16491046,turquoise,ZNF496
cg16491233,blue,PTPN2
cg16491319,grey,MYOM2
cg16493531,turquoise,FLOT1
cg16495873,blue,ZFHX4
cg16496269,grey,
cg16496750,turquoise,KIAA1033
cg16497583,darkturquoise,ZNF252
cg16500101,turquoise,
cg16500454,turquoise,TAF5
cg16501237,grey,FRAT1
cg16502595,turquoise,POU6F2
cg16502865,turquoise,
cg16502980,grey,NEDD4L
cg16506172,turquoise,L2HGDH
cg16506290,blue,STAU2
cg16506815,grey,
cg16510485,lightyellow,EPB41L4A
cg16512163,grey,RASA3
cg16513459,grey,KCNAB3
cg16513933,blue,ANKRD46
cg16514085,grey,HLA-DRB1
cg16516959,turquoise,
cg16518686,turquoise,FAM98A
cg16519192,grey,
cg16519495,blue,ENAH
cg16521978,pink,
cg16524570,blue,
cg16524733,grey,TAGLN
cg16524762,purple,RLF
cg16524830,turquoise,C1orf103
cg16528597,grey,PDE4DIP
cg16530177,grey,F13A1
cg16530595,grey,
cg16530787,blue,MAML2
cg16530959,turquoise,GDF6
cg16533245,blue,C17orf48
cg16533314,blue,DNAJA3
cg16534505,darkred,CAMTA2
cg16536857,blue,KIAA0753
cg16540036,steelblue,TMCO6
cg16540238,blue,
cg16542283,turquoise,THAP6
cg16545496,turquoise,HSD11B2
cg16546016,turquoise,C4orf31
cg16549389,turquoise,SCNN1B
cg16550453,grey,TDRD1
cg16551049,turquoise,CCNH
cg16552884,blue,WWC2
cg16553272,grey,SLC44A4
cg16554933,turquoise,Magmas
cg16556111,turquoise,NR2F1
cg16556892,turquoise,ZNF276
cg16557370,grey,
cg16558319,turquoise,NEDD1
cg16558692,blue,PTPRN2
cg16558822,blue,
cg16559708,turquoise,CAMTA1
cg16560309,grey,ERBB2IP
cg16560389,blue,
cg16560774,grey,BAHCC1
cg16561657,grey,
cg16565154,turquoise,TNFAIP8L2
cg16565382,blue,
cg16566165,turquoise,TGM2
cg16570129,blue,RUFY1
cg16571642,grey,PTPRN2
cg16572410,blue,LTBP1
cg16572876,grey,
cg16574285,turquoise,CREG2
cg16574934,blue,PLCG2
cg16575379,turquoise,C14orf133
cg16577593,blue,LRRTM2
cg16579555,grey,RNF135
cg16580728,blue,TMEM74
cg16580982,grey,
cg16581738,blue,PRKAR1B
cg16582062,turquoise,MLST8
cg16582118,grey,
cg16582156,turquoise,GNAI3
cg16584342,turquoise,
cg16585827,turquoise,LRP2
cg16587158,turquoise,EIF2B2
cg16587623,turquoise,KIAA0494
cg16592709,blue,ARHGEF10
cg16593333,grey,
cg16594139,grey,PLEKHA4
cg16595261,grey,
cg16599266,turquoise,C1orf93
cg16602147,turquoise,GAB1
cg16602316,grey,
cg16605590,turquoise,MKI67IP
cg16605745,turquoise,RPAP3
cg16605982,turquoise,
cg16611967,grey,
cg16613143,grey,METT10D
cg16616957,blue,EYS
cg16621691,turquoise,PRR16
cg16624692,turquoise,SNX32
cg16625916,blue,CTNNA2
cg16626067,turquoise,CMTM2
cg16628119,midnightblue,ITPK1
cg16628372,turquoise,
cg16628484,turquoise,LOC153684
cg16632644,blue,KBTBD2
cg16633951,grey,LOC84856
cg16634245,blue,KIF5C
cg16634372,blue,FNDC3B
cg16638571,turquoise,TPD52
cg16638945,blue,
cg16643261,blue,KATNAL2
cg16644764,turquoise,IGSF3
cg16645584,green,JUN
cg16648265,blue,USP49
cg16648952,blue,PRDM1
cg16650529,turquoise,
cg16652741,grey,CDK5R2
cg16653991,grey,FGFR2
cg16655383,turquoise,INTS6
cg16655724,grey,YTHDC1
cg16656864,green,TAOK1
cg16658412,grey,MAD1L1
cg16658931,grey,SHANK1
cg16659480,turquoise,CYB5B
cg16659561,blue,SGMS1
cg16659808,blue,
cg16661579,turquoise,C10orf4
cg16661813,turquoise,OMA1
cg16663674,turquoise,SNORD27
cg16667275,pink,API5
cg16667508,grey,MATN4
cg16668548,turquoise,DDAH2
cg16671114,turquoise,C3orf58
cg16672956,blue,BANP
cg16674323,turquoise,HIGD1A
cg16674860,green,HPS1
cg16675029,turquoise,AGPAT5
cg16677019,grey,WNT3
cg16678032,turquoise,EXOC3
cg16678153,turquoise,LPHN2
cg16678437,turquoise,EFCAB2
cg16681268,grey,ASZ1
cg16683416,blue,
cg16683981,blue,MGC26597
cg16686255,blue,SGIP1
cg16687447,turquoise,PTEN
cg16691888,turquoise,LRP2
cg16694524,turquoise,FUBP1
cg16696730,grey,RSPH1
cg16698116,turquoise,OTUD7B
cg16698835,turquoise,CTSA
cg16699148,grey,TACSTD2
cg16699326,turquoise,HSPA1B
cg16700025,grey,CMIP
cg16700924,grey,
cg16701105,steelblue,DENND4A
cg16701893,blue,PBX1
cg16702083,grey,TNFRSF6B
cg16702449,turquoise,NUDT3
cg16702747,blue,IRF8
cg16704802,turquoise,ABAT
cg16704958,grey,DSCR3
cg16705073,turquoise,ST3GAL2
cg16706559,turquoise,CASP9
cg16706631,grey,HIST1H4E
cg16707128,turquoise,MTF1
cg16707215,grey,TUBGCP5
cg16708785,turquoise,ZNF540
cg16710348,blue,SLC15A2
cg16711011,grey,
cg16713262,turquoise,
cg16714888,blue,ANKRD34C
cg16715662,blue,CREM
cg16716449,grey,A2BP1
cg16717480,turquoise,KIAA1429
cg16719194,blue,ARID1B
cg16720578,grey,
cg16721977,turquoise,ABLIM1
cg16722058,turquoise,JOSD1
cg16723134,turquoise,DCAF11
cg16723445,turquoise,TGIF1
cg16724319,turquoise,MDH1B
cg16725191,blue,BRCA2
cg16725304,blue,
cg16727027,turquoise,C4orf14
cg16729415,grey,GJD2
cg16732115,turquoise,PWP1
cg16732970,turquoise,CYB5D1
cg16733558,blue,C14orf23
cg16734433,grey,
cg16734947,grey,FAM91A1
cg16737422,turquoise,MT2A
cg16737567,turquoise,BTBD10
cg16738929,blue,
cg16739396,turquoise,ATG4C
cg16739503,blue,RASA3
cg16744531,grey,B3GNT3
cg16744862,turquoise,MRPS34
cg16746026,blue,ZNF438
cg16746620,blue,ACSF3
cg16747247,grey,PLXDC2
cg16748643,grey,
cg16750275,grey,MCF2L
cg16750440,grey,C10orf79
cg16754678,turquoise,
cg16758887,turquoise,LOC93622
cg16760382,blue,VKORC1L1
cg16761754,grey,
cg16763089,grey,LOC149837
cg16763192,darkorange,CPPED1
cg16765873,turquoise,DOK4
cg16766914,grey,CUEDC1
cg16769595,turquoise,MOBP
cg16770933,turquoise,
cg16771474,blue,
cg16773067,grey,
cg16778289,turquoise,HMOX2
cg16779866,blue,ARMC4
cg16781264,grey,NMS
cg16782339,blue,SH3RF3
cg16782807,turquoise,SLC32A1
cg16783819,grey,HSF2
cg16784985,grey,PDE9A
cg16785953,blue,MRPL1
cg16786640,grey,DOK7
cg16786756,grey,
cg16787365,turquoise,
cg16788912,turquoise,
cg16791216,turquoise,CNOT7
cg16792002,blue,MAML2
cg16793043,turquoise,SNRK
cg16794061,turquoise,HLA-DRA
cg16799897,grey,
cg16799998,turquoise,NME6
cg16801535,turquoise,SRGAP3
cg16801887,turquoise,
cg16804899,turquoise,ZNF512
cg16811230,grey,GORASP1
cg16814680,grey,
cg16818768,turquoise,PSMG1
cg16819888,blue,AUTS2
cg16820615,grey,RASA3
cg16823822,turquoise,SCAND1
cg16830966,turquoise,WDR4
cg16834823,grey,TNXB
cg16836250,grey,
cg16837441,grey,MATN4
cg16840616,blue,
cg16842485,royalblue,C6orf47
cg16848843,grey,ZNF600
cg16850897,grey,ZAN
cg16852837,turquoise,MBD2
cg16855352,grey,
cg16856213,grey,
cg16857610,tan,CRLF1
cg16859001,turquoise,RPP21
cg16860694,turquoise,FXYD5
cg16863052,grey,
cg16865965,grey,VAMP5
cg16875032,grey,SNTB1
cg16875108,blue,RAD18
cg16876647,turquoise,ZFP36L2
cg16878088,turquoise,ALG5
cg16879452,blue,
cg16882226,turquoise,CHST10
cg16885113,violet,
cg16886756,blue,EPC1
cg16888106,turquoise,NUFIP2
cg16893488,blue,NCOA2
cg16895170,turquoise,ZC3H10
cg16895792,turquoise,PIK3CD
cg16896079,grey,PDZRN4
cg16896687,blue,
cg16897114,yellow,KCNA5
cg16897579,blue,RAD54L2
cg16898124,grey,ZXDC
cg16898493,turquoise,LMF2
cg16899598,turquoise,ZNF133
cg16901082,turquoise,DPYSL2
cg16904551,turquoise,
cg16906346,grey,KIAA0319
cg16907298,turquoise,ESF1
cg16908156,turquoise,RERE
cg16908556,blue,BBS9
cg16909962,turquoise,RAB4A
cg16910246,blue,TRIM2
cg16914674,blue,ANPEP
cg16915863,grey,LOC400043
cg16916165,blue,
cg16916522,turquoise,FEN1
cg16917654,turquoise,
cg16919093,blue,BRCA1
cg16919449,grey,
cg16919615,turquoise,RPS27A
cg16920123,turquoise,C8G
cg16920581,turquoise,PARP11
cg16924702,turquoise,EPB41L3
cg16925210,turquoise,PECR
cg16925307,turquoise,KIAA1467
cg16926108,turquoise,KIAA0907
cg16926284,turquoise,AAGAB
cg16926389,turquoise,CCDC46
cg16928526,blue,
cg16938490,turquoise,MCF2L2
cg16939112,blue,ADIPOR2
cg16942681,turquoise,RIOK3
cg16943151,blue,RHOBTB1
cg16943529,grey,EOMES
cg16944589,turquoise,RAB3GAP1
cg16944964,grey,
cg16946007,blue,REV1
cg16949539,blue,NCK2
cg16950088,blue,GAK
cg16954236,blue,RAB12
cg16956133,grey,
cg16959486,blue,MOBP
cg16960675,turquoise,FAM3D
cg16961092,turquoise,KIAA1737
cg16963062,orange,BRCA1
cg16963622,turquoise,ST3GAL5
cg16967640,turquoise,LMX1A
cg16968115,grey,WDTC1
cg16968413,grey,WDR19
cg16969274,blue,C3orf34
cg16970851,turquoise,ST8SIA1
cg16972079,turquoise,EIF2B5
cg16974308,blue,PAG1
cg16975002,blue,
cg16975614,grey,
cg16976047,turquoise,RNF185
cg16976599,blue,
cg16976910,grey,IRS2
cg16986315,grey,TAS1R2
cg16986851,turquoise,EXOC6B
cg16987804,magenta,AHCTF1
cg16988072,turquoise,
cg16989378,turquoise,FBXO36
cg16991595,turquoise,PGRMC2
cg16993249,turquoise,COMMD4
cg16993579,grey,UBE2T
cg16993684,turquoise,GNAS
cg16995420,turquoise,TAPBP
cg16997989,skyblue,ANKRD12
cg16998213,salmon,METRN
cg16998883,turquoise,TAF13
cg16999099,grey,LHX4
cg17002518,blue,
cg17004897,blue,
cg17005319,blue,DEAF1
cg17005595,turquoise,PAQR8
cg17006042,turquoise,BAT3
cg17010941,turquoise,ZNF706
cg17011799,blue,HOMEZ
cg17012575,turquoise,HYLS1
cg17012863,turquoise,LIPA
cg17013729,grey,EHMT2
cg17014095,blue,MAGI3
cg17016026,grey,
cg17016175,blue,TMEM131
cg17017394,blue,
cg17022362,grey,KCNQ2
cg17023374,grey,C4orf32
cg17023395,blue,
cg17023776,turquoise,SOX5
cg17024828,grey,
cg17025484,turquoise,ZKSCAN5
cg17025642,blue,TRIM22
cg17025835,grey,TMEM229A
cg17026456,turquoise,PXN
cg17027195,steelblue,AUTS2
cg17033499,turquoise,
cg17034988,turquoise,TMEM5
cg17035899,grey,MYL5
cg17037924,turquoise,DUT
cg17038216,blue,
cg17038645,blue,
cg17039262,turquoise,SETD4
cg17039842,turquoise,C1orf220
cg17042849,green,HIST1H4C
cg17043823,grey,RSF1
cg17050806,grey,GLIPR1L2
cg17051560,turquoise,SOCS2
cg17051704,grey,FAM189A1
cg17052552,blue,ANK1
cg17052675,grey,
cg17054060,grey,
cg17055721,blue,PCGF3
cg17058383,blue,MCF2L
cg17059263,turquoise,MND1
cg17059502,turquoise,STAMBP
cg17061156,blue,
cg17066349,blue,CIT
cg17066716,grey,ASPH
cg17069313,grey,ENPP6
cg17069743,turquoise,NR2F2
cg17072271,turquoise,GRB2
cg17074816,yellow,CENPC1
cg17075937,turquoise,DFFA
cg17076635,grey,
cg17077639,turquoise,
cg17079378,turquoise,RAD54L
cg17080181,turquoise,SDC1
cg17081644,turquoise,BTBD11
cg17081778,turquoise,AMZ1
cg17082727,blue,
cg17083798,blue,
cg17086421,magenta,PITRM1
cg17088180,blue,BCL2L11
cg17088247,turquoise,ZNF165
cg17091998,turquoise,SHBG
cg17093212,turquoise,MEOX2
cg17093362,turquoise,ATAD2
cg17094171,turquoise,GRIN2B
cg17094985,turquoise,
cg17096289,grey,HLA-C
cg17096665,turquoise,TTC32
cg17097782,turquoise,OSR1
cg17097992,turquoise,HPCAL1
cg17099445,blue,ENGASE
cg17099656,grey,CERK
cg17100201,blue,YWHAG
cg17100207,turquoise,XPO7
cg17101494,blue,
cg17101553,turquoise,ZNF8
cg17102089,turquoise,ZMYM4
cg17102411,turquoise,CDK17
cg17103126,blue,RASL11B
cg17104258,grey,DUSP27
cg17104900,brown,RNF34
cg17105604,turquoise,ILF3
cg17111597,turquoise,CCNB2
cg17112089,black,CTTNBP2
cg17112155,turquoise,HCK
cg17112757,blue,DENND1B
cg17119612,darkgreen,ZNF704
cg17121412,grey,TUBGCP5
cg17122213,grey,MIB2
cg17125623,turquoise,NFATC3
cg17127214,yellow,
cg17129755,turquoise,C11orf60
cg17130032,turquoise,GLI4
cg17130504,turquoise,LZTS2
cg17132421,grey,ARRDC4
cg17132465,grey,DSCC1
cg17135058,turquoise,THAP2
cg17135675,blue,
cg17136548,blue,C8orf42
cg17137980,turquoise,GNB1L
cg17139369,green,MARCH2
cg17140034,blue,TCF12
cg17142664,blue,IMMP2L
cg17142722,turquoise,
cg17143565,grey,SLFN5
cg17144988,blue,
cg17145587,grey,DNER
cg17146640,steelblue,CELSR1
cg17147121,turquoise,ZNF836
cg17150474,turquoise,NEO1
cg17152658,turquoise,EFR3A
cg17152850,blue,PDE11A
cg17154187,grey,SMCR7
cg17154563,turquoise,PSMC4
cg17154724,turquoise,DNM3
cg17154729,turquoise,UTP23
cg17155818,blue,
cg17155907,turquoise,TCHP
cg17156255,turquoise,PPM1G
cg17156694,blue,
cg17158424,blue,TCP11L1
cg17158761,turquoise,
cg17159093,turquoise,SPATS2L
cg17159837,turquoise,KDELR3
cg17160660,turquoise,MYC
cg17162132,turquoise,C11orf83
cg17165241,grey,PKP3
cg17165848,turquoise,WIPF1
cg17166258,turquoise,GNL1
cg17166282,turquoise,TPP2
cg17166802,turquoise,GTPBP8
cg17167045,blue,
cg17167289,greenyellow,HIGD1A
cg17168535,turquoise,XPO7
cg17168838,grey,LENG1
cg17169982,blue,TBCD
cg17170743,blue,PCGF3
cg17170948,turquoise,
cg17172308,grey,
cg17172851,turquoise,PAX7
cg17173639,blue,PARK2
cg17174180,turquoise,FAM103A1
cg17174230,turquoise,SSSCA1
cg17174775,turquoise,AASS
cg17174814,grey,
cg17177219,darkolivegreen,TDG
cg17177318,grey,MSL2
cg17178900,grey,PM20D1
cg17179862,grey,LOC404266
cg17179911,grey,ERICH1
cg17180012,turquoise,C10orf131
cg17180607,turquoise,HNRNPUL2
cg17182036,blue,PDZD8
cg17185817,turquoise,GPR3
cg17187559,turquoise,ZNF248
cg17187762,grey,
cg17188169,grey,DDX43
cg17190403,turquoise,C6orf211
cg17190703,steelblue,CIB2
cg17191933,turquoise,IPO5
cg17193369,turquoise,PDZD8
cg17193551,blue,FAM49B
cg17194240,turquoise,CEBPD
cg17198230,turquoise,
cg17198762,grey,LOC390594
cg17200161,turquoise,KCNK5
cg17200564,turquoise,EIF3F
cg17201273,grey,AUTS2
cg17202948,turquoise,NAT9
cg17207301,turquoise,PIK3R4
cg17207836,turquoise,HEMK1
cg17211192,turquoise,SNX16
cg17211447,grey,APITD1
cg17212000,blue,FAM82A1
cg17212500,grey,C8orf39
cg17212902,blue,
cg17212919,blue,BASP1
cg17213048,blue,ATAD2
cg17214237,turquoise,ZNF467
cg17214737,brown,VCL
cg17215666,turquoise,SUMF2
cg17215843,turquoise,HERC3
cg17216414,turquoise,PAN2
cg17217189,turquoise,IGF2BP1
cg17217741,blue,
cg17218045,turquoise,DHDDS
cg17218435,turquoise,
cg17218495,grey,SMARCA4
cg17220042,turquoise,E2F1
cg17220055,grey,HIVEP3
cg17221377,grey,
cg17221444,turquoise,STOML1
cg17221813,grey,SLC17A9
cg17221980,grey,NUS1
cg17222941,turquoise,MAGI2
cg17224181,grey,
cg17224732,grey,ZZZ3
cg17225129,turquoise,B3GALT4
cg17226280,turquoise,MRC2
cg17226324,blue,ATP11A
cg17226811,turquoise,
cg17228231,turquoise,MKRN1
cg17228286,turquoise,KIAA1949
cg17228898,blue,
cg17232254,blue,JMJD1C
cg17233127,turquoise,C10orf4
cg17234198,pink,C20orf199
cg17235179,turquoise,CNOT8
cg17237506,turquoise,ZPBP
cg17238970,blue,
cg17239008,grey,
cg17240499,turquoise,ANGEL2
cg17240725,grey,WBSCR26
cg17242351,grey,ACTC1
cg17242590,cyan,LMBR1
cg17244466,turquoise,TIGD3
cg17245996,blue,
cg17246694,blue,IL28RA
cg17247435,turquoise,PAN3
cg17247873,grey,
cg17248924,grey,TMEM232
cg17250082,grey,
cg17250302,turquoise,DCHS1
cg17250537,grey,
cg17252808,turquoise,FAM20B
cg17255062,turquoise,C10orf32
cg17255450,grey,EVC2
cg17258335,grey,
cg17262328,grey,
cg17266581,grey,MBP
cg17269137,turquoise,SYDE2
cg17276002,turquoise,ANXA7
cg17276794,blue,LPCAT1
cg17279839,grey,RARRES2
cg17281556,turquoise,C12orf35
cg17283383,turquoise,CCDC41
cg17284634,blue,
cg17287553,turquoise,
cg17289202,turquoise,ZNF532
cg17289692,blue,
cg17290508,steelblue,DIP2C
cg17292337,grey,
cg17294865,grey,HLA-DPB1
cg17294928,turquoise,SCAMP5
cg17298925,grey,
cg17299615,turquoise,
cg17299830,turquoise,LSG1
cg17301379,grey,
cg17304878,turquoise,DCAF7
cg17306261,turquoise,C14orf50
cg17307348,turquoise,TMEM217
cg17308286,turquoise,ZNF384
cg17312092,blue,
cg17316564,grey,GOLGA2L1
cg17316718,grey,RPH3AL
cg17319142,turquoise,C1QL2
cg17321639,blue,
cg17322050,turquoise,METTL4
cg17324872,blue,
cg17326769,turquoise,HCK
cg17328171,turquoise,PDE4D
cg17328665,grey,PER3
cg17329110,blue,SHANK2
cg17329518,turquoise,WDR4
cg17330251,grey,PON1
cg17334018,grey,UNC5C
cg17334937,grey,
cg17335114,turquoise,MTDH
cg17336139,grey,PRAME
cg17336400,turquoise,MNAT1
cg17336714,turquoise,DEDD2
cg17339505,turquoise,RET
cg17342469,blue,
cg17342834,turquoise,HRAS
cg17345859,blue,ZNF12
cg17345994,blue,CTNND1
cg17347471,turquoise,MOCS2
cg17349753,turquoise,RTN4RL2
cg17352830,blue,DOPEY2
cg17356280,turquoise,TEX9
cg17359064,turquoise,SERF2
cg17360140,grey,C4orf29
cg17360256,blue,UGP2
cg17364114,grey,SLC22A3
cg17364250,blue,POU5F1
cg17366294,grey,C4orf37
cg17367215,turquoise,SUPT5H
cg17368581,turquoise,
cg17369088,turquoise,MIR423
cg17370319,blue,
cg17374534,turquoise,FAM198A
cg17375248,turquoise,
cg17376288,blue,UTS2D
cg17377164,turquoise,HIBCH
cg17378342,grey,CDX1
cg17379209,turquoise,BID
cg17380693,blue,IGF2BP3
cg17380795,grey,
cg17380870,grey,TFRC
cg17381565,turquoise,CTSF
cg17383334,blue,GABRR3
cg17384124,blue,ANKRD44
cg17384898,turquoise,KIAA0226
cg17388683,turquoise,MIR548G
cg17389218,turquoise,ACVR1B
cg17390350,grey,GLI3
cg17394129,blue,
cg17394176,saddlebrown,
cg17395555,grey,
cg17396620,turquoise,KIAA1712
cg17397028,turquoise,FAM190A
cg17397364,blue,LOC100132215
cg17398233,red,CXCR4
cg17399234,turquoise,WDR36
cg17400829,blue,
cg17401890,blue,PRR5L
cg17403731,grey,HCN2
cg17404915,black,OVOL2
cg17405234,grey,FAM190A
cg17406023,grey,ZNF536
cg17407324,blue,ZNF615
cg17411546,blue,SYNPO2L
cg17412258,turquoise,DLK1
cg17413328,grey,
cg17414580,turquoise,KPNA4
cg17415355,blue,TOLLIP
cg17416271,turquoise,YWHAE
cg17416644,grey,BRSK2
cg17418304,grey,MTR
cg17419514,blue,
cg17420619,blue,ARHGAP1
cg17420659,turquoise,ATM
cg17420885,grey,LOC339524
cg17421046,grey,HLA-DQA1
cg17422427,brown,RNPEPL1
cg17427491,grey,
cg17428043,grey,LHX4
cg17429382,turquoise,MATK
cg17429870,grey,BRSK2
cg17431280,grey,GRLF1
cg17432267,greenyellow,
cg17436327,grey,PSMB1
cg17436861,turquoise,DBN1
cg17437088,blue,FLJ43663
cg17438419,salmon,KIAA1949
cg17439023,grey,SFRS8
cg17441280,turquoise,MED20
cg17441401,grey,LRP8
cg17441724,turquoise,C20orf96
cg17442483,grey,EPHX1
cg17444781,brown,LOC92659
cg17444972,blue,RSF1
cg17445212,grey,PAX8
cg17446339,grey,HTATIP2
cg17451471,green,PSMA5
cg17453780,grey,
cg17454509,blue,
cg17456522,blue,PPAP2A
cg17457986,midnightblue,HOXB13
cg17459215,blue,
cg17459893,greenyellow,SNHG12
cg17460449,blue,TAF4
cg17461599,turquoise,PLEKHB2
cg17461670,blue,ABCA8
cg17462203,turquoise,RPIA
cg17462394,turquoise,KPNA6
cg17462478,grey,SYF2
cg17463745,grey,
cg17464350,brown,
cg17465930,yellow,MATR3
cg17466535,turquoise,TMEM55B
cg17467752,turquoise,THRA
cg17468224,green,LOC285550
cg17468317,turquoise,BAT3
cg17469240,blue,UBE2J2
cg17469292,turquoise,VPS8
cg17470531,turquoise,CCDC88A
cg17473382,grey,C17orf82
cg17476223,blue,SHROOM3
cg17477052,grey,COL13A1
cg17477090,grey,
cg17479576,blue,FAM160A1
cg17481012,blue,RB1CC1
cg17481490,skyblue,C17orf97
cg17482424,blue,BAMBI
cg17484629,turquoise,ELOVL6
cg17485454,turquoise,MAPK10
cg17485717,grey,TCP11L1
cg17486644,blue,RADIL
cg17489964,turquoise,CTR9
cg17490921,grey,ZNF259
cg17491759,turquoise,
cg17492152,blue,AKIRIN1
cg17492481,saddlebrown,H2AFY
cg17492904,turquoise,ACSL3
cg17493021,blue,TRAF3IP1
cg17493511,turquoise,SLC39A1
cg17493765,turquoise,SH3BP5
cg17495087,grey,
cg17495792,turquoise,GGCT
cg17495912,grey,CCNA1
cg17496877,blue,INPP5A
cg17497066,turquoise,AMACR
cg17497419,turquoise,PFN4
cg17497608,grey,FZD1
cg17497746,turquoise,ATP6V1C1
cg17497965,turquoise,RBM24
cg17500119,grey,ZBTB48
cg17500383,turquoise,RAP1A
cg17501792,turquoise,GON4L
cg17501823,grey,SLC38A4
cg17502213,grey,DAB1
cg17503287,turquoise,RPS24
cg17504698,turquoise,PSPC1
cg17504765,blue,UNC5C
cg17504999,grey,PCDH10
cg17507374,orange,MGAT1
cg17508302,grey,HSPA7
cg17509989,grey,RGS14
cg17510056,turquoise,PLCB1
cg17512748,grey,TCERG1
cg17512779,saddlebrown,CNOT7
cg17512843,grey,RNF34
cg17513693,grey,PPT2
cg17514942,turquoise,SUB1
cg17516384,turquoise,CHMP6
cg17517709,blue,
cg17519650,turquoise,OTX1
cg17520080,turquoise,LUZP1
cg17521583,turquoise,
cg17522241,blue,
cg17522965,grey,LOC284900
cg17524265,grey,NAPRT1
cg17525856,turquoise,EPCAM
cg17526424,turquoise,SNHG11
cg17526506,turquoise,DBI
cg17526812,lightcyan,MYO1B
cg17527484,turquoise,SCN4A
cg17527589,grey,ADAM3A
cg17528580,turquoise,MYPN
cg17529386,grey,
cg17536603,turquoise,
cg17536960,turquoise,C6orf48
cg17537073,grey,
cg17540624,turquoise,IRF3
cg17541715,grey,
cg17541810,grey,ETV6
cg17544762,blue,MTHFD1L
cg17548556,turquoise,H2AFX
cg17554716,turquoise,NDUFS4
cg17555499,turquoise,CHCHD1
cg17555712,turquoise,KIAA0226
cg17558214,blue,PHF14
cg17563034,grey,CYTL1
cg17566325,grey,
cg17566334,blue,PACRG
cg17568255,brown,IAH1
cg17569124,grey,HOXA5
cg17572663,grey,ELP3
cg17573068,turquoise,CNIH2
cg17573292,grey,SOD3
cg17576266,turquoise,MATR3
cg17577923,turquoise,ARL4A
cg17579075,turquoise,TMEM86A
cg17579242,blue,
cg17580261,darkolivegreen,GDPD4
cg17584085,turquoise,HOXB7
cg17584576,turquoise,NDUFS4
cg17585343,turquoise,HSD17B12
cg17588038,blue,CREB5
cg17588350,grey,C11orf64
cg17591195,blue,
cg17594860,grey,AKR7A3
cg17598339,grey,
cg17599186,grey,TMEM93
cg17600863,blue,LOC100188947
cg17603057,turquoise,STMN1
cg17607942,grey,
cg17607973,grey,MEPCE
cg17610333,grey,
cg17610929,turquoise,ACCN4
cg17611045,grey,FGF12
cg17611936,grey,PRKAG2
cg17614564,turquoise,PCYT2
cg17618528,blue,HEG1
cg17619993,turquoise,BMP6
cg17621060,blue,MAST4
cg17621642,turquoise,SUV39H2
cg17625535,blue,FOXK1
cg17627629,turquoise,
cg17627829,blue,HCG18
cg17629447,turquoise,CHUK
cg17634401,blue,APOM
cg17638213,grey,TMCO3
cg17639265,turquoise,SRPK1
cg17639394,turquoise,HCG9
cg17639894,turquoise,
cg17640322,turquoise,CD44
cg17640684,blue,LRBA
cg17642017,lightyellow,
cg17643729,blue,LOC344595
cg17646392,grey,
cg17646610,blue,LOX
cg17647863,turquoise,SEC61A1
cg17648103,turquoise,FBXO3
cg17651633,turquoise,COX7A2L
cg17651973,turquoise,
cg17653955,blue,AGAP1
cg17654011,turquoise,ASCC2
cg17655970,grey,
cg17658113,grey,BRSK2
cg17660446,turquoise,ZNF343
cg17660703,blue,KCNJ14
cg17661103,blue,
cg17662034,grey,RDH10
cg17662683,white,TNXB
cg17664443,blue,IL1RAP
cg17665164,turquoise,CEP63
cg17666096,turquoise,SCOC
cg17666981,blue,TRIM27
cg17668949,turquoise,ATF2
cg17670237,turquoise,
cg17672050,turquoise,SNORA26
cg17674042,grey,PACSIN1
cg17677758,blue,DIP2C
cg17678877,magenta,MRPS9
cg17679824,turquoise,SGTB
cg17681516,grey,
cg17681698,blue,
cg17683031,turquoise,
cg17684478,blue,FOXR1
cg17685679,grey,ULK4
cg17687981,blue,TRIO
cg17688525,grey,L3MBTL4
cg17691542,grey,HIST1H1C
cg17693534,blue,MAD1L1
cg17694851,grey,
cg17695625,turquoise,KIAA1310
cg17695831,blue,
cg17696166,grey,CCDC49
cg17696517,grey,
cg17698860,blue,C6orf186
cg17702076,turquoise,TSGA13
cg17704177,grey,SFRS3
cg17705066,blue,GIPC3
cg17706124,blue,LRPAP1
cg17713488,grey,COL5A3
cg17714225,yellow,PFDN6
cg17714828,turquoise,LPCAT1
cg17715262,turquoise,SNX14
cg17716453,turquoise,CYP4F22
cg17716617,turquoise,KIAA1522
cg17716961,turquoise,PRKAB1
cg17718210,turquoise,MESDC1
cg17722231,tan,TMEM52
cg17722664,turquoise,ZWILCH
cg17723355,turquoise,STAM
cg17724687,grey,PER3
cg17727725,turquoise,GPR148
cg17728600,blue,
cg17733616,turquoise,SLC16A5
cg17736116,blue,ZNF280D
cg17737388,grey,C1orf52
cg17737967,grey,MAN2B1
cg17740908,blue,
cg17740950,turquoise,ZNF343
cg17741501,turquoise,
cg17742293,blue,TRIO
cg17749468,grey,STRADB
cg17749509,blue,SLC16A4
cg17749961,grey,LCLAT1
cg17750572,grey,
cg17751414,blue,
cg17751872,grey,ZNF714
cg17754171,yellow,SATB2
cg17754473,grey,CPLX1
cg17755880,grey,CHCHD2
cg17755888,grey,FER
cg17756530,purple,C7orf58
cg17759082,grey,SEC22A
cg17759252,grey,CRTC1
cg17759616,blue,ERG
cg17765713,turquoise,PLK4
cg17768665,blue,CDH17
cg17776376,blue,MAP1B
cg17778434,turquoise,ZMAT2
cg17779790,turquoise,YBX2
cg17780956,grey,MAP9
cg17782954,grey,ECHDC3
cg17783317,grey,VSTM1
cg17784027,blue,ATP6V0D2
cg17784749,midnightblue,LOC440839
cg17784876,blue,AKIRIN1
cg17792192,blue,CAMSAP1
cg17792564,turquoise,BCL6
cg17794299,grey,
cg17797229,grey,
cg17798749,turquoise,WDR93
cg17798944,turquoise,SNORD43
cg17800870,blue,GLUL
cg17801295,grey,
cg17803226,grey,CTSZ
cg17804987,turquoise,MAPKAPK3
cg17809276,green,C1orf9
cg17809849,turquoise,PDE9A
cg17812951,darkmagenta,KIAA2018
cg17814481,turquoise,FBP1
cg17826013,turquoise,HES2
cg17826324,turquoise,ADC
cg17826393,grey,MYBL1
cg17827850,grey,HBXIP
cg17829936,grey,TAAR5
cg17830810,blue,
cg17831467,turquoise,PI4K2A
cg17831554,blue,SKIV2L2
cg17831680,saddlebrown,VTA1
cg17832450,turquoise,SELM
cg17833169,grey,
cg17834425,blue,WDR27
cg17838182,blue,CANT1
cg17839226,grey,
cg17839259,turquoise,OPRL1
cg17842157,turquoise,HDAC5
cg17842918,grey,ATP11A
cg17843891,blue,
cg17844339,blue,CHST11
cg17846497,blue,RNF213
cg17848848,blue,AK5
cg17849194,turquoise,UTP3
cg17849569,grey,ZSCAN12L1
cg17851276,grey,
cg17858911,green,RSRC2
cg17859110,turquoise,PTPRT
cg17859187,turquoise,TIPRL
cg17859659,turquoise,TP53BP1
cg17860174,turquoise,SNX24
cg17860485,brown,FAM76A
cg17862404,turquoise,TSC22D1
cg17862468,blue,
cg17866680,turquoise,MEX3B
cg17870408,turquoise,RSPO4
cg17870997,grey,
cg17871792,turquoise,LOC400657
cg17879320,turquoise,RPL9
cg17880256,turquoise,FAM59A
cg17883449,blue,
cg17888096,turquoise,SPATA20
cg17888390,grey,
cg17889682,grey,DYNC1I1
cg17892539,turquoise,KIAA0100
cg17892601,blue,PDE4B
cg17893459,blue,VEPH1
cg17895310,grey,ZNF32
cg17897916,blue,
cg17901955,turquoise,DHX30
cg17904739,turquoise,EFCAB4B
cg17904852,cyan,CELSR3
cg17907730,magenta,DPY19L1
cg17910899,grey,
cg17913405,grey,
cg17916960,grey,
cg17919206,turquoise,RNPEP
cg17920646,grey,
cg17922249,blue,C3orf58
cg17923401,grey,SIGLEC7
cg17925022,turquoise,SH3BP5
cg17925360,grey,CFLAR
cg17926950,grey,
cg17927777,turquoise,
cg17929169,turquoise,FYN
cg17929492,turquoise,MAFK
cg17931620,turquoise,GNG12
cg17932096,grey,
cg17933807,turquoise,GNL2
cg17935304,turquoise,PSMG1
cg17936155,turquoise,RAB36
cg17936229,blue,
cg17937101,grey,MIR596
cg17937683,turquoise,ZNF277
cg17942573,grey,MYO10
cg17942639,grey,RPRM
cg17944940,grey,SLC25A19
cg17946375,turquoise,LHPP
cg17947140,cyan,ZFAND3
cg17948986,blue,KCNRG
cg17949371,turquoise,SPATS2
cg17951991,blue,ADARB2
cg17952661,turquoise,
cg17953633,turquoise,MRM1
cg17955752,turquoise,ASPSCR1
cg17957801,cyan,VPS53
cg17959722,grey,MRPL41
cg17960051,turquoise,ABCB1
cg17961943,blue,PLB1
cg17962342,turquoise,HIP1R
cg17964422,turquoise,HCG27
cg17964505,turquoise,
cg17967973,greenyellow,FOXRED1
cg17968599,blue,
cg17969084,turquoise,
cg17969377,greenyellow,TBCE
cg17970299,grey,ZNF385A
cg17971929,grey,PSMG1
cg17972625,blue,
cg17972631,turquoise,CTNNBIP1
cg17973407,turquoise,CTNNBIP1
cg17975002,turquoise,KIRREL2
cg17978996,grey,BEND3
cg17984375,turquoise,CH25H
cg17984641,red,SPSB1
cg17987358,turquoise,
cg17989428,turquoise,LAPTM4A
cg17991919,blue,RAD50
cg17991940,turquoise,AP2M1
cg17991990,turquoise,ENKUR
cg17993442,turquoise,ZBTB44
cg17994139,grey,HOXA6
cg17994840,blue,INPP5A
cg17996830,grey,ODZ4
cg18001180,turquoise,KCNK17
cg18003583,blue,SLC34A1
cg18004175,turquoise,IK
cg18005217,blue,INPP5A
cg18009376,turquoise,FASN
cg18010718,grey,ZACN
cg18010900,lightcyan,DYNC1LI1
cg18011032,blue,
cg18011045,turquoise,PMP22
cg18012383,grey,SMPD4
cg18013711,grey,C15orf42
cg18015985,turquoise,LMAN2
cg18016148,blue,EXT1
cg18016304,grey,
cg18017761,brown,DMAP1
cg18019037,blue,
cg18019451,blue,TDRKH
cg18020334,turquoise,HLA-C
cg18020381,turquoise,CCNG1
cg18021161,turquoise,C15orf27
cg18021992,grey,ITPA
cg18022324,turquoise,RBM15
cg18024684,blue,GJA8
cg18026026,steelblue,MGMT
cg18026055,grey,HLA-DQB2
cg18026227,turquoise,LOC100192378
cg18027207,blue,RAI14
cg18028483,blue,SESN1
cg18028999,grey,C15orf26
cg18029791,turquoise,GALNT7
cg18031436,grey,SF3A1
cg18032502,grey,TNNT3
cg18032744,turquoise,SPRY2
cg18039391,blue,RASGRF2
cg18039556,turquoise,RAB36
cg18041277,grey,
cg18042004,turquoise,POLR3H
cg18043078,turquoise,RASA3
cg18044385,turquoise,KISS1R
cg18045093,turquoise,NBR1
cg18045859,grey,CLDN3
cg18046570,turquoise,NLK
cg18049045,blue,FCHO2
cg18053383,blue,
cg18056133,grey,CCDC86
cg18057128,blue,RNF213
cg18057887,grey,IGSF9B
cg18059699,blue,LARS2
cg18061532,turquoise,PARP4
cg18062281,grey,DDX49
cg18064463,blue,
cg18064474,black,RORA
cg18068059,blue,FNDC3B
cg18068240,grey,NR3C1
cg18068919,turquoise,TRIM26
cg18071071,grey,
cg18072166,blue,RASA3
cg18074726,turquoise,BTBD11
cg18075691,grey,
cg18078305,grey,SLC1A4
cg18082014,turquoise,OPA3
cg18082080,grey,ULBP2
cg18082322,turquoise,GRPEL2
cg18082402,turquoise,
cg18082788,grey,ZC3H12D
cg18083595,grey,USP29
cg18085206,turquoise,CRK
cg18089426,grey,
cg18090147,turquoise,
cg18090431,blue,
cg18091046,grey,MTUS2
cg18094221,turquoise,RHOA
cg18095725,turquoise,HIST1H2BD
cg18095732,turquoise,ZDHHC20
cg18096251,grey,
cg18098750,turquoise,TMED7-TICAM2
cg18102575,turquoise,HMP19
cg18105134,grey,PROZ
cg18105139,grey,ZSCAN12L1
cg18105667,blue,CPS1
cg18106189,turquoise,C18orf1
cg18108111,blue,HSF2
cg18110333,grey,DUSP22
cg18116217,grey,PITRM1
cg18117895,lightgreen,BDNF
cg18119803,tan,NPY
cg18121006,blue,C10orf28
cg18122406,turquoise,NOP58
cg18123026,turquoise,EGR3
cg18123048,royalblue,CUL2
cg18123581,blue,RIPK2
cg18126791,grey,SOD1
cg18127410,grey,SCUBE2
cg18128536,grey,IGF2BP1
cg18128914,grey,LOXL1
cg18130437,turquoise,CCDC107
cg18134731,blue,RSBN1L
cg18135087,blue,TUFT1
cg18135206,grey,TECPR2
cg18135379,blue,OLFML2B
cg18136963,grey,
cg18140645,turquoise,ADAMTS6
cg18143488,darkorange,NDUFB3
cg18143701,turquoise,TBL1XR1
cg18144065,turquoise,CAPZA1
cg18144544,blue,USP42
cg18144710,blue,EXT1
cg18144860,turquoise,RAPGEF6
cg18146737,grey,GFI1
cg18147485,grey,KCNV1
cg18147584,blue,C1orf123
cg18150300,turquoise,COG1
cg18150439,grey,NXPH2
cg18150908,grey,
cg18153137,turquoise,FOXP1
cg18153977,grey,
cg18154328,turquoise,CCDC86
cg18155407,grey,TDRD12
cg18156686,blue,
cg18157027,turquoise,OBSCN
cg18157379,blue,SUCLG2
cg18158043,turquoise,AK7
cg18158151,turquoise,C2orf74
cg18158385,lightgreen,CNN3
cg18158888,blue,SUV420H1
cg18159850,turquoise,OBSCN
cg18161374,turquoise,BRUNOL4
cg18164313,grey,PKN2
cg18168751,blue,SLC26A1
cg18171855,grey,
cg18173726,blue,
cg18174089,blue,MAPK8
cg18174326,lightgreen,PASK
cg18176887,turquoise,THAP5
cg18176922,turquoise,SLMO1
cg18177653,grey,JAZF1
cg18178197,grey,
cg18180230,blue,SFRS2B
cg18182358,turquoise,ST3GAL6
cg18185178,blue,
cg18187762,turquoise,COMMD6
cg18188782,turquoise,
cg18189236,blue,
cg18189288,blue,SPATS2L
cg18192222,grey,CCDC147
cg18192414,blue,
cg18192519,turquoise,SDHB
cg18194343,turquoise,TSC22D1
cg18195080,grey,LOC399815
cg18198707,turquoise,UNG
cg18200038,blue,LOC442308
cg18200150,grey,MYO1D
cg18200828,blue,
cg18201070,grey,OCA2
cg18201077,turquoise,RSAD2
cg18202336,turquoise,IGF1R
cg18202502,grey,LRP8
cg18202521,grey,AKR7L
cg18204760,turquoise,ELMOD1
cg18207099,blue,MAD1L1
cg18207109,blue,AIFM2
cg18207141,turquoise,MRPS18B
cg18208171,blue,HMG20A
cg18209470,blue,CAV1
cg18210730,turquoise,TUBD1
cg18214799,turquoise,SCARB2
cg18216674,brown,DDAH2
cg18217172,turquoise,REPS1
cg18217622,grey,
cg18220168,blue,DSE
cg18220666,blue,EREG
cg18221429,grey,LRRC61
cg18221467,turquoise,GFI1
cg18224153,turquoise,CDK2AP2
cg18225536,grey,IPO4
cg18225895,turquoise,MCM3
cg18226478,turquoise,TADA1
cg18227923,red,ORC1L
cg18228590,grey,
cg18229914,turquoise,ETAA1
cg18232832,turquoise,UBE2D2
cg18234979,turquoise,CCDC11
cg18236224,turquoise,COPZ1
cg18237739,blue,TMEM26
cg18238374,brown,
cg18238491,grey,SKA1
cg18240143,turquoise,C14orf39
cg18240653,blue,PHACTR2
cg18241130,turquoise,
cg18243542,blue,TAX1BP1
cg18245365,turquoise,FAM120B
cg18245890,salmon,BCL6
cg18246227,turquoise,SLC39A4
cg18247054,turquoise,RNASET2
cg18251019,turquoise,OBFC1
cg18251222,turquoise,KLF11
cg18251612,turquoise,MAFB
cg18252360,turquoise,
cg18255504,blue,ST6GAL2
cg18256985,turquoise,
cg18258770,turquoise,SNCA
cg18259348,blue,
cg18260424,turquoise,ZFYVE1
cg18260919,blue,MSL2
cg18260973,turquoise,SAR1B
cg18261468,turquoise,RNF168
cg18262591,blue,CPT1A
cg18262958,turquoise,LMNB1
cg18264306,grey,ARL6
cg18264383,turquoise,SACM1L
cg18264486,grey,
cg18267330,blue,INPP4A
cg18274279,darkturquoise,ABHD11
cg18275321,turquoise,HHLA3
cg18277682,grey,C1orf69
cg18280007,turquoise,C1orf9
cg18280382,grey,ST3GAL4
cg18280717,blue,AGFG1
cg18282812,turquoise,FEM1C
cg18283893,turquoise,NT5DC1
cg18284650,turquoise,FCHO2
cg18289303,blue,FAM168A
cg18290190,grey,RPH3AL
cg18291151,blue,
cg18295068,turquoise,SCN3A
cg18303847,blue,RNASEN
cg18309752,turquoise,SUMO1
cg18310412,turquoise,TRIM71
cg18313148,turquoise,ZNF271
cg18314424,grey,
cg18314885,blue,TOP2A
cg18315060,grey,
cg18315527,turquoise,ARMC7
cg18317589,turquoise,PNRC1
cg18320647,turquoise,MNAT1
cg18320734,turquoise,CBARA1
cg18322448,turquoise,UHRF1
cg18322510,grey,LGALS8
cg18322589,grey,TACC2
cg18323922,turquoise,PSMB2
cg18325794,turquoise,HCRTR1
cg18326657,purple,HLA-L
cg18327669,turquoise,SSTR1
cg18327883,turquoise,HMGCS1
cg18335243,darkmagenta,PTGS2
cg18337422,turquoise,ACAT1
cg18338319,turquoise,HS1BP3
cg18339722,blue,
cg18341924,turquoise,BZW2
cg18342621,turquoise,PNPLA6
cg18344922,turquoise,GABBR1
cg18345115,grey,PDE4A
cg18346412,grey,LOC441897
cg18347226,white,LOC285375
cg18347650,turquoise,RFESD
cg18348936,turquoise,HACL1
cg18353196,turquoise,MNX1
cg18353550,turquoise,MOCS2
cg18354203,blue,BDNF
cg18354954,blue,
cg18355337,grey,GP6
cg18356634,grey,
cg18357291,turquoise,NUP210
cg18357371,grey,SLC17A3
cg18357526,turquoise,HIST1H4A
cg18358754,brown,GEMIN5
cg18363538,grey,MYO5C
cg18363911,grey,
cg18363918,grey,IGLON5
cg18365383,blue,
cg18369007,turquoise,ZMYM6
cg18369686,blue,
cg18371052,grey,
cg18372896,blue,JDP2
cg18373855,grey,
cg18374471,turquoise,EPB41L2
cg18376163,turquoise,KIFC2
cg18379624,turquoise,COG3
cg18380353,turquoise,ERO1L
cg18382707,turquoise,
cg18383594,blue,SNAPC1
cg18383668,grey,GEMIN7
cg18385190,grey,
cg18385233,turquoise,FAM82A2
cg18386310,turquoise,BCAR3
cg18388270,grey,
cg18389845,blue,MAP3K9
cg18392085,turquoise,AXIN2
cg18394519,yellow,FAM76B
cg18395988,turquoise,SFXN4
cg18397137,turquoise,TRIM28
cg18399321,turquoise,MGAT3
cg18399457,blue,LSM2
cg18400088,midnightblue,WBP4
cg18400808,blue,RPS24
cg18402987,grey,
cg18403480,turquoise,EXOG
cg18406718,grey,PPP3CA
cg18410494,blue,WDR41
cg18413587,turquoise,
cg18415585,turquoise,
cg18418460,turquoise,ULBP3
cg18419576,saddlebrown,
cg18421592,turquoise,RWDD2A
cg18423635,blue,HCG2P7
cg18424208,grey,CDX1
cg18424717,blue,CLYBL
cg18426444,grey,AARSD1
cg18427589,turquoise,ORAI3
cg18428180,yellow,KIAA0319
cg18428193,grey,KRTCAP3
cg18430295,turquoise,NRN1
cg18430555,grey,
cg18433519,grey,KIAA0319
cg18434348,blue,GMDS
cg18435880,grey,EXOSC10
cg18435900,turquoise,ZNF485
cg18437099,blue,
cg18438793,turquoise,HPCAL4
cg18441041,blue,CUX1
cg18443229,turquoise,NOL12
cg18443437,grey,
cg18446690,brown,SUMO1
cg18447419,grey,SLC9A3
cg18447772,turquoise,HOXA9
cg18448581,grey,NETO1
cg18449879,grey,CYP4F11
cg18449956,blue,RNF2
cg18451016,grey,
cg18451588,grey,PRR15
cg18453965,turquoise,WIPF1
cg18456312,blue,EML6
cg18456349,turquoise,PDCD6
cg18456803,turquoise,ELF1
cg18457438,blue,ZNF575
cg18458739,blue,BCAS3
cg18460725,blue,
cg18462916,blue,CUL4A
cg18464896,turquoise,KIFC2
cg18467358,blue,
cg18468725,blue,
cg18469224,blue,
cg18469938,turquoise,RBM4B
cg18470427,grey,SLFN12L
cg18470710,turquoise,
cg18471460,grey,CDKN3
cg18472945,grey,BRD2
cg18474072,blue,DIP2C
cg18474443,grey,PFKP
cg18477163,grey,OBSCN
cg18477789,turquoise,TOMM7
cg18480233,turquoise,CRIM1
cg18482098,turquoise,MTIF2
cg18482656,blue,OR2Y1
cg18485154,purple,TTLL4
cg18485193,grey,MYO10
cg18489289,blue,CXCL12
cg18489440,turquoise,SEL1L3
cg18489945,turquoise,
cg18493069,grey,SNX3
cg18494192,blue,COL10A1
cg18496317,grey,PRIC285
cg18496447,turquoise,SHF
cg18497394,saddlebrown,TM2D2
cg18498987,turquoise,MEF2C
cg18501615,darkturquoise,COMMD7
cg18503679,grey,ZNF385D
cg18505213,turquoise,EPB41L4B
cg18505978,blue,
cg18512313,grey,
cg18517516,turquoise,TRIB2
cg18518111,blue,GPBP1
cg18519450,blue,GLI2
cg18519927,turquoise,CABLES1
cg18520856,turquoise,EIF3D
cg18522231,grey,
cg18522266,red,SMARCA4
cg18526602,turquoise,DAGLB
cg18530251,turquoise,SORBS3
cg18531559,grey,ULK4
cg18532727,grey,C17orf51
cg18533392,blue,CPEB4
cg18533833,turquoise,CHFR
cg18535437,turquoise,PPM1A
cg18535642,turquoise,
cg18536123,blue,SEBOX
cg18539474,grey,MAGI3
cg18540455,turquoise,CLASP2
cg18542688,grey,
cg18548208,turquoise,EML5
cg18551877,turquoise,GLYATL2
cg18552020,blue,MRPL48
cg18552620,turquoise,STK17A
cg18555069,turquoise,KCNB2
cg18555073,turquoise,B2M
cg18555277,turquoise,
cg18556788,grey,L3MBTL4
cg18557684,turquoise,
cg18559858,blue,VIPR1
cg18562989,grey,DPP6
cg18564448,green,KIAA1737
cg18564989,grey,MIXL1
cg18565702,grey,TUBGCP3
cg18566515,grey,FGFR2
cg18573663,blue,CCDC28A
cg18576318,turquoise,CHKA
cg18576957,grey,
cg18577280,turquoise,EFHA2
cg18582848,turquoise,LRRC20
cg18585464,blue,SLC24A5
cg18585722,turquoise,
cg18586470,turquoise,ADAMTS17
cg18586529,blue,PERP
cg18586886,turquoise,KIAA1949
cg18587137,grey,TNFAIP2
cg18587806,grey,LIMCH1
cg18589478,turquoise,HIST1H2BD
cg18590590,black,LRRC42
cg18593317,grey,
cg18593717,turquoise,HDGF
cg18596636,grey,GABRB3
cg18598029,grey,HCG27
cg18598117,grey,ARID3A
cg18598329,blue,FANCD2
cg18603466,turquoise,RAD51L3
cg18611668,turquoise,LYSMD3
cg18616062,turquoise,SEMA5A
cg18617219,white,CLASP1
cg18620542,grey,HRNBP3
cg18620571,grey,TNFAIP2
cg18620913,turquoise,TRIM37
cg18622084,turquoise,C14orf138
cg18622954,turquoise,MUTED
cg18625286,grey,NCOA5
cg18625361,turquoise,PEX13
cg18625951,turquoise,CNTNAP2
cg18627182,turquoise,
cg18627429,blue,DLK1
cg18630040,grey,PLA2G7
cg18631330,grey,MYADML2
cg18633379,yellow,PIGN
cg18634086,turquoise,PTPN12
cg18634211,grey,LIN28
cg18634709,blue,
cg18634806,blue,RNF219
cg18635645,brown,SYDE2
cg18637383,turquoise,HEATR5B
cg18640185,turquoise,SRA1
cg18644252,grey,LOC144571
cg18644286,grey,AURKC
cg18649451,grey,
cg18649601,turquoise,ZC3H11A
cg18650626,grey,MAD1L1
cg18650716,turquoise,FLOT1
cg18650732,turquoise,VMAC
cg18651011,blue,FAM172A
cg18653560,blue,MCF2L
cg18655958,grey,TMEM143
cg18658371,turquoise,RPS6KA5
cg18658556,grey,SORCS2
cg18665871,turquoise,FOXP1
cg18671377,white,LOC401127
cg18672670,darkorange,PON2
cg18674212,lightgreen,PPIL4
cg18675617,turquoise,
cg18676123,turquoise,ZNF271
cg18676229,turquoise,YWHAG
cg18678211,blue,CTU1
cg18679088,turquoise,
cg18679299,grey,TM9SF1
cg18684142,grey,LOC404266
cg18684207,turquoise,TRIM31
cg18686665,grey,
cg18686833,blue,ADARB2
cg18688077,blue,
cg18691565,turquoise,ACBD5
cg18692382,grey60,DYRK1B
cg18693985,grey,CPEB4
cg18695665,blue,ATP8A1
cg18697636,grey,SLC9A3
cg18698690,turquoise,TMCC1
cg18698699,blue,DIP2C
cg18699744,grey,PNLIPRP2
cg18700133,grey,ALOXE3
cg18700199,turquoise,DHPS
cg18701646,blue,TRIO
cg18704904,turquoise,MSI2
cg18705301,grey,NDUFAF1
cg18706028,grey,CCKBR
cg18706841,blue,ZDHHC17
cg18707501,blue,GABRB3
cg18709589,turquoise,KIAA0776
cg18709881,grey,
cg18710053,grey,FLJ44606
cg18712677,turquoise,ZNF680
cg18713687,grey,MUC4
cg18718634,turquoise,SCN4B
cg18725375,grey,
cg18727742,grey,ATHL1
cg18728606,turquoise,MKNK2
cg18728839,turquoise,
cg18731202,blue,TGFA
cg18736791,blue,TSNARE1
cg18738553,turquoise,TMEM106B
cg18739577,turquoise,LTA4H
cg18745035,blue,SCN9A
cg18746040,turquoise,TRMU
cg18748888,blue,TNRC6C
cg18753337,blue,ST20
cg18753928,grey,CCDC52
cg18753962,blue,
cg18754555,turquoise,HDLBP
cg18754910,blue,
cg18755191,turquoise,ITGAE
cg18755581,grey,TATDN3
cg18756536,turquoise,
cg18758298,turquoise,RPS6KA2
cg18758796,grey,PDLIM4
cg18760173,turquoise,SERBP1
cg18760835,turquoise,
cg18760876,blue,C5orf58
cg18760916,turquoise,NUDT15
cg18761058,turquoise,MACROD1
cg18762016,turquoise,TMEM69
cg18762125,blue,
cg18762736,turquoise,ANKRD35
cg18764007,turquoise,ZFP91
cg18765565,grey,TPPP
cg18768400,turquoise,CAPZA1
cg18769229,turquoise,OTUD7B
cg18771300,grey,RHOJ
cg18771570,grey,
cg18774611,blue,
cg18774755,turquoise,C18orf54
cg18776286,turquoise,SGMS1
cg18776460,blue,LRIG3
cg18779092,turquoise,NDUFA9
cg18781817,grey,
cg18782736,turquoise,
cg18783429,grey,
cg18784506,turquoise,ARL15
cg18786623,grey,HCG4P6
cg18788891,saddlebrown,MCCC2
cg18789472,blue,AEBP2
cg18791826,turquoise,PELI3
cg18792536,grey,UPK3B
cg18793088,turquoise,IPO9
cg18793322,blue,IQGAP2
cg18793571,grey,PROSC
cg18794839,grey,KCNK2
cg18795169,grey,
cg18795469,turquoise,SLIT1
cg18795911,blue,
cg18800085,turquoise,RCSD1
cg18800136,turquoise,DNTTIP2
cg18802368,blue,
cg18802486,turquoise,C6orf153
cg18803045,grey,LOC282997
cg18803147,grey,
cg18803655,turquoise,GPR19
cg18804985,grey,CXCL2
cg18805164,grey,SNX26
cg18805518,blue,DNMBP
cg18806438,turquoise,NUMB
cg18806716,grey,MAP3K8
cg18807049,orange,KCND3
cg18807929,turquoise,IGFBP5
cg18808285,blue,ZC3H14
cg18809377,turquoise,C1orf89
cg18810922,turquoise,CALCA
cg18811130,grey,MGMT
cg18811157,blue,ARL6IP6
cg18815120,grey,EGLN1
cg18815398,grey,
cg18815626,turquoise,ACTR10
cg18815765,turquoise,SEC14L1
cg18817900,blue,
cg18821144,grey,
cg18821281,turquoise,VGLL4
cg18823846,turquoise,PRKG1
cg18825221,grey,RAD51L1
cg18825927,turquoise,CORO1B
cg18827097,brown,ADI1
cg18827738,turquoise,TUBE1
cg18828365,turquoise,ARSB
cg18829186,turquoise,TMED10
cg18830721,grey,THAP9
cg18831738,turquoise,CCDC90A
cg18833109,blue,
cg18833306,green,C6orf204
cg18833958,turquoise,ZBTB9
cg18837035,grey,C15orf26
cg18837542,blue,
cg18838701,grey,TNNI3
cg18840832,green,XRCC1
cg18842396,blue,COL22A1
cg18842474,turquoise,SLC22A23
cg18844029,grey,TRIM27
cg18845377,turquoise,
cg18845950,grey,
cg18847823,turquoise,
cg18849737,turquoise,MTNR1A
cg18849920,turquoise,C11orf73
cg18850127,grey,POU6F2
cg18855466,turquoise,SPATS2L
cg18855780,grey,BTBD3
cg18856478,blue,MPL
cg18856501,blue,CTBP2
cg18861300,turquoise,SAMHD1
cg18861311,turquoise,C10orf2
cg18861713,blue,YWHAQ
cg18862597,grey,CROCC
cg18865445,grey,
cg18865685,grey,ASTN1
cg18867141,turquoise,FANCL
cg18867912,grey,WDR88
cg18868178,grey,
cg18872420,grey,SPTLC2
cg18873037,turquoise,NUB1
cg18874502,turquoise,ZNF26
cg18875460,turquoise,TRIM17
cg18876786,turquoise,ZNF790
cg18877525,grey,
cg18877635,brown,NUP133
cg18879780,greenyellow,FKBPL
cg18880319,turquoise,PRMT1
cg18880897,turquoise,ERAP2
cg18881873,turquoise,
cg18882576,grey,HIBCH
cg18884037,grey,KHDRBS2
cg18884271,blue,LEMD3
cg18887228,blue,PHF3
cg18887608,turquoise,
cg18888461,grey,LDHAL6A
cg18890544,grey,
cg18891020,yellow,DPH2
cg18891090,blue,ARFGEF1
cg18892128,turquoise,
cg18899035,turquoise,PARP2
cg18899058,blue,TRRAP
cg18902440,grey,HLA-DQB1
cg18906324,blue,KSR2
cg18907202,purple,CCDC41
cg18909469,grey,ACBD4
cg18912855,turquoise,PACS2
cg18913869,turquoise,POM121C
cg18918831,grey,MUC4
cg18920754,turquoise,HN1
cg18921607,blue,DYTN
cg18923581,turquoise,FOXJ2
cg18924222,turquoise,GLT8D2
cg18924965,greenyellow,ANG
cg18925846,grey,KIAA1875
cg18927255,turquoise,SMEK1
cg18928584,turquoise,CUEDC2
cg18929889,blue,
cg18929894,blue,ATF7IP
cg18932008,blue,MCOLN2
cg18932726,grey,DOCK1
cg18933685,grey,SDK1
cg18933840,turquoise,
cg18936022,turquoise,CRLS1
cg18939664,blue,PTPRN2
cg18943949,turquoise,GNB1L
cg18943969,grey,IGSF3
cg18944910,yellow,DAXX
cg18945335,turquoise,
cg18946117,turquoise,LYPD6B
cg18946787,grey,
cg18947032,turquoise,KIAA1279
cg18951862,blue,UPP1
cg18952796,grey,NPTX2
cg18957484,turquoise,APAF1
cg18958859,turquoise,
cg18958966,grey,OAZ2
cg18960642,darkgrey,KCNK17
cg18965377,tan,BACH2
cg18966688,blue,AUTS2
cg18970250,blue,DDX60
cg18974903,blue,TNKS
cg18975462,grey,EXT1
cg18976044,grey,
cg18977541,grey,
cg18983789,blue,
cg18984983,grey,CYP2E1
cg18985499,blue,TRAPPC9
cg18985581,turquoise,
cg18986273,turquoise,FAM53C
cg18987026,blue,LOC286002
cg18987410,grey,HEPACAM
cg18988412,blue,HDAC4
cg18989174,turquoise,ZNF467
cg19000611,blue,CATSPERB
cg19003389,turquoise,LRRC48
cg19005662,turquoise,TTC5
cg19005991,blue,PRMT2
cg19008720,turquoise,HMHA1
cg19011844,turquoise,GAS7
cg19013339,blue,NTN4
cg19021466,darkorange,SLC6A15
cg19021985,turquoise,PPP3CC
cg19022697,grey,TTC22
cg19022814,grey,
cg19023046,turquoise,FAM172A
cg19025736,turquoise,PPP1R15B
cg19028357,red,GOLGB1
cg19029285,blue,
cg19034708,grey,PCM1
cg19035254,grey,
cg19037291,grey,C11orf80
cg19040032,turquoise,C8orf33
cg19040620,red,MTMR4
cg19041079,turquoise,INO80C
cg19045002,grey,BAHCC1
cg19045731,grey,ESPNL
cg19045894,turquoise,ATF2
cg19048327,blue,ACOXL
cg19049077,blue,C10orf137
cg19049964,turquoise,
cg19050973,turquoise,COQ2
cg19051105,grey,GNMT
cg19052272,grey,ALLC
cg19060371,turquoise,LCP1
cg19060823,turquoise,NUP107
cg19061957,turquoise,DHODH
cg19062379,turquoise,VPS4B
cg19063563,blue,EEF1E1
cg19064402,turquoise,CYB5D1
cg19066060,orange,LIN7B
cg19070398,grey,
cg19071452,turquoise,NMI
cg19074533,grey,NANP
cg19075239,turquoise,TMEM41B
cg19075346,turquoise,SLC40A1
cg19075839,paleturquoise,ZFP41
cg19077071,turquoise,LETM2
cg19078576,grey,BASP1
cg19079000,turquoise,ZNF830
cg19082069,blue,HIST1H1A
cg19083407,grey,PAX8
cg19084281,blue,PCSK1
cg19085146,tan,KIAA1026
cg19086309,blue,CALD1
cg19089073,turquoise,
cg19089201,grey,MYO1G
cg19089337,turquoise,INHBB
cg19089394,grey,RCE1
cg19091068,turquoise,HARS
cg19091366,turquoise,CCDC41
cg19092248,turquoise,KLHL12
cg19092317,turquoise,
cg19092981,grey,TBX1
cg19093205,grey,
cg19093397,turquoise,FOXJ3
cg19096424,yellow,PHGDH
cg19098690,blue,CCT6A
cg19099833,grey,CSRP1
cg19101326,grey,ZFPM2
cg19102293,blue,
cg19103175,grey,LOC641746
cg19103838,blue,
cg19104422,turquoise,PRTG
cg19106932,grey,
cg19109608,grey,LOC387647
cg19111042,turquoise,METTL6
cg19111245,turquoise,VPS26A
cg19113686,blue,RPL24
cg19113954,turquoise,SEPSECS
cg19115630,turquoise,RCHY1
cg19115692,blue,
cg19118212,turquoise,FOXD1
cg19118289,turquoise,CSNK2A1
cg19119609,blue,
cg19119818,turquoise,AP2M1
cg19121473,turquoise,FGFRL1
cg19121987,black,EIF1AD
cg19125791,blue,HDAC4
cg19131731,turquoise,LIF
cg19132726,grey,
cg19136183,grey,APAF1
cg19136192,blue,RELL1
cg19136454,blue,
cg19136718,royalblue,UBE2C
cg19138900,turquoise,KLF6
cg19140085,lightcyan,LMO3
cg19142026,grey,HOXA4
cg19142411,turquoise,RAD52
cg19144769,blue,SOS1
cg19145055,blue,
cg19145607,grey,CXCR6
cg19147015,blue,TRIM39
cg19148440,grey,IL17RE
cg19148731,grey,LOXL3
cg19149410,turquoise,LRRC59
cg19149522,grey,ZDHHC4
cg19150029,grey,
cg19155391,grey,ZNF727
cg19156220,turquoise,B3GALT4
cg19156231,grey,SCN8A
cg19157140,turquoise,HEATR2
cg19157243,grey,PRDM6
cg19158176,tan,SSU72
cg19159162,grey,HSPA1B
cg19159222,turquoise,C15orf33
cg19160520,turquoise,ITPKB
cg19165854,turquoise,KIAA1024
cg19168309,grey,EIF4E
cg19168507,brown,ALKBH8
cg19168961,turquoise,CHAC1
cg19171375,blue,PLXNC1
cg19175346,turquoise,RPRD1A
cg19175649,turquoise,PMP22
cg19177701,salmon,BUB1
cg19179603,grey,NCRNA00188
cg19182353,turquoise,PHLDB1
cg19183166,grey,LRRC61
cg19183325,turquoise,FBRSL1
cg19183433,turquoise,CWC22
cg19186614,grey,IQSEC3
cg19187521,turquoise,
cg19188572,grey,GTF2A2
cg19188595,turquoise,C10orf25
cg19189012,turquoise,
cg19190728,turquoise,ZEB2
cg19191555,blue,CUGBP2
cg19192280,turquoise,PRRT1
cg19192585,turquoise,
cg19196264,turquoise,
cg19196401,grey,DDO
cg19196735,blue,C17orf108
cg19197750,turquoise,URGCP
cg19214707,grey,
cg19216490,turquoise,SELO
cg19221841,turquoise,NUMBL
cg19223190,blue,
cg19224656,darkgrey,SHQ1
cg19225923,turquoise,GTPBP4
cg19226934,turquoise,GFM1
cg19227719,turquoise,
cg19227947,turquoise,
cg19228665,blue,RPA1
cg19229544,turquoise,GRB2
cg19231699,turquoise,CCNG2
cg19232382,grey,
cg19233923,grey,OTUB1
cg19235955,grey,ZNF561
cg19236745,grey,CSTF3
cg19237421,turquoise,FAM60A
cg19238103,turquoise,ARID5B
cg19238422,turquoise,C1orf69
cg19240021,blue,TIPRL
cg19241089,blue,RBMS1
cg19243373,grey,PMVK
cg19243883,blue,ACBD3
cg19243965,turquoise,WDR46
cg19244097,blue,CLDN14
cg19245361,turquoise,MAP3K3
cg19247124,grey,
cg19247551,turquoise,DIP2A
cg19249678,turquoise,DNAJB6
cg19250101,turquoise,TMC4
cg19252956,turquoise,DOCK8
cg19256717,turquoise,CEPT1
cg19257356,grey,
cg19259013,grey,
cg19260201,turquoise,ALMS1
cg19261559,turquoise,MOCS3
cg19267551,grey,TNXB
cg19267867,turquoise,SLC30A1
cg19268386,turquoise,NIPA1
cg19269412,turquoise,OTX1
cg19269426,grey,GGPS1
cg19270764,grey,EIF4G3
cg19271133,turquoise,HIST1H4B
cg19272349,grey,CSNK1A1L
cg19275200,blue,ZNF177
cg19276012,lightgreen,
cg19277884,blue,SPATA2
cg19278165,turquoise,RCAN1
cg19279080,blue,TCF7L2
cg19279342,grey,CFD
cg19280133,turquoise,MRPS5
cg19282259,grey,NCRNA00200
cg19285119,red,KBTBD3
cg19287610,grey,
cg19294256,skyblue,ZC3H13
cg19296258,blue,RPTOR
cg19300124,blue,
cg19300475,steelblue,DHRS13
cg19301206,turquoise,IFT172
cg19301934,turquoise,
cg19303728,red,SCFD2
cg19305040,turquoise,C4orf41
cg19305111,turquoise,
cg19305147,turquoise,
cg19312314,grey,CBS
cg19312667,grey,
cg19312935,grey,PPPDE2
cg19313015,turquoise,CHFR
cg19317226,grey,
cg19319735,turquoise,TNRC18
cg19320816,darkolivegreen,HFE
cg19322445,blue,EIF3A
cg19324714,turquoise,ASB18
cg19325435,blue,ZNF280B
cg19328294,grey,PRSS22
cg19329225,grey,MEI1
cg19335954,turquoise,C7orf13
cg19336497,grey,RRAS2
cg19337852,turquoise,SPINT2
cg19338222,blue,RYR1
cg19339811,turquoise,RACGAP1
cg19340941,grey,RBM46
cg19342764,purple,ZNF761
cg19345940,blue,SLC45A4
cg19346084,grey,
cg19346507,turquoise,ESYT2
cg19346786,grey,
cg19350682,grey,EPHB4
cg19350812,turquoise,KRI1
cg19351954,grey,
cg19353873,turquoise,RPAP3
cg19354091,turquoise,SERPINB8
cg19354851,turquoise,GCLM
cg19356117,turquoise,
cg19357499,grey,NAPRT1
cg19358805,blue,TRIM10
cg19359398,skyblue,WSCD2
cg19359929,turquoise,TPRG1L
cg19360316,turquoise,DHRS7B
cg19362328,turquoise,
cg19364137,turquoise,MED18
cg19364351,grey,CCKBR
cg19364902,black,STX2
cg19365742,blue,INSR
cg19365843,turquoise,NOSIP
cg19365884,darkgrey,GPSM3
cg19366217,turquoise,ADHFE1
cg19368394,blue,NFIA
cg19370166,turquoise,CD164L2
cg19372063,blue,
cg19374305,grey,DNAH7
cg19375418,grey,
cg19376709,turquoise,HIST2H2AC
cg19376844,turquoise,FOXN2
cg19378602,turquoise,BRI3BP
cg19383211,grey,HLA-DRB6
cg19383689,black,WSB1
cg19384241,grey,
cg19386714,blue,C18orf55
cg19388373,grey,E2F6
cg19389001,grey,SEMA5B
cg19389468,blue,HMG20A
cg19391888,turquoise,OGG1
cg19391924,grey,HRNBP3
cg19392994,blue,IQCH
cg19394731,salmon,SLC43A1
cg19394857,turquoise,EIF1
cg19398112,turquoise,DDX39
cg19400000,turquoise,STMN1
cg19400780,turquoise,APITD1
cg19401408,grey,COX15
cg19401472,turquoise,C2orf89
cg19401529,sienna3,DALRD3
cg19401752,blue,WNT7A
cg19402230,blue,
cg19403939,turquoise,KIAA0196
cg19404215,turquoise,CRTAP
cg19406863,blue,
cg19408149,blue,PRDM15
cg19408572,grey,DGKQ
cg19410967,turquoise,CASP8AP2
cg19412217,turquoise,GPBP1
cg19413350,grey,
cg19414071,turquoise,PNRC2
cg19415852,blue,POLS
cg19416604,turquoise,UFD1L
cg19416623,blue,PFKP
cg19418273,blue,CREB3L2
cg19418458,grey,
cg19418629,blue,ANKRD55
cg19420102,blue,SHC2
cg19420482,blue,PPP2R3A
cg19421368,grey,SLC13A3
cg19426128,blue,TUBA1C
cg19426459,blue,EP400
cg19427573,blue,HEATR2
cg19428472,turquoise,MARCH7
cg19428682,turquoise,GXYLT1
cg19429281,grey,ZNF702P
cg19429286,turquoise,
cg19430489,turquoise,GLIPR1L1
cg19431009,blue,RNF213
cg19431051,grey,C11orf64
cg19431881,turquoise,TMEM132E
cg19431891,turquoise,KIAA0947
cg19432505,blue,ASB5
cg19433769,turquoise,ZFYVE28
cg19436502,grey,GK5
cg19437001,blue,OR2A5
cg19442480,turquoise,DDX39
cg19442545,grey,FUT11
cg19442702,blue,AHRR
cg19443556,blue,C4orf3
cg19444027,turquoise,PRIM1
cg19445734,blue,CCDC88A
cg19446018,turquoise,
cg19446358,blue,AGAP3
cg19447217,blue,NSUN2
cg19447671,grey,ATF2
cg19452316,turquoise,RASSF5
cg19452853,green,CABIN1
cg19453488,grey,
cg19453769,turquoise,HIST1H2BN
cg19455421,turquoise,C7orf41
cg19456164,turquoise,SLC7A1
cg19457237,grey,
cg19459542,turquoise,APOB
cg19459834,turquoise,DHX36
cg19461383,grey,MIR548H4
cg19461582,turquoise,AGBL3
cg19463193,steelblue,
cg19463349,grey,
cg19463975,blue,
cg19464247,blue,ADAM19
cg19464320,turquoise,UNC119B
cg19465159,blue,
cg19466590,turquoise,CUL1
cg19468022,turquoise,SUPT5H
cg19469447,grey,CYP2E1
cg19469449,blue,DSCAM
cg19473656,grey,SLC7A8
cg19473989,grey,AFAP1
cg19474029,turquoise,GRAMD1A
cg19474239,turquoise,N6AMT2
cg19477346,grey,
cg19477551,turquoise,IRF2BP1
cg19481355,blue,
cg19482086,magenta,TCP1
cg19484559,blue,CSGALNACT1
cg19484645,blue,RPP40
cg19484848,orange,MDH1
cg19486070,blue,KIAA1908
cg19488431,grey,
cg19488505,turquoise,SCNN1A
cg19493077,turquoise,
cg19493827,yellow,H2AFX
cg19496491,brown,TEAD1
cg19498844,darkmagenta,POFUT2
cg19500098,grey,
cg19504179,blue,SLC20A2
cg19504245,grey,TNNT1
cg19504605,grey,ZFP41
cg19504888,blue,MFF
cg19507068,grey,GNAI1
cg19508191,turquoise,CORO1C
cg19508435,turquoise,METT5D1
cg19508701,turquoise,PPP1R3B
cg19509514,turquoise,CHD4
cg19510206,blue,FBRSL1
cg19510792,greenyellow,MYO10
cg19510970,greenyellow,FBRSL1
cg19511229,blue,
cg19511382,blue,N4BP2L1
cg19512521,turquoise,SLC22A17
cg19513193,turquoise,DLG4
cg19516921,grey,HLA-DRB5
cg19517490,blue,ATAD3A
cg19518093,blue,C8orf84
cg19519509,blue,
cg19520219,turquoise,RPLP2
cg19526130,turquoise,LOC729467
cg19526166,grey,TMEM232
cg19526685,turquoise,
cg19526779,turquoise,ADIPOR2
cg19527946,turquoise,PTTG1IP
cg19529709,grey,TOP1P2
cg19530168,grey,
cg19530217,cyan,NUDT8
cg19533957,red,NOL11
cg19533977,turquoise,CLTC
cg19536594,turquoise,PPAP2A
cg19536810,grey,LRIG3
cg19537932,blue,OR6C68
cg19538502,turquoise,EIF2AK4
cg19539421,turquoise,ARL4A
cg19540291,blue,
cg19541697,grey,ASXL2
cg19542119,turquoise,ZNF283
cg19542359,turquoise,SNX26
cg19543296,blue,MFAP5
cg19544767,grey,
cg19548283,turquoise,FLJ31306
cg19549314,blue,SMARCA4
cg19554555,turquoise,
cg19554948,blue,
cg19556438,turquoise,CEBPA
cg19558933,grey,
cg19559179,turquoise,C10orf76
cg19559774,turquoise,MRPL43
cg19562499,turquoise,STK4
cg19564098,turquoise,HMX3
cg19566405,grey,SLFN12
cg19568003,grey,AURKC
cg19568649,turquoise,DAD1
cg19570781,green,
cg19572051,grey,DOCK1
cg19573236,grey,
cg19573567,turquoise,ACTA2
cg19575244,blue,
cg19575909,blue,LRRC28
cg19578388,turquoise,FBXO15
cg19579903,turquoise,PPP1R10
cg19584733,blue,DENND4C
cg19585214,blue,SLC38A1
cg19585676,grey,HLA-A
cg19586159,turquoise,CAPZA2
cg19588861,green,PA2G4
cg19590591,blue,GOLGA3
cg19591950,turquoise,ZNF221
cg19592336,grey,ZNF389
cg19593314,turquoise,C5orf56
cg19593741,grey,C6orf27
cg19595956,turquoise,HIST1H4E
cg19597776,turquoise,TCF4
cg19603903,grey,AURKC
cg19605788,grey,CNTD2
cg19609284,turquoise,TNPO1
cg19610638,turquoise,HIST1H3E
cg19611193,black,CMAH
cg19612504,blue,CDH23
cg19612823,turquoise,MAPKBP1
cg19614698,turquoise,KIF26A
cg19614744,turquoise,TRIM39
cg19615174,turquoise,SEMA6B
cg19617740,turquoise,CLCN2
cg19622078,turquoise,PPP1R8
cg19622488,turquoise,TAF10
cg19622777,blue,PTCD3
cg19623012,grey,
cg19623624,grey,LOC619207
cg19624354,grey,NCAM1
cg19624542,turquoise,PTPLB
cg19624601,blue,PARP1
cg19626725,grey,RUFY1
cg19628686,blue,COL11A2
cg19631443,turquoise,WAC
cg19632574,turquoise,PAFAH2
cg19634332,turquoise,SEC23A
cg19636411,blue,METAP2
cg19636627,violet,
cg19637330,grey,
cg19640754,red,
cg19644445,turquoise,ZC3H12A
cg19646204,tan,CLEC2D
cg19646445,turquoise,KCTD3
cg19647301,turquoise,AK2
cg19648023,grey,MIR548N
cg19651132,turquoise,KCNA1
cg19651192,turquoise,
cg19651757,grey,
cg19654869,turquoise,
cg19655070,turquoise,HEXIM2
cg19655195,grey,DNAH7
cg19656070,grey,TMEM93
cg19657380,turquoise,ZFAT
cg19657723,turquoise,ACCN2
cg19658054,blue,SIPA1L1
cg19664712,lightcyan,CDKAL1
cg19665696,grey,ADAP1
cg19668728,blue,
cg19672497,turquoise,C20orf194
cg19673012,turquoise,C9orf103
cg19674350,blue,PRDM15
cg19678392,grey,PON1
cg19681188,turquoise,LOC148709
cg19683494,grey,
cg19684190,blue,
cg19684207,grey,WRB
cg19685922,turquoise,ZNF529
cg19686301,turquoise,OPA3
cg19687728,blue,FLRT2
cg19688749,turquoise,SAFB2
cg19689029,turquoise,SETDB1
cg19689828,turquoise,GLYATL2
cg19691410,grey,
cg19692996,turquoise,PSMB1
cg19695335,grey,NANP
cg19696333,grey,IKZF5
cg19698923,turquoise,OPN3
cg19701378,turquoise,GOLGA8A
cg19702347,blue,FOXK1
cg19704288,grey,
cg19704726,turquoise,HHEX
cg19708055,grey,
cg19709625,sienna3,PCOLCE2
cg19711258,turquoise,CHMP4A
cg19711530,grey,WNT3
cg19711602,blue,IQSEC3
cg19712189,grey,TDRD12
cg19714762,tan,ABHD11
cg19715410,grey,OPRD1
cg19717235,turquoise,TRIM2
cg19721060,blue,ZHX1
cg19721680,turquoise,PPPDE1
cg19723678,blue,RASAL2
cg19728485,turquoise,PQLC3
cg19729930,grey,
cg19730972,lightyellow,
cg19731286,blue,
cg19731340,turquoise,SPRY4
cg19731891,grey,NKAIN1
cg19734015,turquoise,SGCE
cg19734801,grey,
cg19734811,turquoise,MTX2
cg19735538,grey,C6orf227
cg19736712,grey,ANKRD16
cg19738233,grey,DNAJC24
cg19738386,turquoise,R3HDM1
cg19738812,grey,ZKSCAN5
cg19739264,turquoise,CLPTM1L
cg19741500,turquoise,AHDC1
cg19743168,grey,
cg19751179,turquoise,ATP7B
cg19752861,blue,DGUOK
cg19753607,blue,ELL2
cg19753794,turquoise,KCNC3
cg19754622,grey,STK32C
cg19759481,grey,HOXA5
cg19760225,turquoise,ANKRD13B
cg19760250,grey,C17orf98
cg19760323,darkorange,LOC285830
cg19760464,blue,AJAP1
cg19761502,grey,WRB
cg19763774,blue,TSPAN2
cg19765196,blue,
cg19767548,grey,LDHC
cg19769967,turquoise,IDH1
cg19770116,turquoise,IL17RD
cg19770292,grey,
cg19770671,blue,
cg19772317,grey,FKBP3
cg19773376,blue,NUDT3
cg19773547,blue,FN1
cg19774315,turquoise,H2AFJ
cg19774488,turquoise,C17orf100
cg19774624,turquoise,HDAC5
cg19774868,grey,LOC100130522
cg19777824,skyblue,C11orf75
cg19777900,turquoise,PMEPA1
cg19777992,turquoise,NDUFS4
cg19778201,turquoise,ALDH9A1
cg19778375,grey,
cg19778582,blue,MTRR
cg19778737,midnightblue,ST5
cg19781637,blue,LHFPL2
cg19782173,turquoise,LOC728723
cg19784013,blue,SYNJ1
cg19784401,blue,AMBRA1
cg19787366,turquoise,MPPE1
cg19788015,turquoise,UBTD2
cg19788214,blue,
cg19789653,turquoise,P2RX6
cg19792908,turquoise,ZNF221
cg19793905,turquoise,RBM43
cg19794345,blue,
cg19795502,turquoise,SNRNP27
cg19797739,blue,
cg19801141,turquoise,DUSP1
cg19801747,lightyellow,
cg19802165,turquoise,PITX1
cg19802241,turquoise,
cg19806021,turquoise,GBAP1
cg19808978,turquoise,RCN3
cg19809575,grey,BANP
cg19811864,turquoise,EFNA4
cg19813030,turquoise,
cg19813135,blue,TNFAIP3
cg19813362,turquoise,AGRN
cg19813688,yellow,RPS16
cg19813724,blue,
cg19813935,turquoise,RAB13
cg19814210,turquoise,PION
cg19814934,turquoise,
cg19815565,grey,LOC100130522
cg19815989,grey,PDXK
cg19817652,grey,C17orf98
cg19818298,turquoise,CHD8
cg19822640,blue,
cg19825371,grey,
cg19827599,blue,LRPAP1
cg19827875,grey,NAV1
cg19828022,turquoise,MCOLN1
cg19828789,blue,
cg19829856,grey,LOXHD1
cg19830147,turquoise,MCM3APAS
cg19830245,grey,FLCN
cg19831031,turquoise,PRPF31
cg19832312,turquoise,P4HA1
cg19835595,red,SYT4
cg19836460,turquoise,SIDT1
cg19836589,blue,RAE1
cg19839035,turquoise,SDC1
cg19839655,grey,CD40
cg19839825,grey,PNPLA6
cg19843226,blue,ESRRB
cg19843939,turquoise,TNFAIP8
cg19844829,blue,MIR1178
cg19845159,turquoise,ZNF34
cg19846609,blue,
cg19850149,paleturquoise,
cg19851242,turquoise,IGFBP5
cg19851291,grey,TYROBP
cg19851563,grey,GNG7
cg19853494,turquoise,SELL
cg19853516,black,RAB27B
cg19857280,turquoise,UGP2
cg19858173,blue,MAP3K2
cg19858576,grey,LRRC14B
cg19859486,grey,SACM1L
cg19861078,blue,
cg19861147,blue,
cg19863210,turquoise,DENND3
cg19863459,tan,TNFAIP8L1
cg19866445,turquoise,PDCD6
cg19867649,grey,DKK3
cg19870512,grey,KCNA6
cg19870567,blue,SNORA74B
cg19872996,grey,TRIM6
cg19875535,blue,IK
cg19876987,grey,
cg19877419,turquoise,LOC728743
cg19877581,turquoise,USP15
cg19878627,grey,LOC100302652
cg19879471,blue,FABP4
cg19880899,turquoise,UGP2
cg19881999,blue,REV1
cg19891452,grey,
cg19892287,grey,HOXC4
cg19896655,turquoise,LEO1
cg19899237,turquoise,ACBD3
cg19899312,salmon,
cg19900371,turquoise,FERMT2
cg19901523,turquoise,
cg19905861,turquoise,XPR1
cg19907137,blue,
cg19907915,grey,IGSF9B
cg19908139,turquoise,GNL2
cg19909865,turquoise,PCDH10
cg19910022,blue,
cg19910323,brown,MCFD2
cg19910922,salmon,C7orf55
cg19911158,blue,
cg19913448,turquoise,GSR
cg19915181,blue,
cg19916740,grey,
cg19917744,brown,PLEKHM3
cg19919828,turquoise,RPS15
cg19920737,turquoise,CCDC112
cg19924335,turquoise,C7orf30
cg19925801,blue,OLA1
cg19927257,grey,RUSC1
cg19928043,orange,
cg19928423,turquoise,MLL5
cg19929123,turquoise,NEU3
cg19929409,blue,PELI2
cg19930721,salmon,C3orf75
cg19932097,turquoise,PCYOX1L
cg19935055,blue,KDM2A
cg19937378,blue,KIAA1409
cg19937480,turquoise,PRDX1
cg19937513,grey,DUSP26
cg19939555,turquoise,CRTC2
cg19940969,turquoise,BNIP2
cg19947009,blue,APBA2
cg19948037,turquoise,DCAF4
cg19948397,turquoise,C11orf61
cg19949948,grey,
cg19953646,turquoise,FLRT2
cg19958696,turquoise,ACAT1
cg19959974,green,KRR1
cg19961228,blue,
cg19961545,grey,GPR75
cg19962075,grey,MAPK4
cg19962565,turquoise,HIC1
cg19963544,blue,NCK2
cg19963768,turquoise,
cg19964638,turquoise,FAF2
cg19965221,grey,TJP1
cg19967433,white,ASGR1
cg19968421,turquoise,SYNGAP1
cg19969778,turquoise,SIAE
cg19970325,white,KPNA1
cg19972068,blue,COL28A1
cg19972124,grey,SART1
cg19975931,greenyellow,DENR
cg19978674,grey,HOPX
cg19979355,turquoise,ZNF594
cg19980771,grey,SLC22A16
cg19981263,turquoise,H2AFJ
cg19982658,turquoise,AP1G2
cg19983815,turquoise,ATP6V0C
cg19985056,grey,
cg19988028,turquoise,OCA2
cg19988204,turquoise,MAPK15
cg19988316,blue,LDLRAD3
cg19990454,turquoise,NFKB2
cg19990476,blue,DIP2C
cg19990483,blue,ATL1
cg19998150,grey,FRMD4A
cg20000539,blue,DDHD2
cg20003050,blue,
cg20003051,turquoise,
cg20003124,blue,
cg20003494,turquoise,SNCA
cg20003805,paleturquoise,YTHDF2
cg20004324,blue,SOX5
cg20004424,darkorange,TBL2
cg20007021,grey,LTB4R2
cg20007643,turquoise,FLJ43663
cg20011278,blue,ALPK1
cg20011529,blue,ZMYND11
cg20011543,turquoise,SFRS6
cg20011983,grey,
cg20016673,grey,NTNG1
cg20019410,turquoise,
cg20019985,grey,
cg20021784,turquoise,CFLAR
cg20022454,grey,TMCO3
cg20030852,blue,
cg20032495,turquoise,PDCD4
cg20032693,blue,WIPI2
cg20032934,turquoise,ATR
cg20034091,turquoise,ASXL3
cg20038368,blue,TTC14
cg20038794,turquoise,KIAA0528
cg20039944,grey,TRIAP1
cg20040285,turquoise,MAX
cg20041366,turquoise,FAM19A2
cg20041683,turquoise,MAGOHB
cg20046119,turquoise,ZNF251
cg20047349,grey,ANKFN1
cg20048870,turquoise,ZBTB39
cg20049727,blue,WHSC1
cg20051444,turquoise,ATPGD1
cg20051795,turquoise,TDP1
cg20053110,grey,MDGA1
cg20054939,grey,ZNF84
cg20055841,brown,PTGER2
cg20057198,grey,
cg20059012,grey,RARG
cg20059492,blue,
cg20060109,blue,
cg20062978,midnightblue,NUP153
cg20064139,blue,
cg20064151,pink,TXNIP
cg20064325,blue,PWRN1
cg20066120,turquoise,RAB35
cg20066226,grey,
cg20066750,turquoise,B3GAT3
cg20069408,blue,TSNARE1
cg20070536,turquoise,TMEM41B
cg20072245,turquoise,IDH2
cg20073882,blue,NAA11
cg20079298,grey,
cg20080006,turquoise,WWTR1
cg20080079,turquoise,TSPAN19
cg20081969,grey,ARNT2
cg20084219,grey,C17orf98
cg20087917,brown,C14orf133
cg20088245,grey,
cg20088477,blue,FOXP1
cg20088535,turquoise,PLK4
cg20089095,turquoise,SENP2
cg20091107,turquoise,ATL2
cg20096614,purple,NDUFA12
cg20097650,brown,TMEM185B
cg20098514,turquoise,EIF1
cg20098848,grey,
cg20099416,turquoise,MAPT
cg20101489,pink,SCG2
cg20102397,turquoise,ARHGEF17
cg20102877,grey,KRTCAP3
cg20103104,turquoise,
cg20103843,blue,ZNF560
cg20105384,turquoise,C13orf37
cg20107996,grey,
cg20111703,turquoise,SMAD9
cg20116513,blue,
cg20116670,turquoise,CEBPG
cg20122981,blue,B3GNT2
cg20123915,turquoise,SERF2
cg20124336,blue,RNLS
cg20126521,turquoise,MRPL3
cg20128772,blue,DNAJC5G
cg20132581,blue,
cg20136009,blue,PPFIBP1
cg20138055,blue,BIN3
cg20140229,turquoise,VPS52
cg20141549,grey,VPRBP
cg20141578,grey,BCL2L14
cg20141910,turquoise,XPR1
cg20142271,cyan,PRDM8
cg20143895,turquoise,AHCTF1
cg20145760,turquoise,COMMD5
cg20146541,grey,TRIM58
cg20147100,turquoise,C19orf6
cg20152309,grey,
cg20152484,grey,
cg20154865,turquoise,SDHD
cg20157873,grey,
cg20160035,blue,
cg20160729,lightgreen,RNF216
cg20163429,lightcyan,BLOC1S2
cg20164253,turquoise,GFI1
cg20165381,turquoise,CD164L2
cg20169823,grey,
cg20172957,turquoise,CDC5L
cg20174585,turquoise,CN5H6.4
cg20180721,turquoise,SNAP29
cg20183778,turquoise,ALKBH4
cg20185890,grey,RPL22L1
cg20187250,turquoise,BRCA1
cg20187526,blue,
cg20188212,grey,SLC6A12
cg20192041,blue,
cg20192481,turquoise,SPPL2A
cg20193324,grey,SHISA2
cg20197358,darkgreen,DCAF5
cg20198108,turquoise,VIM
cg20202505,grey,MCM3AP
cg20202881,turquoise,TMEM49
cg20204401,turquoise,CCDC40
cg20205877,turquoise,FAM117A
cg20206319,blue,WDR52
cg20208633,grey,
cg20208801,turquoise,MARCKS
cg20210501,grey,TRIAP1
cg20212699,turquoise,VWA2
cg20214692,turquoise,IDI1
cg20215367,turquoise,C8orf55
cg20215622,turquoise,ERBB4
cg20215695,turquoise,IFNAR2
cg20216950,greenyellow,MFSD1
cg20217034,turquoise,KDSR
cg20219891,grey,
cg20220242,grey,RWDD2B
cg20221991,blue,OR4D1
cg20223162,turquoise,DAXX
cg20225999,grey,
cg20228636,violet,
cg20231025,blue,
cg20236533,grey,EIF4E
cg20237074,grey,
cg20240243,blue,MEF2A
cg20241801,turquoise,FAM83D
cg20243285,blue,KLF17
cg20245116,grey,PCSK9
cg20245757,white,
cg20249469,darkred,ETV6
cg20249882,blue,KIAA1530
cg20250700,blue,ACTL6B
cg20251161,turquoise,
cg20251973,turquoise,CENPO
cg20253639,grey,PTGES3
cg20255370,grey,EIF2AK4
cg20256117,darkmagenta,
cg20257096,grey,SUPT16H
cg20257411,turquoise,CECR5
cg20258090,turquoise,C7orf55
cg20260592,turquoise,ATP5L
cg20261167,turquoise,SPP1
cg20263098,turquoise,CBLL1
cg20264068,grey,CR1L
cg20265528,grey,
cg20269046,turquoise,ZNF467
cg20269997,turquoise,SHC4
cg20270253,blue,ANK1
cg20271681,turquoise,WDR4
cg20272280,turquoise,ZNF514
cg20275932,turquoise,C1orf213
cg20276377,grey,C3orf26
cg20276503,turquoise,WDR77
cg20278381,blue,HERC4
cg20278383,blue,CLDN10
cg20282550,grey,AKR1E2
cg20287640,turquoise,IRF1
cg20289913,grey,NPFFR2
cg20290145,blue,SCP2
cg20290983,grey,MRPS18A
cg20291846,turquoise,ADAM17
cg20293942,grey,
cg20295248,grey,LOC149837
cg20296188,grey,HRNBP3
cg20296298,grey,
cg20296327,blue,
cg20299002,turquoise,STK17B
cg20301993,grey,
cg20302533,grey,POU6F2
cg20303301,blue,TUBD1
cg20303572,blue,ATL2
cg20305142,brown,C7orf23
cg20308663,blue,CLYBL
cg20311868,grey,WBSCR27
cg20318353,turquoise,ABI1
cg20320494,grey,ZNF718
cg20329210,grey,OBSCN
cg20330217,blue,NRP1
cg20332930,grey,CCDC90B
cg20335185,turquoise,MSTO2P
cg20336016,grey,
cg20336352,blue,
cg20337934,turquoise,SNRNP27
cg20340508,turquoise,OLIG1
cg20345589,turquoise,FBXL15
cg20346229,blue,MRPS9
cg20347090,turquoise,PRMT8
cg20353207,turquoise,RORA
cg20353496,turquoise,FAM110A
cg20354552,grey,SLFN12
cg20356637,grey,
cg20356878,grey,ILDR1
cg20358011,grey,KIRREL3
cg20360395,grey,
cg20361475,turquoise,GCG
cg20362689,blue,
cg20363309,grey,TRIM37
cg20366601,turquoise,SCOC
cg20368463,blue,PQLC1
cg20369775,turquoise,TSC22D1
cg20372689,turquoise,RCN2
cg20375608,turquoise,MOCS2
cg20378199,lightcyan,THAP2
cg20381404,grey,AMACR
cg20382790,blue,
cg20383948,turquoise,COL18A1
cg20386109,blue,TSC22D2
cg20386818,blue,MARK1
cg20386875,yellowgreen,RNF187
cg20387695,blue,
cg20388704,turquoise,ATP2C1
cg20389472,turquoise,
cg20390702,turquoise,RIMKLB
cg20390711,grey,C6orf174
cg20391652,turquoise,CCNA2
cg20392240,turquoise,CTHRC1
cg20397078,grey60,
cg20397086,turquoise,SIRT7
cg20399509,grey,C21orf57
cg20399769,blue,HLA-DQA2
cg20401393,yellowgreen,PECI
cg20402074,turquoise,SIAE
cg20402552,turquoise,
cg20404643,blue,HCCA2
cg20409752,grey,CAMTA1
cg20410415,turquoise,ZCCHC17
cg20414753,blue,DDX4
cg20415053,grey,CATSPER4
cg20415170,turquoise,ELL2
cg20415529,turquoise,POLR2B
cg20417855,blue,APBB2
cg20418394,grey,KIAA1274
cg20421914,turquoise,TM9SF2
cg20423427,grey,RTTN
cg20424709,grey,
cg20425384,grey,
cg20425447,grey,
cg20428512,turquoise,
cg20430725,turquoise,MCM6
cg20430773,grey,ARHGEF19
cg20430847,turquoise,HES5
cg20431480,turquoise,CCHCR1
cg20433858,grey,OR2L13
cg20434178,turquoise,DLX2
cg20435150,turquoise,CHST12
cg20435485,grey,FAM116B
cg20437132,blue,STAMBPL1
cg20441502,turquoise,FXYD7
cg20442619,turquoise,C20orf30
cg20443314,turquoise,VPS25
cg20446334,blue,BAIAP2
cg20447301,blue,RBM33
cg20447730,grey,
cg20448966,grey,ARL16
cg20450604,blue,C7orf71
cg20450712,blue,LONRF1
cg20454179,blue,
cg20454620,turquoise,CDKN3
cg20456258,grey,DGKQ
cg20458812,purple,NFYC
cg20459655,turquoise,CCNT2
cg20460761,grey,PUS7L
cg20461188,grey,
cg20462561,grey,
cg20462845,turquoise,HMG20B
cg20462855,grey,HEY2
cg20463033,turquoise,SLC38A1
cg20466166,turquoise,CCDC28B
cg20466748,turquoise,C18orf25
cg20467136,turquoise,CACNA1G
cg20469507,blue,POLD3
cg20474699,turquoise,ANKRD9
cg20475000,turquoise,USMG5
cg20475486,grey,
cg20478129,grey,NOVA1
cg20478239,grey,
cg20478390,turquoise,BCL11B
cg20481416,grey,
cg20481816,turquoise,PSMC3
cg20483690,turquoise,LBR
cg20483857,turquoise,ST6GAL2
cg20485607,grey,
cg20486294,turquoise,HIVEP2
cg20486407,blue,RSAD2
cg20489345,turquoise,CASP7
cg20489582,turquoise,MUDENG
cg20491223,royalblue,TOP3B
cg20491397,turquoise,EFHA1
cg20492680,turquoise,MRPL30
cg20493885,tan,PELP1
cg20495404,turquoise,ID2
cg20496693,turquoise,C7orf50
cg20500248,turquoise,ETV1
cg20501355,turquoise,ANKRD40
cg20503657,grey,
cg20504025,turquoise,XRRA1
cg20504077,brown,CLU
cg20507276,grey,OR2L13
cg20509869,grey,
cg20512947,grey,
cg20515787,grey,SART1
cg20516074,turquoise,RASSF6
cg20516472,turquoise,
cg20517050,grey,HOXA5
cg20517616,turquoise,HADHA
cg20525461,turquoise,
cg20526303,turquoise,RPL35A
cg20527070,turquoise,CCNE2
cg20528787,grey,PTPRN2
cg20531392,grey,DUSP5
cg20532558,blue,
cg20532937,blue,FRMD4A
cg20534525,turquoise,DUSP1
cg20536716,turquoise,KCND2
cg20540428,grey,PPP4R2
cg20540806,turquoise,TMCO6
cg20540942,turquoise,IRF5
cg20541753,turquoise,PDHX
cg20544552,grey,
cg20544675,turquoise,LETM2
cg20546098,blue,PMS1
cg20547575,turquoise,AUTS2
cg20549346,grey,C6orf10
cg20552688,brown,C14orf80
cg20552696,turquoise,MED7
cg20553577,blue,COL4A2
cg20554488,turquoise,VWA5A
cg20554926,turquoise,HMMR
cg20556702,grey,C21orf91
cg20557710,blue,CACNA1C
cg20564458,turquoise,UQCC
cg20565046,blue,NXN
cg20568147,blue,DIP2A
cg20569141,turquoise,ATPIF1
cg20572882,turquoise,GOSR1
cg20584918,turquoise,WDR53
cg20586750,blue,
cg20587188,grey,NIPA1
cg20588193,blue,GPR176
cg20591405,turquoise,RAB6B
cg20592017,grey,
cg20592186,grey,SMUG1
cg20592691,blue,DIAPH3
cg20593831,turquoise,
cg20594982,grey,AGRN
cg20595490,blue,MBD5
cg20595745,turquoise,ATG4C
cg20596273,turquoise,PRKCH
cg20597486,turquoise,IFI16
cg20599022,grey,RNF150
cg20600756,turquoise,LARP4
cg20601620,brown,TMEM209
cg20603181,turquoise,SSSCA1
cg20603222,grey,C7orf50
cg20603637,turquoise,AP3M2
cg20604927,lightyellow,ARL6IP6
cg20605045,lightcyan,SFXN4
cg20606759,blue,WDR27
cg20607287,grey,VWDE
cg20607798,grey,
cg20608709,blue,ADAM10
cg20609092,turquoise,SPC25
cg20609096,turquoise,MRPS33
cg20611230,blue,E2F3
cg20613337,purple,HP1BP3
cg20615379,turquoise,LOC100133612
cg20616919,turquoise,POMGNT1
cg20618989,turquoise,
cg20619067,turquoise,
cg20624451,grey,
cg20625393,turquoise,SMARCAD1
cg20625967,grey,
cg20629455,blue,
cg20631335,turquoise,UBE2M
cg20631820,grey,
cg20634726,blue,
cg20636351,grey,
cg20637307,turquoise,ERBB4
cg20639618,grey,
cg20639658,turquoise,C2CD4A
cg20640177,turquoise,BAT3
cg20642756,blue,ZNF22
cg20643274,blue,GRIN2B
cg20644253,grey,KIAA0892
cg20646317,grey,LARP4
cg20648229,blue,GRHL1
cg20648847,grey,ACTN3
cg20649047,turquoise,NUMB
cg20651916,turquoise,ZBTB12
cg20653654,blue,STIM2
cg20655434,turquoise,LOC100130987
cg20656261,turquoise,RASSF2
cg20657098,turquoise,ESF1
cg20660197,turquoise,
cg20662169,blue,SCN3B
cg20663403,orange,ZNF284
cg20664702,turquoise,ZNF391
cg20664996,blue,
cg20666379,blue,PTS
cg20667480,grey,TBC1D16
cg20668662,turquoise,SH3PXD2A
cg20668838,turquoise,PCCB
cg20679271,grey,MYO7B
cg20679309,grey,SCLY
cg20680664,turquoise,
cg20680872,lightcyan,SMCHD1
cg20681578,turquoise,
cg20686432,turquoise,CDKN2AIP
cg20689859,turquoise,EHBP1
cg20690919,turquoise,USP1
cg20691120,turquoise,EFCAB5
cg20691612,blue,MAST4
cg20694715,green,MAGOHB
cg20695057,turquoise,TP53BP2
cg20695529,white,MYST2
cg20695805,turquoise,PRKCI
cg20698501,grey,C17orf97
cg20699200,pink,LOC93622
cg20703240,turquoise,AGXT2L2
cg20704819,blue,GABBR1
cg20706638,turquoise,C1orf69
cg20707679,turquoise,NFIC
cg20707764,turquoise,MTA3
cg20712912,turquoise,
cg20714462,cyan,STAMBPL1
cg20714708,blue,LRRK1
cg20715218,turquoise,C10orf4
cg20718083,grey,OVOL1
cg20718240,blue,TMEM217
cg20718679,grey,ATG12
cg20720597,grey,
cg20722891,blue,AEBP2
cg20724681,turquoise,RAP1GDS1
cg20725261,turquoise,STAU1
cg20725662,blue,HSN2
cg20725670,turquoise,CDC6
cg20725941,turquoise,ZNF528
cg20728685,turquoise,GPBP1
cg20728704,blue,SLC16A14
cg20732881,grey,
cg20733500,turquoise,DUSP6
cg20734569,grey,SPINK8
cg20737382,grey,
cg20738202,magenta,C11orf58
cg20738735,grey,DNAH5
cg20738996,blue,TLK1
cg20739156,blue,
cg20739864,blue,PSMA4
cg20742840,blue,FAM168A
cg20744163,grey,ZMIZ1
cg20744362,grey,C22orf34
cg20744788,blue,GTPBP4
cg20745134,turquoise,C11orf67
cg20745925,blue,GPBP1
cg20748194,turquoise,MGC70857
cg20750843,grey,CRKL
cg20752420,turquoise,LOC100128542
cg20754964,blue,ATP9B
cg20757299,turquoise,FAM82A1
cg20761860,tan,
cg20763254,turquoise,SLC25A37
cg20765267,turquoise,DCAF13
cg20771287,turquoise,DEM1
cg20775307,turquoise,ALG8
cg20776829,turquoise,SNCA
cg20777266,turquoise,
cg20778097,turquoise,LRRC59
cg20780708,turquoise,CPT2
cg20783970,blue,
cg20784314,turquoise,YWHAB
cg20785674,turquoise,PLEKHO1
cg20785715,turquoise,ZNF623
cg20786683,turquoise,SMTN
cg20786706,blue,
cg20788387,turquoise,RAD1
cg20789993,turquoise,TMPPE
cg20790798,grey,
cg20791744,blue,NR1D2
cg20792512,turquoise,WNT4
cg20792895,blue,MKRN3
cg20793089,grey,MYO5C
cg20793623,blue,
cg20795117,grey,SCAMP3
cg20796556,turquoise,RIOK3
cg20797740,turquoise,KPNB1
cg20799268,turquoise,
cg20799816,turquoise,TTC39C
cg20800296,turquoise,SFPQ
cg20800956,turquoise,DNM3
cg20801464,turquoise,TGIF1
cg20802333,blue,C1orf100
cg20803783,turquoise,PHF13
cg20806676,blue,GABBR1
cg20811317,blue,NRCAM
cg20813139,blue,
cg20813491,turquoise,PSMB9
cg20813493,turquoise,C11orf60
cg20814026,turquoise,ANKRD53
cg20820997,turquoise,IKZF2
cg20821042,grey,HLA-DQA2
cg20821899,blue,DNAH7
cg20821980,grey,ProSAPiP1
cg20824294,grey,PLS1
cg20824576,grey,CD47
cg20825892,turquoise,MFSD8
cg20826740,grey,
cg20829055,blue,DARS2
cg20829193,turquoise,BAZ2A
cg20831492,turquoise,BET1
cg20831741,turquoise,CCDC39
cg20835659,grey,MDC1
cg20844545,turquoise,MMP17
cg20846728,grey,MYT1L
cg20847625,turquoise,COL11A1
cg20847668,blue,NOP10
cg20848291,grey,ZAN
cg20850195,grey,SNORA76
cg20850894,blue,NPFFR2
cg20851828,grey,
cg20852890,turquoise,C2orf55
cg20854025,turquoise,MTMR14
cg20858341,turquoise,ADNP
cg20860638,darkgreen,MFI2
cg20864214,grey,ARHGEF17
cg20864326,lightgreen,XRCC2
cg20865239,turquoise,NBR1
cg20865740,blue,CDGAP
cg20866694,grey,
cg20867963,turquoise,C6orf145
cg20876096,blue,
cg20885179,turquoise,VILL
cg20888907,turquoise,LETM2
cg20890145,blue,IFNG
cg20891283,turquoise,YEATS4
cg20891558,grey,
cg20891813,turquoise,HLA-F
cg20891862,turquoise,RNASEK
cg20894569,blue,NBN
cg20896113,yellow,RFX4
cg20896738,turquoise,POFUT2
cg20897072,blue,
cg20900519,blue,DKFZp686O24166
cg20901426,grey,OGFR
cg20903764,turquoise,WEE1
cg20908224,turquoise,MAML3
cg20909159,turquoise,CFL1
cg20909380,grey,
cg20909645,grey,
cg20911986,blue,ETV6
cg20913732,turquoise,PGAP1
cg20914370,turquoise,TAX1BP1
cg20915333,blue,AHCYL2
cg20916362,grey,
cg20917491,grey,
cg20918484,turquoise,CDC42EP4
cg20918537,grey,DMXL2
cg20923605,grey,
cg20923716,grey,MAPRE2
cg20925726,blue,CTNNB1
cg20927242,grey,HLA-F
cg20927547,blue,
cg20927656,grey,DPPA3
cg20927661,grey,SOX11
cg20929551,blue,C15orf33
cg20930040,blue,FOXJ3
cg20931867,blue,
cg20932348,turquoise,STIM2
cg20942286,grey,THBS4
cg20943039,turquoise,
cg20943999,blue,SYTL2
cg20944895,turquoise,TDRD3
cg20945472,blue,
cg20946056,turquoise,NT5C3
cg20950529,blue,
cg20954975,grey,
cg20955328,grey,KLF15
cg20956634,turquoise,TWF1
cg20957095,turquoise,ZFP91
cg20958720,turquoise,NDUFS1
cg20959907,grey,DOCK4
cg20960422,turquoise,SLC39A10
cg20961245,violet,
cg20961469,turquoise,
cg20962297,green,ZNF333
cg20962901,magenta,
cg20963592,turquoise,LAP3
cg20963995,turquoise,PTGFRN
cg20964082,blue,ERO1LB
cg20964285,turquoise,MAST4
cg20964594,turquoise,CPZ
cg20965255,grey,MED1
cg20965743,grey,ASPG
cg20969372,turquoise,
cg20970697,turquoise,PIK3R4
cg20972416,turquoise,NHEJ1
cg20973347,turquoise,DKK3
cg20973561,blue,EXOC4
cg20973720,grey,RASGRF1
cg20979042,blue,
cg20979233,turquoise,RGS20
cg20979732,turquoise,SF1
cg20981856,blue,
cg20982046,grey,
cg20985399,grey,IGDCC4
cg20985758,blue,PDXP
cg20986134,darkred,LMNB1
cg20988549,turquoise,PPIH
cg20994084,grey,SLC38A10
cg20996351,grey,MAP3K6
cg20996887,blue,SMYD3
cg20999246,magenta,SFRS18
cg20999912,turquoise,PPP2R5A
cg21000919,blue,
cg21001184,turquoise,HOXA9
cg21004358,grey,
cg21004366,turquoise,ZMYM2
cg21005756,grey,JMJD7
cg21016266,grey,WDR66
cg21017348,blue,ERGIC2
cg21017887,turquoise,
cg21023520,grey,MPPED1
cg21024122,turquoise,BAT1
cg21026663,turquoise,HIST1H4D
cg21029932,turquoise,ESR2
cg21030419,turquoise,SNX8
cg21032728,turquoise,HSPA2
cg21033440,grey,SIPA1
cg21033514,tan,AGBL3
cg21034903,darkmagenta,DYNC1I2
cg21035222,turquoise,HSPA2
cg21037057,grey,
cg21038156,turquoise,VIPR2
cg21041100,turquoise,RAB5B
cg21041580,darkred,ARHGEF17
cg21043213,grey,PF4
cg21043815,turquoise,PCBD2
cg21044426,turquoise,DOT1L
cg21045802,turquoise,TTC35
cg21045841,turquoise,
cg21046148,turquoise,
cg21050234,grey,FAM38B
cg21051375,darkred,IKBIP
cg21051519,grey,PKD2L2
cg21051568,blue,SEMA5A
cg21052958,blue,ZNF572
cg21053224,blue,SNORD113-9
cg21053323,grey,SUMO3
cg21053831,grey,
cg21057613,turquoise,CGNL1
cg21058520,turquoise,
cg21058927,turquoise,CISD2
cg21059366,turquoise,C14orf138
cg21059382,turquoise,ILVBL
cg21061553,blue,SNRPN
cg21062780,grey,
cg21067540,turquoise,ZNF114
cg21069563,grey,SLC41A3
cg21073930,grey,MAST1
cg21074594,turquoise,
cg21076702,turquoise,ZNF566
cg21077049,blue,
cg21077559,turquoise,TMEM155
cg21078994,turquoise,MBOAT2
cg21080034,turquoise,HSPA1B
cg21080140,turquoise,COL19A1
cg21080253,lightcyan,C5orf36
cg21081097,lightcyan,CLPTM1
cg21085022,blue,C6orf106
cg21086066,turquoise,ANKRD13B
cg21089065,blue,NFATC1
cg21092413,turquoise,RNF44
cg21102739,grey,CWC22
cg21104276,grey,FZD1
cg21106486,grey,CR1L
cg21107200,blue,PPP2R5E
cg21107549,darkolivegreen,
cg21107924,turquoise,AKIRIN1
cg21108691,blue,MIR761
cg21109038,grey,ZNF710
cg21109666,grey,DISC1
cg21111256,grey,CYP2A7
cg21114407,blue,
cg21116284,blue,TGFBR3
cg21117965,grey,SPEG
cg21121136,turquoise,
cg21122375,turquoise,SFRP4
cg21123519,grey,
cg21124175,blue,ZNF835
cg21125441,blue,NID2
cg21125848,blue,TBCCD1
cg21126229,blue,RNF212
cg21126344,turquoise,SOX9
cg21126583,grey,CNTNAP2
cg21126969,blue,SFMBT1
cg21127268,turquoise,FEZ1
cg21127318,turquoise,RAPGEF6
cg21130463,blue,HRNBP3
cg21130861,grey,TNFAIP8
cg21131031,turquoise,C4orf19
cg21131796,blue,NCOR2
cg21138405,grey,IRF1
cg21139150,grey,
cg21141318,turquoise,
cg21142257,turquoise,ATP6V1B2
cg21144063,grey,
cg21144714,turquoise,RPS14
cg21145136,turquoise,SH3GL3
cg21146912,turquoise,TLK1
cg21147364,blue,SYNE2
cg21148362,turquoise,
cg21149582,turquoise,DFFA
cg21151335,turquoise,GPR63
cg21154964,grey,HECW1
cg21155461,grey,ZNF544
cg21157115,grey,APTX
cg21157234,green,ALG2
cg21158896,grey,RPS13
cg21158975,blue,VAV2
cg21159778,grey,DFNB31
cg21160290,grey,ABO
cg21160472,grey,ATF3
cg21162694,turquoise,ZNF643
cg21163347,grey,SLC6A3
cg21164886,turquoise,ATOX1
cg21166785,grey,EEF1B2
cg21167072,orange,CASP8AP2
cg21167402,grey,SDHAP3
cg21168444,grey,ETV6
cg21169285,blue,MAPK9
cg21170041,grey,GDA
cg21171335,grey,WDR66
cg21173623,turquoise,TMEM141
cg21176488,grey,LPP
cg21176755,grey,C9orf21
cg21177396,grey,
cg21178548,turquoise,SAMD14
cg21180286,grey,
cg21183846,turquoise,FMO4
cg21185116,blue,
cg21185187,blue,INTS6
cg21185289,turquoise,TLX2
cg21186576,grey,
cg21186663,turquoise,CITED2
cg21189438,grey,C9orf122
cg21192065,turquoise,UBR3
cg21195307,turquoise,POMT1
cg21197425,turquoise,NHEDC1
cg21198550,turquoise,
cg21199988,turquoise,TMX2
cg21200138,turquoise,ALDH1B1
cg21204139,grey,UBE2U
cg21204356,turquoise,NAP1L4
cg21205071,turquoise,OLFML2B
cg21205713,blue,SFRS3
cg21206147,grey,KLHL29
cg21206277,blue,ZBTB7A
cg21211367,grey,
cg21211480,turquoise,TMEM106A
cg21213571,blue,VANGL2
cg21213617,grey,LHX6
cg21216547,blue,DBT
cg21216600,turquoise,DGKI
cg21216618,yellow,ZDHHC21
cg21218899,grey,VASP
cg21219373,grey,PPP1R13L
cg21220551,turquoise,SCAI
cg21220708,turquoise,
cg21220721,grey,ACOT7
cg21222634,grey,GNAS
cg21226059,grey,RUFY1
cg21226534,turquoise,UNC13B
cg21228957,turquoise,PDK2
cg21231550,blue,TEX10
cg21232767,blue,PTPRN2
cg21233688,turquoise,
cg21234162,blue,PTPDC1
cg21235746,grey,LOC149837
cg21237687,grey,ALOX12
cg21239184,turquoise,RNF20
cg21239265,turquoise,WBSCR16
cg21240492,grey,EIF4A1
cg21240861,turquoise,DNAJB6
cg21241850,turquoise,DFNB31
cg21242009,grey,
cg21243612,blue,C9orf6
cg21245492,blue,IGF1R
cg21247472,turquoise,RQCD1
cg21247757,blue,TXNDC15
cg21248554,grey,KRTCAP3
cg21249376,turquoise,MOBKL2B
cg21252276,turquoise,NTNG2
cg21252282,grey,
cg21252812,turquoise,ELK3
cg21258057,grey,FLJ16779
cg21266330,grey,NPFFR2
cg21268422,grey,BACE2
cg21270243,turquoise,ATIC
cg21272279,grey,GLIPR1L2
cg21273098,grey,SMPD2
cg21273366,turquoise,DLEU1
cg21273746,blue,TSSC1
cg21274778,brown,SRP14
cg21278806,turquoise,N4BP2L1
cg21280014,turquoise,PTPRN2
cg21280320,grey,
cg21288778,turquoise,THOC1
cg21293397,white,ZNF792
cg21293562,turquoise,
cg21294209,turquoise,RAD54L
cg21295367,magenta,CCDC57
cg21296613,darkgreen,ZNF831
cg21297314,blue,HLA-E
cg21298523,grey,NUDT9
cg21299458,grey,SCARF2
cg21305471,turquoise,ZNF671
cg21310689,turquoise,COX6B2
cg21315783,blue,
cg21317132,turquoise,SLC1A4
cg21321885,turquoise,NDE1
cg21325040,blue,
cg21327887,black,MAPT
cg21330207,grey,ZADH2
cg21334191,blue,HPS3
cg21335266,turquoise,BHLHE41
cg21336547,turquoise,AKAP8
cg21338523,blue,ARHGAP15
cg21341821,grey,DIP2C
cg21346818,darkgrey,ATP5G1
cg21349645,turquoise,LOC642846
cg21350909,blue,
cg21351392,grey,AGPAT4
cg21352943,sienna3,C12orf41
cg21352959,grey,TEX2
cg21358336,grey,
cg21359254,grey,
cg21359468,turquoise,
cg21361702,turquoise,REPIN1
cg21364560,turquoise,MYOF
cg21365564,grey,BLOC1S2
cg21371335,turquoise,DNAJC7
cg21372595,blue,
cg21374208,turquoise,DNAJC1
cg21376831,turquoise,STAT5B
cg21380183,turquoise,ATP9A
cg21381525,blue,NSUN6
cg21382890,turquoise,NFE2L2
cg21384492,grey,SNED1
cg21388527,turquoise,EPHA6
cg21389753,turquoise,TBX2
cg21391790,blue,C15orf41
cg21395152,turquoise,ATF3
cg21395723,turquoise,GTPBP1
cg21396487,turquoise,CENPL
cg21396998,grey,TAP2
cg21402921,grey,GABRA5
cg21407839,grey,DYRK1A
cg21415068,turquoise,TROAP
cg21418104,blue,
cg21422164,grey,RASA3
cg21424120,lightyellow,NMUR1
cg21424801,grey,MRPS18B
cg21428081,turquoise,
cg21428647,turquoise,HES1
cg21428833,turquoise,LMBRD1
cg21431338,turquoise,C20orf20
cg21432322,turquoise,TMEM19
cg21433558,grey,CNTNAP1
cg21434132,grey,
cg21434959,blue,TMCC1
cg21435568,turquoise,ANKRD29
cg21435684,turquoise,
cg21436120,blue,PBX1
cg21439539,turquoise,MRPL20
cg21445541,turquoise,CD247
cg21446692,turquoise,MTRF1
cg21447117,yellow,HOXA11
cg21447227,turquoise,WDR60
cg21448554,turquoise,SFRS3
cg21449256,blue,
cg21449450,turquoise,
cg21450784,grey,C19orf20
cg21451504,turquoise,KDM4A
cg21451653,grey,
cg21453420,blue,
cg21453443,grey,HIST3H2A
cg21454177,turquoise,PPM1K
cg21457031,turquoise,SLC25A23
cg21458840,turquoise,PYCRL
cg21461805,blue,UBAC2
cg21465176,turquoise,C17orf101
cg21465517,turquoise,RPS21
cg21466874,turquoise,METTL5
cg21467692,blue,
cg21468511,turquoise,ZSCAN22
cg21468825,turquoise,PAIP2B
cg21469772,grey,LHX6
cg21470387,grey,ALDH2
cg21471580,grey,PIWIL2
cg21474955,turquoise,GCHFR
cg21477907,turquoise,NCALD
cg21478123,blue,GMDS
cg21478921,blue,DTYMK
cg21480646,turquoise,ZFAND6
cg21482265,grey,PAX8
cg21483125,turquoise,TIPARP
cg21483475,grey,DHX36
cg21483883,turquoise,ELMO1
cg21484985,grey,
cg21486411,lightgreen,CLNS1A
cg21486944,turquoise,ZSCAN23
cg21487550,grey,
cg21491163,blue,CDH6
cg21491443,blue,
cg21492832,turquoise,TMEM121
cg21494337,turquoise,CENPO
cg21495568,lightcyan,SAP18
cg21497057,turquoise,RQCD1
cg21497602,brown,DUSP16
cg21497641,turquoise,
cg21499430,turquoise,WIBG
cg21501234,blue,TRIP4
cg21501616,turquoise,DCUN1D4
cg21507487,blue,
cg21507882,turquoise,IPO11
cg21510704,blue,C14orf143
cg21512185,turquoise,GEMIN6
cg21515788,turquoise,KPNB1
cg21516302,grey,
cg21516384,grey,RNF213
cg21518212,grey,RPH3AL
cg21520933,turquoise,KLF14
cg21526120,blue,ZDHHC23
cg21526654,turquoise,TUBB2A
cg21530087,saddlebrown,AKAP13
cg21532061,blue,ABCG8
cg21532953,turquoise,CENPJ
cg21535942,grey,CRYZ
cg21535980,turquoise,ABR
cg21538020,turquoise,SLC33A1
cg21539223,turquoise,DCP2
cg21539371,turquoise,ARF1
cg21540775,turquoise,APAF1
cg21542078,grey,TRPM4
cg21542174,turquoise,LETM1
cg21546874,lightyellow,H6PD
cg21547824,blue,ANKLE2
cg21548005,turquoise,B4GALNT1
cg21549477,blue,TMOD3
cg21550016,grey,PAX8
cg21550804,grey,
cg21552701,blue,COL4A2
cg21553524,turquoise,TMEM178
cg21554501,grey,RARA
cg21557108,grey,ATP8B4
cg21563597,turquoise,SEPT10
cg21565299,blue,GALNTL5
cg21566513,grey,
cg21567971,grey,
cg21568453,blue,VRK2
cg21568731,turquoise,TTK
cg21570528,magenta,AK3L1
cg21572003,blue,PCMTD2
cg21573582,cyan,AQP11
cg21574404,turquoise,CEBPA
cg21574531,turquoise,BICD1
cg21574574,blue,NPHP3
cg21575283,turquoise,NRAS
cg21575861,turquoise,TMEM184C
cg21576698,turquoise,LRRC41
cg21577705,skyblue,MBOAT7
cg21578219,grey,IGSF21
cg21580058,turquoise,VRK3
cg21581287,turquoise,CELSR2
cg21584052,blue,PRDM2
cg21585438,turquoise,
cg21585512,grey,LOC399959
cg21585936,blue,PPP2R2B
cg21586955,turquoise,FAM134A
cg21588215,grey,HLA-DQB1
cg21589191,royalblue,
cg21594961,grey,IL5RA
cg21595526,turquoise,GABPB1
cg21596238,turquoise,VGLL4
cg21597209,turquoise,CCDC104
cg21599089,turquoise,C5orf35
cg21599230,grey,TRAM1L1
cg21604084,blue,LOC100271715
cg21606490,grey,NTNG1
cg21607076,turquoise,
cg21609526,grey,PRDM16
cg21610815,grey,PAX8
cg21610904,grey,ZNF562
cg21613620,blue,MBNL2
cg21614420,turquoise,NT5M
cg21615583,turquoise,MIR375
cg21616297,turquoise,ACTR3
cg21619340,blue,SHROOM3
cg21620608,turquoise,SPOPL
cg21621906,turquoise,
cg21622536,grey,
cg21623748,turquoise,HOXC10
cg21627409,grey,PCDHGA4
cg21630368,turquoise,CREBZF
cg21632158,grey,
cg21634137,turquoise,SDCCAG1
cg21635584,turquoise,UBA3
cg21635948,turquoise,LOC100302652
cg21638053,blue,ITGA1
cg21638219,turquoise,HACL1
cg21639178,white,LSM5
cg21639922,grey,PDE9A
cg21643138,blue,C3orf43
cg21644334,blue,AMPD2
cg21644426,turquoise,MFSD6
cg21644669,turquoise,CCDC42
cg21644713,turquoise,DPAGT1
cg21648376,blue,CASQ2
cg21649089,grey,
cg21650694,turquoise,MORC3
cg21650737,grey,ERICH1
cg21654974,black,DERL2
cg21660531,grey,EEF1B2
cg21661138,turquoise,SEPW1
cg21663122,turquoise,HIST1H2BH
cg21664909,blue,PXDN
cg21665078,turquoise,EIF2B5
cg21665744,grey,POU6F2
cg21665850,grey,
cg21667817,turquoise,CAMTA2
cg21668166,blue,PLEKHG1
cg21671020,turquoise,
cg21672889,turquoise,SSH1
cg21673338,blue,SCAPER
cg21674495,turquoise,
cg21681396,turquoise,CSMD2
cg21682210,blue,
cg21682474,purple,N4BP2L2
cg21685655,blue,PON2
cg21696677,blue,HOOK3
cg21697007,grey,SHMT2
cg21697381,grey,SLFN12
cg21698185,grey,KBTBD11
cg21700663,grey,
cg21701395,turquoise,TP53INP1
cg21703068,turquoise,ITSN1
cg21703138,turquoise,PPP2CA
cg21704267,turquoise,STARD9
cg21705063,pink,SEC63
cg21706343,turquoise,ZBTB3
cg21709257,blue,C2orf63
cg21711672,turquoise,SEH1L
cg21711868,turquoise,KDM2A
cg21712805,blue,TDRKH
cg21712831,turquoise,
cg21717724,grey,PSMD5
cg21720206,blue,TBCD
cg21722655,grey,YBX2
cg21724239,grey,
cg21728101,grey,MAD1L1
cg21729159,turquoise,C15orf27
cg21733973,grey,
cg21735491,turquoise,
cg21736038,turquoise,MIR1539
cg21736309,turquoise,ATP13A1
cg21736411,grey,WRB
cg21736854,turquoise,MRC2
cg21739208,turquoise,
cg21740204,turquoise,SMC5
cg21744203,grey,DSCC1
cg21744417,blue,
cg21746997,grey,BMPR1B
cg21747652,blue,CTNNA1
cg21747958,turquoise,ZNF544
cg21755257,turquoise,TAF4B
cg21755440,yellow,SGOL1
cg21755806,blue,DLGAP2
cg21756027,turquoise,SLC27A1
cg21761776,grey,DTX4
cg21763021,turquoise,AURKA
cg21765224,turquoise,PHF20
cg21770330,turquoise,NRGN
cg21773297,turquoise,MYOM2
cg21777986,turquoise,BCL2
cg21780231,turquoise,FAM173B
cg21781828,grey,MTX3
cg21784498,turquoise,TMEM97
cg21784894,blue,PDE6B
cg21788624,turquoise,LAPTM4A
cg21790861,turquoise,
cg21797500,blue,
cg21800989,blue,TSGA10IP
cg21803390,turquoise,E2F3
cg21805221,grey,PYGL
cg21806242,grey,ATG16L2
cg21808881,magenta,RASSF7
cg21809007,turquoise,TRIP10
cg21809331,turquoise,RBM28
cg21809927,grey,TRIM31
cg21810188,turquoise,VCAN
cg21811021,grey,
cg21812277,turquoise,PARP4
cg21813470,turquoise,
cg21813473,turquoise,CHD6
cg21815047,turquoise,PMF1
cg21816308,grey,
cg21816336,turquoise,RNF149
cg21816491,blue,RCOR3
cg21817833,turquoise,FRMD6
cg21819722,blue,ATP8A1
cg21819782,grey,
cg21819984,grey,LASS3
cg21820610,blue,
cg21821308,blue,ASAP2
cg21821990,turquoise,SNX15
cg21822573,turquoise,C12orf72
cg21822635,blue,
cg21823101,turquoise,SMG6
cg21824413,grey,NR1D2
cg21825840,grey,KLC2
cg21825888,turquoise,BAT5
cg21826815,turquoise,HRK
cg21827317,grey,
cg21829783,turquoise,SLAMF6
cg21831451,turquoise,SNRPE
cg21831898,pink,C1orf51
cg21836903,turquoise,FOXP1
cg21838488,grey,RNF219
cg21839504,blue,
cg21840256,turquoise,C12orf41
cg21842222,grey,SF1
cg21842301,turquoise,CDK5RAP1
cg21842660,blue,DYNC1LI1
cg21845713,turquoise,HYLS1
cg21845869,blue,ARHGEF10
cg21846177,grey,NCRNA00028
cg21846876,turquoise,LANCL1
cg21847720,grey,MYOM2
cg21847751,turquoise,C2orf52
cg21848700,turquoise,CBX2
cg21849932,grey,LIME1
cg21854408,grey,
cg21854759,grey,
cg21855617,cyan,
cg21856234,turquoise,
cg21856881,turquoise,
cg21859337,turquoise,IGSF3
cg21860629,grey,LOR
cg21860679,turquoise,DUSP6
cg21862353,grey,MYT1L
cg21862992,grey,
cg21864304,grey,VGLL4
cg21867468,turquoise,RNF14
cg21870640,grey,HLA-DPB2
cg21871091,grey,HLCS
cg21871465,grey,NAP1L4
cg21873275,blue,
cg21873524,grey,
cg21875336,turquoise,PHIP
cg21875845,brown,CARS
cg21877656,turquoise,ZNF329
cg21877960,blue,KRR1
cg21884374,blue,NRCAM
cg21890002,turquoise,NAA16
cg21890551,turquoise,
cg21891490,blue,KCNIP4
cg21893185,grey,GPR135
cg21893354,turquoise,FAM105A
cg21894058,turquoise,EIF2AK1
cg21894287,grey,
cg21898246,turquoise,DTD1
cg21899558,grey,PRKAR1B
cg21899790,blue,
cg21902014,blue,GPR98
cg21902090,blue,
cg21902095,turquoise,RAD18
cg21903646,grey,
cg21903660,turquoise,CCDC61
cg21904595,turquoise,
cg21906335,turquoise,ZNF155
cg21907156,orange,ZFYVE16
cg21907877,tan,DHDDS
cg21909643,turquoise,CDKAL1
cg21910821,grey,ZNF649
cg21911849,turquoise,METTL14
cg21913897,blue,AJAP1
cg21915509,turquoise,PTDSS2
cg21915659,blue,IQCG
cg21915935,turquoise,POGZ
cg21916358,grey,
cg21918548,grey,ZNF251
cg21918786,grey,
cg21919445,blue,DYNC1H1
cg21922991,turquoise,ZNF509
cg21923992,turquoise,ETV5
cg21926118,blue,
cg21928243,turquoise,LOC100189589
cg21930136,turquoise,ST8SIA4
cg21930399,grey,ABCD3
cg21931717,grey,SDHAP3
cg21934237,turquoise,NUF2
cg21934564,greenyellow,CHCHD5
cg21941223,grey,
cg21943841,turquoise,GNG7
cg21944567,turquoise,ARL2
cg21950155,grey,PRHOXNB
cg21951543,blue,SRPK2
cg21952313,turquoise,ZNF821
cg21952419,turquoise,INTS6
cg21952685,turquoise,FAM63B
cg21953717,blue,RTEL1
cg21960279,grey,B3GNT3
cg21962611,blue,KLHDC5
cg21965820,turquoise,HIGD2B
cg21965843,turquoise,FAM98A
cg21966289,turquoise,UBAC2
cg21971035,turquoise,HCCA2
cg21972156,turquoise,ZMIZ2
cg21972176,turquoise,ZNF573
cg21973275,turquoise,TMX2
cg21978579,grey,
cg21978892,blue,SLAIN1
cg21979724,turquoise,AMIGO2
cg21980364,blue,ARHGEF7
cg21980954,blue,COL4A2
cg21984020,blue,
cg21985251,turquoise,SLC12A7
cg21985631,turquoise,
cg21986225,turquoise,SCOC
cg21987077,blue,EXOC2
cg21987316,turquoise,PPT2
cg21994357,grey,
cg21994712,grey,
cg22000938,blue,RNF213
cg22005832,turquoise,TNPO1
cg22005853,turquoise,RNH1
cg22007559,blue,PACRGL
cg22009052,blue,C8orf47
cg22009488,turquoise,
cg22012230,turquoise,LYSMD1
cg22013407,blue,
cg22016949,grey,TRIM15
cg22022671,blue,EDIL3
cg22022881,grey,
cg22024281,midnightblue,EXT1
cg22024931,grey,SMN1
cg22026332,turquoise,BRD2
cg22028036,blue,LMTK2
cg22028544,brown,C8orf59
cg22030501,blue,
cg22034507,blue,
cg22034735,grey,
cg22038409,blue,MFAP1
cg22038907,turquoise,POLR2K
cg22039724,blue,
cg22040403,turquoise,E2F2
cg22040815,turquoise,RAB11A
cg22042996,blue,TUSC3
cg22043013,blue,FAR2
cg22043634,turquoise,MAPK15
cg22043788,blue,TBCD
cg22047295,turquoise,WIPF1
cg22047910,orange,SLC39A10
cg22048948,grey,C2orf64
cg22049342,blue,AFF3
cg22049899,grey,SLC38A4
cg22050897,blue,AGAP1
cg22051345,grey,ODZ3
cg22052566,grey,WDR86
cg22052758,turquoise,ACCN2
cg22055790,turquoise,CLASP1
cg22056094,grey,PCDHGA2
cg22056755,blue,SERAC1
cg22057899,blue,CAPN1
cg22058122,grey,L3MBTL4
cg22058452,blue,
cg22061831,grey,ARHGEF4
cg22062537,grey,MYEOV2
cg22062601,blue,
cg22063056,turquoise,CLCC1
cg22064195,turquoise,HLA-E
cg22066521,blue,ABCB5
cg22071344,turquoise,FBXO11
cg22074858,turquoise,GBP3
cg22076311,turquoise,FOXP1
cg22077389,grey,EIF2AK4
cg22078625,grey,GALNT10
cg22078805,grey,FAM171A2
cg22079902,grey,PRDM9
cg22082564,grey60,UMPS
cg22082780,grey,
cg22085055,turquoise,
cg22090773,turquoise,NCAN
cg22091918,turquoise,C17orf49
cg22092448,turquoise,SSBP4
cg22092811,grey,C3orf26
cg22098115,grey,ARHGEF4
cg22106721,tan,
cg22107210,turquoise,CDCA7L
cg22108259,turquoise,STARD13
cg22109000,turquoise,NFU1
cg22111318,turquoise,SDHAF2
cg22112443,turquoise,MEIS2
cg22117760,turquoise,VPS25
cg22117893,grey,
cg22120063,grey,
cg22120094,turquoise,ZHX2
cg22122397,blue,PSME3
cg22125814,blue,
cg22125968,turquoise,EPSTI1
cg22132788,grey,MYO1G
cg22133704,grey,TRIM6-TRIM34
cg22135109,turquoise,THSD1P
cg22138327,grey,GTF3A
cg22140614,blue,GAK
cg22140675,turquoise,G6PC3
cg22141696,grey,
cg22142122,turquoise,
cg22145091,blue,FAM168A
cg22146245,blue,
cg22147539,turquoise,PCYT2
cg22148115,turquoise,SLC25A32
cg22148191,turquoise,RAB35
cg22152521,blue,ZC3H13
cg22152887,blue,FCHSD2
cg22153463,grey,MCOLN2
cg22155038,blue,TUBGCP4
cg22155376,blue,
cg22159133,turquoise,AP4B1
cg22159341,blue,CACNB4
cg22159468,blue,TJP1
cg22160784,grey,CCT7
cg22161131,turquoise,GPSM2
cg22162422,blue,AFF3
cg22164916,cyan,BRE
cg22166900,red,
cg22166914,blue,ZYG11B
cg22168480,turquoise,RBMXL1
cg22171626,turquoise,ACLY
cg22174681,blue,PRKCZ
cg22177364,turquoise,SELT
cg22177976,blue,
cg22178096,turquoise,RPL32P3
cg22182142,grey,BIK
cg22184990,turquoise,ARHGAP26
cg22188058,turquoise,SDC4
cg22189786,grey,WBP2NL
cg22190774,turquoise,
cg22194904,blue,RNF213
cg22196848,turquoise,PRDM1
cg22196946,blue,IL15
cg22196952,turquoise,GRASP
cg22198853,grey,
cg22199658,grey,
cg22201734,grey,CBY1
cg22202131,turquoise,PGRMC2
cg22205501,blue,DPPA3
cg22208339,turquoise,CCNT1
cg22208361,turquoise,GFER
cg22210337,grey,C11orf21
cg22213235,blue,PCGF3
cg22214262,magenta,CLINT1
cg22216069,turquoise,KIAA0895
cg22216157,grey,PTPRN2
cg22217176,blue,ATP9B
cg22218512,blue,ACVRL1
cg22219255,blue,
cg22221026,grey,LRRFIP2
cg22221669,turquoise,TXNIP
cg22221870,grey,FAM3B
cg22223119,grey,FARP1
cg22223232,blue,MAN1A2
cg22223602,yellowgreen,CBL
cg22223655,grey,RTTN
cg22226438,grey,FLJ39609
cg22227138,blue,
cg22228677,turquoise,PEMT
cg22230508,turquoise,RAB30
cg22231012,turquoise,DKFZP686I15217
cg22231101,blue,JAKMIP1
cg22231620,blue,ATP5E
cg22232708,blue,HMGCL
cg22234712,grey,
cg22235012,turquoise,DPYD
cg22237300,grey,
cg22238209,grey,MAG
cg22240348,grey,
cg22243583,turquoise,DLEU1
cg22244940,grey,MMP17
cg22247039,saddlebrown,ALKBH5
cg22247282,turquoise,NDUFS8
cg22248561,magenta,
cg22249529,grey,KLHDC7B
cg22250498,turquoise,HRASLS5
cg22250642,turquoise,C22orf23
cg22251684,blue,ANO6
cg22255634,blue,PARP15
cg22256960,grey,
cg22258713,grey,
cg22259797,grey,C2CD2L
cg22260415,turquoise,
cg22261030,turquoise,SFRS1
cg22264307,blue,HS3ST1
cg22265988,magenta,TARBP2
cg22266470,darkturquoise,JOSD2
cg22266749,grey,COL25A1
cg22269486,turquoise,CCDC25
cg22269913,turquoise,PIH1D1
cg22271515,blue,BRAF
cg22272668,blue,CUL1
cg22274395,grey,UCP1
cg22277672,yellowgreen,NCAPG2
cg22279341,turquoise,POLQ
cg22280402,blue,FAM115A
cg22284043,grey,GPC5
cg22284748,turquoise,LETM2
cg22286616,turquoise,CYP51A1
cg22288101,turquoise,RNH1
cg22290704,blue,LTV1
cg22296620,turquoise,SORD
cg22296762,turquoise,PIGW
cg22297177,turquoise,ELL
cg22300819,black,ATP6V1H
cg22301984,turquoise,TUBGCP3
cg22304418,blue,
cg22305167,grey,
cg22306928,grey,MIR375
cg22309949,grey,
cg22311289,blue,UTRN
cg22314482,turquoise,LENG8
cg22316093,grey,
cg22318304,turquoise,SIAE
cg22318514,grey,
cg22321089,turquoise,
cg22322863,turquoise,CDK5R1
cg22324028,turquoise,NBAS
cg22325292,grey,FN3K
cg22332266,grey,CHORDC1
cg22332891,turquoise,FAM20B
cg22333733,turquoise,DNAJC24
cg22335490,turquoise,EPB41L3
cg22337407,grey,
cg22338443,blue,WDR64
cg22341533,blue,DCP1B
cg22341865,turquoise,PGD
cg22343728,grey,
cg22344745,grey,
cg22344793,grey,
cg22346355,turquoise,C17orf42
cg22351426,blue,MTMR9
cg22351904,turquoise,
cg22355463,turquoise,ZNF827
cg22356451,turquoise,
cg22356839,grey,NPHP4
cg22358708,turquoise,C1orf25
cg22360024,blue,SAAL1
cg22361859,grey,FBXO47
cg22363224,blue,SIAE
cg22366088,turquoise,
cg22366214,turquoise,COL8A1
cg22368307,turquoise,SNORD15A
cg22368976,blue,NTNG1
cg22369252,grey,SUV420H2
cg22369954,skyblue,C1orf216
cg22372182,grey,C1orf65
cg22372355,blue,
cg22372668,grey,
cg22373079,turquoise,SPRED2
cg22373676,blue,UBL3
cg22375856,blue,TBC1D5
cg22376366,blue,DVL1
cg22380059,turquoise,LIG3
cg22381300,turquoise,TMEM183A
cg22387578,grey,
cg22387890,turquoise,USP42
cg22388850,turquoise,FRYL
cg22389964,turquoise,PARS2
cg22390894,turquoise,SFRS11
cg22391883,turquoise,C1orf89
cg22394535,turquoise,ZNRD1
cg22396353,turquoise,GTSE1
cg22401505,turquoise,RWDD1
cg22401835,blue,
cg22402043,blue,ACP6
cg22402853,turquoise,SMARCD1
cg22403767,blue,
cg22409276,turquoise,CHST14
cg22409420,turquoise,TCF4
cg22410499,grey,PRSS3
cg22411407,darkmagenta,C7orf51
cg22412063,turquoise,CCDC138
cg22414192,grey,KCNG1
cg22417420,turquoise,YWHAG
cg22417566,grey,
cg22424405,blue,ARHGAP29
cg22424536,turquoise,ARL10
cg22425474,turquoise,
cg22427477,turquoise,NRAS
cg22431433,turquoise,RAB4A
cg22431992,turquoise,RBPMS
cg22433276,turquoise,
cg22435982,turquoise,FAM171A2
cg22441533,turquoise,TFPI2
cg22442454,grey,IRF6
cg22443212,grey,RNF213
cg22447637,blue,
cg22450146,grey,MIR636
cg22451149,blue,PDSS2
cg22451910,turquoise,MUC17
cg22452837,grey,
cg22453791,blue,SCAMP1
cg22455892,blue,
cg22456479,blue,
cg22457642,blue,SESN1
cg22457860,blue,PTPRR
cg22459517,grey,EPS8L1
cg22462726,grey,
cg22463444,blue,CLDN11
cg22464423,turquoise,CADM4
cg22464447,grey,
cg22466459,turquoise,WDR73
cg22467129,grey,ETFA
cg22467468,turquoise,ATP13A1
cg22467473,blue,
cg22470218,turquoise,YIPF3
cg22470850,turquoise,FAM59B
cg22471075,grey,
cg22472154,blue,WHSC1
cg22473961,blue,CD63
cg22478210,turquoise,HIST1H2BB
cg22480783,grey,
cg22480875,grey,E2F7
cg22483175,blue,KIFAP3
cg22487209,grey,ELP3
cg22488472,turquoise,STX16
cg22488859,turquoise,CYP1B1
cg22488998,turquoise,GFI1
cg22489491,blue,PDZRN4
cg22489583,turquoise,IGLON5
cg22491225,turquoise,SPINT1
cg22493117,turquoise,TRMT1
cg22494932,violet,
cg22496665,green,
cg22496723,grey,CACNG2
cg22496973,grey,C2orf3
cg22497095,grey,
cg22500102,turquoise,PFKFB2
cg22501294,turquoise,SMAD4
cg22501760,turquoise,CHEK2
cg22501998,purple,C1orf109
cg22505075,grey,SCARA5
cg22506548,grey,PRDM16
cg22509054,turquoise,
cg22510032,turquoise,LCORL
cg22510582,turquoise,CYP26B1
cg22516137,blue,RAB40B
cg22516213,yellow,TAF12
cg22517485,turquoise,PRPF3
cg22517836,turquoise,C8orf39
cg22518046,turquoise,SNORD45C
cg22518696,green,LPHN2
cg22519151,turquoise,LOC440926
cg22519756,yellow,CTBS
cg22521096,turquoise,FXR2
cg22521356,turquoise,C7orf31
cg22524657,turquoise,
cg22525743,blue,FBL
cg22526139,grey,RHCG
cg22526939,grey,
cg22527415,turquoise,EDC3
cg22529511,blue,
cg22530449,blue,VPS8
cg22530927,blue,MTPN
cg22531466,turquoise,FLJ39653
cg22535103,grey,C8orf71
cg22535729,grey,RP1
cg22538664,turquoise,NAA16
cg22539390,blue,TGDS
cg22541911,turquoise,GALNT6
cg22545206,grey,
cg22546686,turquoise,
cg22549041,grey,CYP1A1
cg22549437,blue,RNF144B
cg22549504,turquoise,GTPBP3
cg22550059,turquoise,
cg22551060,blue,
cg22553289,turquoise,NLE1
cg22557350,turquoise,FAM53B
cg22560193,grey,APC2
cg22560197,turquoise,SFRS11
cg22560837,turquoise,POP4
cg22563312,turquoise,TBC1D9B
cg22563390,grey,ISOC2
cg22566624,turquoise,
cg22568403,turquoise,LOC257358
cg22569154,blue,JAKMIP2
cg22570042,grey,CCDC144NL
cg22571038,grey,MYCBPAP
cg22572476,grey,
cg22573359,grey,CCDC42
cg22573696,grey,
cg22574586,blue,TRIM27
cg22574825,grey,FLT1
cg22576629,blue,POLR3B
cg22577385,blue,BRSK1
cg22578632,blue,HRH2
cg22580292,blue,PPP2R2D
cg22582617,grey,
cg22585269,turquoise,CHEK2
cg22586956,blue,
cg22587479,grey,WNT6
cg22588144,grey,ISM1
cg22588542,turquoise,MFF
cg22591480,darkorange,SLC16A12
cg22599477,grey,
cg22603934,turquoise,CPNE3
cg22604213,skyblue,CXXC4
cg22605179,grey,EWSR1
cg22608848,blue,HSD17B11
cg22611817,turquoise,ZSWIM6
cg22614372,blue,
cg22615819,turquoise,EIF2C3
cg22618164,grey,WDR66
cg22618350,turquoise,ZNF644
cg22618487,turquoise,DERA
cg22619763,turquoise,TXNIP
cg22620746,grey,ZNF257
cg22623236,blue,PDE10A
cg22624255,grey,ZNF101
cg22625420,turquoise,UQCR
cg22626041,turquoise,KIAA0040
cg22626973,turquoise,CDKAL1
cg22627029,grey,HLA-DRB6
cg22628851,blue,
cg22633036,grey,FGFR2
cg22635676,grey,SNED1
cg22635723,turquoise,ADD3
cg22636253,turquoise,SSRP1
cg22636631,blue,THBS4
cg22636799,turquoise,PREPL
cg22638597,turquoise,GPR83
cg22639895,turquoise,KCNJ12
cg22640961,blue,BCAM
cg22641430,blue,
cg22642978,turquoise,STAMBP
cg22643080,turquoise,PECI
cg22646311,turquoise,
cg22646733,darkturquoise,
cg22647566,blue,FAM160B1
cg22647996,blue,GNPDA1
cg22648143,turquoise,TMEM104
cg22648182,grey,
cg22651271,turquoise,
cg22652561,turquoise,MAP2K4
cg22656705,turquoise,MPHOSPH8
cg22662036,turquoise,PBX2
cg22664296,grey,GUCY1B3
cg22665692,grey,DOCK1
cg22666103,turquoise,ADD3
cg22673542,blue,OR2T10
cg22674210,turquoise,GTPBP5
cg22674699,grey,HOXD9
cg22675645,turquoise,KCNIP2
cg22676075,grey,
cg22677180,blue,TCF12
cg22678977,blue,LRRC6
cg22679412,blue,KIAA0101
cg22681738,turquoise,RPRD1B
cg22683036,grey,ATG4C
cg22683308,green,KIAA1530
cg22685807,grey,
cg22687569,grey,
cg22688104,turquoise,NFXL1
cg22688388,turquoise,AGBL5
cg22688969,blue,SC5DL
cg22689316,blue,
cg22690046,grey,LSM10
cg22691736,turquoise,MTRF1
cg22692549,grey,
cg22695986,grey,
cg22696438,turquoise,LARP6
cg22697034,blue,
cg22699044,turquoise,
cg22700015,grey,
cg22700790,grey,
cg22702784,grey,ASXL2
cg22703975,blue,DDX10
cg22704068,turquoise,LOC388588
cg22705602,grey,
cg22705746,grey,FMOD
cg22706424,turquoise,SNRNP40
cg22708112,grey,GCOM1
cg22709100,blue,
cg22711274,turquoise,HNRNPH3
cg22711741,grey,AURKC
cg22712893,turquoise,SLU7
cg22713360,turquoise,MLEC
cg22713941,turquoise,C2orf49
cg22714290,blue,LOC148696
cg22714716,blue,
cg22715321,blue,ZNF559
cg22715398,blue,KIAA1370
cg22716280,grey,
cg22718140,blue,TEKT3
cg22718729,turquoise,APBB2
cg22721334,grey,ZSCAN18
cg22726760,turquoise,TBC1D17
cg22727109,turquoise,C12orf35
cg22728534,turquoise,CD8A
cg22733073,turquoise,PAIP2
cg22734085,turquoise,C4orf38
cg22735612,green,ATXN2
cg22746765,turquoise,TMX2
cg22747897,yellow,FGFRL1
cg22748179,grey,
cg22748740,turquoise,ZNF311
cg22749736,blue,TOLLIP
cg22751101,turquoise,SRP68
cg22753548,grey,TNNI3
cg22753668,blue,FLT1
cg22755526,turquoise,TM2D2
cg22755785,turquoise,ZNF227
cg22761482,grey,
cg22762992,grey,
cg22763753,turquoise,STK38L
cg22764639,turquoise,NUAK1
cg22768531,turquoise,NUCB1
cg22770560,blue,PTPRN2
cg22770916,blue,
cg22772639,blue,CUX1
cg22773661,turquoise,ZAR1
cg22775138,grey,KNDC1
cg22776369,turquoise,DDX10
cg22776392,grey,
cg22776646,turquoise,
cg22777062,grey,HLCS
cg22782929,grey,C10orf114
cg22783940,blue,TFDP1
cg22785261,blue,MGMT
cg22785750,turquoise,ABHD4
cg22789318,blue,ABR
cg22789900,turquoise,MIXL1
cg22790005,blue,
cg22790973,turquoise,TFCP2
cg22792048,blue,
cg22792432,turquoise,ROCK1
cg22794772,blue,NOM1
cg22794998,blue,ATG16L1
cg22795059,blue,
cg22795345,blue,ARHGEF7
cg22796353,grey,
cg22796363,grey,SMYD2
cg22798521,blue,CUGBP2
cg22798984,turquoise,C14orf166
cg22799860,blue,CHD1
cg22799902,turquoise,BPHL
cg22800025,turquoise,CPAMD8
cg22802111,black,IGSF8
cg22803724,turquoise,NFIA
cg22803821,blue,
cg22804236,midnightblue,MEI1
cg22804475,turquoise,ATP6V1B2
cg22805485,grey,SPON1
cg22810423,grey,
cg22812972,turquoise,EIF4B
cg22813140,turquoise,DNAJC19
cg22813699,blue,NCOA2
cg22813744,grey,KCTD21
cg22814681,turquoise,ODF2L
cg22817198,grey,C14orf109
cg22817650,blue,CDC73
cg22817718,turquoise,ISY1
cg22818556,turquoise,
cg22819135,blue,C5orf51
cg22819824,blue,NHLRC2
cg22821606,grey,C11orf67
cg22822824,turquoise,SLCO2A1
cg22823183,turquoise,TRMU
cg22824635,blue,NFIX
cg22825116,grey,RPIA
cg22825360,blue,ZNF277
cg22826071,turquoise,MIER2
cg22826226,blue,SLC11A2
cg22828340,blue,ZNF358
cg22830701,turquoise,BDNFOS
cg22831263,grey,SPG11
cg22832407,turquoise,CBR4
cg22833147,turquoise,NEIL3
cg22834147,blue,RSRC1
cg22836535,turquoise,C14orf80
cg22838050,grey,MED16
cg22839308,turquoise,TLR1
cg22843625,grey,C19orf63
cg22847579,turquoise,MRPS10
cg22851092,blue,EP400
cg22851378,blue,PPP2R2D
cg22852149,grey,ZNF566
cg22852459,turquoise,
cg22856539,grey,SYF2
cg22857963,grey,GLI4
cg22860233,grey,RBM34
cg22862244,green,SNX26
cg22862634,grey,EML3
cg22862846,blue,DNAJC8
cg22863523,turquoise,CALCA
cg22863802,blue,LOC401127
cg22864613,turquoise,MED6
cg22865402,turquoise,C1orf27
cg22865501,blue,
cg22866267,grey,
cg22867117,blue,ACIN1
cg22867608,grey,EGR2
cg22870172,turquoise,UBE2V1
cg22870256,turquoise,FDFT1
cg22870344,turquoise,ATP5B
cg22871668,grey,EYA4
cg22873725,blue,ANKRD28
cg22875239,blue,PIAS1
cg22875332,grey,ACADM
cg22875643,turquoise,MIER1
cg22877570,turquoise,TNIK
cg22877623,turquoise,
cg22878535,grey,
cg22884656,turquoise,
cg22884792,turquoise,WNT1
cg22885367,turquoise,APLF
cg22885965,turquoise,QRSL1
cg22886405,darkgreen,GTF2IRD2B
cg22887484,turquoise,GPRIN1
cg22889584,turquoise,KDELC2
cg22892276,blue,
cg22895198,blue,C5orf37
cg22898362,grey,KLK9
cg22898729,turquoise,C6orf145
cg22901226,turquoise,ZNF780A
cg22903471,blue,GCKR
cg22905511,grey,FLJ44606
cg22910715,turquoise,REEP6
cg22913584,turquoise,SSBP2
cg22913585,blue,BSG
cg22915534,turquoise,ABLIM2
cg22915993,blue,
cg22918572,skyblue,VPS28
cg22920418,blue,RPS5
cg22920501,grey,FAM59B
cg22920967,blue,C14orf153
cg22922037,blue,
cg22922810,blue,VRK1
cg22926252,yellowgreen,WBP11
cg22928002,turquoise,CSNK1A1
cg22928999,blue,FBXO11
cg22933800,grey,HLA-DQA1
cg22933807,turquoise,
cg22935921,grey,DNAJA4
cg22937574,turquoise,FOXJ2
cg22937695,turquoise,
cg22939563,blue,DNAJB6
cg22940848,turquoise,SKI
cg22942377,turquoise,NFYA
cg22942940,yellow,BRI3BP
cg22942971,turquoise,C1orf69
cg22949274,blue,SDHD
cg22951408,turquoise,CNIH
cg22952210,grey60,ARNTL2
cg22952834,turquoise,NPDC1
cg22960449,blue,ARL15
cg22961275,green,SELV
cg22964146,grey,P4HA1
cg22965663,grey,POMT2
cg22966026,blue,
cg22969669,blue,GATAD2A
cg22971216,turquoise,
cg22971279,turquoise,
cg22973728,blue,FLJ45244
cg22974158,turquoise,THNSL1
cg22976700,turquoise,
cg22977254,darkturquoise,ENO2
cg22978658,turquoise,CTTN
cg22980127,turquoise,NUDT19
cg22981519,turquoise,ECD
cg22983534,turquoise,TINF2
cg22983555,blue,BTBD7
cg22984571,grey,
cg22984587,grey,LOC641746
cg22987448,grey,MYO1F
cg22988458,blue,TRRAP
cg22988507,turquoise,C4orf10
cg22988651,blue,ANKRD28
cg22989813,blue,SRP54
cg22990158,grey,ADCY4
cg22992730,grey,
cg22992815,turquoise,
cg22995176,grey,UPK3B
cg22995488,pink,DNAH8
cg22998421,grey,LOC401431
cg22998918,blue,BAT5
cg22999099,grey,BOK
cg23000066,blue,HEATR2
cg23003258,grey,CHN1
cg23003881,turquoise,BOD1
cg23004710,cyan,TAPBP
cg23006223,grey,C4orf14
cg23007535,blue,SETD2
cg23008238,blue,
cg23011788,turquoise,FRMD4A
cg23012310,grey,
cg23012552,turquoise,SLC39A10
cg23013489,blue,C10orf79
cg23013546,turquoise,MPI
cg23015983,turquoise,OSTM1
cg23016766,turquoise,RBBP4
cg23018873,turquoise,AMOTL1
cg23019889,grey,
cg23020486,turquoise,EDARADD
cg23021014,turquoise,
cg23021638,grey,PPP2R3A
cg23022206,blue,FBXL17
cg23022783,blue,FDPS
cg23023513,blue,S100A2
cg23023844,grey,TTLL8
cg23024343,grey,COG5
cg23024810,blue,MDM4
cg23026419,steelblue,
cg23026554,grey,LOC441666
cg23027521,turquoise,ZNF695
cg23029363,blue,EGR1
cg23030894,grey,ZNF585B
cg23032184,blue,
cg23036449,blue,
cg23036931,turquoise,NDUFV3
cg23037274,turquoise,MAP2K7
cg23039227,blue,CCDC8
cg23041162,turquoise,MATN1
cg23042230,blue,STAU2
cg23043438,white,TEX10
cg23044053,grey,
cg23048481,turquoise,
cg23048951,turquoise,GLTSCR2
cg23049737,blue,RERE
cg23051811,turquoise,MRPL14
cg23052386,blue,ANKRD10
cg23053008,blue,INSIG1
cg23053918,turquoise,DDB1
cg23057284,turquoise,IER5L
cg23057706,turquoise,RASGRP2
cg23058194,grey,LOC390594
cg23059304,turquoise,C14orf23
cg23060191,blue,PRO0628
cg23066280,grey,PTPRN2
cg23068558,blue,
cg23068731,turquoise,CD38
cg23069036,turquoise,FBXO33
cg23069167,turquoise,PTPRG
cg23069677,grey,LSM10
cg23070026,turquoise,ADAMTS9
cg23071583,turquoise,LAMP1
cg23072161,turquoise,
cg23073439,yellow,KDM1B
cg23074495,turquoise,C10orf4
cg23074703,grey,IL4I1
cg23075144,blue,SEC1
cg23075555,grey,HLA-DPB2
cg23075961,blue,MORN4
cg23076086,turquoise,FYN
cg23076870,blue,
cg23079866,grey,SPDYC
cg23080355,blue,
cg23080985,yellow,ALKBH7
cg23081331,turquoise,TIA1
cg23081670,turquoise,ZNF511
cg23085343,turquoise,NFATC2
cg23087876,blue,RYR2
cg23089673,cyan,ARL15
cg23090372,blue,FGF6
cg23090583,turquoise,PSMC5
cg23091699,blue,HECW1
cg23091824,turquoise,SLC12A7
cg23092250,turquoise,ASPHD2
cg23092358,turquoise,SLC10A7
cg23093333,blue,NLK
cg23093692,grey,SLC35F3
cg23096663,blue,
cg23098131,turquoise,G3BP2
cg23099839,grey,
cg23102195,grey,
cg23104954,grey,
cg23106158,turquoise,RPL36AL
cg23107878,grey,
cg23108714,darkgrey,CREBL2
cg23108931,grey,
cg23109129,turquoise,HHIP
cg23109559,blue,ACTN2
cg23110891,turquoise,DNTTIP2
cg23114964,turquoise,HIVEP3
cg23115390,blue,
cg23117778,grey,RAD21L1
cg23117796,grey,
cg23118561,grey,
cg23120335,turquoise,ORC4L
cg23120601,grey,PLCB2
cg23122401,pink,PPME1
cg23123540,turquoise,UBTD2
cg23128025,turquoise,WDFY2
cg23134075,blue,SLC38A6
cg23134869,turquoise,ZFHX4
cg23136742,grey,KCNK3
cg23138817,turquoise,
cg23139173,blue,
cg23139473,turquoise,WRN
cg23141629,blue,GTF2F2
cg23141745,blue,GPR160
cg23142396,turquoise,PPP1R3E
cg23143210,grey,
cg23143796,turquoise,KIFC1
cg23146833,turquoise,TNIK
cg23148651,green,SOX4
cg23149492,turquoise,RBM39
cg23151303,turquoise,SLC30A3
cg23154743,turquoise,NFKBIL1
cg23155118,turquoise,RP9P
cg23155965,grey,
cg23157916,blue,
cg23158189,blue,GALNT9
cg23161317,grey,ZNF389
cg23162821,turquoise,TSNAX-DISC1
cg23163279,grey,FLJ35220
cg23163783,turquoise,FAM19A2
cg23166289,grey,C1orf107
cg23167307,turquoise,CCDC49
cg23172884,steelblue,LOC100188947
cg23173466,turquoise,MAX
cg23173806,blue,TRIM39
cg23174406,grey,NEDD1
cg23174932,turquoise,NEU1
cg23178144,blue,
cg23181861,turquoise,RPL18AP3
cg23183449,blue,GATAD1
cg23186422,turquoise,
cg23187103,turquoise,MYC
cg23188121,lightyellow,MED10
cg23191354,grey,OSBPL3
cg23193613,grey,
cg23194433,blue,ZNF557
cg23195763,blue,HLA-DPA1
cg23199238,turquoise,RPH3A
cg23199886,turquoise,
cg23201527,grey,
cg23201549,salmon,ZFP36L2
cg23202277,turquoise,MAPT
cg23202316,turquoise,RAD51L3
cg23205775,turquoise,HIST1H2AD
cg23206463,grey,
cg23207361,turquoise,BAT2
cg23207835,blue,SPATA7
cg23208152,grey,ZMYND10
cg23210013,turquoise,C17orf108
cg23214565,turquoise,DSE
cg23214606,turquoise,TMEM183A
cg23215109,darkorange,CCDC14
cg23216101,blue,
cg23216292,turquoise,ZNF85
cg23216685,blue,ZNHIT6
cg23218354,grey,
cg23218559,grey,AMH
cg23218979,turquoise,NGLY1
cg23219808,turquoise,BRP44L
cg23221052,grey,GFPT2
cg23222435,blue,ARID1B
cg23223544,blue,RASA3
cg23223755,blue,LHFPL4
cg23223978,turquoise,DLEU1
cg23224396,turquoise,SAMD4A
cg23224828,turquoise,ZNF615
cg23225911,blue,ARNTL2
cg23226358,turquoise,
cg23226914,grey,
cg23228835,blue,CLRN3
cg23231268,grey,
cg23231550,blue,
cg23232844,turquoise,CYP4V2
cg23233802,grey,CAMK2B
cg23234756,blue,FOXP1
cg23235334,brown,CCND2
cg23236404,turquoise,STMN1
cg23237097,blue,COPA
cg23237634,grey,ZBTB7B
cg23238315,grey,
cg23239870,blue,TSSC1
cg23240149,turquoise,CAPRIN1
cg23241448,turquoise,NXN
cg23241863,turquoise,HIF1AN
cg23242979,blue,GPR88
cg23246666,blue,AGAP1
cg23246911,grey,RPH3AL
cg23246978,turquoise,GPC6
cg23247274,grey,MRP63
cg23248324,grey,TTK
cg23248424,grey,GFPT2
cg23249667,turquoise,NFKBIL1
cg23249710,turquoise,NUS1
cg23250288,turquoise,ABCD3
cg23250906,blue,PPP1R12B
cg23252259,grey,
cg23255486,turquoise,ANO6
cg23255995,turquoise,MLF2
cg23257386,turquoise,MSL2
cg23257604,turquoise,TNXB
cg23258065,grey,TBC1D20
cg23260525,grey,FAM160B1
cg23260635,turquoise,SNX27
cg23261070,turquoise,C17orf49
cg23261372,turquoise,QTRT1
cg23267042,turquoise,LRRC40
cg23268197,grey,INSL3
cg23268914,yellow,LOC100302652
cg23269169,turquoise,C1orf144
cg23270529,blue,SDCCAG8
cg23271660,blue,
cg23274377,turquoise,BPNT1
cg23275463,turquoise,ATM
cg23276187,turquoise,TSR1
cg23277376,turquoise,PLA2G7
cg23279355,grey,CMYA5
cg23281012,turquoise,HINFP
cg23281307,blue,CASP8
cg23281527,grey,KLHDC7A
cg23283495,grey,IRF6
cg23284931,grey,SPON1
cg23288653,turquoise,TRIM46
cg23290482,grey,C17orf98
cg23290834,turquoise,PRPSAP2
cg23291301,grey,POU3F3
cg23292453,turquoise,ITGA3
cg23295637,turquoise,ADAMTSL5
cg23297477,turquoise,CMTM3
cg23298862,blue,PTPRN2
cg23299919,grey,PTPRN2
cg23300486,blue,TRAF3
cg23300494,blue,MAD1L1
cg23301492,turquoise,TMUB2
cg23302570,grey,NXPH2
cg23304339,grey,ZNF527
cg23305440,blue,TSPAN5
cg23305971,blue,NUDT9
cg23307056,turquoise,SYVN1
cg23311628,turquoise,RAB8B
cg23312375,grey,RASA3
cg23312964,turquoise,SLC39A13
cg23314071,grey60,
cg23314283,turquoise,SUGT1
cg23314545,turquoise,
cg23316818,turquoise,SLIT1
cg23320987,blue,TMCO3
cg23325985,turquoise,ARF3
cg23327164,turquoise,ZNF266
cg23329272,grey,
cg23330575,turquoise,USF2
cg23331932,turquoise,C10orf28
cg23332223,blue,
cg23333723,blue,GPR137C
cg23336454,grey,KLHDC2
cg23336486,turquoise,KIAA1530
cg23337170,blue,
cg23339092,blue,PRKCH
cg23340935,grey,DIRC3
cg23344412,blue,SUB1
cg23345500,turquoise,MIAT
cg23345561,turquoise,SOX4
cg23347835,blue,SLC38A1
cg23348014,grey,COL1A2
cg23350296,blue,ING5
cg23350336,turquoise,TET1
cg23352185,turquoise,C12orf4
cg23352384,turquoise,DNAJB6
cg23352942,grey,PTH1R
cg23354319,turquoise,ING4
cg23359983,turquoise,RNF139
cg23362997,turquoise,INSR
cg23363182,blue,
cg23363754,grey,PRR15
cg23366101,grey,
cg23369017,greenyellow,RNH1
cg23369601,blue,NSUN2
cg23370306,grey,
cg23371413,grey,AURKC
cg23371655,blue,UBE2G1
cg23374376,grey,SIRT2
cg23374834,blue,
cg23374964,turquoise,VAX1
cg23375440,turquoise,TMX2
cg23382700,turquoise,ACCN2
cg23387569,grey,AGAP2
cg23389585,turquoise,ZNF18
cg23391107,grey,SP6
cg23394673,grey,TNFRSF4
cg23395165,blue,HDGF2
cg23400413,blue,FOXN3
cg23400446,grey,CYP2E1
cg23401459,blue,ABR
cg23401796,blue,TRAPPC9
cg23402097,grey,KIF26A
cg23402305,blue,LOC100130691
cg23402429,turquoise,PLB1
cg23403256,grey,MBD1
cg23406642,blue,CPT1A
cg23407507,turquoise,CXCL12
cg23412309,turquoise,WDYHV1
cg23413685,turquoise,EIF3D
cg23415756,turquoise,NTN1
cg23416197,orange,BCL6
cg23416667,turquoise,RGMB
cg23421970,brown,C18orf21
cg23424800,blue,C8orf74
cg23427653,turquoise,
cg23428725,turquoise,RALGAPA1
cg23429638,turquoise,EXOSC8
cg23429847,turquoise,ISOC1
cg23432306,turquoise,CLNS1A
cg23433889,turquoise,MIR155HG
cg23440882,turquoise,SAMD11
cg23442187,blue,G2E3
cg23442198,grey,CYP4V2
cg23442955,turquoise,USP24
cg23445321,grey,SLC35F3
cg23455224,lightyellow,RICTOR
cg23456826,grey,SDR39U1
cg23460149,turquoise,RPN1
cg23460551,blue,
cg23460835,turquoise,HIST1H1B
cg23465465,turquoise,BTN3A2
cg23467079,grey,FAM83A
cg23467281,blue,MYOM2
cg23472215,grey,GSTM3
cg23473114,grey,
cg23473374,blue,FUT8
cg23476885,grey,MCCC1
cg23477406,turquoise,MMP17
cg23477460,grey,
cg23477967,turquoise,TFPI
cg23478225,blue,PRKCE
cg23480821,turquoise,IQGAP1
cg23482397,turquoise,TCF4
cg23482427,grey,C2orf70
cg23484655,grey,
cg23489390,blue,CRIM1
cg23489630,grey,ZNF234
cg23490425,blue,OR1D2
cg23491124,turquoise,PMAIP1
cg23493510,turquoise,DLX4
cg23496730,blue,EZR
cg23496755,blue,RPL23P8
cg23497020,turquoise,LIMA1
cg23497383,grey,LOC151174
cg23497857,turquoise,MDP1
cg23498106,blue,
cg23500774,turquoise,ASL
cg23502966,grey,TFRC
cg23503501,grey,SMC1B
cg23504634,turquoise,EIF4G1
cg23509077,blue,SERGEF
cg23511169,turquoise,SUV420H2
cg23511432,orange,GFRA3
cg23511613,turquoise,FOXI3
cg23511824,grey,
cg23512958,turquoise,IL7
cg23513784,turquoise,EGR3
cg23514110,grey,CFD
cg23517124,turquoise,RACGAP1
cg23517607,turquoise,C18orf54
cg23517954,grey,PSMD14
cg23520075,turquoise,MYADM
cg23522194,grey,PLA2G4C
cg23522468,turquoise,C7orf55
cg23522895,blue,FN3KRP
cg23523755,skyblue,
cg23523811,blue,GUCY2C
cg23525438,grey,
cg23525514,magenta,C19orf61
cg23526861,turquoise,PTH1R
cg23528488,blue,WDFY3
cg23529754,turquoise,CRLS1
cg23532119,blue,MS4A12
cg23532246,turquoise,ZNF234
cg23533254,midnightblue,TNIK
cg23535768,grey,FEM1B
cg23535882,grey,AKAP13
cg23540518,turquoise,TRIM17
cg23542134,turquoise,MTA3
cg23542858,grey,RNF139
cg23543318,turquoise,LOC100130872
cg23544223,grey,
cg23546619,turquoise,BCAS3
cg23547048,blue,PCGF3
cg23548274,turquoise,MTIF3
cg23549534,grey,C14orf4
cg23549774,blue,TBCD
cg23549869,turquoise,HSD17B1
cg23549902,grey,
cg23550947,blue,MORC1
cg23553444,grey,GLB1L2
cg23557926,turquoise,CFH
cg23559680,turquoise,HMBOX1
cg23563507,turquoise,DYNC2LI1
cg23565292,turquoise,KLHDC2
cg23568998,turquoise,
cg23569802,blue,DUSP26
cg23570261,grey,IWS1
cg23570471,turquoise,HOMEZ
cg23571452,blue,PAK1IP1
cg23575063,turquoise,KIAA0247
cg23579185,grey,
cg23581656,turquoise,SLC1A4
cg23587955,blue,SQLE
cg23588086,turquoise,TEP1
cg23590273,grey,PDE9A
cg23591609,blue,BEST3
cg23592392,blue,
cg23593167,grey,MOSC2
cg23594638,blue,SHANK2
cg23595396,grey,HCG27
cg23595451,grey,
cg23595571,blue,TOLLIP
cg23598886,grey,
cg23601030,grey,
cg23603995,grey,ARID1B
cg23606751,darkgrey,SNAPC1
cg23608779,blue,PIWIL4
cg23610018,turquoise,VGLL4
cg23610053,turquoise,ZSWIM1
cg23613051,grey,SH3BP2
cg23613305,turquoise,KDSR
cg23614428,blue,
cg23618323,turquoise,EDEM3
cg23619808,blue,ZC3H13
cg23620236,blue,C14orf28
cg23620279,turquoise,RPS24
cg23620433,turquoise,KIAA0586
cg23620822,turquoise,LOC285375
cg23623458,turquoise,MORF4L1
cg23625084,blue,TBXAS1
cg23625312,turquoise,SERGEF
cg23625390,blue,SCAPER
cg23627948,grey,
cg23628563,grey,
cg23629001,turquoise,PRPF8
cg23630158,turquoise,C17orf95
cg23632389,blue,ASPSCR1
cg23634477,grey,
cg23634478,grey,DLST
cg23635355,turquoise,G6PC3
cg23635910,grey,C1orf170
cg23636097,blue,EML6
cg23637155,turquoise,ENY2
cg23638624,blue,CCDC30
cg23638640,grey,TOP1P2
cg23638801,turquoise,FOXJ1
cg23639308,grey,IGSF9
cg23640802,turquoise,
cg23641158,turquoise,CCDC124
cg23649088,grey,C2orf69
cg23649161,turquoise,AARSD1
cg23651976,turquoise,TCEA3
cg23654844,turquoise,ILF2
cg23654971,turquoise,GBF1
cg23655816,lightyellow,PSMD14
cg23657274,turquoise,BCAN
cg23657870,turquoise,ABCF1
cg23658326,grey,EPM2AIP1
cg23658874,turquoise,EHMT2
cg23659337,turquoise,RGS6
cg23660999,grey,PDDC1
cg23661309,turquoise,ADC
cg23661344,grey,PLD6
cg23662501,black,
cg23664318,turquoise,CAPNS1
cg23664385,red,
cg23664459,brown,INSM2
cg23666180,turquoise,HIST1H2AG
cg23666618,blue,
cg23667555,turquoise,KRAS
cg23668184,grey,SOX11
cg23669081,grey,HOXB7
cg23670372,blue,CASZ1
cg23671665,brown,LUC7L2
cg23674202,grey,FOXK2
cg23674647,blue,
cg23677608,cyan,PLK4
cg23677778,magenta,
cg23681095,blue,TSSK4
cg23681339,grey,FBRSL1
cg23681866,grey,
cg23682007,turquoise,CREG1
cg23682543,turquoise,SMARCD2
cg23683010,grey,MRGPRE
cg23683046,blue,KIF5B
cg23683528,turquoise,SH3BP4
cg23685149,turquoise,ZDHHC16
cg23687000,grey,SIM2
cg23687319,midnightblue,GGPS1
cg23687724,turquoise,C21orf2
cg23690369,turquoise,C10orf4
cg23690444,grey,
cg23691090,grey,C22orf26
cg23691518,blue,TOMM7
cg23695485,turquoise,KLHL28
cg23695504,grey,C1orf229
cg23696620,blue,
cg23697275,blue,
cg23699239,turquoise,FLJ39582
cg23700124,turquoise,NUDT6
cg23704770,turquoise,LMO3
cg23704802,turquoise,WWP1
cg23705119,lightcyan,ZNF384
cg23706819,blue,
cg23708337,grey,
cg23709617,blue,KNDC1
cg23711881,blue,C14orf102
cg23712018,grey,RNF39
cg23712405,white,BTBD8
cg23712980,turquoise,POFUT1
cg23713965,turquoise,RNF146
cg23714091,turquoise,ADAR
cg23714123,blue,
cg23715435,turquoise,HIST1H4B
cg23715505,grey,NHLRC2
cg23717290,turquoise,NHLRC2
cg23719132,blue,ATP11A
cg23721425,blue,CKAP2
cg23724117,turquoise,DARS
cg23725246,blue,TRIM33
cg23726566,grey,
cg23728669,turquoise,HRASLS5
cg23729050,turquoise,KLF7
cg23729331,blue,TMEM22
cg23730222,blue,NXN
cg23730244,turquoise,PPAPDC1B
cg23731272,grey,SMAD3
cg23731591,turquoise,TEX261
cg23731668,blue,EPC2
cg23733394,grey,
cg23734759,turquoise,AIDA
cg23734815,turquoise,PHF20
cg23736895,blue,
cg23739746,grey,
cg23742080,turquoise,DNAJC28
cg23743627,turquoise,SNRK
cg23748923,turquoise,
cg23755378,turquoise,FAM48A
cg23755720,blue,FBRSL1
cg23757247,blue,
cg23757474,sienna3,LACTB2
cg23758309,grey,
cg23758765,turquoise,SLC29A2
cg23758822,grey,
cg23759053,turquoise,BMPER
cg23759393,grey,PTPRN2
cg23760165,turquoise,FADS2
cg23761544,blue,
cg23763647,grey,AKR1E2
cg23769345,blue,ADARB2
cg23769730,blue,DHTKD1
cg23771603,grey,MYO3A
cg23778596,grey,KRBA1
cg23779604,grey,
cg23781122,blue,
cg23782616,grey,HMSD
cg23783747,turquoise,WIPI2
cg23789157,turquoise,UBOX5
cg23790345,turquoise,FAR1
cg23791592,grey,MSI1
cg23792383,grey,KLF5
cg23795217,turquoise,ITGA5
cg23797200,grey,NKIRAS2
cg23803709,blue,
cg23806084,turquoise,PSMB9
cg23808931,grey,TMEM183A
cg23809118,turquoise,BCO2
cg23811476,turquoise,INO80C
cg23814129,turquoise,MRPS15
cg23817627,grey,ARHGAP25
cg23823879,grey,SAP18
cg23825688,turquoise,IGF2BP1
cg23827657,turquoise,EWSR1
cg23833352,blue,
cg23834363,blue,C4orf29
cg23834427,grey,DNHD1
cg23834494,blue,CNOT2
cg23835894,brown,GATSL3
cg23837188,turquoise,RPS27L
cg23837804,blue,RRP1
cg23840219,lightgreen,SESN1
cg23840812,blue,PLD5
cg23841903,turquoise,SH2D5
cg23842890,turquoise,
cg23843414,turquoise,RERE
cg23843484,blue,
cg23847415,turquoise,IFI35
cg23849311,turquoise,TMEM90B
cg23851412,grey,ANKRD13A
cg23856027,turquoise,FLJ42289
cg23856762,blue,TCERG1L
cg23858040,white,CUGBP2
cg23858530,turquoise,CASC4
cg23859931,grey,
cg23863410,turquoise,
cg23866687,turquoise,MAML2
cg23868720,turquoise,TLL2
cg23870148,turquoise,VARS
cg23873398,turquoise,RALGAPA1
cg23874145,blue,CUX1
cg23876131,blue,TRRAP
cg23876832,grey,
cg23878564,grey,TNK1
cg23881902,turquoise,HDLBP
cg23881926,turquoise,FAM110B
cg23882862,turquoise,C11orf92
cg23883215,grey,BNIP3L
cg23886495,turquoise,ADAM17
cg23886974,turquoise,CENPL
cg23888154,turquoise,ATP8A1
cg23888977,darkorange,SAMHD1
cg23889393,grey,
cg23889780,blue,ZCWPW1
cg23892580,grey,SMARCA4
cg23892626,turquoise,RHOBTB1
cg23893802,brown,ZNF425
cg23894205,blue,C12orf69
cg23899408,grey,HOOK2
cg23899628,pink,DUOX2
cg23900759,turquoise,TTC9
cg23900905,blue,
cg23901409,darkorange,DYX1C1
cg23901444,grey,ARHGAP22
cg23905110,turquoise,EP400NL
cg23905935,turquoise,ATAD5
cg23906454,blue,LACE1
cg23908228,grey,KCNE1
cg23909802,blue,ALDH16A1
cg23911396,turquoise,C17orf96
cg23912763,turquoise,PWP1
cg23914842,grey,H6PD
cg23918923,turquoise,AKR1B1
cg23924007,grey,
cg23926367,blue,KIAA0090
cg23926439,grey,
cg23928165,steelblue,PNMAL2
cg23928339,blue,
cg23928763,grey,EXD3
cg23929284,grey,C20orf160
cg23929674,grey,PRIMA1
cg23932011,turquoise,PIAS1
cg23933554,blue,KIAA0895
cg23933606,blue,UHRF1
cg23935120,turquoise,TMEM57
cg23935255,blue,MIR758
cg23935593,grey,
cg23936585,turquoise,PPM1D
cg23937960,turquoise,GNL1
cg23939236,blue,
cg23940467,turquoise,GNL1
cg23940999,blue,
cg23942268,grey,FAM64A
cg23942311,grey,
cg23945789,turquoise,PPP1CC
cg23946014,grey,HSPA4
cg23947326,turquoise,CCDC61
cg23949574,turquoise,HDAC4
cg23951618,turquoise,SLC41A1
cg23951781,royalblue,PPID
cg23951927,turquoise,ISCU
cg23953396,turquoise,GPRC5C
cg23953697,grey,PCDHA7
cg23954171,turquoise,MED15
cg23954819,turquoise,BRI3BP
cg23957015,turquoise,ARMC1
cg23958373,grey,
cg23960088,blue,AMACR
cg23960632,blue,ZNF274
cg23960684,grey,C11orf10
cg23964682,grey,ANKMY1
cg23968551,blue,APBB2
cg23970189,grey,SELK
cg23970458,blue,
cg23970740,blue,TNIK
cg23970798,turquoise,ZNF2
cg23971484,turquoise,ZC3H11A
cg23973272,grey,PXDNL
cg23973310,grey,
cg23973538,blue,SNX8
cg23973576,blue,HCN2
cg23974418,grey,VENTX
cg23976457,grey,
cg23976632,turquoise,COX6A1
cg23977767,blue,
cg23977821,turquoise,C2orf44
cg23978242,grey,DIP2C
cg23978473,blue,SLC22A23
cg23979544,turquoise,ITGAE
cg23979795,turquoise,
cg23982237,turquoise,FBXO9
cg23983884,turquoise,DBN1
cg23984997,turquoise,DTD1
cg23985619,turquoise,ATP11B
cg23989516,turquoise,OVOL1
cg23990723,grey,BIVM
cg23995446,grey,
cg23997083,blue,
cg23997132,grey,
cg23997263,turquoise,FUT9
cg23998405,grey,MGMT
cg24000099,turquoise,DAGLB
cg24000232,grey,POGK
cg24001597,blue,KCNG2
cg24001719,turquoise,GINS1
cg24003216,blue,VPS13B
cg24003306,turquoise,MRPL36
cg24004055,turquoise,LRRC16A
cg24005131,turquoise,TCP11L2
cg24007312,grey,WDR82
cg24007445,blue,
cg24007552,turquoise,CDK13
cg24012887,turquoise,TRMT1
cg24016627,turquoise,RNF39
cg24018756,grey,IFITM5
cg24019078,grey,
cg24019399,blue,
cg24021343,blue,
cg24022821,grey,
cg24024511,saddlebrown,C7orf71
cg24027202,skyblue,ZNF284
cg24027594,blue,
cg24029028,blue,
cg24029436,turquoise,C3orf38
cg24030507,darkred,
cg24032209,turquoise,THOC5
cg24033103,grey,
cg24033633,grey,
cg24035447,grey,C6orf138
cg24037976,grey,
cg24040595,grey,HOXA6
cg24040966,turquoise,ERCC1
cg24041036,grey,PSMA3
cg24041721,turquoise,
cg24044028,blue,
cg24046271,turquoise,RPS27A
cg24047578,turquoise,
cg24049348,grey,PDGFRL
cg24049888,grey,POU2AF1
cg24050671,green,CCDC15
cg24053061,turquoise,RIC8B
cg24053343,blue,ANKS1A
cg24054938,turquoise,NPR1
cg24055349,salmon,MDH1
cg24055655,turquoise,MDN1
cg24058852,blue,VTI1A
cg24060473,turquoise,UTP6
cg24060954,turquoise,NDUFA5
cg24062526,black,POLR1A
cg24070123,turquoise,C6orf106
cg24071719,grey,
cg24072283,turquoise,C14orf102
cg24073770,blue,
cg24074432,blue,TCF7L1
cg24075175,grey,
cg24076747,blue,LNX1
cg24079171,blue,PDIA5
cg24079969,turquoise,
cg24082630,turquoise,ROR1
cg24082680,grey,ATG4C
cg24083364,grey,RER1
cg24083378,blue,STK39
cg24088508,grey,C1orf109
cg24089612,blue,WDR37
cg24091438,grey,LRRC61
cg24093715,blue,CNGA1
cg24094374,turquoise,GTF2A1
cg24098013,turquoise,APOLD1
cg24098302,grey,CTDSPL2
cg24100841,violet,
cg24101492,grey,
cg24102726,turquoise,CASZ1
cg24102817,grey,
cg24104387,grey,
cg24104567,turquoise,WNK4
cg24107899,grey,PARK2
cg24107988,turquoise,FANCF
cg24109273,turquoise,YIPF3
cg24109415,turquoise,
cg24112000,grey,
cg24114154,turquoise,HOXB4
cg24117592,turquoise,C5orf36
cg24118521,grey,HTR2A
cg24118894,grey,
cg24119471,turquoise,COQ3
cg24120960,blue,STAG1
cg24122597,turquoise,RASSF7
cg24124703,turquoise,MEF2C
cg24125287,turquoise,C2orf63
cg24125901,turquoise,CRLF1
cg24126967,grey,
cg24127310,grey,
cg24127506,grey,
cg24127639,turquoise,MYEOV
cg24127743,turquoise,SUV420H2
cg24129382,turquoise,NR1I2
cg24129914,turquoise,ETFB
cg24129947,grey,TTBK2
cg24130284,grey60,TULP3
cg24131747,grey,VTI1B
cg24131748,turquoise,COCH
cg24131848,turquoise,FYTTD1
cg24131891,turquoise,SYNPO
cg24133547,grey,
cg24133784,grey,C15orf59
cg24134479,turquoise,
cg24134897,grey,TSPAN4
cg24135112,turquoise,PECI
cg24135438,turquoise,HAUS1
cg24135491,grey,SMTNL2
cg24139898,turquoise,HPN
cg24140037,blue,NMU
cg24140574,blue,HSPB7
cg24140629,grey,SYPL1
cg24142603,grey,MSC
cg24143101,turquoise,FNDC3B
cg24143843,turquoise,HNRNPH1
cg24147543,grey,HLA-DRB1
cg24153171,turquoise,MRPS30
cg24153199,turquoise,SOS2
cg24155792,blue,DCAF6
cg24157651,green,SNORD58A
cg24158728,blue,TMCO3
cg24158916,blue,MRAP
cg24162759,turquoise,WDR26
cg24165439,blue,MARCH8
cg24165760,turquoise,TRAF3
cg24166097,turquoise,NPM3
cg24166450,turquoise,
cg24167975,turquoise,DHX37
cg24168538,grey,
cg24169773,blue,KPNA1
cg24170511,grey,LRP10
cg24171915,blue,C13orf16
cg24173344,turquoise,C12orf49
cg24176030,turquoise,MTERFD2
cg24176037,turquoise,TBPL1
cg24176311,grey,LOC286016
cg24177057,turquoise,FKBP2
cg24184221,turquoise,MED31
cg24185832,grey,HLA-DPB2
cg24188073,turquoise,PARM1
cg24190308,yellow,C6orf145
cg24192660,turquoise,ANO8
cg24197734,blue,
cg24198611,lightgreen,MAPK14
cg24201109,turquoise,MYLIP
cg24201964,turquoise,
cg24202123,grey,STAC
cg24204643,turquoise,BBX
cg24207248,turquoise,CHMP6
cg24208426,grey,PGAP2
cg24211779,blue,AGAP1
cg24215070,turquoise,DPYSL4
cg24216915,darkgreen,WDR18
cg24217844,turquoise,SLC35D3
cg24219751,turquoise,NIPSNAP1
cg24222165,blue,ATPBD4
cg24225259,turquoise,TTLL4
cg24227264,turquoise,FAM115A
cg24228112,turquoise,NDNL2
cg24229701,grey,PIWIL1
cg24231558,grey,
cg24233211,grey,
cg24233331,turquoise,UBOX5
cg24234651,grey,GLIPR1L1
cg24235581,grey,
cg24236409,turquoise,EDNRB
cg24238852,grey,GSTT1
cg24241129,turquoise,TMCO1
cg24246628,grey,KIF25
cg24246705,turquoise,C7orf10
cg24249248,grey,GIMAP5
cg24249775,blue,KRT10
cg24250549,turquoise,PMVK
cg24250902,grey,GALNT2
cg24251111,blue,PRKAG2
cg24254658,blue,MAD1L1
cg24258529,grey,
cg24258712,blue,
cg24271100,turquoise,EXOSC9
cg24272309,turquoise,DNAJB12
cg24272514,turquoise,ATXN1
cg24273028,turquoise,QDPR
cg24274982,turquoise,CBX3
cg24277876,blue,
cg24280645,turquoise,
cg24282422,turquoise,SNX4
cg24283186,turquoise,
cg24294529,turquoise,
cg24295300,blue,
cg24296196,blue,
cg24298878,lightgreen,ILF3
cg24299306,grey,
cg24306585,turquoise,PCSK2
cg24307440,turquoise,C9orf142
cg24308654,turquoise,OCIAD2
cg24310336,grey,C17orf48
cg24310460,grey,S100PBP
cg24310667,blue,KIAA1324L
cg24310785,blue,QKI
cg24312661,royalblue,SEMA4B
cg24315046,turquoise,TRIM26
cg24315876,grey,RPTOR
cg24317190,grey,
cg24319171,grey,IQSEC3
cg24321030,turquoise,SLC46A3
cg24322139,blue,SAP18
cg24322382,turquoise,RBPJ
cg24325362,turquoise,PIK3C3
cg24326880,turquoise,SAE1
cg24330922,darkgrey,MRPS18B
cg24333845,turquoise,MBNL1
cg24334230,blue,
cg24336839,grey,GSTT1
cg24337497,turquoise,CENPQ
cg24337640,turquoise,NEU3
cg24339197,blue,CABP1
cg24343515,grey,PI4K2A
cg24344221,grey60,SFPQ
cg24344394,blue,FCRL1
cg24345060,turquoise,AP2M1
cg24345715,lightgreen,
cg24346629,grey,
cg24346905,grey,NTNG1
cg24347903,turquoise,C11orf49
cg24348823,turquoise,HSD11B1L
cg24349631,grey,C22orf26
cg24350395,blue,CEP170
cg24352561,grey,C7orf50
cg24354784,blue,
cg24354818,grey,TNFRSF6B
cg24354901,grey,KDM5B
cg24355850,turquoise,LOC400752
cg24358465,turquoise,HIST1H2AG
cg24358964,blue,
cg24360513,turquoise,SH3BP5L
cg24360745,blue,PUS7
cg24361198,grey,
cg24364518,turquoise,PSME3
cg24364564,turquoise,GJD3
cg24371155,blue,MYO16
cg24372256,grey,UMODL1
cg24372325,turquoise,UBA52
cg24372565,grey,FBXO15
cg24373308,steelblue,BAG2
cg24374161,turquoise,AMBRA1
cg24374738,grey,CRYBA2
cg24376021,turquoise,ZNF574
cg24376266,grey,FAM3B
cg24377657,turquoise,BDNF
cg24378597,black,SOAT1
cg24379599,blue,OCLM
cg24382680,turquoise,ZFAND6
cg24391240,grey,CCDC11
cg24391991,grey,MAP3K8
cg24393470,blue,UTRN
cg24393602,turquoise,GSTA4
cg24394819,blue,RPTOR
cg24394934,greenyellow,TMEM93
cg24396271,turquoise,PET117
cg24396683,turquoise,CNP
cg24397939,blue,
cg24398932,grey,SLFN5
cg24399395,grey,
cg24399556,turquoise,KLHL24
cg24399712,grey,
cg24403578,grey,CCDC15
cg24403968,grey,TXN2
cg24405174,grey,PL-5283
cg24406116,turquoise,SORT1
cg24406898,grey,COL1A2
cg24409356,turquoise,TMCO1
cg24410064,grey,C1GALT1
cg24410256,steelblue,SPATS2
cg24411299,darkorange,RBM33
cg24413007,turquoise,MON2
cg24419284,turquoise,RHOV
cg24419363,grey,SMPD1
cg24419828,cyan,SPATS2L
cg24420205,turquoise,ZNF266
cg24424146,turquoise,HEY2
cg24425628,blue,OMG
cg24426391,grey,HTATIP2
cg24428002,turquoise,C17orf49
cg24428877,grey,
cg24429175,blue,C7orf58
cg24429831,grey,RBM42
cg24430528,blue,G3BP2
cg24431515,grey,ATHL1
cg24434274,turquoise,MBOAT7
cg24436446,grey,UGGT2
cg24437010,blue,LIN7A
cg24440658,grey,
cg24441068,grey,EIF3M
cg24441127,turquoise,MR1
cg24441899,grey,SDK1
cg24441954,blue,ZSCAN23
cg24444521,grey,
cg24448326,grey,DDAH1
cg24448840,turquoise,ABCF1
cg24451981,turquoise,BUB1B
cg24452069,turquoise,PLIN3
cg24452366,grey,PPHLN1
cg24452451,grey,PPAP2C
cg24455236,grey,PLEKHH3
cg24455359,pink,ACACA
cg24457521,turquoise,ATP5E
cg24457886,turquoise,GYS1
cg24458833,turquoise,XKR8
cg24459738,turquoise,ZNF805
cg24460126,grey,FAM163A
cg24463073,turquoise,C6orf204
cg24465118,grey,C20orf199
cg24465429,grey,HLA-DPB2
cg24465448,grey,ASAH1
cg24465787,turquoise,USP48
cg24466109,turquoise,FIP1L1
cg24467337,turquoise,LOC284805
cg24467349,grey,GSTM5
cg24467535,turquoise,
cg24468070,grey,CDC42EP5
cg24469095,turquoise,CKAP2
cg24470734,grey,SLFN12
cg24473518,blue,FNIP2
cg24475182,grey,
cg24475210,grey,MRFAP1
cg24476033,grey,C3
cg24477102,blue,CSMD1
cg24477193,sienna3,ALG14
cg24481633,turquoise,DOCK4
cg24482496,turquoise,UTP6
cg24487027,turquoise,
cg24487372,grey,
cg24487908,yellow,
cg24489344,grey,
cg24490630,pink,
cg24491895,blue,OR10A2
cg24493334,turquoise,STARD3NL
cg24500222,blue,CALN1
cg24501027,royalblue,RPAP2
cg24502224,blue,PEX14
cg24503272,grey,MRPL18
cg24503407,grey,PM20D1
cg24506221,grey,GSTM1
cg24506782,blue,KSR2
cg24507739,turquoise,MPV17
cg24508426,grey,
cg24510518,grey,GLI4
cg24511782,turquoise,ANAPC7
cg24511898,brown,ATG4B
cg24512731,grey,
cg24512778,paleturquoise,ARL5A
cg24513883,turquoise,DAXX
cg24516711,cyan,ATG4B
cg24517467,grey,
cg24520806,turquoise,PWWP2B
cg24524379,grey,LRRC2
cg24525457,turquoise,C7orf51
cg24526056,blue,HAVCR1
cg24527560,grey,LOC441666
cg24527785,turquoise,MSH5
cg24527880,blue,
cg24527973,green,EDC3
cg24530264,grey,CYP2E1
cg24530557,blue,EIF3D
cg24536200,turquoise,MSH5
cg24536410,turquoise,C11orf82
cg24536782,grey,
cg24541871,turquoise,SMEK2
cg24544986,blue,
cg24545466,turquoise,LMO2
cg24545791,darkgreen,PQLC3
cg24545961,grey,CLDN10
cg24548869,turquoise,PATZ1
cg24549659,grey,
cg24550149,grey,TTC22
cg24550302,turquoise,RING1
cg24551420,turquoise,AFF1
cg24552697,blue,ARHGAP29
cg24554061,turquoise,NAA40
cg24554151,grey,PANX1
cg24555360,blue,WIPI2
cg24555763,blue,ST18
cg24557142,blue,WDFY3
cg24558132,turquoise,PSMG1
cg24564088,lightyellow,MICALL2
cg24566581,blue,CHID1
cg24568245,turquoise,ATM
cg24573310,purple,CISD1
cg24577193,turquoise,ZZZ3
cg24579424,blue,PTPN14
cg24583615,grey,UGGT2
cg24583855,turquoise,STARD9
cg24583940,blue,NBAS
cg24585418,grey,
cg24585782,blue,EIF4A3
cg24587601,turquoise,CASS4
cg24588096,turquoise,AKR1A1
cg24589017,turquoise,SMYD3
cg24591318,turquoise,RBM47
cg24591913,grey,
cg24592962,turquoise,AS3MT
cg24593630,turquoise,ZNF593
cg24597466,blue,SIPA1L2
cg24598948,grey,LOC441666
cg24599107,grey,PVRL4
cg24599951,turquoise,DYRK3
cg24600221,blue,IGF1R
cg24602417,grey,
cg24603152,turquoise,PRKACB
cg24603464,grey,MLPH
cg24604988,blue,CHMP4B
cg24605288,blue,SEMA3D
cg24605529,turquoise,NBEAL1
cg24605553,turquoise,ATP8A2
cg24608381,grey,NXPH2
cg24608458,blue,PINK1
cg24609819,grey,PRKG1
cg24610274,turquoise,RAG1AP1
cg24611823,turquoise,
cg24612772,turquoise,EXT2
cg24620436,grey,RADIL
cg24623434,turquoise,RPP14
cg24624505,grey,
cg24626312,turquoise,LOC404266
cg24630426,blue,
cg24630516,blue,UVRAG
cg24630566,green,VPS18
cg24633745,blue,SCCPDH
cg24633833,turquoise,TMEM111
cg24633967,blue,C5orf24
cg24633978,grey,HOXD11
cg24634420,grey,PDGFC
cg24634471,grey,JRK
cg24636336,grey,
cg24637308,grey,DNHD1
cg24637374,blue,IQGAP2
cg24638099,grey,HLA-DRB6
cg24638766,turquoise,BRAF
cg24641125,turquoise,HMGN1
cg24646529,turquoise,TUBB
cg24647015,grey,
cg24650267,grey,
cg24651265,turquoise,
cg24652615,grey,TMEM151B
cg24654266,grey,DPP10
cg24654547,grey,DUS2L
cg24660030,turquoise,RAI14
cg24661986,turquoise,MPP6
cg24662107,skyblue,
cg24662666,turquoise,LOC282997
cg24663455,blue,
cg24663490,turquoise,HIST1H2AL
cg24663638,grey,HSD17B4
cg24664526,turquoise,VPS52
cg24666276,green,MYC
cg24667115,turquoise,BACH2
cg24667575,grey,NEURL1B
cg24669694,red,ADIPOR2
cg24673147,turquoise,CLIP2
cg24675658,turquoise,ZYG11B
cg24675998,grey,KY
cg24676409,grey,WBP4
cg24676486,turquoise,GRINL1A
cg24676609,turquoise,PRTFDC1
cg24676666,blue,
cg24677268,turquoise,XPO1
cg24679411,turquoise,PTMS
cg24680439,grey,
cg24681845,turquoise,
cg24684349,turquoise,CCND3
cg24684739,turquoise,ZFP91
cg24686497,grey,BEND7
cg24686911,turquoise,G2E3
cg24690094,grey,
cg24690303,blue,STAG1
cg24691105,turquoise,DLEU2
cg24691167,grey,
cg24693225,turquoise,
cg24693447,yellowgreen,PIGT
cg24693760,grey,
cg24696207,turquoise,NUSAP1
cg24699670,grey,TNNT1
cg24699719,blue,
cg24699976,turquoise,RBM14
cg24700663,turquoise,FAM47E
cg24701295,turquoise,USP36
cg24702069,grey,MYO16
cg24702253,turquoise,MRGPRG
cg24703354,blue,
cg24703390,turquoise,
cg24703804,turquoise,MDM2
cg24704151,blue,PDCD5
cg24704211,grey,CDC16
cg24704730,grey,PYY
cg24705818,blue,ARL5B
cg24706023,turquoise,LOC282997
cg24706032,turquoise,DLG4
cg24707294,blue,DYRK4
cg24707399,turquoise,RABAC1
cg24708350,turquoise,PTPN21
cg24710480,turquoise,LOC285830
cg24712108,turquoise,B9D2
cg24713878,darkgrey,P2RX5
cg24716664,blue,AP2A2
cg24717401,turquoise,CCM2
cg24717854,turquoise,ZBTB12
cg24718356,turquoise,PSMB9
cg24718846,yellow,MICB
cg24718971,turquoise,RASGRF2
cg24720361,turquoise,MARS
cg24720571,turquoise,NRN1
cg24721750,blue,MIR127
cg24722405,turquoise,PAIP2
cg24722577,grey,
cg24722950,grey,
cg24723421,blue,FN1
cg24723561,grey,SLC35F3
cg24725522,turquoise,HSD17B14
cg24725574,turquoise,HLA-J
cg24728050,grey,MRGPRE
cg24728112,turquoise,DAXX
cg24732344,blue,CREB3L2
cg24738140,blue,DNAH17
cg24738387,turquoise,
cg24738779,grey,
cg24739189,grey,OSBPL8
cg24740026,turquoise,
cg24741225,turquoise,
cg24743639,salmon,EHD3
cg24745548,salmon,GMPPA
cg24745633,turquoise,
cg24748548,salmon,
cg24749912,turquoise,SKP2
cg24752836,blue,ARID5B
cg24754223,grey,PFKP
cg24759064,blue,BBS10
cg24761212,blue,NOTCH4
cg24763094,turquoise,MARCH7
cg24763953,turquoise,PPP1CC
cg24766821,grey,
cg24768116,grey,KRTCAP3
cg24768974,turquoise,
cg24769513,turquoise,ACHE
cg24770389,blue,WDR37
cg24771094,grey,LOC550112
cg24771349,turquoise,BCL6
cg24772760,grey,
cg24773418,grey,
cg24773522,grey,SNUPN
cg24775313,paleturquoise,ORMDL2
cg24775454,turquoise,ABCB6
cg24776910,tan,DLG4
cg24777868,turquoise,MAP3K3
cg24778241,greenyellow,PPIL5
cg24779145,grey,EID2
cg24779751,turquoise,WDR62
cg24780445,turquoise,C20orf132
cg24786174,grey,ZNF516
cg24786579,greenyellow,DNM1L
cg24789487,brown,FAM171B
cg24792717,grey,PCDHA6
cg24792813,turquoise,C2CD2L
cg24794052,blue,
cg24794313,blue,SCD5
cg24794857,grey,CYP4V2
cg24796644,grey,MDGA1
cg24797471,turquoise,IER2
cg24799620,grey,PDGFRA
cg24800175,grey,CACNA1A
cg24801210,grey,PCNP
cg24802244,purple,NT5M
cg24803059,blue,HCCA2
cg24804544,turquoise,GRID2IP
cg24806953,turquoise,BRCA1
cg24809037,turquoise,AES
cg24810439,turquoise,HRK
cg24810735,grey,ANGPT1
cg24810933,blue,COL23A1
cg24814075,turquoise,ZNF791
cg24814707,blue,KIAA1211
cg24815289,grey,LMAN2
cg24815792,grey,GNMT
cg24820270,blue,FAT1
cg24820672,grey,
cg24822053,grey,GDF1
cg24822696,grey,STL
cg24824417,turquoise,
cg24826236,blue,NUP37
cg24826885,turquoise,BDP1
cg24826892,yellow,DHCR7
cg24828322,blue,CYP2C8
cg24828620,grey,ZPBP
cg24832140,turquoise,ZNF114
cg24833027,grey,ARHGEF10
cg24834873,grey,ANKRD34B
cg24835458,turquoise,POLK
cg24837026,blue,GMPS
cg24837411,grey,TWSG1
cg24838063,grey,PIWIL1
cg24838517,turquoise,STX5
cg24840300,grey,LPPR3
cg24840365,turquoise,DAK
cg24842402,grey,R3HCC1
cg24843443,turquoise,DDX60L
cg24845324,turquoise,THAP5
cg24847621,grey,TRIM10
cg24847846,grey,
cg24848557,turquoise,MRE11A
cg24850932,turquoise,COX17
cg24851651,grey,CCS
cg24853868,grey,
cg24853871,turquoise,CEBPG
cg24854181,grey,
cg24857238,turquoise,PGAM5
cg24857620,turquoise,NPBWR1
cg24858140,turquoise,MTHFS
cg24859945,grey,
cg24860970,turquoise,TERF1
cg24862153,turquoise,C19orf66
cg24862510,turquoise,
cg24864161,grey,MOV10L1
cg24865292,turquoise,PGRMC2
cg24866923,turquoise,WDR72
cg24867279,grey,
cg24868167,royalblue,C6orf1
cg24868248,turquoise,SFRS1
cg24872425,grey,PRR23A
cg24873388,turquoise,API5
cg24875017,grey,ESPNP
cg24875593,grey,PDXK
cg24877963,turquoise,HLA-C
cg24881202,turquoise,FBXO6
cg24882097,turquoise,BIRC3
cg24882324,grey,TNXB
cg24885417,grey,NPY
cg24886257,grey,
cg24886267,turquoise,FBLL1
cg24886843,blue,DDX43
cg24887381,turquoise,ARID5B
cg24890023,grey,XPO1
cg24891434,grey,ANO1
cg24891846,grey,CACNA1A
cg24891986,turquoise,WDR75
cg24895754,steelblue,C12orf49
cg24897108,blue,PFKFB3
cg24898738,grey,GPR123
cg24899205,turquoise,TXNRD2
cg24900425,grey,BRCA1
cg24902932,blue,
cg24906525,turquoise,SH3BP4
cg24907970,turquoise,NLN
cg24909753,blue,DOC2B
cg24911891,grey,
cg24916688,blue,
cg24917527,brown,FZD2
cg24920126,grey,PPP1R3G
cg24922631,grey,RFXANK
cg24923430,grey,MFHAS1
cg24923891,turquoise,
cg24924563,turquoise,TGOLN2
cg24930634,turquoise,ANKRD13A
cg24933247,turquoise,PBX4
cg24937727,grey,RGL3
cg24940138,turquoise,TMEM106A
cg24942272,turquoise,IGFBP3
cg24942285,turquoise,DHX30
cg24947985,blue,ZNF624
cg24952358,blue,LMBR1
cg24952959,turquoise,TGFBR2
cg24953233,turquoise,TRIP13
cg24953506,grey,MIIP
cg24954668,turquoise,
cg24958423,blue,
cg24958916,turquoise,EFCAB5
cg24960960,grey,SDHAP3
cg24965497,blue,NEURL4
cg24969942,grey,SLC16A9
cg24971349,cyan,FGF9
cg24973150,turquoise,HOXB7
cg24973585,grey,MARK3
cg24974704,blue,ZC3H3
cg24975986,grey,ZNF727
cg24976335,turquoise,SCAMP1
cg24979630,turquoise,PPP1R12A
cg24980040,blue,ADARB2
cg24983383,blue,IL18R1
cg24985459,turquoise,MLH1
cg24988444,turquoise,COQ10B
cg24990494,blue,EEF1DP3
cg24994173,magenta,TSLP
cg24994893,turquoise,DHX8
cg24998145,turquoise,MCL1
cg24998527,grey,
cg24999243,turquoise,PGS1
cg24999924,grey,C20orf20
cg25004981,grey,LASS3
cg25006249,grey,C20orf96
cg25009451,turquoise,HSPA2
cg25010006,blue,PAG1
cg25010146,turquoise,GHR
cg25010415,blue,
cg25010788,grey,NKAIN1
cg25011115,turquoise,IQCB1
cg25011749,turquoise,C13orf38
cg25013550,turquoise,PPAP2A
cg25017223,grey,
cg25017403,grey,
cg25017620,grey,
cg25020810,blue,
cg25021339,turquoise,FLJ42709
cg25022560,turquoise,SLC41A1
cg25023260,blue,
cg25024670,turquoise,LIN7A
cg25026013,turquoise,TMEM93
cg25027028,lightgreen,
cg25029264,grey,C15orf26
cg25031040,turquoise,C20orf96
cg25032089,grey,HOXB3
cg25032124,red,HBXIP
cg25032991,turquoise,TANC1
cg25033817,turquoise,SEC14L2
cg25034941,turquoise,LRCH1
cg25035392,turquoise,
cg25036284,turquoise,FAM59B
cg25039993,blue,
cg25040670,turquoise,HIST1H4A
cg25042948,grey,CDC6
cg25045489,blue,RNF10
cg25051134,blue,
cg25051278,turquoise,CFLAR
cg25052156,grey,FGFR2
cg25052180,turquoise,GOLT1B
cg25052374,blue,CANT1
cg25053531,turquoise,HIC1
cg25053798,turquoise,PPM1K
cg25054581,blue,MAP2K4
cg25055520,blue,CCT2
cg25060172,darkturquoise,CDKL2
cg25061131,turquoise,RELT
cg25061682,blue,
cg25063058,turquoise,ARPP19
cg25063151,grey,MXRA8
cg25066665,grey,RPRD2
cg25069676,green,GSS
cg25074170,blue,FAM149A
cg25077654,yellow,PSMG1
cg25080524,turquoise,DHX15
cg25084220,turquoise,MARCH3
cg25087958,magenta,RAD1
cg25089142,turquoise,BTBD11
cg25091837,turquoise,C5orf33
cg25092681,grey,MARCH11
cg25099807,turquoise,C14orf126
cg25103043,turquoise,PRKCG
cg25104186,grey,CSMD2
cg25105536,turquoise,KLHL32
cg25107000,grey,
cg25107077,turquoise,SMARCD1
cg25107608,red,TPM3
cg25107893,green,C1orf170
cg25108382,turquoise,MICALL2
cg25109431,turquoise,KLF14
cg25110423,grey,NFYA
cg25113081,blue,TRIM59
cg25120325,grey,PNLIPRP2
cg25125450,grey,RFPL2
cg25126456,turquoise,CCND2
cg25126854,blue,MYST4
cg25127852,turquoise,MLC1
cg25129124,grey,KBTBD5
cg25129384,turquoise,CHP
cg25130238,turquoise,WDR65
cg25130734,turquoise,ELP4
cg25131247,turquoise,DDX6
cg25131503,turquoise,MDN1
cg25132226,turquoise,USP8
cg25132276,grey,CDX1
cg25134647,grey,
cg25135004,grey,CREG1
cg25137365,blue,WDR1
cg25137590,blue,FBXW7
cg25138311,cyan,IFT172
cg25141069,grey,HSD17B8
cg25142702,turquoise,MED10
cg25143235,grey,CHD5
cg25145459,turquoise,NFATC1
cg25146017,grey,C6orf186
cg25147193,turquoise,MIR181C
cg25147842,turquoise,HAUS3
cg25147866,turquoise,STX6
cg25148282,blue,HSF5
cg25148771,turquoise,C4orf10
cg25150238,blue,CDK14
cg25151353,turquoise,DGKZ
cg25151638,turquoise,SHC1
cg25152368,turquoise,PRDM16
cg25155006,turquoise,PIM1
cg25157280,turquoise,CELSR3
cg25160554,turquoise,ARL6
cg25163134,turquoise,PSMC4
cg25168288,turquoise,RAD9A
cg25169790,turquoise,KIAA0195
cg25172604,paleturquoise,
cg25173971,grey,LUC7L3
cg25174874,blue,TBCK
cg25175469,turquoise,FAM63B
cg25176883,blue,TRIM65
cg25179963,grey,NT5DC1
cg25181236,blue,CLOCK
cg25181751,grey,
cg25183958,turquoise,CBLL1
cg25186645,turquoise,SYPL1
cg25187338,blue,OPCML
cg25190151,blue,
cg25190465,turquoise,FSIP1
cg25191041,turquoise,
cg25191332,turquoise,IFRD1
cg25191611,blue,DPP6
cg25192916,blue,MBD2
cg25195302,yellow,MXI1
cg25198599,grey,
cg25199850,turquoise,
cg25200152,turquoise,
cg25202618,turquoise,CDC6
cg25203704,turquoise,LOC285696
cg25205988,turquoise,CHD1L
cg25208017,turquoise,FMN2
cg25208046,turquoise,ARSK
cg25208142,grey,
cg25208724,grey,SLC25A44
cg25210835,grey,GSTM5
cg25211013,turquoise,NAA20
cg25211093,blue,
cg25211403,grey,
cg25212762,blue,MLH1
cg25215047,blue,
cg25215329,turquoise,SPATA5L1
cg25215594,blue,
cg25215885,turquoise,C18orf22
cg25219134,turquoise,BRP44
cg25220063,grey,
cg25221653,greenyellow,C11orf75
cg25223285,grey,
cg25230151,grey,SLC1A2
cg25230902,blue,
cg25232397,blue,NXN
cg25232745,turquoise,C20orf96
cg25234159,turquoise,C3orf70
cg25235638,blue,C1QTNF3
cg25237056,turquoise,PRC1
cg25241322,turquoise,SLC16A13
cg25241885,turquoise,TIFA
cg25242587,grey,CLASP1
cg25243082,grey,
cg25243854,turquoise,BCCIP
cg25245506,grey,LOC646851
cg25245636,salmon,ANAPC11
cg25246084,grey,KDM4B
cg25247455,turquoise,RPS9
cg25248160,grey,NKAIN3
cg25250073,turquoise,COX5A
cg25251562,grey,ALLC
cg25252708,blue,
cg25253716,turquoise,TMEM194A
cg25254014,turquoise,PARP16
cg25255293,turquoise,
cg25257870,turquoise,PHOSPHO1
cg25258812,turquoise,POLB
cg25259142,turquoise,ZNF460
cg25259564,blue,
cg25261181,blue,C4orf44
cg25261764,grey,NARS
cg25266327,blue,KLF2
cg25267487,grey,
cg25267732,turquoise,CCDC112
cg25267765,turquoise,ZNF582
cg25269000,blue,C4orf23
cg25270206,blue,PAQR5
cg25271479,grey,BRSK2
cg25274540,blue,ALKBH3
cg25275750,blue,TBC1D4
cg25276149,turquoise,C1orf31
cg25277397,turquoise,OTUD3
cg25277534,turquoise,DDAH1
cg25277553,turquoise,RAP1A
cg25277723,turquoise,MAP3K5
cg25277809,grey,
cg25278669,grey,ZBTB3
cg25282780,turquoise,AK3
cg25283336,blue,HLA-DPA1
cg25283577,turquoise,C12orf49
cg25284075,turquoise,CENPF
cg25284208,turquoise,POLR3D
cg25285794,turquoise,HOXC8
cg25288140,grey,BRCA1
cg25289973,turquoise,LIMCH1
cg25291941,blue,POP1
cg25296236,turquoise,AKAP1
cg25298235,blue,COG5
cg25298319,grey,
cg25301532,grey,KCNK15
cg25302370,turquoise,C6orf165
cg25304680,blue,TRIO
cg25306499,turquoise,PTPRS
cg25307168,grey,SLC32A1
cg25307665,grey,HOXA5
cg25308322,grey,
cg25308662,grey,KCNG2
cg25311330,turquoise,TMEM183A
cg25313289,turquoise,PGP
cg25314266,blue,SCARB2
cg25314600,blue,SKI
cg25315287,turquoise,HAUS5
cg25319279,grey,
cg25319337,blue,HUS1
cg25319862,blue,
cg25320221,turquoise,SMG7
cg25320388,turquoise,
cg25325723,grey,FERMT1
cg25326998,turquoise,SLC25A19
cg25327888,turquoise,CACNB2
cg25328403,turquoise,MAML1
cg25329933,blue,MOG
cg25330361,grey,CYP2E1
cg25331250,blue,
cg25332918,grey,
cg25333204,blue,TMEM74
cg25333216,turquoise,MIR636
cg25335258,blue,
cg25335841,grey,
cg25337795,turquoise,COX19
cg25340688,grey,MIR886
cg25345738,grey,PWP1
cg25347362,turquoise,UBL5
cg25350011,paleturquoise,ANGPT2
cg25350087,turquoise,FBRSL1
cg25350122,turquoise,RPL13AP5
cg25351588,blue,FAM26D
cg25352342,blue,FAT1
cg25353026,turquoise,SCYL3
cg25353308,grey,ZNF697
cg25355065,turquoise,ARL3
cg25355972,turquoise,NDUFV3
cg25356066,turquoise,ACAD9
cg25356393,grey,KCNQ2
cg25357022,blue,CTDP1
cg25357589,turquoise,BNIP1
cg25361621,blue,LMAN1
cg25363559,grey,
cg25364740,turquoise,TUBB
cg25364880,yellowgreen,C3orf23
cg25366140,blue,PTPRN2
cg25367905,turquoise,RGS14
cg25368113,turquoise,C19orf40
cg25370039,grey,GALNT9
cg25371129,blue,BAT2
cg25371692,grey,MRPL4
cg25377468,blue,MAPRE3
cg25379161,turquoise,C5orf41
cg25379549,blue,ADARB2
cg25381667,turquoise,BDNF
cg25382214,grey,PRDM16
cg25382566,turquoise,CDCA5
cg25385412,turquoise,ELOVL1
cg25389261,turquoise,BMPER
cg25390199,grey,PRPSAP2
cg25390787,grey,CRISP2
cg25392362,turquoise,GNB2
cg25396728,grey,IQSEC3
cg25397557,grey,
cg25397945,grey,ZNF529
cg25399148,grey,TRAPPC9
cg25399239,grey,
cg25402706,blue,UBTD2
cg25404394,turquoise,FAM102B
cg25408707,blue,IGF2R
cg25409040,grey,CSTF3
cg25410318,turquoise,C15orf39
cg25411508,blue,ATP13A1
cg25412017,turquoise,
cg25414463,blue,
cg25415650,greenyellow,RNF6
cg25415877,turquoise,GIN1
cg25416067,grey,SEPT9
cg25417842,grey,AGAP3
cg25418831,turquoise,VPS13A
cg25419628,turquoise,NHLRC2
cg25421917,blue,SHQ1
cg25431026,turquoise,STXBP2
cg25431399,turquoise,IFT80
cg25432232,grey,AURKC
cg25432392,turquoise,DNAJC19
cg25432738,grey,CRYL1
cg25433188,turquoise,SFMBT2
cg25433490,turquoise,STARD10
cg25434864,grey,
cg25435332,turquoise,CWF19L2
cg25435446,turquoise,NUDCD3
cg25435819,grey,
cg25436684,turquoise,
cg25436886,grey,
cg25436946,turquoise,TMF1
cg25438517,grey,
cg25439807,grey,DLGAP1
cg25440958,turquoise,PODNL1
cg25449542,grey,HIC1
cg25449700,turquoise,
cg25453957,blue,
cg25456020,grey,RPH3AL
cg25456477,grey,RASSF9
cg25456593,grey,SHANK2
cg25458175,grey,ZBTB45
cg25459280,grey,ZNF664
cg25465019,brown,LMO4
cg25467855,grey,LNPEP
cg25469221,blue,ZNF133
cg25470419,blue,NDUFS4
cg25470758,grey,
cg25471831,turquoise,AES
cg25472530,grey,PRDM9
cg25472614,blue,
cg25474442,blue,TSTA3
cg25474507,lightyellow,PDE4C
cg25475056,turquoise,COX6B1
cg25475289,grey,TGFA
cg25476939,turquoise,ATP6V1F
cg25477839,blue,ZNF252
cg25478527,turquoise,CEP57
cg25479306,turquoise,VPS37C
cg25481252,blue,SLC26A7
cg25485192,turquoise,SGCE
cg25486143,brown,RASSF1
cg25486361,blue,KCNN2
cg25487775,grey,
cg25492213,blue,
cg25492971,blue,CALB1
cg25494665,turquoise,DGKH
cg25495024,blue,STX8
cg25497529,darkgreen,COMP
cg25498107,grey,DNAJC17
cg25498258,blue,PLEKHM3
cg25498969,blue,STAG1
cg25500890,turquoise,VPS37D
cg25502144,grey,NCRNA00028
cg25502245,blue,
cg25503001,turquoise,XPO4
cg25504403,grey,ORAOV1
cg25504605,blue,MTMR4
cg25507803,blue,OSBPL10
cg25508118,turquoise,STEAP3
cg25510282,turquoise,LEKR1
cg25511667,grey,HLA-DPB1
cg25513173,turquoise,HDGFRP3
cg25513230,blue,
cg25513933,turquoise,SH3PXD2B
cg25514328,turquoise,RPTOR
cg25518092,blue,DYRK1A
cg25522149,turquoise,DOCK6
cg25524962,turquoise,GJA3
cg25525163,grey,ACAA1
cg25526920,turquoise,HMP19
cg25528916,turquoise,STAP2
cg25530631,turquoise,DDB1
cg25532409,midnightblue,FBXL12
cg25532501,cyan,GLB1L2
cg25533361,turquoise,EIF3B
cg25535317,turquoise,TNPO2
cg25538602,grey,FMNL1
cg25539011,turquoise,CCRN4L
cg25539435,turquoise,ZDHHC20
cg25542907,turquoise,SFRS7
cg25543676,turquoise,SMARCE1
cg25544073,turquoise,MTDH
cg25548415,grey,PLEC1
cg25555137,turquoise,BCR
cg25559849,tan,LRRC27
cg25560363,turquoise,LINGO1
cg25561581,turquoise,PHF21B
cg25563087,turquoise,DHRS7
cg25565376,turquoise,COQ3
cg25568981,grey,HRH2
cg25571757,turquoise,
cg25574765,turquoise,PPFIA1
cg25575065,grey,ARSA
cg25575464,yellow,NEURL4
cg25575628,turquoise,ITIH5
cg25576711,grey,LTB4R2
cg25577598,turquoise,ZNF408
cg25577940,turquoise,STT3B
cg25579867,blue,ANKRD33B
cg25580254,turquoise,SLC2A3
cg25582295,turquoise,ASXL3
cg25582488,grey,
cg25582924,blue,PACS2
cg25584466,blue,NCRNA00171
cg25587211,grey,ANO10
cg25589296,blue,EXOC6
cg25590392,turquoise,TMEM52
cg25591794,grey,PRHOXNB
cg25595431,blue,
cg25595446,turquoise,PRMT1
cg25598086,turquoise,HSPA2
cg25598840,grey,HOXA2
cg25599538,grey,UCP1
cg25600478,grey,
cg25601879,blue,
cg25604594,grey,ANKRD2
cg25604739,turquoise,CCDC130
cg25607920,grey,HIVEP3
cg25608569,turquoise,KIAA2026
cg25610492,turquoise,ISG15
cg25611443,blue,ELK4
cg25612391,grey,SLC25A42
cg25613170,turquoise,TBKBP1
cg25613559,blue,NLN
cg25613600,turquoise,ATG4C
cg25615509,turquoise,C22orf30
cg25617012,grey,
cg25619106,turquoise,GLYCTK
cg25619837,turquoise,VGLL4
cg25620901,blue,HEATR2
cg25622155,turquoise,
cg25623524,grey,NCRNA00181
cg25623977,turquoise,NADSYN1
cg25624478,blue,NFASC
cg25625872,turquoise,GMEB2
cg25627144,turquoise,DLL3
cg25632648,grey,KCTD21
cg25632672,turquoise,GTPBP1
cg25635139,blue,RBCK1
cg25635144,grey,CCDC13
cg25636833,grey,PHF5A
cg25640619,turquoise,CDGAP
cg25641269,blue,DGKG
cg25642212,turquoise,ASNA1
cg25642217,turquoise,MGC70857
cg25645338,blue,APC
cg25646854,turquoise,OSBPL2
cg25651615,turquoise,FBXO22
cg25653703,green,PIGF
cg25655234,grey,SORCS2
cg25660583,turquoise,POLD1
cg25663379,turquoise,
cg25664381,sienna3,
cg25671716,turquoise,
cg25673357,turquoise,AVP
cg25673584,grey,NANOS2
cg25673720,blue,RNF157
cg25674826,turquoise,MRPS6
cg25674883,blue,
cg25677261,grey,PCSK6
cg25677576,blue,
cg25677688,grey,TAS2R19
cg25680105,grey,
cg25683069,turquoise,UHMK1
cg25683358,blue,KIAA1217
cg25683535,turquoise,LTV1
cg25683570,grey,
cg25689940,blue,RPL6
cg25691754,turquoise,NDUFA2
cg25695610,grey,
cg25697800,turquoise,SIN3A
cg25698777,grey,FAM91A1
cg25699073,violet,
cg25699121,grey,PRC1
cg25699837,blue,
cg25702335,grey,CLDN10
cg25703407,turquoise,
cg25705717,grey,
cg25708695,blue,TP63
cg25710854,blue,PEX12
cg25713309,turquoise,OCEL1
cg25713793,blue,NRP1
cg25718522,blue,SUMF1
cg25720793,turquoise,F11R
cg25725258,turquoise,PIK3R3
cg25726425,blue,UGT1A10
cg25728174,turquoise,IGLON5
cg25728188,blue,
cg25729692,blue,
cg25731211,blue,
cg25731401,grey,
cg25734825,turquoise,TMEM39A
cg25736002,turquoise,REST
cg25736982,grey,ACAT2
cg25737491,turquoise,GABARAP
cg25739309,blue,RPTOR
cg25743043,turquoise,C1orf203
cg25744767,grey,GNAI1
cg25748712,turquoise,KLC4
cg25749565,grey,
cg25750018,blue,PI4KA
cg25752539,blue,CYTH1
cg25753473,turquoise,
cg25753720,blue,
cg25753841,darkred,DOHH
cg25755428,grey,MRI1
cg25756129,turquoise,TRA2B
cg25756853,turquoise,P4HA3
cg25758137,blue,ALCAM
cg25758545,turquoise,SALL4
cg25764899,turquoise,
cg25766537,turquoise,TIPRL
cg25768756,turquoise,C18orf8
cg25769590,grey,
cg25770698,turquoise,
cg25771041,turquoise,WWTR1
cg25772299,green,GPC6
cg25772418,grey,GPR133
cg25774116,turquoise,TMEM161A
cg25774457,turquoise,GABBR1
cg25776467,turquoise,MUC13
cg25777818,blue,PTPRN2
cg25778220,turquoise,SMAD4
cg25779653,lightyellow,FAM89B
cg25784220,grey,ZSCAN18
cg25789216,turquoise,CNIH2
cg25789277,grey,
cg25789679,turquoise,ROCK1
cg25793507,turquoise,ZNF318
cg25794830,blue,C21orf82
cg25795456,green,PRPF31
cg25796439,grey,ISM1
cg25796445,turquoise,RIC8A
cg25798112,turquoise,ATP1B3
cg25799699,turquoise,HAUS8
cg25799969,turquoise,PPP1CB
cg25800170,turquoise,ONECUT2
cg25800500,grey,ANKRD23
cg25801113,grey,SHF
cg25802888,grey,AURKC
cg25803693,turquoise,CCDC59
cg25803766,turquoise,CYC1
cg25804718,skyblue,AAK1
cg25806100,turquoise,FGF9
cg25807487,grey,MRGPRF
cg25808538,turquoise,
cg25809561,grey,MYO1D
cg25813936,grey,GNE
cg25816013,grey,BUB3
cg25816396,blue,ZNF407
cg25817165,grey,CNDP2
cg25821783,turquoise,CCDC46
cg25822783,grey,
cg25823419,salmon,GNB4
cg25824218,grey,
cg25826404,turquoise,MYO15A
cg25828427,blue,
cg25828445,grey,
cg25829666,grey,THRB
cg25830305,grey,TNNI2
cg25830692,grey,ASRGL1
cg25834275,turquoise,NFIC
cg25834632,blue,ZC3H3
cg25835306,turquoise,UBE2D1
cg25838465,grey,
cg25840208,brown,EHD3
cg25841477,turquoise,ZNF281
cg25845331,turquoise,CASP9
cg25845597,grey,HIST1H4L
cg25847633,turquoise,C6orf126
cg25856005,turquoise,GABARAP
cg25856120,green,ATP5G1
cg25856179,turquoise,STAT1
cg25857090,turquoise,
cg25858132,grey,
cg25858160,turquoise,
cg25859670,blue,NTM
cg25861327,turquoise,NUSAP1
cg25862684,turquoise,LINS1
cg25864218,turquoise,PAQR3
cg25865570,blue,CUGBP2
cg25867726,grey60,C19orf66
cg25873214,turquoise,PTPMT1
cg25877086,turquoise,KPNB1
cg25878830,blue,FAM190B
cg25880573,blue,TCEB3
cg25880593,grey,BET1
cg25881719,turquoise,
cg25884711,purple,NPY
cg25888386,turquoise,
cg25890168,turquoise,ABHD3
cg25893869,turquoise,SFRS11
cg25894985,turquoise,HNRNPD
cg25895907,blue,AQP11
cg25900902,grey,ACAP1
cg25901000,blue,SLC39A11
cg25902616,turquoise,FNBP4
cg25903497,grey,PNKD
cg25905674,turquoise,
cg25906220,turquoise,FGFRL1
cg25908368,turquoise,
cg25910261,grey,PTPRN2
cg25910443,turquoise,C9orf3
cg25910506,turquoise,CEP164
cg25916662,blue,STOX2
cg25917893,turquoise,CLPTM1
cg25918541,turquoise,ATM
cg25919922,yellow,
cg25920019,grey,
cg25921194,blue,RNF169
cg25922163,turquoise,GGN
cg25922341,turquoise,HAS2
cg25924602,grey,C1QTNF7
cg25924694,turquoise,IGF1
cg25926767,turquoise,ILK
cg25927529,turquoise,SPATA13
cg25927551,blue,LOC285830
cg25932869,grey,LRWD1
cg25936054,turquoise,
cg25936980,blue,ARIH1
cg25937149,turquoise,KIAA1191
cg25937216,grey,
cg25937494,turquoise,SREBF2
cg25940946,grey,DERL3
cg25942789,grey,KIF1A
cg25943031,turquoise,RPS6KA5
cg25943061,turquoise,
cg25945090,turquoise,C19orf40
cg25945158,green,BAT5
cg25945821,turquoise,KIAA0652
cg25947619,turquoise,AKAP13
cg25950625,grey,PLCXD3
cg25951501,turquoise,SLFN12L
cg25953958,blue,MYH10
cg25954441,turquoise,C22orf32
cg25962286,grey,DLX2
cg25964019,blue,DNAH11
cg25969087,turquoise,PABPC1
cg25969768,blue,HEATR1
cg25969878,grey,STK32C
cg25970454,blue,
cg25972924,turquoise,FOXM1
cg25975626,turquoise,TMEM51
cg25975979,turquoise,RPL28
cg25976170,grey,GAS2L1
cg25977101,turquoise,MRPS18A
cg25977965,grey,C6orf10
cg25978138,violet,
cg25979598,turquoise,RTCD1
cg25980157,turquoise,PPIA
cg25980689,grey,
cg25981801,turquoise,SLC39A3
cg25983305,turquoise,PPP3CC
cg25984524,blue,NT5C2
cg25985659,grey,FAM155A
cg25987077,turquoise,POFUT1
cg25990494,grey,ARIH1
cg25993851,saddlebrown,ARHGAP1
cg25994470,grey,ZNF184
cg25994584,turquoise,C4orf22
cg25994622,grey,PGLYRP2
cg25994838,turquoise,
cg25995995,blue,NDUFA10
cg25996571,blue,MS4A1
cg25999637,blue,PDLIM3
cg26000663,grey,ANO3
cg26005578,turquoise,RASSF10
cg26006558,red,
cg26008267,turquoise,HYAL3
cg26014827,steelblue,
cg26015356,blue,C17orf50
cg26015416,grey,NTNG1
cg26015683,turquoise,
cg26017709,turquoise,CDC20
cg26017880,grey,ATP9B
cg26018738,turquoise,EID2B
cg26022183,darkolivegreen,PAQR6
cg26022992,green,RBM8A
cg26023938,grey,ATP5G1
cg26025543,turquoise,
cg26027205,turquoise,KIAA1949
cg26027796,turquoise,
cg26029997,grey,TREX1
cg26031047,turquoise,FAM84B
cg26031613,grey,KLC1
cg26035071,grey,
cg26036375,blue,
cg26037239,turquoise,ILF2
cg26038582,grey,HIVEP3
cg26039058,turquoise,CHIC2
cg26039829,grey,PIWIL2
cg26040729,blue,RSF1
cg26040809,grey,ADARB2
cg26043149,grey,FECH
cg26052553,turquoise,RFC2
cg26053469,blue,DNAJC15
cg26056104,turquoise,
cg26056831,turquoise,C10orf140
cg26057380,turquoise,ATP5I
cg26058420,grey,PIBF1
cg26058965,turquoise,DNAJC8
cg26059977,blue,
cg26061582,turquoise,IL6
cg26061898,turquoise,ZNF24
cg26062048,turquoise,MFAP3
cg26062174,turquoise,RICTOR
cg26063030,blue,
cg26063721,grey,PACSIN1
cg26064155,darkturquoise,LIPT1
cg26064460,blue,
cg26068141,turquoise,NCOA2
cg26071414,blue,HINT3
cg26071746,turquoise,NCAPG
cg26072254,grey,KIF26B
cg26072327,turquoise,RGMB
cg26074223,turquoise,HIST1H3I
cg26075213,blue,
cg26076054,grey,AHRR
cg26079810,grey,
cg26080798,green,E2F3
cg26081900,blue,BTNL3
cg26082665,turquoise,
cg26082690,turquoise,KIAA1279
cg26085762,blue,GMCL1
cg26087411,turquoise,LAMB1
cg26089074,turquoise,COPS3
cg26089892,blue,TNIK
cg26092468,turquoise,KIAA1586
cg26094646,turquoise,DVWA
cg26094651,grey,MYT1L
cg26094752,grey,SNX6
cg26097011,grey,FGF14
cg26098768,grey,
cg26099834,grey,
cg26099902,blue,PTK2
cg26100149,grey,CPEB4
cg26101402,turquoise,SATB2
cg26101410,turquoise,HAND2
cg26102342,blue,
cg26102599,blue,ZNF204P
cg26102760,turquoise,PASK
cg26103797,blue,SAP18
cg26103828,turquoise,SMCHD1
cg26112797,turquoise,MIR142
cg26114124,grey,LOC144571
cg26114655,turquoise,BAT3
cg26115370,blue,CHCHD7
cg26115851,turquoise,YWHAZ
cg26116260,lightcyan,GRPEL1
cg26117570,blue,RBMS1
cg26118008,turquoise,TMEM167B
cg26119008,blue,
cg26121782,grey,LMO1
cg26121931,grey,
cg26124318,grey,ADAM32
cg26124560,blue,CCDC40
cg26127679,turquoise,RAD51AP1
cg26128977,green,DLEU2
cg26133909,blue,ZFYVE16
cg26134751,blue,TSC22D2
cg26135573,grey,
cg26137940,turquoise,EBF3
cg26138746,blue,DYNC1H1
cg26138821,grey,CHORDC1
cg26138937,turquoise,C11orf51
cg26146732,grey,
cg26146949,turquoise,EHD4
cg26147372,turquoise,QRICH1
cg26147554,grey,ENOSF1
cg26148135,turquoise,C1orf96
cg26149645,blue,ABI3BP
cg26150071,turquoise,CSMD2
cg26151087,turquoise,ZNF493
cg26151531,grey,GNB1L
cg26153578,turquoise,RCAN1
cg26154888,blue,RUNX2
cg26159077,turquoise,ETV5
cg26160180,turquoise,GNB1
cg26161170,turquoise,RPP21
cg26162932,turquoise,PRDM8
cg26163238,grey,DEPDC6
cg26164155,turquoise,PNP
cg26165853,turquoise,RPS24
cg26166446,blue,NOP14
cg26168400,turquoise,STRADB
cg26168643,grey,SLITRK5
cg26168975,turquoise,C1orf58
cg26170245,grey,HDDC3
cg26170805,grey,
cg26171489,blue,SLCO3A1
cg26172694,turquoise,MAST4
cg26172907,darkolivegreen,CDCA5
cg26177544,blue,ZNF236
cg26179441,grey,NHP2L1
cg26180612,turquoise,RABGGTA
cg26181490,grey,
cg26182037,royalblue,NEK8
cg26182317,blue,
cg26183330,turquoise,
cg26186901,saddlebrown,UBR1
cg26187194,grey,
cg26188061,blue,DBT
cg26188632,turquoise,TRIM27
cg26196213,grey,
cg26196700,turquoise,SORD
cg26197220,turquoise,TSC22D1
cg26198430,turquoise,BRP44L
cg26200347,blue,FAM171A1
cg26201811,turquoise,SHANK3
cg26207102,blue,TEAD1
cg26207201,turquoise,AS3MT
cg26207766,grey,
cg26209990,grey,
cg26210447,darkgreen,RPS27L
cg26210602,turquoise,
cg26214055,blue,
cg26215437,turquoise,AQR
cg26215849,turquoise,MTRF1
cg26218983,turquoise,ZC3H12C
cg26220419,grey,CUL5
cg26220594,grey,
cg26220725,grey,DUSP22
cg26221568,turquoise,
cg26223536,blue,
cg26223654,green,MAST1
cg26224223,grey,TSHZ3
cg26224354,grey,C7orf50
cg26226802,turquoise,GLRA3
cg26227225,grey,C1orf86
cg26227943,blue,
cg26228812,blue,WDR27
cg26228943,turquoise,ATP10D
cg26229092,blue,ZEB1
cg26229752,grey,EBF3
cg26230285,turquoise,ATP10A
cg26230819,saddlebrown,ADAR
cg26231350,blue,
cg26241746,blue,ANXA13
cg26243254,turquoise,EP400
cg26243751,blue,EPOR
cg26243894,turquoise,IMPDH1
cg26244164,grey,DLC1
cg26246658,turquoise,BRD2
cg26246897,turquoise,LOC729467
cg26247295,blue,LRPAP1
cg26248066,turquoise,
cg26248608,turquoise,HNRNPC
cg26248878,turquoise,C14orf39
cg26250106,turquoise,SRP54
cg26250143,turquoise,ITGAE
cg26251401,turquoise,PSENEN
cg26252281,grey,RAB32
cg26254393,turquoise,CTNNBL1
cg26256158,tan,GRM1
cg26257177,brown,DNM2
cg26260369,grey,VTI1B
cg26263766,grey,ZNF544
cg26267481,grey,TARS
cg26268866,grey,
cg26269109,turquoise,C13orf27
cg26272058,turquoise,LRTOMT
cg26272417,blue,SIPA1L1
cg26272893,turquoise,CTPS
cg26272907,blue,TUBGCP3
cg26273962,brown,SORBS1
cg26274596,turquoise,DBX2
cg26275825,blue,KNDC1
cg26275961,turquoise,
cg26279745,grey,ADCY4
cg26282150,turquoise,GNAI3
cg26284390,turquoise,FAM55C
cg26286098,blue,B3GALTL
cg26287152,grey,TBC1D16
cg26287612,darkgrey,ZBTB12
cg26289450,turquoise,PBX2
cg26289871,turquoise,LPIN3
cg26291195,blue,TRRAP
cg26292018,blue,PHF20L1
cg26294217,turquoise,PRKAA1
cg26294710,turquoise,OSR2
cg26297198,blue,C7
cg26297490,blue,
cg26298197,blue,
cg26301516,blue,FNDC3B
cg26303603,blue,SLC26A2
cg26306909,grey,C4orf19
cg26307797,blue,
cg26308704,grey,PTPRN2
cg26308818,blue,MAEL
cg26309261,blue,DBR1
cg26310551,grey,LTB4R2
cg26311420,blue,
cg26312059,turquoise,UBC
cg26312542,grey,TEX12
cg26312807,red,
cg26312839,turquoise,PDSS2
cg26313599,grey,CCKBR
cg26314512,blue,DIP2C
cg26314534,blue,KDM6B
cg26314868,turquoise,STMN1
cg26314966,grey,
cg26315918,grey,TMPRSS7
cg26320663,grey,
cg26321464,turquoise,MAP2K7
cg26322248,turquoise,ISM1
cg26324132,grey,THBD
cg26327071,turquoise,HOXB4
cg26328502,blue,
cg26328633,grey,MIR886
cg26328898,turquoise,MARCH6
cg26331326,blue,KCTD6
cg26332114,grey,AURKC
cg26332258,darkgreen,
cg26332365,turquoise,DIRAS1
cg26332926,grey,PRKG1
cg26334954,turquoise,
cg26338030,blue,MTA1
cg26342671,turquoise,LIMS2
cg26343358,grey,
cg26345971,turquoise,TSPAN19
cg26347359,blue,PHF17
cg26347746,grey,LGR6
cg26349568,turquoise,ATAD2
cg26350803,blue,MCF2L
cg26351027,turquoise,CA13
cg26351481,blue,NLRP8
cg26351663,blue,RPUSD4
cg26352374,turquoise,CCDC102A
cg26357453,turquoise,DHRS7B
cg26357538,turquoise,RDH10
cg26359206,turquoise,KCNH3
cg26361646,turquoise,C12orf10
cg26361807,turquoise,EFHC1
cg26363272,blue,NDUFA10
cg26365152,blue,TBL1XR1
cg26365299,turquoise,HOXA9
cg26365460,turquoise,OPN5
cg26367649,turquoise,MAP3K7
cg26368718,turquoise,C1orf69
cg26369133,blue,
cg26369444,blue,ARL15
cg26370608,turquoise,
cg26370911,blue,FGFR2
cg26371957,grey,NINJ2
cg26372060,turquoise,CYHR1
cg26373528,turquoise,PSMD9
cg26374058,blue,ZFP64
cg26375147,grey,PRPF19
cg26375259,turquoise,EEF2
cg26376025,blue,KBTBD8
cg26376809,turquoise,USP13
cg26377875,turquoise,KIAA0947
cg26379339,yellow,HHIPL1
cg26380756,turquoise,JOSD1
cg26381352,turquoise,B3GALT4
cg26381452,grey,
cg26382075,turquoise,KCNN1
cg26383936,turquoise,RICTOR
cg26384229,darkgreen,ALG10B
cg26384310,turquoise,
cg26385256,grey,FGFR1
cg26386788,turquoise,ANLN
cg26389727,turquoise,
cg26390924,grey,GABPB1
cg26393261,blue,ATXN1
cg26393629,grey,
cg26396455,grey,NXPH4
cg26396721,grey,
cg26398408,turquoise,SAV1
cg26398793,blue,GPX5
cg26399396,turquoise,UBE2T
cg26401028,grey,LRPAP1
cg26406907,turquoise,BRD2
cg26408224,grey,MSI2
cg26408565,grey,ETFA
cg26410483,lightgreen,LHX4
cg26410630,blue,
cg26411687,turquoise,OS9
cg26412543,blue,PPT2
cg26413855,grey,
cg26415571,turquoise,
cg26416381,turquoise,MED13L
cg26417346,blue,DHX8
cg26418826,blue,ZNF268
cg26419656,turquoise,KLF12
cg26420444,blue,MLLT10
cg26421123,turquoise,COMMD5
cg26421286,turquoise,
cg26421735,turquoise,NADK
cg26422329,blue,SAV1
cg26422851,blue,
cg26423331,turquoise,BOLA3
cg26425669,tan,CXCR4
cg26425904,salmon,OCA2
cg26426080,grey,PRDM16
cg26427070,turquoise,TRAF6
cg26427109,grey,CD6
cg26427818,grey,
cg26429095,black,TOP3B
cg26430382,turquoise,ARF1
cg26435092,lightcyan,CDV3
cg26436330,turquoise,COL11A1
cg26437112,grey,
cg26437123,turquoise,SEMA7A
cg26437522,turquoise,
cg26437866,blue,PARK7
cg26438665,blue,BTBD7
cg26439641,magenta,RPP38
cg26441104,blue,CDK14
cg26441200,blue,DTWD2
cg26441893,blue,TMEM212
cg26442810,blue,ERBB2IP
cg26444623,turquoise,CCDC11
cg26445772,turquoise,HNRNPA0
cg26446133,grey,CNDP2
cg26447968,yellow,INO80B
cg26450106,turquoise,CST7
cg26450717,grey,
cg26450944,turquoise,PRPF4B
cg26451575,turquoise,CBX3
cg26451735,grey,STRA6
cg26454300,blue,JMY
cg26456022,turquoise,
cg26456506,turquoise,NUDT9
cg26462931,turquoise,FYN
cg26463908,turquoise,HSD11B1L
cg26464535,turquoise,SGCE
cg26464821,grey,DLC1
cg26464889,turquoise,LOC285375
cg26465602,grey,
cg26466027,blue,CXCR6
cg26468119,turquoise,ATP2A3
cg26470338,blue,ARSB
cg26472636,grey,SDHAP3
cg26473478,turquoise,C6orf136
cg26476599,purple,TTC25
cg26476930,grey,
cg26477387,blue,ZNF292
cg26478485,grey,DUSP5
cg26479374,grey,CTBP1
cg26479667,grey,
cg26481045,blue,
cg26481355,turquoise,PLEKHO2
cg26484090,blue,USP45
cg26485563,turquoise,ANKRD52
cg26490671,grey,PTPRN2
cg26493353,turquoise,SHC3
cg26494337,blue,
cg26494929,grey,KREMEN2
cg26495839,turquoise,C19orf39
cg26497264,turquoise,ZNF823
cg26498966,blue,MKNK2
cg26504421,grey,SDK2
cg26507637,grey,ANKRD26P1
cg26509731,blue,
cg26511997,turquoise,CDH15
cg26512406,grey,XPO6
cg26513180,turquoise,FANCA
cg26513576,grey,
cg26515846,turquoise,KIAA0182
cg26516362,grey,RUFY1
cg26516701,turquoise,PCBP2
cg26518745,blue,SLC25A2
cg26520396,blue,
cg26521561,blue,SF3B1
cg26522946,turquoise,SRGN
cg26526443,blue,
cg26527903,blue,
cg26530701,turquoise,RBMS2
cg26532499,blue,CASP5
cg26533745,grey,NPNT
cg26534614,turquoise,DIS3L2
cg26536949,grey,
cg26537410,turquoise,CCDC109A
cg26538931,grey,
cg26539524,skyblue,SHANK1
cg26539818,grey,PLD6
cg26540559,grey,
cg26543273,midnightblue,ERLIN1
cg26545834,turquoise,SENP2
cg26545983,cyan,ELL
cg26546862,blue,SLC25A16
cg26549029,grey,PGAM5
cg26550851,blue,LRRC47
cg26551346,turquoise,SDHAF1
cg26552784,turquoise,
cg26552907,blue,MDC1
cg26554567,turquoise,CACNA1A
cg26554952,turquoise,LOH12CR1
cg26560414,turquoise,CMTM3
cg26560794,turquoise,MARCH8
cg26561020,blue,RHOBTB1
cg26561611,turquoise,DNAJC30
cg26562263,grey,
cg26567249,grey,UQCRB
cg26567712,turquoise,CCDC124
cg26568304,grey,C16orf75
cg26569395,turquoise,APLF
cg26570218,grey,DNAJC27
cg26571142,turquoise,SEC1
cg26571535,blue,SNX27
cg26572042,turquoise,HP1BP3
cg26572989,turquoise,TMCO7
cg26574003,turquoise,
cg26574621,blue,WDR8
cg26576206,grey,ABCA7
cg26576481,turquoise,NAP1L1
cg26576890,grey,
cg26578049,turquoise,
cg26578476,blue,MAP3K9
cg26578621,grey,ARHGAP20
cg26579311,turquoise,EXT1
cg26580609,grey,NT5C1B
cg26582729,grey,
cg26583725,blue,
cg26590411,turquoise,SNORA24
cg26593228,blue,BMPR1A
cg26594205,blue,OGFRL1
cg26597500,grey,PIBF1
cg26597838,grey,
cg26600608,turquoise,BTNL9
cg26600753,grey,TRIM7
cg26602666,blue,TPK1
cg26605427,turquoise,MGC23284
cg26607248,blue,TMEM183A
cg26607620,grey,DLGAP2
cg26609631,grey,GSX1
cg26611623,blue,
cg26614816,grey,TXNRD1
cg26615712,turquoise,GPI
cg26621790,grey,
cg26624732,grey,
cg26626072,turquoise,DHX34
cg26627933,cyan,MTRR
cg26629960,turquoise,C19orf25
cg26630688,blue,ASCL3
cg26631039,grey,GLI2
cg26632162,grey,ZRANB1
cg26633120,grey,MRPS9
cg26635366,turquoise,SRCAP
cg26635824,turquoise,OGFR
cg26638003,grey,GLOD4
cg26640895,turquoise,DCK
cg26642667,grey,SND1
cg26645432,grey,HLA-DPB1
cg26646896,blue,
cg26647332,turquoise,
cg26649005,turquoise,ZNF32
cg26649103,blue,ORC6L
cg26649251,grey,ZNF224
cg26650539,turquoise,C6orf106
cg26651784,turquoise,CBFB
cg26651950,turquoise,LGALS2
cg26654770,grey,NINJ2
cg26654771,lightgreen,SORBS3
cg26654790,turquoise,SLFN13
cg26656136,turquoise,ANKRD42
cg26656684,grey,SDCBP
cg26657293,blue,
cg26657539,blue,
cg26660312,grey,WIPI2
cg26660792,blue,CKAP2
cg26662579,turquoise,PSMA5
cg26663636,grey,NOS1AP
cg26664090,turquoise,RNF157
cg26664634,turquoise,ORC4L
cg26664871,turquoise,MKX
cg26665055,brown,TIMM17A
cg26665082,turquoise,FUBP1
cg26665480,turquoise,ACTR1B
cg26666968,blue,
cg26668129,turquoise,RSBN1
cg26668626,turquoise,ZNF174
cg26668675,grey,
cg26668828,grey,DUSP22
cg26669365,blue,
cg26670245,turquoise,PHOSPHO2
cg26672807,blue,TTC3
cg26673279,turquoise,ROBO3
cg26673609,turquoise,ATXN3
cg26674558,blue,C8orf46
cg26674752,grey,CSGALNACT2
cg26674779,turquoise,GOLGA7
cg26677194,grey,PIWIL1
cg26678143,grey,SEC62
cg26678262,blue,MYO7B
cg26678575,turquoise,PTPN21
cg26678649,black,ZNF281
cg26680238,turquoise,LMO4
cg26680301,turquoise,BACH1
cg26680317,grey,IQGAP2
cg26681912,grey,SLC19A2
cg26684050,blue,STAU2
cg26684174,grey,
cg26689203,turquoise,MYOZ2
cg26689483,grey,QDPR
cg26690034,grey,CRYZ
cg26690949,grey,
cg26694713,turquoise,REST
cg26694831,grey,ADAMTS2
cg26695758,grey,TNXB
cg26696260,blue,ZC3H3
cg26697691,blue,LOC100132724
cg26700447,grey,CCKBR
cg26702001,turquoise,ZNF213
cg26705953,grey,PLA2G7
cg26707398,grey,MYH14
cg26707407,blue,MTHFD2L
cg26707709,grey,SNED1
cg26708100,turquoise,HOXD10
cg26708638,yellow,ZNF444
cg26709251,turquoise,ANKRD26
cg26710469,blue,GOLGA4
cg26714650,turquoise,CS
cg26715042,grey,CRISP2
cg26718213,grey,SNED1
cg26718354,turquoise,CDKN1C
cg26720545,grey,MDGA1
cg26720913,turquoise,NR3C1
cg26722322,turquoise,MRPS18B
cg26723492,turquoise,RALYL
cg26726490,grey,RASGRP1
cg26728390,blue,KIAA1688
cg26729242,blue,C10orf129
cg26733685,turquoise,DHX35
cg26733846,blue,
cg26734912,turquoise,ISOC1
cg26735215,turquoise,ANP32A
cg26739149,grey,
cg26739951,turquoise,RCN2
cg26741214,turquoise,SHFM1
cg26741667,turquoise,CHD2
cg26741686,grey,ANKRD37
cg26743898,blue,PRSS48
cg26745551,grey,GPR63
cg26745581,turquoise,POU6F2
cg26746936,grey,GRIK5
cg26748568,blue,
cg26748794,grey,FAM38A
cg26749518,grey,KLK9
cg26751580,turquoise,CXADR
cg26752884,turquoise,JRKL
cg26752888,turquoise,NEIL2
cg26753018,turquoise,SLCO5A1
cg26754472,grey,EMR1
cg26755097,turquoise,FLOT1
cg26758338,blue,ZNF829
cg26760793,turquoise,BRD2
cg26762347,turquoise,PRDM16
cg26764761,grey,JPH3
cg26769838,blue,PFKP
cg26770381,turquoise,PHTF2
cg26770917,turquoise,OLIG1
cg26771583,turquoise,BEST2
cg26772116,grey,MTIF3
cg26776175,turquoise,PON2
cg26782013,turquoise,PCBD1
cg26782539,grey,STK32C
cg26783057,turquoise,VAX1
cg26783297,blue,MRS2
cg26783481,blue,FAM172A
cg26785712,turquoise,EME1
cg26786623,blue,PRPF3
cg26787220,grey,EXOC3L2
cg26787505,turquoise,TLCD1
cg26787998,lightcyan,TAPBP
cg26788616,blue,CLEC16A
cg26789283,grey,RANGAP1
cg26790818,blue,
cg26791826,turquoise,PRR3
cg26792755,turquoise,MRPS33
cg26793226,turquoise,SNHG3-RCC1
cg26796283,turquoise,MSX2
cg26796396,turquoise,RFX5
cg26800462,turquoise,SPSB3
cg26801047,turquoise,DLL3
cg26802289,grey60,
cg26812418,turquoise,CPE
cg26813794,turquoise,MRPS18B
cg26814635,blue,UNC84A
cg26817300,turquoise,SLC25A4
cg26818786,turquoise,CARD6
cg26819388,turquoise,CC2D1B
cg26820375,turquoise,RERE
cg26820501,turquoise,NCSTN
cg26824247,turquoise,RASSF4
cg26824807,turquoise,TRIM27
cg26825934,turquoise,BRUNOL5
cg26826329,blue,STK33
cg26827503,blue,TMEM156
cg26828320,brown,C12orf49
cg26832062,turquoise,TMEM48
cg26833830,turquoise,ADC
cg26835302,turquoise,
cg26836273,blue,PCNXL2
cg26836809,blue,FANCL
cg26837270,brown,GSK3A
cg26837681,yellow,
cg26839252,turquoise,TCP1
cg26839512,grey,SPATA18
cg26840333,grey,
cg26840726,turquoise,SNORD58A
cg26840757,blue,PPME1
cg26843035,darkmagenta,WAC
cg26843074,grey,STAC
cg26843430,turquoise,KCNMB4
cg26843498,grey,
cg26845390,grey,
cg26847156,blue,NAPG
cg26847193,turquoise,PEMT
cg26850117,grey,C6orf208
cg26851650,blue,MYH10
cg26851661,grey,CYP4F11
cg26851782,turquoise,GLRA1
cg26852404,blue,
cg26853628,turquoise,DZIP1L
cg26856080,turquoise,TRIM59
cg26856965,turquoise,
cg26857911,turquoise,KCNN1
cg26858423,grey,KCNAB2
cg26858704,grey,KCNA6
cg26862620,darkolivegreen,AARS
cg26862690,turquoise,GPBP1L1
cg26862731,blue,EIF3A
cg26863200,turquoise,RPS6KA2
cg26863324,turquoise,DDX52
cg26865201,yellowgreen,C12orf35
cg26865747,grey,
cg26869362,turquoise,KBTBD3
cg26870061,turquoise,SAE1
cg26873439,grey,PTPN1
cg26873880,grey,
cg26874229,grey,
cg26875219,turquoise,EVC2
cg26878734,blue,KIAA1715
cg26879788,turquoise,
cg26880073,turquoise,NAPA
cg26880963,blue,RAVER2
cg26881713,turquoise,DUSP26
cg26883840,blue,
cg26885821,grey,NKAIN2
cg26887302,grey,ERAL1
cg26887625,turquoise,ZNF497
cg26889659,grey,EXOC2
cg26890010,grey,CTH
cg26891576,green,NBR2
cg26892368,turquoise,ALDH18A1
cg26892444,grey,FAM159B
cg26893197,turquoise,C1orf113
cg26893445,turquoise,AKAP13
cg26893544,greenyellow,SOD1
cg26893861,grey,DUSP3
cg26894438,turquoise,ZSWIM7
cg26897088,turquoise,ZNF565
cg26898352,turquoise,AP1AR
cg26899113,turquoise,
cg26900034,turquoise,KRCC1
cg26903996,blue,KLHL3
cg26906998,grey,PLD6
cg26907087,blue,SDK1
cg26907351,grey,WRNIP1
cg26908755,turquoise,CD320
cg26909613,blue,GLCCI1
cg26910270,blue,CMPK1
cg26910511,grey,LRFN1
cg26910651,turquoise,PPP2CB
cg26912278,turquoise,TCTE3
cg26915779,blue,ZNF18
cg26917462,turquoise,IRF2BP2
cg26917697,blue,
cg26918510,turquoise,SVIP
cg26918792,turquoise,BTN3A1
cg26922706,turquoise,SKP1
cg26922917,grey,GPR133
cg26924012,turquoise,SPATA5L1
cg26926768,grey,
cg26927232,blue,SMG6
cg26928336,grey,TMEM219
cg26929700,grey,ZNF423
cg26929925,grey,SLC23A1
cg26930448,turquoise,
cg26935619,turquoise,
cg26936930,turquoise,COG8
cg26937809,turquoise,CENPL
cg26939377,salmon,B9D2
cg26940178,turquoise,
cg26940573,grey,ZNF566
cg26942772,turquoise,VPS37B
cg26943588,blue,FAM169A
cg26943658,turquoise,KIAA1033
cg26944245,grey,TMEM8A
cg26949055,blue,RYR3
cg26950739,grey,ACSF3
cg26953093,turquoise,SIVA1
cg26962758,blue,
cg26962924,turquoise,YAF2
cg26964592,grey,HLA-DMB
cg26967272,blue,
cg26968378,grey,
cg26970113,purple,UBE2B
cg26970477,turquoise,EID2
cg26973266,turquoise,TRAF4
cg26973953,blue,GNPTG
cg26976390,turquoise,ZBTB16
cg26976450,blue,NIF3L1
cg26981746,grey,HLA-DRB5
cg26985469,turquoise,TEF
cg26985912,turquoise,LOC100133091
cg26986681,grey,
cg26986841,turquoise,EED
cg26988159,grey,PET112L
cg26989291,turquoise,SLC25A39
cg26990660,turquoise,LOC100190938
cg26992150,blue,STOX2
cg26992213,turquoise,
cg26992952,turquoise,CCDC149
cg26993965,grey,
cg26996890,grey,MAD1L1
cg26999505,turquoise,AP1M2
cg27000687,blue,LRRC69
cg27002185,turquoise,CDKN1C
cg27002758,turquoise,WWP1
cg27004170,turquoise,PNPT1
cg27006129,turquoise,ZNF114
cg27009815,blue,
cg27010688,blue,
cg27013478,turquoise,FLYWCH1
cg27014135,darkolivegreen,HS3ST4
cg27016990,turquoise,KCNQ3
cg27018042,turquoise,RPS19
cg27019245,turquoise,MICB
cg27019801,turquoise,C14orf126
cg27023595,blue,GLYR1
cg27023953,turquoise,C22orf41
cg27024057,turquoise,
cg27024161,blue,BASP1
cg27024408,blue,RORA
cg27027668,grey,
cg27028030,turquoise,MOSPD3
cg27030245,turquoise,TMEM223
cg27031435,turquoise,
cg27031506,turquoise,CALU
cg27033198,turquoise,ANKRD13A
cg27034935,grey,
cg27036341,blue,GAPDHS
cg27036347,grey,ACTN1
cg27036376,blue,SORCS2
cg27043453,turquoise,
cg27043630,turquoise,MYD88
cg27048067,grey,ERICH1
cg27048388,blue,
cg27048684,blue,KIAA0556
cg27049129,blue,SDK1
cg27051119,blue,KIAA0182
cg27051339,turquoise,HSPBP1
cg27051433,purple,ZBTB17
cg27052777,turquoise,DAXX
cg27054887,blue,FHOD1
cg27055846,grey,
cg27056880,grey,ERBB2IP
cg27057210,turquoise,MBIP
cg27057275,blue,
cg27057652,grey,PXDNL
cg27059302,grey,TANC2
cg27060346,blue,DGKD
cg27060380,blue,CRIM1
cg27062159,turquoise,C18orf10
cg27062795,grey,ZNF542
cg27063170,turquoise,PSTK
cg27064064,grey,C11orf65
cg27065742,blue,
cg27067379,grey,RPL28
cg27068012,turquoise,NFATC2IP
cg27069054,turquoise,ARHGEF18
cg27069263,turquoise,RTN4
cg27069285,blue,GIT2
cg27070162,grey,RASGEF1C
cg27072247,blue,SEMA6A
cg27073142,grey,SORD
cg27074582,grey,HDAC4
cg27078652,turquoise,UFD1L
cg27083089,grey,HLA-B
cg27083329,grey,
cg27084121,turquoise,TBL3
cg27085741,turquoise,CLCN1
cg27088830,yellowgreen,C6orf176
cg27089146,blue,ZNF512
cg27089352,blue,
cg27090594,blue,CCDC64B
cg27092694,grey,TUBB
cg27093000,turquoise,TRAFD1
cg27094117,turquoise,MAD2L1
cg27094516,turquoise,BAT5
cg27097438,grey,FLJ44606
cg27098685,grey,
cg27098804,grey,CD6
cg27099277,blue,BRP44L
cg27099511,turquoise,MGC23284
cg27100990,grey,CACNA2D1
cg27102141,grey,
cg27105577,turquoise,BAT4
cg27107171,grey,PRR16
cg27109125,blue,DMXL2
cg27109614,turquoise,ABHD3
cg27111250,grey,PRDM8
cg27112062,blue,PLXNB1
cg27112370,grey,SNX8
cg27113326,grey,PTPRN2
cg27113419,grey,NDRG4
cg27115996,blue,NAPEPLD
cg27116036,turquoise,ING4
cg27116888,turquoise,SALL3
cg27118059,turquoise,TIAM1
cg27119318,grey,WRB
cg27119456,grey,LOC441666
cg27121529,grey,ZKSCAN5
cg27122127,turquoise,CNOT6
cg27124774,turquoise,PCDHB10
cg27125107,blue,
cg27127705,turquoise,TMEM68
cg27128560,grey,COL17A1
cg27128734,grey,KLK4
cg27130242,turquoise,MRPS27
cg27134147,turquoise,WDR61
cg27134251,grey,
cg27135788,midnightblue,
cg27136994,grey,C15orf26
cg27137258,grey,TMPRSS8
cg27137810,turquoise,AK7
cg27137978,turquoise,IRF2BP1
cg27139117,grey,C16orf80
cg27140647,turquoise,KIDINS220
cg27141850,grey,GDF7
cg27141898,turquoise,FLJ90757
cg27143246,turquoise,MYNN
cg27143946,blue,
cg27148471,turquoise,RUVBL1
cg27149073,grey,SDHAP3
cg27150010,grey,TMED10
cg27153400,grey,ISOC2
cg27154418,grey,GP6
cg27159088,turquoise,TEX14
cg27161488,turquoise,C4orf10
cg27162629,turquoise,TMEM44
cg27164612,grey,
cg27164797,grey,BAG2
cg27165281,turquoise,VARS
cg27166033,turquoise,CELSR1
cg27168291,grey,ZBTB22
cg27168493,turquoise,IL23R
cg27169503,grey,KIAA0319
cg27171569,grey,OSGIN1
cg27173245,turquoise,PANK4
cg27173819,grey,STK32C
cg27174978,blue,
cg27176264,grey,
cg27177195,blue,GGNBP2
cg27177954,lightgreen,L3MBTL2
cg27178293,turquoise,
cg27179327,grey,ARSA
cg27180286,grey,KATNB1
cg27180315,turquoise,SRRM3
cg27180365,turquoise,C19orf2
cg27180755,blue,
cg27183454,blue,SCAND3
cg27183495,turquoise,BCL2L12
cg27190206,grey,SERTAD3
cg27190537,turquoise,SUMF2
cg27191207,green,SPRY1
cg27192088,turquoise,SLIT1
cg27192902,grey,ZNF259
cg27193377,turquoise,TMEM170A
cg27194182,turquoise,
cg27196974,grey,
cg27197746,blue,ZNF121
cg27198013,blue,RAI1
cg27199599,blue,
cg27200466,blue,STX19
cg27201679,blue,WDR37
cg27202913,grey,CDH15
cg27203090,turquoise,GLB1
cg27203983,turquoise,OR1F2P
cg27205649,pink,NARS2
cg27205904,grey,TXNRD1
cg27207756,grey,
cg27208307,turquoise,SRGN
cg27208536,grey,HTRA3
cg27209117,grey,USP32
cg27209395,grey,
cg27210269,blue,
cg27211696,grey,TMEM194B
cg27212234,turquoise,ATP4A
cg27213276,blue,CACNA1D
cg27213925,blue,PREPL
cg27214960,grey,CYP2E1
cg27216998,turquoise,MDGA1
cg27218767,turquoise,TRPC1
cg27221688,turquoise,TEX14
cg27223646,blue,TMEM45B
cg27224718,grey,ZFAT
cg27225571,turquoise,MRPL18
cg27227183,blue,FMN1
cg27227786,grey,DGKE
cg27228601,royalblue,EPC2
cg27229823,grey,GPR45
cg27232866,turquoise,
cg27234109,blue,TOLLIP
cg27234864,grey,IL17D
cg27236825,grey,C15orf37
cg27237300,grey,OLIG1
cg27237671,grey,TMEM18
cg27239842,grey,ZFYVE28
cg27244972,grey,C21orf57
cg27246129,grey,DLL1
cg27247702,turquoise,
cg27248875,blue,ANKRD10
cg27250236,grey,C6orf138
cg27251709,turquoise,KLF15
cg27252587,cyan,FYTTD1
cg27252970,grey,SPEG
cg27253887,turquoise,PPIL4
cg27255505,blue,
cg27260738,magenta,MAP3K7
cg27260867,grey,
cg27264388,grey,KCNG2
cg27266027,turquoise,PSMG1
cg27266060,grey,
cg27269380,blue,RBM33
cg27275634,grey,DHX35
cg27277104,grey,
cg27277183,blue,CAMKK2
cg27277403,turquoise,KMO
cg27279460,turquoise,ABHD10
cg27280296,turquoise,TDP1
cg27282281,grey,
cg27284194,grey,
cg27284840,grey,AHCYL2
cg27286993,grey,CCDC64B
cg27287245,turquoise,RPP38
cg27287791,grey,CEP152
cg27289463,grey,
cg27289662,blue,OCA2
cg27290274,blue,KIAA1026
cg27292389,blue,IL15RA
cg27292777,turquoise,C19orf48
cg27298420,blue,
cg27298526,blue,TERT
cg27299186,turquoise,ZNF638
cg27300238,turquoise,SOX4
cg27301328,turquoise,TADA1
cg27301343,turquoise,EML2
cg27301885,royalblue,NEK7
cg27302675,blue,MDN1
cg27302994,grey,
cg27303538,blue,FGF12
cg27303986,turquoise,RAB11A
cg27304043,turquoise,SPRY1
cg27305735,grey,
cg27307781,grey,CBR1
cg27308346,turquoise,SSC5D
cg27308434,blue,YME1L1
cg27310031,blue,ATP2C1
cg27310251,turquoise,RPS23
cg27310938,turquoise,PBK
cg27312359,turquoise,KIF17
cg27312944,turquoise,C1orf86
cg27315157,turquoise,IFI44L
cg27316798,grey,ANKH
cg27318481,blue,IMPG2
cg27319123,grey,KCNA4
cg27321876,turquoise,ZNF540
cg27322699,lightgreen,
cg27324402,turquoise,
cg27326062,grey,
cg27326642,grey,HIST1H4D
cg27326661,blue,MRPS28
cg27326823,turquoise,RHBDL1
cg27329737,blue,P2RY14
cg27331241,grey,PRKAR1B
cg27332026,turquoise,SLC39A6
cg27336068,grey,ADARB2
cg27338504,turquoise,FAM92A1
cg27339282,grey,
cg27344430,blue,
cg27347124,turquoise,ZNF77
cg27347932,grey60,BCL2
cg27349795,black,C6orf48
cg27352765,turquoise,DCBLD2
cg27353721,blue,
cg27353899,grey,MUC4
cg27354589,blue,ADARB2
cg27354620,yellow,C5orf45
cg27354893,grey,
cg27355050,turquoise,CNPY3
cg27355527,turquoise,DCTPP1
cg27357232,turquoise,RELL1
cg27358426,turquoise,
cg27359566,turquoise,
cg27362222,turquoise,SPRY1
cg27362927,midnightblue,PRDM15
cg27364012,blue,SESN1
cg27364766,blue,
cg27366305,grey,SLC25A46
cg27366766,grey,HSF5
cg27367142,grey,
cg27368891,turquoise,TMEM150C
cg27369242,blue,NHLRC3
cg27369934,turquoise,MDC1
cg27370185,turquoise,RABAC1
cg27370471,grey,PCSK6
cg27370558,blue,CACNA1A
cg27373657,turquoise,AP1G1
cg27379520,blue,SPG7
cg27380580,turquoise,
cg27385940,turquoise,TAPBP
cg27386033,blue,ABCA13
cg27387030,grey,FMOD
cg27388618,turquoise,BCL2
cg27388983,turquoise,ZNF256
cg27389262,greenyellow,OTUD7B
cg27390009,grey,FLII
cg27391710,turquoise,ACSL1
cg27391826,blue,RORA
cg27392904,grey,IL4I1
cg27393667,turquoise,C22orf9
cg27395190,turquoise,PINK1
cg27395484,blue,
cg27397943,turquoise,ZBTB10
cg27398283,blue,HEATR2
cg27398637,blue,C11orf63
cg27398640,grey,LINGO1
cg27399012,turquoise,NCRNA00188
cg27399957,blue,HPS1
cg27400772,turquoise,DPF1
cg27402591,yellow,TUT1
cg27404186,grey,
cg27405321,turquoise,PHF20
cg27405732,grey,
cg27407390,blue,
cg27408600,turquoise,RAPGEF3
cg27411298,turquoise,NDUFA5
cg27411370,turquoise,KCTD9
cg27413643,grey,ANKRD27
cg27415032,turquoise,TPD52
cg27415214,blue,
cg27416283,blue,TMCO3
cg27416948,blue,SH3RF1
cg27417294,grey,PLAC9
cg27417659,blue,TRRAP
cg27417922,royalblue,YWHAG
cg27420264,turquoise,HSPA8
cg27420889,grey,
cg27422348,turquoise,EGR2
cg27422857,grey,
cg27423729,turquoise,ZNF136
cg27423959,grey,
cg27425700,blue,RHBDD1
cg27425719,turquoise,LOC401431
cg27427514,grey,
cg27429457,turquoise,MYST1
cg27430369,blue,
cg27431037,blue,CACNA1C
cg27434072,turquoise,PSMB3
cg27435467,turquoise,CLYBL
cg27436995,grey,FBXL16
cg27437510,blue,AGAP3
cg27438152,grey,
cg27440050,turquoise,MAPK7
cg27441689,turquoise,INO80
cg27446573,turquoise,RNF146
cg27447557,turquoise,UCK2
cg27449200,turquoise,
cg27449703,yellow,EFTUD1
cg27452868,blue,
cg27461800,turquoise,KDM5A
cg27462519,grey,
cg27463760,turquoise,EARS2
cg27465717,turquoise,LRRC67
cg27469738,grey,ANKRD2
cg27470012,turquoise,N4BP1
cg27471464,turquoise,CCDC137
cg27473416,grey,
cg27475126,grey,CCNE1
cg27477504,grey,
cg27481208,turquoise,ZNF828
cg27481720,turquoise,PTBP1
cg27482485,turquoise,EIF5A
cg27484512,blue,FBXL13
cg27484876,turquoise,EIF6
cg27487903,turquoise,NDST3
cg27488370,turquoise,IMPDH1
cg27490380,grey,SORCS2
cg27490465,blue,AP2A1
cg27492839,blue,ARHGAP15
cg27493151,turquoise,DPF1
cg27494226,grey,
cg27494647,grey,RARRES2
cg27495623,turquoise,ZFC3H1
cg27496299,blue,DNAJB6
cg27500298,grey,MED1
cg27500716,blue,PIK3CB
cg27501451,turquoise,BRD2
cg27503573,turquoise,PAOX
cg27505492,grey,
cg27505684,turquoise,CACYBP
cg27505984,turquoise,DDX55
cg27506082,brown,ZDBF2
cg27506254,blue,XKR4
cg27507687,grey,COL7A1
cg27510182,grey,DAB1
cg27514038,grey,NIPA2
cg27515800,turquoise,RNF122
cg27517502,blue,ADARB2
cg27523423,purple,SIN3A
cg27527593,turquoise,
cg27528091,turquoise,
cg27528817,blue,SHQ1
cg27530058,grey,TIMM22
cg27530186,blue,CAMKK2
cg27532938,blue,
cg27535677,grey,
cg27537561,turquoise,VDR
cg27538385,turquoise,STXBP3
cg27540823,yellow,ERCC6
cg27543040,grey,
cg27543214,turquoise,
cg27546118,blue,PARP11
cg27547703,blue,TDRD1
cg27547954,turquoise,
cg27549878,grey,SPRED3
cg27550511,grey,
cg27551078,grey,
cg27553745,turquoise,ITGA7
cg27554509,turquoise,YTHDF1
cg27554514,turquoise,DPYSL4
cg27554844,yellow,EFCAB6
cg27559842,blue,TULP4
cg27559893,turquoise,BAT2
cg27560282,turquoise,ICK
cg27560444,turquoise,H3F3A
cg27561222,turquoise,MCOLN2
cg27561907,grey,TESSP1
cg27565365,green,HIST1H4H
cg27567864,grey,
cg27571374,grey,
cg27572370,grey,FRMD4A
cg27573991,grey,C1orf150
cg27575106,turquoise,COX17
cg27576679,turquoise,ZBTB12
cg27576755,brown,EFNB3
cg27577933,salmon,LDLRAP1
cg27579233,blue,ZBTB40
cg27582696,grey,
cg27586797,grey,
cg27589088,grey,
cg27591450,darkred,
cg27592331,turquoise,GATA6
cg27592410,sienna3,FAM69C
cg27593384,grey,CDH2
cg27595100,blue,RALGAPB
cg27595489,blue,
cg27597084,grey,C11orf61
cg27598656,turquoise,GAN
cg27599058,turquoise,
cg27599391,turquoise,ATM
cg27604613,grey,CBLB
cg27604626,turquoise,PTPRB
cg27604671,turquoise,MALT1
cg27606567,turquoise,
cg27607319,turquoise,CCNT1
cg27610579,turquoise,BAG2
cg27611887,grey,
cg27614376,blue,
cg27618145,blue,NUP93
cg27619163,grey,ALOX12B
cg27620176,blue,GRAMD4
cg27620871,grey,PRSS22
cg27626617,turquoise,
cg27628961,blue,MTF1
cg27633287,grey,
cg27636011,pink,C10orf2
cg27636594,blue,VPS41
cg27637873,blue,NCALD
cg27638597,turquoise,SNTA1
cg27639268,turquoise,CUX2
cg27640908,grey,RPL13AP5
cg27641830,turquoise,RBM39
cg27651003,turquoise,TMEM208
cg27653831,turquoise,C16orf86
cg27654505,sienna3,TSPAN5
cg27655214,turquoise,
cg27656486,lightgreen,JAG2
cg27657429,grey,ARHGAP22
cg27661460,grey,FAM38A
cg27661711,grey,PCK1
cg27662220,pink,FITM2
cg27662412,turquoise,PIK3C3
cg27663389,grey,
cg27665377,turquoise,EPB41L5
cg27665397,blue,TSSC1
