cpg,chr,pos,UCSC_RefGene_Name,Relation_to_Island,logFC_M,dbeta,t,p_raw,p_bacon,fdr_bacon
cg16411857,chr16,57023191,NLRC5,Island,-0.305351247615838,-0.00938526413996238,-7.46092595126813,5.38621843770793e-13,6.50209296955151e-10,0.000268206133319624
cg07839457,chr16,57023022,NLRC5,N_Shore,-0.407484350183387,-0.0081132648129354,-6.69370305383742,7.36216732369658e-11,3.05190507812155e-08,0.00419628809828172
cg23844018,chr10,334773,DIP2C,OpenSea,0.227575454934082,0.0072064031344582,6.08743213180075,2.68742322689415e-09,3.18842916729099e-07,0.0187885932010599
cg19102858,chr2,237993901,COPS8,N_Shore,0.130312620501019,0.0134844942241364,5.70402820719727,2.2759884000919e-08,1.64742195252842e-06,0.0427533552695505
cg17689206,chr2,136288817,R3HDM1,N_Shore,0.183523105620429,0.0124833434905354,5.66669098649201,2.78588859098516e-08,1.92297333102928e-06,0.0440672841812738
cg00469083,chr16,78601838,WWOX,OpenSea,-0.167436180826494,-0.0081180096537673,-5.65833190984548,2.91444628541179e-08,2.92997328561241e-06,0.0604295270264418
cg10468484,chr20,57431303,GNAS,S_Shore,0.096454444162959,0.0330030110491252,5.51390203628805,6.30114996477488e-08,3.58601699589467e-06,0.0662394523366184
cg00910503,chr17,80393666,HEXDC,Island,0.246634851384909,0.0228758250819778,5.19386905659483,3.2848141366183e-07,1.25758784119227e-05,0.0925021079802477
cg22004151,chr6,42952586,PPP2R5D,OpenSea,0.128218814962203,0.0107024248212878,5.14436942096068,4.21037559612544e-07,1.51765666878769e-05,0.0925021079802477
cg15220605,chr17,80393595,HEXDC,Island,0.218852634910797,0.0396734792597124,5.13552399137566,4.40045783969088e-07,1.56923098841454e-05,0.0925021079802477
cg15568074,chr6,32551949,HLA-DRB1,Island,0.900625086718511,0.114451558574351,5.13132165976013,4.49364944339006e-07,1.59431459762991e-05,0.0926256361979658
cg15418155,chr9,35072920,VCP,S_Shore,0.170890361553222,0.0229920684914511,5.00824993431541,8.25000269272598e-07,2.52355077236652e-05,0.11292146913211
cg08946801,chr12,100594395,ACTR6,N_Shore,0.238366946579635,0.0268923840774707,4.90806738355004,1.34083394137112e-06,3.64024554673942e-05,0.121979528008747
cg00804392,chr4,40198595,RHOH,OpenSea,0.130610462159328,0.0137755262475498,4.90523697292985,1.35920031035097e-06,3.67776651665876e-05,0.121979528008747
cg14582298,chr10,31610093,ZEB1,Island,0.136434560968109,0.00809181950313553,4.79065857269186,2.34488404331907e-06,5.54535125245052e-05,0.132295544538998
cg25683101,chr7,116503318,CAPZA2,S_Shore,0.13198289788863,0.01645707259089,4.78082946899129,2.45598037528734e-06,5.74185742312477e-05,0.133811878654214
cg22898082,chr19,11074428,SMARCA4,S_Shelf,0.0759114995382183,0.0730477547899077,4.75114584958852,2.82313375710122e-06,6.37611046080807e-05,0.136274329336769
cg09364590,chr6,155537901,TIAM2,N_Shelf,0.0894176349055234,0.00159980269159427,4.61711867180329,5.24895232498944e-06,0.000101592186309634,0.150221858660243
cg03907371,chr7,4726408,FOXK1,S_Shelf,-0.089161780067686,-0.0241530119410254,-4.71115522193204,3.40219085723117e-06,0.000101743403562163,0.150221858660243
cg08122652,chr3,122281939,PARP9,N_Shore,-0.177479203144954,-0.00868462480601884,-4.69754957100702,3.62407903102637e-06,0.000106598978645863,0.150387891919491
cg16275960,chr12,69634017,CPSF6,Island,0.219928378797697,0.00670085342293434,4.57957846753405,6.22840523910355e-06,0.00011550487211134,0.154439994399699
cg08269402,chr6,32549631,HLA-DRB1,N_Shelf,-0.843364214137662,-0.117234620536286,-4.64746263211881,4.56717739142427e-06,0.000126424381690526,0.160921168462258
cg12752647,chr10,73849106,SPOCK2,S_Shore,0.075206949355231,0.0277980825448918,4.53815935685973,7.51241024292473e-06,0.000132932436065826,0.163195138147811
cg13652281,chr17,80393504,HEXDC,Island,0.189239481199228,0.0107815643539073,4.53249766565342,7.70653437116693e-06,0.000135498729199252,0.164873574645598
cg22875643,chr1,67395615,MIER1,N_Shore,0.183361266045022,0.0187976727522583,4.51520233741642,8.32981239284835e-06,0.000143630343590991,0.168042983206615
cg12251939,chr17,37028295,LASP1,S_Shore,0.0660714517735861,0.0303210820705084,4.51415836080306,8.36894286271025e-06,0.000144135604280241,0.168042983206615
cg24109860,chr17,76136520,TMC8,Island,0.14347620766316,0.0135089377301083,4.48072251652598,9.71971478712364e-06,0.000161231676885943,0.170368052597488
cg05598969,chr1,65432439,JAK1,Island,0.143805659942806,0.0125310208391903,4.44386980480277,1.1450272312265e-05,0.000182277649358484,0.171782793175648
cg00959259,chr3,122281975,PARP9,N_Shore,-0.201161594428712,-0.0349951239964052,-4.52044363326526,8.13599557844647e-06,0.000193405274308566,0.174639230723942
cg16025584,chr9,139887217,C9orf142,N_Shore,-0.128837548831362,-0.0156318235595628,-4.50237911210452,8.82285384474827e-06,0.000205282711134918,0.174768128695277
cg18023558,chr4,10118459,WDR1,Island,-0.171340890520696,-0.00465488365435411,-4.49466325677811,9.13288324407936e-06,0.00021056187683874,0.176668630421234
cg08064672,chr14,69367352,ACTN1,OpenSea,0.0735654513740761,-0.012632708885882,4.36820872254792,1.59733783570661e-05,0.00023383527488549,0.18442673079936
cg09437522,chr20,57431202,GNAS,Island,0.0788075914245562,0.0197402039152554,4.36569338419283,1.61498378728872e-05,0.000235764408876722,0.185218616919173
cg00211215,chr6,32552246,HLA-DRB1,Island,1.10095796995518,0.130075453647783,4.36034808923446,1.65310416554737e-05,0.000239913668969437,0.186142131336901
cg19118289,chr20,524640,CSNK2A1,S_Shore,0.165654071766491,0.0161282267235836,4.3457195304488,1.76188036928164e-05,0.000251622046434482,0.189747863213624
cg23289794,chr7,2394357,EIF3B,Island,0.132219148193135,0.00834382499957613,4.33235413988728,1.86722089230318e-05,0.000262785919512806,0.191835239272764
cg15982117,chr6,32552106,HLA-DRB1,Island,0.824730490311582,0.0831021961466042,4.3286615886508,1.89736946631004e-05,0.000265951145383715,0.192372939756239
cg25529965,chr7,56174084,CHCHD2,Island,-0.117266122941559,-0.0164064586396819,-4.41698072751365,1.28953352236114e-05,0.00027130312470386,0.194626727852773
cg14111380,chr6,29576818,GABBR1,OpenSea,-0.102493610793212,-0.00685538969876143,-4.36516464134323,1.61871674669215e-05,0.000320567820622965,0.207911417396868
cg09091185,chr16,936993,LMF1,OpenSea,0.112225291800058,0.0117505009234061,4.24275316795258,2.745409420133e-05,0.000350492320092897,0.216285321897927
cg06358608,chr6,134497230,SGK1,N_Shore,0.148134193881485,-0.0147730319515698,4.23290609794963,2.86305202747462e-05,0.000361646878542783,0.21672605006535
cg04510155,chr17,73518035,TSEN54,Island,0.133887329937939,0.00942867451123042,4.22738944775578,2.93104568245942e-05,0.000368040231120205,0.21938388875034
cg04806237,chr10,422393,DIP2C,Island,-0.103232082076759,-0.0121976736309752,-4.31363149366231,2.02495709595591e-05,0.000377772409282927,0.222335911757784
cg06868569,chr12,133132156,FBRSL1,Island,0.0993087642810273,0.00617134055094926,4.21001617938905,3.15538370815627e-05,0.000388871582097578,0.2248091555756
cg07390647,chr3,98453086,ST3GAL6,S_Shore,0.109781654443334,0.00847940605022173,4.20809536055558,3.18116898122407e-05,0.000391241182230295,0.225082088898939
cg20160197,chr4,1222037,CTBP1,Island,0.136662429928362,0.00342172522233353,4.20109778902524,3.27681504681096e-05,0.000399988262468603,0.225239856871006
cg21542174,chr4,1858591,LETM1,Island,0.1920878893985,0.00653977804816707,4.18163700988966,3.5574435307581e-05,0.000425284702483624,0.228122935626625
cg15516835,chr10,710082,DIP2C,N_Shore,-0.122989970112,-0.00580436697869335,-4.25999290596101,2.55047244697153e-05,0.000447353421953394,0.232121274661075
cg08091526,chr16,79156020,WWOX,OpenSea,-0.116743196573144,-0.00762729627271552,-4.21426885564096,3.09900270174996e-05,0.000515931009133985,0.242534270758588
cg18344922,chr6,29595661,GABBR1,Island,0.166860552384138,0.00869197378544192,4.0772273281743,5.49867901306398e-05,0.000588474553378353,0.247612700336759
cg02071988,chr6,155448588,TIAM2,OpenSea,-0.139493463071401,-0.0279764724094415,-4.14193462876487,4.20259356747944e-05,0.000644714140727418,0.252610702238555
cg06068163,chr7,2402340,EIF3B,OpenSea,0.104575033476979,0.0267916992894285,4.04267250934036,6.33837026484867e-05,0.000654223334980989,0.254346740709687
cg18233311,chr5,132362578,ZCCHC10,S_Shore,0.126104540950961,0.0129590135486112,4.03199916444015,6.62146051121276e-05,0.000675873742681754,0.257702034888841
cg08188400,chr19,7969347,MAP2K7,Island,-0.0949858175627798,-0.00929064548553586,-4.12173347172131,4.57220891065864e-05,0.000685691710580092,0.258516552376465
cg14438812,chr10,574670,DIP2C,N_Shore,-0.103489358235944,0.0188576436657165,-4.11697212756074,4.66372650027727e-05,0.000695696285749816,0.258516552376465
cg02259743,chr14,58666188,ACTR10,N_Shore,0.120104449815251,0.0141977072555753,4.00608486541748,7.35960374444242e-05,0.000731242049747346,0.259504919828312
cg19160520,chr1,226927217,ITPKB,S_Shore,0.190737921097427,0.0415173156043885,4.00562996966774,7.37323338880878e-05,0.000732250574205585,0.259504919828312
cg01231485,chr12,133140633,FBRSL1,Island,0.0697535726370349,0.0211526344902625,4.00514350107355,7.3878355354779e-05,0.000733330526643619,0.259504919828312
cg24844313,chr1,226926318,ITPKB,Island,-0.0674191350833674,-0.000105314721198194,-4.09551680816504,5.09818452039055e-05,0.000742484073019814,0.259556842182043
cg19685205,chr12,8672038,CLEC4D,OpenSea,0.143959487674457,0.0213423322839703,3.96441882204811,8.7124927760374e-05,0.000829169070012001,0.2708978755772
cg02909446,chr10,73849124,SPOCK2,S_Shore,0.0899246579494263,0.0435178894967635,3.9642418406235,8.71871296790622e-05,0.000829609826784548,0.2708978755772
cg07021447,chr14,69418951,ACTN1,OpenSea,0.0805885993863369,0.00340350496425168,3.96254736324887,8.77848066198954e-05,0.000833840790463051,0.271047951984293
cg00035000,chr1,25255003,RUNX3,N_Shore,0.126723930526619,0.0163008094844806,3.96085917460665,8.83841277074806e-05,0.000838075948776853,0.271357844049785
cg14012264,chr7,4743426,FOXK1,OpenSea,-0.135060394447669,-0.0168977312525723,-4.03925183451798,6.42782064911281e-05,0.000879420976669272,0.273479977734864
cg27146574,chr16,3614909,NLRC3,S_Shore,0.0751726951130454,0.0038556068584179,3.94271560887364,9.50749784722337e-05,0.000884869461298378,0.273868709566906
cg19172447,chr12,132551483,EP400,OpenSea,0.157962757263454,0.0169272350508264,3.9253912938543,0.000101909576865652,0.000931799820728927,0.278094680279498
cg12059864,chr6,111989790,FYN,OpenSea,0.0751088971674747,0.018000713022908,3.91683289658251,0.000105455283811803,0.00095582539925781,0.279147689593764
cg18912520,chr6,41528623,FOXP4,Island,0.167204095867775,0.00675699761893879,3.91045408698193,0.00010817366414835,0.000974104138843267,0.279147689593764
cg24147543,chr6,32554481,HLA-DRB1,S_Shelf,0.597396103468313,0.0575027163036448,3.90596518937761,0.000110126282986651,0.000987160728505236,0.280004938212101
cg17651255,chr1,25559743,SYF2,S_Shore,0.149968972700471,0.0183976677695734,3.90510615030024,0.00011050373993941,0.000989677762208271,0.280004938212101
cg11668638,chr6,42952412,PPP2R5D,OpenSea,-0.0975513606285093,-0.00841966891577636,-3.99856864736967,7.58790297066075e-05,0.000992637490452637,0.280004938212101
cg16333971,chr13,30424821,UBL3,Island,0.233992704907447,0.00655874067742063,3.90131954768063,0.000112182201163471,0.00100084370816529,0.280384543110782
cg00813162,chr14,69443362,ACTN1,N_Shore,0.0490400951507322,-0.0236554227436387,3.89569214383578,0.00011472127579075,0.00101765341486168,0.281374996850776
cg02355868,chr16,89034797,CBFA2T3,S_Shore,-0.127888284128991,-0.00924489137611434,-3.98497292922713,8.01803807053479e-05,0.0010333855356114,0.28185551635649
cg10632894,chr6,32552453,HLA-DRB1,S_Shore,0.505672571316693,0.0346602086554898,3.87586928200353,0.000124105487774517,0.00107897023412179,0.28437480234573
cg08315613,chr19,11074303,SMARCA4,S_Shore,0.0613970647193976,0.0687648485244342,3.87335423724951,0.000125346767953592,0.0010869895949137,0.284375876940976
cg19628988,chr5,139040928,CXXC5,Island,0.114006446424675,-0.0359765341304997,3.87017674036746,0.000126931794651044,0.00109720003892223,0.284466523227599
cg04747842,chr7,100477260,SRRT,S_Shelf,-0.13264400761105,-0.0196737385014786,-3.95245021801142,9.14276205414614e-05,0.00113722117906233,0.28851070649109
cg15598425,chr19,48956889,GRWD1,S_Shore,0.111876835009404,0.0132006874363414,3.84931110004646,0.000137820817913673,0.00116648325564455,0.290033159184648
cg06683487,chr16,936480,LMF1,OpenSea,0.156878930153809,0.00575742426384074,3.8355286441972,0.000145491529382954,0.00121444102482211,0.293280444576337
cg00920098,chr7,2962795,CARD11,OpenSea,0.0902996985249764,0.0120563267392909,3.82691866592612,0.000150486397925376,0.00124531797994846,0.295220519646494
cg00582583,chr16,88992178,CBFA2T3,N_Shore,0.180787327853011,0.0188066971457553,3.82037754369185,0.000154388920768969,0.00126925844622495,0.297300552454131
cg10154826,chr6,17600994,FAM8A1,Island,0.346809152234251,0.0513250720647366,3.81937609180059,0.000154994774806977,0.00127296103611328,0.297392797762835
cg09153080,chr11,60739183,CD6,OpenSea,-0.117401230892981,-0.0134524011192727,-3.90826332581716,0.000109122487678936,0.00129378527426035,0.298810792469317
cg20146868,chr19,48948963,GRWD1,N_Shore,0.124486058232699,0.0149479236278415,3.81178912327915,0.000159658214238622,0.00130133731641556,0.29926607849404
cg18183961,chr4,40519094,RBM47,OpenSea,0.0740190543358182,-0.0110882923204628,3.8060834658944,0.000163252256831937,0.00132306059640948,0.299864209365515
cg26884973,chr17,48228073,PPP1R9B,Island,0.0992805446416743,0.0189086353861914,3.79593743812752,0.000169832799506933,0.001362518247817,0.300863499588041
cg25154630,chr1,67389698,MIER1,N_Shore,-0.160231185955611,-0.00672212612920731,-3.88678377079413,0.000118852245769852,0.00137687183278821,0.30153054777923
cg19828298,chr1,3713105,LRRC47,Island,-0.105537879798364,-0.014275655675069,-3.88218524867476,0.000121039372173388,0.00139528745232493,0.30164827661657
cg09703114,chr12,132515752,EP400,S_Shore,-0.153155940330255,-0.0268219515007411,-3.87497497332418,0.000124545528074518,0.00142462005373716,0.303278964485266
cg12053291,chr12,125282342,SCARB1,OpenSea,0.100192236058488,0.00326342862937257,3.76734264981409,0.000189752396312866,0.00147963710727844,0.305869420033622
cg15760474,chr6,41554529,FOXP4,OpenSea,-0.166750347435917,-0.0197618326717084,-3.85772258135063,0.00013332896696768,0.00149712799030824,0.306136041871741
cg11133963,chr17,47297512,ABI3,S_Shore,0.0909423494098139,0.0401600014116666,3.75282513362848,0.000200690074393431,0.00154258505119479,0.309938622960274
cg18642234,chr3,49394622,GPX1,N_Shore,0.0716587422319895,-0.0148841280379436,3.75143133613439,0.000201770894435955,0.0015487565379538,0.310757209192243
cg15700197,chr1,159409207,OR10J1,OpenSea,-0.11577962084229,-0.00104364142331848,-3.83679974609957,0.000144767541938534,0.00158961921312712,0.313334970039362
cg20435896,chr4,40632723,RBM47,S_Shore,0.0717395890374477,-0.027923741394328,3.73645692291129,0.000213734314454152,0.00161651004740202,0.313972975619593
cg07021777,chr4,88312416,HSD17B11,OpenSea,0.111997073222435,0.0171475983431322,3.73130597581878,0.000218001848361404,0.00164043967193937,0.314426668573644
cg04594507,chr12,133120760,FBRSL1,OpenSea,0.167046772586915,0.017718185061163,3.71514186254337,0.000231921031013347,0.00171766537043035,0.316677107166194
cg20115117,chr3,71277910,FOXP1,OpenSea,-0.155856884302711,-0.0291008357131163,-3.80275696894384,0.000165382764868985,0.0017514139821636,0.317139708661382
cg08314679,chr10,102295474,HIF1AN,OpenSea,0.0982695151502075,0.0126905804705381,3.69850538769604,0.000247118428304673,0.00180062746421827,0.320424686786162
cg25038330,chr10,463561,DIP2C,N_Shelf,-0.10770481466095,-0.00988297142822148,-3.77923710276597,0.000181212634812545,0.00187189649262887,0.324293291909899
cg17524151,chr16,475494,RAB11FIP3,Island,-0.0952653215995554,-0.00350233553163051,-3.77855891450006,0.00018168963296339,0.00187548089059552,0.324369334810704
cg18516035,chr6,32975107,HLA-DOA,N_Shore,0.0743677548198039,0.0082447282318272,3.67770286575426,0.000267441862089641,0.00190954309589735,0.326022868672553
cg27180443,chr12,125348871,SCARB1,S_Shore,0.0566730731004883,0.0122197509133488,3.67730465065078,0.000267845829266521,0.0019116858306665,0.326157662158459
cg18497508,chr6,41528345,FOXP4,Island,0.0838687257556454,0.00848473951682635,3.67543178531007,0.000269753459168083,0.00192179307798712,0.326670612036693
cg03419646,chr17,47297268,ABI3,Island,0.111380563388767,0.0345954029144533,3.6742741746947,0.000270938942135456,0.00192806484208327,0.326849035616902
cg07080220,chr10,102295463,HIF1AN,OpenSea,0.137172291046875,0.0179960178653753,3.6715461567835,0.00027375205818931,0.00194291924546509,0.326849035616902
cg06535156,chr6,155538055,TIAM2,N_Shore,0.067823586526786,-0.0142965815259808,3.6699229476459,0.000275438916743769,0.00195180761209299,0.326849035616902
cg08949974,chr4,40632860,RBM47,S_Shore,0.081667467700739,-0.0582090817994795,3.6550370245793,0.000291371120323664,0.00203507817728568,0.330336173004618
cg00465359,chr9,36401311,RNF38,Island,0.10478292591272,0.0160535029898742,3.63958935012657,0.00030881817252738,0.00212492712288055,0.334407366255495
cg04137128,chr15,75744262,SIN3A,Island,0.0947890469433566,0.0115842646375315,3.61382973038583,0.000340112729203316,0.00228287905073804,0.339726900085799
cg03631294,chr17,62007941,CD79B,OpenSea,0.0584357708420275,0.0232758905799301,3.60578500646539,0.000350480840702821,0.00233436832374677,0.342056118798714
cg15200418,chr7,4755010,FOXK1,N_Shelf,0.0993687030806717,-0.0404571490222201,3.59775694496312,0.000361122730472037,0.00238680911484071,0.343858886178949
cg23249369,chr20,57426759,GNAS,Island,0.0896460349094319,0.0131126500638051,3.5922793047395,0.00036855707594503,0.00242320668830345,0.344139069867516
cg27220598,chr12,69863916,FRS2,N_Shore,0.102611947455011,0.0135032285727879,3.58761444996131,0.000375001291091239,0.00245460327216819,0.345836550191333
cg01678062,chr3,122283327,PARP9,Island,-0.0939479747008641,0.00204256668882075,-3.67317844234981,0.00027206557097359,0.00251558092715603,0.349599156409887
cg03537301,chr5,56246561,MIER3,Island,0.161394844236644,0.0122186354902016,3.57772836847058,0.000389009353885926,0.00252237494878433,0.34975031055927
cg06156260,chr1,25292412,RUNX3,OpenSea,0.120535387591968,0.0209443338848583,3.57696501519878,0.000390111151789833,0.00252767846676383,0.349764222110817
cg06415304,chr16,28304303,SBK1,Island,0.127957211062076,0.0231971163046218,3.57066593343438,0.000399315407430244,0.00257183323054312,0.350049849928213
cg22989942,chr20,57426950,GNAS,Island,0.0569518967567583,0.0214795871841866,3.56810021670276,0.000403122497565564,0.00259001946309324,0.350670704182542
cg08641278,chr10,73848764,SPOCK2,S_Shore,0.101116702553349,-0.0166357471928316,3.56455667923069,0.000408436497301758,0.00261533002226663,0.350762632703871
cg20256009,chr1,153363020,S100A8,OpenSea,0.0712092137987628,-0.00867694020684612,3.56318709504602,0.000410507911001988,0.00262517304288153,0.351122853049379
cg10621377,chr12,133656627,ZNF140,N_Shore,0.137102982978176,0.0157176223997809,3.56263521781422,0.000411345372769867,0.00262914887511055,0.351350768470446
cg16158296,chr21,45559077,C21orf33,N_Shore,0.0696752812433956,0.0104404185874181,3.56012761832167,0.00041517081369436,0.00264728353422009,0.352060387300631
cg05281796,chr6,32975360,HLA-DOA,N_Shore,0.17824052721029,0.0182535857505662,3.5548628075434,0.000423311260339905,0.00268573057515162,0.35396309882571
cg13003239,chr3,49044627,WDR6,Island,-0.162869262008069,-0.0200690866314528,-3.64085363752553,0.000307354161064634,0.00274872513276781,0.355481722687935
cg17327630,chr7,148937187,ZNF212,Island,-0.102181407400291,-0.0036277321118182,-3.6403691209516,0.000307914445880185,0.00275236519489423,0.355481722687935
cg09782637,chr10,374092,DIP2C,S_Shore,-0.124321257230716,-0.0246319574175661,-3.6363126102271,0.000312643114115106,0.00278301403304164,0.355481722687935
cg25920207,chr11,117102799,PCSK7,Island,-0.10040339834883,-0.00828108601389986,-3.63452011093879,0.00031475429365773,0.00279665624613977,0.355481722687935
cg12255293,chr12,120967035,COQ5,Island,0.117107270314841,0.0122942372402822,3.5390586084361,0.000448655359868115,0.00280422820155057,0.355481722687935
cg09139047,chr6,32552042,HLA-DRB1,Island,0.58493308668912,0.0610574833205418,3.53313083091072,0.000458522683540678,0.00284989147837369,0.355851758047222
cg16618003,chr1,65432492,JAK1,Island,-0.0955721581018142,-0.00912939813441348,-3.62600603856564,0.000324966245741759,0.00286229226238725,0.356403204486212
cg06430465,chr16,1014935,LMF1,Island,-0.201653151650433,0.017621627162806,-3.6145020509948,0.000339259405663941,0.00295321214001163,0.35953141765392
cg07076109,chr7,4747261,FOXK1,OpenSea,-0.141927240404914,-0.019070172917776,-3.59846404254589,0.000360173368640114,0.00308436641679279,0.364340341350427
cg17076443,chr6,112115190,FYN,OpenSea,0.0991548082717811,0.0223234102142191,3.49993222932386,0.000517647009642906,0.00311841474605211,0.366344903999577
cg00667298,chr6,29576329,GABBR1,OpenSea,0.0565095070350488,0.0229538918862764,3.49629724941395,0.000524537037415468,0.00314917560542395,0.367367009002414
cg05055782,chr3,49396193,GPX1,S_Shore,-0.0710673295356122,-0.0250224174668793,-3.55996869388702,0.000415414379462078,0.00342111971488508,0.373033178279772
cg24793625,chr19,56165307,U2AF2,Island,0.0922091371682602,0.0137757436022711,3.46440184229348,0.000588780758584577,0.00343118715885795,0.373341401617418
cg13707793,chr5,139045301,CXXC5,N_Shelf,0.138354115449335,0.0130349715161741,3.46272341282902,0.000592357158885957,0.00344664538395841,0.373548980262834
cg01515559,chr12,132537065,EP400,OpenSea,-0.0835929681073275,-0.0111718638731523,-3.55451133901235,0.000423859993326439,0.00347147909660176,0.374131189030835
cg03399598,chr4,174091002,GALNT7,Island,-0.101994699216632,-0.0218921202232248,-3.5541439886521,0.000424434234458829,0.00347489304731581,0.374131189030835
cg05053403,chr12,133120676,FBRSL1,OpenSea,0.456051302095629,0.0163782776717901,3.45926787505859,0.000599784227971087,0.00347867043055551,0.374186788989257
cg06095699,chr12,100594421,ACTR6,N_Shore,0.135520365816348,0.0194606260382733,3.45044925542719,0.000619134473221112,0.00356163028493942,0.375350011265604
cg04884481,chr14,99736387,BCL11B,Island,0.179664350165591,0.00827818258416502,3.44480495367337,0.000631823832571363,0.00361566868550563,0.376529767084471
cg16842053,chr7,3083333,CARD11,OpenSea,0.11614504902029,0.00485637875261686,3.44451131884979,0.000632490573963394,0.0036185002375691,0.376641280617483
cg18298785,chr6,41569800,FOXP4,OpenSea,0.0768123488985004,0.0059529643017382,3.44315015179735,0.000635589895732621,0.00363165247842741,0.377179285619876
cg24490039,chr12,120967180,COQ5,S_Shore,0.118932786108408,0.0173173374893659,3.43740701627627,0.000648823570609615,0.00368762540361341,0.379242287108158
cg13712476,chr19,44716600,ZNF227,Island,0.216205725182549,0.0305170896437766,3.42705475703187,0.000673329745889791,0.00379050398564216,0.381214530597179
cg22930808,chr3,122281881,PARP9,N_Shore,-0.158925723428444,-0.039734179194151,-3.52100263924984,0.000479347808272886,0.00379576151696502,0.38151102818127
cg15658543,chr7,3026309,CARD11,OpenSea,0.110504015295911,0.00540619575248547,3.42144980242375,0.000686955726767135,0.00384728681255229,0.383114196387713
cg23908638,chr6,29579475,GABBR1,OpenSea,-0.148407771053606,-0.0160290091310292,-3.5114664595253,0.000496340596968337,0.00389295301302153,0.383902203158977
cg13497506,chr11,34127040,NAT10,Island,0.198993483750309,0.00683181093780513,3.41245778213646,0.000709354433002743,0.00393999951681963,0.385216054063231
cg10460813,chr16,87749116,KLHDC4,OpenSea,0.105575725940052,0.0284742529890824,3.4115864631875,0.000711560670100746,0.0039490902735013,0.385382990102407
cg08553913,chr17,37028977,LASP1,S_Shore,0.0480580935611653,0.00941507460152891,3.40423916858757,0.000730420637391637,0.00402650781974181,0.387163908617744
cg19050973,chr4,84206169,COQ2,S_Shore,0.148575936010538,0.0294719210715909,3.40152643023239,0.000737501085890784,0.00405543810700458,0.388218790871176
cg01729739,chr16,2810175,SRRM2,N_Shelf,0.0740837442979024,0.0127284049410936,3.39227363292633,0.000762135810757207,0.0041555404436154,0.389703509122649
cg00402956,chr16,88949636,CBFA2T3,N_Shore,0.0689769799083237,0.0208160271385155,3.38640214549777,0.000778163574145054,0.00422021898256413,0.389703731487764
cg14709524,chr16,89940631,TCF25,Island,0.0857776801590161,0.0152747821342814,3.38309014377999,0.000787342540986132,0.00425710450284147,0.389998719037242
cg24591318,chr4,40632020,RBM47,Island,0.117653122815914,0.0128174657273009,3.380778843527,0.000793807789377306,0.00428301823446336,0.390174637272584
cg16245510,chr1,25559209,SYF2,S_Shore,0.118618245957429,0.0148752317573471,3.37572979246369,0.00080810357074024,0.00434012516425759,0.391486312979431
cg25499748,chr9,139886815,C9orf142,Island,0.141341525298187,0.00405920235528603,3.3683806413775,0.000829340804587344,0.00442448128923604,0.392890438249488
cg09862941,chr1,25232337,RUNX3,N_Shelf,0.0607087924281194,0.0187070580058981,3.36830236741913,0.000829569768674368,0.0044253876876619,0.392890438249488
cg13706784,chr16,1014975,LMF1,Island,-0.108128751961024,0.018684496249896,-3.46238442286053,0.000593081938612615,0.00442988295822442,0.392890438249488
cg10159923,chr4,861224,GAK,OpenSea,-0.101783280968591,-0.00484185451403618,-3.45800205950069,0.000602526579326032,0.00448094612870343,0.393058361577117
cg15545222,chr12,120967037,COQ5,Island,0.101503547669055,0.0114489339537884,3.3612771021881,0.00085036119623975,0.00450742764187746,0.39308029606495
cg08906366,chr7,4803811,FOXK1,S_Shore,-0.138965507141444,-0.0131799731837999,-3.44362287334364,0.000634511924434332,0.00465225974294178,0.395175335730694
cg08531623,chr16,969293,LMF1,S_Shore,0.0937994816829356,0.0248097306513051,3.3483309604458,0.000889951558823108,0.00466222839992427,0.395462043417965
cg25126812,chr14,69445989,ACTN1,Island,0.0719241648189695,0.00731202767430154,3.34579097764002,0.000897917552492656,0.00469315869126368,0.395634048721364
cg26963976,chr16,57023483,NLRC5,Island,0.130315375659364,0.00417959936455981,3.33073922376935,0.000946501005030444,0.00488029207853375,0.39820620938791
cg24540913,chr10,102046174,BLOC1S2,Island,0.125175153846976,0.0344511419868731,3.32950526452873,0.000950590446681989,0.00489592890646899,0.398242433792736
cg08128228,chr1,167191360,POU2F1,Island,-0.113653420629163,-0.00106786124323514,-3.42147107626209,0.000686903525861944,0.00492780207133919,0.398716866023541
cg05606039,chr17,73511506,TSEN54,Island,-0.0634069443900628,-0.00999787928220402,-3.39818887283122,0.000746300149424143,0.00523323843119024,0.404845856414012
cg08571469,chr7,4798530,FOXK1,Island,-0.113082898898244,-0.0122885326052962,-3.39765853812268,0.00074770728985765,0.00524039083469558,0.405015665931589
cg12531838,chr10,531914,DIP2C,S_Shore,0.108072420494377,0.0131553645556443,3.30175520654292,0.00104700958166889,0.00525976525565883,0.405029061522914
cg18224653,chr20,57426979,GNAS,Island,0.0704108631258126,0.0303241832068095,3.29612976218683,0.00106763102715416,0.00533643370277614,0.406262180901297
cg27027803,chr20,57464742,GNAS,Island,0.050315550986233,0.0135292158139634,3.29410484637518,0.00107514570513601,0.00536427709611142,0.406419689489227
cg00020297,chr6,17600383,FAM8A1,Island,0.124653336352705,0.00509286210269511,3.29223067145085,0.00108214470092067,0.00539016457079141,0.407172622950392
cg00798428,chr4,84205382,COQ2,Island,0.0907161160741474,0.00984401154542207,3.28827726074211,0.00109704742012378,0.00544514225170553,0.4075736708827
cg26259944,chr14,91848948,CCDC88C,OpenSea,-0.102034422648703,-0.0117420915688065,-3.38247930336976,0.000789046418680767,0.00544888737850862,0.4075736708827
cg01657796,chr14,91766373,CCDC88C,N_Shelf,0.0992133114908688,0.00994028703639804,3.28760228731017,0.0010996107499281,0.00545457912683568,0.4075736708827
cg10222254,chr16,974785,LMF1,S_Shore,-0.124104233910102,-0.0115258732813012,-3.38148042329992,0.000791840097431917,0.00546286673959508,0.4075736708827
cg03001945,chr12,62585579,FAM19A2,Island,-0.0756504197291776,-0.0109504896985676,-3.3769253027671,0.000804697122145255,0.00552702712869658,0.409227691225731
cg00661320,chr10,73848825,SPOCK2,S_Shore,0.0934137840817825,-0.0304726375058861,3.28201597641913,0.0011210401452603,0.00553325044445579,0.409227691225731
cg14078579,chr12,133120548,FBRSL1,OpenSea,0.239033889968628,0.0347802816646726,3.25957894067598,0.00121107344018415,0.00585964714925328,0.41679243298472
cg18679886,chr7,107531975,DLD,Island,-0.0937474213467872,-0.00808667030714086,-3.35093319300759,0.000881858564879788,0.00590632020114024,0.416877169764109
cg08544331,chr1,25246922,RUNX3,OpenSea,-0.113374989696506,0.0268874875039835,-3.34638090736381,0.000896061499409599,0.00597511381843244,0.416877169764109
cg07845895,chr21,34776100,IFNGR2,Island,0.101492229370017,0.0147512060797039,3.2462565885473,0.0012676580615041,0.00606156553717022,0.417750582812682
cg23897383,chr4,925410,GAK,N_Shore,0.138123184444103,0.0193544343120851,3.23257371164171,0.00132831641631852,0.0062754520244708,0.422278243002656
cg26824780,chr16,89004908,CBFA2T3,N_Shore,0.0584320976120368,0.0064675839167011,3.225128792342,0.00136243945993572,0.00639466086724244,0.423564717634817
cg06438300,chr12,62586587,FAM19A2,S_Shore,0.112296443584305,0.009952041651185,3.22198794570997,0.00137707717535542,0.00644556069931654,0.423921124164164
cg03943594,chr10,640996,DIP2C,OpenSea,-0.0921737554560931,-0.00968806597357885,-3.31455105366064,0.00100147328518797,0.00647664153470888,0.424277268668426
cg06275125,chr12,132516596,EP400,N_Shelf,-0.0841267488571695,-0.0117405436790166,-3.31407987183144,0.00100311690687226,0.00648434201024001,0.424277268668426
cg11049813,chr12,69864065,FRS2,Island,0.18567467167159,0.00677967111299974,3.21659550906665,0.00140254828032833,0.00653379995903967,0.424277268668426
cg06830441,chr7,2959121,CARD11,OpenSea,0.147830669531358,-0.0014226422341399,3.21576989426732,0.0014064863320399,0.00654740541512263,0.424277268668426
cg05511855,chr19,44719305,ZNF227,S_Shelf,-0.121600239576117,-0.0121974377707176,-3.30940632432781,0.0010195558999418,0.00656116846192218,0.424277268668426
cg01259619,chr1,226925702,ITPKB,Island,-0.0757945980529037,-0.000495418509884576,-3.30752481515019,0.00102624441043147,0.00659232820929294,0.424818126375682
cg20521702,chr3,98452812,ST3GAL6,S_Shore,0.124542613610724,0.0168881012258415,3.20756681710266,0.00144617344882157,0.0066839760604129,0.4262657163129
cg01513714,chr14,99738164,BCL11B,N_Shore,0.145259744257632,0.016996711570109,3.20637110791918,0.00145204414259372,0.00670409550104455,0.426540214960024
cg26930584,chr1,225616198,LBR,Island,0.142060805444034,0.0176100020941521,3.20593441926073,0.00145419368756112,0.00671145694520442,0.42661050355836
cg07940971,chr10,568540,DIP2C,OpenSea,-0.130589646325653,-0.00638703768765014,-3.29939676696641,0.00105560957066441,0.00672847176483461,0.426695349171016
cg12446644,chr17,37026641,LASP1,Island,0.0818591821013638,0.0191571341374414,3.2037064823148,0.00146520632062142,0.00674912743318803,0.426943466876906
cg12336709,chr10,31702967,ZEB1,OpenSea,-0.100863992710155,-0.0143693550670173,-3.29202351439914,0.00108292090743003,0.00685415307164619,0.4284464173459
cg11164649,chr17,47297130,ABI3,Island,0.133409957605625,0.0168009454196875,3.19063774039636,0.00153137338295168,0.00697394857415583,0.430461883991407
cg04145134,chr14,99697672,BCL11B,OpenSea,-0.122454016508505,-0.0130343845745773,-3.28321435792434,0.0011164106964164,0.00700707300979622,0.4308030312097
cg02039987,chr2,157291262,GPD2,N_Shore,0.0897296805850811,0.0295845155342449,3.18192659217087,0.00157700078682393,0.00712751911753097,0.432868759692077
cg19438912,chr19,56176636,U2AF2,Island,-0.0593640057633001,-0.00568059175841906,-3.26934196590067,0.00117110337214009,0.00725410468001459,0.433472424694854
cg01090609,chr18,29264252,B4GALT6,N_Shore,0.0990723447267985,-0.00236661395933704,3.16512801038944,0.00166855520185615,0.0074322622753096,0.435832810564367
cg09350274,chr5,137610396,GFRA3,S_Shore,0.095719104110555,0.00775688690157814,3.16238720406384,0.00168395057242403,0.00748307737589517,0.435832810564367
cg21836903,chr3,71180071,FOXP1,OpenSea,0.141656792645598,0.0285617340105774,3.15796006218273,0.00170909552883367,0.00756581580744765,0.436661986464653
cg23845945,chr15,75747198,SIN3A,Island,-0.0749857310042948,-0.0012855618801467,-3.25018692484516,0.00125071485939003,0.00760805060541414,0.436718620975298
cg00647646,chr12,69633854,CPSF6,Island,0.135769202350655,0.00450039592503237,3.14926298343377,0.00175950473912932,0.00773074674671578,0.43888627283347
cg01720176,chr6,32978281,HLA-DOA,S_Shelf,-0.120960331460455,-0.0213588642742548,-3.23752106222186,0.00130608033640383,0.00785051499119174,0.440341940406128
cg24918767,chr4,88297189,HSD17B11,OpenSea,0.092128730079091,-0.00140159693867473,3.1420107363579,0.00180258484206917,0.00787073368168362,0.440695638816117
cg21961583,chr2,170684455,UBR3,Island,-0.0683274817191906,-0.00631659879333726,-3.23558881416523,0.00131472355048698,0.00788810670761542,0.440695638816117
cg02010894,chr19,16653629,CHERP,Island,-0.158566077855877,-0.0102154009917071,-3.23518246170416,0.00131654795078889,0.00789603274833216,0.440811155163513
cg16860821,chr19,14676347,TECR,Island,0.0765311763626497,0.00657285705435706,3.13760023523677,0.00182925796724885,0.00795697391279784,0.441485643392466
cg25655096,chr12,6745292,LPAR5,OpenSea,0.08907236852845,0.0103391656682775,3.13031925000773,0.00187408846801581,0.00810119467606571,0.442936077999244
cg26787915,chr12,54936840,NCKAP1L,OpenSea,-0.103388862606585,-0.0180962763075108,-3.22263527819062,0.0013740484655226,0.00814430727641873,0.443001678238598
cg14622549,chr12,132549292,EP400,OpenSea,0.151753820461295,0.0212295445362103,3.12277327050317,0.00192161781635331,0.00825312945530396,0.444200277685985
cg00148286,chr4,1210066,CTBP1,Island,0.072053040151667,0.000851282265555198,3.12234040661548,0.00192437767541114,0.00826192179580403,0.444200277685985
cg14849578,chr12,125282480,SCARB1,OpenSea,0.0869874903771559,-0.005960158972381,3.114512261907,0.00197492314051184,0.00842238013356967,0.445348599673942
cg16935597,chr17,76129099,TMC8,S_Shore,0.0578740043681556,0.0364582126101407,3.11139228667324,0.00199540722714016,0.00848710512167181,0.447235114659473
cg06879406,chr19,797398,PTBP1,Island,0.135331388394518,0.00708240871406014,3.11065887002426,0.00200025077605881,0.00850238452786778,0.447235114659473
cg00657582,chr14,21904906,CHD8,OpenSea,-0.084306368071061,-0.0215098574830546,-3.20483639282723,0.00145961159791525,0.00850848544080566,0.447235114659473
cg26643856,chr6,32977349,HLA-DOA,S_Shore,0.068864975465504,0.00930667231445051,3.10711940668009,0.00202377832720999,0.00857646915546943,0.448011526791973
cg15160445,chr20,57426749,GNAS,Island,0.0978190911710399,0.0160620404606139,3.1059694444542,0.00203147705555634,0.00860066296261114,0.448013050690722
cg11076970,chr6,32978196,HLA-DOA,S_Shelf,-0.0876780979911516,-0.00664001602406872,-3.19946676803823,0.00148637648606281,0.00862117533309611,0.448091502952447
cg25244778,chr17,48228521,PPP1R9B,Island,0.090856517605179,0.00722384007454525,3.10483780878405,0.00203907941580156,0.00862453074314614,0.448091502952447
cg06872172,chr1,156738798,PRCC,S_Shore,-0.0974939187204753,0.0163578407719132,-3.1983638871762,0.00149192967922279,0.00864448547791879,0.448131343943405
cg21877010,chr7,70252571,AUTS2,N_Shelf,-0.0915273264652299,-0.00566842629693565,-3.19610223385878,0.00150337755414306,0.0086924633671493,0.448825474229344
cg03583643,chr3,71114116,FOXP1,N_Shore,-0.108200050025428,-0.00172814871955663,-3.19582108793351,0.00150480630094179,0.00869844409453953,0.448825474229344
cg27397625,chr6,42952298,PPP2R5D,OpenSea,-0.0730008659537455,-0.0111061094859475,-3.1954127941567,0.00150688343231185,0.00870713614595007,0.449009126530221
cg24973591,chr4,10079421,WDR1,Island,0.10462821672598,0.014011991318674,3.10027382032544,0.00207000710455479,0.00872139367868499,0.449306820799936
cg00707452,chr3,71634044,FOXP1,S_Shore,0.0905952304457644,0.00173809935825217,3.09863919772902,0.00208118870667028,0.00875632151556065,0.449703688721882
cg26303870,chr14,69443683,ACTN1,N_Shore,0.047196218079481,0.0030549754902085,3.09336557287322,0.00211764303370972,0.00886985949715739,0.450750974444698
cg06180915,chr7,2394179,EIF3B,Island,0.0709586183396544,0.0184627413063641,3.09317170047909,0.00211899432499864,0.00887405840172563,0.450750974444698
cg04600982,chr17,1792008,RPA1,OpenSea,-0.108881285589986,-0.0119411971252752,-3.18122353844027,0.00158073751004571,0.00901407055990703,0.452445876657541
cg23137569,chr14,54955960,GMFB,S_Shore,0.0848452279597981,0.00993154745492073,3.08370530923074,0.00218594874589592,0.00908125466835708,0.452793519756206
cg00714377,chr20,35274715,SLA2,OpenSea,-0.0784997298079288,0.00150623661632575,-3.17362295582171,0.00162166020250761,0.00918242491932831,0.453143981051071
cg09437994,chr16,89035147,CBFA2T3,S_Shore,0.118536539307846,0.0195487446582737,3.07594863720573,0.00224225555586444,0.00925423733799409,0.453199579650572
cg14339287,chr19,14640339,TECR,Island,-0.188082839616264,-0.0097623984647611,-3.16986757554956,0.00164223898036736,0.00926663867878349,0.453199579650572
cg12243597,chr12,62585877,FAM19A2,Island,-0.124429608833854,-0.0113304917600319,-3.16849209444583,0.00164983651861413,0.00929765563071026,0.453360663260622
cg00419123,chr16,89959984,TCF25,OpenSea,-0.072030214820031,-0.00620531429967408,-3.16686426962488,0.00165886982825044,0.0093344825690193,0.453724877560798
cg06473843,chr1,32757546,HDAC1,Island,-0.101852926608083,-0.00400288664504291,-3.16231871674608,0.00168433694654713,0.00943800849404209,0.454567265179944
cg04677683,chr20,57426743,GNAS,Island,0.0887656610513094,0.0143396516106761,3.06725348250946,0.00230695883064813,0.00945163973463009,0.454582299443268
cg26782150,chr10,664719,DIP2C,OpenSea,-0.109428222586944,-0.0139132056881759,-3.1601454163296,0.0016966403087366,0.00948786678978705,0.4552138711838
cg04397097,chr4,83955958,COPS4,OpenSea,0.15103826606313,0.0114620705097846,3.06320225161124,0.00233768764827168,0.00954488908612918,0.456360644488685
cg05646515,chr16,964974,LMF1,S_Shore,0.116531711409301,0.00195962787621473,3.05994782255951,0.00236264469716271,0.00962039131010561,0.457236668579591
cg06474453,chr13,49549489,FNDC3A,N_Shore,0.12557266743775,0.00631997468150527,3.05898509804348,0.00237007428132177,0.00964282818624121,0.45735190113821
cg12176476,chr15,75747445,SIN3A,Island,0.139058748798103,0.00464241651914184,3.05698546172472,0.00238557462840938,0.00968958004972922,0.457697590335504
cg05663655,chr7,107532014,DLD,S_Shore,-0.0715536413039997,-0.00321460321694915,-3.14892845645684,0.00176147082222906,0.00974895177480327,0.458511969344268
cg25061610,chr6,32976049,HLA-DOA,S_Shore,0.0499444026977909,0.0209559485799709,3.05149388553625,0.00242862346907444,0.00981901516594959,0.459256821019605
cg23241863,chr10,102295624,HIF1AN,OpenSea,0.140442656848108,0.00802849433314906,3.04768633854799,0.00245888877946637,0.00990966033553923,0.460053302733298
cg10993442,chr1,25257587,RUNX3,Island,0.076227489819178,0.022716503359681,3.04417789244673,0.0024870828818082,0.00999384406698595,0.46087474678592
cg18054302,chr4,868376,GAK,N_Shelf,0.0800170521149812,-0.00150944749512993,3.04316468939136,0.00249528012064933,0.0100182737108952,0.46087474678592
cg15909933,chr10,72201008,NODAL,Island,-0.115315762336401,-0.00326913263374688,-3.12943481707273,0.00187960256454965,0.010217949341941,0.462662945523378
cg12779520,chr11,60774952,CD6,N_Shore,0.0452088592789575,0.00295146245902705,3.03482376456634,0.002563710420516,0.0102214139111313,0.462662945523378
cg14122300,chr14,69446504,ACTN1,Island,-0.080888268330493,-0.00999720773763103,-3.12633374617928,0.00189905492800575,0.0102943817716944,0.463828522749293
cg25383605,chr6,155538047,TIAM2,N_Shore,0.0673454482545618,-0.00165067667449836,3.03078893455013,0.00259742725785555,0.0103209902975037,0.464401886154061
cg15123499,chr10,636241,DIP2C,OpenSea,-0.07540759567438,0.0345325256423161,-3.12411082182063,0.00191311287657922,0.010349483125584,0.464431282586683
cg24882332,chr17,37063649,LASP1,OpenSea,0.0521486328740093,-0.0350147355057545,3.02771293471076,0.00262340453519647,0.010397482539521,0.464516231743974
cg03016189,chr15,75744035,SIN3A,Island,0.156653130593998,0.00885484268626954,3.02127384366564,0.00267855712722939,0.0105592414748274,0.466914968092331
cg04947157,chr17,76128481,TMC8,S_Shore,0.0888142002973778,0.00801638101480926,3.01508273657349,0.00273258665859043,0.0107168775311715,0.467985202501766
cg05015297,chr14,91758471,CCDC88C,S_Shelf,-0.0744753686237636,-0.0102323560363146,-3.10864281904835,0.0020136208160436,0.0107402220951299,0.468056552174955
cg15242223,chr6,29573377,GABBR1,OpenSea,-0.0697767462934615,0.00219072819626875,-3.10627526398278,0.00202942703673331,0.0108011727024022,0.468181064446114
cg13665981,chr10,73849167,SPOCK2,S_Shore,0.0959626720131331,0.00804879628950295,3.01111270324045,0.00276775697684796,0.0108190590778208,0.468181064446114
cg25326570,chr20,57426757,GNAS,Island,0.0948809857585491,0.0141206642050428,3.00152883306812,0.00285437687375016,0.0110693077905739,0.471138541502949
cg08903389,chr7,69104289,AUTS2,OpenSea,-0.0947196798296368,0.0123755044257313,-3.09364590190652,0.00211569054194041,0.0111315280851361,0.471798446391006
cg12267883,chr13,30424914,UBL3,Island,0.136321784958453,0.0254508574393249,2.99912324917601,0.00287650533391654,0.0111329228965249,0.471798446391006
cg01511742,chr3,71112437,FOXP1,N_Shore,0.106224774983615,0.0259819157700309,2.99817282416721,0.00288529133113618,0.011158146026454,0.471810433948829
cg07169003,chr6,111999442,FYN,OpenSea,-0.114431821866752,-0.0254877362903707,-3.09034618863211,0.00213877843886311,0.0112193066401829,0.472035937555044
cg00470817,chr12,6741882,LPAR5,OpenSea,0.0711297201232347,0.015548024219742,2.98862197765028,0.00297495706213289,0.0114144455530821,0.473202761314768
cg05530294,chr7,73753022,CLIP2,Island,0.1056480232524,0.0174609118853774,2.98807505686933,0.00298016813693169,0.0114292792651004,0.473451784560852
cg21306988,chr13,108867134,LIG4,Island,0.214850208203525,0.0514036892031514,2.9877237430877,0.00298351987130444,0.0114388167023115,0.473451784560852
cg07359633,chr15,41804838,LTK,Island,0.081947663896716,0.00094060836526938,2.98615448233013,0.00299853370616466,0.0114815051704829,0.473480242941289
cg03961551,chr1,25251730,RUNX3,N_Shelf,0.0480169533679527,0.0821056998999616,2.98466581111033,0.00301284041812215,0.0115221319941548,0.473701821581669
cg03797660,chr16,89035228,CBFA2T3,S_Shore,0.103999778516324,0.0172616891814141,2.98095634616342,0.00304876214785255,0.011623921272243,0.47515086536952
cg05544394,chr10,589217,DIP2C,OpenSea,-0.0990569175464357,-0.00704785220166715,-3.07538696168055,0.00224638419253515,0.0116250073536195,0.47515086536952
cg09263099,chr12,133160509,FBRSL1,Island,0.0886094748329323,0.0215561889252766,2.97699184260953,0.00308758672242897,0.0117335901785071,0.476257354845175
cg18247897,chr10,445215,DIP2C,S_Shore,0.0576134676456529,0.00866813497003061,2.97408162977825,0.00311637401512426,0.0118146777092615,0.476768063023209
cg01935400,chr17,80393124,HEXDC,N_Shore,0.107609341646464,0.0064337538913728,2.97138580609912,0.00314325954172132,0.0118902346976951,0.477727166991165
cg18559571,chr12,50570042,LIMA1,OpenSea,-0.117145900271775,-0.0316036296852574,-3.06437982488197,0.00232871712579184,0.0119317850078781,0.478346479793494
cg23755720,chr12,133073631,FBRSL1,Island,-0.184303486448958,-0.0179630587558642,-3.06110169800193,0.00235376815673254,0.0120245257621327,0.478360556989094
cg04457481,chr20,57426835,GNAS,Island,0.0550859068718377,0.0151269287676025,2.96575981219086,0.00320005259486774,0.0120492982944827,0.478421643528297
cg03628897,chr21,45553548,C21orf33,Island,0.160100150180391,0.0061353850770911,2.96153573846122,0.0032433088576706,0.0121699622422063,0.479758631646359
cg16514085,chr6,32552152,HLA-DRB1,Island,0.684768975104395,0.0578334194308891,2.95594236803462,0.00330141016237396,0.0123313883712821,0.480806054940866
cg06642177,chr6,134496341,SGK1,Island,-0.0935784330844941,0.000314817214795426,-3.04894964580744,0.00244880885288017,0.0123739157064976,0.48109211519946
cg03718627,chr16,28329610,SBK1,N_Shore,-0.0447236984244149,-0.0132619820464953,-3.03878395306602,0.00253100843003622,0.0126730715287942,0.484200612819828
cg10378521,chr12,133101612,FBRSL1,N_Shore,-0.102462703267293,-0.00859789768750774,-3.03260499119104,0.00258220143218191,0.0128580182796767,0.48472214185893
cg10054641,chr8,133773093,TMEM71,OpenSea,0.0869852196171848,0.0292020503741532,2.93647041369666,0.0035111763511869,0.012908247284652,0.485168976478566
cg04749197,chr11,71769525,NUMA1,OpenSea,-0.12658578085516,-0.0273330301228523,-3.03054986346777,0.00259943775627536,0.0129200588146329,0.485337305549848
cg06791426,chr12,133135361,FBRSL1,Island,0.0988830129721564,0.0101511383667969,2.93407714476643,0.00353778170178921,0.0129807706569169,0.485484695083719
cg21879791,chr6,29594830,GABBR1,N_Shore,0.0515843994501017,0.00946825824967745,2.93041356411532,0.00357886554919314,0.0130924866001483,0.486624724040969
cg15331996,chr10,73848830,SPOCK2,S_Shore,0.0635768540876807,-0.0109961867500822,2.92724895347705,0.00361470404642996,0.0131896707095116,0.487367672564948
cg06656553,chr16,89960601,TCF25,OpenSea,0.108667031247765,0.00195085991815269,2.92599161672962,0.00362903381669413,0.0132284597983746,0.487504140011715
cg10007182,chr7,4743146,FOXK1,OpenSea,0.0548606043988769,0.00761832099894078,2.92508830119993,0.00363936082398667,0.0132563894847163,0.487749051050719
cg00758854,chr6,29576422,GABBR1,OpenSea,0.0480208501685478,0.0179211331159728,2.92400839792952,0.00365174184107329,0.0132898475069747,0.487937705718236
cg20525486,chr3,71111923,FOXP1,N_Shore,0.111337637243213,0.0313408151440265,2.923988251594,0.00365197318228931,0.013290472397975,0.487937705718236
cg09624807,chr16,57080116,NLRC5,OpenSea,0.0664349757398708,-0.00364813822974874,2.92308811605068,0.00366232313744494,0.0133184189626396,0.488289154274031
cg00000289,chr14,69341139,ACTN1,N_Shore,0.0875636253835504,0.0105687475838001,2.92258975683593,0.00366806488798864,0.0133339138826154,0.488495016032713
cg00206161,chr16,89966879,TCF25,OpenSea,-0.0784433078879047,0.0186195177660523,-3.01340339025719,0.00274741358414557,0.0134480865342759,0.489463273280539
cg21816743,chr17,62008923,CD79B,OpenSea,0.0993190149795097,0.00701100481245687,2.91790802788174,0.0037224070241497,0.0134802573340356,0.489463273280539
cg23038277,chr1,226833134,ITPKB,S_Shelf,0.0820846559111871,0.0314438796289438,2.91692031219469,0.00373396513842617,0.0135113124500039,0.489463273280539
cg25283432,chr12,125282561,SCARB1,OpenSea,0.134145704123721,0.00647697225387123,2.91482904431084,0.00375854499916469,0.013577273426421,0.489550159819492
cg00595051,chr4,83955429,COPS4,OpenSea,0.16548897513269,0.0185003062657892,2.91330255973845,0.00377657973973701,0.0136255999487137,0.489837266321451
cg01454148,chr17,7129155,DVL2,OpenSea,0.0558046815512631,0.00114068629560848,2.91114116738868,0.00380225066913206,0.0136942867093852,0.490166447115972
cg08720519,chr16,70558200,SF3B3,S_Shore,0.10168765051687,0.00789086750898899,2.9067075252068,0.00385540793973518,0.0138361409353375,0.491461597568892
cg26619740,chr16,971556,LMF1,Island,-0.0690558088429121,-0.00991280379516279,-3.00073162156682,0.00286169291229267,0.0138504804337326,0.491461597568892
cg18950940,chr6,29580896,GABBR1,OpenSea,-0.0806617449645749,-0.002345264943863,-3.00038304863309,0.00286489717453065,0.0138616980859667,0.491461597568892
cg19783675,chr5,132362235,ZCCHC10,Island,0.100227715482157,0.00491687866116546,2.90555082065125,0.00386938730050215,0.013873362406729,0.491461597568892
cg25898425,chr17,7137333,DVL2,N_Shore,-0.056019991409052,-0.00439295706189628,-2.99481638941045,0.00291651627083842,0.0140419324767601,0.492333683640675
cg09333956,chr16,88985923,CBFA2T3,OpenSea,-0.0812393443612702,-0.0144934503205739,-2.99444009062974,0.0029200362124633,0.0140541903839169,0.492414970078756
cg23725454,chr11,67350195,GSTP1,N_Shore,0.136169187183992,-0.0128579668915181,2.89919187769111,0.00394706716909932,0.0140795692940723,0.492462724234122
cg06422108,chr10,31610399,ZEB1,S_Shore,0.0923983890612671,-0.0155984000222335,2.89873219734421,0.0039527372765042,0.0140945800449164,0.492600974738855
cg27230472,chr16,78601767,WWOX,OpenSea,-0.0727123808175576,-0.0130298933253614,-2.9906351433054,0.00295584737949254,0.0141786678103892,0.492935154825161
cg22365834,chr1,186646027,PTGS2,N_Shelf,0.111209438455894,0.00221453331764387,2.89591190842675,0.00398768804885703,0.0141869854180193,0.492935154825161
cg08805748,chr6,30538523,ABCF1,N_Shore,0.0895626580494421,-0.00898014182115664,2.88970957618245,0.00406554401581447,0.0143920843445722,0.493821451081445
cg05967123,chr1,156737250,PRCC,Island,-0.0698204773544687,0.0015788836027935,-2.98080437059976,0.00305024217589458,0.0145047922229399,0.494803767277493
cg16510530,chr3,71049748,FOXP1,OpenSea,-0.0854308731234968,-0.0087597726854155,-2.97480138436535,0.00310923156270949,0.0147071710866758,0.495451121850325
cg09502207,chr8,133774222,TMEM71,OpenSea,-0.0795635476209227,-0.00738752405696019,-2.97463156734163,0.00311091538270752,0.0147129321539596,0.495451121850325
cg27469991,chr21,34776637,IFNGR2,S_Shore,0.0865125643749233,-0.0116662348073152,2.87020910947465,0.00431943453454838,0.0150540627373532,0.498094744557622
cg25774457,chr6,29600114,GABBR1,N_Shore,0.186084433379319,0.0168982463550574,2.86884408517846,0.00433773605946741,0.0151013896898022,0.498158994625788
cg04602992,chr17,62009628,CD79B,OpenSea,0.0495478045442359,-0.0252726644517577,2.86601045669866,0.00437595332577959,0.0152000533709583,0.498530780436625
cg20742234,chr3,71113603,FOXP1,N_Shore,0.0760552500353543,0.0134200097557838,2.86138502646027,0.00443899533695319,0.0153623252760767,0.499297643313494
cg24628013,chr6,29580367,GABBR1,OpenSea,-0.0778119053895871,-0.00454134403518014,-2.95138278001688,0.00334947536418345,0.0155206725738971,0.499894844331378
cg06970090,chr10,73848823,SPOCK2,S_Shore,0.0876856989264818,-0.0282341550334818,2.85632691198235,0.00450887936027065,0.0155415206539844,0.499930553052348
cg14309385,chr20,57427010,GNAS,Island,0.033644215469831,0.012366045607162,2.85443644458461,0.00453525427990388,0.0156089655244985,0.500769782083676
cg14425609,chr1,65432479,JAK1,Island,0.138892636380909,0.00229104345495134,2.853308729606,0.00455105435645906,0.0156493207272023,0.501142737784731
cg07540917,chr16,87742602,KLHDC4,Island,0.117290948791517,0.00173124850396345,2.8516592542672,0.00457425480768644,0.0157085124034467,0.501889445419856
cg21151541,chr4,40633269,RBM47,S_Shore,0.116715269660453,-0.00561033221868257,2.8500970878697,0.00459632631151432,0.0157647524794254,0.501889445419856
cg05974580,chr12,69863874,FRS2,N_Shore,0.0701113241256998,0.00890163030984953,2.84952300359574,0.00460446171685048,0.0157854647378389,0.501889445419856
cg21758133,chr3,71179796,FOXP1,OpenSea,0.0685381638351491,0.0114969781435884,2.84848168078968,0.00461925181755748,0.0158230954791127,0.501958369895283
cg05527336,chr4,83956057,COPS4,OpenSea,0.0767334852056614,0.0125347650740245,2.8469680546075,0.00464082714060672,0.0158779347397413,0.501982435768687
cg14078335,chr11,71760291,NUMA1,OpenSea,-0.093116438448866,-0.018246937888846,-2.94100754194474,0.00346123929611417,0.0158935643118633,0.501982435768687
cg16565913,chr4,40632362,RBM47,Island,0.0907338876273297,-0.0355772565227841,2.8442273890341,0.00468012595405816,0.0159776555169525,0.502106893150905
cg20786367,chr3,49395925,GPX1,Island,-0.0734371865313491,0.000995446589395335,-2.93797769686344,0.00349451419510539,0.0160039345092694,0.502386655350032
cg25697800,chr15,75748421,SIN3A,Island,0.107331443550271,0.00424457940635475,2.84160138766487,0.00471806403393957,0.0160737203180643,0.503361755347631
cg10244976,chr16,1014818,LMF1,Island,-0.141086807112654,0.0472437473705462,-2.93353528427997,0.00354383092769986,0.0161669794946052,0.504035398034011
cg07380416,chr11,60739172,CD6,OpenSea,0.0871347666213733,0.00710543427744399,2.83355997910914,0.00483598337877791,0.0163710575407026,0.504794862525901
cg09173924,chr17,73513338,TSEN54,S_Shore,0.0766906975552557,0.0103653213108359,2.83307927309111,0.00484311652778584,0.0163889841029023,0.504954050685268
cg05613254,chr2,237993279,COPS8,N_Shore,-0.0833728636392469,-0.0120360569906166,-2.92603904856043,0.00362849229992051,0.0164454173504485,0.50543727980393
cg08038033,chr3,71354056,FOXP1,OpenSea,0.0697168815369674,-0.0399563089408939,2.83117566313289,0.00487145794421386,0.0164601432928618,0.505443147580487
cg23481873,chr20,464190,CSNK2A1,OpenSea,0.0880106256140378,-0.0191457453646202,2.83063759180963,0.00487949613896139,0.0164803061704307,0.505620669467331
cg20863668,chr17,73518382,TSEN54,Island,0.0512491467519229,0.00184333141377435,2.83011661636738,0.00488729041383039,0.0164998490910538,0.505876003513228
cg24066516,chr2,157353685,GPD2,OpenSea,-0.108194412409492,-0.024325730754131,-2.92399380638785,0.00365190939502282,0.0165221129211911,0.506098912568
cg05898545,chr10,709564,DIP2C,N_Shelf,-0.102642006471303,-0.00915097122135478,-2.92334270147338,0.00365939314681134,0.0165465948709923,0.506282292064551
cg20070090,chr1,153363489,S100A8,OpenSea,0.0554096644376316,-0.0677908057643568,2.82285297761707,0.00499714506272688,0.0167744518828473,0.507282053230166
cg05227215,chr5,139057496,CXXC5,S_Shore,0.0901900435054709,0.011112669058992,2.819856460134,0.00504311351274742,0.0168888994850734,0.508499891384987
cg12573482,chr20,57427030,GNAS,Island,0.0457954364869296,0.0181600771052964,2.81966894527315,0.00504600282576655,0.0168960840727157,0.508499891384987
cg09765815,chr16,87778876,KLHDC4,OpenSea,0.0914660692427882,0.00650530661440996,2.81958587680493,0.00504728326200923,0.0168992676787762,0.508521500098758
cg21939215,chr11,60738995,CD6,OpenSea,0.0832345447919088,0.0109637326568962,2.81907714929334,0.00505513133749895,0.0169187761915064,0.508774500895739
cg10752575,chr4,1215743,CTBP1,N_Shelf,0.103110860809791,0.00685904459573128,2.81858938547044,0.00506266640535088,0.0169374993533265,0.508855279188083
cg22712893,chr5,159846553,SLU7,S_Shore,0.110234736483728,0.0220599793243942,2.81780768172108,0.0050747635695158,0.0169675435336188,0.508963672942649
cg23163783,chr12,62586568,FAM19A2,S_Shore,0.0884563645070248,0.0152169677324494,2.81515161583007,0.00511606341717633,0.0170699770875606,0.510150372322596
cg15092561,chr21,45554033,C21orf33,Island,-0.0999823543949232,-0.0352182339678722,-2.90813615316124,0.00383820582030821,0.0171275030707425,0.51019791396074
cg26791489,chr20,57463330,GNAS,N_Shore,0.0825537746174179,0.0149643176625329,2.80952147246986,0.00520461785039319,0.0172889042452981,0.510646474048583
cg10003667,chr20,57466900,GNAS,Island,0.081743408762586,0.00607424595820292,2.80882667918264,0.00521564181718608,0.0173160911378574,0.510656059749312
cg00829406,chr12,69864003,FRS2,Island,0.106659484682728,0.0177728465951067,2.8079954585808,0.00522885823197868,0.017348665612627,0.510865889255709
cg15871371,chr3,71274624,FOXP1,OpenSea,-0.120813679723884,-0.0248891889326845,-2.90019910410585,0.00393466905173591,0.0174377558643384,0.511406668467306
cg06821871,chr16,88982220,CBFA2T3,OpenSea,0.0463206356863948,0.00854979312782334,2.80341839769171,0.00530217909607275,0.0175289991804289,0.511964493875495
cg04261496,chr7,4753002,FOXK1,OpenSea,0.0528336478149867,-0.0617024044441046,2.79746135949683,0.00539900181433016,0.0177661629643011,0.51371053361069
cg22577081,chr5,132362512,ZCCHC10,S_Shore,0.0733056926264139,0.0049341290885251,2.79494285328037,0.00544041612525081,0.0178672733563374,0.514478615157495
cg24370881,chr4,10112059,WDR1,OpenSea,-0.0721303747203616,0.0269066212486132,-2.88719286796689,0.00409752855147946,0.0179568183358971,0.514714856269436
cg06689388,chr16,2810375,SRRM2,N_Shore,-0.0631472140034049,-0.00830593788591994,-2.88636056029586,0.00410815657817961,0.0179904907513987,0.514911410677189
cg24688636,chr6,134636441,SGK1,N_Shelf,-0.0908725095825143,-0.0135193766704899,-2.88432153727664,0.00413429976508898,0.0180732166985737,0.514911410677189
cg01400952,chr12,122460473,BCL7A,OpenSea,0.134151802221239,0.00555075318569289,2.78495757945928,0.00560746205062694,0.0182731303686195,0.515915540563753
cg05179038,chr14,99737917,BCL11B,N_Shore,0.129758790196087,0.0309978900889011,2.78162558823344,0.00566422880846413,0.0184103455493881,0.516597218183555
cg23560388,chr6,155542639,TIAM2,S_Shelf,0.0705049853832984,-0.0059041935488332,2.77675170712268,0.00574820202238667,0.0186126817565166,0.516878255790441
cg05614058,chr19,48949061,GRWD1,Island,0.150153476815766,0.00547857136437114,2.7752312909118,0.0057746272710584,0.0186761978032905,0.517310111756305
cg03636488,chr12,132551127,EP400,OpenSea,0.105167084387788,0.0156657900970439,2.77489219486947,0.00578053582739803,0.0186903895224078,0.517449361049302
cg25229306,chr20,57426374,GNAS,N_Shore,0.0456673253562989,0.0113985856842183,2.77256960140015,0.00582115300335557,0.0187878476800666,0.517929535524882
cg02200944,chr16,968024,LMF1,S_Shore,-0.0791849768738623,-0.00924081065940963,-2.86574007226112,0.00437961597637272,0.0188425724804309,0.518370971311636
cg24521869,chr17,47296970,ABI3,Island,0.0543831095243439,0.0430275775718318,2.76962264738181,0.00587306057448506,0.0189121441759456,0.518670862664203
cg17366400,chr13,49550321,FNDC3A,Island,0.0944525606523204,0.00650236628636206,2.76851317764046,0.00589271100467109,0.0189591253346512,0.519133079396242
cg17416722,chr6,32554385,HLA-DRB1,S_Shelf,-0.338731666529715,-0.0219253295508774,-2.85928797641032,0.00446784820397199,0.0191163392999382,0.519363864210178
cg06874943,chr12,133067463,FBRSL1,Island,-0.057599601922206,-0.0014248986046209,-2.85562249432466,0.00451869072001947,0.0192734119086666,0.520097021912177
cg24011261,chr3,49396226,GPX1,S_Shore,-0.0783140595472319,-0.0309587259221769,-2.85274045469705,0.00455903523519477,0.0193977035038105,0.520687025033761
cg19786221,chr3,47844753,DHX30,Island,-0.0764128528019984,0.00104002413296778,-2.85260903282101,0.0045608827406955,0.0194033878964321,0.520719751660176
cg05957567,chr12,122467228,BCL7A,OpenSea,0.0560899534060263,0.0320992412664179,2.75743422115387,0.00609222398474702,0.0194338962574249,0.521115954951421
cg25135322,chr11,67350153,GSTP1,N_Shore,0.0914075171180605,-0.00202746293135048,2.75655494135059,0.00610831694228658,0.0194720175049003,0.521290981608992
cg17841572,chr20,57426368,GNAS,N_Shore,0.0447780559424735,0.0143290520596184,2.75524788926073,0.00613231020244151,0.019528805587879,0.521404056596198
cg00800038,chr16,89945340,TCF25,N_Shore,-0.0825656683300618,-0.0139906798109016,-2.8452547410993,0.00466535930219474,0.0197238116291428,0.522406477791257
cg17300237,chr13,49627807,FNDC3A,OpenSea,-0.0778522863229789,-0.00819498120832429,-2.84150972821498,0.00471939327895197,0.0198887489995359,0.523871295912602
cg10499166,chr1,23345815,KDM1A,Island,-0.0578089783176521,0.000507932610676845,-2.82609657417506,0.00494781516858012,0.0205803139124426,0.527740044761426
cg21477417,chr3,169490753,MYNN,N_Shore,0.0788328388927415,0.0085939924735951,2.73159910996698,0.00658139696519648,0.0205815628742811,0.527740044761426
cg14208013,chr20,57485765,GNAS,OpenSea,-0.0780542926125981,-0.00684456864757532,-2.82585408413085,0.00495148770653717,0.0205913595526614,0.527740044761426
cg04677846,chr21,45560806,C21orf33,Island,0.0540737997060702,0.0303696905682547,2.72592933508723,0.00669338437367013,0.0208411961344119,0.529653647352188
cg03257293,chr1,226927663,ITPKB,S_Shore,0.0840519983764688,0.0538012568710835,2.72555952293143,0.00670074816118653,0.0208582295029874,0.529653647352188
cg07907534,chr15,75745703,SIN3A,Island,0.0726614697519386,0.0157495552014465,2.72488696742696,0.0067141589839065,0.0208892381841796,0.529761986907607
cg02403283,chr10,518210,DIP2C,Island,-0.102316265855802,-0.0119951807216505,-2.81888510744355,0.00505809682090412,0.0209110194446461,0.529829744027087
cg13349122,chr3,169490563,MYNN,N_Shore,0.0820774243718227,0.00986247456174819,2.72396084844238,0.00673266552037997,0.0209320033516299,0.529845767211588
cg04615290,chr6,32978129,HLA-DOA,S_Shelf,-0.101584927105236,-0.0122831257037568,-2.81395540268296,0.00513476303694269,0.0211397437032075,0.530644588660121
cg15498134,chr1,25246854,RUNX3,OpenSea,-0.101604438075585,0.0666469495480996,-2.81022180898038,0.00519352732115294,0.0213144193071154,0.532269490787665
cg08750807,chr16,70286329,AARS,S_Shore,-0.0737634672782398,-0.0116364782938519,-2.80866002041169,0.00521828926245081,0.0213878594197204,0.532731620050612
cg23742601,chr6,29589895,GABBR1,OpenSea,-0.0609236024509263,-0.00224926969163231,-2.80687827904171,0.0052466692353971,0.0214719113933843,0.533041282142139
cg01493303,chr19,48949047,GRWD1,Island,0.148238276398288,0.00674443301966792,2.71177339232015,0.00698053044435553,0.0215019291331633,0.533041282142139
cg25809301,chr3,71179811,FOXP1,OpenSea,0.102627458893826,0.0107180145089791,2.71170935229042,0.00698185431788649,0.0215049591916559,0.533041282142139
cg17386710,chr7,70252335,AUTS2,N_Shelf,-0.113200719366885,-0.00561927321314037,-2.80599109899398,0.00526085256672131,0.0215138704312543,0.533041282142139
cg10019467,chr4,40632788,RBM47,S_Shore,0.0609396570125662,-0.0382119825775768,2.70998243472451,0.00701763963971625,0.0215868087185959,0.533659558844849
cg03780648,chr6,32976826,HLA-DOA,S_Shore,0.101704886296911,0.018693357010153,2.70628019124172,0.00709491555120288,0.0217631958147792,0.534735773649625
cg08017547,chr14,91883935,CCDC88C,Island,0.110863382607788,0.0222016166804064,2.7051840296969,0.00711794211323348,0.0218156606586718,0.534946821805688
cg20635067,chr6,30552025,ABCF1,OpenSea,-0.0681861489632601,-0.00914895787048786,-2.79533861291731,0.00543388924973299,0.0220232794713005,0.535749509658703
cg08539067,chr3,49395985,GPX1,S_Shore,-0.070747167607986,0.00189004836936635,-2.7950714066709,0.00543829524170085,0.0220361912233299,0.535749509658703
cg25117091,chr4,40518143,RBM47,OpenSea,0.0600213038689768,0.00396373521581994,2.69827338010489,0.00726466799350268,0.022148961452684,0.536014901572507
cg22781236,chr13,30424171,UBL3,Island,-0.0615200740015185,-0.00267644143622121,-2.78892483099813,0.0055405446402159,0.0223350250472345,0.536426455605891
cg27375135,chr10,397923,DIP2C,S_Shore,0.0679461074961941,0.013632050020106,2.69292531636874,0.00738008115788277,0.0224099301891877,0.536781657487859
cg26003388,chr17,76129533,TMC8,S_Shore,0.0800885330524914,0.054250986040342,2.69260112648063,0.00738713007889126,0.0224258352196208,0.53678303186945
cg02086286,chr6,30558338,ABCF1,OpenSea,-0.0631992656158429,0.0136901748636082,-2.78691915844231,0.00557428427661142,0.0224332962161297,0.53678303186945
cg15048480,chr4,1217317,CTBP1,N_Shore,0.0603917800950693,0.00325909515887524,2.69157809420221,0.00740941382544351,0.0224760904129904,0.537049987762792
cg08435936,chr2,190525813,ASNSD1,N_Shore,0.0684801126286185,0.0115181627133796,2.69048669345932,0.00743325348386143,0.0225298120250675,0.537255774024058
cg08890828,chr5,102594123,C5orf30,N_Shore,0.0811887822796747,0.00770092938041227,2.69024609644448,0.00743851816709036,0.0225416698450332,0.537342483905698
cg08402433,chr7,3020155,CARD11,OpenSea,0.0465343173904206,-0.0482927838617326,2.68648218902864,0.0075213172144176,0.0227278814143881,0.538828051059472
cg25754958,chr1,202130692,PTPN7,OpenSea,-0.0994920481557566,-0.0520618341452102,-2.78048667543007,0.0056837513355595,0.0227510063255912,0.538858002562337
cg06637963,chr10,31608188,ZEB1,Island,0.0802803260652469,0.0116313540717862,2.68306853402803,0.00759712768314569,0.0228979193607717,0.539681248489385
cg12316290,chr13,30425969,UBL3,S_Shore,-0.0762357080274589,0.00309732427608922,-2.77693897069728,0.00574495491240126,0.0229279000688355,0.539748041583128
cg18070630,chr17,1792131,RPA1,OpenSea,-0.0739216489687131,-0.010237998105018,-2.77539146493065,0.00577183823077416,0.0230054344370512,0.540182231274775
cg17821750,chr19,811134,PTBP1,N_Shore,0.0911219649895718,-0.00114548694614669,2.67733045205205,0.00772610949523438,0.0231862301174093,0.540989130640053
cg26084319,chr14,21905280,CHD8,OpenSea,-0.0686358270750461,-0.0032343968477197,-2.77147299517572,0.00584041990106904,0.0232027798852615,0.541217797730708
cg27423411,chr19,6424990,KHSRP,Island,0.0858121693473941,0.00870642568775302,2.67651014028111,0.00774470868565621,0.0232277032497569,0.541287863660352
cg20734752,chr5,132358540,ZCCHC10,N_Shelf,-0.0869704541185162,-0.0103669603122531,-2.77065744432485,0.00585478617148465,0.02324403767954,0.541450301924511
cg27579131,chr16,87760511,KLHDC4,OpenSea,-0.0886544060755539,-0.0145095275026514,-2.76997348674019,0.00586685901477133,0.023278687412036,0.541736097487477
cg01326206,chr3,47845672,DHX30,S_Shore,-0.103960235398342,-0.0318847273698006,-2.76696586757636,0.00592021559290373,0.0234315880195272,0.542735405461089
cg20118857,chr17,48228624,PPP1R9B,Island,0.0645220058673453,0.00883118237280466,2.67121656125001,0.00786570321099516,0.0234968868474394,0.542771901745757
cg17997463,chr11,71752997,NUMA1,OpenSea,0.0621339929334513,-0.00814393790310727,2.67005373122504,0.00789250845236033,0.0235563792443723,0.543134902880274
cg14975122,chr1,32761824,HDAC1,S_Shelf,0.0427189045866078,-0.0073386196846208,2.6693075276961,0.00790975296602255,0.0235946251260523,0.54356895628897
cg16256390,chr14,99712336,BCL11B,Island,-0.0850749253663905,-0.0264480446865545,-2.76347563506797,0.00598268396791931,0.0236101156459173,0.543652105784063
cg00044354,chr1,67389884,MIER1,N_Shore,-0.149655721483657,-0.00511788704041116,-2.75749366542664,0.0060911373946356,0.0239188429290297,0.545152558531949
cg09099830,chr16,30485485,ITGAL,Island,0.0691479514019604,0.042395277363685,2.66291068435986,0.00805897734541836,0.0239247053216606,0.545152558531949
cg25888621,chr12,132512700,EP400,N_Shore,-0.097436646674115,-0.0199235404228598,-2.7564711826845,0.00610985193248832,0.0239719617850043,0.545467920378419
cg08601984,chr6,112184093,FYN,OpenSea,-0.0831214958912689,-0.0177144067467101,-2.75533063865652,0.00613078866810938,0.0240313347015834,0.545968252184373
cg02659086,chr11,67350976,GSTP1,Island,0.0906069667352231,0.00496577145621312,2.65878771481826,0.00815649314675759,0.0241395686693032,0.546178056417078
cg24862189,chr4,858648,GAK,OpenSea,0.0680310506956828,-7.94210351532376e-05,2.65677583028483,0.00820446167859279,0.0242450214913467,0.54630512782362
cg07095783,chr10,31610091,ZEB1,Island,0.0827828032875094,0.00992985416962571,2.65251017484642,0.008307005074136,0.0244699272374306,0.546983469577409
cg18655522,chr14,69424756,ACTN1,OpenSea,0.0450619591204454,-0.017474656847439,2.65145325916794,0.0083325898526012,0.0245259315600397,0.547196979690845
cg00163365,chr4,84203456,COQ2,N_Shore,0.059476759736061,0.00183820864570816,2.65143765437341,0.00833296812764524,0.02452675926521,0.547196979690845
cg16509569,chr12,54891634,NCKAP1L,OpenSea,0.0827837152214425,0.00829212459469631,2.65050257883761,0.00835566341255019,0.0245764014811463,0.547532757210964
cg21563219,chr12,69867411,FRS2,S_Shelf,-0.0416010498662736,-0.016114837162969,-2.74383731110871,0.00634541747189719,0.0246367907859447,0.547599026468167
cg23506842,chr1,202130920,PTPN7,OpenSea,-0.104361445728206,-0.0331417011179773,-2.74197130834555,0.00638089707027908,0.0247363265755027,0.547688712840271
cg25287071,chr1,226878419,ITPKB,OpenSea,0.0860972020835194,0.0133133545543548,2.64317610072751,0.00853541458126792,0.0249683788016397,0.548628124974283
cg16479401,chr4,83956051,COPS4,OpenSea,0.10118834313308,0.012352683629512,2.63998791675265,0.00861471287333639,0.0251406346164762,0.549915720342534
cg17803993,chr3,71276214,FOXP1,OpenSea,-0.0890848356550448,0.0176196349865396,-2.73342714394867,0.00654565249368281,0.0251965484728586,0.550098611016341
cg20963750,chr7,69707270,AUTS2,OpenSea,-0.0651269861286816,-0.0123703489986867,-2.73249092773444,0.00656393684975359,0.0252474244443071,0.550244761904873
cg05598678,chr8,133773099,TMEM71,OpenSea,0.100249531261204,0.0157588875372875,2.63666952358869,0.00869795127237897,0.0253210172456417,0.55056228167673
cg16360310,chr5,139036605,CXXC5,OpenSea,0.0540023337939774,0.013837945919543,2.63598297794005,0.00871526235631133,0.0253584763062905,0.550709098059091
cg23689219,chr1,159408079,OR10J1,OpenSea,-0.0799678661331697,-0.00966854200102219,-2.73020512671638,0.00660877252412766,0.0253720134099398,0.550893374300868
cg19116006,chr20,57465670,GNAS,Island,-0.143015472298213,0.0020229124317999,-2.72984592639471,0.00661584326616809,0.0253916401342196,0.550976834433755
cg20078067,chr8,12612870,LONRF1,Island,0.0932388886940321,0.00789415876192323,2.63206360947254,0.00881468141851928,0.0255732431302083,0.551453837725961
cg02158978,chr12,133134938,FBRSL1,N_Shore,0.0642956320977769,2.59628163176706e-05,2.63121989857798,0.00883621563987604,0.0256196806265326,0.551474889161388
cg25408008,chr1,67391835,MIER1,S_Shore,-0.0811275780432635,-0.00604272662743455,-2.7236887344776,0.00673811188544154,0.0257301178293458,0.551979808802918
cg03679544,chr6,155537972,TIAM2,N_Shelf,0.0881032513051289,-0.0135300296242216,2.62677138181675,0.00895053810626978,0.0258657332057941,0.552819068472768
cg05656763,chr12,133118770,FBRSL1,OpenSea,-0.107122424294459,-0.00417446446476355,-2.71789988477638,0.006854921491768,0.026051898902179,0.553389145897523
cg02471917,chr5,159829255,SLU7,S_Shelf,-0.107630554035898,-0.0374617216490822,-2.71514077679216,0.00691123587174927,0.0262064879563834,0.554112130736308
cg01028379,chr7,4798471,FOXK1,N_Shore,-0.0825697773133071,-0.00940018773083928,-2.71161966110913,0.00698370884775376,0.026404922250759,0.555275583840073
cg13089335,chr1,167203243,POU2F1,OpenSea,-0.0505198610939273,-0.0505654819948505,-2.71149662131094,0.00698625364396054,0.0264118796335499,0.555341474859938
cg20547575,chr7,69065351,AUTS2,S_Shore,0.0973983247976395,0.0213466372307018,2.61506088960763,0.00925785128289636,0.0265232462274326,0.555649368795056
cg04610675,chr1,3713158,LRRC47,Island,0.0443510154252078,0.00681786768811771,2.61405439947402,0.00928470017800267,0.0265804259455336,0.555921055407032
cg07690778,chr10,102295134,HIF1AN,OpenSea,-0.0856586315569002,-0.0220716495402371,-2.70767573706957,0.00706569710597672,0.0266287242725515,0.556128396224668
cg03559836,chr12,69634561,CPSF6,S_Shore,0.0729131563122822,0.00985411631155068,2.61158287941489,0.00935092598735238,0.0267212874467149,0.556696517206886
cg02236679,chr16,78782477,WWOX,OpenSea,-0.055414795358029,-0.014169793756307,-2.70580510171475,0.00710488728357841,0.0267354470047138,0.556696517206886
cg23704023,chr12,122461358,BCL7A,OpenSea,0.0622169901355425,3.35830715330054e-05,2.60895333203281,0.00942185038585803,0.0268718629052085,0.557184687925002
cg13666041,chr14,69442697,ACTN1,N_Shore,0.0528519507814647,-0.0167557184220617,2.60849920725734,0.00943414773785165,0.026897941448664,0.557320232737545
cg08734237,chr16,87744948,KLHDC4,S_Shore,-0.0806149697850517,-0.00379921310118714,-2.70143081876939,0.00719729501221248,0.0269864495882966,0.55738086116706
cg16264813,chr17,7137795,DVL2,Island,0.0946579870955713,0.00439648441484768,2.60685153508466,0.00947888618452131,0.0269927441257314,0.55738086116706
cg06751603,chr19,11152063,SMARCA4,Island,0.088385387637012,0.0101171402159704,2.60457793932575,0.00954093187327032,0.027124034324632,0.557822532418993
cg26245549,chr10,559468,DIP2C,OpenSea,0.118160039851093,0.0218796389470515,2.60446103900853,0.00954413184842728,0.027130799678385,0.557856114234756
cg02695349,chr7,38269241,STARD3NL,OpenSea,0.0856264845517881,0.02860951799085,2.60400280538378,0.00955668458838809,0.0271573330066405,0.557892295116003
cg04196691,chr16,87759493,KLHDC4,OpenSea,-0.0951873956298246,-0.0100288856859343,-2.69733984449613,0.00728469616418026,0.027223033849997,0.55813594067813
cg21705505,chr21,45558301,C21orf33,N_Shelf,0.0740232698286574,0.0187509150694068,2.60267715875955,0.00959308227768747,0.0272342187255947,0.558261558940418
cg21558509,chr12,125299800,SCARB1,Island,0.103506011409546,-0.0116444246585923,2.6002725706302,0.00965942071892598,0.0273741610522647,0.559390543494095
cg15256491,chr7,4729610,FOXK1,OpenSea,0.0584544083335959,0.0341820598463741,2.5993837352225,0.00968404587375213,0.0274260463599807,0.559643125008846
cg27213800,chr6,32976858,HLA-DOA,S_Shore,0.0890473535696782,0.014268001579642,2.59860728150868,0.00970560344719606,0.0274714408528597,0.559669344115888
cg16088107,chr12,133066646,FBRSL1,N_Shore,0.178620940813121,0.011141294665963,2.59821436889568,0.00971652868212195,0.0274944367349209,0.559669344115888
cg03626857,chr19,44716492,ZNF227,Island,0.0862766024600072,0.0169324776490989,2.59713347317533,0.00974664060158999,0.0275577836963296,0.559876873946863
cg27385443,chr19,11145789,SMARCA4,Island,0.0476759637093047,0.00284553572067314,2.59652264194926,0.00976369421631045,0.0275936377065418,0.560090286627636
cg21988465,chr20,57429277,GNAS,Island,0.0638461175465376,0.0232871754390053,2.5958937558935,0.0097812797810097,0.0276305935108804,0.560262246678862
cg09564253,chr17,37028105,LASP1,S_Shore,0.0742206363479448,0.0221636722751748,2.59557027469215,0.00979033632843301,0.0276496191514598,0.560367797392086
cg24143196,chr19,14644474,TECR,S_Shelf,-0.0814877855878275,-0.00849629939192642,-2.68752585733331,0.00749827570957844,0.0277978932753488,0.560632783678951
cg07510080,chr10,102295549,HIF1AN,OpenSea,0.105851670905916,0.0201841766950006,2.58980121975117,0.00995311798082823,0.0279908301695312,0.561198906080304
cg26462319,chr2,30379582,YPEL5,OpenSea,-0.0880614628607698,-0.0175983931823352,-2.68323347861484,0.0075934488427141,0.0280525934115606,0.561473985727631
cg14905466,chr6,134499143,SGK1,S_Shore,0.0596936652265923,-0.0254939144512294,2.58805246639958,0.0100029371403661,0.0280949745408579,0.561603915237303
cg21184216,chr5,102598034,C5orf30,S_Shelf,0.112147187395143,-0.0107518103860024,2.58657539618454,0.0100451900336207,0.0281831992343679,0.56205967527265
cg20806676,chr6,29579306,GABBR1,OpenSea,-0.13457400072282,-0.0195629251913071,-2.67942390224009,0.00767882599997795,0.0282803274634894,0.562321266446937
cg25779935,chr4,859229,GAK,OpenSea,0.0546838618095833,0.0122706757696752,2.58320976603908,0.0101420633432066,0.0283851189251119,0.56281914239593
cg23732384,chr19,7968566,MAP2K7,Island,0.133167942426878,0.00464046871575239,2.57911813186684,0.010260957250708,0.0286322724669805,0.564337403575065
cg06412092,chr5,56247035,MIER3,Island,0.0730086241136316,0.0066004463695933,2.57568086103127,0.0103617976041182,0.0288413297098041,0.565035277827429
cg16739194,chr7,4736079,FOXK1,OpenSea,0.0498111281765624,0.00578164324440988,2.57328448134462,0.0104326237456018,0.0289878555291534,0.56597488674981
cg11465630,chr21,45560663,C21orf33,Island,0.069813334812098,0.0254020005906322,2.57024644290988,0.0105230357545066,0.0291745360894745,0.56663578421698
cg17839611,chr17,47286802,ABI3,OpenSea,0.0472033877581013,0.0643898743975193,2.56940338110689,0.0105482489664839,0.0292265233462955,0.56663578421698
cg02909991,chr17,76127829,TMC8,Island,-0.0518554835126715,-0.00147921086587631,-2.66301692935984,0.00805647836162495,0.0292794203349356,0.566787807320696
cg05181784,chr11,60737979,CD6,OpenSea,0.062390997098413,0.00999748015011816,2.56713401404782,0.0106163864950359,0.0293668597205645,0.567029550028444
cg11758943,chr12,56521594,ESYT1,N_Shore,0.0736176402427776,0.00943886586185483,2.56682363870742,0.0106257359636824,0.0293860981490301,0.567029550028444
cg07486895,chr18,59560433,RNF152,N_Shore,0.0898924295002256,0.0150347759894651,2.56596598460986,0.0106516093944042,0.0294393157062308,0.567248533215851
cg05637296,chr17,76129475,TMC8,S_Shore,0.0492751451146797,0.0483929848475998,2.56470972648097,0.0106896092968081,0.0295174163451513,0.567728554592718
cg20230569,chr10,555957,DIP2C,OpenSea,-0.109114752036846,-0.0149276747671391,-2.65885777483035,0.00815482728390667,0.0295374629654021,0.567949289422275
cg15641998,chr4,88312323,HSD17B11,OpenSea,0.0712346504151834,0.00903587592151779,2.56330139022996,0.0107323531444884,0.0296051833877044,0.568139669266451
cg17104542,chr1,67396482,MIER1,Island,0.0858206262523728,0.0091445812597593,2.56266302232377,0.0107517781820506,0.0296450401262607,0.568360146220421
cg21192065,chr2,170683919,UBR3,Island,0.141917459116252,0.00731002210533113,2.5612813652396,0.0107939284060442,0.0297314624462212,0.568593370456055
cg09143959,chr10,677269,DIP2C,N_Shore,-0.0748255050014867,-0.00872560792713428,-2.65430146325687,0.00826380438103464,0.0298223888117808,0.569067932795227
cg09774204,chr16,88993645,CBFA2T3,N_Shore,0.0584919283684119,0.00200630304105032,2.55911887043099,0.0108601956755028,0.0298671608430115,0.569327718140701
cg13748642,chr10,94789988,EXOC6,OpenSea,0.0666718552695353,0.00311640829783577,2.55799891208171,0.0108946580293047,0.029937648236205,0.56941483037961
cg06031041,chr7,4810741,FOXK1,S_Shelf,0.126004429936171,0.0206887467822439,2.55361985683258,0.0110303447125856,0.0302146294284594,0.570254342966369
cg10625504,chr3,47848423,DHX30,S_Shelf,-0.0634036316409499,-0.0142907189653555,-2.64717231315968,0.00843694403396132,0.0302729460358341,0.570589356007004
cg14098385,chr3,122285010,PARP9,S_Shore,-0.0805966629615137,-0.00978366770848527,-2.64682768213229,0.00844539571716371,0.03029487388328,0.57068602012618
cg04881125,chr1,186649253,PTGS2,N_Shore,-0.0548418280498236,-0.0141031637893598,-2.64644934466752,0.0084546827630533,0.0303189620837597,0.570831675984032
cg10284662,chr16,89008451,CBFA2T3,Island,0.0670811012761028,0.00459721594542918,2.5491404119343,0.011170699287063,0.0305002358713002,0.571556573461037
cg26632909,chr11,71752722,NUMA1,OpenSea,0.0747014974071577,0.00306034908206179,2.5483241612083,0.0111964457077142,0.0305525284902308,0.571817923578848
cg13583115,chr2,30369314,YPEL5,Island,0.0715133952339055,0.00952882804384479,2.54698120631803,0.0112389207143822,0.0306387316678394,0.571959283437695
cg12994003,chr1,225616475,LBR,Island,0.0821870093919364,0.0126095316694944,2.54577868019834,0.0112770760597457,0.0307160980076463,0.572057592738506
cg11669839,chr20,57426322,GNAS,N_Shore,0.0300853618237122,0.0117574731180445,2.54317940865624,0.0113599439220494,0.0308838994322776,0.572455635778654
cg06060335,chr7,2394124,EIF3B,Island,0.0783891965762197,0.0116799175820519,2.54111143836788,0.0114262604086816,0.0310179631379481,0.572671076374374
cg14615192,chr6,41562224,FOXP4,S_Shore,-0.0707701605606333,-0.00604447820704479,-2.6354631094069,0.00872839127121518,0.0310256518942009,0.572679794780194
cg09583957,chr20,57428315,GNAS,Island,-0.135185995027534,-0.010931224065728,-2.63389863888328,0.00876800796572851,0.0311274276416603,0.573107087372355
cg07236781,chr1,25291041,RUNX3,OpenSea,0.0851441392933019,0.0576611411644332,2.53915882756099,0.0114891938792427,0.0311450064285532,0.573170567418387
cg03578822,chr4,10118260,WDR1,Island,0.169584166367397,0.00503646604570677,2.53740447439275,0.0115460005779892,0.0312595310069703,0.573427501965456
cg22929802,chr2,30369763,YPEL5,Island,0.107756413685776,0.00861840617851347,2.53552585752758,0.0116071082520364,0.0313825680022095,0.574012634124782
cg01748573,chr20,57463530,GNAS,N_Shore,0.0526916328188483,0.0115717013291163,2.5336451554835,0.0116685720999707,0.031506157478219,0.574733755868349
cg05157371,chr6,29588894,GABBR1,OpenSea,-0.0674075331349036,-0.007951198944955,-2.62807448651952,0.00891691306124144,0.031508837224642,0.574733755868349
cg15851274,chr15,75748063,SIN3A,Island,0.13718735880882,0.00984809257616588,2.53303612075812,0.0116885381988987,0.0315462693011381,0.574746014872218
cg09544115,chr7,3026459,CARD11,OpenSea,0.0679519674733207,0.000486446769041193,2.53214988330326,0.0117176462280476,0.0316047162967146,0.574860774083447
cg13515674,chr4,174255654,HMGB2,Island,0.0917032725536821,0.00834247965012562,2.52836765407018,0.0118425984448097,0.0318551978287281,0.575934613870973
cg13155292,chr14,91772914,CCDC88C,S_Shelf,-0.0640904625029913,-0.009977764788204,-2.622447945528,0.00906291484153345,0.0318811057083756,0.576052435755367
cg03915012,chr4,902074,GAK,S_Shelf,-0.0963926245255908,-0.0237322692998392,-2.62130796651218,0.00909275558319224,0.0319569877132405,0.576279696229375
cg04362369,chr14,21905501,CHD8,OpenSea,-0.146612097104917,-0.00459452474425894,-2.61984029635589,0.00913130378988624,0.0320549102132362,0.576706099127871
cg22529645,chr1,3704559,LRRC47,S_Shore,-0.0858976775107281,0.0222021527897751,-2.61968536949757,0.00913538146029194,0.0320652618764081,0.576706099127871
cg10474755,chr14,75229933,YLPM1,Island,0.0691340691498889,0.00878890177285356,2.5245673474476,0.0119693410507587,0.0321085888319348,0.576837022945102
cg14712964,chr3,9773672,BRPF1,Island,-0.0565625798207108,-0.00450722009101892,-2.61703012681278,0.00920552143052078,0.0322431216312628,0.577658017639393
cg12015884,chr21,45560818,C21orf33,Island,0.0605126576527997,0.0328953343625034,2.52148274455455,0.01207310047203,0.0323155274745,0.578027689996595
cg02538825,chr7,2394416,EIF3B,Island,0.253516739945686,0.015253304391039,2.5212413693384,0.0120812534761095,0.0323317688623103,0.578053211255926
cg05347755,chr16,534908,RAB11FIP3,S_Shelf,0.0462608960493054,0.000231583818353753,2.51258689100773,0.01237683362735,0.0329187404066488,0.580401489435427
cg17227941,chr12,132449554,EP400,OpenSea,-0.110521162113983,-0.0176773735781453,-2.60696069173755,0.00947591644274376,0.0329253185470176,0.580411478471769
cg11228165,chr12,132474636,EP400,OpenSea,0.123282845863173,-0.00281749625742267,2.51046599192098,0.0124502433693592,0.0330639698432237,0.58086877984465
cg08799778,chr16,1017338,LMF1,N_Shelf,-0.0746005001572965,-0.00784759819073477,-2.60413117253781,0.00955316664085245,0.0331192262548598,0.581023678987047
cg01697763,chr3,122253369,PARP9,OpenSea,-0.0971895298300665,-0.0106871401785834,-2.60376966848949,0.00956307675324794,0.0331440704983591,0.581023678987047
cg21584495,chr11,17973565,SERGEF,OpenSea,-0.0457796847956402,-0.0079058384050773,-2.60339748672264,0.0095732891916801,0.0331696652266768,0.581023678987047
cg04090147,chr5,56247905,MIER3,Island,0.085197884517916,0.00804491581414874,2.50697620815713,0.0125718763336697,0.0333041278052688,0.581770221815089
cg27591196,chr10,43634329,CSGALNACT2,S_Shore,0.0613803716606527,0.011046075013105,2.50570979480351,0.0126162763756955,0.0333916474644298,0.58189866777266
cg23771319,chr10,421981,DIP2C,N_Shore,-0.0905225650305532,-0.0197923733496032,-2.60010443472464,0.0096640746170201,0.0333968643997487,0.58189866777266
cg00489477,chr7,2953019,CARD11,OpenSea,0.0893572783713137,0.000981970204767202,2.50247556792218,0.0127303002564445,0.0336160527756222,0.582726632887185
cg21519867,chr5,159846116,SLU7,Island,0.0909840356768357,0.00958480620826615,2.50197763077203,0.0127479363053837,0.0336507162374315,0.582849539215271
cg14607642,chr1,225617030,LBR,S_Shore,0.0737504038732139,0.00484728866569362,2.50144423536876,0.0127668522970467,0.0336878820034603,0.583050364997333
cg03719128,chr10,31607150,ZEB1,N_Shore,0.0481353229312778,0.00674025642520698,2.50108483835905,0.0127796117772231,0.0337129437521801,0.58314754871574
cg06481158,chr13,49549440,FNDC3A,N_Shore,0.0911757426346064,0.0112708381200864,2.50075591776277,0.0127912991955787,0.0337358942683954,0.583202149891411
cg04021663,chr1,67395547,MIER1,N_Shore,0.0782153538701554,0.0159732611707984,2.49952478830062,0.0128351287971929,0.0338219152662062,0.583240914934338
cg12623536,chr10,73848817,SPOCK2,S_Shore,0.0577712127442272,-0.0294557793206728,2.49730703352477,0.0129144200451547,0.0339773466367427,0.583692507444888
cg08018572,chr16,1014592,LMF1,N_Shore,-0.0851515137806574,0.0167756580062196,-2.59151139930668,0.00990461241244163,0.0339960072752366,0.583730130360898
cg26363598,chr10,370690,DIP2C,S_Shore,0.0717115877642695,0.0205854064365557,2.49688030203649,0.0129297267544043,0.0340073240682516,0.583730130360898
cg13347679,chr3,9774065,BRPF1,S_Shore,0.115973957672406,0.00906375343151104,2.49662879340636,0.0129387558247023,0.0340250028687783,0.58374426459547
cg08147094,chr6,32977674,HLA-DOA,S_Shore,0.130526589256048,-0.00208685415801058,2.49644899984386,0.0129452137809202,0.0340376455583464,0.58374426459547
cg11570931,chr3,71073163,FOXP1,OpenSea,-0.0751322125135163,-0.00376321903069154,-2.59067386538847,0.00992834078762142,0.0340548921241413,0.583808926935668
cg07696592,chr3,71114001,FOXP1,Island,-0.0576289493487175,0.00143571953981923,-2.58868251224862,0.00998496251828463,0.034195249211652,0.584119341329871
cg17929169,chr6,112195522,FYN,S_Shore,0.120524490695554,0.0228779724246041,2.4929256825047,0.0130723457732245,0.0342862091183043,0.584251270032793
cg08317738,chr16,89034292,CBFA2T3,Island,0.190728033614656,0.0199891227948538,2.49215645042743,0.0131002489668503,0.0343406828455902,0.584315545163487
cg27590220,chr6,17601422,FAM8A1,S_Shore,0.0812180464876135,0.0148089980933489,2.49063633724151,0.01315554520267,0.0344485482593476,0.584315545163487
cg19713959,chr6,112092994,FYN,OpenSea,-0.0794385818627791,-0.0129553704335057,-2.58462565905495,0.0101012082521016,0.0344827195987818,0.584315545163487
cg04879506,chr3,9773229,BRPF1,Island,-0.0907695916021911,-0.00188213653927385,-2.58036324767324,0.0102246457761535,0.0347869776355386,0.585034150768733
cg27529240,chr16,89960078,TCF25,OpenSea,0.0590491339374078,0.00496426956149432,2.48194435889225,0.0134757247685787,0.0350708960144001,0.585590871045689
cg03147627,chr4,83956202,COPS4,OpenSea,-0.0695190712143641,-0.00564903229240124,-2.57388636395395,0.0104147942776532,0.0352536958699438,0.586036519604014
cg23832438,chr7,148937111,ZNF212,Island,0.0627368911866318,0.00816057564708458,2.47761356668556,0.0136378197698931,0.0353845477999994,0.586185595181816
cg24898863,chr1,153363580,S100A8,OpenSea,0.0466071762084341,-0.055562568799422,2.47750393843128,0.013641945329259,0.0353925184415157,0.586230210563083
cg05014846,chr7,4794934,FOXK1,Island,-0.0645000881238811,-0.00990959230740163,-2.56759532940428,0.0106025038133224,0.0357121278614803,0.587162712931508
cg03002232,chr16,70558055,SF3B3,S_Shore,0.0879980445863457,0.011577769968072,2.472957446561,0.0138140175798939,0.0357244280373876,0.587162712931508
cg15939937,chr19,14676202,TECR,Island,0.0577114234448368,0.00507467964112773,2.47292385551265,0.0138152960357399,0.0357268901462758,0.587162712931508
cg08159663,chr16,57022486,NLRC5,N_Shore,-0.0547717988571169,0.0337992963196251,-2.56644821221528,0.0106370547964711,0.035796264875195,0.587162712931508
cg25866895,chr11,67350326,GSTP1,N_Shore,0.14117721565968,0.0199422534846342,2.47139205451455,0.0138737070356763,0.0358393198054648,0.587413386784114
cg05450995,chr12,122460105,BCL7A,OpenSea,0.08928664941239,0.0053177574114027,2.47100520269093,0.0138884931338048,0.0358677612606063,0.587474759218335
cg07516978,chr20,57465773,GNAS,Island,0.142103605134466,0.00730250439312659,2.47035497641868,0.0139133772913015,0.0359156094445966,0.587822940563446
cg26780138,chr16,477087,RAB11FIP3,S_Shore,0.0826374764029983,-0.0258406351476275,2.46472605647478,0.0141304527691085,0.0363321044172163,0.589934751033946
cg17804387,chr3,122283011,PARP9,Island,0.0801709373357782,0.00696809813519301,2.46309242908726,0.0141940116252494,0.0364537477429012,0.590194953379319
cg17760049,chr7,4774448,FOXK1,OpenSea,0.0766121681355909,0.0045994456952736,2.45885322398179,0.0143601270828819,0.0367710277462524,0.591428416836693
cg27002639,chr16,78601961,WWOX,OpenSea,-0.0808303430632435,-0.0150283615421499,-2.5514740742369,0.0110973811446391,0.0369101639600977,0.591549998904955
cg05262711,chr16,2807476,SRRM2,S_Shore,0.0419988561428583,0.0197032419185499,2.45517706174929,0.0145055704627126,0.0370480686523864,0.592120265587979
cg04601228,chr7,70096029,AUTS2,N_Shore,0.059810281558462,0.000661683933196988,2.45463780984447,0.0145270146744119,0.0370888565576198,0.592384863445552
cg16657928,chr6,42951914,PPP2R5D,OpenSea,0.0900674255948048,0.00768634331352542,2.45426100900018,0.0145420154080331,0.0371173796853709,0.59249340896939
cg23167035,chr5,139056674,CXXC5,Island,0.081601695252782,0.00269281413953937,2.45157994907675,0.0146491468442723,0.0373208706768576,0.593185327404238
cg26733142,chr17,1733691,RPA1,S_Shore,0.0641936532024101,0.00874079543537564,2.45089705333074,0.0146765457563139,0.0373728535757565,0.593251834458121
cg11922371,chr17,48226442,PPP1R9B,Island,-0.0671581485656047,-0.00444603052596175,-2.54369946724122,0.0113433205442287,0.0375000544262636,0.593428236032584
cg23767318,chr12,62584454,FAM19A2,N_Shore,0.0982274515945758,0.00899110584387092,2.44901394436784,0.014752334254692,0.0375165176203602,0.593490446261078
cg09410830,chr6,112041335,FYN,OpenSea,-0.0702148380971661,-0.0122097274277808,-2.54168152703541,0.011407944229157,0.0376544685726169,0.594023782888701
cg08288226,chr5,56246733,MIER3,Island,0.0913503757849445,0.0134328165089196,2.44700859962765,0.0148334227731584,0.0376700235815188,0.594096095094163
cg03734391,chr19,56182200,U2AF2,N_Shelf,0.0334807095386979,-0.00366099736585834,2.44588793424138,0.0148789097262272,0.0377560412747974,0.594513352950904
cg02431972,chr16,89023488,CBFA2T3,OpenSea,0.104528064109792,0.0268527074285051,2.44512957045862,0.0149097610786146,0.0378143449284303,0.594825716669262
cg03004714,chr18,59560365,RNF152,N_Shore,0.0987457656755204,0.00528069643527543,2.4421508278713,0.0150314888948111,0.0380440949714382,0.595267571809166
cg08170227,chr14,69422517,ACTN1,OpenSea,0.0662331951869048,-0.00471130230238942,2.44076048700594,0.0150886060490513,0.0381517374850748,0.595706078647095
cg01347539,chr12,125308147,SCARB1,OpenSea,-0.0808561330063899,-0.00733928326953037,-2.53380114617115,0.0116634631161604,0.0382626723698559,0.596182302987761
cg19372337,chr11,18656165,SPTY2D1,Island,0.103337427910138,0.00440628977936292,2.43886672087137,0.0151667132454383,0.0382987725445926,0.59623462861561
cg15864354,chr12,120966977,COQ5,Island,0.108732565124685,0.00440575986946128,2.43640135281618,0.0152689311633821,0.0384909092673902,0.596848159612267
cg08270099,chr6,112066424,FYN,OpenSea,-0.0605296166856862,-0.0148329281679288,-2.53015754413251,0.0117833193791663,0.0385466952401463,0.597216727853872
cg23615483,chr14,91866751,CCDC88C,OpenSea,0.080184187822638,0.0205795256294782,2.43473675883147,0.0153382916183216,0.0386211010373858,0.59757854356604
cg23770265,chr7,2968559,CARD11,Island,0.071388225404556,0.00640468086474788,2.43447735623921,0.0153491254656164,0.0386414231819941,0.59767062623972
cg05716556,chr17,47287410,ABI3,OpenSea,0.0401671873464384,0.034232659835619,2.43182378203499,0.015460339894752,0.0388498321997618,0.598289434755558
cg11573170,chr10,556762,DIP2C,OpenSea,-0.0641913295251746,-0.00565594615023035,-2.52303103822131,0.0120209195897788,0.0391073961124592,0.599195696642834
cg20311575,chr7,2962845,CARD11,OpenSea,0.0602192265781649,0.0205036561506251,2.42772652650803,0.0156334590296834,0.0391735016980472,0.599499750188797
cg20664313,chr12,133071297,FBRSL1,N_Shelf,0.0449727826250872,-0.0182337999255999,2.4263966933815,0.0156900145795603,0.0392790450995066,0.59985863127272
cg22212829,chr20,524605,CSNK2A1,S_Shore,0.111555931094114,0.00953234128736176,2.42527318885295,0.0157379360328481,0.0393684011164682,0.600104711153559
cg08578320,chr6,32552039,HLA-DRB1,Island,0.300289411878627,0.0606506955139322,2.42482674114434,0.0157570144608716,0.0394039564583275,0.600141399527953
cg04623172,chr10,31607306,ZEB1,Island,0.0453379402323383,0.00899453620535692,2.42425854055188,0.0157813253879631,0.0394492476911821,0.600261871652628
cg24006721,chr1,25258225,RUNX3,Island,-0.0930744766034972,-0.00911982591841321,-2.51858252314242,0.012171386806364,0.0394608970140723,0.600273270791231
cg25737397,chr2,170725297,UBR3,OpenSea,-0.0907611454791626,-0.0275639710301528,-2.51706598304351,0.0122230640629473,0.0395820271129837,0.600350036887572
cg06891006,chr4,10084680,WDR1,OpenSea,-0.0537193817091823,-0.00705148374861586,-2.51683966351765,0.0122307927833171,0.0396001308919396,0.600409365282583
cg04520047,chr5,137606606,GFRA3,N_Shelf,-0.0844776799267702,-0.0234257243621306,-2.50859886139469,0.0125151896135385,0.0402641334962754,0.60225393085713
cg02890368,chr20,57427650,GNAS,N_Shore,0.15877875639583,0.0362091697889658,2.4129422218635,0.0162724486966591,0.0403605171162458,0.602557814483519
cg20046343,chr6,41528785,FOXP4,Island,-0.0523508688397893,0.000567117372272483,-2.50394052255495,0.0126785397917232,0.040643639326056,0.603424427891287
cg20111340,chr19,39935944,SUPT5H,Island,0.0681569632387197,0.0132165275545263,2.40717582473739,0.0165278547755299,0.0408316926105916,0.604106042854521
cg14235273,chr17,47295142,ABI3,N_Shore,0.060290444322519,0.0252910957346927,2.40687046612465,0.0165414777548167,0.0408567730571209,0.604161832190266
cg27289153,chr6,134639020,SGK1,Island,0.052117627012511,0.00649245275435051,2.4059451416288,0.016582819769096,0.0409328537648235,0.604190394937408
cg12018809,chr12,6745171,LPAR5,OpenSea,0.0507484035883713,0.0470925437109703,2.40326518654166,0.0167030702060687,0.0411538788570464,0.605106073911056
cg22189544,chr7,73748830,CLIP2,N_Shelf,-0.0448282345741695,0.0264053484183927,-2.49449901839477,0.0130154387068587,0.041422126801169,0.60637007340719
cg21227785,chr6,30539077,ABCF1,Island,-0.045683335632976,0.00117998918046042,-2.49210376803042,0.0131021619058641,0.0416216203888034,0.60710489705866
cg21517261,chr7,38217791,STARD3NL,Island,-0.0786631317147542,-0.00363034242555502,-2.49175507631273,0.013114829427591,0.0416507296492577,0.60710489705866
cg06640822,chr1,25291472,RUNX3,OpenSea,0.040830532717634,0.0618914043454973,2.39662947181874,0.0170041297625305,0.0417055037761389,0.607160416369157
cg00119687,chr7,70252662,AUTS2,N_Shelf,-0.0721556939881333,-0.00275534568242986,-2.4908229113977,0.0131487471732774,0.041728632688505,0.607160416369157
cg26474288,chr3,98451287,ST3GAL6,Island,-0.053323877411462,-0.0016640374006644,-2.49056149263299,0.0131582731227846,0.0417505021543923,0.607160416369157
cg25692290,chr3,47844315,DHX30,Island,0.0830047647650132,0.00273378710247016,2.39388205110359,0.0171301716460898,0.0419357215430779,0.607267730046043
cg08173709,chr3,71103443,FOXP1,OpenSea,0.0468874443800595,-0.0380451350043689,2.39240711650187,0.0171981752054501,0.0420597554892641,0.607610231229085
cg04237489,chr17,1799551,RPA1,Island,-0.0575857988648372,-0.0114329190257976,-2.48686409729473,0.013293661558952,0.0420608550386258,0.607610231229085
cg08918206,chr19,808202,PTBP1,Island,0.0618446302793671,0.0013725044452283,2.39066371570556,0.0172788631503216,0.0422067661763194,0.607880219381078
cg18436788,chr1,3704244,LRRC47,S_Shore,-0.0776384988233936,0.0286260716669998,-2.48440927902373,0.013384231623826,0.0422679847106061,0.607880219381078
cg26776806,chr16,88991518,CBFA2T3,N_Shelf,0.0640505690755235,0.015518256776538,2.38929289795,0.0173425410912765,0.0423226642284977,0.608030818071785
cg00859112,chr14,99736559,BCL11B,Island,0.0855631576928617,0.00862807858118196,2.38744922936559,0.0174285098460042,0.0424789646745852,0.608368623586869
cg11877726,chr14,99637027,BCL11B,N_Shelf,-0.0633495802926402,-0.0101099396636515,-2.48125316760878,0.0135014798625354,0.0425355545769766,0.608383705901178
cg01444765,chr21,45553491,C21orf33,Island,0.100706462727894,0.00424145939608063,2.38665373627611,0.0174657187172914,0.0425465547008762,0.608383705901178
cg24135615,chr17,37042201,LASP1,OpenSea,0.0570624581006906,0.0184816463901375,2.38642086375128,0.0174766244566877,0.0425663581961367,0.608383705901178
cg26296101,chr4,40198481,RHOH,OpenSea,0.0796426293461649,0.0175793280565104,2.38607800368451,0.017492691970109,0.0425955292263241,0.608413862831509
cg14482474,chr20,57426383,GNAS,N_Shore,0.0396551194349969,0.0118187412195064,2.385232808253,0.017532356049923,0.0426675118872972,0.608548774836285
cg13974768,chr1,167191768,POU2F1,S_Shore,0.0663279058499063,0.00879689472829234,2.38411363148687,0.0175849995363645,0.0427629869417253,0.608854004408527
cg08355301,chr17,62009651,CD79B,OpenSea,0.0768222979078123,-0.0214626325440269,2.3840847073366,0.0175863619031699,0.0427654568039696,0.608856825595659
cg26886381,chr13,96296979,DZIP1,Island,-0.0817599414608188,-0.00777979939531533,-2.47653113369377,0.0136786026763376,0.0429385548110109,0.609374226483839
cg03106251,chr17,80393598,HEXDC,Island,0.0463630771466634,0.00475866424023719,2.38175124845035,0.01769657740133,0.0429651109455859,0.609532416569219
cg24448859,chr4,174255105,HMGB2,Island,0.0858129018036407,0.0116603751641393,2.38056744187006,0.0177527237240587,0.0430667000412797,0.609854465455171
cg01244432,chr6,41514307,FOXP4,Island,-0.0808674783895718,-0.00809907385070433,-2.47434249197562,0.0137613947691457,0.0431264355096377,0.610033165540678
cg25811633,chr3,71626654,FOXP1,N_Shelf,0.0522588087785723,-0.0664544441022116,2.37936149670142,0.0178100811014702,0.0431703976433826,0.610087074887229
cg07732593,chr3,122003350,CASR,OpenSea,0.0520059377771924,0.0136480609546185,2.37826835153395,0.0178622142317893,0.0432645779699332,0.610321446890373
cg02366320,chr16,88967522,CBFA2T3,S_Shore,-0.0681846111770958,0.0141469909000461,-2.47134231163726,0.0138756075064392,0.0433851100977833,0.610533688702653
cg20454518,chr12,133135463,FBRSL1,Island,0.098386348665001,0.00456506240017018,2.37549421569921,0.0179951182751539,0.0435043643004297,0.610533688702653
cg00690431,chr1,186649354,PTGS2,Island,-0.100602097114672,-0.0126175731300029,-2.46926312648063,0.0139552512665681,0.0435651447566299,0.610533688702653
cg04228709,chr6,155537930,TIAM2,N_Shelf,0.0660071722357473,-0.0188294062825912,2.37446762379044,0.0180445204695773,0.0435933833472932,0.610533688702653
cg17605604,chr5,102612899,C5orf30,OpenSea,0.0884631698174191,0.00500777250104861,2.37312029383903,0.0181095382940884,0.0437104480312522,0.610533688702653
cg00929860,chr10,73846448,SPOCK2,N_Shore,0.0850876757131421,0.0361346438742985,2.37073177203889,0.0182253069511234,0.0439186306748248,0.610970116598585
cg09851343,chr16,970310,LMF1,N_Shore,-0.0871998387177958,-0.00841947461732273,-2.46490460700429,0.0141235212836248,0.0439445933763378,0.611030667907176
cg05012551,chr19,44716634,ZNF227,Island,0.107703390066093,0.024770622219633,2.36934959125876,0.0182925961869613,0.0440394829666059,0.611164172512863
cg08625803,chr7,4807504,FOXK1,S_Shore,-0.0945889894961168,-0.0176716569119372,-2.46274509106812,0.0142075579543333,0.0441336302215161,0.611418252964635
cg18516985,chr5,159846223,SLU7,Island,0.0818974746162615,0.00619539389370545,2.36686742599699,0.0184139845862487,0.0442572182479446,0.611696636875975
cg20210647,chr21,45560984,C21orf33,Island,0.0623557520813389,0.0271587228801846,2.36471555247531,0.0185197924418235,0.044446714945644,0.612196185423107
cg09552517,chr15,75746259,SIN3A,Island,0.0811076945260873,0.00433123142422608,2.36466656741686,0.0185222072465314,0.0444510365890797,0.612196185423107
cg17432598,chr12,133161320,FBRSL1,N_Shore,0.0522053837249772,0.00196892424776529,2.36428066549496,0.018541240634992,0.0444850946876135,0.612223403600656
cg20642417,chr6,29577082,GABBR1,OpenSea,0.0355443727424649,0.0119704183515248,2.364203459806,0.018545050622401,0.0444919111830707,0.612223403600656
cg11357538,chr20,57463397,GNAS,N_Shore,0.0325654537974902,0.00596550082736885,2.36397308288336,0.0185564234730185,0.0445122564155227,0.612245414807369
cg12873928,chr6,112120720,FYN,OpenSea,-0.100401061106888,-0.0170408745832057,-2.45831277160217,0.0143814282178031,0.0445237715339456,0.612312448075625
cg19070338,chr2,190526263,ASNSD1,Island,-0.0584229453107823,-0.000309966091392652,-2.45699945894933,0.0144333071214843,0.0446399291782751,0.612557506056368
cg17971171,chr1,156737145,PRCC,Island,0.061808271695079,0.00774261279603865,2.36082791148451,0.018712302672563,0.0447908013295874,0.612922517167782
cg21595737,chr14,54955895,GMFB,S_Shore,0.0727201476798664,0.00936031898989274,2.36033789413194,0.0187366918760502,0.0448343306885138,0.613010417938106
cg12208612,chr3,169490789,MYNN,N_Shore,0.0581193580299311,0.00803389825279027,2.359558690821,0.0187755319604413,0.0449036225690971,0.613165110709965
cg24356700,chr7,100482725,SRRT,N_Shore,-0.0998756304041354,-0.0353926387168783,-2.45368570445552,0.0145649451721652,0.0449341553006808,0.613271979137398
cg24754633,chr14,91831327,CCDC88C,OpenSea,0.0417225395693958,-0.00603759478952948,2.35577083583508,0.018965349716737,0.0452417514632779,0.614141786385645
cg02512021,chr16,88966376,CBFA2T3,Island,0.087794197781631,0.00339605420436451,2.3556637520926,0.0189707403124013,0.0452513415761968,0.614184616874365
cg07978924,chr16,28304175,SBK1,Island,0.0685312351232184,0.00989048467129781,2.35327904228114,0.0190911355365257,0.0454653537721953,0.614948837859474
cg25423031,chr4,40631923,RBM47,Island,0.0823863799728323,0.0111889780348898,2.35278309884705,0.0191162579467685,0.0455099684526111,0.61496817826901
cg13284081,chr12,50677024,LIMA1,OpenSea,0.0974824793367554,0.0028554462004765,2.3526863254925,0.0191211634592534,0.0455186784079406,0.615018847781334
cg15731816,chr14,75230414,YLPM1,Island,-0.0661172634972878,-0.00834506262135819,-2.4469252980666,0.0148367996834941,0.0455394809551994,0.615018847781334
cg22225892,chr12,6677625,NOP2,Island,-0.101516275074758,-0.00524050722153827,-2.4468269477241,0.0148407875223602,0.045548337693938,0.615018847781334
cg09383187,chr7,73819814,CLIP2,OpenSea,0.0497504653195784,0.00942106942484222,2.35135788343108,0.0191886149016456,0.0456383851142162,0.615239373211217
cg03818826,chr16,70323689,AARS,S_Shore,0.0874050300725598,0.0119992976514718,2.3510750955675,0.0192030003316905,0.04566390151124,0.615250854818861
cg22044630,chr12,133127993,FBRSL1,S_Shore,0.0706987636718105,0.0108368477793486,2.35068117114197,0.019223055052749,0.0456994659702343,0.615365070538458
cg02002523,chr3,71082373,FOXP1,OpenSea,-0.0830559453265316,-0.0170038469696955,-2.44448436982019,0.0149360533137659,0.0457597231765246,0.615439182671372
cg26321464,chr19,7968588,MAP2K7,Island,0.148783330831968,0.00536940461116127,2.34897192726271,0.0193102857642434,0.0458540511127136,0.615563815899326
cg10027017,chr12,132518570,EP400,N_Shore,-0.0737896919424476,-0.0147018226612639,-2.44331587295287,0.014983774503307,0.0458654725440493,0.615563815899326
cg21790971,chr4,54244117,FIP1L1,Island,-0.0705019351648121,-0.00630962079410766,-2.44066683067991,0.0150924604710204,0.0461059743412693,0.616197224808536
cg24376955,chr10,43637359,CSGALNACT2,S_Shelf,0.0464296955982871,-0.00252774300965486,2.34509665028751,0.0195093463584302,0.046206165816838,0.616418944053012
cg24119607,chr5,139047739,CXXC5,N_Shore,-0.0563498529437914,0.00613058000788946,-2.43922553898694,0.0151518866326073,0.0462372721435659,0.616666645598676
cg19155599,chr1,186649153,PTGS2,N_Shore,0.0574905757171023,-0.000508207669056029,2.34368056065504,0.0195825339757096,0.0463354010259566,0.616775902353696
cg24297727,chr6,30538686,ABCF1,N_Shore,0.0556324790570136,-0.0021021244111183,2.34277576649234,0.0196294222997482,0.046418133609356,0.616852730953301
cg08074182,chr16,1007567,LMF1,S_Shore,-0.0791146526284164,-0.0165462926871984,-2.43568830257307,0.0152986085978168,0.0465608399045768,0.617376771156858
cg02525435,chr16,88977768,CBFA2T3,S_Shore,0.0587990718088272,0.0407547442617201,2.34098686547907,0.0197224166376924,0.046582073192291,0.617439349307499
cg00144022,chr12,122488854,BCL7A,OpenSea,-0.0579390419900288,-0.00735792661545176,-2.43475706753394,0.0153374437186194,0.0466463406132097,0.617684975042029
cg04387237,chr19,14640867,TECR,Island,0.0635154561825411,0.00782690356193437,2.33950112697445,0.0197999446790269,0.0467186003618274,0.617760823864431
cg14780777,chr10,465796,DIP2C,N_Shore,-0.0724419875433374,-0.012086600065476,-2.43390304102283,0.0153731355743356,0.0467248685955676,0.617783540831352
cg22212414,chr21,34775032,IFNGR2,N_Shore,0.121598893755299,-0.0211816190276932,2.33849756001637,0.0198524633144739,0.0468110103466803,0.618012011263694
cg08179428,chr15,75745131,SIN3A,Island,0.0867883656054966,0.00585099855437264,2.3354435947295,0.0200130350637511,0.0470931708509157,0.618708319077065
cg01125010,chr17,76134099,TMC8,N_Shelf,0.0551658928968899,-0.00192572575955874,2.33439345170847,0.0200685119120474,0.0471905251274882,0.618871314390381
cg18160880,chr20,57463903,GNAS,Island,0.0396544658571989,0.0162166067524665,2.33432187350267,0.0200722981376445,0.0471971669949783,0.618871314390381
cg09383860,chr11,71709837,IL18BP,OpenSea,0.0555491428848087,-0.0194549700703415,2.33416462166065,0.0200806183831738,0.047211761430815,0.618891986725572
cg17667988,chr19,797342,PTBP1,Island,0.0501932935424615,0.00400404742716397,2.33315033879525,0.0201343570408047,0.0473059875534799,0.618891986725572
cg26923863,chr4,1221838,CTBP1,Island,0.0767850365067545,-0.053679492875904,2.33244144674027,0.020171990253216,0.0473719369486757,0.619039777425377
cg01898553,chr7,70252953,AUTS2,N_Shore,-0.073142461339037,0.00473653647338557,-2.42289052835991,0.0158399927952276,0.047747477925247,0.620276827818975
cg02087101,chr16,88951569,CBFA2T3,Island,-0.131097618821092,-0.00455699453669411,-2.42160175897676,0.0158954378965059,0.0478683719942891,0.620600556228265
cg18608025,chr4,898531,GAK,Island,0.0846052082298123,0.0005337918158973,2.32671113704571,0.0204784657934936,0.0479078807084894,0.620631218598912
cg21376733,chr12,54891636,NCKAP1L,OpenSea,0.0734872856541896,0.00904702624093178,2.32555709208013,0.0205406786387856,0.0480164302793019,0.620715137592654
cg15165154,chr5,139041014,CXXC5,Island,0.0638106676605168,-0.03567691075348,2.32529331178122,0.0205549218485144,0.0480412704739731,0.620799683886133
cg09664373,chr16,968219,LMF1,S_Shore,-0.118879217790026,-0.0231070015427202,-2.41957128768482,0.0159831398824448,0.0480593638964736,0.620826685308034
cg15859850,chr10,102046183,BLOC1S2,Island,0.13144989301159,0.0169900152061784,2.32427492799037,0.0206099921425078,0.048137273028003,0.621089772470035
cg18098743,chr19,16630065,CHERP,Island,-0.0709489497729656,-0.00867372957290302,-2.41690699005901,0.0160988663253174,0.0483109462449555,0.621557340874196
cg10968756,chr10,102295843,HIF1AN,OpenSea,0.0590521863917576,0.00771939031938712,2.32007863912502,0.0208382759380772,0.0485345572505116,0.622430666452189
cg23617042,chr4,174158959,GALNT7,OpenSea,-0.070024217163846,-0.0185956854369312,-2.41437593370154,0.0162094894275712,0.0485509707323538,0.622445967517193
cg21703988,chr12,132549404,EP400,OpenSea,0.0523422343502657,0.0270833702180829,2.31921885745658,0.0208853213420384,0.048616296168847,0.622519825234909
cg19743759,chr9,35072884,VCP,Island,0.102008688313094,0.0165241893882293,2.31840433756733,0.0209299757995558,0.0486938386719809,0.622522697553269
cg14517359,chr4,903473,GAK,S_Shelf,-0.087159646644094,-0.00466151355326105,-2.41104516784703,0.0163560863909008,0.0488683583874729,0.622873701840092
cg12436568,chr1,202130728,PTPN7,OpenSea,-0.104779047647003,-0.028656077074967,-2.40967603509935,0.0164166842979652,0.0489993268181652,0.623113975124257
cg02389091,chr6,32975186,HLA-DOA,N_Shore,0.0460077580525272,0.00862294791952267,2.31505157190543,0.021114665188764,0.049014117144749,0.62316134286159
cg09729182,chr3,121964928,CASR,OpenSea,0.0996098850383252,0.0173130071223332,2.31481441247115,0.0211277830844074,0.0490368389931757,0.623189015279198
cg02702692,chr11,71724504,NUMA1,OpenSea,0.0415228045159301,0.0118728009744457,2.3142192746509,0.0211607330671546,0.0490938970827464,0.62348644690444
cg05551922,chr3,49396232,GPX1,S_Shore,-0.097982564306865,-0.0216579472228254,-2.40843774554143,0.0164716614803058,0.0491180326535783,0.623544187684641
cg16899038,chr10,550564,DIP2C,OpenSea,-0.069870839829695,-0.00614386761930974,-2.40694007396835,0.0165383714658006,0.0492619259334283,0.623988432607707
cg15869475,chr7,116502356,CAPZA2,N_Shore,0.093243177008137,0.0221821196779331,2.31140085414424,0.0213173867547243,0.0493648668839433,0.624160515899078
cg20596647,chr6,112163498,FYN,OpenSea,0.0842988822081628,0.0166932134527198,2.31062847070058,0.021360494033078,0.0494393443846115,0.624394049291117
cg21140981,chr14,91766264,CCDC88C,N_Shelf,-0.0521443740649644,-0.00565610705193276,-2.40400596324473,0.0166697547057478,0.0495448547829062,0.624587727694766
cg03186440,chr16,89042185,CBFA2T3,OpenSea,-0.049334469429071,-0.0266728377079579,-2.40274113222337,0.0167266743161406,0.0496672389888902,0.624672394522229
cg23992470,chr4,843637,GAK,Island,0.0987013715046234,0.00561080029648964,2.308022915133,0.0215064745499268,0.0496912822200686,0.624672394522229
cg19091677,chr4,174255518,HMGB2,Island,0.129306005033752,0.00656768770341113,2.30602315815479,0.0216191048403504,0.0498853733795336,0.624954385580265
cg09260225,chr12,69863995,FRS2,Island,0.0680584182290591,0.0161005956598568,2.30530016741706,0.0216599517813207,0.0499557012352667,0.625111786205346
cg06458469,chr7,70061064,AUTS2,Island,-0.0871506960977546,-0.00827542649929625,-2.39809403254132,0.0169372752837226,0.0501190684315709,0.625395938368986
cg22242279,chr19,11156112,SMARCA4,S_Shelf,-0.0818722052660439,-0.0156720505883771,-2.39471083518734,0.0170920636032412,0.0504501738937341,0.625902256780621
cg04799664,chr16,57053850,NLRC5,OpenSea,-0.0711569487135927,-0.0122389136822403,-2.3944194826497,0.0171054516684027,0.0504787733953544,0.625902256780621
cg23354735,chr17,37077918,LASP1,S_Shelf,0.0848772141040474,0.00156769531302592,2.29978884140533,0.0219735483456468,0.0504945440571668,0.625915661484775
cg19931733,chr2,30382574,YPEL5,OpenSea,-0.0676510896921205,-0.01986360631969,-2.39313783993793,0.0171644547065004,0.0506047422928381,0.62632498902029
cg08216792,chr13,108868060,LIG4,S_Shore,0.0607930515491727,0.00744246117869794,2.29747466345138,0.0221064033908944,0.0507222488343693,0.626398242287431
cg25356639,chr3,71349304,FOXP1,OpenSea,-0.0974017660652045,-0.0114664120629612,-2.39165826824524,0.0172327926089075,0.0507504924587251,0.626398242287431
cg12658906,chr10,426440,DIP2C,OpenSea,-0.0986879506061963,-0.0245385357526993,-2.39081855203572,0.017271683566259,0.0508333678207926,0.626638394343965
cg07873779,chr7,73788420,CLIP2,N_Shore,-0.0548974500639717,-0.00422047180241025,-2.3896937922017,0.0173238972044106,0.0509445529952403,0.627046834187111
cg11208859,chr5,132361924,ZCCHC10,Island,0.12446254621597,0.00917047697891298,2.29370015047325,0.0223246000044836,0.0510954894276698,0.627700684063864
cg24228530,chr19,16641674,CHERP,Island,0.0512063953786007,0.00480324999052761,2.29154938770038,0.0224497698144364,0.0513091930655729,0.628097698505746
cg09326204,chr3,121953249,CASR,S_Shelf,0.0474631849558793,-0.0066553290863457,2.29016786136251,0.0225304943321367,0.0514468582815264,0.628349121563405
cg20132273,chr13,49549463,FNDC3A,N_Shore,0.108959394578751,0.0169469429497282,2.28893572698426,0.022602703201754,0.0515698977013959,0.628549780212814
cg10799249,chr10,422187,DIP2C,Island,0.0529412772266033,0.0179574324740079,2.28712483313636,0.0227091964817556,0.051751178203056,0.629005867020052
cg25708790,chr12,132549361,EP400,OpenSea,0.0731197127170689,0.0341814758927769,2.28652737199242,0.0227444272759808,0.0518111042265224,0.629046701108348
cg22775642,chr12,125332183,SCARB1,OpenSea,0.044237117796465,0.00412091213886767,2.28607909850953,0.0227708921375017,0.0518561046731263,0.629046701108348
cg05309239,chr20,57427017,GNAS,Island,0.0434639513482859,0.0156039231593133,2.28551997943099,0.022803938660318,0.0519122783052619,0.629046701108348
cg14214797,chr14,91860613,CCDC88C,OpenSea,0.0378455129065632,0.0699601369064619,2.2845701829241,0.0228601719010752,0.0520078192427982,0.629109475732507
cg24804436,chr6,42955017,PPP2R5D,OpenSea,-0.0586153242736026,0.000195461416423015,-2.37791730773851,0.0178789842878585,0.0521209639992717,0.629486463722773
cg14048463,chr19,11145635,SMARCA4,Island,-0.0705270196694898,-0.002894689545348,-2.3773762133084,0.0179048605574807,0.0521755580744589,0.629487085829026
cg24615749,chr5,102611933,C5orf30,OpenSea,-0.0826324490393695,-0.0175753647141149,-2.37196056220444,0.0181656680510577,0.0527246131213804,0.630734309965388
cg26591221,chr16,88942335,CBFA2T3,N_Shore,0.066614632607078,0.00755858139079557,2.27642710740384,0.0233472700122964,0.0528329906581166,0.631078837096116
cg14051306,chr5,56248243,MIER3,Island,-0.0820433017685036,0.00136258653543786,-2.370675542447,0.0182280401471901,0.0528555988091808,0.631078837096116
cg16465768,chr2,136287945,R3HDM1,N_Shore,0.105285311989377,0.0208288465194827,2.2756675347791,0.0233931635170444,0.0529105161229074,0.63115721994702
cg13126315,chr14,75230509,YLPM1,Island,0.0935128413837306,0.0110033943073611,2.27530296014466,0.0234152190797824,0.0529477600318847,0.631169212695717
cg03582827,chr16,958339,LMF1,N_Shore,0.0707645883916878,0.0027647647147766,2.27346057889773,0.0235269543930004,0.0531363076996566,0.631575244091938
cg06545139,chr4,926475,GAK,Island,0.0834839155198482,0.00368707612253749,2.27109541362937,0.0236710757404944,0.0533791785736284,0.631970498211679
cg00820311,chr16,921351,LMF1,N_Shore,0.0606655974578621,-0.0274092109633047,2.27052019478138,0.0237062427180343,0.0534383858261618,0.632265127737174
cg03188346,chr7,73719672,CLIP2,N_Shore,0.0458126764750566,0.028070919184317,2.26832912682522,0.0238406144134764,0.0536644149364281,0.632539684735247
cg20822858,chr6,134499519,SGK1,S_Shore,0.0568727538521079,0.00967300511441782,2.26629111411494,0.023966194456287,0.0538753709796498,0.633012173018471
cg27076223,chr4,40632858,RBM47,S_Shore,0.0477264776968142,-0.053803965545165,2.26621916405923,0.0239706384409766,0.0538828312104195,0.633012173018471
cg08937613,chr4,881914,GAK,S_Shelf,-0.0568447720788251,-0.0120441416255205,-2.36054744946702,0.0187262584485002,0.0538975316804798,0.633012173018471
cg01623475,chr16,79158158,WWOX,OpenSea,-0.0697015217020779,-0.0143376862511768,-2.35994932873309,0.0187560514378188,0.0539595960859612,0.633168978443282
cg17619347,chr7,100478931,SRRT,OpenSea,-0.0704040587731103,-0.0151171318112334,-2.35949838739283,0.0187785407836011,0.0540064277528036,0.63339738411218
cg01869661,chr20,524496,CSNK2A1,Island,0.0538474818782094,0.00685846753370251,2.26469614938942,0.0240648756560356,0.0540409493036585,0.633549791847699
cg18951718,chr12,6745343,LPAR5,OpenSea,0.0576446505845411,0.0222991207929725,2.26329419009793,0.0241519073704384,0.0541868416529211,0.633725772867618
cg07356957,chr5,139029772,CXXC5,Island,0.071975321237145,0.00856943477135054,2.26105238000611,0.0242916450805858,0.0544208144420545,0.634060679758332
cg03747695,chr19,44716642,ZNF227,Island,0.0885889943989015,0.0210161094622423,2.26101987698146,0.0242936762390328,0.0544242128999435,0.634060679758332
cg27193345,chr6,32975250,HLA-DOA,N_Shore,0.0536836861729699,0.00981826742509817,2.26049242637559,0.0243266580094369,0.054479386941394,0.634108412357267
cg15844596,chr20,35274570,SLA2,OpenSea,-0.0515395449210025,0.00159640088474643,-2.35439325743159,0.0190347997147234,0.054538981405117,0.634139210800857
cg27585405,chr16,475496,RAB11FIP3,Island,0.0687014535386392,0.00289137916221932,2.25951505638388,0.0243878764634362,0.0545817482003032,0.634139210800857
cg21707172,chr6,155537944,TIAM2,N_Shelf,0.0864024740361344,-0.00855583221193834,2.25527257415537,0.0246551641386089,0.0550279302756019,0.634511543811412
cg00766322,chr7,70252282,AUTS2,N_Shelf,0.0783948677485174,0.0297300383059165,2.2547482463274,0.0246883744057235,0.0550832843990199,0.634674724356406
cg25663874,chr5,137595632,GFRA3,S_Shelf,-0.106185903995528,-0.0155291069509458,-2.34679784666005,0.0194217408319922,0.0553394160977165,0.635147378293452
cg25661219,chr6,134497175,SGK1,N_Shore,0.0960612922087402,0.000532405561431443,2.25212343913571,0.0248552117769835,0.0553610877622572,0.635147378293452
cg08269316,chr4,174254507,HMGB2,N_Shore,0.0735713858953786,0.0211164986807927,2.25161083309382,0.0248879080647776,0.0554154768254551,0.635253287182198
cg04251363,chr3,98452218,ST3GAL6,Island,0.0725877139805008,0.00751434421437376,2.25123877713112,0.0249116628546657,0.0554549809799167,0.635332956158646
cg14936778,chr7,56174888,CHCHD2,S_Shore,-0.0707250385633605,-0.00878778932289964,-2.34527080452152,0.0195003621459016,0.0555015182970594,0.635334754497621
cg00585733,chr7,69064884,AUTS2,Island,-0.0483158154351603,-0.00606779317604121,-2.34361686705144,0.0195858314953952,0.055677537146975,0.635554635242725
cg26250609,chr11,67351273,GSTP1,Island,-0.0658905830016631,-0.00353395841572213,-2.34171744506067,0.0196843915954321,0.0558802549556296,0.636041890925982
cg24620617,chr4,903575,GAK,S_Shelf,0.0586601830644467,0.0113111479824966,2.24700493520696,0.025183373676198,0.0559061770539,0.636165712722599
cg10626959,chr7,4800797,FOXK1,Island,-0.070015713770764,-0.0101605932418674,-2.34020067625685,0.0197634079470099,0.0560425748358323,0.636362800194489
cg03038245,chr10,630310,DIP2C,Island,-0.0594599739021736,-0.00344322161558197,-2.33891093488124,0.0198308158256569,0.0561809076686737,0.636789174733201
cg02788400,chr13,96296983,DZIP1,Island,-0.10554765711723,-0.00477108063644036,-2.33662533495523,0.0199507669221382,0.0564267509036649,0.637422939961032
cg04933438,chr16,78629479,WWOX,OpenSea,-0.0653612537362258,-0.0149838190603718,-2.33604061354581,0.0199815557571872,0.0564897882453572,0.637478676330368
cg08439890,chr16,962080,LMF1,N_Shore,0.0505392604440355,0.0229504378824101,2.24122495160231,0.0255584645432778,0.0565270764887011,0.637512737204184
cg01988827,chr12,69864077,FRS2,Island,0.0471850911177666,0.0129382692596195,2.2409753714068,0.0255747696895385,0.0565540157364358,0.637610008917656
cg26610808,chr10,102046685,BLOC1S2,S_Shore,0.0642458107114945,0.0138490532120332,2.24059594639553,0.0255995749384044,0.0565949906755747,0.63763194837073
cg04352676,chr6,29596516,GABBR1,S_Shore,-0.0982258141397775,0.00425618704749582,-2.33493322057485,0.0200399802535674,0.056609334126011,0.637635263056578
cg22443651,chr4,40453161,RBM47,OpenSea,0.0455508161944935,0.0163047430687179,2.24029167006603,0.0256194823663126,0.0566278679934601,0.637671307869788
cg00633969,chr3,122284550,PARP9,S_Shore,-0.0740035720386388,-0.011172934230429,-2.33462793329845,0.0200561130740175,0.0566423276613824,0.637698142716561
cg09249657,chr4,40518806,RBM47,OpenSea,0.0412801665755787,0.0140647118583822,2.2393108070029,0.0256837473456806,0.0567339593133788,0.637999815784168
cg21971807,chr20,57471654,GNAS,S_Shelf,0.0581192668383086,-0.00733579370399196,2.23805418071591,0.025766284478736,0.0568701191504272,0.63833043647827
cg14754555,chr2,157292018,GPD2,N_Shore,0.0636606762313374,-0.0605990787282361,2.23769729824591,0.0257897670053624,0.0569088381462075,0.638371482326506
cg14352442,chr2,170684197,UBR3,Island,0.14660488383611,0.00651505841452113,2.23748170549394,0.0258039618023477,0.0569322389220724,0.638380921674831
cg14572758,chr17,37026306,LASP1,Island,0.0866196007380291,0.00551559543010809,2.23619688954024,0.0258886958151555,0.0570718609340335,0.638768180852843
cg24468890,chr1,32757294,HDAC1,N_Shore,0.0716649019433783,0.0241164649460484,2.23477527349846,0.0259827331724011,0.0572266809484623,0.63937020795756
cg13209122,chr1,226927327,ITPKB,S_Shore,0.124016549917982,0.041637969859776,2.23452975135438,0.0259990040053615,0.0572534546920774,0.639391066882255
cg23666374,chr7,69120991,AUTS2,OpenSea,-0.0689083981323942,-0.0129642653099924,-2.32888833086693,0.0203615455429035,0.0572656126369491,0.639391066882255
cg10141839,chr16,70558156,SF3B3,S_Shore,0.0773610381565486,0.0187644619105818,2.23389844837243,0.0260408812628601,0.0573223449704897,0.639527957744279
cg15304497,chr14,75230530,YLPM1,Island,0.0737287469531294,0.0100472422784934,2.23197588638962,0.0261687744641754,0.0575325672971442,0.640065910120387
cg00019093,chr13,30424932,UBL3,Island,0.0591329729895803,0.00818092139832751,2.23081506414599,0.0262462585535015,0.0576598073559505,0.640309275420599
cg06782676,chr3,121901383,CASR,N_Shore,-0.0639770258235401,-0.0051264779518404,-2.32518086434125,0.0205609962429861,0.0576712446716236,0.640330732876298
cg18923472,chr2,48983189,LHCGR,S_Shore,-0.106765383067544,-0.00966099585475844,-2.32444079154193,0.0206010140833699,0.0577525009849093,0.640435582627353
cg22407822,chr20,57463658,GNAS,Island,0.0522751367076527,0.00607092310683638,2.22950366972658,0.0263340325735345,0.0578038332705256,0.640539464533423
cg03496157,chr12,122458893,BCL7A,OpenSea,0.061847569194211,-0.00117447411195515,2.22933173852701,0.0263455590990051,0.0578227380328235,0.640656864276197
cg09929879,chr10,343794,DIP2C,N_Shelf,-0.0861549007186351,-0.0115931054513256,-2.32367958314851,0.0206422458861136,0.0578361771403761,0.640656864276197
cg12444684,chr1,65431340,JAK1,N_Shore,0.0632114197208319,0.0197664501542871,2.22594580893958,0.0265734501812966,0.058196087617672,0.641804683410121
cg05904041,chr7,4802774,FOXK1,Island,0.0573018715600784,0.00506636445831055,2.22535328378756,0.0266135055068499,0.0582616278869614,0.64189964242203
cg14144933,chr6,32975994,HLA-DOA,S_Shore,-0.0438539269526313,-0.0105900080469,-2.31859025301459,0.0209197760000361,0.0583982165990711,0.642126816350848
cg04320255,chr3,71113313,FOXP1,N_Shore,0.11929763351523,0.0105428394714347,2.22345210043729,0.0267423811447175,0.0584723353496816,0.642280065115526
cg05723552,chr16,57026029,NLRC5,S_Shelf,-0.0508189133988519,0.0419809222028152,-2.31571566029465,0.021077970647425,0.0587176718667593,0.642686018457513
cg02948862,chr16,89035532,CBFA2T3,S_Shore,0.0904631149063356,0.0149989771128883,2.22098604485883,0.0269103534963139,0.0587465900001584,0.642696655268471
cg01987941,chr14,99738006,BCL11B,N_Shore,0.0715557426876956,0.0192200726454328,2.21928390798622,0.0270268251155981,0.058936510207905,0.643162736323798
cg04224041,chr4,1220556,CTBP1,N_Shore,0.0615996155530365,0.0058742554247474,2.21831678342855,0.0270931966578058,0.0590446464648322,0.64318385243935
cg13099374,chr1,167371005,POU2F1,OpenSea,-0.08509670002678,-0.0116371137923205,-2.31201936396931,0.0212829221261127,0.0591305748420953,0.6433251471116
cg16304527,chr18,29264431,B4GALT6,N_Shore,-0.0509751365423233,-0.00608168417067199,-2.31089126004609,0.0213458190252137,0.0592570711571958,0.643654188516141
cg02943336,chr7,2959067,CARD11,OpenSea,0.0484425735105018,0.00400051293800963,2.2163836372018,0.0272262873889788,0.0592612893096533,0.643654188516141
cg23341182,chr10,102046768,BLOC1S2,S_Shore,0.0608147756804492,0.0232725920091995,2.21578759857212,0.0272674367373327,0.0593282187675037,0.643824566989691
cg04606653,chr16,88975851,CBFA2T3,Island,0.0516344492916889,0.00514008724019643,2.21570636668685,0.0272730489976889,0.0593373451892167,0.6438284421844
cg14182690,chr1,25290947,RUNX3,OpenSea,0.0489416838833166,0.0590102254805305,2.21499362256868,0.0273223349616418,0.0594174721278972,0.644250766579412
cg03588299,chr10,390961,DIP2C,N_Shore,0.080410214709127,-0.000100014407301896,2.21305648808087,0.0274566769290171,0.0596356991563118,0.644921710835156
cg23271558,chr1,23405725,KDM1A,OpenSea,-0.0757715734346729,-0.0162459571712715,-2.3064712520064,0.0215938225973468,0.0597548602549262,0.64536476503341
cg15573543,chr12,125329811,SCARB1,OpenSea,-0.0494059289198514,-0.00635713621684264,-2.30513699494413,0.0216691798873828,0.0599058064324584,0.645709736521404
cg03178232,chr16,984175,LMF1,S_Shelf,-0.08708705100756,-0.0157529431096419,-2.302572357763,0.0218146730833115,0.0601968351784338,0.646582635117635
cg26564768,chr10,347227,DIP2C,S_Shore,0.0433079191752432,0.0111740360035064,2.20673783010224,0.0278988646223591,0.0603521510734997,0.646991853045287
cg12085852,chr14,58666262,ACTR10,N_Shore,0.0877255152750212,0.022319394449221,2.20533423030693,0.0279979226235367,0.0605122653926478,0.6472779402204
cg00987630,chr7,2393812,EIF3B,Island,-0.0718705799994772,-9.06780960462789e-05,-2.29960585214218,0.0219840281632823,0.0605349280743169,0.6472779402204
cg23933095,chr7,73786526,CLIP2,N_Shelf,0.0995741461832725,0.006137900148388,2.20460727173899,0.0280493466959139,0.0605953307957422,0.647297430004436
cg08186341,chr16,70563092,SF3B3,OpenSea,0.0896228532873596,-0.00526733893618914,2.2040856289438,0.0280862973441708,0.0606549941514052,0.647450321803302
cg20818191,chr4,866154,GAK,Island,0.0697308205909491,0.0136604660097791,2.20322205064282,0.0281475616126961,0.0607538736835067,0.647696730617016
cg18922542,chr7,70256003,AUTS2,S_Shore,-0.0768277957165336,-0.0101107484559647,-2.29562807077573,0.0222129172824852,0.0609907446508434,0.648056315976294
cg20126878,chr20,57464571,GNAS,Island,0.0331373477794508,0.00843907190836363,2.20092471369809,0.0283111031909183,0.0610175687050913,0.648107967004784
cg01974478,chr7,4779312,FOXK1,OpenSea,0.0633832294583852,0.0369203013012235,2.19999853922264,0.0283772672614927,0.0611241455288539,0.648438161599877
cg10522125,chr16,30483996,ITGAL,N_Shore,0.0554058520540131,0.00781851070470632,2.19824957664357,0.0285025744063687,0.0613258227792401,0.648770874148444
cg26642844,chr7,2419167,EIF3B,N_Shore,0.041325713778596,0.00464954161470355,2.1941172135128,0.0288005460224563,0.061804525680298,0.649864827407701
cg02552079,chr4,1220951,CTBP1,N_Shore,-0.0772391517390212,-0.0131252136216935,-2.28493008413436,0.0228388495331789,0.0622307567578331,0.650375973968231
cg26311782,chr10,712032,DIP2C,Island,-0.0797485897527996,-0.00403747020478129,-2.28472306611745,0.0228511122076847,0.0622549565765316,0.650415772360061
cg06201207,chr4,866302,GAK,Island,0.0427095026755318,0.00837535830594205,2.18961376446304,0.0291283373922501,0.0623297336530885,0.650636318198717
cg06114605,chr7,4806755,FOXK1,N_Shore,0.0498687334946689,-0.00323591292160841,2.18916546307332,0.0291611434774238,0.0623822175857016,0.650729678448932
cg02637781,chr7,2394389,EIF3B,Island,0.156267578225592,0.0064687248111618,2.18893384831489,0.0291781052306026,0.062409347710165,0.650763334308764
cg23994303,chr17,37025274,LASP1,N_Shore,0.0648011122621512,0.0133748478623135,2.18843947377745,0.0292143380774801,0.062467288769775,0.650918427707322
cg20952324,chr3,9773343,BRPF1,Island,-0.0548389866603029,0.00274453255464108,-2.28287443866465,0.0229608701047886,0.0624714012277799,0.650941557198224
cg25635805,chr6,29581054,GABBR1,OpenSea,-0.0561722732666676,-0.00509568454666909,-2.28270739048465,0.0229708108030956,0.062490990517891,0.651033834942312
cg23629415,chr14,54955474,GMFB,Island,-0.0475410986764699,-0.00482733802060387,-2.28251891462445,0.0229820311240151,0.0625130986738207,0.651049422808838
cg10071690,chr10,666063,DIP2C,N_Shelf,0.102001449872619,-0.0177092415540998,2.1873999246749,0.0292906537109426,0.0625892698350848,0.651168396317053
cg27159421,chr10,651060,DIP2C,N_Shore,-0.0717916127052911,-0.00602092525770892,-2.28148423997885,0.0230437123975769,0.062634580925558,0.651168396317053
cg12692199,chr17,7138010,DVL2,Island,0.067740743399781,0.00682445281371517,2.18686556352273,0.0293299493160837,0.0626520485773467,0.651168396317053
cg11295183,chr10,466878,DIP2C,S_Shore,-0.0760468979898258,-0.0105026052210424,-2.2794007881385,0.0231683536589151,0.0628797935982598,0.651287035139469
cg04768459,chr10,73828556,SPOCK2,OpenSea,-0.0546243384346094,-0.0123781588979852,-2.27886040981539,0.0232007772772138,0.0629435230949311,0.651287035139469
cg22076311,chr3,71180052,FOXP1,OpenSea,0.0882406813671377,0.0192547379851435,2.1830986540037,0.0296082523848649,0.063096078003061,0.651659465876427
cg07294785,chr6,32976018,HLA-DOA,S_Shore,0.130576852804152,0.00339715299153665,2.1820555042724,0.0296857232329896,0.063219499521485,0.652222513145568
cg03546401,chr6,32978610,HLA-DOA,S_Shelf,-0.066272048783563,-0.00912206320976638,-2.27575878861916,0.0233876457938478,0.0633103462520687,0.652630547200008
cg00919013,chr8,12613847,LONRF1,S_Shore,0.0575180142310999,-0.0180408318287121,2.18063388828113,0.0297915830190421,0.0633880209068168,0.652795014727485
cg00497472,chr4,892861,GAK,N_Shore,-0.0920754823388072,-0.028547858373531,-2.27502814445584,0.0234318564956014,0.0633970148324924,0.652825436818035
cg05805736,chr6,42952517,PPP2R5D,OpenSea,0.0472769917324453,0.00696300600523135,2.18045432305603,0.0298049773826392,0.063409333330314,0.652851505693088
cg16266227,chr1,202129204,PTPN7,OpenSea,-0.0555089095832533,-0.00629573725473663,-2.27363866753332,0.0235161335708074,0.0635621042590499,0.653305988178403
cg19036490,chr7,4804175,FOXK1,S_Shore,-0.0798899503744443,-0.00462806981823205,-2.27344139418798,0.0235281203315864,0.0635855718772561,0.653323332648082
cg24297835,chr8,133732174,TMEM71,OpenSea,-0.0789645900784172,-0.0138240582817635,-2.27187979216537,0.0236231946524284,0.0637715926101717,0.653490804213084
cg11788450,chr12,56521719,ESYT1,N_Shore,0.0937267907082714,0.00315631058595749,2.17509540558406,0.0302071156486505,0.0640481081771438,0.653969819474904
cg13320898,chr7,4801923,FOXK1,Island,-0.105761672552452,-0.0111892977196005,-2.26920849500975,0.0237866059148257,0.0640908441598703,0.6539978155955
cg26764358,chr7,69580970,AUTS2,OpenSea,-0.0840280649930148,-0.00846622383454787,-2.26828737468208,0.0238431813739768,0.0642012344297985,0.654191878042703
cg26655856,chr16,88977887,CBFA2T3,S_Shore,0.0494453413200591,0.0306457662349511,2.17231689307638,0.0304174539939845,0.0643813887283573,0.654414819726906
cg18467406,chr10,665510,DIP2C,N_Shelf,-0.0639590688083626,-0.0106119978450696,-2.26530725270339,0.0240270247007756,0.0645594586172355,0.654832285299495
cg26120073,chr14,91841955,CCDC88C,OpenSea,0.0556791266470086,0.0475049228411724,2.17074296597538,0.0305371624703303,0.0645708144189515,0.654832285299495
cg05412410,chr7,3033173,CARD11,OpenSea,-0.0582332891597881,-0.00604710455435542,-2.26504620685817,0.0240431872009518,0.0645909159358254,0.654832285299495
cg22791678,chr6,41552580,FOXP4,OpenSea,0.0438881087224204,0.00429772019016939,2.16987592655004,0.0306032803893228,0.064675360908172,0.654913776442994
cg26300313,chr4,864100,GAK,N_Shore,0.0914896091972156,-0.0199375741724256,2.16965198876447,0.0306203772765465,0.0647023857215394,0.654916322391135
cg11251293,chr1,205025861,CNTN2,OpenSea,-0.0553127440696428,0.00398162566144755,-2.26259722593519,0.0241952757930152,0.0648866467071502,0.655083319854309
cg17100322,chr6,112194613,FYN,Island,-0.0560860033000081,-0.00262710039624783,-2.26156753225364,0.0242594722355561,0.0650113222289653,0.655288030235612
cg19501108,chr7,73717386,CLIP2,N_Shelf,0.0441144524651052,0.0101663156345769,2.16575645231984,0.0309191082243104,0.0651739918885584,0.655578529363509
cg17620505,chr6,41524766,FOXP4,N_Shelf,-0.0466230520265597,-0.0111537589916516,-2.26015525097765,0.0243477621735493,0.0651826428598817,0.655578529363509
cg23588713,chr12,56523270,ESYT1,Island,0.0858403914135366,0.00483660865138848,2.1645155409599,0.0310147939466253,0.0653248146815745,0.655746464504586
cg21511523,chr19,14676461,TECR,Island,0.0545022638746832,-0.0063092138282792,2.1640184566883,0.0310531952396298,0.0653853119622477,0.655818590840723
cg18282392,chr4,174166207,GALNT7,OpenSea,0.0506955179201748,0.0042163769156589,2.16107187633089,0.0312816697403947,0.0657448726689321,0.656402496575166
cg21479305,chr19,14640168,TECR,Island,-0.0916340923642584,0.00202304655920709,-2.2551549610629,0.0246626102229613,0.0657922122218145,0.656448234058751
cg19426459,chr12,132554069,EP400,OpenSea,-0.0757312808655084,-0.00334435308847147,-2.25436984202173,0.0247123662187214,0.065888349024438,0.656589624519287
cg14524897,chr4,890520,GAK,N_Shelf,0.0880082704378696,0.00110309528887265,2.15720926537473,0.0315833639081684,0.0662186803681376,0.657487865935245
cg09837169,chr6,155410740,TIAM2,OpenSea,-0.0786400599768367,-0.00953058660592065,-2.25059612894041,0.0249527406648706,0.0663520522158717,0.657739144617186
cg07839627,chr6,29599836,GABBR1,N_Shore,0.0306284052178379,0.00392059921125959,2.15590012930485,0.0316861824265661,0.066379902650083,0.657739144617186
cg16749930,chr11,71709978,IL18BP,OpenSea,-0.0385646272896042,0.000564841195539678,-2.24950030377275,0.0250229211521229,0.0664872066694699,0.657987306577368
cg27494100,chr16,537705,RAB11FIP3,OpenSea,-0.0615745912969897,-0.00142508216735493,-2.24925599909041,0.0250385906450449,0.066517369069333,0.658053706588011
cg07489488,chr10,400897,DIP2C,S_Shelf,0.0742578638164561,-0.000452127610686359,2.15460544863847,0.0317881488566683,0.0665396625947308,0.65805426821666
cg24617313,chr20,57427146,GNAS,N_Shore,0.219359697580784,0.0322473342960836,2.15451393534968,0.0317953669321645,0.0665509670496235,0.658058060044819
cg09694606,chr10,94609038,EXOC6,Island,0.0510953543737119,0.00938441988763125,2.15395183321708,0.0318397334698183,0.0666204371107227,0.658333481222805
cg20610177,chr16,532468,RAB11FIP3,Island,0.0659354491791521,-0.00951212864356266,2.15359939024954,0.0318675788445015,0.0666640259027202,0.658405439449583
cg03977237,chr5,139060922,CXXC5,Island,0.0477628010207464,0.00311188909299798,2.15279488178046,0.0319312189708705,0.066763612416013,0.658602320045583
cg23508786,chr21,34775291,IFNGR2,N_Shore,0.0859805663403765,0.0323155684800009,2.15004355425179,0.032149688133271,0.0671051131920829,0.659163435431004
cg11566244,chr11,67351786,GSTP1,Island,-0.08749264426685,-0.0260993637984234,-2.24353919770818,0.025407703600964,0.06722640160662,0.659346774077907
cg05867158,chr10,678920,DIP2C,Island,-0.0753382868496322,-0.0178887794947025,-2.24282346915897,0.0254542468319492,0.067315607153988,0.659500124127845
cg10839502,chr10,349146,DIP2C,S_Shelf,-0.0575729108436376,-0.016970099664526,-2.24153871171744,0.025537979312102,0.0674759785539555,0.659664822015151
cg11952344,chr17,80398854,HEXDC,S_Shore,0.050127226488195,-0.0069979587258916,2.14471298938052,0.03257662223199,0.0677708461435744,0.660017562189352
cg03992638,chr5,139037323,CXXC5,N_Shelf,0.0578759465509063,-0.0298700704552787,2.14362719955582,0.03266418000894,0.0679071140055792,0.660066181676236
cg01570662,chr12,133656953,ZNF140,Island,0.110304283396356,0.0205604559246579,2.14347565164447,0.0326764168621639,0.0679261513506423,0.660066181676236
cg21937462,chr21,45561490,C21orf33,S_Shore,0.0705420824251673,-0.000605716808922074,2.14201623939338,0.0327944600632323,0.0681097064796829,0.660302381852823
cg00692559,chr1,156737950,PRCC,Island,0.0778517279427623,0.00749223737233317,2.1413059344143,0.0328520448949338,0.0681991913528783,0.66046905381736
cg22737001,chr1,25257029,RUNX3,Island,-0.0640653110188586,-8.25163277295288e-05,-2.23562351816827,0.0259265877028441,0.0682184104605671,0.660496335562763
cg23313885,chr8,133773115,TMEM71,OpenSea,0.0641211643478513,0.0439171576909807,2.13717705582211,0.0331884989387693,0.0687212672243022,0.661184730713662
cg23916689,chr1,25292034,RUNX3,OpenSea,0.0413366015417756,0.0428271749887229,2.13646659687774,0.0332466903002624,0.0688114315123058,0.661311828880363
cg03008339,chr4,1241188,CTBP1,N_Shore,-0.060980365285977,-0.00476644388831671,-2.23073309239757,0.0262517376268228,0.0688372811668843,0.661336618864222
cg23065468,chr2,136288564,R3HDM1,N_Shore,0.0871813100091451,0.0111781083300365,2.13490609731361,0.0333748134181241,0.0690098156495137,0.661846009693076
cg00825967,chr16,88990454,CBFA2T3,N_Shelf,0.0374403176904061,0.0246605652252322,2.1330987302254,0.0335237350625257,0.0692401707147235,0.662087880351495
cg21985691,chr11,17849903,SERGEF,OpenSea,-0.059725176099441,-0.00830904427615176,-2.22730726934811,0.0264816120045339,0.0692735520619158,0.662087880351495
cg04154825,chr3,122283252,PARP9,Island,0.0747734415644711,0.00426968944763314,2.1326473317816,0.0335610178661986,0.0692978014361346,0.662106094549225
cg06297554,chr10,395173,DIP2C,Island,-0.0467518688149957,-0.0116530531909943,-2.22510211448661,0.0266305006079577,0.0695555730592241,0.66240606426112
cg00151732,chr16,570188,RAB11FIP3,OpenSea,0.0543530820825121,0.00394478467555848,2.13017617084611,0.0337657524363329,0.0696139968571171,0.662500905019652
cg01292299,chr11,18008039,SERGEF,OpenSea,-0.0697703602281885,-0.0121754520288213,-2.22419510413939,0.0266919508507462,0.0696718454499059,0.662569034298233
cg23220637,chr6,32976805,HLA-DOA,S_Shore,0.0775800539212814,0.00657444102809135,2.12893039764255,0.0338693700029588,0.0697738473153247,0.662569034298233
cg05262829,chr1,226921576,ITPKB,N_Shelf,-0.101244550660464,0.041098178879869,-2.22329503594421,0.0267530522369145,0.0697873856030773,0.662569034298233
cg20501882,chr7,107542178,DLD,OpenSea,-0.0549792280466574,-0.0127958130076812,-2.22245544121811,0.026810157621558,0.0698953046307375,0.66278188249781
cg24375221,chr3,121904275,CASR,S_Shore,-0.0558742176960279,-0.00557914918193447,-2.22161069495654,0.0268677199835505,0.0700040240272687,0.662937120474494
cg10113582,chr4,905918,GAK,N_Shore,0.0738158954863813,0.000484146024882337,2.12617078835343,0.0340998735307815,0.0701290176680232,0.662990161595188
cg14187409,chr7,56174376,CHCHD2,Island,-0.0968558307133746,-0.00430382811208119,-2.21987539635274,0.026986302091241,0.0702277934955119,0.663114355154315
cg08229905,chr16,88969224,CBFA2T3,N_Shore,0.0517817209773196,0.0284786453536849,2.12280967890614,0.0343824356913093,0.0705636054747506,0.664074321566181
cg10712934,chr10,686201,DIP2C,Island,-0.0527689951157697,0.00205171688720962,-2.2160802182954,0.0272472281140334,0.0707192333883045,0.664323700640124
cg16077536,chr12,125292614,SCARB1,OpenSea,0.0711739590083978,-0.000722890853949498,2.1210861902901,0.0345281033726602,0.0707873060309897,0.664521146052344
cg21026624,chr7,70255210,AUTS2,Island,0.0717017056682342,-0.000153761514293027,2.12067206397503,0.0345631837006932,0.0708411442113831,0.664668318124312
cg20466196,chr6,112054576,FYN,OpenSea,-0.065007873717476,-0.00781884242869335,-2.21365384389377,0.0274151889172604,0.0710349015042689,0.664985018896417
cg11373563,chr7,4798018,FOXK1,N_Shore,-0.0453816110668967,-0.00711823550208623,-2.21206012657891,0.0275259979567468,0.0712428699306425,0.66519506179557
cg06950683,chr16,89010800,CBFA2T3,S_Shelf,0.0635281121675133,-0.00752413023192389,2.11683205747075,0.0348899257504546,0.0713419622414668,0.6654754231905
cg04116155,chr10,31612795,ZEB1,S_Shelf,-0.0708078229068974,-0.0152386060436163,-2.20798761634218,0.0278109172920489,0.0717765705458989,0.666755204545502
cg22798257,chr4,898478,GAK,Island,-0.0757197069295699,-0.0142706895427006,-2.20774713908871,0.0278278209852854,0.0718081871229916,0.666838576346542
cg11518657,chr1,67396239,MIER1,Island,0.0975559309133264,0.00599616460560037,2.11260913944038,0.0352523023455604,0.0718960665757202,0.666961526863686
cg19972591,chr12,120966863,COQ5,Island,0.0587141290570623,0.0133929668922746,2.11251731550611,0.0352602176144742,0.0719081541766605,0.666961526863686
cg17142816,chr10,550427,DIP2C,OpenSea,0.0379284042667417,0.00918883975056695,2.11225962996944,0.0352824383679198,0.071942084506185,0.666970358059871
cg07789225,chr20,467753,CSNK2A1,OpenSea,-0.0597038855937805,-0.0097897499079127,-2.20640322587977,0.0279224514910845,0.0719850872684323,0.666970358059871
cg19774846,chr1,25292225,RUNX3,OpenSea,0.057257294234313,0.0576204697307768,2.11137724918956,0.0353586187648681,0.0720583699312221,0.666970358059871
cg03160788,chr6,29572219,GABBR1,OpenSea,0.0357855476820436,0.00961271180655332,2.10883229706547,0.0355791269984037,0.0723946215053555,0.66743610335648
cg21422623,chr1,226912213,ITPKB,OpenSea,0.038260189795666,0.0661714182178917,2.10844092367585,0.0356131419307579,0.0724464454712649,0.667668730370064
cg05762101,chr4,1857817,LETM1,Island,0.0779883260911562,0.00468394480295869,2.10713015795286,0.0357272656957065,0.0726202326233165,0.667987717700811
cg01241758,chr2,157292861,GPD2,S_Shore,0.219109421542799,0.00420308333982482,2.10694220055065,0.0357436561262851,0.0726451808040433,0.667987717700811
cg18522266,chr19,11072136,SMARCA4,Island,0.217595114763094,0.00547665955960478,2.10602437140254,0.0358237859896811,0.0727671079630389,0.668168286059547
cg00878827,chr14,75229987,YLPM1,Island,-0.048015378529702,-0.00826083327418273,-2.20046978384427,0.0283435857884189,0.0727703817982973,0.668168665795421
cg00105852,chr12,133100010,FBRSL1,N_Shelf,0.0512262870179786,0.0165220331825249,2.10493537364326,0.0359190589192888,0.0729119908691498,0.668211662711584
cg24834199,chr1,225613299,LBR,N_Shore,0.0701098233236823,0.00359624265344322,2.10457993310492,0.0359502021824996,0.0729593306082318,0.668308328840372
cg03041730,chr4,903314,GAK,S_Shelf,0.07344221255287,0.00778446377561615,2.10275483696214,0.0361104791107646,0.0732028043320337,0.668517754679738
cg13303328,chr10,590014,DIP2C,OpenSea,-0.0709815898958447,-0.00700233327030131,-2.19704261386724,0.028589327870561,0.0732271552102915,0.668517754679738
cg26129669,chr6,29593913,GABBR1,N_Shore,0.0487519940965351,0.00804600212781481,2.10168263501804,0.0362049229402949,0.0733461492172141,0.668703302118714
cg19800605,chr4,903531,GAK,S_Shelf,0.0751371773105543,-0.000221024889940469,2.10073769923434,0.0362883317832357,0.0734726698901221,0.669026237269674
cg17861458,chr10,536227,DIP2C,OpenSea,-0.0548965091267189,-0.00705462576092952,-2.19419667475277,0.0287947910358625,0.073608242302346,0.669144744541435
cg06832183,chr1,25228797,RUNX3,Island,0.052812709121907,-0.000952851107294261,2.09941804604975,0.0364050917466659,0.0736496614018732,0.669144744541435
cg16138752,chr12,133128085,FBRSL1,N_Shelf,0.0850615321614482,9.76501899742077e-05,2.09891779491894,0.036449436770308,0.0737168460085023,0.669270487238832
cg07973967,chr17,62009607,CD79B,OpenSea,0.0514321057473744,-0.00307845047524484,2.09829925166146,0.0365043317363481,0.0737999867351654,0.669424383957823
cg23794671,chr6,32977580,HLA-DOA,S_Shore,0.0758567983450657,0.00723144314769324,2.0958379427147,0.0367234709678971,0.0741315803511976,0.670056180257389
cg20214067,chr12,133065776,FBRSL1,N_Shore,0.0602117513297403,0.0138422228299385,2.09569294247542,0.0367364158734329,0.0741511530628798,0.67007765825441
cg19757539,chr19,11098499,SMARCA4,Island,-0.0489385546450624,-0.00841986176151544,-2.18973050329054,0.0291197998374874,0.0742095558479891,0.670138271327374
cg21400896,chr17,47288569,ABI3,OpenSea,0.0324915882753192,0.053331135907212,2.09507119911943,0.036791966290733,0.0742351263538071,0.670199359427795
cg10462093,chr12,125348448,SCARB1,Island,-0.0764196330700365,-0.00146966370542483,-2.18496200807698,0.0294703022780586,0.0748559987157783,0.671272575051782
cg05244766,chr11,67350499,GSTP1,N_Shore,-0.0658352748391468,-0.00948269052203077,-2.18429340131981,0.0295197374204634,0.0749470051964815,0.671458016620639
cg11404906,chr6,32551749,HLA-DRB1,N_Shore,0.353931005100801,0.0274901859056974,2.08954042057879,0.0372892889813395,0.0749855445530405,0.671483634542551
cg15770585,chr7,4762742,FOXK1,N_Shore,0.0950130266877676,0.000689185939616754,2.0884289269356,0.0373899236373748,0.0751370975100587,0.671741956338653
cg23431468,chr2,136288830,R3HDM1,N_Shore,0.0718301884548098,0.0113540239918591,2.08599608267862,0.0376110033696522,0.0754696904511695,0.671791103182159
cg13874012,chr10,589143,DIP2C,OpenSea,-0.0617845677640191,-0.00644769486897534,-2.17913338965737,0.029903670001139,0.075652396511181,0.671934927538359
cg26423160,chr7,73803525,CLIP2,OpenSea,0.0439757359843736,0.00226127524708541,2.08455745943006,0.037742259866675,0.0756669286799231,0.671938511741906
cg05897918,chr4,174089748,GALNT7,N_Shore,0.0635974234042595,0.0151260527100461,2.08292807467379,0.0378913931807933,0.0758908285402579,0.67241876788307
cg21565575,chr20,35274281,SLA2,OpenSea,0.0626273208517864,0.0491198102806706,2.08167680705376,0.0380062596847454,0.0760631366118126,0.672631666627209
cg09770905,chr2,157292411,GPD2,Island,0.0700574523368763,0.00227713894829817,2.08132411539031,0.0380386904690931,0.0761117622702529,0.672631666627209
cg14774371,chr12,133659856,ZNF140,S_Shelf,-0.0869739619400455,-0.0215532479892954,-2.1745315784072,0.0302496966230388,0.0762860418035918,0.672716242060854
cg01275887,chr7,4747216,FOXK1,OpenSea,-0.0996259562291496,-0.0131227819945623,-2.17313830032083,0.0303551409093988,0.076478740324766,0.672942438064877
cg05437995,chr6,29571875,GABBR1,OpenSea,-0.060481597572058,0.000187666151822752,-2.17248389740105,0.0304047758906259,0.0765693849786408,0.672999965872667
cg07147234,chr12,56522077,ESYT1,N_Shore,-0.0543904375857425,-0.00394381837195026,-2.16987841049497,0.0306030907947423,0.0769311531991589,0.673668806171594
cg06940851,chr2,170683823,UBR3,N_Shore,0.0905994029828909,0.0232061998351469,2.07501743395062,0.0386226037903083,0.0769855542706799,0.673697498411225
cg14132884,chr14,75230010,YLPM1,Island,0.143503175172675,0.00503637295361699,2.07493262805177,0.0386305074764003,0.0769973596217594,0.673697498411225
cg16819888,chr7,69478390,AUTS2,OpenSea,-0.0853435260309917,-0.02734832907364,-2.16914780821451,0.0306588998828269,0.0770328460304698,0.673778182278559
cg00011460,chr4,40439822,RBM47,Island,-0.0609947021014862,-0.00702250939012761,-2.16835255793632,0.0307197469820008,0.0771436617399574,0.673815556337145
cg23580725,chr14,99707721,BCL11B,OpenSea,-0.113105338728384,0.0182509021568703,-2.16801800301094,0.0307453759183645,0.0771903197566469,0.673896032579494
cg19114214,chr11,67349590,GSTP1,N_Shore,0.0612596048208177,-0.0292726257505308,2.07242900601612,0.0388644607706955,0.0773465399693868,0.674140394955609
cg15282907,chr12,133066680,FBRSL1,N_Shore,0.0920153863411123,0.00641703953948701,2.07194870164137,0.0389094811149224,0.0774136753280794,0.674140394955609
cg04477005,chr16,89976526,TCF25,N_Shore,0.0504498225901105,0.00743776304719124,2.07015226226044,0.0390782610721486,0.0776651966449901,0.674386540040115
cg08482694,chr1,186649530,PTGS2,Island,0.062578755857118,0.00742639454808503,2.06869375351528,0.0392157502941862,0.0778698931654934,0.674549179121527
cg02924834,chr16,87744876,KLHDC4,S_Shore,0.037526149864001,0.000976252252818943,2.06794230070965,0.039286748278285,0.0779755282588097,0.674636100107716
cg16854466,chr12,132474827,EP400,OpenSea,-0.062604244714369,-0.0135959654610562,-2.16181667988516,0.0312237822187827,0.0780593457785305,0.674636100107716
cg04661674,chr6,29596874,GABBR1,S_Shore,0.0830481095155038,0.0101066730188298,2.06659231839278,0.0394145711012274,0.0781655944110117,0.674663913207494
cg26522543,chr16,28304663,SBK1,Island,0.0420651653684166,0.00663222003771088,2.06504082822841,0.0395619111765317,0.0783844967963145,0.674977855647386
cg14385961,chr6,42952270,PPP2R5D,OpenSea,-0.0843983452945974,0.00403026231527476,-2.15916425464162,0.0314303553514848,0.0784334691474373,0.674977855647386
cg14793544,chr6,30538842,ABCF1,N_Shore,0.0704983366983538,0.0131074446906922,2.06121796207282,0.0399269605018363,0.078926001338298,0.675478380734148
cg17367215,chr19,39936620,SUPT5H,Island,0.0970651380940093,0.00713852812393238,2.0592048299414,0.0401203468639035,0.0792123800684952,0.675751687694368
cg02514579,chr10,717091,DIP2C,OpenSea,-0.315373089224947,-0.013204166918527,-2.15179496455365,0.032010469181444,0.0794805689862423,0.676176604840017
cg08342691,chr10,94608593,EXOC6,Island,0.0650042590635416,0.00465122069727115,2.05660519197105,0.0403712537293167,0.0795834419856755,0.676268474304279
cg26530200,chr12,133656595,ZNF140,N_Shore,0.0689801074925004,0.00690064607099546,2.05609945839696,0.0404202200170369,0.0796557923056769,0.676353954471525
cg07403350,chr13,108867111,LIG4,Island,0.148381342650905,0.0202922078893286,2.05547140803037,0.0404810996521417,0.079745715704448,0.676527770824425
cg17462478,chr1,25559024,SYF2,Island,0.207130837089646,0.010934897472026,2.05514623297474,0.0405126509234314,0.0797923062380577,0.676679083648614
cg06085905,chr17,80398117,HEXDC,S_Shore,0.0597930005339466,0.000597108262062385,2.05402949935756,0.0406211653779454,0.0799524784308864,0.676746670089228
cg27284288,chr11,60739005,CD6,OpenSea,0.0550834507985393,0.0100910773041532,2.05182475535125,0.040836129449423,0.0802694702139207,0.677164319549008
cg25919221,chr1,9006680,CA6,OpenSea,-0.0743751483145791,0.0339830126952079,-2.14553331310764,0.0325106054426127,0.0803791908140669,0.67740574177441
cg20194872,chr6,41519635,FOXP4,S_Shelf,0.0407835764197154,0.00823345605642056,2.05051292219296,0.0409644926921294,0.0804585658319167,0.677476794920087
cg06042849,chr10,547025,DIP2C,OpenSea,0.0567824009162477,0.00669089368630123,2.05049840511012,0.0409659151104044,0.0804606604351097,0.677476794920087
cg16243981,chr4,893811,GAK,N_Shore,0.0424055908904113,0.00155336357881652,2.04793719405122,0.0412175269989529,0.0808308996310726,0.677699598521937
cg03442734,chr15,75745229,SIN3A,Island,0.0414318980429331,0.00668817563069125,2.04643674072617,0.0413655401308021,0.0810484414198333,0.677973873157059
cg04252710,chr14,69381541,ACTN1,OpenSea,-0.0873398985454116,-0.0268786941739763,-2.14086401085395,0.0328879157242207,0.0810546492538442,0.677973873157059
cg19780563,chr10,94594494,EXOC6,OpenSea,-0.0706631791456471,-0.0107909709483129,-2.14002908668958,0.0329557781896554,0.0811759131441844,0.678220306752363
cg18321354,chr7,3084516,CARD11,OpenSea,-0.0460828876442096,-0.0145539204328238,-2.13959904073129,0.0329907791619072,0.0812384301987503,0.678252903356839
cg20161984,chr4,84205961,COQ2,Island,0.0560306407334296,0.0233206015013547,2.04207306342108,0.0417985679773838,0.0816838072435309,0.678719759149653
cg00457155,chr11,18656868,SPTY2D1,S_Shore,-0.0768295726874281,-0.0121439465331562,-2.13437295752712,0.0334186833523806,0.0820012888426164,0.678942941678395
cg05746370,chr16,87746161,KLHDC4,S_Shelf,0.0391581633954117,0.00264544808740308,2.03896242660947,0.0421095969536579,0.0821391886126925,0.679305128325373
cg24396358,chr6,32977400,HLA-DOA,S_Shore,0.0517524433450702,0.0112156789792112,2.03795702755803,0.0422105450570525,0.0822868133925986,0.679600605264587
cg25893831,chr1,32799069,HDAC1,N_Shore,0.0646918272940181,0.0021637028967848,2.03731912968153,0.0422747003365985,0.0823805887266742,0.67960184244044
cg06243191,chr3,71633826,FOXP1,S_Shore,0.0547146614914891,0.00709921722925514,2.03660113017933,0.0423470107037781,0.0824862431730436,0.679832072947214
cg02159643,chr16,2816725,SRRM2,Island,-0.0886093186308533,-0.0208210533219787,-2.13003558273365,0.0337774322586156,0.0826388244234501,0.680084072463296
cg16405703,chr1,226893399,ITPKB,S_Shelf,-0.0445651381178559,-0.00373582097711067,-2.12987042046689,0.0337911580898289,0.0826631802318408,0.680155176560937
cg02128191,chr10,669285,DIP2C,Island,-0.0544578224035714,-0.00682120716073453,-2.12915214438445,0.0338509062106003,0.0827691691677416,0.680355747394047
cg23660999,chr11,777775,PDDC1,Island,0.202675326616903,0.00647609505469922,2.03445761905291,0.0425635106640567,0.0828023169172881,0.680411436906769
cg00087568,chr16,560280,RAB11FIP3,Island,-0.0462989392677346,-0.00708172909752414,-2.12888460615367,0.0338731839181053,0.0828086752936178,0.68043657548237
cg05210398,chr12,132470983,EP400,OpenSea,-0.0939540143890882,-0.0224644259541493,-2.12844667049745,0.0339096776468011,0.0828733761943076,0.680611995770214
cg01082242,chr10,102295570,HIF1AN,OpenSea,0.060401372861464,0.00599428052350787,2.0328254772613,0.0427289904760827,0.0830436437915085,0.680922015315294
cg19657934,chr12,133128014,FBRSL1,N_Shelf,0.0469571639537812,0.0106476793999976,2.03279049125934,0.0427325436106369,0.0830488230193757,0.680922015315294
cg04794887,chr4,1858231,LETM1,Island,-0.054482942911785,-0.000366525594922756,-2.12670294546098,0.0340553192711551,0.083131401682147,0.681014153517584
cg23488055,chr4,1845965,LETM1,S_Shelf,-0.0684057047937812,-0.0119199990601993,-2.1256769125767,0.034141267463065,0.0832835315018062,0.68143374353364
cg20455854,chr5,139040849,CXXC5,Island,-0.0594080098528912,-0.0680219473037264,-2.1246892233244,0.034224179431138,0.0834301890695501,0.68162916082669
cg05245430,chr14,91755524,CCDC88C,Island,0.0812101163705727,0.00899351080196997,2.02966511512098,0.0430509662202653,0.0835125517995584,0.681649261000519
cg19002779,chr20,57465993,GNAS,Island,0.063265509047095,0.0102031238818818,2.02894005693138,0.0431251242846676,0.0836204316973252,0.681730634867164
cg01017090,chr20,57427046,GNAS,Island,0.0496825104317893,0.010586761767087,2.02830405361778,0.0431902631125018,0.0837151541905276,0.681881272113248
cg17002328,chr14,91751773,CCDC88C,N_Shelf,0.0528613122194951,0.0171918808012098,2.02779341152395,0.0432426229532111,0.0837912690063457,0.681952376530077
cg02151120,chr11,71724287,NUMA1,OpenSea,0.0358354152554436,0.00333568829329489,2.02736097188126,0.0432870062213838,0.0838557710025984,0.682050499170529
cg19150666,chr1,67391091,MIER1,Island,-0.0660783555551014,0.00690184123761956,-2.11837824624591,0.0347580451874344,0.0843722228911489,0.68298500627619
cg19795082,chr4,88312560,HSD17B11,OpenSea,0.0602988560590256,0.00721315747283347,2.02212526060182,0.0438274439887412,0.0846399154068687,0.683368966267837
cg01455471,chr6,29600468,GABBR1,Island,0.0780104342452578,0.00848645300574743,2.02182327850325,0.0438587886921864,0.0846853231354085,0.683368966267837
cg00052246,chr3,71106252,FOXP1,OpenSea,-0.0716627916726923,-0.00246580199486068,-2.115975831771,0.0349631409643791,0.0847330833983089,0.683379466378845
cg25729826,chr3,121903095,CASR,Island,0.0637597396337588,0.00815486429592012,2.02126176123287,0.0439171227648348,0.0847698084223902,0.683467246843662
cg01008405,chr5,139039026,CXXC5,N_Shore,0.0325648524910506,0.000490516905256033,2.02083545374531,0.0439614542624105,0.0848339957094363,0.683527437559058
cg02595823,chr10,73848915,SPOCK2,S_Shore,0.0598275384290455,-0.0167259379614597,2.02062270806413,0.0439835917579257,0.0848660426139869,0.683527437559058
cg05239609,chr11,34129779,NAT10,S_Shelf,-0.0629838977440288,-0.014378137268046,-2.11096423603174,0.0353943246592768,0.085489881135122,0.684443384363743
cg02689514,chr16,88992127,CBFA2T3,N_Shelf,0.0564867516857437,0.014598035864878,2.01593093651781,0.044474206073534,0.0855752791517562,0.684633132672473
cg03595018,chr16,937477,LMF1,OpenSea,0.0855275586233664,-0.000746528719214545,2.01581600534076,0.0444862822482734,0.0855927127760717,0.684633132672473
cg24072013,chr1,25559262,SYF2,S_Shore,0.046028809084904,0.00752557219834069,2.0155254746875,0.0445168215873363,0.0856367954484673,0.684732948560496
cg19655128,chr17,48227965,PPP1R9B,Island,0.0774741963539823,0.0300752183930304,2.01545290393166,0.0445244526853911,0.0856478095870086,0.684803959530226
cg02276944,chr2,157291826,GPD2,N_Shore,0.0322293463327793,-0.0330306022435017,2.01397168496563,0.0446804508639512,0.0858728659904132,0.685301622003512
cg24921221,chr8,12584192,LONRF1,OpenSea,-0.0393375265511916,0.0154123356534355,-2.10530610734799,0.0358866002941677,0.0863508681971952,0.686105302375254
cg12791877,chr10,464452,DIP2C,N_Shore,-0.0739509019987303,-0.0154666788214369,-2.10425657988051,0.0359785540675458,0.0865113402938032,0.686452549398316
cg15462925,chr8,12613305,LONRF1,Island,-0.0830459479498627,0.000480908067474153,-2.1038369948909,0.036015372160336,0.0865755619250236,0.686495533101445
cg01509853,chr7,4754502,FOXK1,N_Shelf,0.0425683659678951,-0.0180632126134787,2.00928569368296,0.0451770186061839,0.0865880042845247,0.686495533101445
cg25351920,chr1,3696960,LRRC47,OpenSea,0.0506288065757735,-0.00125251909605772,2.00880645123259,0.0452280654628284,0.0866614126886215,0.686495533101445
cg23277830,chr1,3704460,LRRC47,S_Shore,-0.0593121027489247,0.0289358816648604,-2.1030156199803,0.0360875402002818,0.0867013929205118,0.686495533101445
cg19992015,chr3,71027139,FOXP1,OpenSea,-0.0526210757445624,-0.00871737872594425,-2.10191026595683,0.0361848546456884,0.0868709612810857,0.686796970225376
cg06521472,chr16,88990232,CBFA2T3,N_Shelf,0.049922775897368,0.0122331985183742,2.00732402142401,0.0453862766332169,0.0868888034190325,0.686796970225376
cg07876105,chr16,89973135,TCF25,OpenSea,-0.0388526418335143,-0.0033249690842827,-2.10174878456727,0.0361990901126788,0.0868957559544649,0.686796970225376
cg15506587,chr11,13482077,BTBD10,N_Shelf,-0.0403958994747707,-0.00592310177799671,-2.10120542583022,0.0362470253481717,0.0869792279721338,0.686806311373629
cg00739471,chr14,69415588,ACTN1,OpenSea,0.0740743186826586,0.0292388290032808,2.00369971342534,0.0457750508032394,0.0874467666421083,0.687643611292567
cg12024564,chr12,62546633,FAM19A2,OpenSea,-0.0662773488294765,-0.00207563260924271,-2.09708416210499,0.0366123753741408,0.0876144551461196,0.687940416342429
cg20188214,chr4,890209,GAK,N_Shelf,-0.0472792615661637,-0.01079758482777,-2.09670862755267,0.0366458225194955,0.0876725233847654,0.688042988935355
cg12760625,chr10,712442,DIP2C,S_Shore,-0.0376250332642588,-0.0064820148835294,-2.09599189634834,0.03670973101657,0.0877834364205054,0.688264858940561
cg07482470,chr7,69124459,AUTS2,OpenSea,-0.0464304970113193,-0.00989352264463006,-2.0954199590075,0.0367607970766516,0.0878720239970031,0.688280508826631
cg10664162,chr10,676761,DIP2C,N_Shore,0.0425163095203936,0.0196190141875139,2.0006030827339,0.0461094492051813,0.0879257807804321,0.688445411443795
cg21678396,chr12,133145052,FBRSL1,N_Shore,0.0767744508582497,0.000847148207707371,1.99889000911743,0.0462953258197405,0.0881916818905292,0.688746557018931
cg10176457,chr19,797221,PTBP1,Island,0.0921204308974225,0.0056928743991037,1.99551640880598,0.0466632293076524,0.0887172233202478,0.689546584854144
cg20219074,chr11,18656078,SPTY2D1,Island,0.211376107253338,0.00572919242817033,1.99486742442478,0.0467342859593287,0.0888186113570515,0.689749490105605
cg15697902,chr19,14676213,TECR,Island,0.0650828407971504,0.0113088304242658,1.99455934437582,0.0467680493144636,0.0888667740473156,0.689867129856311
cg08373403,chr7,2983590,CARD11,OpenSea,-0.0563812755511701,-0.0028912553484528,-2.08889992915647,0.0373472507941006,0.088887018204076,0.689908437539481
cg14817542,chr10,102295790,HIF1AN,OpenSea,-0.038536362984088,0.000921093082280944,-2.08873498117667,0.037362190359102,0.0889128181916015,0.689928945362335
cg09555736,chr16,474271,RAB11FIP3,N_Shore,0.0845540485114435,-0.0508512535033884,1.99311862278535,0.0469262156095078,0.0890922839368541,0.690103904544014
cg23963476,chr19,11099907,SMARCA4,S_Shore,-0.0500329963634485,-0.0144896928521655,-2.08653941825884,0.0375615322736085,0.0892568074852919,0.690350267199819
cg26725665,chr10,636140,DIP2C,OpenSea,-0.0579353062950041,0.00308299993340133,-2.08447026078874,0.0377502282167537,0.0895819725952464,0.691050400952992
cg09180629,chr3,49395208,GPX1,Island,0.0545475306709934,0.0112595416266438,1.98985283488718,0.0472864157427132,0.0896051705018125,0.691072968518558
cg00089798,chr12,62585204,FAM19A2,Island,0.0629871348182926,-0.000593385503624283,1.98922702489287,0.0473557052720352,0.0897037238322982,0.691162366464292
cg02234043,chr4,864017,GAK,N_Shelf,-0.0558205084222625,-0.0137971765398165,-2.08299482372327,0.0378852739470284,0.0898144174461321,0.691305045272339
cg04972244,chr16,57117433,NLRC5,OpenSea,-0.0481041046451772,-0.00382759374245456,-2.0825407782017,0.0379269153250434,0.0898860467823318,0.691431376583242
cg22409504,chr6,30558319,ABCF1,OpenSea,-0.052854459090799,0.0110948742133223,-2.08183132865191,0.0379920585169234,0.0899980602140329,0.691507800270009
cg04097610,chr16,57023835,NLRC5,S_Shore,0.0558152971090165,0.0122399445948067,1.98614913812268,0.0476977366064639,0.0901897040335242,0.691734246625491
cg13338207,chr3,98452879,ST3GAL6,S_Shore,0.04829592105961,0.00287167309713188,1.98470796048172,0.0478586031013684,0.0904179846738875,0.692230652649477
cg23744433,chr1,67390759,MIER1,Island,-0.0421058492467417,-0.00399711711204601,-2.07894257223979,0.0382582975461804,0.0904553202514466,0.692375133812576
cg08415156,chr16,88972776,CBFA2T3,N_Shelf,0.0484695593410669,-0.0104201770614383,1.98334627077637,0.0480110172994432,0.0906341014403009,0.692625410291654
cg05966045,chr13,30423326,UBL3,N_Shore,0.0863398220739302,0.0224446451130052,1.98296149413776,0.0480541595383277,0.0906952454264167,0.692774697828528
cg05742988,chr12,56521901,ESYT1,N_Shore,0.045989358747476,0.00680269311054187,1.98193605644623,0.0481692942000332,0.090858357460159,0.693026126505129
cg19738386,chr2,136288977,R3HDM1,Island,0.0812937158743573,0.01903579980339,1.98137010100232,0.0482329384230787,0.0909484825854062,0.693078693131835
cg06876672,chr6,42952166,PPP2R5D,OpenSea,0.063848355952694,0.00460599745049771,1.9802030786525,0.04836439918358,0.0911345510921142,0.693442102769767
cg27635976,chr16,88984067,CBFA2T3,OpenSea,0.0468005398448441,0.00900865200872392,1.98007166875787,0.0483792209281208,0.0911555220715565,0.693472645048365
cg16519923,chr16,30485810,ITGAL,S_Shore,-0.0546545307019918,0.0593238608309084,-2.07391019609658,0.0387259040671995,0.0912563557375605,0.693586931680928
cg20002354,chr1,32757402,HDAC1,N_Shore,0.0567819740579303,0.00604944835937211,1.97898327392434,0.0485021284372807,0.0913293621746879,0.69364198636909
cg11903057,chr4,40198776,RHOH,OpenSea,0.0555915537957916,0.0050931946203556,1.97832649220215,0.0485764230895723,0.0914343932340592,0.693822646697589
cg17727492,chr2,190525875,ASNSD1,N_Shore,0.0680794067526996,0.0103860382435042,1.97799352070828,0.0486141252012229,0.0914876783645129,0.693825604372012
cg05320607,chr10,94609036,EXOC6,Island,0.0424900551450731,0.00629794784104713,1.97795036360321,0.0486190136527809,0.0914945865842334,0.693825604372012
cg15473325,chr12,133137087,FBRSL1,Island,0.0974220181189456,0.00563740301377513,1.97731871047496,0.0486906091007852,0.0915957441901083,0.693957419643055
cg05391509,chr19,56167032,U2AF2,Island,0.0497802555760564,0.00729660320224831,1.97686917731318,0.0487416160541661,0.0916677904890648,0.694002246684067
cg03068319,chr6,17600252,FAM8A1,N_Shore,0.0458223071059715,-0.0153326355140746,1.97564333317737,0.0488809371637565,0.0918644869267699,0.694234388115896
cg11518020,chr1,25559545,SYF2,S_Shore,0.0815324300597721,0.0174730579437422,1.97486737977872,0.0489693000576875,0.091989169990286,0.694327198275051
cg27291602,chr10,644977,DIP2C,OpenSea,-0.0691161243552098,-2.99755074421038e-05,-2.06849382323986,0.0392346292132624,0.0921248763301158,0.694421766603831
cg27494383,chr15,41805868,LTK,S_Shore,0.0595713059124981,0.00121119539844776,1.97384344021984,0.0490861086903665,0.0921539084182615,0.694481454525659
cg01382936,chr19,44716836,ZNF227,Island,0.0626083057999458,0.00574114564318516,1.97353034138357,0.0491218730986972,0.092204329192693,0.694548054248489
cg23701703,chr14,91753388,CCDC88C,N_Shore,-0.0523680285609904,-0.00982744543103431,-2.06720267382815,0.0393567358850781,0.0923328903959145,0.694743589546753
cg01924372,chr16,28309935,SBK1,OpenSea,0.0356687041035439,-0.000619187740153904,1.97147352112834,0.0493573640808808,0.0925361063146744,0.695244212800277
cg09029538,chr16,70286779,AARS,S_Shore,-0.0575382618934482,-0.0110812912854802,-2.06572876257939,0.0394965224382041,0.0925708097040409,0.695244212800277
cg10009968,chr7,3033408,CARD11,OpenSea,0.0827601445167422,-0.00201157794316287,1.97088741783688,0.0494246424518673,0.0926308234974944,0.695372805210038
cg15346619,chr10,675907,DIP2C,N_Shelf,0.0649664331602733,0.00535051877885051,1.97068984673323,0.0494473388913989,0.0926627694991607,0.695399128649284
cg26256263,chr1,25258146,RUNX3,Island,0.0755146610820155,0.00175757707270008,1.97022594306319,0.0495006654014996,0.0927378145667514,0.695472623771672
cg03558338,chr9,36400111,RNF38,N_Shore,0.0502006719125804,0.0117898087117503,1.96982507187151,0.049546785214942,0.0928027022476204,0.695640760285508
cg11548404,chr12,133076622,FBRSL1,S_Shelf,0.07353603254739,0.0082662021374752,1.96959039348326,0.0495738015048251,0.0928407057651616,0.695640760285508
cg02588098,chr16,79029362,WWOX,OpenSea,-0.0652948522895387,-0.0128101625639327,-2.06334736854762,0.0397232690224273,0.092956255157288,0.695835254266341
cg24462656,chr12,133156510,FBRSL1,N_Shelf,-0.0646160747163986,-0.0164238667136214,-2.06292182927344,0.0397639036833631,0.0930252671676127,0.695942059088324
cg09237302,chr4,906077,GAK,N_Shore,-0.0358534499825804,-0.0154254149421577,-2.06116309974992,0.0399322201690659,0.0933109261595326,0.696349073962528
cg01373089,chr6,29589631,GABBR1,OpenSea,-0.0728679803315979,-0.00769898037289418,-2.06094623674277,0.0399530166663617,0.093346198500015,0.696448715098815
cg08613888,chr16,1001743,LMF1,OpenSea,-0.0449162277040539,-0.00467981861491318,-2.06052375407431,0.0399935579455133,0.0934149451946491,0.696583646496216
cg27291138,chr3,122283635,PARP9,S_Shore,0.0503818784490692,0.00728508415376279,1.9656477763116,0.0500295351312769,0.0934810380344882,0.696735294368802
cg00393279,chr12,100594767,ACTR6,Island,0.051791192036799,0.00626937423651265,1.96522790745321,0.0500782755247908,0.0935494384444385,0.696841396214901
cg05434863,chr6,29600206,GABBR1,Island,0.0657878694494514,0.00925361242290699,1.96492859406906,0.0501130456487913,0.0935982237925433,0.696888404007532
cg12891342,chr11,58344244,LPXN,N_Shore,-0.0613442806282525,-0.010230191910316,-2.05914512931381,0.0401260940053959,0.093639558628305,0.696920165678225
cg20750930,chr12,133159939,FBRSL1,Island,0.0503730672492815,0.0111562753451236,1.96375057116492,0.0502500895536412,0.093790429023748,0.697215694081059
cg18182358,chr3,98451002,ST3GAL6,N_Shore,0.0831095778917998,0.0116129950304302,1.96166834181909,0.0504930944240143,0.0941309379924646,0.697565516654631
cg08215925,chr3,71633214,FOXP1,Island,0.126676366941222,0.0104298808523753,1.96155631659111,0.0505061962059452,0.094149285646509,0.697565516654631
cg01161216,chr16,89939448,TCF25,Island,0.0486542101463983,0.00871553835924878,1.96111153667219,0.0505582431459189,0.0942221606391683,0.697587832929346
cg02675010,chr2,30369584,YPEL5,Island,0.108335765661667,0.00899953679661488,1.95965831300424,0.0507286099852614,0.0944605794623845,0.697880781289865
cg08647910,chr6,134497084,SGK1,N_Shore,0.0433061300791765,-0.00742619533725714,1.95939699344761,0.0507592966009892,0.0945035033297165,0.698013126855183
cg23470272,chr19,14640395,TECR,Island,-0.063575884477296,0.00136168404769561,-2.05369701233815,0.0406535213121099,0.0945314389913009,0.698131957109602
cg18493314,chr14,21899075,CHD8,OpenSea,0.0438894602203224,0.00453049202586942,1.95684411518521,0.0510599015649942,0.0949236572375294,0.698722936913876
cg22856539,chr1,25559038,SYF2,Island,0.138288596743525,0.00997351871356877,1.95666731534185,0.0510807752787249,0.0949528103629859,0.698790258935436
cg04997045,chr4,1240068,CTBP1,N_Shore,0.0684940527390151,-0.0055553508478563,1.95554849862531,0.0512130337290152,0.0951374622050301,0.699062107758982
cg11985754,chr4,1214965,CTBP1,N_Shelf,0.0624140440327087,0.00291781806360469,1.95550002352348,0.0512187706046606,0.0951454691334735,0.699062107758982
cg12411068,chr19,11072235,SMARCA4,Island,0.0598053820195392,0.00757770409689895,1.95479161140865,0.0513026705810783,0.0952625434819569,0.699265371369799
cg24097241,chr3,71247280,FOXP1,OpenSea,0.0761746424379153,-0.0057583696308664,1.95462310130395,0.0513226448754635,0.095290408956272,0.699280194361979
cg04522898,chr2,136292219,R3HDM1,S_Shelf,-0.0513819075463326,-0.0121476062769559,-2.04837991983478,0.0411739401732128,0.0954084221923825,0.6994616704342
cg15899738,chr7,3033579,CARD11,OpenSea,-0.0533519638568586,-0.010728441795207,-2.04787472775682,0.0412236800293173,0.0954920846850654,0.699622638465547
cg04184185,chr4,1235735,CTBP1,S_Shore,0.0408916094530942,0.0162967041592296,1.95327372843624,0.0514828281717104,0.0955137819156396,0.699622638465547
cg25867650,chr15,75743273,SIN3A,Island,0.058641548491355,0.013717311719085,1.95182809067825,0.0516549048372636,0.095753555417371,0.6998596962936
cg10301401,chr16,938327,LMF1,OpenSea,-0.0833728320575413,-0.00420051882212602,-2.04457559298,0.041549761782867,0.0960398843582824,0.700284145443528
cg03895435,chr7,2958317,CARD11,OpenSea,-0.0654291427760378,-0.00418008236346412,-2.04431136585115,0.0415759721685687,0.0960838661004166,0.700318516017476
cg19077231,chr7,100484514,SRRT,Island,0.0412217775364679,-0.00500090098267569,1.94809211297965,0.052101843198419,0.0963754369203052,0.700753497715889
cg17605084,chr12,54891491,NCKAP1L,OpenSea,0.0507010480185246,0.00595173014443789,1.94807034454619,0.0521044568590623,0.0963790698860377,0.700753497715889
cg10069470,chr5,102594905,C5orf30,Island,-0.0487075266632213,-0.00228841276189704,-2.04132347984267,0.0418733389117061,0.0965823351396342,0.701110224636495
cg14015920,chr1,23346770,KDM1A,S_Shore,0.0456234586855924,0.00250757220903421,1.94620088734951,0.0523293271241904,0.0966914753197973,0.701408842490022
cg15151364,chr1,167298762,POU2F1,OpenSea,0.0661769518142868,-0.0344426359582588,1.94563035691547,0.0523981161869595,0.0967869779451644,0.70166153285014
cg25738373,chr2,190526173,ASNSD1,Island,0.062182433829854,0.00543282789355232,1.94521776832799,0.0524479094151421,0.0968560892545417,0.701726474375219
cg01715551,chr20,57426789,GNAS,Island,0.0297607274203781,0.0101646888449218,1.94512694155715,0.0524588761697363,0.096871308636787,0.701726474375219
cg27066295,chr16,87778903,KLHDC4,OpenSea,0.048212431982681,-0.00531017499378539,1.94472286972662,0.0525076885990119,0.0969390400903434,0.701806411682481
cg09021817,chr17,1799727,RPA1,Island,-0.0587447023517467,-0.00613739214870213,-2.03651690736161,0.0423554997364835,0.0973885540852443,0.70240901902325
cg06856329,chr3,71247442,FOXP1,OpenSea,-0.0904753615891318,-0.00448583392637858,-2.03557402849204,0.0424506335757438,0.0975473349918908,0.702494767720155
cg18798264,chr10,31609960,ZEB1,Island,0.079567291669818,0.00559060513375451,1.94005465731607,0.0530743839296681,0.0977242857522828,0.702774042109327
cg26149678,chr11,71709917,IL18BP,OpenSea,0.0555100891856306,0.00891581937605334,1.94005362449255,0.0530745098740559,0.0977244600455118,0.702774042109327
cg25115276,chr4,853036,GAK,OpenSea,-0.0422889426969017,-0.00801268155276858,-2.03366688760575,0.0426436133916567,0.0978691301859003,0.702924361956138
cg25639566,chr4,40539823,RBM47,OpenSea,-0.0861862429257895,-0.0186151309959826,-2.03346909099335,0.0426636705913524,0.0979025532410224,0.7029533958617
cg04344190,chr16,78218445,WWOX,OpenSea,-0.0870706272868994,-0.0242435511159461,-2.03252742535226,0.0427592682868763,0.0980617980411241,0.703095879642948
cg19336328,chr3,49045335,WDR6,Island,0.0564153425953941,0.0120357663061739,1.93781434075891,0.0533481622062938,0.0981029329060226,0.703151644369585
cg11527772,chr6,32972093,HLA-DOA,N_Shelf,-0.0608717525447359,-0.011002009870722,-2.0319181880125,0.0428212147362363,0.0981649361847971,0.703176777656249
cg11499984,chr10,102046232,BLOC1S2,Island,0.082948349573765,0.00824301198326689,1.93731573408976,0.0534092553339386,0.0981873641614457,0.703176777656249
cg10911844,chr4,1230262,CTBP1,N_Shore,-0.0604281873344132,-0.0114697458156708,-2.0251098241483,0.0435186763942741,0.0993234322230841,0.704470961860125
cg09323092,chr16,921072,LMF1,S_Shore,0.0429789700474894,0.00308615101523979,1.93048736381168,0.0542518379849765,0.0993494921272629,0.704482356249793
cg09993145,chr1,25291905,RUNX3,OpenSea,0.0671464489286408,0.104403570005623,1.93036290060743,0.0542672987713371,0.0993707760643602,0.704482356249793
cg18503742,chr14,75229958,YLPM1,Island,0.0696844753441211,0.00487457409427129,1.93023517617989,0.0542831685022876,0.0993926214719592,0.704516937394449
cg02970551,chr1,25257191,RUNX3,Island,-0.0788908302204893,-0.00403850097697743,-2.02400313265155,0.0436329531691731,0.0995127709981907,0.704584807156219
cg23509077,chr11,17982058,SERGEF,OpenSea,-0.0784996086258794,-0.026652361974314,-2.02266540810644,0.0437714258874072,0.0997420204239196,0.704718181629549
cg19141861,chr12,120966964,COQ5,Island,0.0640718517775868,0.00355974699880429,1.9275192833996,0.0546215386523297,0.0998580430937407,0.704755008675622
cg21641573,chr4,1210478,CTBP1,S_Shore,0.0409190471695853,0.00983087743083388,1.92651134274883,0.0547475653555925,0.10003121514009,0.704869378894058
cg04573959,chr8,12612631,LONRF1,Island,-0.0447668465261652,-0.000761352749108823,-2.02043534995561,0.0440030953427934,0.100125127687463,0.704926225668138
cg20847580,chr6,41528750,FOXP4,Island,0.0820262035556303,0.00500566833454181,1.92591823078885,0.0548218381197699,0.100133228252683,0.704926225668138
cg00498010,chr7,4805943,FOXK1,N_Shore,0.0362282668016882,0.00272681492294435,1.92534673271936,0.0548934840390442,0.100231602307543,0.704966446990954
cg20303303,chr4,10118265,WDR1,Island,0.0772136961692735,0.00266602324978354,1.92444513400276,0.0550066723891307,0.100386954440947,0.705200461607007
cg07040338,chr7,2402133,EIF3B,OpenSea,-0.0713241474378406,-0.00886748785132052,-2.0174805652892,0.0443116526730606,0.100634543676362,0.705740393242827
cg12321149,chr20,57427426,GNAS,N_Shore,0.0682631840172235,0.0055537048867913,1.92254886222432,0.0552453712756306,0.100714322464484,0.705853804058441
cg13986130,chr1,186649330,PTGS2,Island,0.0548315821967097,-0.00426852869998003,1.92252713839311,0.055248110840737,0.100718077740029,0.705853804058441
cg19579652,chr10,433089,DIP2C,OpenSea,-0.0619221789871838,0.00175628051811738,-2.01485375677625,0.0445874976845583,0.101089147760707,0.706177998435522
cg08549497,chr16,79081390,WWOX,OpenSea,0.068828013142276,0.0291640431721872,1.92027796280713,0.0555323672449845,0.101107484179963,0.706239452647936
cg14879397,chr4,899984,GAK,Island,-0.0921636382333673,-0.00907448182788273,-2.01451317033517,0.044623369432522,0.101148210386214,0.706254099441142
cg14860928,chr4,859328,GAK,OpenSea,0.0443925841821958,0.00280091039998065,1.91985994401539,0.0555853320659712,0.101179989005761,0.706254099441142
cg01140783,chr6,132825654,STX7,OpenSea,-0.0455007316593733,-0.00643055920865088,-2.01370300943925,0.0447087966084041,0.101288814493172,0.706364683297125
cg19835839,chr12,120966954,COQ5,Island,0.0545339879890795,0.0106263671171577,1.91899673523491,0.0556948381215015,0.10132984252968,0.706436855083962
cg23304605,chr14,91866373,CCDC88C,OpenSea,0.0890125307735178,0.00884941951723971,1.91771201306671,0.0558581510683141,0.101553198266295,0.706741209459645
cg26115470,chr1,32757834,HDAC1,Island,-0.0777927034529785,0.000508185022818054,-2.0109168476131,0.0450036402837376,0.101773543801328,0.707089894379222
cg04418771,chr4,83955829,COPS4,OpenSea,-0.0502485805155825,-0.00165744398141865,-2.01054518987323,0.0450430948420133,0.101838343238627,0.707101768771676
cg26912592,chr17,37074981,LASP1,Island,-0.0779339309032782,-0.00447385473326711,-2.01051050839556,0.0450467780620506,0.10184439171428,0.70711746396024
cg26686439,chr2,157292955,GPD2,S_Shore,-0.0458579080271376,0.00214571504267294,-2.00917341739892,0.045188973420769,0.102077799509675,0.707217809226122
cg03322670,chr17,37025927,LASP1,Island,-0.0577734169327478,-0.00181230227413912,-2.00731875574845,0.0453868394417938,0.102402261067887,0.707507817366028
cg01355875,chr4,10118935,WDR1,Island,-0.0582692586295478,0.0010665049305788,-2.00671862644,0.0454510214578425,0.102507425514885,0.707628059535968
cg22841169,chr2,30369455,YPEL5,Island,0.0448682440441791,0.00524649917607399,1.91208919799276,0.0565776372757525,0.102535370685442,0.707628732772358
cg08369870,chr16,70323412,AARS,Island,0.218487114993511,0.0173006676729441,1.91174827704606,0.0566215087698972,0.102595163638506,0.707758039930005
cg11740194,chr10,466232,DIP2C,Island,-0.0867238148848684,-0.000348318392257352,-2.00484251384828,0.0456521614276228,0.102836742827707,0.708098293008983
cg25418484,chr11,71709762,IL18BP,OpenSea,0.0457484353790754,-0.0065654947246091,1.90840182646894,0.0570536580418663,0.103183559638275,0.708479327949121
cg20390242,chr2,157291951,GPD2,N_Shore,0.0751515093511277,0.0206594009331883,1.90550697505697,0.0574297076855222,0.103694713926688,0.709163975675734
cg02115050,chr6,112194632,FYN,Island,-0.0484051763161744,-0.00238565232999027,-1.99826473553403,0.0463633285360396,0.10399800306767,0.709321476923665
cg25043237,chr12,125297360,SCARB1,N_Shelf,-0.0527979808261526,-0.00657611531182833,-1.99814880282893,0.04637594627076,0.104018563212436,0.709355257686476
cg21845794,chr7,4802351,FOXK1,N_Shore,0.0433188327523169,0.00291394237854881,1.90303228168548,0.057752815632358,0.104133273052437,0.709402956851892
cg23536337,chr6,155496121,TIAM2,OpenSea,0.0515491195962744,0.011874932630867,1.90206112889396,0.0578800277726846,0.104305780442373,0.709491229828696
cg14408997,chr9,34050096,UBAP2,S_Shore,-0.0614293756872139,-0.0120765268836809,-1.99577374089234,0.0466350795536998,0.104440480960312,0.709540680770687
cg07260273,chr12,122459695,BCL7A,OpenSea,0.0770001365817701,0.00675900101449111,1.90117321271454,0.0579965411635615,0.104463700947654,0.709576315828209
cg04879645,chr16,947229,LMF1,S_Shore,0.0368965333704699,-0.00278500105989277,1.90108457233672,0.0580081833895267,0.104479476517743,0.709596237528368
cg07657521,chr6,30539059,ABCF1,Island,0.0692944582694615,0.00293956920979059,1.90078253037929,0.0580478688970031,0.104533245957218,0.709721466404163
cg22235727,chr16,89043281,CBFA2T3,OpenSea,-0.040634642043351,-0.0186185513949301,-1.99431774976574,0.0467945407554588,0.104699801678297,0.710077415625841
cg04160501,chr7,4723667,FOXK1,S_Shore,0.0847152748403061,0.0075849918566052,1.89675593800437,0.0585790924514123,0.105252160129284,0.710277226267233
cg10828210,chr9,35072977,VCP,S_Shore,0.086507553423436,0.0222158215009427,1.89639273883305,0.0586272075117408,0.105317198735402,0.710336209988678
cg24480012,chr12,62584024,FAM19A2,N_Shore,0.075654441074191,-0.012483539071401,1.89600282077077,0.0586788988383923,0.105387057425703,0.710373692158557
cg14132916,chr2,237993322,COPS8,N_Shore,-0.089552701394087,-0.0222662209272094,-1.98944952522947,0.0473310602774313,0.105570575564301,0.710565682559673
cg06297356,chr16,1012735,LMF1,S_Shore,-0.0939743148925168,-0.00422346189868505,-1.98897975846469,0.0473831061605515,0.105654905294911,0.710653613196083
cg06693667,chr20,57426570,GNAS,N_Shore,0.0280936969914193,0.00328490433335998,1.89348206909472,0.0590139915750215,0.105839569193662,0.710986651098196
cg27635983,chr19,7968560,MAP2K7,Island,0.103647429660412,0.00336768061014513,1.89228862052932,0.0591731963425506,0.106054347525999,0.711140707762044
cg11339718,chr16,89000225,CBFA2T3,Island,-0.0588939038100494,-0.00835988158794099,-1.98624841319808,0.0476866721835401,0.10614627923087,0.711376054434335
cg01765063,chr2,237994925,COPS8,S_Shore,0.0438946674330544,0.0062742952210112,1.89172235113912,0.0592488611475315,0.106156376726159,0.711379386656548
cg10583311,chr12,133082545,FBRSL1,OpenSea,0.0349066655124857,-0.0147565765617717,1.8912058823919,0.0593179418603141,0.106249500805006,0.711587374486816
cg20272146,chr14,91866685,CCDC88C,OpenSea,0.0625866148930856,0.00843278761845689,1.89115482107099,0.0593247752532258,0.106258711149428,0.71159377838919
cg06943149,chr12,77157476,ZDHHC17,N_Shore,-0.0584149977307053,-0.00803817173193088,-1.98205379688088,0.0481560626638697,0.106904424612962,0.712500887321723
cg19920134,chr7,38227870,STARD3NL,OpenSea,0.0325735391118248,0.00554483022611352,1.88620096503279,0.0599908604383298,0.107155292237751,0.71279453401846
cg09889848,chr10,370009,DIP2C,S_Shore,0.0645497808898562,0.0268146420895347,1.88362434685338,0.0603397608019518,0.107623988937227,0.71361681036987
cg24352267,chr21,45553111,C21orf33,Island,0.0803876187092318,0.00267697018721479,1.88343984273566,0.0603648091858995,0.107657613130429,0.713689538521077
cg04717579,chr1,67396577,MIER1,S_Shore,0.0570466250221256,0.00826087558215176,1.88326354292128,0.0603887518314723,0.107689749935435,0.7137029621633
cg18585512,chr14,69379000,ACTN1,OpenSea,0.0353101776318602,0.00245931837241076,1.88314888779789,0.0604043269723255,0.107710653916379,0.7137029621633
cg16529592,chr1,25292215,RUNX3,OpenSea,0.0415402753260007,0.0413265334862199,1.88275730670812,0.0604575458771211,0.107782071407681,0.7137029621633
cg08430407,chr11,71709888,IL18BP,OpenSea,0.0358155650369375,0.00594597047884964,1.88241646423382,0.0605039007599269,0.107844265585283,0.713733964410362
cg10552903,chr12,122458940,BCL7A,OpenSea,0.0606037206782157,-0.00419031978715945,1.87952949536486,0.0608977181779537,0.108372196532189,0.714464828311966
cg00087023,chr16,2812825,SRRM2,S_Shore,-0.0841822058187413,-0.0250771607570319,-1.97365819256963,0.0491072663629711,0.108434751691455,0.714512261896354
cg06553975,chr12,133085262,FBRSL1,OpenSea,0.0377438784473263,0.00341399490066474,1.87853085068368,0.0610344406129486,0.108555290901802,0.714632998526404
cg04937851,chr2,237993660,COPS8,N_Shore,-0.0509061398486768,-0.0326883638472071,-1.97232722332795,0.0492595062185756,0.108678941084276,0.714822278578587
cg06650419,chr1,177133946,ASTN1,S_Shore,-0.0390481125987393,-0.00790837832156008,-1.97198639568212,0.0492985548710973,0.108741541740794,0.714877935066438
cg13694772,chr3,9773336,BRPF1,Island,-0.0455328801336025,0.00292348967613079,-1.97062763567915,0.0494544873473184,0.10899139213746,0.715319574409894
cg05799600,chr16,904543,LMF1,Island,0.0380507177197274,0.0117224109388988,1.87597147292235,0.0613860054574769,0.109025652033442,0.715319574409894
cg22860367,chr20,57426538,GNAS,N_Shore,0.0332421889282172,0.0140070381855941,1.87558010827973,0.0614399127119143,0.109097718694486,0.715362043412823
cg07466320,chr16,2806495,SRRM2,Island,0.0298735761710682,0.00457741488390195,1.87429122635813,0.0616177237875845,0.109335322319415,0.715732793688971
cg00247020,chr3,47844655,DHX30,Island,-0.0485498246230763,-0.00202873205302702,-1.96863971045532,0.0496833715171958,0.109357751985415,0.715810167250283
cg07636037,chr3,49044803,WDR6,Island,0.107441650701566,0.00502008105382688,1.87282822372347,0.0618200740756742,0.109605520444587,0.716048478441432
cg25932713,chr3,122284563,PARP9,S_Shore,-0.0698748574145422,-0.0169392162017442,-1.96703872038854,0.0498683527427945,0.109653509805475,0.716058373733649
cg14256752,chr10,102295592,HIF1AN,OpenSea,-0.0732705265071848,0.00253428458082184,-1.9668908603412,0.0498854659559631,0.109680856492799,0.716058373733649
cg03790022,chr7,4797831,FOXK1,N_Shore,-0.0583907091452349,-0.00521951558137468,-1.96584413539381,0.0500067545293563,0.109874602253826,0.716232207916557
cg01687453,chr17,37026128,LASP1,Island,0.0974761265644305,0.00466908879030182,1.87052031783723,0.062140406444056,0.110032834296389,0.716232207916557
cg03442064,chr6,41515050,FOXP4,Island,-0.0530130872748475,-0.00959830569874917,-1.96429838850581,0.0501863207008312,0.110161210028049,0.716427324876207
cg22788908,chr1,167194496,POU2F1,S_Shelf,-0.0535356375220692,-0.0320824785336252,-1.96405689169481,0.0502144238179937,0.11020604094714,0.716445366923507
cg03115558,chr10,72200789,NODAL,Island,0.0521519079090775,0.000973447584687648,1.86839531824174,0.0624365695836819,0.110427445639553,0.716743349131361
cg22737241,chr10,557605,DIP2C,OpenSea,-0.111017506583916,0.00348341608898067,-1.96260252738878,0.0503839490921669,0.110476330680598,0.716856625181966
cg14399791,chr2,237994083,COPS8,Island,0.0380719222049427,0.00626433000631146,1.8678619309892,0.0625110919653097,0.110526670677129,0.716931474531624
cg25655978,chr7,73819587,CLIP2,OpenSea,0.0532674051792969,-5.70411982933061e-05,1.86683024146381,0.0626554443610032,0.110718793773913,0.717091806763931
cg25189764,chr6,112079056,FYN,OpenSea,-0.0601629264726541,0.0169197040811847,-1.95942039583651,0.0507565478348486,0.11106954735428,0.717524514931965
cg00881185,chr16,57023398,NLRC5,Island,-0.0620562304051425,-0.000574403392309873,-1.95900234018282,0.0508056701062838,0.111147668303618,0.717640679551542
cg19865523,chr12,132537749,EP400,OpenSea,-0.0542298090419108,-0.00309761081307891,-1.95856178401392,0.0508574794761906,0.111230040794572,0.717708313236918
cg23752752,chr7,4778908,FOXK1,OpenSea,0.0608529762295557,-0.00236531575687693,1.86375421296814,0.0630874806163621,0.111293182970502,0.717708313236918
cg16475712,chr4,847310,GAK,S_Shelf,-0.0435496533248542,-0.00443340511342083,-1.95810807873972,0.0509108815977649,0.111314922179837,0.717708313236918
cg13686739,chr17,48211226,PPP1R9B,S_Shelf,0.0431592641821871,0.00289428989308693,1.86291514278009,0.0632057583467773,0.111450270771079,0.717708313236918
cg14438174,chr17,7137923,DVL2,Island,0.0678006943871068,0.00484782479339468,1.86211344965926,0.0633189390855758,0.111600524372086,0.717728498487201
cg19108881,chr3,121902510,CASR,N_Shore,0.0790253804217703,-0.00612029936449071,1.86199150322887,0.0633361698546116,0.111623393612786,0.717728498487201
cg14686676,chr6,32975255,HLA-DOA,N_Shore,-0.0437934400567515,-0.00480757040133306,-1.95460928665822,0.0513242826801006,0.111971211518613,0.718174103886189
cg03700001,chr12,133073220,FBRSL1,N_Shore,0.0909101540333785,0.000262836573247549,1.85891996776162,0.0637714555014796,0.11220063483365,0.718405912601879
cg23460943,chr12,125333358,SCARB1,OpenSea,0.0408327027470313,0.00844974095371531,1.85858489553626,0.0638190902720992,0.112263747932347,0.718443021750745
cg08085917,chr12,133147010,FBRSL1,Island,-0.0598419574961205,-0.00348234668853586,-1.95299542926235,0.051515917103191,0.112274959166857,0.718443021750745
cg13240253,chr3,71245529,FOXP1,OpenSea,0.0538863013811217,0.00399306104151986,1.85765363443633,0.063951635798717,0.112439304231375,0.718506506189034
cg03247595,chr16,70286430,AARS,S_Shore,-0.103374977225538,-0.00803256429720733,-1.95009781213602,0.0518614976601189,0.112821956288801,0.718981903078408
cg25810247,chr13,108867154,LIG4,Island,0.131649314467692,0.0239234913696676,1.85522203240791,0.0642987995425132,0.112898717190371,0.71903883843375
cg07628717,chr7,4752018,FOXK1,OpenSea,0.046955379179509,-0.00740857034627451,1.85421788886996,0.0644426176126755,0.113088865378463,0.719386834217199
cg06849960,chr6,134638742,SGK1,N_Shore,0.0333800411500971,-0.000843301763289867,1.85382246001986,0.0644993258489636,0.113163814409515,0.719448367401914
cg13312702,chr7,4721531,FOXK1,N_Shore,0.061779717579264,0.0142840560882571,1.85214648445858,0.0647401357095182,0.113481911030913,0.719567239410281
cg02122937,chr10,352668,DIP2C,OpenSea,0.0442488064234562,-0.006425964058833,1.85208130096726,0.0647495165184726,0.113494296934548,0.719567239410281
cg13654884,chr10,94594240,EXOC6,OpenSea,-0.0686831812469838,-0.0188731264753246,-1.94571028883136,0.0523884741976744,0.11365420569029,0.719656602987738
cg06305026,chr6,155432132,TIAM2,OpenSea,-0.063197747641412,-0.0116427998476064,-1.94430486041022,0.0525582247984564,0.113921815090542,0.719773268036945
cg11522905,chr1,3707176,LRRC47,S_Shelf,0.0341999196902471,0.00499690453874868,1.84905127344228,0.0651868235777475,0.114071226622554,0.719987781145881
cg21026120,chr6,29581121,GABBR1,OpenSea,-0.0545655133847125,-0.0042189147352143,-1.94099674083103,0.0529596088761915,0.114553676649657,0.720399486930173
cg18101784,chr4,852280,GAK,OpenSea,-0.0843402354749358,-0.0214573105374289,-1.94071850086868,0.0529934854690344,0.114606946871635,0.720483825231284
cg09886360,chr10,43634423,CSGALNACT2,S_Shore,0.139668605784434,0.0139503173634007,1.84513737237127,0.0657553113232712,0.114819863944847,0.720713331028613
cg17600693,chr11,34126836,NAT10,Island,0.0634917056104214,0.00746676988669398,1.84306181907581,0.0660584426026115,0.115218434049293,0.721225774598222
cg26177213,chr7,4754566,FOXK1,N_Shelf,-0.0591046553332263,-0.0757021806989282,-1.93745292133346,0.0533924402509383,0.115233613876824,0.721267091367167
cg10296496,chr16,88979364,CBFA2T3,S_Shelf,0.042407619662618,0.011752897326113,1.84023722252349,0.0664728263695403,0.115762590558601,0.721829614707812
cg08385995,chr16,513010,RAB11FIP3,OpenSea,-0.179546948769954,-0.0394626349500291,-1.93388978307105,0.0538306171116747,0.115920453659447,0.72204519640189
cg06395056,chr17,80397487,HEXDC,Island,-0.0456100649699314,-0.00335168809994357,-1.93350650846112,0.053877929283573,0.115994525937201,0.722096984874205
cg21069500,chr5,139050159,CXXC5,S_Shore,0.0475992192029137,-0.0251217162107948,1.8378060753526,0.066831207704326,0.116232565226595,0.722324383744855
cg19182279,chr4,892011,GAK,N_Shore,-0.0994589958936468,-0.0067528030431443,-1.93196935429568,0.0540680288364361,0.116291972687899,0.72247785795854
cg17514098,chr12,125302114,SCARB1,S_Shelf,-0.0636892623973531,-0.00604750931916409,-1.93173363584778,0.0540972297194258,0.116337638295262,0.722504710798093
cg12268575,chr1,177133536,ASTN1,Island,-0.0464185751078247,-0.0145827868068476,-1.92983452237554,0.0543329748669347,0.116706066708976,0.722909038536826
cg12504877,chr20,35258570,SLA2,OpenSea,0.0406499301309334,0.0089294497090988,1.83406581363534,0.0673856858059825,0.116958535977228,0.723049397605371
cg25882256,chr1,25257759,RUNX3,Island,-0.0475093534677937,0.00324773726831673,-1.92831215566305,0.0545225735306485,0.117002067401333,0.723089848923916
cg05869122,chr1,226926968,ITPKB,S_Shore,0.0439230720082316,0.0100071711812745,1.83374398646247,0.0674335723587781,0.117021167414591,0.723117522273402
cg16619240,chr12,50677228,LIMA1,OpenSea,0.0420156793191121,0.00749667628324117,1.83280940393718,0.0675727937213799,0.117203197698901,0.723493130055182
cg25507518,chr7,2405875,EIF3B,OpenSea,-0.0465180599091389,-0.00668877592568373,-1.92595139593304,0.0548176827717562,0.117462246135833,0.723661288436914
cg10511902,chr14,91842949,CCDC88C,OpenSea,0.046202063641747,0.0282673677664547,1.83102088315211,0.0678398849515922,0.117552170732167,0.723805659708765
cg06657462,chr10,94608040,EXOC6,Island,-0.0906167537336811,-0.0120395700606219,-1.92522673763428,0.0549085371865684,0.117603787098628,0.723858600735981
cg05926269,chr20,57463906,GNAS,Island,0.0344981186844268,0.00791507846501349,1.82926935654499,0.0681022957530332,0.117894715373084,0.724045029194804
cg07105596,chr20,57427472,GNAS,N_Shore,0.115231259417072,0.0182094486802855,1.82899333812943,0.0681437246876997,0.117948767430682,0.724055619472302
cg02755956,chr6,112115923,FYN,OpenSea,-0.0378831039053126,0.0168293370874996,-1.92324726934109,0.0551573565727459,0.117991100989765,0.724067738246752
cg03944089,chr6,134497379,SGK1,N_Shore,0.0480468715691712,-0.0181478978525081,1.82800812392021,0.0682917699005282,0.118141858249181,0.724162679085588
cg24047665,chr17,1800626,RPA1,S_Shore,-0.0707895766813387,-0.0218092697683456,-1.92235217167978,0.0552701798178958,0.118166569070605,0.724162679085588
cg14804635,chr15,75747750,SIN3A,Island,0.047355167363878,0.00947765774556566,1.82724514400791,0.068406602905151,0.118291563961337,0.724427927301806
cg04803930,chr12,133159472,FBRSL1,Island,0.0415322865373406,0.00690310038674791,1.82656015246451,0.0685098338821042,0.118426094142845,0.724473385002941
cg12248981,chr6,29570707,GABBR1,OpenSea,-0.0485603631979964,-0.011007191491311,-1.92070543880945,0.0554782478131453,0.11848991654787,0.724561376383424
cg17593512,chr4,40441513,RBM47,S_Shore,-0.048683462463307,0.0191243690041993,-1.91975716279415,0.0555983613680442,0.118676431722516,0.724844211592098
cg09009983,chr3,71203748,FOXP1,OpenSea,-0.0769714808056088,-0.0170505927292154,-1.91851453444551,0.055756088267069,0.118921191038379,0.725075816294466
cg07195622,chr16,2803408,SRRM2,Island,0.0426807488858786,0.00975970975650021,1.82343008541861,0.0689831843261521,0.119042356800837,0.725174046214727
cg16614332,chr16,70557707,SF3B3,S_Shore,0.0560184209668741,0.00817058889235973,1.82327275155033,0.0690070484582071,0.119073399671207,0.725196367540869
cg12126869,chr10,346505,DIP2C,Island,0.0424452224584402,0.00265488329613162,1.82321929227037,0.0690151586197549,0.119083948936344,0.725213172729645
cg27044023,chr16,88951434,CBFA2T3,Island,-0.0636150700568195,-0.00711781431013236,-1.91673466852031,0.0559826583752975,0.119272458592203,0.725434611973845
cg06352072,chr18,59561651,RNF152,Island,-0.0383336239790589,-0.000560456741943105,-1.9166651456553,0.0559915239654522,0.119286195841684,0.725434611973845
cg19672993,chr7,70160734,AUTS2,S_Shore,0.0721372499112066,0.00479199647390072,1.82182544448109,0.0692268930239986,0.119359259323466,0.725434611973845
cg11856561,chr6,134632095,SGK1,OpenSea,-0.0403252072592903,-0.00666340702742863,-1.91623217851442,0.0560467625675106,0.119371775135364,0.725438092341461
cg23779478,chr20,35274828,SLA2,OpenSea,0.0525349141341903,-0.00351307006760426,1.82171100977036,0.0692443001525553,0.119381884403428,0.725457752818782
cg23681339,chr12,133065808,FBRSL1,N_Shore,0.122825914892411,0.00599851587635251,1.82152545631795,0.0692725331109192,0.119418577631685,0.725489342976787
cg22755785,chr19,44716462,ZNF227,Island,0.088462094964232,0.0314017436944287,1.82150215306664,0.0692760794969256,0.119423186478281,0.725494978450649
cg23698287,chr1,32758300,HDAC1,S_Shore,-0.039439970422478,-0.00120183300750967,-1.91593212409055,0.0560850706817762,0.119431111422582,0.725507318441671
cg25350087,chr12,133066492,FBRSL1,N_Shore,0.118785149687857,0.0095838909459963,1.8200332222772,0.0694999297749452,0.119713988547111,0.72572325330647
cg27645858,chr2,238005812,COPS8,OpenSea,-0.0408853548720218,-0.00523847726499549,-1.91438181537344,0.0562833482830082,0.119738055913112,0.72572325330647
cg06106793,chr1,156736771,PRCC,N_Shore,0.0546220449271867,0.0074819208475405,1.81985703670667,0.0695268186800789,0.119748904967764,0.72572325330647
cg25750363,chr12,133156565,FBRSL1,N_Shelf,-0.0606708528887572,-0.0135467823997373,-1.91425142268065,0.0563000516029934,0.119763900412418,0.72572325330647
cg05039671,chr4,40245120,RHOH,OpenSea,0.0474567014053928,0.0216829192965584,1.81762171744381,0.0698687113598403,0.120192593018771,0.726181236901425
cg06147822,chr20,57466905,GNAS,Island,0.0802321167872891,0.00592290963140304,1.81726003658074,0.0699241605231183,0.120264503804826,0.726285328311991
cg06166341,chr4,1223170,CTBP1,N_Shore,0.0440023741945709,0.0114990718655686,1.81645947925158,0.0700470226188077,0.120423793497226,0.726387949657408
cg21461308,chr16,87754019,KLHDC4,Island,-0.082668588213426,-0.0167460476931346,-1.91077868983868,0.0567464357013012,0.12045382293112,0.72645600031351
cg09413013,chr17,76137024,TMC8,Island,0.0679396031295545,-0.00337128829760058,1.81621338139331,0.0700848271462531,0.120472793623757,0.726475524055465
cg10175632,chr16,79102864,WWOX,OpenSea,-0.0601542445229752,-0.0115618030229744,-1.90988581237917,0.0568616824715454,0.120631711363598,0.726653043233582
cg26249987,chr17,7137381,DVL2,Island,0.0487004511481389,0.00951253623061457,1.81535540489631,0.0702167573752602,0.120643745928158,0.726653043233582
cg24181510,chr17,80391632,HEXDC,N_Shore,0.0397671049573691,0.0147099935287501,1.8147820604383,0.0703050339693151,0.120758090926299,0.726693544229065
cg14128315,chr4,1227091,CTBP1,N_Shelf,0.0402472239365838,0.0039698670212337,1.81431768506342,0.0703765998055564,0.120850765817196,0.726830854533141
cg12871835,chr6,134639417,SGK1,S_Shore,0.0740876563147307,-0.013708916944804,1.81419405819482,0.0703956623023389,0.120875447275647,0.726842221818259
cg22059910,chr15,75748133,SIN3A,Island,-0.0443129731684911,0.00289601585147578,-1.90830296743283,0.0570664661275443,0.120947567632102,0.726979409150418
cg27496570,chr7,4804941,FOXK1,N_Shore,0.03737994772784,0.0111194855679263,1.81276840489015,0.070615796587745,0.121160356603333,0.727212481862818
cg06972908,chr16,30488321,ITGAL,S_Shelf,-0.0495272273233953,0.0296646888702047,-1.90693564191158,0.0572438619359434,0.121220937672234,0.727321444127042
cg05151621,chr16,89008406,CBFA2T3,Island,0.0711076585870356,0.0101933861475916,1.81227232389687,0.0706925289481918,0.121259618900714,0.727321444127042
cg24559064,chr7,69733045,AUTS2,OpenSea,-0.0523074948901387,-0.00270015755425657,-1.90601786520306,0.0573631916307033,0.121404700137406,0.727379705579298
cg12370284,chr4,88312521,HSD17B11,OpenSea,0.0593287579134962,0.00428592051122664,1.81150149809162,0.070811894210779,0.121413981892002,0.727390580064423
cg17445101,chr4,854688,GAK,OpenSea,0.0438160971195803,0.000369691824025464,1.81140098993737,0.07082747049386,0.121434120639264,0.727409011914163
cg00822451,chr14,24868585,NYNRIN,Island,0.0351652706772042,-0.0199434503343783,1.81130835222976,0.0708418295494399,0.12145268470434,0.727409011914163
cg08345979,chr19,14641039,TECR,Island,0.0516465217547134,0.0108598137553129,1.80939392458236,0.0711391069897455,0.121836822121472,0.727845319442928
cg24673147,chr7,73704188,CLIP2,S_Shore,0.104863738024334,0.00676773651174331,1.80931759338595,0.0711509811494319,0.121852157944875,0.727845319442928
cg11430783,chr1,3703792,LRRC47,Island,-0.0652044444278064,0.0114825660245997,-1.90274418966705,0.0577905286940667,0.122061949152211,0.728074492287299
cg02389931,chr10,422076,DIP2C,N_Shore,0.0558595185296641,0.00310159941191768,1.80827019682175,0.0713140800230231,0.12206274453882,0.728074492287299
cg23990435,chr5,139043443,CXXC5,S_Shelf,0.0354240069835214,0.00346305742115705,1.80794905778892,0.0713641488336303,0.122127368797189,0.728137470044764
cg09915940,chr19,798935,PTBP1,Island,0.0691344717510195,0.0136675240656345,1.8065775539652,0.0715783056809728,0.122403663742937,0.728530154377727
cg24946044,chr6,30538620,ABCF1,N_Shore,0.0457099098973712,0.00178142516325179,1.80467562295049,0.0718761618715577,0.122787623432291,0.728892246328872
cg17856083,chr1,167225234,POU2F1,OpenSea,-0.0409373796563214,-0.00432852837312336,-1.89804075178013,0.0584091499735285,0.123011113222963,0.728969883331769
cg19030737,chr1,226927988,ITPKB,S_Shore,-0.0669634189613481,-0.00519225360358333,-1.89423609880372,0.058913588916493,0.123783109846354,0.729820767729014
cg23497020,chr12,50616562,LIMA1,OpenSea,0.0705306245548666,0.0226986661006884,1.79934700038691,0.0727160940003253,0.123868371159858,0.72988401460285
cg26543243,chr16,537543,RAB11FIP3,OpenSea,-0.0552856160027978,-0.00406338627264535,-1.89321683203052,0.0590493430368031,0.123990568672689,0.729932975230707
cg03559389,chr10,679322,DIP2C,Island,0.0674106493858192,0.0015810722516918,1.79737449552259,0.0730290509096966,0.124270310765285,0.730206914902614
cg00147638,chr1,25228039,RUNX3,N_Shore,-0.0398799393209133,0.0389759350924214,-1.89182344801698,0.0592353466954698,0.12427461317553,0.730206914902614
cg15486572,chr7,70132171,AUTS2,OpenSea,0.0486419166522621,-0.00481789385247156,1.7972478306253,0.0730491852570878,0.124296156145157,0.730206914902614
cg06116757,chr1,177131972,ASTN1,N_Shore,-0.0479570410618837,-0.00813048850521103,-1.8912370763234,0.0593137675868491,0.124394298037115,0.7302448868154
cg09582219,chr19,16643451,CHERP,Island,0.0471163815881772,-0.000103072127515369,1.7957723347523,0.0732840625711116,0.124597533197123,0.730445391103765
cg02808699,chr12,132514266,EP400,N_Shore,-0.0407294032978906,-0.0070886315690698,-1.89018512536805,0.0594546714165189,0.124609238025488,0.730445391103765
cg03147470,chr10,537178,DIP2C,OpenSea,-0.0499824260447546,0.00491277694421632,-1.88976105435938,0.0595115525011892,0.124695968253944,0.730478992436184
cg16126665,chr14,99711752,BCL11B,N_Shore,-0.0932475400199643,-0.00754491919018868,-1.88812411922269,0.0597315415730624,0.125031192876383,0.730804948307616
cg06571559,chr10,670787,DIP2C,S_Shore,-0.0776168775635483,0.00187060334245415,-1.88755381811852,0.0598083436724767,0.12514814856893,0.730990260440374
cg26133399,chr12,62583974,FAM19A2,N_Shore,0.0580683653963738,-0.0128766262825773,1.7929429342909,0.0737361962414391,0.125177045645445,0.731015232216508
cg02831727,chr16,79027453,WWOX,OpenSea,-0.0497163638000545,-0.00560092787181432,-1.88709504865627,0.0598701855263242,0.125242293557706,0.731057012275497
cg10367011,chr12,132434599,EP400,Island,0.0540999573587171,0.00465681180664786,1.79153991615925,0.0739612439400817,0.125465187335933,0.731367981623665
cg15711976,chr1,25230218,RUNX3,S_Shore,0.0305375347381756,0.012213551699445,1.79104615984585,0.0740405776636511,0.125566714299672,0.731629959650771
cg04517749,chr6,29570507,GABBR1,OpenSea,0.0247741332208725,-0.00849884990495287,1.79101596747747,0.0740454310517671,0.125572924579227,0.731629959650771
cg19296153,chr4,1232112,CTBP1,Island,-0.0612038378237118,-0.00210912769339244,-1.88510961918554,0.0601384342522182,0.125650364012566,0.731738503653363
cg20843286,chr10,102045959,BLOC1S2,N_Shore,-0.0378297992995307,0.00453943077567462,-1.88445487071981,0.0602271154678715,0.125785163079726,0.731965830787261
cg21569150,chr6,29580360,GABBR1,OpenSea,-0.0490645432664058,-0.00653125315993264,-1.88382645667342,0.0603123321839327,0.12591464637415,0.731990900386945
cg19776833,chr3,71057616,FOXP1,OpenSea,-0.0457914794821187,-0.00179476638348663,-1.88267632527373,0.0604685567480619,0.126151897246223,0.732212521019421
cg13707337,chr12,25347663,LYRM5,N_Shore,-0.0631995511224381,-0.0223347741418443,-1.88229347960717,0.0605206340372031,0.126230948428201,0.732401100113665
cg04920951,chr11,67351271,GSTP1,Island,0.0954776886559121,0.00393704386634297,1.78546163364324,0.0749427346899144,0.126719475068177,0.732884239222435
cg04005701,chr17,1733641,RPA1,S_Shore,0.0841181839953377,0.01636667368743,1.78497950226537,0.0750210417593004,0.126819381933126,0.732923449243918
cg04343789,chr16,523849,RAB11FIP3,OpenSea,-0.0557776268120102,-0.0136491137590923,-1.87832859269412,0.0610621624042157,0.127051901046755,0.733202568457386
cg02059453,chr17,1782363,RPA1,OpenSea,-0.0785122096918758,-0.0145834238875976,-1.87624630765856,0.0613481727383796,0.12748471105106,0.733730784321761
cg14577835,chr7,56174207,CHCHD2,Island,-0.067472613303762,0.00164511803371404,-1.87583004098927,0.0614054820027992,0.127571370892242,0.733730784321761
cg06582394,chr3,121902622,CASR,N_Shore,0.0552116294312087,-0.0116076915256193,1.78054965850722,0.0757436739500136,0.127740202331534,0.733818139964335
cg27102297,chr16,88966903,CBFA2T3,S_Shore,0.0330812347868675,0.0124562295910052,1.78028811236633,0.0757865171224737,0.127794731411965,0.733854129570742
cg01498231,chr10,73847259,SPOCK2,Island,0.114334163447854,0.0055286301677403,1.77972142312638,0.075879413062055,0.127912941092461,0.733962064560308
cg00801571,chr6,112033832,FYN,OpenSea,-0.0357819548035058,0.0138373149717131,-1.87405774427683,0.0616499801203902,0.127940846731555,0.733992972835594
cg05209793,chr2,190525973,ASNSD1,N_Shore,0.0497468855252805,0.011717647214191,1.77850093952654,0.0760798005787673,0.128167819070315,0.734313986983482
cg23795082,chr4,843318,GAK,Island,0.0500760363196424,0.000503428793778515,1.77750225634249,0.0762440935196062,0.128376671252895,0.73440226494897
cg00905042,chr4,174114298,GALNT7,OpenSea,-0.0850521436486687,-0.0303420028770967,-1.87143575282253,0.0620131814712723,0.12848898637298,0.734475457286652
cg18052443,chr1,65431702,JAK1,Island,0.0423514317352228,0.00721010101660401,1.77600446263758,0.0764910392864379,0.128690396972928,0.734616037689153
cg06694381,chr6,155569200,TIAM2,OpenSea,-0.0411620145986052,-0.00969512451711307,-1.86984941957562,0.0622337838663381,0.128821501936158,0.734660221409525
cg01049482,chr12,133151360,FBRSL1,S_Shelf,0.0357050369403249,0.00363181653687128,1.77455949438189,0.0767298956017456,0.128993622267634,0.734788293689258
cg10755375,chr14,91884049,CCDC88C,Island,0.0746888877444737,0.00381921099228301,1.77438476786377,0.0767588195840537,0.129030326056982,0.734823173170279
cg08852879,chr17,76134717,TMC8,N_Shore,0.0299448414890103,-0.00207118795201999,1.77425238700799,0.076780739664764,0.1290581399396,0.73485976917472
cg13303654,chr10,31610754,ZEB1,S_Shore,0.0496342033314526,0.00681879109363553,1.77403983866527,0.0768159448693653,0.129102807156022,0.734936452908486
cg03965322,chr16,1009587,LMF1,N_Shore,-0.0483331128771781,-0.00498467779754219,-1.86473472499383,0.0629494975730033,0.129898161236486,0.735964392442598
cg11844369,chr12,133656901,ZNF140,Island,-0.0574039308338577,-0.000233274641505812,-1.86397785300084,0.0630559866914237,0.130058076766204,0.736088994649339
cg04759187,chr10,548964,DIP2C,OpenSea,0.0295250104690748,0.00719578927998377,1.7690306204902,0.0776494717367916,0.130158978900226,0.736167953423711
cg09767850,chr11,60737995,CD6,OpenSea,0.0416000479629033,0.00854702451191096,1.76868870138889,0.0777066351473018,0.130231314809845,0.736295392049544
cg23676767,chr1,226918736,ITPKB,OpenSea,-0.080693403403577,-0.00305227445190093,-1.86297207913782,0.0631977266216127,0.130270817857953,0.736307112436995
cg03216853,chr11,18034662,SERGEF,Island,-0.0573295351964842,-0.00113475082727481,-1.86296039664117,0.0631993745435217,0.130273290522959,0.736307112436995
cg23814172,chr10,687493,DIP2C,S_Shore,-0.045611011089531,0.0140573897812231,-1.86287239057593,0.0632117897414517,0.130291918663841,0.736307112436995
cg21225170,chr5,137610391,GFRA3,S_Shore,-0.0594721964406845,-6.4890091961825e-05,-1.86236427061846,0.0632835108451219,0.130399512243022,0.73632804004262
cg08080735,chr3,71505823,FOXP1,OpenSea,0.0579792586548829,0.00651082452094415,1.7672806614355,0.0779423995734226,0.130529526505383,0.736470200080568
cg10107929,chr13,49550206,FNDC3A,Island,-0.0391294084400792,0.000461810963397619,-1.86076531069085,0.0635096444908144,0.130738539262784,0.736727821887777
cg02730533,chr16,907445,LMF1,Island,-0.0789675603189569,-0.0306189322456018,-1.8601394110903,0.063598344935518,0.130871434626894,0.736779375530292
cg18641050,chr10,102045846,BLOC1S2,N_Shore,0.0691468544268948,0.0130967409428537,1.76495191341312,0.0783336116336432,0.131023899207599,0.73690174250073
cg01138791,chr16,990105,LMF1,OpenSea,0.0559413988557165,0.00376365830636916,1.76451864590633,0.0784065740056147,0.131116038085274,0.736994164773055
cg21698310,chr17,48224718,PPP1R9B,N_Shore,0.0433665892561742,0.00591052336419515,1.76390549675479,0.0785099233675526,0.131246516533558,0.73724047687636
cg01805480,chr12,133137879,FBRSL1,S_Shore,0.0569720724430715,0.00624343765715415,1.7636211406401,0.0785578907716055,0.131307061818173,0.737323483822633
cg18009653,chr4,10076546,WDR1,N_Shelf,-0.0433985515433502,-0.00572938289965985,-1.85708553253439,0.0640326052157392,0.131521358662214,0.737343303984858
cg15014975,chr1,25257547,RUNX3,Island,0.0924088613743019,0.0346535975262324,1.76199597709157,0.0788324955788294,0.131653508296265,0.73742019240817
cg12459932,chr1,25292018,RUNX3,OpenSea,0.0509355400364627,0.0670844602798444,1.76176755714857,0.0788711545799912,0.13170225876611,0.737515484760594
cg15462174,chr10,31608663,ZEB1,Island,0.0814810642547468,0.00525446572133169,1.76158671292898,0.0789017725924671,0.131740865321238,0.737579915543131
cg15464148,chr12,6745057,LPAR5,OpenSea,0.0392859831639417,0.0461769934634653,1.7608025781227,0.0790346436193382,0.131908363590075,0.737858272273564
cg20776540,chr13,108870665,LIG4,Island,-0.0421320782603808,-0.000190619815538348,-1.85513556565194,0.0643111732366297,0.131937656057983,0.737896466714234
cg02432888,chr19,11094931,SMARCA4,N_Shelf,0.0419422580992757,0.00254495445715119,1.75961242102558,0.0792366638154132,0.132162907136564,0.738061101535358
cg25652859,chr20,57427412,GNAS,N_Shore,0.0743337563046745,0.0078537489838425,1.75850044798037,0.0794257935554786,0.132401072856206,0.738313709534376
cg05764011,chr10,409541,DIP2C,S_Shore,-0.0450337410122695,-0.00544929269837335,-1.85209709991628,0.0647472427271086,0.132588370602472,0.738547285951346
cg03497431,chr4,84205712,COQ2,Island,0.0722989878207649,0.00525884182879257,1.75731946195076,0.0796270646279165,0.132654383858397,0.738581737960442
cg20382028,chr21,47703630,MCM3AP,N_Shore,-0.069307138997586,-0.0172060892721739,-1.85172905681616,0.0648002288212479,0.132667358779711,0.738592692360609
cg03400131,chr6,134497247,SGK1,N_Shore,0.0510979324664046,-0.0401471226097899,1.75671167469168,0.0797308096502749,0.132784895009022,0.738666714773787
cg08578186,chr12,132504791,EP400,OpenSea,-0.0452244778554392,-0.0118611445750276,-1.85084929360365,0.0649270312998758,0.132856318267408,0.738733563097231
cg10096405,chr4,1208301,CTBP1,N_Shore,0.0339508246934518,0.00458477394475887,1.75590159473141,0.0798692560394769,0.132958999338136,0.738915478422945
cg09039845,chr12,54935674,NCKAP1L,OpenSea,-0.0345476120062344,-0.00608144492415974,-1.84879146224817,0.0652244342309953,0.133299122220948,0.739299812484271
cg02284850,chr20,520296,CSNK2A1,N_Shelf,-0.0702302589111124,-0.024881924720474,-1.84647485528652,0.0655605844997307,0.133798975234627,0.740235988982417
cg05530459,chr1,225615358,LBR,Island,-0.0513850967700049,0.000343478725586641,-1.84631649493164,0.0655836155668916,0.133833197438775,0.740235988982417
cg19720179,chr6,155451057,TIAM2,OpenSea,-0.0389742828422036,-0.00226957228225078,-1.84624294230107,0.0655943149374793,0.133849094711757,0.740235988982417
cg20474144,chr12,132529458,EP400,OpenSea,0.0446716945194562,0.00246909634739445,1.75088818820416,0.0807304386559689,0.134040426681457,0.740424171081054
cg13234848,chr7,69063971,AUTS2,Island,0.0723599900020888,0.0143782746306287,1.7506537702873,0.080770890521053,0.134091158283984,0.740424171081054
cg19460453,chr7,3074405,CARD11,OpenSea,-0.0401662017195266,-0.0034701097622325,-1.84475289556422,0.0658113765425758,0.134171460095151,0.740500930470327
cg22033586,chr2,157292113,GPD2,Island,0.0372306360463542,-0.0616528535453849,1.74974470705135,0.0809279175091904,0.134288033858972,0.740514948097736
cg07980518,chr18,59560394,RNF152,N_Shore,0.0485372348208751,0.00658024582475298,1.74902302859665,0.0810527536662753,0.134444486659446,0.740562556562839
cg09191335,chr20,35241157,SLA2,OpenSea,0.0284063928598064,0.0144158618351087,1.74851367191657,0.0811409567600709,0.134554994992684,0.740562556562839
cg19705626,chr12,133066682,FBRSL1,N_Shore,0.0796133137517575,0.00767876937016152,1.74773531565415,0.0812758923973593,0.134724000207639,0.740671362037178
cg23793263,chr12,132434133,EP400,N_Shore,0.0712090399869327,0.00448804674749851,1.74764038343597,0.0812923623222692,0.134744624149549,0.740674963898054
cg24069262,chr19,56180134,U2AF2,S_Shelf,0.0416520178294992,0.00602910186272421,1.74657689463336,0.0814770544022312,0.134975832998489,0.74096954092644
cg03383315,chr16,88968284,CBFA2T3,S_Shore,0.0372075923996306,0.00875518501577988,1.74618844389714,0.081544600332523,0.135060360923947,0.741161171949636
cg00867694,chr14,91884854,CCDC88C,Island,0.0221816163308093,0.00221241485091667,1.74577442313546,0.0816166427196803,0.135150497982266,0.741180371360161
cg16625170,chr5,132362086,ZCCHC10,Island,0.100934033398863,0.00511035838512075,1.74459101503639,0.0818228495230832,0.13540839578243,0.741554400058204
cg15736127,chr2,157292127,GPD2,Island,0.0335894337958199,-0.0607537416395524,1.74401392834012,0.0819235596377436,0.135534296969536,0.741763431988499
cg08082792,chr12,133147971,FBRSL1,Island,0.0674609179177765,0.00358381543936182,1.74382648448956,0.0819562930514516,0.135575210452763,0.741816773774702
cg26432961,chr6,41517062,FOXP4,S_Shore,0.0305686264789135,-0.00272188361091763,1.74209275309725,0.0822595604139888,0.13595408535146,0.741994873971877
cg13115661,chr1,177134454,ASTN1,S_Shore,0.080094802412745,0.0216813124271335,1.7408358926698,0.0824799832307027,0.136229259705408,0.742354638807006
cg16606185,chr21,45553535,C21orf33,Island,0.070045688892834,0.00436148313965497,1.73982748535239,0.0826571806927183,0.136450348960117,0.742543583535129
cg11439671,chr17,73515429,TSEN54,N_Shelf,0.0313667979979471,0.0056359141839748,1.73819362005395,0.0829449410505726,0.136809155072017,0.742790196967209
cg06021522,chr11,17898125,SERGEF,OpenSea,-0.065638789376832,-0.0193991674532786,-1.83236552865876,0.0676389993017258,0.136874704772035,0.742798245479097
cg00418511,chr4,83956075,COPS4,OpenSea,0.047575013340862,0.0100572737067779,1.73731323973575,0.0831003332836157,0.137002793169443,0.742836931206867
cg23474890,chr12,122467179,BCL7A,OpenSea,0.0671937637947886,0.0584527849119876,1.73591788161078,0.0833471069905183,0.137310132744975,0.743095967411333
cg05489661,chr16,88975108,CBFA2T3,N_Shore,0.0553227990164616,0.00471116387862514,1.735639702042,0.0833963751290392,0.13737146769694,0.743095967411333
cg03456512,chr7,107531689,DLD,Island,-0.0509983920550424,0.000103654742739545,-1.82997111977015,0.0679970583387411,0.137402039864823,0.743095967411333
cg09519060,chr6,29572346,GABBR1,OpenSea,0.0558452917474942,0.00420029208216866,1.73545574516887,0.0834289685728194,0.13741203938268,0.743095967411333
cg09080030,chr16,2820366,SRRM2,S_Shelf,-0.0713837736828824,-0.0225155781357012,-1.82959475478322,0.0680534818655046,0.137485071289274,0.743123659997741
cg22163130,chr12,62586665,FAM19A2,S_Shore,0.0591252302446895,0.00952704785495211,1.73490347442759,0.0835268820166659,0.137533898199773,0.743123659997741
cg18983979,chr14,91779766,CCDC88C,OpenSea,-0.0473604226357348,-0.00794907681648749,-1.82936495343098,0.0680879520033584,0.137535787729236,0.743123659997741
cg01090930,chr3,47891032,DHX30,N_Shore,0.031630739582252,0.00204969677645617,1.73231065810062,0.0839878182849159,0.1381071186215,0.743592749856463
cg16301617,chr17,76128906,TMC8,S_Shore,0.037570533484514,0.0155999679865933,1.73223371169259,0.084001528898532,0.138124158039583,0.743592749856463
cg04554272,chr16,1013990,LMF1,N_Shore,-0.101269798294662,0.0128446824988586,-1.82656521823212,0.0685090699791022,0.138154839588526,0.743592749856463
cg12131219,chr1,25558575,SYF2,Island,-0.0467092743563632,0.00321350551252576,-1.82592846269932,0.0686051459489211,0.138295932417913,0.74369803916912
cg21789392,chr20,524791,CSNK2A1,S_Shore,0.0473811318152386,0.00827454819114089,1.73113846777916,0.0841968810067879,0.138366870313659,0.743702997198434
cg20994083,chr11,71752705,NUMA1,OpenSea,-0.0397773649242245,-0.00941980423621408,-1.82550704292309,0.0686687923867676,0.138389372008703,0.743702997198434
cg16795898,chr12,133656876,ZNF140,Island,0.0619790009305746,0.00432105290086898,1.72970883216043,0.0844524316842397,0.138684179952486,0.743980059784643
cg07377586,chr3,122283313,PARP9,Island,-0.055502495490055,0.00114382839893945,-1.82364685745909,0.0689503158618969,0.138802404248982,0.744110503559988
cg03216739,chr16,78359082,WWOX,OpenSea,-0.0545335451499505,-0.0121464990618789,-1.82282652530586,0.0690747683283039,0.138984850724359,0.74431199192188
cg03250779,chr19,7970466,MAP2K7,S_Shore,0.040077631385115,0.00758752415068453,1.72772361766085,0.0848083377383762,0.139125730307187,0.744373907153057
cg11797209,chr1,225614937,LBR,Island,-0.0371500784994735,-0.000349438275906708,-1.82154865108598,0.0692690033829756,0.139269424956799,0.744410266305891
cg19360009,chr2,30372525,YPEL5,S_Shore,0.0596861855896855,0.0129956157953246,1.72672778501322,0.0849873271124731,0.139347630175107,0.744472851559032
cg04469016,chr16,88976453,CBFA2T3,S_Shore,0.0377902205510099,0.00324479595262128,1.72618259962542,0.0850854476871505,0.139469228361493,0.744517380465799
cg19462116,chr10,438843,DIP2C,OpenSea,-0.073883492597271,-0.0273548023301283,-1.82051975687699,0.0694257208582028,0.139498878799872,0.744559065933607
cg14739661,chr7,4788601,FOXK1,S_Shore,0.0330690713686345,0.00174194381524484,1.7258838993172,0.0851392457102996,0.139535885124364,0.744627622716502
cg00835400,chr14,75228815,YLPM1,N_Shore,-0.0732066458925637,-0.0250238458780756,-1.818815782359,0.0696859068728444,0.139879522261408,0.744841978915031
cg23199053,chr4,174256114,HMGB2,Island,-0.0422177266748011,0.00191678772335903,-1.81870899078185,0.0697022399857598,0.139903404555253,0.744862606840613
cg26807935,chr5,139028606,CXXC5,Island,-0.0681254879613483,-0.000632008399419952,-1.81808568295455,0.0697976340230825,0.140042860368256,0.74500801571234
cg02376806,chr4,52883875,LRRC66,OpenSea,-0.105717777212877,-0.0325468547749263,-1.81762664630868,0.0698679559676202,0.140145631325116,0.745073942381817
cg07141545,chr17,1782595,RPA1,OpenSea,0.042857168971778,0.00109492208104311,1.7226130241291,0.085730161570721,0.140267405811269,0.745154955166332
cg09459774,chr3,71457237,FOXP1,OpenSea,-0.047507931617044,-0.00578687303449388,-1.81606734277972,0.0701072689342035,0.140495167743225,0.745435780898313
cg06332621,chr4,40518663,RBM47,OpenSea,-0.0462458903643871,0.0265607663012317,-1.81563100217389,0.0701743567632621,0.14059309863331,0.745480400141602
cg06677151,chr10,616959,DIP2C,OpenSea,-0.0986391335945713,-0.0132277592870856,-1.81548297317773,0.0701971283863887,0.140626333710049,0.745536817786876
cg03346802,chr20,524685,CSNK2A1,S_Shore,0.0755630730529872,0.0120688363273744,1.72072420941009,0.0860729070917223,0.140691174702349,0.745660152839192
cg07560287,chr6,41529888,FOXP4,S_Shore,0.0293660272744058,0.000380191430723653,1.7206574319395,0.0860850448816345,0.140706174695851,0.745701327362956
cg12495593,chr6,30539072,ABCF1,Island,0.0825111952804061,0.00315094845538803,1.71982669947023,0.0862361588245646,0.14089288209096,0.745903527912742
cg06326865,chr16,88978463,CBFA2T3,S_Shelf,0.0277701878821418,0.0225833784290351,1.71978008469424,0.0862446446291634,0.140903364418152,0.745903527912742
cg20451705,chr14,91744430,CCDC88C,OpenSea,0.0432496254445233,0.00389402090284952,1.71960877443967,0.0862758359505793,0.140941892335366,0.745963393723051
cg21323028,chr2,170786631,UBR3,OpenSea,-0.0680279667094606,-0.0114118838926011,-1.81403033155365,0.0704209144794527,0.140952797558305,0.745977031475232
cg18815626,chr14,58667856,ACTR10,S_Shore,0.0934787759440076,0.0254379810034245,1.71855284566437,0.0864682962062197,0.14117955103461,0.746240402851383
cg13307058,chr6,134497542,SGK1,Island,0.0443862711074242,-0.0373721022132314,1.71782353305963,0.0866014284199654,0.141343877736523,0.746386292025679
cg10459087,chr4,40628704,RBM47,N_Shelf,-0.0600543282240697,0.00547446166894139,-1.81038197987207,0.0709855511975521,0.141775290059612,0.746683920037098
cg08282145,chr14,24868755,NYNRIN,S_Shore,0.0277477567044965,-0.0369782615470467,1.7138203148462,0.0873351566258292,0.142248490740574,0.74702943554598
cg21674153,chr18,29264051,B4GALT6,N_Shore,0.0491529440631917,-0.0288341862861314,1.71234028445244,0.087607694987319,0.142584058712088,0.747183808466857
cg25504668,chr6,29572379,GABBR1,OpenSea,0.0553565426892927,0.000293715413035578,1.71170153481652,0.0877255292962961,0.142729070300485,0.747262869082306
cg06920390,chr16,70323471,AARS,Island,0.0472925257365711,0.00796836517922632,1.71029975651703,0.0879845742980529,0.1430477045949,0.747648360018691
cg16876829,chr4,925652,GAK,Island,0.0498768683216191,0.00981629826060749,1.70962040328437,0.0881103395823432,0.143202322708682,0.747761185954241
cg01078378,chr12,69634480,CPSF6,S_Shore,0.0589952158419734,0.0199498301498738,1.70918895651471,0.0881902866916619,0.14330058484544,0.747814878108712
cg13832988,chr6,112043086,FYN,OpenSea,-0.0725251506318834,-0.00934520452816989,-1.80353330648339,0.0720555462630147,0.143329220398758,0.747814878108712
cg17728503,chr2,190526181,ASNSD1,Island,-0.0685579719312637,0.00235408510608119,-1.80352755177553,0.0720564508881005,0.143330531585733,0.747814878108712
cg21487363,chr3,71537887,FOXP1,OpenSea,-0.0482810042758296,0.00194978580503979,-1.80349288293636,0.0720619009368607,0.143338430935598,0.747814878108712
cg02730887,chr16,943000,LMF1,N_Shelf,0.0481623786485311,0.00200919177259051,1.70902253660985,0.088221139994028,0.14333850085214,0.747814878108712
cg20503535,chr14,91755616,CCDC88C,S_Shore,-0.056225762962378,-0.0100847535821906,-1.80345878052807,0.0720672622715481,0.143346201549128,0.747814878108712
cg17665608,chr10,43633793,CSGALNACT2,Island,-0.0508831542185326,0.00124642984677462,-1.80317763404674,0.0721114745899918,0.143410276220956,0.747848847156606
cg25130962,chr20,57465511,GNAS,Island,-0.104172101686097,-0.0047926701598682,-1.79958158452332,0.0726789483840982,0.144231772569617,0.748772810793842
cg02042710,chr12,62586892,FAM19A2,S_Shore,-0.0568982926242157,-0.0134959763844761,-1.79916653455747,0.0727446807764804,0.144326820019368,0.748860967747007
cg08180952,chr15,75744002,SIN3A,Island,0.0617285696291537,0.0111486887915896,1.70463006643917,0.0890386416494432,0.144342036794217,0.748860967747007
cg08846558,chr16,88943452,CBFA2T3,Island,0.0386718788518919,0.0109004803800677,1.70441227435891,0.0890793347443151,0.144391934943137,0.748893889121784
cg26507422,chr16,88990409,CBFA2T3,N_Shelf,0.0329635403901212,0.00237841240688264,1.70382955015297,0.0891882870863571,0.144525507374659,0.748999232175864
cg04377282,chr10,72201417,NODAL,S_Shore,0.0298816035879818,0.000991180049714269,1.70378248126931,0.0891970922884757,0.144536300667531,0.748999232175864
cg05953373,chr16,89023633,CBFA2T3,OpenSea,0.0612699008326728,0.00122974358129524,1.70356383270997,0.0892380042116245,0.144586446729982,0.748999232175864
cg15406377,chr12,133150713,FBRSL1,S_Shore,-0.0443140494206675,0.00137257413073155,-1.79734853987238,0.0730331763860869,0.144743710998547,0.749182933929288
cg18116160,chr6,29575145,GABBR1,OpenSea,-0.0471797073991237,-0.00499359404797073,-1.79687786150789,0.0731080207646114,0.144851794185074,0.749265945714541
cg16911981,chr7,70061135,AUTS2,Island,-0.0853595522244032,-0.000692690436612527,-1.79564586631727,0.0733042233118921,0.145134993418331,0.74956719031454
cg27262796,chr20,57426858,GNAS,Island,0.0325759171037947,0.010768758208682,1.70062245606623,0.0897898493365651,0.145262334922187,0.749675250389426
cg14276323,chr10,31609351,ZEB1,Island,0.0708690056464465,0.00709306888030625,1.70022402522346,0.0898648123855908,0.145354074672631,0.749730348426451
cg01563663,chr8,12612233,LONRF1,Island,-0.0350188876262169,-0.000576585082207107,-1.79374961079443,0.0736070579225174,0.145571714906617,0.749954964107847
cg01707127,chr16,947051,LMF1,S_Shore,0.0351669945701857,0.00522897364672459,1.69909803031153,0.0900769369086126,0.14561357784243,0.749976032095903
cg03747342,chr16,89972864,TCF25,OpenSea,-0.0469903826485007,-0.00908820621402762,-1.79350195964219,0.0736466838584445,0.145628824979914,0.749988925573169
cg25341089,chr12,133149020,FBRSL1,Island,0.0333278536540485,0.00519430129208043,1.69825243176826,0.0902365037742612,0.14580869237848,0.750211752982883
cg01021847,chr14,91806002,CCDC88C,OpenSea,-0.0505284961229297,-0.000119891858447518,-1.79268205395749,0.0737779995278441,0.145818023327605,0.750211752982883
cg22651048,chr7,70175567,AUTS2,OpenSea,-0.0706462191828907,-0.0272332240428411,-1.7923592537061,0.0738297517397001,0.14589256309906,0.750280769668344
cg05040501,chr14,91883268,CCDC88C,N_Shore,0.0547398288458477,0.00979042614821397,1.69729802188869,0.0904168778431536,0.146029154538556,0.750481018824591
cg21556191,chr8,12613561,LONRF1,Island,-0.0400164304286886,-0.000770433494954551,-1.79084308548915,0.074073226657049,0.146243060998189,0.750647841624025
cg13951664,chr21,15914403,SAMSN1,OpenSea,0.0711560566534646,0.0204276951563192,1.69545306561534,0.090766381835323,0.146456049964802,0.75071557817105
cg02644301,chr19,14640456,TECR,Island,0.0758684160209168,0.00408350414051125,1.69488626894054,0.090873973149025,0.146587389813919,0.750881211869088
cg14497145,chr10,323809,DIP2C,OpenSea,0.0399407500615506,-0.0137894456532605,1.69352480396874,0.0911328318352454,0.146903240749727,0.751175041252989
cg20801718,chr1,25255314,RUNX3,N_Shore,0.047028042858009,0.00812716858144102,1.69329048318981,0.0911774437878899,0.146957654090667,0.751175041252989
cg13106306,chr7,2959105,CARD11,OpenSea,-0.0852223259479924,-0.00334861248659213,-1.78656029836575,0.0747645414709237,0.147236608643029,0.751492767357112
cg14405825,chr10,652597,DIP2C,S_Shore,-0.0621922201282581,0.00662796147469169,-1.78621063629255,0.0748212156894675,0.14731795274406,0.751492767357112
cg21163478,chr9,34048265,UBAP2,N_Shore,0.0382819415168903,0.00781743010954807,1.69157453634916,0.091504677459389,0.147356596470886,0.751492767357112
cg00440043,chr10,31607300,ZEB1,Island,0.0619371289686208,0.00466574645053296,1.69146256939778,0.0915260626142819,0.147382656536775,0.751492767357112
cg08389497,chr10,73820491,SPOCK2,OpenSea,-0.0871367007282344,-0.00381566519470744,-1.78569365592898,0.0749050738593014,0.14743828410185,0.751492767357112
cg20012008,chr7,69062534,AUTS2,Island,0.0761106767262602,0.00389883020082293,1.69107396077771,0.091600316294871,0.147473131687348,0.751541829971742
cg05683739,chr6,32978775,HLA-DOA,S_Shelf,-0.0876929723259093,-0.0136840365704947,-1.78441798665765,0.0751123268258398,0.147735527852004,0.751758807861985
cg12494528,chr4,871567,GAK,Island,0.0596328999958099,-0.00591674752551719,1.68925932316242,0.0919476930326397,0.147896174379923,0.751953255928411
cg21496519,chr7,4794413,FOXK1,Island,-0.0393594524805713,-0.00713921689558317,-1.7823628443873,0.0754472060189555,0.148215359534089,0.752037249777459
cg24545687,chr12,132537711,EP400,OpenSea,-0.056049826423883,-0.0101196545626694,-1.78178271504925,0.0755419574113627,0.14835102252908,0.752147218722276
cg02040088,chr12,132445410,EP400,OpenSea,0.0362822513505833,0.00505048220246473,1.68644854553617,0.0924878576221734,0.14855327479085,0.752277613799513
cg08748098,chr16,79095641,WWOX,OpenSea,-0.0540971526532555,-0.0165190913854666,-1.77876382013214,0.0760366024311504,0.149058521208005,0.752784846857982
cg27277463,chr12,62585031,FAM19A2,Island,-0.0752726111257192,-0.00329463841596923,-1.77855433398311,0.0760710248494576,0.149107711119231,0.752795523329978
cg01055868,chr3,71307284,FOXP1,OpenSea,-0.0760383552031772,-0.0165299415967867,-1.77852116448502,0.0760764763766007,0.149115500859399,0.752795523329978
cg02622520,chr12,133129533,FBRSL1,N_Shelf,-0.0417825983556484,-0.0141423399174975,-1.778282554298,0.0761157022532728,0.149171546778845,0.752919993597385
cg08913261,chr1,156740730,PRCC,S_Shelf,-0.0404044759246048,-0.00688692944338953,-1.77736772889125,0.0762662467544647,0.149386574411033,0.753186294887296
cg22023435,chr16,89034099,CBFA2T3,Island,0.104431045796984,-0.0394198875560781,1.68289607913454,0.0931742131318487,0.149386953110916,0.753186294887296
cg15867698,chr14,69438267,ACTN1,OpenSea,0.0363083427831507,0.0214482971909525,1.68245528198705,0.0932596628880808,0.149490646084459,0.753360538249567
cg26243254,chr12,132434651,EP400,Island,0.0996894449188029,0.00380954239149938,1.68121959821671,0.093499540146074,0.149781620695896,0.753568176430422
cg09456971,chr19,11146717,SMARCA4,S_Shore,0.0454974533976024,0.0045055752195254,1.68049341397367,0.0936407423762383,0.149952821538396,0.753765722570706
cg09192801,chr12,77156412,ZDHHC17,N_Shore,0.0796928243382603,-0.00351720676155387,1.68016828437298,0.0937040175227535,0.150029520498061,0.753791705072082
cg04046629,chr11,60775831,CD6,Island,-0.117230421267688,-0.0196609449847782,-1.77384722084681,0.0768478603111844,0.150216268824725,0.753987946194615
cg17107540,chr10,72197470,NODAL,N_Shelf,-0.0660246731772171,-0.000465024702947292,-1.77266640928221,0.0770437498270475,0.150495341702539,0.754200633196987
cg02692441,chr3,71179703,FOXP1,OpenSea,0.196215102371321,0.0169053567069764,1.67785017353138,0.0941561552554305,0.150577236576064,0.754223458319223
cg07598052,chr20,35274639,SLA2,OpenSea,0.0897716011639329,0.00568493035644304,1.67727869159901,0.0942678897378262,0.150712498490535,0.754276860271228
cg02060988,chr17,37025978,LASP1,Island,0.0397024455196531,0.00679088910549139,1.67651034063702,0.0944182836119936,0.150894502538263,0.754454082670132
cg03538979,chr10,409311,DIP2C,Island,-0.0668771166562977,-0.005946857723379,-1.77046025948144,0.0774108312167449,0.151017801774113,0.75459873884833
cg19500393,chr10,372993,DIP2C,Island,-0.0670436994351018,-0.00804867043415725,-1.77032310748566,0.07743369908562,0.151050327666103,0.754605866119806
cg00108108,chr16,88996870,CBFA2T3,N_Shelf,-0.06380492787042,-0.0112253050130827,-1.77015688595378,0.077461421231763,0.151089754616195,0.754666437697638
cg24865779,chr21,34775042,IFNGR2,N_Shore,0.0540571171420029,-0.0279495420703969,1.67502016787327,0.0947105141651163,0.151247966382936,0.754816175251409
cg03178541,chr16,88963798,CBFA2T3,S_Shore,0.0413802691591263,0.0130274279176437,1.67414901492677,0.0948816884296403,0.151454892837882,0.754929114674943
cg17423711,chr1,167190178,POU2F1,Island,0.0349688927305163,0.00573740360034877,1.67401214455383,0.0949086049145004,0.151487423485594,0.754948426423095
cg19476082,chr7,2414320,EIF3B,OpenSea,0.0427610212609551,0.00420453106717567,1.67385253262648,0.0949400014354085,0.151525365951101,0.754974274878511
cg27078813,chr10,43633258,CSGALNACT2,Island,0.0327870666992989,0.00591237661001054,1.67344238852272,0.0950207172844604,0.151622897367408,0.754974274878511
cg06817772,chr12,50678007,LIMA1,OpenSea,0.0502183552889958,-0.0270568868109006,1.6732451332078,0.0950595565311092,0.151669821295682,0.754974274878511
cg03721195,chr5,137610448,GFRA3,S_Shore,0.0384290408779881,0.00558540329485568,1.67247145851314,0.0952120150403097,0.151853973067264,0.754974274878511
cg10235656,chr12,69864248,FRS2,Island,0.0648015364986773,0.00404975443367604,1.67231221624182,0.0952434193283933,0.151891897386245,0.754974274878511
cg01186551,chr3,71554412,FOXP1,OpenSea,-0.0468592109979189,-0.0124151070918924,-1.76565406551424,0.0782154868178792,0.15216078792552,0.755041715582878
cg22871529,chr13,49550815,FNDC3A,Island,-0.0501017921572685,0.00218886571693359,-1.76519726244187,0.0782923193930825,0.15226976444097,0.755167640758166
cg25733797,chr11,18033296,SERGEF,N_Shore,0.0321643749965952,0.00732533986482176,1.67015685592012,0.0956692992380228,0.152405916556161,0.755277774979987
cg23919678,chr6,155476467,TIAM2,OpenSea,-0.0438667883694328,-0.00596231919151957,-1.76456592375093,0.0783986097054885,0.152420476557665,0.755277774979987
cg00070460,chr4,1227676,CTBP1,N_Shore,0.0304455329798833,0.00569105589410879,1.66995252527681,0.0957097524361856,0.152454714788338,0.755309286294588
cg03461110,chr7,4778881,FOXK1,OpenSea,0.0410871099969603,-0.0148680928062022,1.66944422896751,0.0958104441151361,0.152576157666236,0.7554586860099
cg15871509,chr2,157368870,GPD2,OpenSea,-0.0765169369634933,-0.0241651655950466,-1.7631470216815,0.0786379220796547,0.152759608765353,0.755573934619294
cg22688453,chr14,58667197,ACTR10,Island,0.0445820000322049,0.00796241497073387,1.66833259891,0.0960309506849655,0.152842006437183,0.755588000695196
cg24464805,chr12,133683533,ZNF140,OpenSea,-0.0648063271383433,-0.0213951749301963,-1.76248616852455,0.0787495852175682,0.152917755311248,0.755652666984297
cg17862947,chr12,133086926,FBRSL1,OpenSea,0.0811233303257829,0.0197836104172417,1.6660632958871,0.0964823626543137,0.153385809103928,0.756171947233215
cg10071852,chr10,682449,DIP2C,N_Shelf,-0.0631446711653073,-0.0208398638120555,-1.75962777111552,0.0792340555727089,0.153603223546464,0.756458492710441
cg21637561,chr17,37074902,LASP1,Island,0.0799812240058785,0.0104137363312857,1.66449449456425,0.0967954251362928,0.15376260690681,0.756502897444025
cg10474005,chr12,6741649,LPAR5,OpenSea,0.0522966661982296,0.0103592980246677,1.66334442474486,0.0970254451924377,0.154039279652169,0.756698470195097
cg24861272,chr10,31607153,ZEB1,N_Shore,0.0363357480694607,0.000711921601445425,1.66329894964813,0.0970345494615579,0.15405022738512,0.756707191361037
cg20041366,chr12,62586267,FAM19A2,Island,0.0642541830724068,0.0110159026273404,1.66321616541353,0.0970511249072555,0.154070158485727,0.756750419777314
cg14656093,chr1,25232917,RUNX3,N_Shore,0.0349420071468604,0.0154834021638953,1.6628990944377,0.0971146313585118,0.154146514500707,0.756820503969955
cg00531400,chr12,125348358,SCARB1,Island,-0.0579676023302201,-0.00588569154318076,-1.75661365837869,0.0797475506694083,0.15432856158345,0.756962607133564
cg20757073,chr6,29598333,GABBR1,N_Shore,0.0327488590417484,0.00140638606616361,1.66143643774415,0.097408020172725,0.154499119146649,0.757170071299376
cg09734162,chr16,557929,RAB11FIP3,N_Shelf,-0.0465168599168645,-0.00329632907264743,-1.75570117792901,0.0799035384370177,0.154548659929508,0.757207414720351
cg01921368,chr15,75746777,SIN3A,Island,-0.0330664944937987,0.00036374822715389,-1.75545631498731,0.0799454398825468,0.15460776359678,0.757273866526088
cg15635503,chr19,11101976,SMARCA4,S_Shelf,-0.0603227858724692,-0.00528682868452723,-1.754560735309,0.080098845989399,0.154824079933031,0.757450653269159
cg07566917,chr10,557109,DIP2C,OpenSea,-0.0395243688011982,0.00150684246317198,-1.75397492790772,0.0801993202409494,0.154965698863624,0.757624691048302
cg07996555,chr10,453149,DIP2C,OpenSea,0.0332804600928222,0.00203611592642827,1.65897356034775,0.0979036459852492,0.155094232475724,0.757658046642225
cg20496034,chr6,29574810,GABBR1,OpenSea,-0.0472385963484413,0.00346094079472536,-1.75273808442333,0.080411793987777,0.155265028845932,0.757854447353593
cg12166917,chr6,29571429,GABBR1,OpenSea,0.0445176442021392,0.011531222749408,1.6571872545895,0.0982643832994505,0.155526951425253,0.758098131350822
cg17175626,chr12,132445368,EP400,OpenSea,0.0328542776346254,0.0086368632844811,1.65697840479186,0.0983066291689124,0.155577603471721,0.75817866582301
cg09464487,chr12,100593423,ACTR6,Island,-0.0419661734625529,0.00109613837145966,-1.75140432659,0.0806414304593848,0.155588304872875,0.758191856248476
cg07866823,chr16,940197,LMF1,OpenSea,0.0370163274489189,0.010088648461824,1.65602315593051,0.0985000413148878,0.155809438243826,0.758459734505848
cg25354848,chr2,170773793,UBR3,OpenSea,-0.0528906663409411,-0.0101272983320909,-1.75012122202908,0.0808628500596485,0.155899785462171,0.758476314263864
cg23492043,chr1,177134266,ASTN1,S_Shore,0.0593972071946061,0.00359458037171173,1.65494308071611,0.0987190946916574,0.15607188351334,0.758668614624677
cg04065880,chr12,133142070,FBRSL1,S_Shore,0.0671547048447863,-0.00218119048592447,1.65427293076769,0.0988552060027791,0.156234890403174,0.758852215041909
cg18503829,chr10,729956,DIP2C,OpenSea,-0.0664026316209247,-0.00520068326325796,-1.74841251867027,0.0811584823345079,0.156315316783274,0.758977082004405
cg22788646,chr12,132512003,EP400,N_Shelf,-0.0436563291198915,-0.00841559498448041,-1.74831350892506,0.0811756395176396,0.156339420210284,0.759001262682038
cg24872791,chr11,18034920,SERGEF,Island,-0.0344398350469487,-0.000996293798040546,-1.74755248758068,0.0813076139226101,0.156524781167975,0.759195108737294
cg13583309,chr14,54955792,GMFB,Island,0.0738943770920252,0.00341764025731861,1.65292138991001,0.0991301691466241,0.156564031257384,0.759236590415
cg16756508,chr12,133132798,FBRSL1,S_Shore,-0.0420440580830377,-0.000773515783149548,-1.74720396549852,0.0813681120713869,0.156609725850588,0.759270574687486
cg05687865,chr8,12596210,LONRF1,OpenSea,-0.0565678146779159,-0.0136307784229467,-1.74700116281667,0.0814033324151163,0.156659170683195,0.759358566298691
cg09313191,chr10,640770,DIP2C,OpenSea,-0.0457174042486419,-0.00714388740350413,-1.74671760896825,0.0814525974740148,0.156728323107748,0.759370898898348
cg17356733,chr21,34774627,IFNGR2,N_Shore,0.0387985179251452,-0.0870018359750331,1.65138214974159,0.0994440644421521,0.156939522698453,0.759509406319719
cg12372477,chr20,57465915,GNAS,Island,-0.0459538822082147,-0.00533035828615486,-1.74584634169929,0.0816041246889428,0.156940950478997,0.759509406319719
cg11184237,chr15,75748191,SIN3A,Island,0.0894639940631992,0.00610233621429981,1.65050325478731,0.0996236530728294,0.157154231572934,0.759686934086648
cg19642148,chr3,47844666,DHX30,Island,-0.0316639293157704,0.000627559315617449,-1.74475633313876,0.0817940176657333,0.157207268151731,0.759719846775962
cg06297005,chr7,2946339,CARD11,Island,0.0398042864975742,-0.0034077776472623,1.64992871187728,0.0997411923556032,0.157294709330293,0.759719846775962
cg22056336,chr4,40444001,RBM47,S_Shelf,-0.0579904334789947,-0.0114616061841487,-1.74407103988063,0.0819135883366354,0.157374878547165,0.759836580303827
cg22917147,chr19,48949463,GRWD1,S_Shore,0.0388726170577663,0.00535559753709282,1.64824854540666,0.100085555914339,0.15770606200575,0.760136584819769
cg20213508,chr20,57463325,GNAS,N_Shore,0.0495359611993539,0.00631896622453798,1.64527860536393,0.100696595953992,0.158435180855989,0.760444743348131
cg06914270,chr20,60757239,SS18L1,N_Shore,-0.0500326291169989,0.00764556788084725,-1.73707565701602,0.0831423085528652,0.159093577692212,0.760848780296192
cg21375204,chr7,73752935,CLIP2,Island,0.0556623679736268,0.021328492039328,1.64257315802035,0.101255812686914,0.159101585659349,0.760852940917688
cg05162523,chr1,25240938,RUNX3,OpenSea,0.118838697938049,0.0157099906967315,1.64185874100887,0.101403896529957,0.159277914090098,0.760935929722884
cg26496204,chr20,57427210,GNAS,N_Shore,0.0376574140570528,0.0107383455444117,1.64170009635824,0.101436803757394,0.159317089933418,0.760935929722884
cg17016867,chr2,136288996,R3HDM1,Island,0.0582261057748771,0.0137308305355291,1.64143637113986,0.101491526449926,0.15938223059144,0.760935929722884
cg03532422,chr3,47844653,DHX30,Island,0.0858420117585367,0.00380653446476514,1.64139657644868,0.101499785853132,0.159392061709314,0.760935929722884
cg20955688,chr8,133772889,TMEM71,OpenSea,0.0444193552743816,0.00379522331903454,1.64128686305909,0.101522559691087,0.159419168335314,0.76096348097932
cg27163659,chr13,108868194,LIG4,S_Shore,0.0521549788129028,0.00599333230949149,1.64092762915542,0.101597156515468,0.159507947803281,0.760992232393549
cg24780007,chr4,851935,GAK,OpenSea,-0.0529094822058359,-0.00992364271465962,-1.73495219649921,0.0835182402049726,0.15961809174056,0.7611574170658
cg01408486,chr5,139027024,CXXC5,N_Shore,-0.0297459688492468,-0.0519175225697514,-1.73455799050174,0.0835881811968801,0.159715607982594,0.761243013993357
cg03833141,chr7,2946319,CARD11,Island,-0.0437156823073975,-0.00265855209146282,-1.73437089951713,0.0836213919925861,0.15976190515679,0.761253959508346
cg08298584,chr16,989477,LMF1,OpenSea,0.065804619842602,0.000524801294465638,1.63982702509593,0.101825975523554,0.159780179001226,0.761253959508346
cg17218495,chr19,11071743,SMARCA4,Island,-0.07381739965632,0.00603433913670339,-1.73315525976468,0.0838374433251157,0.160062972269688,0.761581791485494
cg22175561,chr4,88312553,HSD17B11,OpenSea,0.0513789718384869,0.00698646756533289,1.63861937918499,0.102077522491378,0.160079290809082,0.761599368224354
cg27578227,chr16,968787,LMF1,S_Shore,-0.0497058350864272,-0.00880297355214188,-1.73298154106735,0.0838683547435396,0.160106030701277,0.761620923663453
cg06287140,chr12,122468180,BCL7A,OpenSea,0.0393911749703726,0.0153249155194573,1.63798200406569,0.102210484741987,0.160237327551819,0.761788920837951
cg15937634,chr12,122459934,BCL7A,OpenSea,0.0715828430217267,0.0081524940199352,1.63707774903949,0.102399357889376,0.160461739311135,0.761864623667766
cg20256804,chr10,444983,DIP2C,Island,-0.0443932211176606,-0.00176421383855763,-1.73049206165883,0.0843123496853633,0.160724042762343,0.761943471154239
cg27378486,chr7,4749573,FOXK1,OpenSea,-0.0493663210602108,-0.00663264055783763,-1.72961595064414,0.0844690562399023,0.160941965169822,0.762126017091776
cg11931953,chr7,4781767,FOXK1,N_Shelf,0.0425905167696415,0.00980953875996071,1.63425950302117,0.102989797944394,0.161162675968883,0.76216383899236
cg20173193,chr3,47891136,DHX30,Island,0.0260523042608351,0.00765420991470833,1.63264078853792,0.103330155447324,0.161566316895249,0.76266608519586
cg17825156,chr1,67391082,MIER1,Island,-0.0587883472341754,-0.00563471522197292,-1.72612452512805,0.0850959051505963,0.161812634313132,0.76292140957349
cg05180121,chr13,108867893,LIG4,S_Shore,0.0711214494182724,0.00554040639438088,1.6307343527822,0.103732160780559,0.162042682050516,0.763073961789209
cg02563922,chr16,920048,LMF1,Island,0.0444973248617481,0.0175909448612682,1.62972242114645,0.103946050565717,0.162295965851937,0.763239295616244
cg25487008,chr21,45559838,C21orf33,N_Shore,0.0492820850147312,0.00575465368798095,1.62938282013858,0.104017910065938,0.162381033999431,0.763265577214423
cg05517541,chr6,112115209,FYN,OpenSea,0.0604730629153125,0.0107004335200016,1.62927580380562,0.104040562906152,0.162407847960753,0.763303013542306
cg22509179,chr1,25234806,RUNX3,Island,-0.104013183560626,-0.0170942804372047,-1.72123402448021,0.0859802864216667,0.163038167925366,0.763795124725781
cg20782596,chr20,57462978,GNAS,N_Shore,-0.0437664030143207,-0.00291983918797134,-1.72063102983944,0.0860898442354762,0.163189758626445,0.763931801027654
cg07002422,chr16,996172,LMF1,OpenSea,-0.0530676202532141,-0.002233150998047,-1.72053059118253,0.0861081038815536,0.163215018868188,0.763931801027654
cg12037340,chr10,94812063,EXOC6,OpenSea,-0.0659818319959069,-0.0160679877188099,-1.72046698832828,0.0861196684399688,0.163231016459562,0.763931801027654
cg16991671,chr14,54956552,GMFB,S_Shore,0.0253250267970464,0.0153236783957436,1.62495565786807,0.104958325697286,0.163493093410165,0.764122784354441
cg11369235,chr4,174091422,GALNT7,Island,0.0438771144306899,0.00411486554469355,1.6243952953588,0.105077839107386,0.16363425925912,0.764253365579323
cg01657422,chr16,79103057,WWOX,OpenSea,-0.0480862463877568,-0.00477446184094155,-1.71712099306262,0.0867298304879018,0.164074279835064,0.764497979360016
cg17313945,chr6,32977983,HLA-DOA,S_Shelf,0.0712454701256672,-0.00336577827296725,1.62219570568767,0.105548013206792,0.164189265380181,0.76461976283775
cg02156314,chr10,31607685,ZEB1,Island,0.0404377641033044,0.00590719159827928,1.62205851991005,0.105577392818091,0.164223927372719,0.764662558305539
cg17658854,chr20,57462798,GNAS,N_Shore,0.0347098070618419,-0.00791437181040855,1.62192544557015,0.105605898148835,0.164257555817236,0.764662558305539
cg00036588,chr20,35275710,SLA2,OpenSea,0.0363908193361249,-0.0030596203059734,1.62085553411321,0.105835302446342,0.164528115469548,0.764848435809683
cg09911747,chr14,99645128,BCL11B,S_Shelf,0.07797602119184,0.0149513560332435,1.62037691287261,0.105938054031528,0.164649258007218,0.764925618890661
cg03841065,chr20,35274627,SLA2,OpenSea,-0.1453367032434,0.00515038765874866,-1.71416457841494,0.0872718611810292,0.164822087975492,0.76508167966892
cg23747104,chr1,156738012,PRCC,Island,0.0329955240701748,0.0151391126177536,1.61863406256,0.106312884668228,0.16509095382791,0.765344439669257
cg10588834,chr7,69458326,AUTS2,OpenSea,-0.0402124249196503,0.00813004676308982,-1.71249117742351,0.0875798774996988,0.165246500979343,0.765453398488148
cg08596055,chr20,60722646,SS18L1,S_Shelf,0.0213259224559119,0.00363096052411105,1.61723601776054,0.106614321030093,0.165445908789791,0.765649704897248
cg06340365,chr16,87749372,KLHDC4,OpenSea,-0.0331594122014032,-0.00870691767593979,-1.71118290648573,0.087821298408949,0.165578881104245,0.765814856866015
cg10676604,chr10,433017,DIP2C,OpenSea,-0.0704146239454314,-0.0225584864255354,-1.71068503377698,0.087913314430768,0.165705503013514,0.766018376096337
cg18342744,chr13,30424823,UBL3,Island,-0.0678820137682603,0.000983842671841768,-1.71032325950662,0.0879802259083274,0.165797557260529,0.766070699089727
cg25589296,chr10,94611493,EXOC6,S_Shelf,-0.0696444467879155,-0.0265278132397588,-1.71020843192532,0.0880014723069258,0.165826783429264,0.766070699089727
cg19063516,chr16,967618,LMF1,Island,-0.0382538782720967,-0.00504756404025419,-1.70899774562897,0.0882257368481218,0.166135165857931,0.766191591365242
cg12949807,chr8,12613141,LONRF1,Island,0.067790181325321,0.00503699180421409,1.6139515445687,0.107325170869394,0.166282075410961,0.766301054354853
cg17099072,chr6,29601489,GABBR1,S_Shore,0.0443537571378559,-0.0214953201371738,1.61241088502167,0.107659907579152,0.166675392286595,0.766828012169381
cg06324021,chr1,156770381,PRCC,OpenSea,-0.0561912393430101,-0.0106368342331425,-1.70612483395986,0.0887597591070836,0.166868671210968,0.766893007973557
cg16642517,chr4,40440145,RBM47,Island,-0.0638941292157683,-0.00463371834170867,-1.7047055253554,0.0890245461273676,0.167231942957111,0.767103625911497
cg03906120,chr6,29583573,GABBR1,OpenSea,0.0415092237140761,0.00303318644414385,1.6095816825529,0.108276764590702,0.16739948355115,0.767103713344073
cg10105971,chr6,134638867,SGK1,Island,0.0375639218388738,0.0083051030496912,1.60880284578934,0.108447067942673,0.167599229170897,0.767217928579964
cg07222943,chr7,2958284,CARD11,OpenSea,0.0340227481769062,0.00355568826387565,1.6081450824331,0.108591062583116,0.167768062902064,0.767352950081653
cg06660057,chr7,4762371,FOXK1,N_Shelf,0.0681427201206504,-0.00336319883354708,1.60630466739497,0.108994764949841,0.168241136578151,0.7678544374376
cg21075590,chr12,132505731,EP400,OpenSea,-0.04327011707713,-0.0111310707179139,-1.70058934256223,0.0897960775740068,0.168288839425114,0.767880170393585
cg21515844,chr14,99642020,BCL11B,Island,-0.0588536371154203,-0.00613341736357775,-1.70026988600864,0.0898561813016535,0.168371074258844,0.767972644254521
cg04416981,chr16,89043707,CBFA2T3,OpenSea,-0.0430902141424398,-0.0217142268450158,-1.70005183524158,0.0898972248356733,0.168427222429134,0.767987655095475
cg24471922,chr4,1217755,CTBP1,N_Shore,0.0594629512431189,0.000258881010706036,1.60553202629506,0.109164601544005,0.16844004005837,0.767991256811731
cg06402590,chr16,2820155,SRRM2,S_Shelf,0.0321626314693242,0.00291181116203143,1.60533728316366,0.109207441752415,0.16849020124678,0.768041645342382
cg15809230,chr15,75743753,SIN3A,Island,0.0952099679746894,0.00541529786545586,1.60525450930683,0.109225654647286,0.16851152521424,0.768062497885884
cg03321553,chr15,41806234,LTK,S_Shore,0.0297674039983808,0.00339912850400614,1.60441477901536,0.109410558473214,0.168727968678064,0.768293471127311
cg01537455,chr1,205038308,CNTN2,N_Shore,-0.0549387414924259,-0.012623695770591,-1.69829844624805,0.0902278148401262,0.168879231858104,0.76838848991951
cg23841344,chr4,88312519,HSD17B11,OpenSea,0.038428431586912,0.00228808253956313,1.60144749501899,0.110065927863387,0.169494467767919,0.769108029206835
cg15096465,chr10,396979,DIP2C,Island,-0.0512245544360846,-0.00543555597871603,-1.69585233577333,0.0906906527426393,0.169511338958292,0.769127304945987
cg06588466,chr13,30338633,UBL3,OpenSea,-0.0587770235384708,-0.0201602356384145,-1.69554295747448,0.0907493277025454,0.169591412596913,0.769129856601431
cg12350196,chr3,121951185,CASR,S_Shore,0.0470775724907418,-0.0334366912827355,1.59998327289553,0.11039046862145,0.169873661628535,0.769327012156565
cg16785387,chr12,100594386,ACTR6,N_Shore,0.0610285371551373,0.0134258338443489,1.59794723188724,0.110843011932983,0.17040199757177,0.7697547354748
cg03976379,chr10,31607973,ZEB1,Island,0.0431595350098603,0.00629852990373567,1.59587348160869,0.111305446877131,0.170941383450474,0.7702520200163
cg06995408,chr2,48977089,LHCGR,OpenSea,-0.0491352574335305,-0.00273563200722504,-1.68982533149606,0.0918392280318993,0.17107636489194,0.77031229827441
cg14090201,chr4,40428121,RBM47,OpenSea,-0.0491262781547901,0.00298833013496158,-1.68963987035103,0.0918747568486639,0.171124694424075,0.77031229827441
cg10078009,chr7,4746964,FOXK1,OpenSea,0.0328187650218295,3.17863673344743e-05,1.59471352605427,0.111564776374795,0.171243646939412,0.77046395154024
cg06835404,chr16,988973,LMF1,OpenSea,-0.0495749346116223,-0.00800520645819225,-1.68909007842811,0.0919801457026945,0.17126802540815,0.770477715143531
cg03010274,chr20,57427274,GNAS,N_Shore,0.0411224434724412,0.00971003445416568,1.59459923650644,0.111590353791855,0.171273450377232,0.770477715143531
cg24840182,chr4,843344,GAK,Island,0.0692523305322863,-0.00238293232232434,1.59414515439414,0.111692020933266,0.171391900343558,0.770574980671897
cg23479730,chr14,99681757,BCL11B,OpenSea,0.0427191200017089,0.0382702236537644,1.59405072444482,0.111713172626035,0.171416540647465,0.770574980671897
cg14797899,chr7,69882555,AUTS2,OpenSea,-0.0356044885440852,0.0162199396602197,-1.68782776617423,0.0922224854735983,0.171597450818866,0.770574980671897
cg21499459,chr4,174254427,HMGB2,N_Shore,-0.0386311038749216,0.00909624898397637,-1.68742454209244,0.0923000051621455,0.171702780022729,0.770574980671897
cg06081517,chr21,45553342,C21orf33,Island,-0.0485970512817372,0.00246328126856554,-1.68655659816981,0.0924670453080524,0.171929666369422,0.770630807363582
cg05048806,chr11,17916121,SERGEF,OpenSea,-0.0512481781033846,-0.0170340854153997,-1.68631916469498,0.0925127829878396,0.171991772130482,0.770707834681655
cg09094804,chr16,56485438,NUDT21,Island,0.0607363848973437,0.0140591437638881,1.59144885787916,0.112297222533253,0.172096508541625,0.770714915936738
cg26429273,chr10,102308044,HIF1AN,OpenSea,-0.0460010550300442,-0.00548530180065987,-1.68482692819538,0.0928006555491793,0.17238248256951,0.770958265929638
cg25025235,chr6,134497180,SGK1,N_Shore,0.057769488117674,-0.00356924155193147,1.59027614692102,0.11256125389499,0.172403642010939,0.770958265929638
cg09256131,chr14,99738493,BCL11B,N_Shore,0.1625850776072,0.0073760682393308,1.58998611319718,0.112626629582586,0.172479665159966,0.771054827076236
cg18304458,chr14,75266004,YLPM1,OpenSea,-0.0747969040569345,-0.0201913220314395,-1.68442725245593,0.0928778808226132,0.172487241811014,0.771054827076236
cg19072037,chr11,34127281,NAT10,Island,-0.04223135831747,0.00233157784483418,-1.68418133633116,0.0929254224165296,0.172551722688118,0.771068442315268
cg22643189,chr6,30539868,ABCF1,S_Shore,0.0990973088677674,0.0217638366236608,1.58720448353055,0.113255155787171,0.173210055020638,0.771657436176399
cg27663123,chr14,91853682,CCDC88C,OpenSea,0.0408650280708399,0.0494578598119271,1.58714345742174,0.113268976040649,0.173226104903373,0.771662265532757
cg23063716,chr15,75743999,SIN3A,Island,0.0467127124505097,0.0039698902837928,1.58533059483305,0.113680133829432,0.173703395381976,0.772076132281818
cg11143953,chr4,54243152,FIP1L1,N_Shore,-0.0830713318377553,-0.02967637762991,-1.67976811277437,0.0937819442318522,0.173711966615762,0.772083964930114
cg12074883,chr6,29591155,GABBR1,OpenSea,0.0259744293273503,0.00138764972394889,1.58498609098433,0.113758400648198,0.173794207353488,0.77213801854818
cg12991385,chr6,29599259,GABBR1,N_Shore,0.0498378950354784,-0.00132060887504315,1.58486695217283,0.113785477355214,0.173825620858656,0.77215830294678
cg03567120,chr16,959952,LMF1,Island,-0.042480270627167,-0.00552076592927187,-1.67527312042016,0.0946608576663001,0.174899689464697,0.773141419256909
cg10426581,chr7,100472382,SRRT,Island,0.140935480339939,0.00664699498880517,1.57946264360423,0.11501908120947,0.175255047083694,0.7733803977321
cg07635432,chr10,43633958,CSGALNACT2,Island,0.0491087437229484,0.00424605870345898,1.57919607448852,0.115080201293117,0.175325780258647,0.773433984875549
cg10396588,chr19,16630285,CHERP,S_Shore,-0.0423687160955878,-0.00811310099790041,-1.672418032611,0.0952225502745357,0.175657237584606,0.773564360602514
cg24824472,chr6,112111043,FYN,OpenSea,0.0385068875126431,-0.010768505167662,1.57772631495689,0.115417654493185,0.175716158279223,0.773591827415561
cg03119442,chr16,78466546,WWOX,OpenSea,-0.0559025968982346,-0.0117451105406281,-1.6705797144306,0.0955856257297446,0.176146297050799,0.773913221319477
cg08601457,chr6,112115117,FYN,OpenSea,0.0456150817378549,0.00246577909193819,1.57595898713272,0.115824462301935,0.176186430461095,0.773913221319477
cg25451120,chr17,47287444,ABI3,OpenSea,0.0341947062763246,0.0455854739759882,1.57506776413492,0.116030034822399,0.176423933567455,0.774111269565542
cg16238523,chr3,49395303,GPX1,Island,0.038213808520595,0.00718483426025091,1.57506256129601,0.116031235771351,0.176425320778658,0.774111269565542
cg02708296,chr12,69633319,CPSF6,Island,0.072595666900006,0.00255754470307217,1.57436623462631,0.116192054357718,0.176611052817392,0.774352539832281
cg23477348,chr21,45564615,C21orf33,S_Shelf,0.0441609945590565,0.0241010594322744,1.5740545401297,0.116264098006977,0.176694238657932,0.774442706893949
cg06877599,chr19,39936212,SUPT5H,Island,0.0672924715350082,0.00222894549343435,1.5739995823443,0.116276804352423,0.176708908962593,0.774442706893949
cg07814763,chr7,73770020,CLIP2,OpenSea,-0.042880192018876,0.0125291186309521,-1.66752404911222,0.0961915932364553,0.176961460139685,0.774615183902348
cg07802220,chr10,102046458,BLOC1S2,Island,0.0361705556431955,0.0028354322695776,1.57138133380237,0.1168834183773,0.177408870313025,0.77504606233003
cg03087198,chr11,18656479,SPTY2D1,Island,0.0492148935528333,0.0120877036943766,1.57085303032317,0.117006121320681,0.177550356739203,0.77518774781371
cg25126090,chr7,4722778,FOXK1,Island,0.0412160102432404,0.00872692264242755,1.57060487848004,0.11706379171364,0.177616843971434,0.775209334879053
cg08587534,chr20,57427503,GNAS,N_Shore,0.0521616512878092,0.0039280751487682,1.5697545653511,0.117261574068495,0.177844808656738,0.775302637698769
cg04273867,chr16,524300,RAB11FIP3,OpenSea,-0.0768468619049069,-0.0174415775354557,-1.66343777895607,0.0970067575100313,0.178055946693757,0.775549267281843
cg03030345,chr16,56485391,NUDT21,Island,-0.0599933288627742,-0.000572686611992237,-1.6631125388525,0.0970718767034196,0.178143276591579,0.775649180867175
cg02893204,chr10,576012,DIP2C,Island,0.0597190226102987,-0.00119490878742534,1.56852050149598,0.117549084883746,0.178176042340232,0.775707401652195
cg07422329,chr1,186642182,PTGS2,OpenSea,-0.0474275828080695,0.00983451574382799,-1.66215493815386,0.0972638101297019,0.178400586108226,0.775946991214605
cg19167080,chr7,73703528,CLIP2,Island,0.0582537833018197,0.00549339537311776,1.56738761078567,0.117813513127176,0.178480524276962,0.776109934851915
cg16993684,chr20,57466131,GNAS,Island,0.0954397219941261,0.00282903084274556,1.56703979817366,0.117894790063316,0.1785740819387,0.776130989046917
cg08163523,chr2,237994362,COPS8,Island,0.0466781654767371,0.00478073033053275,1.56665819189164,0.117984014706941,0.178676771687104,0.776235019923926
cg00940140,chr20,57480494,GNAS,OpenSea,-0.0749206463608911,-0.0238615720999764,-1.66081168571846,0.0975335533904574,0.17876198703541,0.776299062774038
cg03908391,chr20,57427170,GNAS,N_Shore,0.073560561796733,-0.00641363400178185,1.56564359310743,0.118221500092527,0.178950012548635,0.776453962186244
cg07440398,chr14,99712966,BCL11B,Island,-0.0486166923834572,-0.0335208991881669,-1.65972079566475,0.0977530601944313,0.179055890592966,0.776514230053096
cg10061235,chr7,4768697,FOXK1,S_Shelf,0.0320601141304083,-0.00091648263498556,1.56516875746864,0.118332773254342,0.179077996895199,0.776531562696698
cg17738494,chr3,9773251,BRPF1,Island,-0.0500652933934304,0.00373944693917244,-1.65918527515218,0.0978609615124588,0.179200299981478,0.776592841582064
cg16114380,chr12,50606100,LIMA1,OpenSea,0.052804952502155,0.024745382100117,1.56449979828365,0.11848967727846,0.179258419621886,0.776637838443182
cg11308921,chr4,867560,GAK,S_Shore,-0.0537422425508374,-0.0103199323576556,-1.65883978850045,0.097930623835339,0.179293510457392,0.776637838443182
cg25350986,chr7,4762844,FOXK1,N_Shore,-0.0537902073762783,-0.00553440339548506,-1.65876786654394,0.0979451308442501,0.179312919154347,0.776637838443182
cg18342703,chr3,71499629,FOXP1,OpenSea,-0.056252102583187,-0.00817381425077568,-1.65871904411329,0.0979549795482445,0.179326095155453,0.776637838443182
cg24903637,chr4,851793,GAK,OpenSea,0.0303104224356293,0.0037824379023832,1.56352444069789,0.118718740268611,0.179521722176516,0.776690005243965
cg11815250,chr1,226851514,ITPKB,OpenSea,-0.049818584972581,-0.00985910612805363,-1.6576690026411,0.0981669914264068,0.179609650377824,0.776758060787111
cg05893785,chr10,72201943,NODAL,S_Shore,0.0441174953749244,0.00188800970894154,1.56280955897311,0.118886851632522,0.179714890506476,0.776864091872368
cg05958351,chr16,2804731,SRRM2,N_Shore,0.0310940700848877,0.0259122838048355,1.56130284699743,0.119241782925038,0.180122525298596,0.777065403626394
cg20421509,chr7,4799775,FOXK1,N_Shore,-0.052300822285591,-0.00918647689817142,-1.65573245372704,0.0985589611695049,0.180133473672243,0.777065403626394
cg22945457,chr1,225612608,LBR,N_Shelf,0.031516606405695,-0.0126369864510401,1.56015108603185,0.119513661213007,0.180434592526738,0.777200471372744
cg01037989,chr16,966659,LMF1,N_Shore,-0.0393663333189423,-0.00235337279500836,-1.6545323066802,0.0988025074361715,0.180458674472827,0.777255032835288
cg00906476,chr5,139046200,CXXC5,N_Shore,0.0258567635015868,0.0108905576116506,1.5600527464294,0.119536897282182,0.180461256033733,0.777255032835288
cg00446472,chr16,89042082,CBFA2T3,OpenSea,-0.042784444042405,-0.0224559062954311,-1.65394973901244,0.0989209018325907,0.180616688482603,0.777368910177012
cg20436707,chr10,698162,DIP2C,OpenSea,-0.0517817879991481,-0.0109760431870305,-1.653903294193,0.0989303456372343,0.180629290465621,0.777399295508126
cg20335425,chr1,153363264,S100A8,OpenSea,0.0278009674088816,-0.0543094797580191,1.55923325751691,0.11973066753014,0.180683563638905,0.77745416285572
cg00492741,chr16,89019632,CBFA2T3,OpenSea,0.0490731416861508,0.00373907104555282,1.55553485008859,0.120608239328468,0.181689382963419,0.778027920392991
cg04517079,chr6,41546161,FOXP4,OpenSea,0.0322708990492085,-0.00238983918675217,1.55492410053533,0.120753645169528,0.181855881389164,0.77815452516576
cg05049329,chr1,226924846,ITPKB,Island,-0.050123509705209,0.00219731887855626,-1.64880212001913,0.0999719914125864,0.182017381903701,0.778299502222461
cg18503291,chr10,612314,DIP2C,OpenSea,-0.051260992150376,-0.00746886788960699,-1.64875565356225,0.0999815199273756,0.182030062255031,0.778307203696204
cg26593380,chr7,4749206,FOXK1,OpenSea,0.0418408668702839,0.0093614523807779,1.55261516992326,0.121304594669749,0.18248634937479,0.778694988167426
cg20506347,chr3,71355161,FOXP1,OpenSea,0.0371250511221327,-0.0353256896149573,1.55083651984969,0.121730354589689,0.182973124935589,0.778999267687446
cg03238899,chr4,174166943,GALNT7,OpenSea,-0.0408836909439528,0.000540673421570048,-1.64527092808782,0.100698179346736,0.182982886209224,0.778999267687446
cg22885332,chr5,139034002,CXXC5,S_Shelf,0.0259009353673704,-0.0139507235495002,1.55002875830501,0.121924097343456,0.183194508162358,0.779069031352039
cg19253612,chr13,96239899,DZIP1,OpenSea,-0.0456424545841874,-0.000248517206779431,-1.64416898801243,0.100925654618073,0.183284956178612,0.779097054245962
cg09978216,chr2,190526067,ASNSD1,Island,0.0585194512389196,0.00671108063087628,1.549192884669,0.122124837481163,0.183423804972734,0.779229555607413
cg06291266,chr16,56481617,NUDT21,N_Shelf,-0.062141849497555,-0.0145608920200641,-1.64323280404256,0.101119235299455,0.183541878322699,0.779297757852075
cg06222048,chr2,136287899,R3HDM1,N_Shore,0.0471586585292141,0.00929136187848405,1.54850931308342,0.12228919401323,0.183611480282427,0.779346272138959
cg06928838,chr11,67351490,GSTP1,Island,0.0459870862070818,0.00907482340590381,1.5484292400832,0.122308457946703,0.183633473713789,0.779361205999591
cg13260916,chr7,100480538,SRRT,N_Shelf,-0.0375035708067522,-0.0066438165057463,-1.64277771584295,0.101213443942707,0.183666867017902,0.779394337469393
cg05068742,chr19,48956186,GRWD1,Island,-0.0345621588325581,-0.00982695100917041,-1.64248117360995,0.101274869446492,0.183748345427259,0.779454797804085
cg06340367,chr20,35274595,SLA2,OpenSea,0.0328296293274896,0.00726036578116418,1.54735163668475,0.122567939024046,0.183929645948936,0.77961659409535
cg18116486,chr14,58667316,ACTR10,S_Shore,0.0324391307375135,0.00669618147362058,1.54723252674039,0.122596646532587,0.183962404235225,0.77961659409535
cg04649420,chr20,60736064,SS18L1,N_Shelf,0.0479286551169279,0.00412963667435373,1.54712869774844,0.122621675374887,0.183990963392483,0.77961659409535
cg03898786,chr6,29586020,GABBR1,OpenSea,-0.0547702981049989,-0.0137306772169079,-1.64149933196514,0.101478460004185,0.18401830883751,0.779625191461524
cg00139244,chr10,31608402,ZEB1,Island,-0.0384679136787299,0.000881793723468055,-1.64142036844385,0.101494847750955,0.184040033097513,0.779640029225443
cg19261597,chr16,28332480,SBK1,Island,0.0250366745592048,0.00789871054328573,1.54658246262843,0.12275341589472,0.184141264657843,0.779713647343568
cg16737567,chr11,13484976,BTBD10,Island,0.0870100495704621,0.00595302358709074,1.54628305417135,0.122825674044892,0.184223688016799,0.779801233516212
cg19149899,chr4,40439584,RBM47,N_Shore,-0.0597279978554301,-0.00987765632483717,-1.64023765063837,0.101740557083843,0.184365646936403,0.779892929947019
cg14461570,chr2,170683907,UBR3,Island,-0.0862107013042974,-0.00863638951651903,-1.63936086758512,0.101923015182043,0.184607309047258,0.780087671319473
cg05512505,chr19,7968863,MAP2K7,Island,0.0648346817749716,0.00388019603879027,1.54410678860261,0.123351888684586,0.184823607327239,0.780202417553191
cg09920043,chr12,50617546,LIMA1,OpenSea,-0.0565219430204273,-0.00611266041361991,-1.63707773254992,0.10239936133612,0.185237694913562,0.780546343841303
cg24769501,chr12,125302275,SCARB1,S_Shelf,0.0458697051117403,0.0056929402750372,1.54211808139675,0.123834295702728,0.185373086428572,0.780622134992632
cg13682669,chr6,17604379,FAM8A1,S_Shelf,-0.0543927458384408,-0.0176160419960903,-1.63634260607344,0.102553113671134,0.185441005782476,0.780688555111177
cg23705060,chr12,132443404,EP400,OpenSea,-0.0642962820797301,-0.019626317782394,-1.63519887748531,0.10279269195298,0.185757650081778,0.780742924931988
cg26561844,chr12,132562101,EP400,OpenSea,-0.0662426949739385,-0.0134852687600584,-1.63433277413882,0.102974412855953,0.185997698944404,0.780828046028788
cg02247823,chr14,54955826,GMFB,Island,0.13307521569561,0.00963355779493983,1.53905208505565,0.12458091826538,0.18622258595201,0.780994901431134
cg13287553,chr7,4784419,FOXK1,N_Shore,-0.0422065377770229,0.00513338972120778,-1.6335002181722,0.103149336674559,0.186228665911245,0.780994901431134
cg03596178,chr17,76138514,TMC8,S_Shore,-0.0328498975586045,0.00545122046345037,-1.63328033033557,0.10319557568185,0.186289702377237,0.78101222609226
cg04431965,chr16,940230,LMF1,OpenSea,-0.0722170366022612,-0.00551277362731684,-1.63286684761688,0.103282569493377,0.186404516946489,0.78117999525049
cg04194341,chr13,96293572,DZIP1,N_Shore,-0.0500520531664253,-0.00242558321317965,-1.63262250912219,0.103334004070612,0.186472388659213,0.781231555354696
cg00590081,chr13,49549665,FNDC3A,N_Shore,0.0563516082458511,0.0116068468303491,1.53753037013548,0.124952788133506,0.186645276272823,0.781355806790472
cg05019396,chr2,170870146,UBR3,OpenSea,0.0728857395368792,-0.0181742683236764,1.53738554413188,0.124988225286976,0.186685541841745,0.781370732301351
cg06784260,chr12,69634187,CPSF6,S_Shore,0.0489105299654397,0.00340649917019419,1.53677797407848,0.125136975967659,0.186854532778433,0.781578641109871
cg10820693,chr2,237994591,COPS8,Island,0.0669285235434453,0.0036628244517694,1.53578787818591,0.125379676760096,0.187130162394175,0.78181822270916
cg15554466,chr19,39936040,SUPT5H,Island,-0.0529290801208181,0.00417136405391331,-1.62993691811264,0.103900683457959,0.187219588850402,0.781878834103219
cg24330650,chr12,100617819,ACTR6,OpenSea,-0.0649590207682741,-0.0266140196603117,-1.62907082165237,0.104083963790257,0.187461029908521,0.782093304848026
cg08447571,chr7,4743074,FOXK1,OpenSea,0.0267353706423804,0.000822112920761176,1.53456078014971,0.125680984373382,0.187472186792823,0.782093304848026
cg05612346,chr11,17905879,SERGEF,Island,0.0350896161397167,0.00523730013819235,1.53450615298477,0.125694410947622,0.187487423538859,0.782093304848026
cg21481320,chr19,48953847,GRWD1,N_Shelf,0.0432089274133702,0.00633167971239779,1.53437736150134,0.125726070488527,0.187523350001369,0.782093304848026
cg07015014,chr14,91770418,CCDC88C,Island,-0.041971601842578,-0.00476069056878237,-1.62873274611415,0.104155576084914,0.187555337322475,0.782113227145943
cg04760602,chr4,54243733,FIP1L1,Island,-0.0608089434063582,0.00156004931574762,-1.6281949975235,0.104269564733847,0.187705416421026,0.782272812654861
cg04960880,chr6,29577006,GABBR1,OpenSea,-0.0258268412345587,-0.0102350100817711,-1.62762921336373,0.104389603541984,0.187863415579411,0.782356259742394
cg13314863,chr10,94594490,EXOC6,OpenSea,-0.0471361882704139,-0.00418002707984755,-1.62665982016101,0.104595529555851,0.188134353481753,0.782614459695322
cg18538675,chr20,60740466,SS18L1,Island,0.0762348239349638,-0.00301003948190071,1.53208725688706,0.12629006628995,0.188163024938269,0.782614459695322
cg06502279,chr16,474467,RAB11FIP3,N_Shore,0.040213923949961,-0.0768363290753434,1.53186742278978,0.12634430982575,0.188224513864786,0.782614459695322
cg18231267,chr1,25229099,RUNX3,Island,-0.0493956327611339,-0.00564070656836757,-1.62396259276893,0.105170199533561,0.188889724589629,0.783035879480395
cg21022792,chr6,29589798,GABBR1,OpenSea,0.0463674897999847,0.000571548609095141,1.52933438279116,0.126970645944306,0.188934090289255,0.783111828307771
cg24842859,chr1,25257599,RUNX3,Island,0.0292598402487749,0.0126328577778494,1.52837932306975,0.127207428997591,0.189202141019992,0.783226447587201
cg26315493,chr9,35071724,VCP,N_Shore,0.157833037704504,0.00625649915238773,1.52834762615337,0.127215293360209,0.189211042002189,0.783226447587201
cg00954161,chr1,3696925,LRRC47,OpenSea,-0.134083188334835,-0.0195669530539659,-1.62187543354745,0.105616612611736,0.189475776267551,0.783366327932512
cg03184368,chr4,40555722,RBM47,OpenSea,-0.0341605384330377,-0.00454409888661111,-1.62019793932285,0.105976496907288,0.18994776891737,0.783754477305828
cg00121135,chr16,88991343,CBFA2T3,N_Shelf,0.0261713766686128,0.0122151733490845,1.52364254876832,0.128386893589608,0.190535726210393,0.784188105260309
cg23225103,chr1,205040765,CNTN2,S_Shore,-0.0490056603878434,0.0259887128479325,-1.61773020310384,0.106507690738288,0.19064368356652,0.784261590287027
cg04413090,chr16,28302913,SBK1,N_Shore,0.0373839068595026,0.00603065487992971,1.52246923453046,0.128680365234016,0.190867126489496,0.784357117923848
cg13965224,chr4,1218386,CTBP1,N_Shore,-0.0623942655130001,-0.0314560565248335,-1.61680518393728,0.106707351255805,0.190905026963368,0.784375579464174
cg23279346,chr2,170777718,UBR3,OpenSea,-0.0642284597041517,-0.010960232384152,-1.61608752190796,0.106862459845887,0.191107967842567,0.784502025015587
cg22866998,chr10,372589,DIP2C,N_Shore,-0.0376005864241516,-0.00787365352068059,-1.61595276169017,0.106891605616445,0.191146093112759,0.784502025015587
cg09648933,chr17,62009835,CD79B,OpenSea,0.0289662948251479,-0.0276087065301178,1.51922575085661,0.129494354479522,0.191785449265324,0.785034462410997
cg03994959,chr13,108866993,LIG4,N_Shore,0.0747835124387901,0.0272612269031828,1.51902849072003,0.129543988332963,0.19184140388498,0.785034462410997
cg11597332,chr3,49395923,GPX1,Island,-0.0660084315922065,-0.00302301527030803,-1.61317341209125,0.107494130936452,0.191933652774144,0.785143998975254
cg11879623,chr11,71781594,NUMA1,OpenSea,-0.0314165480245731,-0.00806992318087907,-1.61156800911718,0.107843388782866,0.19238964747612,0.78545696248856
cg08649439,chr7,4761868,FOXK1,N_Shelf,0.0565515251468317,-0.000453862572366126,1.5166423773018,0.13014554832762,0.192519197751209,0.78561733902889
cg20308351,chr7,3067980,CARD11,OpenSea,0.049190607698718,0.0466294702091288,1.51591893937545,0.130328362588229,0.192725043174068,0.785780542590101
cg23097155,chr12,133066069,FBRSL1,Island,0.0544049015716271,0.00317062620032899,1.51588555548959,0.130336803590677,0.192734546053556,0.785804949696786
cg19743666,chr2,30371484,YPEL5,S_Shore,0.0727478168985609,-0.0418100238316655,1.51565589157598,0.130394884874525,0.192799930295341,0.785891297687477
cg15872329,chr10,102046237,BLOC1S2,Island,0.0550204780961327,0.00728319247162328,1.51565055384958,0.130396235008455,0.192801450114867,0.785891297687477
cg10809094,chr2,238006557,COPS8,OpenSea,-0.0645756361668731,-0.00864629046344068,-1.609205964543,0.108358893950336,0.193062003876255,0.7860600734661
cg23257289,chr12,62490552,FAM19A2,OpenSea,-0.0432451565821984,0.00550218241853362,-1.60761870118066,0.108706404974431,0.19351478744398,0.78626963334661
cg15333689,chr5,159846543,SLU7,S_Shore,0.0905830451461165,0.0167834179064406,1.51218872424001,0.131274171919727,0.193788997858945,0.786320870575288
cg12695158,chr7,148936883,ZNF212,Island,0.0642553880684452,0.0048456775019183,1.51161336670096,0.1314205301764,0.193953487982943,0.786391175118093
cg19322969,chr1,226854847,ITPKB,OpenSea,0.0383270793264621,-0.0199225845799259,1.51154151763765,0.131438815906428,0.19397403625288,0.786398480264725
cg05613083,chr16,87751605,KLHDC4,N_Shelf,0.0479711584890482,0.00370671538346534,1.51094149541612,0.131591600069648,0.19414570031627,0.786538643327413
cg22506490,chr1,177002228,ASTN1,OpenSea,-0.0702691726609619,-0.023424461620116,-1.60432634006454,0.109430046675701,0.194456453565038,0.786813976855477
cg07095569,chr9,34049059,UBAP2,Island,0.034523656257577,0.00893628438377155,1.50940823527842,0.131982643041201,0.194584866650957,0.786948343202943
cg04741636,chr3,122283583,PARP9,Island,0.0289702727377339,0.00917396319308957,1.50855248317151,0.132201286864712,0.194830293431276,0.787075689208906
cg08180028,chr15,41796044,LTK,S_Shore,0.0211245805880374,-0.0511590644726396,1.507453109086,0.13248258907593,0.195145923299463,0.787255935937195
cg26137068,chr2,190525921,ASNSD1,N_Shore,0.0496527723165907,0.0069598040591322,1.50731258828559,0.132518578333385,0.195186293778303,0.787300847661413
cg20531039,chr12,133131658,FBRSL1,N_Shore,0.0335054895646632,-0.00123078063761295,1.50593144610495,0.132872711892424,0.195583410606827,0.787602628171868
cg10699215,chr4,10118516,WDR1,Island,0.06556965066494,0.00368566142133055,1.50576376202879,0.132915757164903,0.195631664737508,0.787622336342241
cg14705010,chr11,71724583,NUMA1,OpenSea,0.0434451493176242,-0.00211088862984943,1.50391302220521,0.133391570706718,0.196164828450093,0.788011678448466
cg27489939,chr16,89007818,CBFA2T3,Island,-0.0481712403390232,-0.00181052218275781,-1.59631191115215,0.111207552300639,0.196762749879061,0.78856571666439
cg10198565,chr14,21866828,CHD8,OpenSea,-0.0591325969718237,-0.0225540428381069,-1.59505487405841,0.11148841207781,0.197126294727111,0.788889276779584
cg09088257,chr3,98451398,ST3GAL6,Island,-0.0438081293892839,0.00225994523061226,-1.59487903460617,0.111527744637299,0.19717718803457,0.788900004333311
cg19322477,chr1,225616299,LBR,Island,0.0587265917790475,0.00785111596985961,1.49991441956575,0.134424102731108,0.197320384877196,0.789012164327969
cg06767762,chr16,70323488,AARS,Island,0.0549824366068555,0.0105805511680947,1.49954421263061,0.134520011615186,0.19742762247633,0.789112655152634
cg07601475,chr16,89941916,TCF25,S_Shore,-0.0568419909334472,-0.0251372807656296,-1.59380008051412,0.111769330615759,0.197489680894857,0.789185784814397
cg15796978,chr2,48982509,LHCGR,N_Shore,0.0491837717138841,0.00932014603598683,1.49890049189328,0.134686905687981,0.197614190193263,0.789316296200319
cg08558340,chr7,100472263,SRRT,N_Shore,0.074859820844591,0.0148046522728028,1.49686134334235,0.135216645588925,0.198206042306802,0.789718523883027
cg13180038,chr2,157292770,GPD2,S_Shore,-0.0346524275379515,-0.000884927152030424,-1.59093560254907,0.112412719612451,0.198321065521751,0.789866429293306
cg09445902,chr10,555545,DIP2C,OpenSea,-0.032705557534374,-0.00453394628471571,-1.58939977986031,0.112758885094351,0.198767874582222,0.790068406426339
cg07904900,chr16,87754207,KLHDC4,Island,0.0457181192927234,0.00804644034073943,1.49471902052036,0.135774927657529,0.198829235598978,0.79012657853083
cg04908106,chr16,1010488,LMF1,Island,-0.129210000157675,-0.0186193127294242,-1.58865215788659,0.112927699652047,0.198985642535603,0.79016745384162
cg01534572,chr16,89024557,CBFA2T3,OpenSea,-0.0533210613230857,-0.00388260097669798,-1.58791462879556,0.113094431050101,0.199200641437113,0.790395319347835
cg10257332,chr3,47869137,DHX30,S_Shelf,0.0271146172587931,-0.00169228986237369,1.49059051543304,0.136855839591994,0.200034238967336,0.790822307103115
cg10842753,chr1,32757631,HDAC1,Island,0.062697635841408,0.0033732525038081,1.49049003651629,0.136882229485729,0.200063632479303,0.790822307103115
cg16320427,chr3,71158765,FOXP1,OpenSea,-0.0469312961539146,-0.00558632457230401,-1.58484082891309,0.113791415075784,0.200098520413278,0.790822307103115
cg07675477,chr14,99711840,BCL11B,Island,-0.062995761282464,-0.020766420300125,-1.5847462566642,0.113812913047355,0.200126192427302,0.790824246294353
cg11315544,chr4,1222440,CTBP1,Island,0.0320782160728,0.00398905264945304,1.48955208906451,0.137128763161679,0.200338166256832,0.79097579390972
cg06872047,chr6,29585579,GABBR1,OpenSea,-0.0581180558285815,-0.0104071468966312,-1.58347812774391,0.114101491773613,0.200497519251659,0.791074002937992
cg03738979,chr19,11145704,SMARCA4,Island,0.0587470561109082,-0.00168132474134786,1.48838438329225,0.137436167627858,0.200680333640214,0.7912617666444
cg16250812,chr1,65299902,JAK1,OpenSea,-0.0606445607944297,-0.0193039913549934,-1.58280774243791,0.114254279857328,0.200694021021901,0.791261891367193
cg14711690,chr1,226925082,ITPKB,Island,0.0411634294611048,0.00073106536203163,1.48832765244289,0.13745111588696,0.200696968073758,0.791261891367193
cg22349126,chr12,25348261,LYRM5,Island,0.0410203653359874,-0.00252434466991736,1.48826178885921,0.137468472148655,0.200716281639956,0.791287040466359
cg24847163,chr6,29600980,GABBR1,S_Shore,0.0617320123660855,0.00404687196545006,1.48823771751934,0.137474815811228,0.200723340559018,0.791287040466359
cg12159213,chr13,49595616,FNDC3A,OpenSea,-0.0540055453206549,0.00457572977265575,-1.58202331539119,0.114433264474903,0.200924128840425,0.79144505365065
cg12867320,chr6,29574715,GABBR1,OpenSea,-0.0345145378559483,0.0183039151226253,-1.58118791539131,0.114624123194293,0.201169400934573,0.791657700706016
cg03164928,chr16,89005932,CBFA2T3,N_Shore,0.0288756430856635,-0.00932151225771655,1.4857769382254,0.138124515833195,0.201445920187773,0.79193746554805
cg02902395,chr1,167189429,POU2F1,Island,0.0684091113304077,0.00313344608024939,1.48576012948827,0.138128961863807,0.20145086239563,0.791941799436739
cg07710450,chr16,911786,LMF1,S_Shelf,0.0338513503964312,0.000701261427895172,1.48543390583103,0.138215272268406,0.201546798186742,0.791979498712779
cg01017197,chr10,102046482,BLOC1S2,Island,0.03877892844653,0.00359161287705444,1.48533484046853,0.138241490675704,0.201575937903629,0.791979498712779
cg24553691,chr21,47706090,MCM3AP,Island,-0.0696328052320007,-0.00284629214999779,-1.57979640803689,0.114942590440753,0.201578430028821,0.791979498712779
cg08666152,chr16,1001653,LMF1,OpenSea,-0.0549515304870328,-0.00774151340970608,-1.57641296312076,0.115719857187075,0.202575512133174,0.792825987249707
cg22346429,chr12,132504721,EP400,OpenSea,-0.0770417332000996,-0.00633546543392605,-1.5761267757463,0.115785791773599,0.202660014472201,0.792867838953765
cg01005536,chr16,532596,RAB11FIP3,Island,0.0352002879433292,0.000776125892235524,1.48068737971832,0.139475805259192,0.202946426478466,0.793121894236306
cg26134737,chr10,528141,DIP2C,N_Shelf,-0.0511609155046,-0.0084366629114776,-1.57467847205845,0.116119920523946,0.203088047897366,0.793252816667433
cg10041950,chr10,557936,DIP2C,OpenSea,-0.0789295275918663,-0.0121887777576015,-1.57438766160642,0.116187103116654,0.203174073684202,0.793252816667433
cg26876001,chr16,88951664,CBFA2T3,Island,-0.0692138095158774,-0.00677564319168056,-1.5732735180799,0.116444774633689,0.203503898448724,0.793445849181001
cg24768093,chr17,48228034,PPP1R9B,Island,0.0318014261116632,0.00809225450036841,1.47870142025895,0.140005843960601,0.20353413070066,0.793454372806009
cg07601804,chr1,9023134,CA6,OpenSea,0.0766247795727913,-0.0121059654343975,1.47805480368656,0.140178756690033,0.203725750807104,0.793558818980436
cg07044458,chr7,4751984,FOXK1,OpenSea,0.0363844844150918,0.00329436160798058,1.47776932481088,0.140255149485923,0.203810392160934,0.793662943146669
cg16073467,chr6,29586772,GABBR1,OpenSea,0.0494736897737564,0.0160493946991659,1.47742720450731,0.140346741598385,0.203911860787569,0.793670284766727
cg17786661,chr10,686080,DIP2C,Island,-0.215858285648397,-0.0124266708493312,-1.57139227969404,0.11688087717447,0.204061694084837,0.793747280166086
cg04013166,chr16,89971882,TCF25,OpenSea,0.0317864625856754,0.000622064226716845,1.47673908059601,0.140531105298802,0.204116061105922,0.793774669930046
cg03369196,chr3,9771984,BRPF1,N_Shore,0.0491879592591261,-0.00973140220586999,1.47506576449472,0.140980203903036,0.20461323728455,0.794118753459902
cg19586159,chr7,116502625,CAPZA2,Island,0.147425467268368,0.00583012137410425,1.47412598720465,0.141232914393507,0.204892850129815,0.794381307845117
cg25828963,chr13,49672483,FNDC3A,OpenSea,-0.0504727088699349,-0.0304711029179321,-1.56788764874142,0.117696741471229,0.205103798070124,0.794571334129302
cg02741744,chr12,100594734,ACTR6,Island,0.0367214140417238,0.00829781465875714,1.47299959217986,0.141536267534772,0.205228353470117,0.794676651281459
cg09921719,chr17,80390068,HEXDC,N_Shelf,0.0354295259855444,0.0076660137669099,1.47175659919594,0.141871605023582,0.205599049479096,0.794805443189257
cg14564722,chr3,71251601,FOXP1,OpenSea,-0.0439753303462983,-0.0101375454814483,-1.56559999843576,0.118231712648622,0.205786115866881,0.794948006145002
cg18335243,chr1,186649519,PTGS2,Island,0.109848881972637,0.00605943299579804,1.47054721075354,0.142198464235845,0.205960190424213,0.795043525842267
cg16860392,chr6,112005207,FYN,OpenSea,-0.0703959451583588,-0.0162042196772546,-1.56436151699358,0.118522131496652,0.206156194447328,0.795145503143532
cg23416307,chr4,858299,GAK,OpenSea,0.0386376590919753,0.00137852254576132,1.46874751734409,0.142685938269548,0.206498457758773,0.795498050871822
cg23871697,chr7,4801993,FOXK1,Island,0.0415463465505945,0.00304382072452525,1.46586692932174,0.143468867234966,0.207362132702036,0.796022373700769
cg06334495,chr16,1020046,LMF1,N_Shore,0.0503120139610966,0.00302173468079686,1.46580253183891,0.143486407862028,0.20738147064173,0.796026698303529
cg27150476,chr4,1844878,LETM1,S_Shore,0.0279957628823825,-0.00148433239335277,1.46574736284312,0.143501436141083,0.207398038396816,0.796026698303529
cg04044936,chr10,731292,DIP2C,N_Shelf,-0.0371468971938378,-0.00757203257186923,-1.56015979273999,0.119511604128833,0.207415340108131,0.796026698303529
cg21054248,chr15,75664343,SIN3A,S_Shelf,-0.0595920068406829,-0.0136002741299907,-1.55952946470217,0.119660600104125,0.207604713021778,0.796152212859182
cg01402068,chr16,930028,LMF1,S_Shore,-0.0525404633002436,0.000499047517419138,-1.55872795656475,0.119850270262142,0.207845695606762,0.796320660364113
cg03033106,chr11,71789887,NUMA1,N_Shore,-0.0327857834710764,-0.00473491024154538,-1.55851137639838,0.119901562676645,0.207910847711535,0.796346080193828
cg01123787,chr16,89001986,CBFA2T3,S_Shore,0.0256590133714461,0.0090670017769352,1.46268893279694,0.144336463291917,0.208318015792617,0.796449115768109
cg24195686,chr21,47705639,MCM3AP,Island,0.0397466222074045,0.00880648435379598,1.46172360714066,0.144600795799601,0.208608999577443,0.796644811226096
cg10850838,chr10,72201600,NODAL,S_Shore,0.0308050409942294,-0.00740118190121097,1.46164936221389,0.144621141496912,0.208631391855386,0.796653640153426
cg14824536,chr2,170885572,UBR3,OpenSea,-0.0473544488393145,-0.00679526058108892,-1.55589979646222,0.120521419415904,0.208697635013858,0.796730933716343
cg23138608,chr14,91770145,CCDC88C,Island,-0.0794245237644755,-0.00276407457190142,-1.55570821136614,0.120566990950149,0.208755438443066,0.796756685988354
cg18450555,chr12,133066067,FBRSL1,Island,0.0623137619045051,0.00537350980302429,1.46108254265516,0.14477654238933,0.20880240211256,0.796756685988354
cg10178917,chr14,99665210,BCL11B,OpenSea,0.031254467939939,0.0259918263923044,1.46008165608423,0.145051261900865,0.209104618987372,0.796839834145535
cg14072016,chr10,384652,DIP2C,N_Shelf,0.0652304566939832,0.00968601292956639,1.45864675079057,0.145445808178579,0.209538440063161,0.797182610871619
cg08640361,chr6,134494620,SGK1,N_Shore,0.0337275476668934,0.0103308023764618,1.45836416989317,0.145523604677649,0.209623950719268,0.797243124693525
cg05043389,chr6,32978516,HLA-DOA,S_Shelf,-0.0553526637260591,-0.0202916411416139,-1.55278614033765,0.121263730723312,0.209638499209552,0.797243124693525
cg04094067,chr16,570658,RAB11FIP3,OpenSea,0.0310146093406764,0.00535771294426379,1.45820579980401,0.145567219053951,0.209671885495496,0.797243124693525
cg10552592,chr16,87743108,KLHDC4,Island,0.0300406902721936,0.0058311712786836,1.45749370630313,0.145763450393585,0.209887516962966,0.797402785260706
cg25986727,chr11,71723428,NUMA1,OpenSea,0.0313640720217004,0.00532914954908303,1.45719047547694,0.145847073279882,0.209979388046693,0.797413759200828
cg12798338,chr17,76128683,TMC8,S_Shore,-0.0539418131191859,0.00232686288217806,-1.551528029897,0.121564686959619,0.210019536724005,0.797446322971741
cg03685556,chr12,133146337,FBRSL1,N_Shore,0.0267781326166812,0.0108436298009029,1.45643106327429,0.146056660437724,0.210209597999168,0.797579344942364
cg07236840,chr10,734710,DIP2C,Island,0.0362502073476802,0.000226741092877486,1.45592246073341,0.146197156948635,0.210363879035884,0.797725759278425
cg04292889,chr6,30552133,ABCF1,OpenSea,0.0279897852436955,0.00101271717359253,1.45571553053524,0.146254349106254,0.210426673314689,0.797796472815196
cg15503799,chr1,156737481,PRCC,Island,-0.0306336295949584,0.00182875277526917,-1.54939904606856,0.122075302492973,0.210665472735555,0.797915529599811
cg05133721,chr3,47887678,DHX30,N_Shore,-0.0442213167444477,-0.00920480236793153,-1.54928627896211,0.122102395414213,0.210699726433288,0.797921022703374
cg26940226,chr16,87749527,KLHDC4,OpenSea,-0.0331515461304698,-0.00795744797902853,-1.54846160986075,0.122300670150689,0.210950347190419,0.798159334188866
cg03601549,chr16,78627941,WWOX,OpenSea,0.0700625170964588,-0.0137398896762021,1.45352453631199,0.146860959112823,0.211092376597705,0.798267937208085
cg24693436,chr7,3033636,CARD11,OpenSea,-0.0646026354764681,-0.0142632260289681,-1.54787122820863,0.122442770345238,0.21112989928783,0.798267937208085
cg00446595,chr16,28331871,SBK1,Island,-0.0668485971520171,-0.0139783554315589,-1.54761156472764,0.122505310280526,0.211208905429181,0.798267937208085
cg19100996,chr12,133138586,FBRSL1,N_Shore,0.026567155116033,0.00833913134609321,1.45314072560626,0.146967421454593,0.211209148763401,0.798267937208085
cg03318469,chr1,3710303,LRRC47,N_Shelf,-0.0487172088417194,-0.0451563900725244,-1.54744354158285,0.122545791994629,0.211260040144376,0.798278749749272
cg04454872,chr16,968682,LMF1,S_Shore,-0.0673687558435388,-0.00737591477233246,-1.54697414943308,0.122658937953254,0.211402938336314,0.798404061050797
cg10946510,chr14,91818564,CCDC88C,OpenSea,-0.0405647096358289,0.0137036322996643,-1.54492816336823,0.123153075473663,0.21202661898471,0.798693762927337
cg01877352,chr11,60775233,CD6,Island,0.0336903122364665,-0.0380386678157564,1.44993771624408,0.147858191246893,0.212185467417788,0.798791773077473
cg27304573,chr12,120967456,COQ5,S_Shore,0.0707186665546103,0.0102247615153796,1.44905400331578,0.148104682766263,0.212455407537157,0.799089643108121
cg09624525,chr13,49549887,FNDC3A,Island,0.0206119568294308,0.0011557690281358,1.44797169124759,0.148406998115309,0.212786349832226,0.799193654941857
cg08047086,chr16,89044646,CBFA2T3,OpenSea,0.0299112050794254,-0.0336203862462804,1.44732381750793,0.148588190786683,0.212984630439964,0.799287333269824
cg08695830,chr7,73703459,CLIP2,Island,0.0440336695503538,0.00387740234593391,1.44698847843338,0.148682042582986,0.213087312743557,0.799381518696647
cg01031100,chr19,16644066,CHERP,S_Shore,-0.0689976638021765,-0.00263806472623951,-1.54142172853929,0.124003561142401,0.213098579987731,0.799385442285658
cg02077420,chr17,73513132,TSEN54,Island,-0.0407665042277014,0.00092370640036013,-1.54112209630702,0.124076449758775,0.213190362429384,0.799407942856035
cg25594100,chr7,4786943,FOXK1,Island,0.0877905214845353,0.00184052463146522,1.44512001012833,0.149205805354249,0.213660100322214,0.799806540362009
cg00925087,chr2,48962273,LHCGR,OpenSea,0.0733285154702176,-0.0116628932034755,1.44301429704808,0.149797764583869,0.214306946902369,0.800230123000207
cg21684676,chr7,4762070,FOXK1,N_Shelf,0.0400436436910302,0.00478683213786624,1.44225004203158,0.150013056591707,0.214542064639526,0.80035115126429
cg21003878,chr14,24872323,NYNRIN,S_Shelf,-0.0388749703901676,0.0141323435306194,-1.53646613493033,0.125213376963966,0.214620230688163,0.80035115126429
cg02928278,chr6,29574918,GABBR1,OpenSea,-0.0296685863879652,0.0141602588735248,-1.53552419161391,0.125444375927683,0.214910344939056,0.800521426623688
cg19203115,chr18,29263741,B4GALT6,N_Shore,-0.0384179178017288,-0.0354583277086813,-1.53460662052847,0.125669718330832,0.215193224324586,0.800659802733902
cg18442019,chr10,532409,DIP2C,S_Shore,0.0335721522517758,-0.00219473884743659,1.439371224279,0.150826151796033,0.215429382475978,0.800724216583128
cg14516704,chr1,25559564,SYF2,S_Shore,0.0499187422656027,0.0200930883820952,1.43935559682171,0.15083057480783,0.215434206421688,0.800724216583128
cg20107733,chr16,2816368,SRRM2,Island,-0.0734651637818009,-0.0243233067119033,-1.5329027167763,0.126089012509649,0.215719234913102,0.800883083358907
cg00091589,chr16,87753704,KLHDC4,N_Shore,-0.0545403649144564,-0.00607478637077286,-1.5319199622197,0.12633134419178,0.216023040945083,0.801059411708948
cg27217194,chr6,29600139,GABBR1,N_Shore,-0.026748390722427,-0.00470984597784684,-1.53171243694797,0.126382563154023,0.216087234112422,0.80113156401172
cg10515131,chr14,99708008,BCL11B,N_Shelf,-0.0719329229776588,0.020491320852301,-1.53135329899922,0.126471239732064,0.216198357621004,0.801237820377967
cg05411186,chr3,47890988,DHX30,N_Shore,0.0229470633296778,-0.00195672138642544,1.43660357474228,0.151611023153649,0.216284925430529,0.801385121854446
cg02997585,chr16,79030864,WWOX,OpenSea,-0.0496860586139992,-0.0073588810861398,-1.53105471271574,0.126545002204388,0.216290776710401,0.801392405095049
cg07688604,chr12,133065928,FBRSL1,Island,0.055053509647722,0.00501965133971697,1.43640815666479,0.151666559113623,0.216345425885016,0.801394012926633
cg19377754,chr3,71633994,FOXP1,S_Shore,0.0424474694855549,0.00786431108454443,1.43610080623848,0.151753936644932,0.216440604677495,0.801411717423385
cg18478905,chr12,132530603,EP400,OpenSea,-0.0477861060626694,-0.00803156617443246,-1.53048925257928,0.126684785058908,0.216465877108301,0.801411717423385
cg19592829,chr20,57426215,GNAS,N_Shore,0.0210985486746696,0.00149687851813685,1.43591308817709,0.151807322473878,0.216498751121405,0.801420092247384
cg26846592,chr6,112195163,FYN,S_Shore,0.0342370856716439,0.00444211216909809,1.43557565919667,0.151903321232817,0.216603299406878,0.801420092247384
cg11647481,chr7,4781704,FOXK1,N_Shelf,-0.0633346913052228,0.000150640505352961,-1.53001395206569,0.126802373581414,0.216613137580302,0.801420092247384
cg13291004,chr3,47844187,DHX30,Island,0.0627544896505433,0.00480221694226748,1.43390480424456,0.152379364352661,0.217121529004695,0.801805480562618
cg03190661,chr17,76126702,TMC8,N_Shore,-0.0335009685089413,0.000985634414689046,-1.52673031718688,0.127617070188304,0.217632462963133,0.802095780887336
cg08825816,chr14,58666796,ACTR10,Island,-0.0288971452286828,-0.000684204066183677,-1.52605162606737,0.127785967520446,0.217843575673128,0.802189844887479
cg05408403,chr6,32978271,HLA-DOA,S_Shelf,-0.0496406758157798,-0.0121356194370477,-1.52532052800081,0.127968101882429,0.218071154680108,0.802403185758824
cg14211055,chr21,47704251,MCM3AP,N_Shore,0.0601142825109251,-0.00525278085755776,1.43055138546721,0.153338224658004,0.218164309862107,0.802462741089988
cg21078322,chr6,134491163,SGK1,OpenSea,0.0577047937572809,-0.0108641495838757,1.43047934177211,0.153358874904384,0.21818675203254,0.802462741089988
cg02933969,chr8,12612811,LONRF1,Island,-0.0481363436617491,0.00168509390015989,-1.52489811248127,0.128073428209001,0.218202723663721,0.802462741089988
cg07332880,chr11,71790279,NUMA1,N_Shore,-0.0615614427806092,-0.00895930260995637,-1.52444393366095,0.128186749955421,0.218344249535624,0.802625715065529
cg01427436,chr4,174240175,GALNT7,OpenSea,0.049684802265865,0.0129091339459941,1.42850591263493,0.153925354645542,0.218802135812826,0.803108753121827
cg17293868,chr10,671007,DIP2C,S_Shore,-0.0714076757367006,-0.0126513270728303,-1.52282235217861,0.128591987769995,0.218850085851689,0.803152440671858
cg20183308,chr3,47844321,DHX30,Island,-0.0789870147596653,0.00209450018905733,-1.52274740695426,0.128610740927254,0.21887348460595,0.803152440671858
cg14683699,chr6,112194443,FYN,Island,0.057085899739511,0.00371024622611157,1.42796212011182,0.154081732416445,0.218971928104225,0.803186390520994
cg03127104,chr6,29599250,GABBR1,N_Shore,0.0512664390138971,-0.00231931857308854,1.42754236421755,0.154202523978615,0.219103056234242,0.803281647811484
cg21739530,chr4,174186068,GALNT7,OpenSea,0.036638475448249,-0.0103392434267417,1.42744294091517,0.154231145222785,0.219134123476432,0.803296946836016
cg26210255,chr12,100594894,ACTR6,S_Shore,0.0352241272482196,0.00850906581381623,1.42721839382935,0.154295801084907,0.21920430034359,0.803326906773965
cg13881790,chr7,69636611,AUTS2,OpenSea,-0.0338142595963462,0.0117104575932798,-1.52103881824813,0.129038851240831,0.219407412993164,0.803371558885743
cg01333824,chr16,89949981,TCF25,S_Shelf,0.0301258275336506,0.0082262106127573,1.42624022036296,0.154577696565727,0.219510193521361,0.803412528136265
cg04609959,chr16,88980609,CBFA2T3,OpenSea,-0.043527223510414,-0.00500352912329549,-1.5200291117372,0.129292368931276,0.219723382199806,0.803548968426099
cg13048008,chr11,71725340,NUMA1,OpenSea,0.017993793885112,-0.0390375700209973,1.42459383239002,0.155053048328949,0.220025741569138,0.803687820481519
cg03141298,chr8,133772657,TMEM71,OpenSea,0.0436823091758919,0.00890163514085444,1.42442353119262,0.155102281892273,0.220079119030347,0.803749602524274
cg10872057,chr10,465460,DIP2C,N_Shore,-0.0435302779915848,-0.00754209903341674,-1.51866709911727,0.129634958793623,0.220150116344676,0.803753534323655
cg12412364,chr12,133657810,ZNF140,Island,0.0397968962123731,0.00559124243232839,1.42393269615774,0.155244247481077,0.220233013305527,0.803761122569098
cg10246473,chr16,70286346,AARS,S_Shore,-0.0402218530062272,-0.00374979445616808,-1.51810366729411,0.129776886667933,0.220326819729951,0.803811626238711
cg00520933,chr10,31607160,ZEB1,N_Shore,0.0340027059857394,0.00269361175741559,1.4230911423443,0.155487882850771,0.220497050034354,0.803847828670319
cg11021321,chr20,57471660,GNAS,S_Shelf,0.0517384828867219,-0.00477414160245693,1.42273628045334,0.155590704982417,0.220608455647666,0.803958185751416
cg10475014,chr7,100484435,SRRT,Island,0.0527047638440088,0.000256983588238446,1.42224908700434,0.155731954886782,0.220761471273894,0.804012757419904
cg08173834,chr16,78618712,WWOX,OpenSea,-0.204192790211041,-0.0308527754978326,-1.5165067687871,0.130179801658022,0.220828191477154,0.804098288861374
cg05419581,chr6,155464121,TIAM2,OpenSea,0.0593672324658554,0.00819124294484873,1.42070736330508,0.15617958388165,0.221246190641096,0.80431241941248
cg25130710,chr12,133159752,FBRSL1,Island,-0.0883347702629854,-0.00612708839139242,-1.51493105559555,0.130578325832498,0.221323713053586,0.804326376558532
cg15649193,chr19,14640403,TECR,Island,-0.05021322872251,0.00114904206948003,-1.51349479671429,0.130942406721591,0.221776073568781,0.804501583362118
cg22833809,chr17,76129984,TMC8,S_Shore,0.0302042901976614,0.0111806020901731,1.4188120547844,0.156731215543938,0.221843122069903,0.804604545619567
cg21116871,chr3,47845138,DHX30,Island,-0.0305204126176878,0.00244081229893854,-1.5106184559371,0.131673913083532,0.222683989321732,0.805037101743184
cg12657283,chr6,112195199,FYN,S_Shore,-0.0380055908071488,0.000541686761434214,-1.50996557706416,0.131840394060791,0.222890440230526,0.805148433030456
cg10936057,chr10,708425,DIP2C,N_Shelf,-0.0580725627336275,-0.010616538067395,-1.50898614442359,0.132090451666519,0.223200409578258,0.805294405951237
cg02028562,chr15,75748410,SIN3A,Island,0.0614008545201305,0.00458385853552286,1.4133919427428,0.158316929206627,0.223556562724401,0.805440045314064
cg26393837,chr11,117099918,PCSK7,N_Shelf,-0.0355598807901016,-0.00828603459837496,-1.50761138359985,0.132442061954205,0.223636011882356,0.805485168251964
cg05223100,chr2,48983679,LHCGR,S_Shore,-0.0556994707537473,-0.00305217632611632,-1.50686319592153,0.132633724750421,0.2238733355661,0.805612151977404
cg21194911,chr19,44716733,ZNF227,Island,0.0381150497218596,0.0175811324072028,1.41232760352132,0.158629740776941,0.223894137402153,0.805612151977404
cg11192877,chr12,125287607,SCARB1,OpenSea,0.0723635925470998,0.000538191525519927,1.4116499521711,0.158829148508572,0.22410925675944,0.805774415034212
cg08128925,chr19,11141458,SMARCA4,N_Shelf,0.0497053699346844,0.000539143487475191,1.41108581269826,0.158995299100771,0.224288454626326,0.805864202709184
cg05409818,chr16,982386,LMF1,S_Shelf,0.0713903115543039,-0.00333362987964492,1.41072083495981,0.159102862812646,0.224404443686534,0.805936561070103
cg06119923,chr6,155577805,TIAM2,OpenSea,-0.043899151783034,-0.00850169880252349,-1.50482580300509,0.133156735420575,0.224520505404992,0.806003008197357
cg17536039,chr12,133154674,FBRSL1,OpenSea,-0.0710318635111754,-0.0224055270673796,-1.50346011951912,0.133508210400028,0.224955057176363,0.806369479159432
cg27605208,chr3,169493411,MYNN,S_Shelf,-0.041224224703922,-0.0132668388180068,-1.50280955244161,0.133675894804536,0.225162274616356,0.806450817305008
cg23836163,chr2,157393600,GPD2,OpenSea,0.0293868984745736,0.00984389479567893,1.40817700209972,0.159854099222333,0.225214058554144,0.806450817305008
cg02016178,chr16,3628416,NLRC3,OpenSea,0.0467458098089524,0.0095918344736996,1.40781998418354,0.159959747678371,0.225327851856402,0.806528316654962
cg08732950,chr16,89023389,CBFA2T3,OpenSea,0.0401970166230949,0.0139230047503341,1.40734093270719,0.16010159145622,0.225480605753402,0.806642089016247
cg06231385,chr7,4743056,FOXK1,OpenSea,0.0560621199552775,0.00446059356371897,1.40723010439423,0.16013442053267,0.225515955818567,0.806669623541099
cg08201238,chr16,560855,RAB11FIP3,N_Shore,-0.0338355209483016,-0.00842623302226397,-1.50040789758509,0.134296340741679,0.22592842588811,0.806879682394769
cg01534217,chr3,71632920,FOXP1,Island,0.05276487432111,0.010635991149211,1.40444422327213,0.160961321034266,0.22640584739215,0.807139387279342
cg25320443,chr19,56185417,U2AF2,N_Shore,0.0274383013171908,0.00302914568343793,1.40442552219277,0.160966882776764,0.226411829514847,0.807139387279342
cg13075279,chr12,125333267,SCARB1,OpenSea,-0.0399472444457184,-0.00945545798191871,-1.49849738767172,0.134791498161963,0.22653922463306,0.807191736404971
cg05768620,chr11,71752971,NUMA1,OpenSea,0.0312255056857594,-0.0190540531107737,1.40378932500432,0.161156176047631,0.226615404176561,0.807191736404971
cg09878267,chr16,925829,LMF1,S_Shore,0.0250950612481002,0.0123613498900181,1.40325047366403,0.161316637133581,0.226787931558621,0.807191736404971
cg02527886,chr7,2968316,CARD11,Island,0.0765112583144961,-0.00212234477837892,1.40188071540492,0.161725073878639,0.227226917250635,0.807461173429723
cg03585389,chr10,671628,DIP2C,S_Shelf,-0.0594029806911878,-0.0117128286776712,-1.49607045529203,0.135422540676495,0.227316823421369,0.807519662214327
cg27613860,chr2,30369571,YPEL5,Island,0.0456175208836251,0.0106572005704751,1.40098679132418,0.161992047897983,0.227513732158299,0.807604042747947
cg23119433,chr14,91795071,CCDC88C,OpenSea,-0.0521520597262925,-0.00308225689826225,-1.49496062877714,0.135711876115771,0.227673049551295,0.80772492715244
cg07000713,chr12,62463441,FAM19A2,OpenSea,-0.051082956603852,0.0256723639558587,-1.49476098240115,0.135763975404023,0.227737173165067,0.80773250258617
cg03120102,chr16,78991723,WWOX,OpenSea,-0.0479289736365381,-0.00623506091195702,-1.49401561632997,0.135958621527302,0.227976688001017,0.807795592423649
cg06592860,chr16,88969627,CBFA2T3,N_Shore,0.0301208600145814,0.0143609412613911,1.39874958284743,0.162661662543677,0.228232669651216,0.807985129886377
cg02057501,chr4,898773,GAK,N_Shore,-0.0358279244708855,-0.00798040735532901,-1.49282961177736,0.136268782485558,0.22835816683879,0.808058507169948
cg21652192,chr6,29571483,GABBR1,OpenSea,-0.0339112991673607,-0.00268784640328801,-1.49073239392728,0.13681858317724,0.229033850133372,0.808347198450508
cg08093277,chr6,29595299,GABBR1,Island,0.0291687801040632,0.00317992064733569,1.39529017178527,0.163701215346498,0.229347550970843,0.808625922249446
cg18172084,chr5,137591026,GFRA3,N_Shelf,-0.0448383731125689,-0.0247574229488772,-1.48846523237778,0.137414866523917,0.229765885383756,0.808844637514689
cg13777668,chr14,69351311,ACTN1,OpenSea,0.0263160132703342,0.000100478953104388,1.39343379849276,0.164261123525655,0.229947408707082,0.80891058298917
cg17901955,chr3,47844311,DHX30,Island,0.081270080362834,0.00490436598151135,1.39229045444522,0.164606691944316,0.230317417096198,0.809146730324286
cg19536652,chr3,71113568,FOXP1,N_Shore,0.0586935741716901,0.00243483803123929,1.39053742195343,0.165137601616727,0.230885554276373,0.809458375231134
cg07611575,chr16,3593230,NLRC3,OpenSea,-0.0314603510863033,-0.0032164543757206,-1.48488418945007,0.138360807475405,0.230925542719448,0.809522886149426
cg22601421,chr4,40632299,RBM47,Island,0.0398244872231724,-0.00881704883905334,1.38997699225599,0.165307601587601,0.231067392846409,0.809564293394992
cg18074403,chr10,405362,DIP2C,N_Shelf,-0.0536244240975618,-0.00433727082897595,-1.48423120652813,0.138533836055944,0.231137447221676,0.809564293394992
cg01059669,chr6,134496004,SGK1,Island,-0.0560722629604929,0.00123753471223864,-1.48402609200498,0.138588222189165,0.231204039014978,0.809564293394992
cg06862692,chr16,57023236,NLRC5,Island,-0.0505875208801866,0.00149756898042096,-1.48286464349867,0.13889649182711,0.231581368088694,0.80974923345131
cg03319323,chr16,475643,RAB11FIP3,Island,0.109560901819145,0.00498207655662069,1.38829640320153,0.165818181805935,0.231613291413532,0.809772734217639
cg03970086,chr16,88974840,CBFA2T3,N_Shore,0.0344892569903664,0.00448288365234062,1.38825228040962,0.165831602787658,0.231627635959772,0.809773881317923
cg19270505,chr1,25256705,RUNX3,Island,0.0537831168959689,0.00272982811796123,1.38797639381481,0.165915538763195,0.23171734241388,0.809814028542849
cg19179572,chr17,80377872,HEXDC,S_Shore,-0.0469133998080452,0.00879720313974597,-1.48241820697582,0.139015125163425,0.231726521790263,0.809814028542849
cg20284773,chr1,156736924,PRCC,N_Shore,0.03702052046077,0.00911640109669545,1.38784498039094,0.165955531373568,0.231760081080107,0.809828942510807
cg05032348,chr11,71715168,NUMA1,OpenSea,0.0300874737282095,0.00438400250294713,1.38764755968575,0.166015625439788,0.231824297351628,0.809877612762762
cg04254167,chr16,78640531,WWOX,OpenSea,-0.0429896453954986,-0.0176626872444796,-1.48196400655082,0.139135901991389,0.231874266122873,0.809931297034042
cg01752189,chr16,971820,LMF1,Island,-0.049725524233243,-0.00973601167989835,-1.48178363158635,0.139183888146104,0.231932957842738,0.809950047379903
cg04967687,chr20,525291,CSNK2A1,S_Shore,-0.0689864740198672,-0.0308214166376894,-1.48103115550119,0.139384211528467,0.232177917767589,0.810097112429371
cg02115397,chr6,32975850,HLA-DOA,Island,-0.044900147134756,-0.0044477796479464,-1.48093364326235,0.1394101874304,0.232209675189736,0.810107101316548
cg26227975,chr3,9773404,BRPF1,Island,-0.0543372597601504,0.00106150965074174,-1.48033849967274,0.139568806479626,0.232403566166136,0.810217373839017
cg24705380,chr12,69968957,FRS2,OpenSea,-0.0560577961226952,-0.0242731573804128,-1.48007982519997,0.139637792455688,0.232487875161917,0.810217373839017
cg04617914,chr6,41512853,FOXP4,N_Shore,0.0226408596816683,0.00355219388288552,1.38560548754029,0.166638188119148,0.232489276237435,0.810217373839017
cg13717333,chr12,122459966,BCL7A,OpenSea,0.0456142641075627,0.00347821428651472,1.3849650490825,0.166833799812887,0.232698106695881,0.81039914865901
cg15076328,chr12,125329750,SCARB1,OpenSea,0.0633663164360729,-0.0020506049738982,1.38483030167724,0.166874978304554,0.232742061288844,0.81039914865901
cg23926006,chr7,100480496,SRRT,N_Shelf,-0.0391009581387297,-0.00157053532185591,-1.47897168983277,0.139933619590699,0.232849292027778,0.81041080928081
cg10106935,chr7,4762236,FOXK1,N_Shelf,0.0504446721383493,-0.00280145476962612,1.38433657338932,0.167025926034225,0.232903165747714,0.810432633894154
cg07983888,chr6,30541585,ABCF1,S_Shelf,0.0243178812625726,0.00875100771202908,1.38352599876311,0.167273966621818,0.233167829264909,0.810631988985411
cg03041532,chr11,71711021,IL18BP,OpenSea,-0.0343515575759003,0.00123236998349729,-1.47798147715463,0.140198375455866,0.233172585606078,0.810636005603503
cg18039933,chr12,133132641,FBRSL1,S_Shore,-0.0446568067022362,-0.0038522456372615,-1.47747659736256,0.140333515340096,0.233337545793943,0.810739136741211
cg18804229,chr3,71008277,FOXP1,OpenSea,-0.0496271530623561,-0.0198973745119097,-1.4771267940904,0.140427205251641,0.233451886097594,0.810794892626019
cg04189647,chr16,963917,LMF1,S_Shore,-0.0428687657462996,-0.00669194211563806,-1.47671158594922,0.140538475608412,0.233587656863824,0.810827293387126
cg12716083,chr6,30559087,ABCF1,OpenSea,0.0274708625001861,-0.0135166933694815,1.38127800388425,0.167963319665043,0.233902945610168,0.810997188290295
cg11222527,chr1,226926964,ITPKB,S_Shore,0.042373559923641,0.00545707078346724,1.38111847000641,0.168012322361152,0.233955177099586,0.811046740410079
cg02756281,chr16,2812333,SRRM2,Island,-0.0353442426838965,-0.00295340429481583,-1.47546134555313,0.140873934715378,0.233996816569576,0.811091735927885
cg08299299,chr12,132546772,EP400,OpenSea,0.0401497747047545,0.00208140425010461,1.38031417360422,0.168259535508257,0.234218630114382,0.811216321023994
cg17884766,chr12,50641260,LIMA1,OpenSea,-0.0350746277898267,0.0153808111053045,-1.47374265006668,0.141336095823686,0.234560113752968,0.811533358126263
cg07792858,chr4,882175,GAK,S_Shelf,0.0495579634687645,0.00125586955372936,1.37816762660812,0.168920652261328,0.234922775730428,0.811718459616016
cg14630099,chr6,32975702,HLA-DOA,Island,0.0310248643421991,0.000881746987007048,1.37801709423817,0.168967088146833,0.234972212014925,0.811718459616016
cg16214492,chr17,76128676,TMC8,S_Shore,0.0649464399196243,0.00771609455614333,1.37748860247729,0.169130192208655,0.235145832137807,0.811718459616016
cg11967888,chr18,59561221,RNF152,Island,-0.0387425401550538,-0.000622826506330027,-1.47182532061486,0.14185304921879,0.235189645209471,0.811718459616016
cg12404313,chr10,534852,DIP2C,S_Shelf,-0.0282992750983832,0.000852857069785107,-1.47180014309893,0.141859847305193,0.235197919884442,0.811718459616016
cg17919186,chr14,91883555,CCDC88C,Island,0.0415469624452863,0.00288985312897439,1.37639450739497,0.169468230462582,0.235505552846294,0.81182805178524
cg16086579,chr12,132562626,EP400,OpenSea,-0.0602565640892821,-0.0226702817058231,-1.47065178871396,0.142170177234816,0.235575549482059,0.811838561590792
cg19549314,chr19,11148273,SMARCA4,N_Shelf,-0.0682426915928883,-0.0232670942106414,-1.47044518312683,0.142226065584769,0.23564353603201,0.811883488223981
cg24149151,chr10,31607717,ZEB1,Island,0.0465193190475378,0.00351423072205073,1.37546604559092,0.169755492341962,0.23581112134551,0.811930734125157
cg08091561,chr20,57426425,GNAS,N_Shore,0.0564093521427863,0.0110152680761971,1.37533117505507,0.169797251137246,0.235855532263628,0.811930734125157
cg18676803,chr3,169490697,MYNN,N_Shore,0.0374126107006417,0.00794058332794835,1.3745143555172,0.170050321077881,0.236124625572011,0.811994223069836
cg12525330,chr10,686762,DIP2C,S_Shore,-0.066560885943092,-0.00278404088803097,-1.46829162490355,0.142809627750722,0.236353022119152,0.81213439597801
cg13420662,chr1,65432742,JAK1,S_Shore,0.030516638058074,-0.00623289579449879,1.373694026466,0.170304763839857,0.23639509353642,0.812170100183059
cg10246881,chr20,60740550,SS18L1,Island,0.0410694724492765,0.00290299114516024,1.37349747805945,0.170365770074422,0.236459929378139,0.812219615524011
cg09083178,chr16,1016463,LMF1,S_Shore,-0.075741204146369,-0.0208540174246372,-1.4671680912377,0.143114809504775,0.236723767409148,0.812442628570398
cg06287775,chr7,4784174,FOXK1,N_Shore,0.16907223440038,0.0221202458329729,1.37195077169659,0.170846422634091,0.236970583521577,0.812540760378409
cg04248461,chr10,466737,DIP2C,S_Shore,-0.047019934133294,-0.0117157650784121,-1.4661023598361,0.143404754573334,0.237075818778178,0.812650129548253
cg02895725,chr20,523100,CSNK2A1,N_Shore,0.0279382398729357,0.000841617764424485,1.37119412938656,0.171081926899407,0.237220677107988,0.812735144592116
cg14705778,chr4,174254825,HMGB2,Island,0.0404527502932445,0.0197309032609396,1.36968679462202,0.171551810657717,0.237719453389573,0.813011962254967
cg04809274,chr6,32977254,HLA-DOA,S_Shore,0.0375915417753392,0.00537078225551091,1.36776683330296,0.172151726435944,0.238355839561014,0.81326331043805
cg05617027,chr4,40437086,RBM47,N_Shelf,-0.0382012163514997,-0.00820748922288084,-1.46207004888916,0.144505887791023,0.238411191375185,0.81326331043805
cg21464278,chr3,122283593,PARP9,Island,0.0307222089114274,0.00744935539312037,1.36753568288164,0.172224058381144,0.238432537203349,0.81326331043805
cg04524770,chr16,946408,LMF1,Island,-0.0311265755391877,-0.00657901583387976,-1.46151074371674,0.14465913368899,0.238596833842821,0.813386773449534
cg22051370,chr7,4804431,FOXK1,S_Shore,-0.0341441387576156,-0.0396575790467203,-1.46131373226466,0.144713143275655,0.238662249432283,0.813420104066079
cg24906420,chr12,133133512,FBRSL1,N_Shore,0.0268201663733088,-0.015688254026614,1.36599213796119,0.17270765194047,0.23894514487296,0.813609451909233
cg02855360,chr5,102595549,C5orf30,Island,0.0361020743267051,0.00587331864731787,1.36487810207464,0.173057312830803,0.239315596360396,0.813862044585363
cg01484266,chr3,47891289,DHX30,Island,0.0306679771017222,0.00120645921289397,1.36416195061412,0.173282370623376,0.239553952723687,0.814017017583831
cg07636142,chr7,69292759,AUTS2,OpenSea,0.0346749492383821,-0.0412831219691982,1.36414597572281,0.173287393395945,0.239559271547473,0.814026320014172
cg22164577,chr2,170685661,UBR3,S_Shore,0.0492043629540348,-0.01680099163589,1.36334675726458,0.173538820471367,0.239825476821668,0.814179230430845
cg08114852,chr11,13461802,BTBD10,OpenSea,-0.0332919911217466,0.000952000316569279,-1.45757543043818,0.145740919384369,0.239905912575758,0.814179230430845
cg20824867,chr11,778018,PDDC1,S_Shore,0.0620228166023318,0.0202952689400349,1.36295595920247,0.173661861657015,0.239955720505315,0.814191035876722
cg10797197,chr20,57444000,GNAS,OpenSea,-0.0600485561915806,-0.0118334347901798,-1.45684432648931,0.145942576887213,0.240149670308636,0.814375470079084
cg09943714,chr10,413744,DIP2C,N_Shore,-0.0378299069412904,-0.00582313277847191,-1.45568639403751,0.14626240334262,0.240536094201261,0.814513737563216
cg00309650,chr4,88312547,HSD17B11,OpenSea,0.0367268602786163,0.0133236801184815,1.36108397523147,0.174252155664968,0.24058029956508,0.814558408616265
cg19702347,chr7,4749392,FOXK1,OpenSea,-0.10982815283065,-0.0328213809130802,-1.45466796734127,0.146544142347707,0.240876324290112,0.81468590375419
cg02846961,chr19,812000,PTBP1,Island,0.0397815479691183,-0.0143164159226871,1.35930682869459,0.17481393497224,0.241174295439522,0.814828957936272
cg09029193,chr4,1225507,CTBP1,S_Shore,0.031751274568005,0.0117938636394405,1.35928731066236,0.174820112402544,0.241180824900938,0.814837670158878
cg16619995,chr16,88961842,CBFA2T3,Island,0.0298079182178077,0.00458099884600804,1.35846968347434,0.175079037231645,0.241454461491336,0.815038394125592
cg15862380,chr10,457264,DIP2C,N_Shelf,-0.0442802773943856,-0.00643123117998901,-1.45218243150956,0.147233493987337,0.241708100303147,0.815168852807932
cg17046586,chr12,50665774,LIMA1,OpenSea,-0.044124011069026,-0.0167298882408176,-1.45059328787326,0.147675537906806,0.242240959927044,0.815564180618775
cg25782440,chr19,7979022,MAP2K7,N_Shore,0.0231864476326322,0.0101155609297373,1.35608880174169,0.175834646966877,0.242252519459929,0.815564777356
cg01246266,chr17,76126490,TMC8,N_Shore,-0.0311815391453477,0.00236583214302574,-1.44889877104972,0.148148013776638,0.242810062246158,0.81590478832841
cg13039539,chr7,70038627,AUTS2,OpenSea,-0.0427174515138965,-0.00836432198140225,-1.44827953274696,0.148320962603449,0.243018267345887,0.815941972217047
cg06532176,chr16,78133804,WWOX,Island,0.0347237369998653,0.00695441568163657,1.35376642209327,0.176574039457954,0.243032753735638,0.815941972217047
cg13151074,chr2,30369382,YPEL5,Island,-0.0265657080151113,0.00165081330355246,-1.44727477423194,0.148601913758484,0.243356361994128,0.816044759682816
cg25438683,chr20,57428473,GNAS,Island,-0.0840198135006246,-0.00376792380600133,-1.44713950622962,0.148639768609439,0.243401904022418,0.816044759682816
cg08825286,chr4,10089919,WDR1,OpenSea,-0.0563502124857569,-0.0101421190385538,-1.44664809803418,0.148777351758359,0.243567401720776,0.816110563779228
cg02364038,chr19,797109,PTBP1,Island,0.0532304068785557,0.00349011773008089,1.35204458677959,0.177123732104682,0.24361236633296,0.816140681326498
cg17027195,chr7,69064093,AUTS2,Island,0.213091198864594,0.0135798727417275,1.35117485412251,0.177401878527981,0.243905508866346,0.816254112005658
cg26334023,chr17,47287492,ABI3,OpenSea,0.0527405605299873,0.028745431376186,1.35089799750255,0.177490487635967,0.243998875082091,0.816364310872435
cg19990476,chr10,574361,DIP2C,N_Shore,0.0718706962654514,-0.00521752250549668,1.35067942014463,0.177560467591144,0.244072605120564,0.816466891186832
cg10155891,chr16,88941576,CBFA2T3,N_Shore,-0.0831798447853426,-0.0049985549769711,-1.44483073169423,0.149287021119923,0.24418014577236,0.81655517120935
cg08214927,chr14,91765824,CCDC88C,OpenSea,0.0560770101897392,-0.0166152340960209,1.34912514832068,0.178058679696298,0.244597339915236,0.816795439178126
cg01437204,chr1,202130344,PTPN7,OpenSea,-0.0412540495253553,-0.0338388428218562,-1.44181991894812,0.150134327163973,0.245197653282614,0.817028310371521
cg06156195,chr10,566129,DIP2C,OpenSea,0.0293206359427847,0.00413221881442349,1.34689947099371,0.178773924180231,0.245350124735224,0.817197148447094
cg02602268,chr12,132488697,EP400,OpenSea,-0.0494993078612513,-0.0146830519308326,-1.44099166513597,0.150368059623566,0.245478083536984,0.817348717625766
cg02120735,chr16,89032995,CBFA2T3,N_Shore,0.0269132028076258,0.00268394419635609,1.34597187874748,0.179072648081667,0.24566434105823,0.817500513999789
cg17848003,chr1,3704513,LRRC47,S_Shore,-0.0545158097843104,0.0409890938192264,-1.43997423426026,0.150655558711632,0.245822873168874,0.817639741268852
cg16709691,chr16,969468,LMF1,N_Shore,-0.0499568783507139,-0.00515534980574472,-1.43976697038921,0.150714177538436,0.245893152902545,0.817677882264799
cg00383178,chr12,6677670,NOP2,Island,-0.0425712902081411,0.00167398120368813,-1.4390423843895,0.150919243697834,0.246138958677582,0.817808262208731
cg03350366,chr11,71752919,NUMA1,OpenSea,0.0328683329793655,-0.0245423567831665,1.34450046556473,0.179547269363479,0.246163352137508,0.817808262208731
cg06919568,chr16,89940311,TCF25,Island,0.0805073885918626,0.00556293791210014,1.34414719135119,0.179661361638391,0.246283266294054,0.817949667302433
cg19022254,chr6,29601705,GABBR1,S_Shore,0.0520686377969562,0.00417206240267343,1.34325095984949,0.179951048268643,0.24658766362469,0.81809602359347
cg04774506,chr16,942183,LMF1,N_Shelf,0.0289679732562728,0.00346664853536893,1.3429654332235,0.180043411453279,0.246684695636985,0.818175546825735
cg11516540,chr7,4743394,FOXK1,OpenSea,0.0470505822337376,0.00229338581911409,1.34278714461431,0.180101102825996,0.246745297956437,0.818199375740338
cg20085268,chr4,909785,GAK,S_Shore,0.048012781875008,-0.0171112489384982,1.34231287232632,0.180254636949166,0.246906559258306,0.818377305339727
cg12532563,chr4,83956223,COPS4,OpenSea,0.0308008238797025,0.00820904621728876,1.34090905517808,0.180709660602142,0.247384315521493,0.818614365990122
cg22224704,chr11,67352041,GSTP1,S_Shore,-0.0218165101871174,-0.036376410400137,-1.43449443535201,0.152211242645785,0.247685720851333,0.818781532167621
cg23738308,chr1,9005474,CA6,OpenSea,-0.0311514149621395,0.00326207837240877,-1.43382273155928,0.152402777007175,0.247914743396107,0.819005404602706
cg14153876,chr2,157292773,GPD2,S_Shore,0.0274956796291269,0.00110176729324005,1.3386863712322,0.181431856266792,0.248142076969081,0.819067923177897
cg13734518,chr7,107530905,DLD,N_Shore,-0.0491790967517118,-0.0173677026197753,-1.43203583844738,0.152913200736654,0.248524719665361,0.819373127799375
cg17593404,chr7,107531310,DLD,N_Shore,-0.0392863133656925,-0.000344786168601979,-1.43189240384582,0.152954229177769,0.248573728170696,0.819386710751466
cg13535663,chr1,167190990,POU2F1,Island,0.033464304352111,0.00542719028576328,1.33701192320487,0.181977337176106,0.248714004394025,0.819492343600133
cg22683154,chr1,23345188,KDM1A,N_Shore,-0.0554876334256956,-0.00442724048636312,-1.43146102333377,0.153077673142753,0.248721162307728,0.819492343600133
cg11018723,chr1,25256939,RUNX3,Island,0.056876397971179,0.00518021890780748,1.33584593486078,0.182357898978228,0.249112805503176,0.819734825913941
cg08278748,chr2,136289714,R3HDM1,Island,0.0341187829739597,0.00625735656620222,1.33496786271288,0.182644879873761,0.249413426037748,0.81992837152658
cg02446366,chr6,41514112,FOXP4,Island,0.0382607986208909,0.00223380830989268,1.33451163100373,0.182794122992466,0.249569723529409,0.819972786819694
cg09412087,chr16,965780,LMF1,N_Shore,0.0439361445809209,0.000716561800342963,1.33350024779049,0.183125291496679,0.249916450815087,0.820157591942061
cg16558659,chr16,3614459,NLRC3,Island,0.0340222539295474,0.0147170357633808,1.33262830919928,0.183411158142932,0.25021564301909,0.820249434503311
cg20505457,chr14,69388953,ACTN1,OpenSea,0.0268650032531547,0.0166519745211076,1.33227581046414,0.183526819641655,0.250336668470323,0.820321512707696
cg00309056,chr7,38218112,STARD3NL,S_Shore,0.0233340300534993,0.00312237997261282,1.3321356404076,0.183572827154903,0.250384805232682,0.820356804599005
cg16476890,chr4,40631571,RBM47,N_Shore,0.0794543824040361,0.00913764595363656,1.33186885358759,0.183660417325742,0.250476442184982,0.820404094061378
cg15933484,chr12,125302246,SCARB1,S_Shelf,0.0305183368165156,0.00159973135718272,1.33121001076287,0.183876858557679,0.250702844337907,0.820495001087658
cg00704873,chr4,868858,GAK,N_Shore,-0.0457741115726994,-0.0132153944139904,-1.42520053133237,0.15487775029473,0.250867714126054,0.820534700161047
cg06903075,chr11,71709751,IL18BP,OpenSea,-0.0315359862863262,-0.00506416696620649,-1.42477587466094,0.155000433629409,0.251013784167907,0.820661674516432
cg08368520,chr7,4747026,FOXK1,OpenSea,-0.0572751541307959,-0.0208796536278653,-1.42441992169172,0.155103325517044,0.251136267773437,0.820686218958503
cg08173915,chr21,34774164,IFNGR2,N_Shore,0.0278989352749109,-0.076672492336625,1.32892165302366,0.184630096543134,0.251490316199171,0.820935507001947
cg08219302,chr19,39936306,SUPT5H,Island,0.0667202257179155,0.00472005475955767,1.32875131176416,0.184686257760835,0.251549003120906,0.820984777035538
cg05944369,chr4,174255616,HMGB2,Island,0.0398835591022159,0.00866353618854961,1.3287015395364,0.184702669973358,0.251566152729969,0.820984777035538
cg26344024,chr3,71357195,FOXP1,OpenSea,0.0400525371690282,-0.0040067626122402,1.3285316662051,0.184758693250172,0.251624690734791,0.820989426399662
cg01555352,chr4,860838,GAK,OpenSea,0.0327338459330124,0.00643762232223322,1.32834463340492,0.184820390221663,0.251689152845936,0.821028411121399
cg24537481,chr19,16653308,CHERP,Island,0.131145415476069,0.00491956246310926,1.3281666027008,0.184879131863543,0.251750523023025,0.821031283016168
cg25330264,chr7,4806949,FOXK1,Island,0.0306421709945581,-0.0235005177653823,1.32809839521953,0.184901640752954,0.251774038053517,0.821031283016168
cg24470887,chr1,205036303,CNTN2,N_Shelf,-0.0355934361154865,0.00127231491959834,-1.42191016860825,0.155830273638395,0.252001058857017,0.821194330710913
cg04019914,chr20,57463357,GNAS,N_Shore,0.0544934620578921,3.01924119587849e-05,1.32714527157576,0.185216390397005,0.252102794701591,0.821228260473999
cg06460328,chr16,89003037,CBFA2T3,N_Shelf,-0.0370428180340724,-0.0377019408889078,-1.42134847239544,0.155993323364394,0.252194887760114,0.82126501561278
cg09421468,chr14,69446784,ACTN1,Island,0.0331827960382067,-0.00406853457545311,1.32685863469542,0.185311124143205,0.252201721581754,0.82126501561278
cg22510098,chr4,1229471,CTBP1,Island,0.0376848156416377,-0.000918572249440919,1.32514052625819,0.185879714673185,0.252795258961808,0.821553152765631
cg15267303,chr11,34127610,NAT10,S_Shore,0.0511204131928691,0.00825771484589362,1.32408708243722,0.186228980843957,0.253159662394024,0.821735257300604
cg14550570,chr1,3712988,LRRC47,Island,0.0588677923062696,0.00221269921665569,1.32326308429436,0.186502514133259,0.253444951720176,0.821829326662505
cg19131205,chr6,41514670,FOXP4,Island,-0.0548837846234753,0.0016315028998085,-1.41653516425043,0.157395866370741,0.253860115289548,0.822076292494989
cg12525219,chr4,1228640,CTBP1,N_Shore,-0.0474657591712849,-0.00327803478615096,-1.41645230249369,0.157420095050772,0.253888849265279,0.822082271020679
cg09829838,chr6,42952307,PPP2R5D,OpenSea,0.0249910175202709,0.00109013272738234,1.32155913290658,0.187069100472575,0.254035613409749,0.822158411694816
cg22473770,chr17,29647977,EVI2A,OpenSea,0.0651675327075735,0.0311731682625631,1.32082080488326,0.187315000124228,0.254291846427943,0.822378069371399
cg26315985,chr1,65363870,JAK1,OpenSea,-0.0382397878442529,0.0156987058239525,-1.41481285085872,0.15790005229982,0.254457827530795,0.822434410616628
cg05238553,chr14,91780133,CCDC88C,OpenSea,0.0278074835806941,0.000976768398313621,1.32022484268793,0.187513659589951,0.254498803223076,0.822434410616628
cg05267735,chr16,88975259,CBFA2T3,N_Shore,0.0271145388542246,0.0217922569101227,1.31978702854066,0.187659701050796,0.254650915380737,0.822506944956293
cg14266217,chr7,38226703,STARD3NL,OpenSea,-0.0358263360523104,-0.0098532143302793,-1.41385787232056,0.158180139141004,0.25478966522954,0.822645323464572
cg08418508,chr5,159830462,SLU7,S_Shelf,0.0476111891409653,-0.00946340820082003,1.31848168649551,0.188095623555675,0.255104812798365,0.822806588913253
cg15267107,chr7,148937410,ZNF212,S_Shore,0.0370968371005956,0.00534396666587655,1.31780366749614,0.188322345564521,0.255340797425597,0.822915274534614
cg20008140,chr20,57463455,GNAS,N_Shore,0.0421038248302313,0.00853066683952891,1.31765660457784,0.18837154846283,0.25539200271951,0.822920349830024
cg05549077,chr3,71631050,FOXP1,Island,0.0389297378674093,0.00458285487360816,1.31725998788742,0.188504292115151,0.255530134800346,0.822920349830024
cg21241862,chr4,1232787,CTBP1,N_Shore,-0.0316054536404394,-0.00710571041495933,-1.41117482072632,0.158969075650987,0.255723587165742,0.823030667247008
cg08163785,chr12,133067405,FBRSL1,Island,-0.0607827979027282,-0.000112586531536112,-1.410898421839,0.15905051873556,0.255819931618357,0.823104750574243
cg26175846,chr6,32972492,HLA-DOA,N_Shelf,-0.0324935247062011,0.00978966726289709,-1.40993849742646,0.15933361411022,0.256154728679375,0.823266687609549
cg10000096,chr6,155577964,TIAM2,OpenSea,-0.0287823629019549,-0.00221857648813106,-1.40836723043668,0.159797828637511,0.256703402977884,0.823586703840167
cg23181159,chr6,17600158,FAM8A1,N_Shore,-0.0456232688983137,-0.0162312959845626,-1.40817793728875,0.159853822551511,0.256769557712471,0.823625049853691
cg21938532,chr20,57426931,GNAS,Island,0.0278903185734835,0.0033521885694579,1.31278494638887,0.190006845738123,0.257092283068518,0.823625273751879
cg11285807,chr20,57426395,GNAS,N_Shore,0.0228097606634353,0.00508791001304093,1.31252273324367,0.190095161087294,0.257184021596977,0.823625273751879
cg08652722,chr6,30542193,ABCF1,S_Shelf,0.030202475593465,0.00580130522747602,1.31143735948277,0.19046104590635,0.257563994721105,0.823941116836621
cg07180538,chr7,4786899,FOXK1,Island,0.0654424696740148,-0.00061714584267536,1.31140801965642,0.190470943725949,0.257574271558927,0.823961212156041
cg10441401,chr10,578084,DIP2C,S_Shore,-0.0595724806940972,-0.0090735250719487,-1.40573161853831,0.160578797030135,0.257625569445434,0.823989113500943
cg26772255,chr11,117099049,PCSK7,N_Shelf,0.0311039143297816,0.0021673521244604,1.31102299660572,0.190600866865329,0.257709159639522,0.824105112549815
cg18015044,chr6,30538844,ABCF1,N_Shore,0.0355707671945319,0.0125340205004216,1.31035854369892,0.190825235531117,0.257942057753555,0.824264722798748
cg19926144,chr10,661009,DIP2C,OpenSea,-0.0351975712656562,0.0108518215291676,-1.40467568157547,0.160892496883568,0.257995672114893,0.824311989512378
cg18602808,chr12,69633273,CPSF6,Island,0.0244883218167451,0.00621197977945907,1.30907173366804,0.191260313019066,0.25839351391431,0.824616607876801
cg13566436,chr1,25240865,RUNX3,OpenSea,0.0727982652731732,-0.00273335319406653,1.30902800213699,0.191275111750037,0.258408866021282,0.824616607876801
cg11126621,chr2,30369576,YPEL5,Island,0.0470114090156674,0.0123360236948851,1.30844196220268,0.191473509017378,0.258614658402341,0.824744892183056
cg09304136,chr11,17905750,SERGEF,Island,-0.0689538821963449,-0.00216048103136157,-1.40260936078341,0.161507707766178,0.258720977520653,0.824810185609051
cg25632840,chr6,30540604,ABCF1,S_Shore,0.0385299550031736,-0.00755386711711914,1.30786505146128,0.191668964086668,0.258817355917814,0.824860839827943
cg20637919,chr8,12613290,LONRF1,Island,0.0478910019147274,0.00345300782042925,1.3074309349062,0.191816138153747,0.258969955283934,0.824925815949316
cg07099609,chr7,4761835,FOXK1,N_Shelf,-0.0272394003516255,-0.00498986192256756,-1.4016906208205,0.161781818459586,0.259043920564062,0.824937280637528
cg02461502,chr16,88941821,CBFA2T3,N_Shore,0.0395497873355787,0.0100084241845546,1.30697631757339,0.191970351799231,0.259129827833674,0.824995679176727
cg07436579,chr6,29581117,GABBR1,OpenSea,0.0266752905748643,0.0111726689472047,1.30652141489463,0.192124753820516,0.259289869151963,0.825107632460007
cg02384251,chr4,1205914,CTBP1,Island,0.0312633881407368,-0.00573765491914469,1.30607406428569,0.192276681899502,0.259447320298466,0.8251826056095
cg23606023,chr16,89042948,CBFA2T3,OpenSea,-0.0283797026732211,-0.0367222910383575,-1.39971601249644,0.162372145628396,0.259738953014472,0.82545970308952
cg26744362,chr19,56168861,U2AF2,N_Shore,0.025344499676812,0.0361509173324843,1.30430749371304,0.192877506457327,0.260069735861859,0.825637947352113
cg09038676,chr11,67351608,GSTP1,Island,-0.0500595142351884,-0.00549950154627668,-1.39656723319472,0.163316874801287,0.260849945028187,0.826187396049964
cg11971248,chr4,84203337,COQ2,N_Shelf,0.0407015040471976,0.00729452681309344,1.30191727739177,0.193692640528639,0.260913524490592,0.826293601106897
cg21557473,chr7,69289866,AUTS2,OpenSea,0.041783803677434,-0.0045589536213634,1.30073337013903,0.194097326718163,0.261332165106645,0.826610337086935
cg06065549,chr20,57427443,GNAS,N_Shore,0.0398964759158151,0.0114053729298729,1.30021058053591,0.19427622613289,0.261517176103437,0.826629332525733
cg07629149,chr10,334731,DIP2C,OpenSea,0.0366555370482693,0.00766296501338071,1.30004110325569,0.194334247584608,0.261577172165041,0.826677998943022
cg16266790,chr7,4780761,FOXK1,OpenSea,-0.0343043647795109,-0.00868337276655917,-1.3942847942771,0.164004271790439,0.261657315832072,0.826724286533402
cg03319070,chr12,125345167,SCARB1,N_Shelf,0.0296968165186463,-0.00505974902407069,1.29967062476714,0.194461127320211,0.261708357091906,0.826776277779455
cg21645752,chr6,29598695,GABBR1,N_Shore,-0.0392224809779902,-0.0113282604711967,-1.39395682789484,0.164103224220352,0.261773469673958,0.826776277779455
cg10934766,chr12,132502135,EP400,OpenSea,0.0332310575270104,-3.44553904133571e-05,1.29919462025849,0.194624236655018,0.261876975084524,0.826811971056537
cg10982851,chr7,4747166,FOXK1,OpenSea,-0.0498314165013582,-0.0194135037757492,-1.39352669327056,0.164233070786619,0.261925861821799,0.82681972847306
cg06341731,chr14,99641017,BCL11B,Island,-0.139361482357703,-0.0249745442551008,-1.39320904137155,0.164329011573596,0.262038441873267,0.826921987613903
cg17652507,chr20,57463653,GNAS,Island,0.0314120391508265,0.00771988889303937,1.29873386633951,0.194782216110253,0.262040262255054,0.826921987613903
cg19917714,chr1,205011227,CNTN2,OpenSea,0.049037621172,0.0147574978851736,1.2982061821663,0.19496326002005,0.262227355321005,0.827019694213831
cg13764116,chr3,121906957,CASR,S_Shelf,0.0308515599332487,-0.00079693219033794,1.29799990350664,0.195034066126723,0.262300517533248,0.82704772920912
cg01165297,chr16,475440,RAB11FIP3,Island,-0.0354811880795085,0.00213892024299329,-1.38984422589729,0.165347894114472,0.263233030012945,0.827400065303477
cg07762961,chr16,3617075,NLRC3,S_Shelf,0.0232114415299733,0.00876435746557702,1.29451206151678,0.196234151539079,0.263539708420652,0.827539119888031
cg09674805,chr19,798844,PTBP1,Island,0.0266003506220293,0.00775664846802979,1.29400818285176,0.196407972443183,0.263719064191396,0.827678914588852
cg01916088,chr6,41528531,FOXP4,Island,0.141213136020507,0.00951099731212301,1.29107774619064,0.197421117007952,0.264763822827557,0.828274662079497
cg06522915,chr7,73758449,CLIP2,OpenSea,-0.0340961868016924,-0.00466274448989812,-1.38388975330743,0.167162621261081,0.265356206053809,0.828581610690714
cg18578119,chr4,1236638,CTBP1,S_Shelf,-0.0633437886652713,0.000544488157767753,-1.38367390324012,0.167228686277191,0.265433392260287,0.828637272869207
cg17404981,chr4,1240264,CTBP1,N_Shore,0.0417389622794676,0.0117741913573372,1.28776483320457,0.198571113339804,0.265948372929556,0.828924784274133
cg06176410,chr17,1733445,RPA1,Island,0.035060668594628,0.00739517909443355,1.28741944181283,0.198691289881474,0.266072079190368,0.828975413608976
cg14906010,chr14,58666962,ACTR10,Island,0.040679445169712,0.00547198102771556,1.28734782828012,0.198716213992827,0.266097733432588,0.829014563670299
cg26435617,chr14,91805781,CCDC88C,OpenSea,-0.039775711520841,-0.00320993135268766,-1.38165207602199,0.167848461275772,0.266157131833636,0.829057958969894
cg01634964,chr19,11093622,SMARCA4,OpenSea,-0.0451510836141657,-0.0120916393401357,-1.38107503071631,0.168025667113216,0.266363941688064,0.829143072544668
cg23537415,chr19,56169445,U2AF2,N_Shore,0.0686935922080215,0.0424497690451946,1.28651202689122,0.199007272898606,0.266397269936062,0.829143072544668
cg17777731,chr6,32976131,HLA-DOA,S_Shore,0.0320738607580997,0.00509667282276161,1.28599286749792,0.199188222006742,0.266583444303086,0.829261952162799
cg13327407,chr7,73819315,CLIP2,OpenSea,0.0199604073597217,0.0164118157529909,1.28496353343111,0.199547345451149,0.266952835698646,0.82939459869676
cg07474051,chr12,120942642,COQ5,OpenSea,-0.0607705537605021,-0.0181034793627303,-1.37882842616517,0.168716923990417,0.267170165595797,0.829514494015258
cg26927634,chr16,89004858,CBFA2T3,N_Shore,0.0265849999509104,-7.90677185413813e-06,1.28357286496045,0.200033288231898,0.267452456040893,0.829675855435212
cg05947422,chr16,532347,RAB11FIP3,N_Shore,0.0392947841044551,-0.00302857095292708,1.28306721207591,0.200210193915326,0.267634279354453,0.829703857479118
cg16356516,chr16,70286390,AARS,S_Shore,-0.0664964381782764,-0.00845222202012463,-1.37740759827768,0.169155202341898,0.267680913929959,0.829703857479118
cg01689616,chr12,132490798,EP400,OpenSea,0.0459611097117327,0.00140319854695614,1.28264760971174,0.200357081335025,0.267785225003728,0.829757427372422
cg05924780,chr12,6745524,LPAR5,OpenSea,0.0200678915500261,-0.00334170936236805,1.28070053746797,0.2010397134345,0.268486420601346,0.83025184741725
cg13447454,chr1,167238585,POU2F1,OpenSea,-0.0407143411131112,-0.0110312012707725,-1.37503742090474,0.169888230441599,0.26853441987354,0.830257703026548
cg27466999,chr16,948246,LMF1,N_Shore,0.0240367732207419,-0.000146108202781603,1.28050797482914,0.201107317204256,0.2685558362982,0.830257703026548
cg11920592,chr6,112126546,FYN,OpenSea,-0.0451137218696239,-0.00255551215689864,-1.37447917143013,0.170061228308483,0.268735718356546,0.830364247154865
cg07713331,chr7,4757669,FOXK1,N_Shore,0.0272261979073972,0.00772443005076506,1.27961986675073,0.201419324454635,0.268876144310001,0.830432339436495
cg09779392,chr19,11094753,SMARCA4,N_Shelf,-0.0329287648305839,-0.00636245912354172,-1.37328719896909,0.170431056343703,0.269165876968152,0.830469074219035
cg18885162,chr6,41529269,FOXP4,S_Shore,0.0243439743385031,-0.00554808705781362,1.27670356544868,0.202446362123231,0.269929791540603,0.830993952746736
cg16207783,chr19,16653804,CHERP,S_Shore,-0.0346934985554835,0.00476420497871605,-1.37108023196338,0.171117398493965,0.269963573520539,0.830993952746736
cg23860479,chr4,174255641,HMGB2,Island,0.0367399615499797,0.00970080149009882,1.27615480532296,0.202640047127648,0.270128372398819,0.831133163617517
cg04774227,chr10,102046502,BLOC1S2,Island,0.0247567580418524,0.00473366246562763,1.27599888693678,0.202695103268258,0.270184813150606,0.831158356340508
cg00296158,chr1,167189002,POU2F1,N_Shore,0.0487223379126604,0.0133393949988698,1.27505563048498,0.203028408602836,0.270526434118325,0.831430322272604
cg20655119,chr4,40425917,RBM47,OpenSea,0.0412229568044992,-0.00576486505458451,1.27486809219059,0.203094724107636,0.270594390489449,0.83149899450435
cg13617047,chr10,576032,DIP2C,Island,0.0522439356602861,-0.00147000407130604,1.27397297444462,0.203411465267686,0.270918906540939,0.831687744307411
cg06606381,chr12,133084897,FBRSL1,OpenSea,0.101701780254016,0.0131310045770936,1.27390241365757,0.203436448838877,0.270944498989307,0.831709100086648
cg09887955,chr1,202129854,PTPN7,OpenSea,-0.0450313825251706,-0.00385044586176483,-1.36825797735742,0.171998112620276,0.270986022962073,0.831720046718986
cg20945376,chr14,91805912,CCDC88C,OpenSea,0.0472790709462923,-0.00189943215870791,1.27356250068802,0.203556833790622,0.271067808881603,0.831774715565394
cg07137701,chr10,31611868,ZEB1,S_Shore,-0.0351088928007583,0.0191703981512963,-1.3662717416777,0.172619976416929,0.271707187478977,0.832258788355938
cg01806442,chr17,37075068,LASP1,Island,-0.0526507292328006,-0.00293306295604567,-1.36557130276387,0.17283967652159,0.271961816733608,0.832400466162424
cg00638090,chr12,133066678,FBRSL1,N_Shore,-0.0379359888302843,0.00391619888214644,-1.36543078120939,0.1728837778626,0.272012919941254,0.832442463269856
cg06436854,chr16,89043527,CBFA2T3,OpenSea,-0.0510303320025144,-0.0539937127252244,-1.36511889943993,0.172981689133093,0.272126364879045,0.832539930984339
cg27481720,chr19,797202,PTBP1,Island,-0.0730137456495013,0.00472817834954613,-1.36494486297504,0.173036343728633,0.272189683572502,0.832610675375078
cg03915539,chr16,88970376,CBFA2T3,Island,0.0272109841402414,0.00170155464365496,1.27003455255006,0.204809381107344,0.272349909857752,0.832676082458429
cg09910271,chr16,88995416,CBFA2T3,S_Shore,0.0343324126506774,0.00495553691306483,1.26956701217637,0.204975795851975,0.272520130869421,0.832698614882502
cg04967009,chr4,852566,GAK,OpenSea,-0.0397954269723905,-0.00466415166461209,-1.36375315902549,0.173410935891402,0.272623525353558,0.832759046167567
cg09577455,chr6,29593382,GABBR1,N_Shore,0.0298337123969413,-0.0196232674151571,1.26903439089391,0.205165495491081,0.272714135073861,0.832818246987763
cg08792703,chr11,60779666,CD6,S_Shelf,0.0302068353842362,-0.0617330740417511,1.2688942929857,0.205215414361451,0.272765180613527,0.832865175672584
cg05683445,chr16,28303182,SBK1,N_Shore,0.0298878943765132,0.00482848009107395,1.26813845718677,0.205484882250775,0.273040686817232,0.833076668901106
cg04767732,chr7,4772531,FOXK1,OpenSea,-0.0384474813235822,-0.00947361082739184,-1.36255616072261,0.17378780427948,0.273059770593238,0.833076668901106
cg06119628,chr1,156737458,PRCC,Island,0.0707929503096754,0.00705496326496895,1.26766507672007,0.205653781567309,0.273213333431061,0.833191491513778
cg03510041,chr6,41559210,FOXP4,N_Shelf,-0.0337621879406131,0.0306365001733826,-1.36183363633957,0.174015584206126,0.273323325069014,0.833203652759165
cg10039281,chr14,24880346,NYNRIN,OpenSea,0.0216077557116432,0.00378015101038953,1.26716462759478,0.205832448899886,0.273395933416304,0.833222858303959
cg16123366,chr10,589959,DIP2C,OpenSea,0.0213729600235491,0.0277924772379049,1.26661631094908,0.206028335528876,0.273596094702556,0.833282710409016
cg08926365,chr6,112007564,FYN,OpenSea,-0.04579201136428,-0.0101642492597973,-1.36078415171441,0.174346838794467,0.273706454213142,0.833327596165479
cg07747924,chr16,78233495,WWOX,OpenSea,-0.0399556853181537,-0.0110540851094389,-1.36038901106806,0.174471681604018,0.273850800949061,0.833417645312686
cg24551570,chr4,174255085,HMGB2,Island,-0.0510200916088592,0.00373928573634688,-1.36031443897051,0.174495249817034,0.273878048321532,0.833418669020213
cg18966819,chr7,4784325,FOXK1,N_Shore,0.0402266715498009,0.0196459275936942,1.26534736463037,0.206482188966788,0.274059703707906,0.833589818032891
cg02614658,chr16,476729,RAB11FIP3,Island,-0.0360799921666157,-0.00467957171844394,-1.35853868089805,0.17505717614995,0.274527427408227,0.8340579677346
cg10572943,chr21,34775045,IFNGR2,N_Shore,0.0403114282416969,-0.0180720466621531,1.26403805187044,0.206951243282586,0.274538622941634,0.8340579677346
cg05113373,chr16,962823,LMF1,Island,-0.0288563061225689,-0.00590475273611335,-1.35848352017901,0.17507465305866,0.274547616023805,0.8340579677346
cg00541565,chr1,23346403,KDM1A,Island,0.0336490607749347,0.00952247784364756,1.26258055196921,0.207474297327557,0.275072417863839,0.834219004789416
cg21579710,chr7,69238693,AUTS2,OpenSea,-0.0273297556654791,-0.00269034326190332,-1.35705055587663,0.175529126023201,0.275072430901244,0.834219004789416
cg01910727,chr1,226842455,ITPKB,OpenSea,-0.0249905497988835,-0.0489329942737144,-1.35672561075964,0.175632307017552,0.275191535362439,0.834291035750201
cg23886776,chr17,80397621,HEXDC,Island,0.0380150372165392,0.00200978125034645,1.26169762380613,0.207791622245481,0.275396125947395,0.834470722537984
cg11081275,chr10,616995,DIP2C,OpenSea,-0.0659395543623926,-0.00200009581906557,-1.35615730794984,0.175812871404644,0.275399924068299,0.834470722537984
cg07027513,chr18,29265840,B4GALT6,S_Shore,0.0303114265997146,0.000313212433825372,1.26112135193785,0.207998925175208,0.275607544745915,0.834531254833692
cg22118369,chr6,32972157,HLA-DOA,N_Shelf,-0.0522901226875158,-0.011836821620295,-1.35358977640928,0.176630374440769,0.276342744161889,0.834902008531647
cg16226004,chr7,70255985,AUTS2,Island,-0.0457840196381825,-0.0124825751424846,-1.35350830554267,0.176656361263461,0.276372696959625,0.83491835782012
cg00269996,chr6,42979961,PPP2R5D,N_Shore,0.0250682550982903,0.00151735340943227,1.25837865421072,0.208987622183454,0.276615285039181,0.835130358470157
cg26303175,chr10,102295141,HIF1AN,OpenSea,-0.0479097388528654,-0.0144138293509701,-1.35282237612797,0.176875266090064,0.276624966965038,0.835130358470157
cg14824280,chr20,60718867,SS18L1,Island,0.0424915670118985,0.0037637357842987,1.25821423756664,0.209047000051805,0.276675775796352,0.835169910342007
cg00405043,chr16,963814,LMF1,S_Shore,0.026010440494728,0.00246547100125427,1.25814835349423,0.209070797045236,0.276700017827748,0.835172816839925
cg06874426,chr17,47287526,ABI3,OpenSea,0.0314371582811651,0.0174653755298301,1.25809897933465,0.209088632032959,0.276718185989004,0.835172816839925
cg12911122,chr6,41516486,FOXP4,S_Shore,0.0421532827198431,-0.000245435767611879,1.25761861551503,0.209262207318685,0.276894987431338,0.83519100433989
cg00292290,chr4,865852,GAK,N_Shore,0.0271570366213408,0.00115935222232477,1.2571742169216,0.209422880152408,0.27705862014594,0.835332427614058
cg17709703,chr1,3712510,LRRC47,Island,-0.031626324145182,0.00177981304010778,-1.35045086100009,0.177633665380389,0.277498368171349,0.83548824795985
cg00025991,chr10,736625,DIP2C,S_Shore,0.0238143973416455,-0.00565430576914233,1.25591639515773,0.209878133181866,0.277522121821098,0.835508900622985
cg19557422,chr11,13484070,BTBD10,N_Shore,0.0425374017986649,0.0117138265740734,1.25559894015654,0.209993145661767,0.277639185981734,0.835508900622985
cg07224454,chr15,75744045,SIN3A,Island,0.0640486689428263,0.00663143949722465,1.25554937674968,0.210011106387201,0.277657465933047,0.835508900622985
cg11784191,chr19,56170509,U2AF2,Island,-0.0243362704461414,-0.00531408061673033,-1.34892437796717,0.178123111469631,0.278061546510522,0.835641286080412
cg11468148,chr10,670815,DIP2C,S_Shore,-0.0958704012375089,0.008757648654662,-1.3488996903044,0.178131035504614,0.278070661128448,0.835641286080412
cg25308079,chr20,57463763,GNAS,Island,0.0125052580165076,-0.00179251243791861,1.25336892134717,0.210802362074075,0.278462471673091,0.835796710073321
cg17805210,chr3,71216678,FOXP1,OpenSea,0.0580847542272499,-0.0184065191697325,1.25327645290037,0.210835965312859,0.27849664531264,0.835815149770889
cg09251492,chr1,3701070,LRRC47,N_Shelf,-0.0509935419254614,-0.0140935446633738,-1.34734602887136,0.178630246419249,0.278644677881865,0.835917179097391
cg25344401,chr7,4755415,FOXK1,N_Shelf,0.0302347569867112,-0.0913587251567766,1.25233539398193,0.211178169424099,0.278844595537889,0.835976458166096
cg03034934,chr16,88965044,CBFA2T3,N_Shore,0.0580103086245526,-0.000754993970009221,1.25192693814558,0.211326824593188,0.278995711338546,0.83604699131664
cg22395299,chr21,47706029,MCM3AP,Island,0.0310113043981595,0.00274676126937651,1.25152864774366,0.211471853227398,0.279143119878341,0.836093610845841
cg00232445,chr16,78310016,WWOX,OpenSea,-0.0253160122749081,0.00254803471771492,-1.3441209646962,0.179669833868744,0.279838784326415,0.83649638571587
cg16438210,chr14,91885492,CCDC88C,S_Shore,0.0371070958432178,0.00824947518843751,1.24963517350963,0.212162307805696,0.279844625045807,0.83649638571587
cg26837178,chr10,72201611,NODAL,S_Shore,0.0311991734057738,-0.00348045768084498,1.24953933685903,0.212197298015947,0.279880162983805,0.83649638571587
cg19466822,chr14,99726317,BCL11B,OpenSea,0.0584270147871918,0.023487478856943,1.24899507580171,0.212396088509234,0.280082042849212,0.836593099491507
cg21069814,chr3,47891476,DHX30,Island,0.0568243337048338,-0.00174679711829007,1.24871909022769,0.212496943384332,0.28018445051084,0.836593099491507
cg15247247,chr7,4802535,FOXK1,N_Shore,-0.0385229829100241,-0.000304988918274018,-1.34249469121915,0.180195765970647,0.280442242527215,0.836703975238404
cg19771626,chr12,133127043,FBRSL1,S_Shore,-0.0288467466473822,0.00673442717219042,-1.34197058676807,0.180365504200244,0.280636909159871,0.836800461944624
cg14591854,chr2,136287923,R3HDM1,N_Shore,0.0337350009209558,0.0043216969617831,1.24726724194767,0.213028071780137,0.280723594611358,0.836833519289429
cg03069098,chr6,155470310,TIAM2,OpenSea,0.0348797875679172,0.004000218205513,1.24722849811365,0.213042258569773,0.280737991784797,0.836836725273745
cg06185246,chr16,929333,LMF1,S_Shore,0.0319779854228536,0.023717946502702,1.24690248375788,0.213161662027926,0.280859158282582,0.836890966401872
cg04538473,chr16,981395,LMF1,S_Shore,-0.0492023722368971,-0.0116741170333076,-1.34136750986496,0.180560966194479,0.280861021830632,0.836890966401872
cg10620707,chr7,69298198,AUTS2,OpenSea,-0.05103451542653,-0.0175070972189706,-1.34078746188531,0.180749113272669,0.281076691214791,0.836914186174465
cg25109873,chr17,1796814,RPA1,N_Shelf,-0.043953342983725,-0.00926818148747211,-1.34076898507144,0.180755108899178,0.281083562981605,0.836914186174465
cg26736850,chr16,532656,RAB11FIP3,Island,0.0369860267640133,0.000129089854227216,1.24587295678962,0.213539046814423,0.281242025368328,0.836981954033591
cg14168009,chr7,3082006,CARD11,OpenSea,0.0331062577232019,0.0288034621658865,1.24576877664494,0.213577262174222,0.281280788275797,0.836989446547052
cg01471203,chr7,70255416,AUTS2,Island,-0.0461781262996158,-0.0161465012931348,-1.33998253086496,0.181010446509302,0.281376161243041,0.836989446547052
cg04689371,chr19,56166368,U2AF2,Island,0.0415001809897615,0.0095782378000214,1.2452749208235,0.213758485760175,0.281464589394614,0.837008053230597
cg09778357,chr19,56185537,U2AF2,N_Shore,0.0449268173351483,-0.000957475287337695,1.24482131073597,0.213925039005523,0.281633483824227,0.837128272752207
cg14360865,chr18,59560371,RNF152,N_Shore,0.0500088921568916,0.00504536963188287,1.24467236738347,0.213979747426721,0.281688955481563,0.837137589422369
cg08876437,chr1,25228690,RUNX3,Island,0.0589081848279086,0.00182152525563228,1.24345751173602,0.214426354678443,0.282141686554112,0.837387785157995
cg06259664,chr16,537672,RAB11FIP3,OpenSea,0.0275904228695172,-0.00508925806398941,1.24322127236115,0.214513279683297,0.28222978137185,0.837414538732208
cg09312708,chr3,71632124,FOXP1,Island,0.0251022275440632,0.00868615724343079,1.24316617816837,0.214533555427698,0.282250328947561,0.83744049809559
cg19818298,chr14,21905552,CHD8,OpenSea,0.0577586033767726,0.0149844406027165,1.24289951511787,0.214631712266682,0.282349796220032,0.837543224019903
cg20281678,chr4,882723,GAK,S_Shelf,0.030068295154924,-0.00296074002338265,1.24223012095811,0.214878254835021,0.282599589850884,0.837753654555437
cg23596826,chr10,579259,DIP2C,S_Shelf,-0.0485186598110992,-0.0115568169551398,-1.33619785019142,0.182242976520973,0.28278713217701,0.837812145505341
cg26341935,chr12,50677460,LIMA1,OpenSea,-0.0380039118797465,0.00132413328517852,-1.33605979219163,0.18228805470041,0.28283869222356,0.83782139818895
cg08125719,chr1,205012449,CNTN2,OpenSea,0.043145519623633,0.0036540093787614,1.24109784422151,0.215295746571297,0.28302245538511,0.837970354977261
cg14188845,chr7,69755498,AUTS2,OpenSea,-0.0489774086213984,-0.020961896915892,-1.3354064438928,0.182501496117587,0.283082782381241,0.838012892876965
cg07197480,chr16,1017808,LMF1,N_Shelf,-0.0382961927401109,-0.00022794067168519,-1.33514207990792,0.182587913644769,0.283181589003806,0.838012892876965
cg10001715,chr16,78345421,WWOX,OpenSea,0.0317426576220606,-0.0296870428475257,1.24050572887653,0.21551430409288,0.283243760283973,0.838024174470624
cg23858591,chr12,132497671,EP400,OpenSea,-0.0491804020115249,-0.0132915402618302,-1.33478395496383,0.182705029107075,0.28331547625228,0.838084401313154
cg17930583,chr6,29591082,GABBR1,OpenSea,-0.0330555941871804,0.0201199867451246,-1.33309037230777,0.183259628610264,0.283949213536061,0.838258648494935
cg10448724,chr10,532791,DIP2C,S_Shore,0.0503798385575029,0.00111199458639855,1.23650815723642,0.216994058651283,0.284740931851787,0.838647039017268
cg17710671,chr7,4722652,FOXK1,Island,0.0467564798426638,0.0106928193224778,1.23582682132928,0.217246994302064,0.284996638969275,0.838752552737287
cg00787180,chr14,91751731,CCDC88C,N_Shelf,0.0497488915813588,0.0230115252894509,1.2357887156597,0.217261146738097,0.285010944709586,0.838758463216703
cg26183671,chr1,25277221,RUNX3,OpenSea,0.0263760845414137,-0.000158122507512681,1.23541811509144,0.217398822411707,0.285150101973886,0.83881600769777
cg20471927,chr10,435953,DIP2C,OpenSea,-0.0366534835491527,0.00652968515833696,-1.3296145965734,0.184401765029935,0.285252850074736,0.838932791223329
cg02220755,chr2,136288843,R3HDM1,N_Shore,0.0363604821979643,0.0104435530780616,1.23476898977593,0.217640119935275,0.285393953541852,0.839003735407649
cg21429409,chr4,83956251,COPS4,OpenSea,0.0341111598903394,0.00655341696587019,1.23425249899508,0.217832251634607,0.285588080075954,0.83909015703898
cg18303423,chr10,734268,DIP2C,N_Shore,-0.044409904861205,0.00726778728571265,-1.32758492320133,0.18507115502154,0.28601597518023,0.839228451125034
cg11066580,chr7,4786879,FOXK1,Island,0.040273648389805,-0.00491103986300612,1.23254241557411,0.218469266557747,0.286231463333102,0.839330604300297
cg18171715,chr4,852160,GAK,OpenSea,0.0344589196676782,0.00026387474761691,1.23105653093689,0.219023856142122,0.286791290912294,0.839514937636131
cg03803008,chr7,70055327,AUTS2,OpenSea,-0.0283100551802569,0.00706478744364747,-1.32400489812794,0.186256249265742,0.287365367727544,0.839901826325522
cg07569264,chr16,89020038,CBFA2T3,OpenSea,-0.0289091587655345,-0.00468163441640235,-1.32283064372867,0.186646185676451,0.287808904982756,0.840138674202215
cg07984380,chr6,32547019,HLA-DRB1,OpenSea,-0.15911524146259,-0.0188113070060668,-1.32276902180795,0.18666666526479,0.287832193449252,0.84015406339579
cg05363257,chr4,866225,GAK,Island,-0.0487892749142057,-0.00135207628622991,-1.32242182690529,0.186782084059676,0.287963430850942,0.840165020385202
cg20536207,chr4,883948,GAK,N_Shelf,0.0226957024422855,0.00190926799048818,1.22725003863729,0.22044921419311,0.288228810505235,0.840332093308946
cg09134499,chr16,966362,LMF1,N_Shore,-0.030809386099714,-0.00401402148879448,-1.3214480882324,0.187106068530607,0.28833171298639,0.840404213218275
cg07853743,chr16,2802190,SRRM2,Island,0.0448394322425961,0.00355047561104088,1.22667126248153,0.220666523063763,0.288447809774793,0.840454608669147
cg08340521,chr19,6424783,KHSRP,Island,-0.0594292376204286,-0.000169336604441378,-1.32110365720909,0.187220768054876,0.288462057807925,0.840454608669147
cg00042837,chr17,37028650,LASP1,S_Shore,0.0373021799107947,0.00355342477088207,1.22660005375977,0.220693269932522,0.288474761718253,0.840454608669147
cg03244438,chr6,112139510,FYN,OpenSea,-0.0289710307047569,0.000106009666814955,-1.32104501653732,0.187240301269084,0.288484253458585,0.840454608669147
cg10128511,chr3,98452940,ST3GAL6,S_Shore,0.0443556152396939,0.00121761520378394,1.22564371612913,0.221052708196196,0.288836892523087,0.840574453963893
cg15805921,chr6,42952109,PPP2R5D,OpenSea,0.0508017356371107,0.00599999445004218,1.22554374437841,0.221090306753517,0.288874765922508,0.840618619585804
cg20766702,chr5,102594493,C5orf30,Island,0.0621454088579796,0.00345567713316983,1.22525988695713,0.221197088286626,0.28898232099614,0.840695805206086
cg04657000,chr6,112115430,FYN,OpenSea,-0.035205639290683,0.0339913884116847,-1.31954791481638,0.187739497676772,0.289051300355581,0.840704999251448
cg02941219,chr16,56485120,NUDT21,Island,-0.0689562416719716,0.00277954331434072,-1.319147674942,0.187873121297279,0.289203023587155,0.840738006302279
cg25053232,chr7,2394393,EIF3B,Island,-0.0428615290151529,0.00142347946022613,-1.31899681433833,0.18792350572149,0.289260225857598,0.840747099044687
cg11198639,chr12,125287476,SCARB1,OpenSea,0.0372686197304502,-0.0110406655282145,1.22395775667517,0.221687399369824,0.289476050783337,0.840931165384595
cg01683986,chr4,893986,GAK,Island,-0.0430816376644904,-0.0078615434549496,-1.31815067578409,0.188206284586429,0.289581200014425,0.84103042837976
cg10873475,chr1,65432386,JAK1,Island,0.0433063063612368,0.00831068965412701,1.22348103500837,0.221867101996035,0.289656951709292,0.841059644112226
cg05383619,chr6,32553920,HLA-DRB1,S_Shore,-0.124619001274676,0.00132874972358388,-1.31698093509784,0.188597729798668,0.290025324233997,0.841222685623613
cg01531542,chr6,155503441,TIAM2,OpenSea,-0.0274733454488728,-0.00299298730039843,-1.31618276186969,0.188865178399639,0.290328635686286,0.841323823046172
cg04220636,chr16,89034088,CBFA2T3,Island,0.0316523028866739,-0.0474185988703533,1.2215761259806,0.222586212413171,0.290380564667603,0.841324556929837
cg00949670,chr12,120967105,COQ5,S_Shore,-0.0374036657875348,-0.000515764249732598,-1.3159281465042,0.188950552895203,0.290425436211674,0.841324556929837
cg20499861,chr10,31607228,ZEB1,Island,0.0314204972594986,0.0080533858267795,1.21880727510848,0.223634448186731,0.291434528390963,0.841934550718809
cg13560436,chr5,56248587,MIER3,S_Shore,0.0405705869477133,-0.0176363971513834,1.2187872823901,0.223642029925382,0.29144214796336,0.841934550718809
cg24411340,chr2,136289752,R3HDM1,S_Shore,0.0303100667604932,0.00739206811658563,1.21866978839765,0.22368659031352,0.291486929671734,0.841956455272172
cg00562504,chr10,468347,DIP2C,S_Shore,0.0274484417736953,0.0254885731120275,1.21783546441394,0.224003196631837,0.291805057292102,0.841983927441047
cg02746748,chr4,906741,GAK,N_Shore,0.0413608618904936,0.011346521605144,1.21780114734535,0.224016226034305,0.291818147379576,0.841983927441047
cg04082551,chr16,3614600,NLRC3,Island,0.026426893714114,0.00477850716187722,1.2177263049689,0.224044643851557,0.29184669702746,0.841983927441047
cg26561082,chr10,410363,DIP2C,S_Shore,-0.0531717221323162,-0.00558707641308953,-1.31152369474277,0.190431922825677,0.292103372694643,0.842080543176534
cg01228065,chr4,52884806,LRRC66,OpenSea,-0.0334715185382595,-0.0111848835991353,-1.31085453559986,0.190657733359763,0.292358866837062,0.842192232622452
cg26884376,chr6,30539453,ABCF1,Island,-0.0350231162650995,0.00612608331915369,-1.31035222656386,0.190827369601317,0.292550753914693,0.842313203997541
cg00219716,chr17,48228143,PPP1R9B,Island,0.0597167115519415,0.00525758211125395,1.2157814625854,0.224784012113373,0.292589241857871,0.842326764967898
cg20359202,chr4,40626144,RBM47,OpenSea,0.033018914615485,-0.00168276031220183,1.21564038314841,0.224837714095669,0.292643155585869,0.842353391892258
cg05692420,chr16,523818,RAB11FIP3,OpenSea,-0.0436014957292816,-0.0104230976452933,-1.31006269554391,0.19092519861304,0.29266139607668,0.84236014906797
cg01817393,chr20,57427642,GNAS,N_Shore,0.0800633623257652,0.0120796686027009,1.21535106587709,0.22494787168793,0.292753739500196,0.842406609270505
cg07208891,chr16,87796307,KLHDC4,N_Shelf,0.0236088642982065,0.0393977967646568,1.2144215334771,0.225302053174692,0.293109218655129,0.842584858120873
cg20738959,chr6,30539641,ABCF1,S_Shore,0.0633421603064355,0.0211311575752873,1.21425093345445,0.225367100616023,0.293174492320979,0.842665001047462
cg15177315,chr10,102046452,BLOC1S2,Island,-0.0440356843417449,4.24782145862015e-05,-1.30869834049426,0.191386696323141,0.293183152504409,0.842665001047462
cg24443885,chr19,44716952,ZNF227,S_Shore,0.0263253335807213,0.00159178124598527,1.21397769978884,0.225471308896126,0.293279055203473,0.842731648412919
cg08470991,chr17,76126449,TMC8,N_Shore,0.0291312962118957,0.00853470936881626,1.21322576887752,0.225758265261867,0.293566938330575,0.84283001767244
cg13003513,chr7,3074533,CARD11,OpenSea,0.0269638454680979,0.00593614401954745,1.21305453493473,0.22582364914758,0.293632523191153,0.84283001767244
cg23347562,chr6,134496869,SGK1,Island,0.0341130761774053,0.00962693302188522,1.21259361190203,0.225999715186866,0.29380911163287,0.842856512847363
cg26544924,chr16,88966005,CBFA2T3,N_Shore,-0.045960595338191,-0.0063989150620789,-1.30677659345669,0.192038130417218,0.29391912501027,0.842864375864761
cg10503298,chr4,1217221,CTBP1,N_Shore,0.0551604721029322,-0.00331217170304077,1.21207515533151,0.226197875711893,0.2940078273806,0.842866777059708
cg13057898,chr1,3703894,LRRC47,Island,-0.0670867629828875,0.0374904612394259,-1.30645614397971,0.192146915441014,0.294041968146104,0.842866777059708
cg02582997,chr4,866299,GAK,Island,0.0257439724270144,0.00405248621784105,1.21161163908693,0.226375142704033,0.294185561710249,0.842929552918323
cg00762830,chr16,88990161,CBFA2T3,N_Shelf,-0.0405042558909228,0.0138340595121135,-1.30469671057178,0.192745011950744,0.294717053913609,0.843235740019866
cg27158793,chr7,69434196,AUTS2,OpenSea,-0.0484766624130388,-0.00377648057210245,-1.30465219780816,0.192760161276545,0.29473414669821,0.843235740019866
cg05936555,chr6,30539508,ABCF1,S_Shore,0.0316834714636852,0.00805934315939406,1.20978949440455,0.22707296732276,0.294884957393312,0.843274050947419
cg25989227,chr4,10095183,WDR1,OpenSea,0.0218780695052849,-0.00593338314545422,1.20945828609285,0.227199974961033,0.295012204984433,0.843298681089636
cg15275427,chr10,43634384,CSGALNACT2,S_Shore,0.0345421074435491,0.00963843506315627,1.20907583553631,0.227346695570352,0.29515918519543,0.843413154942496
cg27159719,chr8,133772742,TMEM71,OpenSea,0.0374980915075246,0.00042083285518206,1.20848241988635,0.227574483510788,0.295387338841436,0.843587974102288
cg09604333,chr20,57465125,GNAS,Island,-0.0224546440574073,-0.0140148899632184,-1.30111716469357,0.193966068904381,0.29609371162824,0.843998746218647
cg18307545,chr6,32975991,HLA-DOA,S_Shore,-0.0331324481187982,-0.00575593831660637,-1.29932518852146,0.19457948566248,0.2967845018292,0.84433322788921
cg00542229,chr12,77157691,ZDHHC17,Island,-0.0272832851846068,0.0051208054795783,-1.29885350850626,0.19474118513055,0.296966509160312,0.84442672120974
cg10452974,chr3,71398091,FOXP1,OpenSea,0.0356330392900499,-0.00404351605345576,1.20365184629015,0.229434818333488,0.297248968327134,0.844580519116081
cg22117688,chr13,30365122,UBL3,OpenSea,-0.0338889163748289,-0.00950530219548029,-1.29805111935775,0.195016484281955,0.297276298792677,0.844605813559175
cg25897951,chr4,1244024,CTBP1,Island,-0.0865378226504863,0.0037568632097934,-1.29803340522778,0.195022565218154,0.297283140371795,0.844615232335823
cg04642105,chr4,1239119,CTBP1,N_Shelf,0.0369103385929039,-0.000505587615275416,1.20313736719723,0.229633591002284,0.297447701904068,0.844637315033854
cg21677633,chr20,60738663,SS18L1,Island,0.0331317155056633,0.00124162301630038,1.20152294151703,0.23025813417095,0.298071900599945,0.844963240185164
cg10011623,chr20,57463527,GNAS,N_Shore,0.0261562845485526,0.013781809153072,1.20096558464984,0.230474029812725,0.298287599118693,0.844971212708571
cg27007356,chr12,132547302,EP400,OpenSea,-0.0289010873233283,-0.00615023695199723,-1.29441794862651,0.196266608672752,0.298681711001768,0.845194781895356
cg07628178,chr2,157442412,GPD2,OpenSea,-0.0372185856903955,-0.000630249047402831,-1.29427669915466,0.196315329418762,0.298736439687059,0.845194781895356
cg08248641,chr7,70172515,AUTS2,OpenSea,-0.0322561830314519,-0.00697975165846998,-1.29422403431376,0.196333497216326,0.298756846981083,0.845194781895356
cg12219531,chr12,120966889,COQ5,Island,0.0874782455500155,0.00576935421102746,1.1992486673484,0.23113999606603,0.298952705501779,0.845252675375601
cg08540851,chr11,13484858,BTBD10,Island,-0.0501173592247081,0.00150809237663487,-1.29352909779199,0.196573345366428,0.299026217665318,0.845267570923411
cg06920946,chr10,415489,DIP2C,S_Shore,-0.0322850742242019,-0.00649260095614668,-1.29274066026347,0.196845724905943,0.299332027344859,0.84538692326845
cg03238167,chr7,73818356,CLIP2,OpenSea,-0.0326217798455504,0.00372751684761008,-1.29265765427091,0.196874416910115,0.299364234848545,0.84538692326845
cg09461072,chr16,87755225,KLHDC4,S_Shore,0.0333752368985181,0.00220478032147275,1.19775799754724,0.231719316331249,0.299530969389258,0.845468497699156
cg04533283,chr6,112021649,FYN,OpenSea,-0.0611745368324312,-0.0225089868140674,-1.2919988960087,0.197102233506667,0.299619924393608,0.845519582941428
cg16833551,chr20,57427237,GNAS,N_Shore,0.0436823719205945,0.0100547627830646,1.19738010901743,0.23186633975783,0.299677679205176,0.845555576706171
cg12267021,chr11,71790932,NUMA1,N_Shore,0.0601698180242246,0.0101045225105762,1.19710255855124,0.231974367433062,0.299785464726925,0.845613295742078
cg27317362,chr3,71138254,FOXP1,OpenSea,-0.0581778718124575,-0.0233567329377092,-1.29103030212634,0.197437551443755,0.29999613759465,0.845755442535821
cg07173283,chr6,32975590,HLA-DOA,N_Shore,-0.0339493822714511,0.00219533058793919,-1.29073592825716,0.197539543849018,0.300110538234615,0.845765074385956
cg17071948,chr6,29590143,GABBR1,OpenSea,-0.0362019784900014,-0.00345116076874408,-1.29059239200378,0.197589289225326,0.300166330360848,0.845768292564207
cg00153395,chr1,65327523,JAK1,OpenSea,0.0182622623093314,-0.0173725411992431,1.19548010573934,0.232606573115729,0.300416054511015,0.845905265934073
cg09061759,chr1,65431709,JAK1,Island,-0.0397555081566295,-0.000780141872752757,-1.28898871909387,0.198145700144293,0.300790143564647,0.846134177792948
cg17625535,chr7,4807525,FOXK1,S_Shore,-0.0599543583682674,-0.0204696685984043,-1.28892296820288,0.198168537620312,0.300815738443452,0.846163429139503
cg23067085,chr3,71180032,FOXP1,OpenSea,0.038459966946963,0.0138814115456263,1.19411635198531,0.233138922422376,0.30094678054527,0.84625675149616
cg06733215,chr16,70317506,AARS,OpenSea,-0.0358795239682761,-0.00276667999931646,-1.28843794323203,0.198337062665296,0.301004589162478,0.846269930216789
cg26406407,chr10,438229,DIP2C,OpenSea,0.0402067738380877,0.00866274577769854,1.19386078227447,0.233238781980995,0.301046308933849,0.846269930216789
cg03182620,chr10,661319,DIP2C,OpenSea,-0.0396679360511144,-0.00227366412556163,-1.2883036830411,0.198383730817202,0.301056879050515,0.846269930216789
cg25432323,chr16,70322827,AARS,N_Shore,-0.0434173563144888,-0.000253372710090682,-1.2882049261761,0.198418063340041,0.301095345433478,0.846269930216789
cg15298486,chr10,102046690,BLOC1S2,S_Shore,0.0333027470732351,0.015710900843821,1.19342286361376,0.233409962090096,0.301216901779295,0.846381514416752
cg06043710,chr10,560371,DIP2C,OpenSea,-0.0363768724985712,-0.00319770542596598,-1.2878534930118,0.198540273380022,0.301232257281297,0.846381514416752
cg07768268,chr16,556039,RAB11FIP3,N_Shelf,-0.0320491937506039,-0.00720169770856172,-1.2872937790318,0.19873502661417,0.30145039706442,0.846598699496156
cg13881964,chr6,41537476,FOXP4,OpenSea,-0.0359501406085702,-0.00587654119417591,-1.28713902230707,0.198788899154791,0.301510729638201,0.846618271171596
cg24391931,chr4,1234067,CTBP1,Island,0.0506004698912256,-0.00138040878449608,1.19247106094755,0.23378232506835,0.301587902047591,0.846688699842382
cg22330913,chr19,56172514,U2AF2,S_Shore,-0.027082010774636,-0.00804740641025192,-1.286870703953,0.198882329157763,0.301615353753318,0.846700375282838
cg14841828,chr14,99729088,BCL11B,OpenSea,-0.114761022582427,0.000290886038876434,-1.28512462962273,0.19949110942847,0.302296782657998,0.846926855476045
cg08614659,chr21,45553336,C21orf33,Island,-0.0421098087354699,-0.00351876717205957,-1.28506674401472,0.199511315001362,0.302319390819379,0.846947263493305
cg02904093,chr16,56485054,NUDT21,Island,0.0280790365088923,0.00452294098978698,1.19043759525199,0.234579270304455,0.30238153932033,0.84698018297301
cg00064840,chr7,4784485,FOXK1,N_Shore,0.0285214364854471,0.00850547133180746,1.18969538292361,0.234870634865459,0.302671561686471,0.847156627348169
cg12221970,chr1,226884832,ITPKB,OpenSea,-0.0393700958767516,0.00600966889683341,-1.28382648349166,0.199944601428633,0.302804064901957,0.847183819538719
cg11435466,chr11,60738032,CD6,OpenSea,0.0287579783663466,0.0104626217049171,1.18898973309151,0.235147884805575,0.302947468614791,0.847259726141403
cg23573900,chr5,139056794,CXXC5,Island,0.0307505417103907,0.00769620888524047,1.18892182720199,0.235174577302386,0.302974028427886,0.847265858169646
cg00957684,chr16,88962800,CBFA2T3,Island,0.040078619571128,0.00165987015317859,1.18830791543073,0.235415991909979,0.30321421603864,0.847363845310125
cg11885589,chr6,155463114,TIAM2,OpenSea,-0.032235959122027,-0.00761949542043505,-1.28181610960359,0.200648392323088,0.303590784037042,0.847541040996651
cg26604311,chr1,226891192,ITPKB,Island,-0.0284047652547005,-0.000579736161506236,-1.28149121453649,0.200762301590326,0.303718052516309,0.847609424524579
cg05237718,chr7,4808895,FOXK1,S_Shore,-0.0265129079760065,-0.00492173639092552,-1.28147768219392,0.200767047100983,0.303723354198697,0.847609424524579
cg16349424,chr19,56170507,U2AF2,Island,-0.0255214158869919,-0.00142093753476169,-1.2807865962097,0.201009505813977,0.303994188657966,0.847674046581972
cg23668004,chr7,4784903,FOXK1,Island,0.0349895620671027,0.00771966824585828,1.18584850925666,0.236384893792495,0.304177706097859,0.847681368198125
cg22831514,chr4,88312706,HSD17B11,OpenSea,0.0363412759784029,0.00891745641696642,1.18564589363282,0.236464841780441,0.304257172777985,0.847726461062438
cg04752352,chr11,17905495,SERGEF,Island,-0.0388252104435367,-0.00787792187803205,-1.27996449059953,0.201298210273066,0.304316578156939,0.84774528041964
cg08114265,chr6,112052356,FYN,OpenSea,0.0204783344400612,0.0062805994182995,1.18549034666829,0.236526230456569,0.304318188290048,0.84774528041964
cg10063682,chr7,70100095,AUTS2,S_Shelf,-0.0360504013386189,-0.000532046165033329,-1.27988329629587,0.201326740296937,0.304348430894243,0.84774528041964
cg27599033,chr16,2802711,SRRM2,Island,-0.0549101779566737,0.00243475770140483,-1.27912417448609,0.20159362346931,0.304646343463688,0.847804474008617
cg07027457,chr16,89025522,CBFA2T3,OpenSea,0.036836153292718,-0.00516078027324818,1.1844857435011,0.236922982869146,0.304712453871098,0.847859167572532
cg26672794,chr1,25257131,RUNX3,Island,-0.0309289800572214,0.00147748079730654,-1.27863624417497,0.201765300963631,0.304837930801582,0.847945103990645
cg13805574,chr9,36401384,RNF38,S_Shore,-0.0265066520143094,0.00161345946195465,-1.27802888590377,0.201979148446213,0.305076523590865,0.848108372013191
cg02605795,chr17,80376196,HEXDC,N_Shore,0.0391469315498178,0.00969052482823937,1.18103409764693,0.238289753973955,0.306069666093945,0.848648059293647
cg10314406,chr16,2809774,SRRM2,N_Shelf,0.0229993768082034,-0.000575145034912072,1.17952508796816,0.238889038390137,0.306664276664554,0.848892539012819
cg10081664,chr12,62102663,FAM19A2,OpenSea,-0.0388342158329128,-0.00507167735470993,-1.27356055825254,0.203557521880974,0.306835656264713,0.848897830001867
cg19384775,chr1,205012139,CNTN2,OpenSea,-0.0336955142045179,-0.0118588192743413,-1.27272691597502,0.203852989091586,0.307164594530448,0.849027441850681
cg09800430,chr1,226829738,ITPKB,Island,0.0268274779718841,-0.00483979702404846,1.17811125218218,0.239451493470142,0.307222078867251,0.849032893984389
cg12109141,chr4,1225729,CTBP1,S_Shore,0.0268814901708096,0.00589548544457363,1.17779593939705,0.239577059589687,0.307346571135959,0.849120939158194
cg00590260,chr10,530805,DIP2C,Island,0.0963862046814557,0.0292025456026311,1.17757665687818,0.239664411317553,0.307433168278093,0.849125214204404
cg23933164,chr6,32975352,HLA-DOA,N_Shore,0.0245382180579831,0.00609714034674436,1.17699405889848,0.239896600134686,0.307663321257714,0.849160247575223
cg07340870,chr6,134496884,SGK1,Island,-0.0244487430602876,0.00124828983626732,-1.2714489998638,0.204306527985735,0.307669287381314,0.849165092205582
cg03295251,chr16,78601911,WWOX,OpenSea,-0.0358131381326531,-0.00972031101679383,-1.27072160423831,0.204565013210996,0.30795680581235,0.849283800921801
cg07453451,chr1,65433360,JAK1,S_Shore,-0.0341313694180924,0.0157647211168647,-1.27032643233204,0.204705540412633,0.308113080331117,0.849283800921801
cg13043454,chr2,48980605,LHCGR,N_Shelf,-0.036618442335594,0.0188249654108411,-1.27010492238229,0.204784342447124,0.308200701507277,0.849283800921801
cg15713729,chr1,32757367,HDAC1,N_Shore,0.0274046015048575,0.00469090264762459,1.17527101710231,0.240584233160591,0.308344669187645,0.849315111627799
cg16889839,chr12,132547279,EP400,OpenSea,0.0302976274039114,0.00099261408629292,1.17447686675641,0.240901632156851,0.308659038351633,0.849367605665632
cg24864984,chr3,71128840,FOXP1,OpenSea,-0.0320773399681204,0.00171616557802834,-1.26805853944928,0.205513389319528,0.309010954711661,0.849399733045951
cg19963795,chr10,465366,DIP2C,N_Shore,-0.0321160974060509,-0.00818722465466881,-1.26782242866449,0.2055976281045,0.309104531898466,0.849434991153021
cg25730584,chr7,70146354,AUTS2,OpenSea,-0.0301647485754525,-0.00935722983867038,-1.26773327595817,0.205629442246396,0.309139870434577,0.849434991153021
cg01947036,chr16,2802311,SRRM2,Island,-0.128533906255353,-7.62993512191182e-05,-1.26737856519173,0.205756056340699,0.309280497875394,0.849585676017085
cg00574917,chr16,89037013,CBFA2T3,S_Shelf,-0.0278832557281317,0.00479033331560774,-1.26378912346367,0.207040508309525,0.310705933986261,0.850292130633807
cg20684696,chr10,520447,DIP2C,S_Shore,-0.0279959793159796,-0.00667526663329643,-1.26311686443614,0.207281718655572,0.310973382194711,0.850389305320813
cg25565998,chr19,56166418,U2AF2,Island,0.05269918633924,0.00504072110979764,1.16862767736131,0.243248505248448,0.310981002002423,0.850389305320813
cg18762243,chr1,226925704,ITPKB,Island,0.035986071259192,0.00639755767271506,1.16829200719663,0.243383674010358,0.311114602356617,0.850389305320813
cg07630078,chr16,89009557,CBFA2T3,S_Shore,0.0231115478273663,0.0440284861655777,1.16798847394366,0.243505947381095,0.311235444465833,0.850389305320813
cg13855279,chr11,17867864,SERGEF,OpenSea,-0.0265451857592524,-0.0063659462467025,-1.26145193831494,0.207879984564192,0.31163640186116,0.850536418458177
cg01763754,chr5,139060476,CXXC5,N_Shore,-0.0249139967915519,0.00148393588523332,-1.26134639629635,0.207917951806925,0.311678463005237,0.850563194654438
cg17960934,chr7,70096791,AUTS2,S_Shore,-0.0483912125141731,-0.020527920955558,-1.26117024006026,0.207981332754413,0.311748674024175,0.850591691497719
cg14754491,chr12,50677585,LIMA1,OpenSea,0.025817809220127,0.0094051459228425,1.16636901296569,0.244159052752007,0.311880704503104,0.850617858661966
cg09098825,chr3,47866946,DHX30,S_Shore,0.0297818644888353,0.0129441908137791,1.16633259128337,0.24417375527641,0.311895226535062,0.850642496767086
cg09749751,chr6,29600125,GABBR1,N_Shore,0.0256237099057394,0.00112034961636708,1.165232077021,0.244618299748356,0.312334233141531,0.850737606292426
cg08698685,chr6,134513473,SGK1,OpenSea,-0.0587604074009854,-0.0218215182541384,-1.25936916335923,0.20863016655217,0.312467131801939,0.850814678611891
cg14340110,chr7,2414948,EIF3B,OpenSea,-0.0294003141497757,-0.00202821420601018,-1.25935129540184,0.208636610811416,0.312474264872407,0.850814678611891
cg01660035,chr19,7968837,MAP2K7,Island,0.022893254659161,0.00368364985857987,1.16485820572265,0.244769451937975,0.312483466904282,0.85081605189693
cg02776315,chr2,48983178,LHCGR,S_Shore,-0.0680939604805803,-0.0112471615999648,-1.25893186465966,0.20878792433966,0.312641736708215,0.850943088383583
cg16792604,chr6,30539044,ABCF1,Island,-0.055630427825979,0.00235533303829318,-1.25890256949422,0.208798495823569,0.312653435997134,0.850943088383583
cg03320754,chr16,3627497,NLRC3,OpenSea,0.0321995931691624,0.00744100823816231,1.16438287371489,0.244961718598864,0.312673267346703,0.850943186550914
cg26272069,chr6,29591706,GABBR1,N_Shelf,0.0253249956170109,-0.0213749252677151,1.16403031188875,0.245104394740925,0.312814094596628,0.850988688258695
cg15556723,chr3,71247394,FOXP1,OpenSea,-0.040923382081624,-0.000491087491288789,-1.25825631460064,0.209031803070828,0.312911597072107,0.851026785475298
cg16199879,chr14,58667190,ACTR10,Island,0.0323067187200806,0.0121591078507946,1.16348130278971,0.245326686462724,0.313033473876299,0.85107468275019
cg17146029,chr7,70238460,AUTS2,OpenSea,0.0533729278682677,-0.0143374575529777,1.16309317618722,0.245483923090569,0.313188627011875,0.851097281328567
cg10911287,chr12,125271306,SCARB1,OpenSea,-0.0278857730901785,-0.00437535527145694,-1.25656024450378,0.209645010113653,0.31358979791779,0.851319886889008
cg16429499,chr16,3597151,NLRC3,OpenSea,-0.036220737606222,0.000898460712940641,-1.25410148211547,0.210536285289793,0.314574689843071,0.851702577506769
cg26744084,chr6,29581182,GABBR1,OpenSea,-0.0360411570114523,-0.00869362494520931,-1.25331283423838,0.210822743789853,0.314891024151797,0.851750156379882
cg06248406,chr17,76136725,TMC8,Island,0.121833266575319,0.0166737643341241,1.15864536104415,0.24729087424539,0.314970249437547,0.851760255570713
cg09063434,chr10,682486,DIP2C,N_Shelf,-0.0524886161530141,-0.0286190832728125,-1.25302139946808,0.21092867245372,0.315007974349466,0.851784127888335
cg27532130,chr1,167385243,POU2F1,OpenSea,0.0402654946461919,-0.0253328709636795,1.15731945928445,0.247831333921974,0.315502640508832,0.852018539333081
cg04131949,chr16,570794,RAB11FIP3,OpenSea,0.022342122281734,-0.0033917370092057,1.15723898562806,0.247864163016451,0.315534972216819,0.852018539333081
cg12079885,chr12,125328475,SCARB1,S_Shelf,-0.0346889548929194,0.0137282859826467,-1.25151014426472,0.211478592614838,0.315614885431784,0.852034742821254
cg07493562,chr16,78244468,WWOX,OpenSea,-0.0293686270658221,-0.0445929657291782,-1.25146168811435,0.211496242184216,0.315634357831135,0.852034742821254
cg17689707,chr6,134638871,SGK1,Island,-0.0369086203283589,-0.0039801371880295,-1.2513129858961,0.211550411849782,0.3156941196497,0.852034742821254
cg16203711,chr3,169491183,MYNN,Island,0.0429013087483555,0.0121018477021971,1.15660538698208,0.248122745248452,0.315789607641855,0.852103189363944
cg02216032,chr16,88949367,CBFA2T3,N_Shore,0.0310547113973173,-0.00502719723416889,1.15654218040287,0.24814855130253,0.315815016980726,0.852103189363944
cg08213607,chr16,3627243,NLRC3,OpenSea,0.0346813226968235,0.00999835237673477,1.15448427687015,0.248989784446803,0.316643037172687,0.852547672445936
cg26619047,chr5,139028068,CXXC5,Island,0.0429061971608795,0.00284997353018189,1.15394498898528,0.249210565994613,0.316860260933629,0.852685038778642
cg04682685,chr16,938049,LMF1,OpenSea,0.0323696009140437,0.00646934010760303,1.15229071742809,0.249888672632118,0.317527206917474,0.852989773012242
cg27574071,chr4,1219498,CTBP1,Island,0.0415649305488184,0.00129167945188191,1.15153172364602,0.250200226294635,0.317833515125729,0.853062623278908
cg02789394,chr6,112191479,FYN,N_Shelf,0.0305560292322446,0.0512331642641267,1.15035050686742,0.250685636576185,0.318310605537404,0.853223706947191
cg05354904,chr16,88994375,CBFA2T3,Island,0.0234552048553691,0.0160140193003541,1.15016318468681,0.250762675501081,0.318386307555693,0.853241911486825
cg03278866,chr19,805238,PTBP1,Island,0.0504137660646447,-0.00123735104570999,1.14950964594561,0.251031582538165,0.318650512772796,0.853384152462139
cg18685158,chr19,11168915,SMARCA4,N_Shore,0.0244185226961463,0.00227596435398281,1.14928745617079,0.251123051412723,0.318740369822831,0.853445425200885
cg20382675,chr3,71591429,FOXP1,OpenSea,0.0323729704178733,-0.0465557486327252,1.14927103461615,0.25112981260116,0.31874701161693,0.853445425200885
cg02550027,chr10,102046474,BLOC1S2,Island,0.0399234648857582,0.00411214142630276,1.14851447533083,0.251441446333206,0.319053104714384,0.853571133114055
cg12139305,chr7,2953011,CARD11,OpenSea,-0.0301652970038019,-0.0048359393708044,-1.24100690869925,0.215329301640159,0.319854124418962,0.85401394161908
cg13817732,chr10,102046368,BLOC1S2,Island,0.059992393247753,0.00349509760496084,1.1463025711198,0.252354102810029,0.319949112792207,0.854027495660391
cg09400332,chr11,777898,PDDC1,Island,0.0224281288321163,0.00769732278168056,1.14446651437025,0.253113438853319,0.320694119613322,0.854449254977512
cg06798483,chr3,98504973,ST3GAL6,OpenSea,0.0259603114167892,0.0488589660101422,1.14431183997778,0.253177480257436,0.320756932738309,0.854492822908102
cg21383971,chr12,132508683,EP400,OpenSea,-0.0271498002753009,-0.00486913990298321,-1.23865856788834,0.216197146127047,0.320807015210321,0.854523870777586
cg11536586,chr7,4770167,FOXK1,OpenSea,0.017124744731164,0.00972902387437624,1.14361386458894,0.253466610965848,0.321040479872601,0.854629326636617
cg09811943,chr7,38217818,STARD3NL,Island,-0.0319376576140386,0.00102791538037378,-1.23727522686207,0.216709550208863,0.321369203469592,0.854793465850612
cg08727957,chr6,41513733,FOXP4,Island,-0.0457287024631225,0.000134519314051271,-1.23671431716147,0.216917566821055,0.321597339769284,0.854919595654671
cg13693582,chr14,69441902,ACTN1,N_Shelf,0.0360851807025556,-0.0269005438749275,1.14190911847757,0.25417375831839,0.321733708032162,0.854951055842817
cg05145776,chr12,62586552,FAM19A2,S_Shore,0.0376398314934451,0.0143175613042136,1.14185095700454,0.254197908619661,0.321757376387687,0.854951055842817
cg14608230,chr9,36382242,RNF38,OpenSea,0.0384628389612924,-0.0117005544864252,1.14165329852302,0.254279994033331,0.321837820452393,0.854951055842817
cg11834473,chr6,29591753,GABBR1,N_Shelf,0.0263092031753711,-0.01618625049781,1.14156592300992,0.25431628603195,0.32187338517191,0.854951055842817
cg16778811,chr17,37071381,LASP1,N_Shelf,-0.0258691105988976,-0.0117638034922469,-1.2359373978971,0.217205929960738,0.321913507296147,0.854951055842817
cg27123256,chr14,99664279,BCL11B,OpenSea,-0.0384570461900631,-0.0359753954268292,-1.2345835074626,0.217709104245735,0.322464958079087,0.855198780681137
cg23625312,chr11,18034626,SERGEF,Island,0.0950783739809211,0.00843285863720652,1.13995266762435,0.254987012419511,0.322530494314055,0.855198780681137
cg03769939,chr1,25254129,RUNX3,N_Shore,0.0314218729318635,0.0645581361852643,1.13973541392858,0.255077431970866,0.322619052625365,0.855220829668415
cg08279362,chr16,569167,RAB11FIP3,S_Shelf,0.0204118481572093,0.0045606737517121,1.13934754564654,0.255238915817796,0.322777197352503,0.855266363949995
cg14176797,chr20,57426801,GNAS,Island,0.0187484844507275,0.0159540391907684,1.13874330293785,0.255490626415372,0.323023664683737,0.855432146868796
cg27197835,chr10,327439,DIP2C,OpenSea,-0.0303691539848863,-0.00245283184632739,-1.23273593938563,0.218397110595989,0.323218481547175,0.85553486650601
cg06962067,chr1,9005910,CA6,OpenSea,0.0194892314172548,0.00773383362249791,1.13695915255112,0.256234863930329,0.323752125832813,0.855809238171625
cg09546359,chr5,102594340,C5orf30,N_Shore,0.0544173437820543,0.00528705641935767,1.13663284506824,0.25637114261965,0.323885471502406,0.85589258387639
cg17572255,chr12,50676705,LIMA1,OpenSea,0.0790915703773521,-0.0230637785089908,1.13618864629254,0.256556738487764,0.324067050985757,0.855920308337442
cg27435133,chr16,89034778,CBFA2T3,S_Shore,0.0405304772341673,0.00642696067210224,1.13453912724375,0.257246762727768,0.324741921192727,0.856210332797419
cg12332526,chr10,94792635,EXOC6,OpenSea,-0.0248713214602843,-0.00839026305423529,-1.22887679036592,0.219839254723999,0.324796120155028,0.856255959371546
cg14968603,chr10,102046143,BLOC1S2,Island,0.0265165396146702,0.0166066010400513,1.13316802721358,0.257821302142414,0.325303577104054,0.856456548843126
cg03283282,chr4,40579075,RBM47,OpenSea,0.0355149587781985,-0.0242068059530196,1.13272601737515,0.258006710169061,0.325484776145253,0.856527165114147
cg18133905,chr10,102296115,HIF1AN,OpenSea,-0.0538329034430504,0.00272643331475747,-1.22699476176337,0.220545042145126,0.325567317502994,0.856548228028478
cg20674490,chr1,25240932,RUNX3,OpenSea,0.0648243835539254,0.00623444345736335,1.13175144310506,0.258415838627454,0.325884528383466,0.856600929113898
cg14614581,chr10,73844130,SPOCK2,N_Shelf,0.0205543212057737,0.0650749575615189,1.13103813078946,0.258715574699384,0.326177318056786,0.856701978247515
cg16531955,chr12,69965254,FRS2,OpenSea,-0.0370852189281486,-0.00315227822525743,-1.22550599679927,0.221104504505745,0.326178210451961,0.856701978247515
cg21745873,chr7,4794773,FOXK1,Island,-0.0429470137962038,-0.00493091893472208,-1.22524018255807,0.221204502067785,0.326287361778769,0.856841355472108
cg20630207,chr19,14640235,TECR,Island,-0.0360320821655159,0.00119965542449094,-1.2251142093516,0.221251903718024,0.326339098458016,0.856879025571269
cg14092997,chr19,6425737,KHSRP,Island,-0.0631035765410002,0.00736274749093124,-1.22422177142584,0.221587922730773,0.326705771706211,0.856997427332594
cg05083358,chr7,2394359,EIF3B,Island,0.0627395116800791,0.00383817898315436,1.12951429170054,0.259356706586229,0.326803373113806,0.857015575639339
cg20654468,chr11,58342997,LPXN,N_Shelf,0.036425134521762,-0.0150503889325434,1.1293706662981,0.259417191677205,0.326862420492823,0.857069499892329
cg22517161,chr4,174255689,HMGB2,Island,0.0447861364971022,0.00440088834217147,1.12917311532782,0.259500402508064,0.326943649110155,0.857109280558888
cg17922851,chr13,96297224,DZIP1,S_Shore,0.0468051550175869,-0.00809671544975593,1.12901819319851,0.259565670539753,0.327007358856114,0.857144970512579
cg13601161,chr9,35071966,VCP,Island,0.0329817936148211,0.00151749585243945,1.12900350280178,0.259571860133402,0.327013400512524,0.857144970512579
cg18599750,chr14,99664910,BCL11B,OpenSea,0.032783664320467,0.0199846175551853,1.12816045723137,0.259927237503175,0.327360237691733,0.857404417813959
cg23835219,chr4,1244017,CTBP1,Island,-0.0810651030749019,-0.00595961611328211,-1.22258029770461,0.222206925302521,0.327380897584772,0.857420462672156
cg24572400,chr7,3074642,CARD11,OpenSea,0.0324850610989798,-0.000122267857998293,1.128074048485,0.259963681331905,0.327395800582058,0.857425083798162
cg01889306,chr14,91738961,CCDC88C,Island,-0.0330814312330881,0.00407355774704177,-1.22230861256578,0.22230949800545,0.3274927269484,0.857512455389306
cg00164641,chr16,79030890,WWOX,OpenSea,-0.0335891280673381,-0.00578301330976294,-1.22210223796308,0.222387435941299,0.327577690160657,0.857581231202977
cg27304369,chr20,57427483,GNAS,N_Shore,0.0545016342606774,0.00525752001562102,1.12737846517656,0.260257180481132,0.327682170278933,0.857631699748491
cg07768107,chr4,40201943,RHOH,OpenSea,0.0256361749842678,0.00439840377158447,1.12712608260337,0.260363729386315,0.327786115656572,0.857730153133871
cg26862620,chr16,70323425,AARS,Island,0.0919464123297081,0.0103468100268983,1.12603003973601,0.260826799678734,0.328237776125859,0.857930000475604
cg20517784,chr10,436477,DIP2C,OpenSea,0.0580164637486867,-0.00123229531924673,1.12585712283161,0.260899908025248,0.328309069065858,0.85793931534255
cg01661567,chr4,1843351,LETM1,Island,0.0376187420548233,-0.00712020826836984,1.12555738595776,0.261026668879125,0.328432673157297,0.858047958042206
cg14263118,chr20,57463787,GNAS,Island,0.0191146804846638,-0.00388565180833333,1.12519173589062,0.2611813627683,0.328583499080561,0.858123704171264
cg08613606,chr10,394333,DIP2C,N_Shore,-0.0386614846740132,-0.00821101067154373,-1.21872317423069,0.223666342586707,0.328970865482294,0.85825430003171
cg15399511,chr14,75228862,YLPM1,N_Shore,-0.0571864227992176,-0.02341968095836,-1.21835502326416,0.223805998518689,0.329122884410722,0.858287963005433
cg01970716,chr14,24867164,NYNRIN,N_Shore,0.0203201532109,-0.0115285777834665,1.12340302850587,0.261939019839823,0.329321964841303,0.858389704431424
cg18168740,chr15,41797753,LTK,S_Shelf,0.0218338707463095,-0.0225889314291853,1.12290370350161,0.262150794809225,0.329528302430196,0.858499335414007
cg14485357,chr10,72201484,NODAL,S_Shore,0.0243050246879545,0.00117576616364923,1.12262286180324,0.262269958246285,0.329644392288904,0.858572331862328
cg20590175,chr12,132530165,EP400,OpenSea,-0.0606675293578026,-0.00704949698847623,-1.21668607176264,0.224439890607052,0.329812607958724,0.858673974132919
cg06033488,chr3,71057560,FOXP1,OpenSea,-0.0356149243502511,-0.00533825115237829,-1.2161404865282,0.22464739090122,0.330038283520183,0.8587819043254
cg24544803,chr6,29596840,GABBR1,S_Shore,0.0463722934099604,0.0112754227345687,1.12162328807868,0.262694390272769,0.33005779502184,0.8587819043254
cg27292079,chr16,89044681,CBFA2T3,OpenSea,-0.0171564602397506,-0.0315945323346351,-1.21504405869668,0.225064807031612,0.330492111577717,0.859039995519175
cg08124027,chr19,6425576,KHSRP,Island,0.0390232378394921,0.00888819161553666,1.1200187175779,0.263376706803488,0.330722113317498,0.859143029603851
cg08118967,chr14,99640471,BCL11B,Island,-0.0470784208320437,-0.00803167713804953,-1.21439768808786,0.225311144284349,0.330759843279975,0.859143029603851
cg23920917,chr12,69633052,CPSF6,N_Shore,0.0289606950694742,0.00859615431093463,1.11971184987642,0.26350733681843,0.330849260018814,0.859143029603851
cg03198317,chr3,121949109,CASR,Island,-0.0490051791131289,-0.00818542043350068,-1.21390371403875,0.225499532178914,0.330964545722126,0.859178151410592
cg23234556,chr7,4722035,FOXK1,Island,-0.0276372933414594,-0.00443124770711856,-1.21373185726661,0.225565100010662,0.331035782238928,0.859191255974615
cg26130645,chr7,116502393,CAPZA2,N_Shore,0.0344298375929519,0.00729151713059275,1.11795674516524,0.26425532669023,0.331577072744865,0.859593510201277
cg10983208,chr10,73848320,SPOCK2,S_Shore,0.0296442803614589,0.00855275787159335,1.11788085615225,0.264287702151086,0.331608565983237,0.859610748070058
cg01668514,chr5,137592965,GFRA3,N_Shore,-0.0372408514944146,-0.0104488394175157,-1.21179263587419,0.226305910519626,0.331840298049501,0.859610748070058
cg05557991,chr16,89003641,CBFA2T3,N_Shelf,0.0292568789209151,-0.0660056322508071,1.11698614701203,0.264669606277502,0.331980007779953,0.859695001313146
cg13187967,chr11,13485012,BTBD10,Island,0.0261233955128378,0.00598769522266412,1.11620891742483,0.265001674326739,0.332302895646597,0.859867370634492
cg26860182,chr12,133066054,FBRSL1,Island,0.0474583744358057,0.00315479064793687,1.11496897322334,0.265532031550797,0.332818430901382,0.860014730974812
cg21807865,chr1,25559068,SYF2,Island,0.0276774775341921,0.0015306357622679,1.1148860301773,0.265567534668862,0.332852934793522,0.860014730974812
cg00860090,chr1,226832000,ITPKB,S_Shelf,-0.0293637129323017,-0.0202431586256609,-1.20926367636926,0.2272746251806,0.332891372658916,0.860014730974812
cg18276112,chr7,4755032,FOXK1,N_Shelf,0.0272988212786282,-0.0558241692985373,1.11299878590333,0.266376241552217,0.33363864304436,0.860519928982738
cg14176836,chr16,30484218,ITGAL,N_Shore,0.0339530315928819,0.00562088881762812,1.11163652553241,0.266961042569127,0.334206529953733,0.860769165964486
cg09051215,chr16,88994192,CBFA2T3,Island,0.0333752221625855,0.0257042014849163,1.11013224697807,0.267607839252933,0.334834343771002,0.861128483845549
cg10144604,chr20,57465599,GNAS,Island,0.0372577948808514,0.00564852377942157,1.10996443432759,0.267680060864145,0.334904427819793,0.861176759319378
cg17385708,chr20,60745058,SS18L1,Island,-0.0387258004704626,-0.00273255067293787,-1.20384531904046,0.229360100559804,0.335150552944929,0.861268325776909
cg26557834,chr6,134570471,SGK1,OpenSea,-0.0362338132031287,-0.0137511615540218,-1.20371674756645,0.22940975199363,0.335204280410661,0.861278889611578
cg14850771,chr21,34775459,IFNGR2,Island,0.0376859113428082,0.00727480759055198,1.10902279148077,0.268085565569599,0.335297863956296,0.861315071909561
cg00834988,chr7,70060153,AUTS2,N_Shore,0.0268205172423247,-0.0513497653335931,1.10814245834265,0.26846505113543,0.335665952868586,0.861457884343659
cg00866186,chr17,73518192,TSEN54,Island,0.0215969357609582,-0.000415080738204288,1.10813732283298,0.268467265987631,0.335668100914317,0.861457884343659
cg16645828,chr7,100483871,SRRT,N_Shore,-0.0390360001197435,-0.00153062783340274,-1.20258953124345,0.229845386486794,0.33567555924114,0.861458566085187
cg12101558,chr3,122283265,PARP9,Island,0.0364586279210603,0.00322162413943626,1.10786591063689,0.268584339072616,0.335781637937921,0.861558003110988
cg19204958,chr10,415937,DIP2C,S_Shore,-0.030488491587022,-0.00148666581671641,-1.2019861290993,0.230078825431543,0.335928011365726,0.861664183349593
cg22521948,chr1,226926808,ITPKB,S_Shore,0.0249615388903569,0.00832848584654663,1.10734123338609,0.268810757273216,0.336001190760568,0.86172545745715
cg15222215,chr20,57463783,GNAS,Island,0.0204242118030678,-0.0012678238787161,1.10688036911426,0.269009746237076,0.336194117047137,0.861808758474539
cg03704006,chr16,88994295,CBFA2T3,Island,0.0391109114224155,0.00380201995867824,1.10603829294451,0.269373594491909,0.336546809736654,0.86194076234646
cg15783703,chr7,70209588,AUTS2,OpenSea,-0.0484775314709336,-0.0173434865619417,-1.19834546644215,0.231490884358861,0.337453788402447,0.862370753634813
cg11746924,chr17,62007912,CD79B,OpenSea,0.0189617282730784,0.023398103650337,1.10310159452536,0.270645148847128,0.337778669360606,0.862591773967629
cg01653132,chr16,929729,LMF1,S_Shore,0.0280246782705757,0.000552682192708764,1.10282980272778,0.270763039801922,0.337892824391717,0.862631362447564
cg15736338,chr12,62586425,FAM19A2,S_Shore,0.029187189128907,0.00521903422870152,1.10261632235034,0.270855662675617,0.337982505470501,0.862631362447564
cg25457391,chr7,4780628,FOXK1,OpenSea,0.0405337506809539,0.000871101153561482,1.10260760707583,0.270859444440581,0.337986166999329,0.862631362447564
cg19228665,chr17,1787078,RPA1,OpenSea,-0.0615441016532351,-0.0116986378381745,-1.19660523065587,0.232168026168496,0.33818468015892,0.862741972936899
cg00319545,chr1,177133737,ASTN1,Island,-0.0259257293795545,-0.00587933870780612,-1.19659408577548,0.232172367287334,0.338189364235828,0.862747596458899
cg04408897,chr6,29596901,GABBR1,S_Shore,0.0263626339712986,0.00829201098379895,1.10193718406763,0.271150465802481,0.33826790668451,0.862828726846009
cg08907819,chr7,70255804,AUTS2,Island,-0.0510694474891229,-0.0157811461498579,-1.19611243799162,0.23236003247901,0.338391835579132,0.86285739520132
cg17587997,chr6,112085781,FYN,OpenSea,-0.0266632848837346,0.0691080082019728,-1.19593987410666,0.232427295104802,0.338464395574028,0.862885740483391
cg18814344,chr5,139040546,CXXC5,N_Shore,0.018714377073803,-0.0524934774224935,1.10123365096966,0.271456090944584,0.338563722722702,0.862902234027517
cg14734200,chr3,9780875,BRPF1,OpenSea,-0.030596658181725,-0.00364038422697466,-1.19444102918195,0.233012104174673,0.339095052895931,0.863249213483439
cg04850055,chr2,170682941,UBR3,N_Shore,-0.036766378222548,-0.0132158066560372,-1.19423976840931,0.233090710432717,0.339179793204364,0.863257831872729
cg14226131,chr12,77157699,ZDHHC17,Island,0.0463852615815019,0.00378662136680714,1.09890658363242,0.272468690126731,0.339543372270822,0.863499573080729
cg23306453,chr6,29599012,GABBR1,N_Shore,0.0449894455762212,-0.00488560271458216,1.09753025009196,0.27306880688855,0.340123636273929,0.863665619762882
cg03610970,chr12,6729018,LPAR5,N_Shore,0.0374095648407777,-0.00668389682613579,1.09730624341431,0.273166565343482,0.340218137883456,0.863665619762882
cg20706496,chr6,112084071,FYN,OpenSea,-0.0342237805025383,0.0117887597136344,-1.19130371112083,0.234239590890337,0.340417556741614,0.863748039708814
cg25147026,chr1,186650441,PTGS2,S_Shore,-0.0472391600621296,-0.0273638557925792,-1.19109020757276,0.234323291710594,0.340507676890352,0.863782676063809
cg20325293,chr4,54244256,FIP1L1,Island,-0.05158607507433,0.006224927709363,-1.19097433715036,0.234368725850418,0.340556592357132,0.863812308179677
cg09265315,chr6,29572317,GABBR1,OpenSea,-0.0213970140208199,-0.00242549162457451,-1.19091521932059,0.234391909051973,0.340581551075037,0.863813912512316
cg26190723,chr3,169490778,MYNN,N_Shore,0.0240597533714119,0.00682842857685341,1.09606375788623,0.273709232930078,0.340742610238212,0.863924475588109
cg15051332,chr6,41514432,FOXP4,Island,0.0327283041672053,0.00268164410258245,1.09583182863558,0.273810612136698,0.340840568487709,0.863991970698264
cg15631127,chr20,57426580,GNAS,N_Shore,0.0157352270981189,0.00166436885478916,1.09546790932258,0.273969737782339,0.340994310757273,0.864023758182268
cg16586807,chr7,2948081,CARD11,S_Shore,-0.0326952631008083,-0.00198717193680975,-1.18938515768926,0.23499249378139,0.341227929228934,0.864134470941378
cg21056542,chr15,75745592,SIN3A,Island,0.0340015105453191,0.0037725701884337,1.09487159042067,0.274230618478648,0.341246329126974,0.864134470941378
cg26462931,chr6,112194695,FYN,Island,0.0488273890179211,0.00441279998782388,1.09431787196357,0.274473014594311,0.341480450288216,0.864213796944081
cg01847441,chr14,69431073,ACTN1,OpenSea,-0.0363347360001481,0.00210040669206402,-1.1884893600237,0.235344622335155,0.341606725329128,0.864213796944081
cg11651430,chr13,30426106,UBL3,S_Shore,-0.0321126018475423,-0.0077571716561412,-1.18831346216597,0.23541380992449,0.341681136916589,0.864253519965892
cg05308424,chr7,4800594,FOXK1,N_Shore,-0.0260423308466082,-0.00493994999634817,-1.18809234004593,0.235500806504319,0.341774694827719,0.864308579598466
cg02614932,chr10,349042,DIP2C,S_Shelf,0.0216101290084584,0.00527883102707261,1.09360340766803,0.274785995889784,0.341782689269652,0.864308579598466
cg10504892,chr17,47297928,ABI3,S_Shore,0.0224554476291109,0.000742564529960799,1.09339926869246,0.274875466797846,0.341869077367379,0.864335978970324
cg11085294,chr1,177057631,ASTN1,OpenSea,-0.0284555873485677,0.00512614691735802,-1.18729845005022,0.23581333663083,0.342110728838486,0.864459217663753
cg06214220,chr9,36400252,RNF38,Island,-0.0316043785851874,0.0069705997663452,-1.18662669477427,0.236078016029015,0.342395231244445,0.86463049450524
cg06617202,chr1,205038787,CNTN2,Island,0.0322996934373535,5.85922971241271e-06,1.09214959978861,0.275423612241497,0.34239822020048,0.86463049450524
cg06958034,chr1,23346203,KDM1A,Island,-0.0256261231887732,0.00225790209857259,-1.1862380839532,0.236231229483983,0.342559885108826,0.864718069003022
cg04060487,chr19,808528,PTBP1,Island,0.0268751624651723,0.0015178675500207,1.09136727616003,0.275767145675878,0.342729743098799,0.864879737646237
cg17899476,chr19,39967276,SUPT5H,OpenSea,-0.0292364431719789,0.000321683834045738,-1.18537070215452,0.236573457448754,0.342927576128957,0.864950573449995
cg07455318,chr14,91772383,CCDC88C,S_Shore,-0.0445277162038823,-0.0166864294269027,-1.18517526764997,0.236650615234969,0.343010457395263,0.865012659121894
cg26853401,chr4,84206199,COQ2,S_Shore,-0.0396458338137948,0.0127466229091451,-1.18506295959117,0.236694962675337,0.343058091593502,0.865031534646285
cg01117269,chr10,416315,DIP2C,S_Shelf,-0.0565500660602713,-0.010178398826723,-1.18489334886928,0.236761948577939,0.343130038082932,0.865031534646285
cg27207597,chr16,540226,RAB11FIP3,OpenSea,0.0467568250648399,0.00387915645061487,1.08794735485296,0.277272343295787,0.344181400735108,0.865433967443877
cg17381032,chr4,83956989,COPS4,OpenSea,-0.0514859548799325,0.0117333914036813,-1.18211014091269,0.237863067930166,0.344312012779785,0.865452590612093
cg23159236,chr20,57464002,GNAS,Island,-0.0302766986858997,-0.00649532669508668,-1.181740542454,0.238009564597061,0.34446916932408,0.865452590612093
cg06659904,chr16,2812915,SRRM2,S_Shore,-0.0222781941782536,-0.00227616190275726,-1.1817389002344,0.23801021566154,0.344469867712551,0.865452590612093
cg24033122,chr16,30485383,ITGAL,Island,0.0527028200104337,0.00583127662279079,1.0870327074883,0.277675854126702,0.344570306268059,0.865511548985311
cg00931124,chr16,967929,LMF1,S_Shore,-0.0486564154657372,-0.000227024583943414,-1.18135890729559,0.23816089930907,0.344631492003796,0.865511548985311
cg13326914,chr4,52862092,LRRC66,OpenSea,0.0720292080790295,-0.00511048789132929,1.08662164597656,0.277857330940146,0.344745179769607,0.86558423711237
cg07639963,chr12,77157760,ZDHHC17,Island,-0.0275656676067591,-0.00454748165608643,-1.18086788738474,0.238355710058303,0.344840411588156,0.865632569802463
cg26331122,chr4,1222382,CTBP1,Island,0.0235579761888447,-0.00323308793278521,1.08628233152725,0.278007193678246,0.344889573333039,0.865632569802463
cg08408976,chr16,2810372,SRRM2,N_Shore,-0.0406436956979137,-0.00583122303791317,-1.18024552371866,0.238602793278764,0.345105331490039,0.865742590400655
cg17875760,chr17,1802361,RPA1,S_Shelf,0.0274571876931859,0.0122187186327819,1.08523359009089,0.278470733403889,0.34533610380981,0.86581644325127
cg27016020,chr16,28303432,SBK1,N_Shore,0.0220496550205953,0.0060775897934589,1.08505828768234,0.278548267868806,0.345410779563448,0.865832628774457
cg26647736,chr12,100593455,ACTR6,Island,-0.0376779642589235,-0.000680101465651721,-1.17931119508032,0.238974069581877,0.345503288295934,0.865891842783718
cg00190545,chr17,37073701,LASP1,N_Shore,0.0223163682152017,0.000532833684233514,1.08422827870281,0.278915572524196,0.345764488580438,0.865967409585699
cg02755455,chr1,65352382,JAK1,OpenSea,0.0418512850504285,-0.00141597660132464,1.08422479316012,0.278917115681622,0.345765974433866,0.865967409585699
cg06952307,chr17,47287974,ABI3,OpenSea,-0.0313949416699636,0.00240270472332266,-1.17859819413359,0.239257671483694,0.345807172123631,0.865979257715315
cg18819620,chr6,155450816,TIAM2,OpenSea,-0.0433558106174304,-0.00295321094199641,-1.17852097074073,0.239288402008737,0.34584009525862,0.865984790985527
cg04162647,chr14,99734598,BCL11B,N_Shore,0.0379776857599172,0.0280520315364408,1.08401010188647,0.279012177378258,0.345857503109032,0.865993856507296
cg27341608,chr19,56165316,U2AF2,Island,0.0504182414200078,0.00154831018238367,1.08379632568469,0.279106855871612,0.345948657002628,0.86605685117119
cg26718707,chr10,518370,DIP2C,Island,0.0442663205684208,-0.00384489782569297,1.08325768357536,0.279345510175698,0.346178401160159,0.866166098374284
cg10186768,chr16,3613274,NLRC3,Island,0.0308113265901646,-0.000104788563426439,1.08311035067882,0.279410812704517,0.346241259200937,0.866188369296693
cg09502511,chr6,30539237,ABCF1,Island,0.0506987461770863,0.00136449680983756,1.0823190895985,0.27976170247177,0.346578966823217,0.866365560185856
cg19223119,chr10,574732,DIP2C,N_Shore,0.0193311030219426,0.0130496631336919,1.08202853556904,0.279890625937416,0.346703026953179,0.866402570393312
cg16521633,chr19,11142255,SMARCA4,N_Shore,-0.0412660748489289,0.000634798109382162,-1.17621767816417,0.240206266515714,0.346822990571591,0.866494506655542
cg17809380,chr6,155503404,TIAM2,OpenSea,-0.0493008473692793,-0.0205667161453277,-1.17610909269896,0.240249599325303,0.346869371627458,0.866504666271504
cg21860675,chr3,71586357,FOXP1,OpenSea,-0.028061042434375,0.00368777945203236,-1.17563647170851,0.240438270885325,0.347071292335859,0.866576350259408
cg11206763,chr12,56521692,ESYT1,N_Shore,-0.0270119789166466,-0.000992347481139758,-1.17488962202844,0.240736628850248,0.347390525883165,0.866682851930353
cg25020678,chr10,682841,DIP2C,N_Shelf,0.0441718395913489,-0.0155829443754111,1.08040599382133,0.280611318646063,0.347396335979889,0.866682851930353
cg17942371,chr19,796826,PTBP1,Island,-0.0489175269430356,0.00181569800163475,-1.17296866378302,0.241505232058451,0.348212478402175,0.867089902324366
cg07354506,chr5,139048148,CXXC5,Island,0.032331561778067,0.00408151844612105,1.0783493790161,0.281526632260256,0.348276390189645,0.86710581752731
cg16569664,chr4,174255099,HMGB2,Island,-0.0633653862776856,0.00327669454548386,-1.17271331830117,0.241607529887472,0.348321830351534,0.867121123469861
cg02153397,chr4,865080,GAK,N_Shore,0.0258256978670734,0.0050377753880303,1.07817066978728,0.281606264213991,0.348352929224871,0.86712944539974
cg24461627,chr10,468412,DIP2C,S_Shelf,-0.0258319534655582,0.0213514260916358,-1.17245936618132,0.241709299859274,0.348430607237599,0.867144336424336
cg07025989,chr14,99725468,BCL11B,OpenSea,0.031033659518697,0.0426256802890928,1.07788242555948,0.281734736746929,0.34847640332144,0.867176876484605
cg18857467,chr1,32787489,HDAC1,OpenSea,0.0370279715362614,0.0334930022712666,1.07780017128516,0.281771405389252,0.348511643375821,0.867205468898648
cg07304343,chr6,17600327,FAM8A1,N_Shore,0.0233918465763473,0.00307865180789518,1.07763006939302,0.281847246474078,0.348584527014514,0.867240154412526
cg23992583,chr12,62108676,FAM19A2,OpenSea,-0.0392598483828243,-0.00742663030775592,-1.17200623441303,0.241890965238267,0.348624753596761,0.867255073716848
cg02819734,chr16,3610582,NLRC3,N_Shelf,-0.0349233388417519,-0.0122708614431928,-1.17174933534339,0.241994001650937,0.348734853691742,0.867255073716848
cg11176694,chr5,139050415,CXXC5,S_Shelf,0.0236202801507985,-0.0265204951485033,1.07725853700193,0.282012945045029,0.348743751350298,0.867255073716848
cg06519422,chr6,29599226,GABBR1,N_Shore,0.0436190969627693,-0.0113322698841201,1.076776529887,0.282228012704016,0.348950389701528,0.867319486068372
cg06748956,chr1,3702204,LRRC47,N_Shore,-0.0346588687474922,-0.00637966513496913,-1.17114448459764,0.242236716008109,0.34899416382301,0.867348410679939
cg23232615,chr10,31608212,ZEB1,Island,0.0388565992895718,0.00597748955120943,1.07661266974533,0.282301151187579,0.349020654899511,0.867351631949737
cg05441596,chr4,905441,GAK,N_Shelf,-0.0365926036944563,-0.0100486082817903,-1.1702273411875,0.242605074915074,0.349387592868421,0.867449572520392
cg09449543,chr7,69246130,AUTS2,OpenSea,-0.045867054161811,-0.0180214354234701,-1.16982634278284,0.242766254951627,0.349559698482048,0.86747165213847
cg02737738,chr7,70157145,AUTS2,N_Shore,-0.0323104836822848,-0.0097337801127102,-1.16929739550513,0.242978979200255,0.349786801120819,0.867495506233708
cg05505803,chr13,96296997,DZIP1,Island,0.0498892489306906,-0.0057978693760586,1.07477077725651,0.283124161840772,0.34981109866301,0.867495506233708
cg05937969,chr3,121903016,CASR,Island,-0.0314529100311857,-0.000397679197547823,-1.16822469510193,0.243410785841148,0.350247650683163,0.86753956710412
cg00974579,chr16,88990188,CBFA2T3,N_Shelf,0.0528606558792763,0.00849408091366211,1.07370600612126,0.283600675846534,0.350268560425756,0.86753956710412
cg09616608,chr16,949331,LMF1,N_Shore,-0.0222533986834542,0.00170166665246263,-1.16804306960956,0.243483951221622,0.350325718061483,0.86753956710412
cg26484621,chr16,2816224,SRRM2,Island,-0.0581166381479432,-0.00712094210493719,-1.167152962972,0.243842742947671,0.350708468695697,0.867660233207939
cg27661264,chr20,57427738,GNAS,Island,0.0384578883213287,0.000595540256681626,1.07250402670163,0.284139249015287,0.35078542726193,0.867661336917243
cg07089783,chr10,31607955,ZEB1,Island,-0.0436943677721568,-0.000310446322980676,-1.16575072378373,0.244408725290237,0.351311976685267,0.867828392798237
cg15027815,chr1,202131184,PTPN7,OpenSea,-0.0307631364732793,-0.0167418850163664,-1.16425235775236,0.245014529504275,0.351957583373501,0.86809416489551
cg15864612,chr10,327132,DIP2C,OpenSea,0.045004413734258,-0.00930817922844929,1.0697135428721,0.285392264186368,0.351987234913288,0.8681111599525
cg17574471,chr4,1834678,LETM1,OpenSea,-0.0423423005477229,0.00364494101850388,-1.16402381646148,0.245107023885563,0.352056121821676,0.868130552392168
cg08152926,chr14,69446685,ACTN1,Island,0.0351706221696344,-0.0110302151506637,1.06946530885444,0.285503910427812,0.352094270654013,0.868150666729878
cg18278290,chr6,32978570,HLA-DOA,S_Shelf,-0.0288969493615183,-0.00399119098174106,-1.16385861306235,0.24517389970129,0.35212736221771,0.868167427233328
cg08558449,chr16,57023715,NLRC5,Island,0.0291790123559564,0.00728697115930366,1.06924946220176,0.285601014147221,0.352187358071457,0.868173365042619
cg11709225,chr12,133066762,FBRSL1,N_Shore,0.0586298738353712,0.00446282670423007,1.06898552237295,0.285719784168948,0.352301207633103,0.868188844742512
cg00370303,chr12,133066056,FBRSL1,Island,-0.0499581297819807,0.00127030684065451,-1.16327101465923,0.24541186892407,0.352380825285124,0.868206175559984
cg04645886,chr4,1214608,CTBP1,OpenSea,-0.036169238502473,-0.0115092532555718,-1.16320588729958,0.245438254611144,0.352408925355224,0.868220668326332
cg02965892,chr7,2402223,EIF3B,OpenSea,0.0295395203734634,0.00631412128929654,1.06791904261399,0.286200029536859,0.352761467304626,0.868220668326332
cg14482998,chr6,111984370,FYN,OpenSea,0.0567555029277148,-0.0327783423561627,1.06759966675074,0.286343953786354,0.352899374034781,0.868229156418934
cg04957663,chr6,29587487,GABBR1,OpenSea,-0.0318618897457498,0.0033134333270467,-1.16194450996667,0.2459496827821,0.352953443176991,0.868232631580453
cg11727338,chr10,641626,DIP2C,OpenSea,-0.0438041171870371,-0.0198299253407175,-1.16181154025494,0.246003639302107,0.353010875214352,0.868275614554834
cg27206867,chr4,10119810,WDR1,S_Shore,0.0332444871076102,0.0303559487974566,1.06715782359824,0.286543147860972,0.3530902184488,0.868314430723605
cg01439854,chr16,70323367,AARS,Island,0.113430611393799,0.00759166492548391,1.06638945219453,0.286889772800074,0.353422254968471,0.868543561661498
cg13155059,chr7,116502333,CAPZA2,N_Shore,0.0267878059235357,0.00467387095543535,1.06560939745045,0.287241958834877,0.35375954207723,0.868632067531531
cg05979819,chr16,78133395,WWOX,Island,0.0518714075883357,0.00442365649022066,1.06400566135332,0.287966947574257,0.354453618795388,0.869020851159297
cg09741713,chr12,62471915,FAM19A2,OpenSea,0.0231254312584264,0.0230544415043634,1.06365367732411,0.288126231941093,0.3546060680537,0.86906975760444
cg24415922,chr4,858814,GAK,OpenSea,0.0248369476223034,0.0181283594870276,1.06252171640721,0.288638885765612,0.355096616953307,0.869295265939677
cg08668112,chr19,56166422,U2AF2,Island,-0.0430775252179571,0.0032881336309667,-1.15689439495375,0.248004772757635,0.355138829481478,0.869320610848214
cg23681599,chr10,711944,DIP2C,Island,0.0488006575164055,0.0011892090216179,1.06202849177362,0.288862455201047,0.355310495692783,0.869376990518605
cg05991685,chr16,2818793,SRRM2,S_Shore,0.0202088790048261,0.00577053065153943,1.06159115221779,0.289060790935462,0.355500208766619,0.869400083532177
cg02795629,chr16,79236007,WWOX,OpenSea,0.0244529463958664,-0.0120098484890375,1.06154455760465,0.28908192725915,0.355520424761917,0.869400083532177
cg24973901,chr12,69633152,CPSF6,N_Shore,-0.0217642401975351,0.00365600864271678,-1.1556715483701,0.248504205754672,0.355669285563493,0.86944083759339
cg25405787,chr17,37056278,LASP1,OpenSea,-0.0268941714341105,0.0103316844396802,-1.15542679404233,0.248604252668028,0.355775517029987,0.869452884219319
cg16650955,chr16,87778976,KLHDC4,OpenSea,0.0301705210769302,0.0199288092463217,1.06013339508988,0.289722556257813,0.356133029120403,0.869602944698594
cg00004219,chr12,132536833,EP400,OpenSea,-0.0341925703344534,-0.00729572925742839,-1.15335968688508,0.249450340913362,0.356673507896585,0.869928801045854
cg00267746,chr20,57463984,GNAS,Island,-0.0249485857251252,-0.0073032012282665,-1.1529948972938,0.249599862491385,0.356832127598047,0.869978694009501
cg04036306,chr16,89005054,CBFA2T3,N_Shore,0.0264939144617612,0.0233633550278491,1.05841936969193,0.290501966265672,0.356878004771857,0.869978694009501
cg08130572,chr6,112081102,FYN,OpenSea,-0.0388009715667944,0.0118918827916268,-1.1528295349617,0.249667662641081,0.356904045941239,0.869978694009501
cg04267605,chr4,52859928,LRRC66,OpenSea,-0.0383116446065371,-0.0213555058983026,-1.15261305628158,0.249756440507617,0.356998209284507,0.869978694009501
cg09290694,chr16,972115,LMF1,N_Shore,-0.0265932578345624,-0.00205546444338367,-1.15256000144561,0.249778201663331,0.357021289328882,0.869978694009501
cg22991101,chr13,96294468,DZIP1,Island,-0.0515771731359417,-0.019549001291367,-1.15202710925442,0.249996848325298,0.35725316151864,0.870032727206466
cg00722188,chr14,91806251,CCDC88C,OpenSea,0.0316607594943758,0.000376538860464071,1.05717211400349,0.291070013808649,0.357420722556459,0.870154976105034
cg02111855,chr16,911759,LMF1,S_Shelf,-0.0438027721355952,-0.0102115388434715,-1.15085371758935,0.25047876609193,0.357764062219144,0.870235718097853
cg09758273,chr4,1237995,CTBP1,N_Shelf,0.0367663268404926,0.000736694416525463,1.05572296262823,0.291730953341016,0.358051943364504,0.870235718097853
cg14898306,chr19,14640428,TECR,Island,0.106485358270745,0.00321432348288179,1.05532653881212,0.291911933425468,0.358224739607929,0.870270093119119
cg13558682,chr1,3705262,LRRC47,S_Shore,0.0305252040001543,-0.0180169157791433,1.055081434126,0.292023869388517,0.358331603952946,0.870313933350382
cg22828884,chr3,71217277,FOXP1,OpenSea,-0.0432392684678693,-0.0387424488413649,-1.14948390480499,0.251042178199269,0.358361067118695,0.870319206128556
cg26147845,chr12,132433838,EP400,N_Shore,-0.0547567918807604,-0.0448375504009927,-1.14919738434257,0.251160137935318,0.358486020402534,0.87039302981961
cg23953309,chr6,112193859,FYN,Island,0.0278162319769492,0.0135241741205542,1.05346064403932,0.292764790611964,0.35903876447976,0.870672344344748
cg22466400,chr7,4772377,FOXK1,OpenSea,-0.0409083577559159,-0.00854351143543375,-1.14735157923425,0.251920981758832,0.359291643740158,0.870762175783264
cg08061797,chr7,2945922,CARD11,N_Shore,-0.0260488914199369,-0.00215055887858562,-1.14699003692801,0.252070198816522,0.359449576271439,0.870847736687094
cg15472885,chr3,71056608,FOXP1,OpenSea,-0.0323427114276673,-0.0108965011975587,-1.14680704885603,0.252145745891059,0.359529527575613,0.870905020649503
cg19628600,chr3,71032216,FOXP1,OpenSea,-0.0314802245840261,0.0257044549467513,-1.14619350288889,0.252399165468068,0.359797680121258,0.870959706576878
cg11351927,chr10,557886,DIP2C,OpenSea,-0.0447883698951345,-0.0160881042081352,-1.14603995507859,0.252462614861605,0.35986480840886,0.870983065309223
cg05083128,chr4,10077759,WDR1,N_Shore,0.0305926291699975,0.00285148415769976,1.05045224803338,0.294143391640055,0.360353669140206,0.871035069768017
cg05972518,chr6,29577348,GABBR1,OpenSea,-0.0385187392687325,0.00292229266157196,-1.14481605229215,0.252968757849771,0.360400157439406,0.87107597774878
cg26550851,chr1,3701203,LRRC47,N_Shelf,-0.0592735505361735,-0.022413668736132,-1.14444012005574,0.253124366356954,0.360564694783465,0.871157407847847
cg10063565,chr11,17884883,SERGEF,OpenSea,-0.0327716830723608,-0.0155364899017133,-1.14270450600746,0.253843651560603,0.361324946283834,0.871582239468735
cg01663970,chr12,125299686,SCARB1,Island,0.0276796315740631,-0.0217138735961649,1.04781768466743,0.295354266313142,0.361507658915335,0.871582239468735
cg12758636,chr10,31609882,ZEB1,Island,0.0536661724245216,0.00559407660262282,1.04739956461387,0.295546746621818,0.361691016388928,0.871625149889435
cg07642754,chr7,4763655,FOXK1,N_Shore,-0.0349054143541498,-0.00251525855556278,-1.14158082726095,0.254310095196585,0.361817687228113,0.871716384068831
cg13685680,chr12,133144341,FBRSL1,N_Shelf,0.0221425300583487,0.00210920041339946,1.0462239486651,0.296088389587079,0.362206869538149,0.871779539687875
cg00229423,chr3,98451116,ST3GAL6,N_Shore,-0.0247530354604842,-0.00312066253617807,-1.14027309436077,0.254853693765133,0.362391667169315,0.871792310749837
cg11848113,chr10,661159,DIP2C,OpenSea,-0.0355780389713723,-0.00244218272883823,-1.13924382421496,0.255282110955362,0.362843827259952,0.871909121591258
cg03205495,chr19,14640249,TECR,Island,-0.027141431798028,-0.000871871959802886,-1.13921679468119,0.25529336833302,0.362855706136581,0.871917348834865
cg14841796,chr6,29598285,GABBR1,N_Shore,-0.0211763601883607,-0.0023718556565081,-1.13795438394411,0.255819528572233,0.363410778672496,0.87222485348148
cg19140375,chr20,57426274,GNAS,N_Shore,0.0343337227578633,0.00574849681078793,1.0431152592832,0.297523871200465,0.363573162973223,0.872320406703761
cg22359107,chr11,18655812,SPTY2D1,Island,-0.0246785328837449,0.000517964491325143,-1.13706558242115,0.256190425604225,0.363801896552008,0.872415668464504
cg23651585,chr7,70252448,AUTS2,N_Shelf,-0.0319630956432255,0.000920962413002879,-1.13668219791261,0.256350527710992,0.363970686476262,0.872470821876933
cg09408143,chr16,524778,RAB11FIP3,OpenSea,0.0555491454596761,-0.0519123591388647,1.041976334534,0.298050952594735,0.364074535277831,0.872514931031833
cg14429457,chr10,665304,DIP2C,N_Shelf,-0.0363357528797512,0.00321820220807734,-1.13599850303012,0.256636213076067,0.364271813381724,0.872661433025258
cg08151828,chr19,11093828,SMARCA4,OpenSea,-0.0389189781886381,-0.0130642075791442,-1.1359402331735,0.256660571687677,0.364297484985693,0.872677318470554
cg12967384,chr12,133102272,FBRSL1,Island,-0.033328718116899,-0.00210204914249645,-1.13585730681804,0.256695240260464,0.364334021306497,0.872688715745088
cg05844895,chr16,88969569,CBFA2T3,N_Shore,-0.0236281079740068,0.00522747270551349,-1.13536782224531,0.256899942909948,0.364549728778775,0.872771841734402
cg10468107,chr12,133118627,FBRSL1,OpenSea,0.0189730924481524,0.0137263058694951,1.04053519569566,0.298718792066367,0.364709566137696,0.872808925890921
cg03259742,chr12,25354328,LYRM5,OpenSea,0.0323918575925585,-0.00379319609725859,1.04045002274664,0.298758293499498,0.364747118832984,0.872808925890921
cg11888757,chr16,87799687,KLHDC4,Island,0.0501969661520445,0.000680614790183044,1.03854986357531,0.299640457674047,0.365585525775038,0.873185933462567
cg25105066,chr7,70159340,AUTS2,Island,-0.0567058839164901,-0.00134439623367062,-1.13234931727422,0.258164796226839,0.365881695200228,0.87320566434125
cg10796099,chr5,102594140,C5orf30,N_Shore,0.0259839253970475,0.00231670472111983,1.03764996647157,0.300058850063053,0.365983006672991,0.8732310691725
cg26306056,chr6,32972989,HLA-DOA,N_Shelf,-0.0223679352333317,0.00091731250349647,-1.13187535121182,0.258363796693674,0.366091116283059,0.873234945682788
cg00201568,chr3,71214907,FOXP1,OpenSea,-0.0408294809426549,-0.0106776322949566,-1.13052076854951,0.258933123190334,0.366690048465383,0.873507783699794
cg24565496,chr16,1021302,LMF1,Island,-0.0296282052318529,0.00379767545830109,-1.13031067652376,0.259021502251785,0.366782995887519,0.873575880917292
cg18300848,chr20,57465695,GNAS,Island,0.041691279730997,0.00343863617053754,1.03506682507022,0.301262010247995,0.367125466950191,0.873661133758356
cg25470148,chr1,25257931,RUNX3,Island,-0.0307143910539698,-0.0116767734526628,-1.12934782524374,0.259426811653994,0.367209161602017,0.873679119558749
cg03287763,chr10,467839,DIP2C,S_Shore,-0.0262257070022994,-0.00454651324914002,-1.12815465657546,0.259929683881743,0.367737695560655,0.873895571476825
cg20007890,chr10,468755,DIP2C,S_Shelf,-0.0240449205906979,0.00111819285218251,-1.12730716746213,0.26028727732377,0.368113392625761,0.874108783062543
cg27581871,chr16,542535,RAB11FIP3,OpenSea,0.0370120274132612,-0.000444641449627858,1.03250255738273,0.302459564982024,0.368261775566569,0.874127764929974
cg16821323,chr3,47890491,DHX30,N_Shore,0.0242780456841803,0.000784311208307131,1.03247514551564,0.302472383917097,0.368273934451715,0.874127764929974
cg05306109,chr1,226924257,ITPKB,N_Shore,0.0184757954783207,0.0616495338653528,1.03205153561674,0.302670527733331,0.36846186382168,0.87424028479189
cg02044895,chr11,58343318,LPXN,N_Shelf,0.0332277290138233,0.0053662182077534,1.03159346546166,0.302884887846224,0.368665148213212,0.874385325845662
cg24276988,chr20,57463106,GNAS,N_Shore,-0.0411622613961027,-0.0252004399589985,-1.12603229294043,0.260825847129783,0.368679002152367,0.874385325845662
cg16152954,chr14,21901071,CHD8,OpenSea,-0.0346789577743076,-0.00492686482419191,-1.12537231303336,0.261104958878066,0.368972020464637,0.874464185232118
cg23533217,chr4,896886,GAK,N_Shore,0.0153455058582623,0.00759474470406385,1.03067944117362,0.303312920590964,0.369070986431355,0.87448312276119
cg09758680,chr10,574553,DIP2C,N_Shore,0.0213975191022044,0.0142345183348545,1.03066973848585,0.303317466471985,0.369075296035979,0.87448312276119
cg27459530,chr16,87744906,KLHDC4,S_Shore,-0.0371773028247382,-0.00370091786268212,-1.12502185906382,0.261253253417554,0.369127674112633,0.874511813754241
cg04195548,chr4,1206004,CTBP1,Island,0.0259945424537318,0.000607411465249119,1.03023307206796,0.303522099474678,0.369269280837663,0.874580852268919
cg27512502,chr16,963994,LMF1,S_Shore,-0.0313944663367394,-0.00644189606543089,-1.12459248449624,0.261435022859033,0.369318435891762,0.874602574636244
cg10782277,chr7,100474621,SRRT,S_Shore,0.037865301534097,0.00229575502614299,1.02995882064325,0.303650667744239,0.369391146767219,0.874637400739378
cg17684858,chr6,112041092,FYN,OpenSea,-0.0382656293656666,-0.00488625260263242,-1.12441774911788,0.261509019641439,0.369396084563777,0.874637400739378
cg16333846,chr6,155538155,TIAM2,N_Shore,0.0259434834683208,0.00868376098072499,1.02868793278111,0.304246930357453,0.369956202837835,0.874961066484953
cg23053782,chr3,47844291,DHX30,Island,0.0560263690558122,0.00306326177463668,1.02813557670028,0.304506322470603,0.370201956097796,0.875084103351045
cg18535455,chr12,133129288,FBRSL1,N_Shelf,0.0370701289380157,0.00307669707427061,1.02788857553332,0.304622364437734,0.370311884211296,0.875127739210898
cg04907595,chr1,25258264,RUNX3,Island,0.0295460380051348,-0.0103217094452245,1.02786127569254,0.304635191801491,0.370324035276538,0.875127739210898
cg13292542,chr17,80394588,HEXDC,S_Shore,-0.0526192204901987,-0.00326555920410287,-1.12076802440152,0.263057924097931,0.371020263694758,0.875546047267602
cg21995931,chr7,70078742,AUTS2,OpenSea,0.0236027719554919,0.0031608274086069,1.02559399789787,0.305701772771277,0.371334057028409,0.875704811938457
cg01453816,chr6,29600108,GABBR1,N_Shore,0.0361900755554459,0.00862207899643366,1.02529130752864,0.305844353305289,0.371469028045855,0.875718833763722
cg21872383,chr14,91752093,CCDC88C,N_Shelf,-0.0256081955712218,0.000957511426920798,-1.11920056655682,0.263725083835244,0.371719163017212,0.875845485393069
cg00253171,chr16,78291326,WWOX,OpenSea,-0.0513567703592687,-0.022485738254909,-1.1191537597403,0.263745024299016,0.371740045823963,0.875845485393069
cg21367783,chr7,4775278,FOXK1,OpenSea,-0.0317934249228949,-0.0121127902965682,-1.11883712756172,0.263879942164767,0.371881330009058,0.875874307980196
cg05177685,chr6,30558470,ABCF1,OpenSea,-0.0269754217551459,0.0109082940632754,-1.11858080915741,0.263989195151487,0.371995726017144,0.875883222077629
cg22848982,chr1,3697631,LRRC47,OpenSea,0.0232576139587858,0.00282205717598583,1.02384834657364,0.306524659943762,0.372112869178538,0.875913112083814
cg24861444,chr19,48956265,GRWD1,Island,0.0251433019032699,0.00260173192374436,1.02316813152149,0.306845706808561,0.372416617112575,0.876155203178325
cg22444124,chr1,226867960,ITPKB,OpenSea,-0.0295664429115939,-0.00190289640601263,-1.1175579161051,0.264425504210421,0.372452464820984,0.876166632077943
cg10668555,chr3,122283484,PARP9,Island,0.0356418525594281,0.00603190640993131,1.02284835192351,0.306996713126296,0.372559466787657,0.876179651425755
cg06982885,chr16,89029055,CBFA2T3,OpenSea,0.0314208459195256,0.0237574097816398,1.02263283161016,0.307098513989174,0.372655761643286,0.87625278141075
cg05970317,chr7,70111180,AUTS2,OpenSea,0.0237002215051835,0.0102962169064761,1.02257251292056,0.30712700949667,0.372682714901599,0.876270642686552
cg21888059,chr6,112042632,FYN,OpenSea,0.0207752009643097,-0.00383605541886833,1.02210167957673,0.307349499051013,0.372893147131041,0.876332815637511
cg14871113,chr19,39936655,SUPT5H,S_Shore,0.0465621660171675,0.0107144340347648,1.01988692057884,0.308397507133896,0.373883988986227,0.876831588197641
cg10234998,chr6,29601491,GABBR1,S_Shore,0.0420525791121359,-0.0329791125088462,1.01971202382896,0.308480367973427,0.373962303869302,0.876894409219998
cg09452312,chr16,79101802,WWOX,OpenSea,0.0243128003786177,0.019615074783355,1.01843654681186,0.309085097624871,0.374533741013983,0.877066349850391
cg16386425,chr10,429943,DIP2C,OpenSea,-0.0719916498774435,-0.026289862240469,-1.1127568823873,0.266480022983033,0.374600846500516,0.877126416985633
cg25809722,chr12,133121162,FBRSL1,OpenSea,0.0149224162251338,0.00941218357099782,1.01779390156273,0.30939008660444,0.374821862329679,0.877255507342627
cg26674752,chr10,43634212,CSGALNACT2,Island,0.0494973269627385,0.0230126760534586,1.01741774346492,0.309568697695094,0.374990571278749,0.877407772891971
cg24894764,chr5,139029542,CXXC5,Island,0.0310759917653071,0.00518102679699149,1.01708469705591,0.30972689512887,0.375139983564294,0.877537553160112
cg11432069,chr21,47702262,MCM3AP,N_Shelf,0.0423273798616772,0.00366460725182893,1.01684171594015,0.309842345255216,0.375249013691367,0.877537553160112
cg19637821,chr12,133133572,FBRSL1,N_Shore,0.0192677181996956,-0.0194202463760974,1.01682401170388,0.309850758366742,0.375256958675248,0.877537553160112
cg13393276,chr11,13484763,BTBD10,Island,-0.0296627416022681,0.00299969696124343,-1.11038127386366,0.267500690212638,0.375666719011667,0.877537553160112
cg21151651,chr11,18656163,SPTY2D1,Island,0.0295421182060766,0.00806515609911437,1.01577241224525,0.310350753557495,0.375729062687783,0.877537553160112
cg09585255,chr1,67389733,MIER1,N_Shore,-0.0401832959380444,0.00354777189808361,-1.10970789699185,0.267790492949828,0.375969185699902,0.877609837581746
cg03762694,chr6,134499419,SGK1,S_Shore,0.0304474486634832,0.0114850816123247,1.01476602891536,0.310829750576117,0.376181210706124,0.877728382590513
cg12673019,chr11,17939679,SERGEF,OpenSea,-0.0407258767228749,-0.0157828625130925,-1.10878890322368,0.268186351770806,0.376382220842523,0.877783058898943
cg01758634,chr15,75744504,SIN3A,Island,0.0202342033488753,0.0036050450332,1.01424565285344,0.311077620097258,0.376415136987288,0.877783058898943
cg04066686,chr6,29580347,GABBR1,OpenSea,-0.031598172585831,-0.00643492946407387,-1.10807292282945,0.268495041610916,0.376704207057662,0.877881438712171
cg14725733,chr10,629582,DIP2C,N_Shore,-0.0480967620607069,-0.0143796766335677,-1.10781637096082,0.268605711706051,0.376819623294438,0.877960924599213
cg09772382,chr20,57463775,GNAS,Island,0.00985660514535639,-0.00299298483596433,1.01313094603896,0.311609026163479,0.376916536629741,0.878021405110398
cg02317251,chr4,10116515,WDR1,N_Shore,0.0199100235210274,0.0398164370390448,1.01290391444034,0.311717330883408,0.377018706828971,0.878077592116219
cg07954054,chr1,225590862,LBR,OpenSea,0.0485239575501713,-0.0117744953786478,1.01288260693229,0.311727496842525,0.37702829664538,0.878081694992049
cg16993754,chr7,3020282,CARD11,OpenSea,0.0340446147162425,-0.0453696624391057,1.01279909056057,0.311767345194963,0.377065886098364,0.878107284171017
cg01229785,chr12,133072748,FBRSL1,N_Shore,0.0176962991971418,0.00689681580950308,1.01242350069214,0.311946592888396,0.377234961968274,0.878195061630484
cg00460789,chr16,88960261,CBFA2T3,N_Shore,0.0380563547326494,0.00353385172003107,1.01206679476579,0.312116891463543,0.377395580292622,0.878262428559612
cg25864042,chr11,34127291,NAT10,Island,-0.0233353324968883,0.00332989089412059,-1.10601287098035,0.269384584203377,0.377631588042472,0.878354569538331
cg17463564,chr10,384587,DIP2C,N_Shelf,0.0278150907940325,0.0137362086138489,1.01119093280407,0.312535306403245,0.37779014412607,0.878406219206971
cg16508857,chr16,78133117,WWOX,N_Shore,0.0243419641288591,0.00635352201534589,1.01099938824807,0.312626860068317,0.377876466186773,0.878448476886786
cg05384123,chr3,71294341,FOXP1,OpenSea,-0.0390638551966829,-0.0247522225725089,-1.10513395356653,0.269764723083805,0.378027681284166,0.878502831103633
cg17646765,chr4,40631741,RBM47,Island,-0.0272555038220254,-0.00170689524329977,-1.10454310764019,0.270020476241015,0.378294095913587,0.878593924706771
cg04335343,chr6,29597113,GABBR1,S_Shore,0.024187375636646,0.00812960282404485,1.00995198312383,0.313127807942225,0.378348707878758,0.878593924706771
cg10275272,chr7,4784769,FOXK1,N_Shore,0.0201140310724288,0.00377338861104762,1.00820995562049,0.313962150626353,0.379134937146076,0.878903189387428
cg06906555,chr1,205011906,CNTN2,OpenSea,0.0318790566702913,0.00275583845442962,1.00783221024738,0.314143264961567,0.379305557489676,0.878996556272965
cg10064922,chr10,729846,DIP2C,OpenSea,-0.0506654988167054,-0.00711944719783708,-1.10195194480706,0.271144056055307,0.379463825710502,0.879070826180601
cg06215859,chr16,88985709,CBFA2T3,OpenSea,0.0297367784779113,0.0017445544885194,1.00638987352708,0.314835444145717,0.379957467704805,0.87924944298619
cg03353765,chr16,88967911,CBFA2T3,S_Shore,0.0300412490134241,0.0264077617236995,1.00542925407909,0.315297004421277,0.380392032256227,0.879372309161813
cg15037445,chr5,132360199,ZCCHC10,N_Shore,-0.0370376119541384,-0.00644112768051897,-1.09919168640739,0.272344491342597,0.380712334467992,0.879467280442879
cg00383909,chr3,49044727,WDR6,Island,0.0310062349575722,0.0116801737246352,1.0045432390373,0.315723114011946,0.380793117905588,0.879514431045471
cg01166685,chr10,94608070,EXOC6,Island,-0.0387490020911459,0.0029898634353665,-1.09892539261834,0.272460495205254,0.380832916681742,0.879561320865422
cg06362078,chr7,4802876,FOXK1,Island,-0.0348452916557822,-0.00635062917029305,-1.09871319942426,0.272552955864658,0.380929018043729,0.879590388064332
cg08696640,chr6,41531327,FOXP4,S_Shelf,-0.0262921865645103,-0.025178426056045,-1.09847296535656,0.272657661008111,0.381037836964917,0.879599707114548
cg00679281,chr16,28334859,SBK1,S_Shelf,0.0184774402616297,0.0113296438141715,1.00378280353859,0.316089131424143,0.381137562621506,0.879612407714781
cg07896099,chr10,577571,DIP2C,S_Shore,-0.0368971422575031,-0.00219633686373211,-1.09785124875316,0.272928762162015,0.381319544781964,0.879699737481198
cg11001780,chr10,623056,DIP2C,OpenSea,-0.0492381427255166,-0.0297623443393734,-1.09783324031975,0.27293661754355,0.381327706540143,0.879699737481198
cg14108327,chr4,890186,GAK,N_Shelf,-0.032789479104754,-0.00442818214073626,-1.09768844202324,0.272999785029559,0.381393335728141,0.879732592818683
cg10071431,chr16,949659,LMF1,Island,0.0270172756035193,0.00395245056360161,1.00320596002247,0.316366967650569,0.381398975568304,0.879734172628724
cg02970545,chr17,73520192,TSEN54,N_Shore,-0.0254127227581083,-0.00562905013635717,-1.09759451263672,0.273040766590942,0.381435912514308,0.879736262923935
cg15167841,chr11,71787492,NUMA1,N_Shelf,-0.0275256725314489,-0.0086578864072917,-1.09749693253679,0.273083345437705,0.381480147203401,0.87974097591646
cg03264550,chr20,57465448,GNAS,Island,-0.0551979109509992,0.00914651437643077,-1.09745859618999,0.273100074659399,0.381497526571019,0.879744919368929
cg20462883,chr12,122461621,BCL7A,OpenSea,0.0265920434957346,-0.0183570028816142,1.00214927735836,0.316876335165008,0.381878126521316,0.879852080513067
cg06200857,chr20,57426420,GNAS,N_Shore,0.0409350689886075,0.0099150539212991,1.00171224658615,0.317087160975295,0.382076405272498,0.879940262321758
cg16331828,chr16,2802481,SRRM2,Island,0.0270302237632804,0.00486317359211447,1.00160810044758,0.317137415209313,0.382123665186833,0.879941467274263
cg01977582,chr16,88976280,CBFA2T3,S_Shore,-0.0229999579646014,0.000737455463202474,-1.09531654300933,0.274035942178305,0.382469375095278,0.880088296011516
cg12620342,chr12,56522011,ESYT1,N_Shore,0.0328888893605752,0.0248627037877442,1.0002292087972,0.317803273909018,0.382749722882641,0.880156415400408
cg04759756,chr20,35273933,SLA2,OpenSea,0.020229780056633,0.0676305164970489,0.999599323868801,0.318107747433321,0.383035918353095,0.880240914651078
cg25437807,chr6,29589545,GABBR1,OpenSea,-0.0451837584667658,-0.0115544473216846,-1.09353968247119,0.274813923499934,0.383276686410445,0.880322333055452
cg18665871,chr3,71113124,FOXP1,N_Shore,-0.0485308593539169,0.0153774686908257,-1.09341401122077,0.274869004710368,0.383333824262467,0.880336935686431
cg05317024,chr7,4800982,FOXK1,N_Shore,0.0215454702678947,-0.000273202021360164,0.998899170309759,0.318446412430351,0.383354194999095,0.880336935686431
cg24937675,chr6,134639482,SGK1,S_Shore,0.0406255611123475,-0.00618475533040452,0.997859027949838,0.318949967820805,0.383827323096978,0.88044998848563
cg02367472,chr5,159845898,SLU7,N_Shore,-0.020494484927097,0.00249540822314646,-1.09169458351722,0.2756233830031,0.384116105342352,0.880576002645134
cg14518868,chr12,69864352,FRS2,Island,-0.0344647599414144,9.58740784645848e-05,-1.09074670440034,0.276039859337066,0.384547775479542,0.880777828987071
cg18411055,chr7,4796655,FOXK1,N_Shore,-0.0344047953508778,-0.00889118318985616,-1.09034834961881,0.276215015794478,0.384729277278231,0.880841365233072
cg25678180,chr10,568553,DIP2C,OpenSea,-0.0263591249999978,-0.00366505238342307,-1.09019443507827,0.276282712334544,0.38479941916054,0.880841365233072
cg19700470,chr6,29589973,GABBR1,OpenSea,0.0246584157644072,0.00294015716250673,0.995459258263817,0.320113743165592,0.384920265791242,0.880841365233072
cg02059317,chr16,89024511,CBFA2T3,OpenSea,-0.0380088807396534,-0.00987422996644714,-1.08958851689006,0.276549324883619,0.385075623966659,0.880925813074383
cg16632802,chr4,52884988,LRRC66,OpenSea,-0.0367337875653291,-0.0173412432897502,-1.08903853982224,0.276791474921469,0.385326433184924,0.881080675383534
cg22140614,chr4,887730,GAK,Island,-0.0599513715960061,-0.0219474605553592,-1.08818364065919,0.27716816736128,0.385716495928701,0.88126451608846
cg25467642,chr3,9773401,BRPF1,Island,-0.0471716282879679,0.00357590396536247,-1.08753750353447,0.277453105937012,0.386011467310277,0.881422172613695
cg04106436,chr12,8665373,CLEC4D,OpenSea,0.017518802892943,-0.00227952852745128,0.992574035750166,0.32151662534432,0.386236817537765,0.881452949753652
cg19120782,chr11,71724432,NUMA1,OpenSea,0.0175881955818654,-0.00378583989461556,0.992571403927244,0.321517906852721,0.386238019714705,0.881452949753652
cg02003041,chr16,89008134,CBFA2T3,Island,-0.034166226511571,0.00349533977928917,-1.08669202407047,0.277826254433807,0.386397649473018,0.881466857048229
cg26855836,chr3,121902499,CASR,N_Shore,0.0260359081249689,-0.00857646966561071,0.992067801802861,0.321763186462667,0.386468099593607,0.881499589282139
cg02843277,chr6,155569443,TIAM2,OpenSea,0.0256922761021135,0.00408476149508608,0.991929171290344,0.321830728023593,0.386531450169526,0.881504113536614
cg07544511,chr15,75748083,SIN3A,Island,0.028265996626981,0.00407882668733113,0.991554074933509,0.322013523633913,0.386702891320424,0.881558551845302
cg21067632,chr3,71258221,FOXP1,OpenSea,-0.0360303282624351,-0.0137518735089934,-1.08514629609677,0.278509340803126,0.387104287361451,0.881759356889541
cg25977304,chr1,167189793,POU2F1,Island,0.0411509968655433,0.00368389087097716,0.990382730481718,0.322584792370479,0.387238563411926,0.881824507692503
cg22478952,chr2,30371369,YPEL5,S_Shore,0.0355332522675336,-0.00141863293568059,0.990298002309127,0.32262614031156,0.387277328324344,0.881854363018505
cg10619644,chr7,69149951,AUTS2,OpenSea,0.0643843474434515,-0.00571766029422283,0.989548805189218,0.322991904729531,0.387620204652836,0.88197885893955
cg10719970,chr6,41529932,FOXP4,S_Shore,-0.0322373034747606,-0.00673573219023971,-1.08378208135321,0.279113165266294,0.387728599833706,0.88197885893955
cg18705931,chr12,133135698,FBRSL1,Island,0.0254077347073402,0.00647094081490932,0.988821461486866,0.323347259649053,0.387953256549923,0.882038947488214
cg10856045,chr10,73848463,SPOCK2,S_Shore,0.0256787746648748,0.00659509676177778,0.988404650645374,0.323551014220595,0.38814419350262,0.882100975448977
cg06815817,chr7,148936572,ZNF212,N_Shore,0.0310330232904162,0.00378639409740822,0.988014329627075,0.323741895588365,0.388323047625897,0.882145328825384
cg14519946,chr1,3703714,LRRC47,Island,0.0215935245339861,0.000986680817111063,0.987785147374462,0.323854008468176,0.388428087624748,0.882174369720336
cg01361261,chr10,436604,DIP2C,OpenSea,0.0381915958783433,-0.00205202310428743,0.987674244513708,0.323908269772197,0.388478923411507,0.882184745387208
cg25827144,chr3,71224509,FOXP1,OpenSea,-0.0248461721599391,-0.00768150134210976,-1.08175920845422,0.280010166870538,0.388655466257743,0.882233695877507
cg25974870,chr16,56485177,NUDT21,Island,-0.0275133294789313,0.00441620993464666,-1.0815030025282,0.280123916274553,0.388772954226341,0.882259274959632
cg01557421,chr6,112032564,FYN,OpenSea,-0.0424984626147251,-0.0137666766604111,-1.08126735309054,0.280228566900083,0.388881034724062,0.882267323972575
cg24105634,chr3,121901293,CASR,N_Shore,-0.0491042331965899,-0.00524968807552517,-1.08112620672518,0.28029126199354,0.388945780192295,0.882281840101442
cg11360973,chr10,636076,DIP2C,OpenSea,-0.0267136377833224,-0.0026151472635475,-1.08081666541593,0.28042878907505,0.38908779333785,0.882331445219712
cg17871757,chr3,9781122,BRPF1,OpenSea,-0.0266997097629631,-0.00549997178591577,-1.08066033106607,0.280498264837371,0.389159529303828,0.882350766296712
cg17223645,chr10,465844,DIP2C,N_Shore,-0.0343827989106428,-0.00946084400923719,-1.08039585664333,0.280615825301275,0.389280905014457,0.88238120959682
cg23347987,chr14,99737609,BCL11B,S_Shore,0.0304321385698814,0.00975965820315189,0.985866908414003,0.324793380602939,0.389307943245612,0.88238120959682
cg05767299,chr12,133100546,FBRSL1,N_Shore,0.0241861678214952,0.00429196624863019,0.985778741955608,0.324836598946656,0.389348412461813,0.88238120959682
cg06549871,chr16,89939812,TCF25,Island,-0.0256204315828371,0.000899710429866016,-1.07992747028587,0.280824108243507,0.38949591889847,0.882434409911999
cg04430381,chr10,31609891,ZEB1,Island,0.0359277204541074,0.00684392454377075,0.985376485308201,0.325033828927075,0.389533084443027,0.882481788970232
cg07599366,chr16,89033692,CBFA2T3,Island,0.0179549034274654,-0.0263517327195258,0.984821101329182,0.325306267103387,0.389788143190823,0.882619591969022
cg10424969,chr16,79027744,WWOX,OpenSea,0.0263183072608859,-0.00609501581927452,0.984385625656044,0.325519989696487,0.389988205359159,0.882622753965613
cg04144218,chr7,69559531,AUTS2,OpenSea,-0.0298459290495997,-0.0223873601502312,-1.07861458940915,0.281408484084275,0.390098984961687,0.882700171725194
cg14766885,chr16,972510,LMF1,Island,-0.0343303186506493,-0.0127761810427518,-1.07838124204196,0.281512435863768,0.390206231429719,0.88272010186851
cg07644184,chr3,71265048,FOXP1,OpenSea,-0.032573093690457,-0.00669520824960812,-1.07823304754379,0.28157846724982,0.39027435093669,0.882753171169
cg26301389,chr5,139048106,CXXC5,Island,-0.0424276597442093,-0.00350590434927818,-1.07669692970175,0.282263540397332,0.390980872933412,0.882911855010185
cg02896872,chr1,226887044,ITPKB,N_Shelf,-0.0269837864987154,0.0147004105591091,-1.07632837546838,0.282428075689994,0.391150501229086,0.882916848156722
cg14810343,chr5,139028149,CXXC5,Island,-0.0441618402048587,-1.00497310299985e-05,-1.07579396965331,0.282666768748681,0.391396542620116,0.883084776230733
cg11807356,chr11,71736227,NUMA1,OpenSea,0.0176998393055654,-0.00909253975652724,0.980645586235725,0.327359298185764,0.391708988656687,0.88324149317506
cg09003057,chr14,91853728,CCDC88C,OpenSea,0.0259340199508071,0.0317286223618101,0.98062516507048,0.327369359634627,0.391718397016311,0.88324149317506
cg13791658,chr19,56165797,U2AF2,Island,-0.0462315683661697,-0.00145187347989129,-1.07508329608232,0.28298440459775,0.391723883503456,0.88324149317506
cg18651347,chr7,70102632,AUTS2,OpenSea,-0.0222654011234297,0.0245172746565316,-1.07480995568656,0.283106638821308,0.391849830096505,0.883265460858222
cg01782523,chr1,3712278,LRRC47,N_Shore,0.039704616202141,-0.00229935614171248,0.979990648461503,0.327682084527975,0.392010797354951,0.883300840363034
cg19509830,chr12,125329729,SCARB1,OpenSea,-0.0378099875898535,-0.00823353325972198,-1.07439932371792,0.283290335508275,0.39203908246883,0.883300840363034
cg01189917,chr3,71633604,FOXP1,S_Shore,-0.0223881723821006,-9.65884709849679e-05,-1.07436877007086,0.28330400695653,0.392053166272714,0.883300840363034
cg09928027,chr16,88945708,CBFA2T3,Island,-0.0391659826017186,0.0299387548995419,-1.07423868998093,0.283362217245333,0.392113130551804,0.883312502665695
cg04286003,chr16,3597031,NLRC3,OpenSea,-0.0351383837558521,-0.0158348299801528,-1.07415428449455,0.283399992692691,0.39215204274228,0.883358015289202
cg08630055,chr12,100593747,ACTR6,Island,-0.0358509942990327,0.000936519606435981,-1.07413540990016,0.283408440434813,0.392160744532753,0.883358015289202
cg23839398,chr16,87800492,KLHDC4,S_Shore,-0.0477979678988701,-0.0226073909103059,-1.07403213132407,0.283454668076941,0.392208361326557,0.883375575483638
cg07053668,chr16,89962054,TCF25,OpenSea,0.0354960342251042,-0.0200527194475606,0.979171304570145,0.328086190323797,0.392388566313095,0.883378167114449
cg13209878,chr6,29586025,GABBR1,OpenSea,0.077038102496313,-0.00574481595046561,0.979049036953462,0.328146521330456,0.392444958280695,0.883378167114449
cg13730341,chr6,29589573,GABBR1,OpenSea,0.0263651117481532,0.00135116452305328,0.978052591978732,0.328638470524311,0.392904719352372,0.883677358190556
cg02348462,chr19,807147,PTBP1,Island,0.0176159016165054,-0.0256321394778232,0.977556260703181,0.328883690411036,0.393133849018447,0.883769196126801
cg04240471,chr7,2420162,EIF3B,Island,0.0307076606988922,0.00212807199234921,0.977503570600623,0.328909729732186,0.393158177979761,0.883772424491485
cg26201787,chr12,77157648,ZDHHC17,Island,-0.0408231148040469,0.00266517423920404,-1.07167791704347,0.284509808187808,0.39329472727097,0.88383390030394
cg07291563,chr19,48949441,GRWD1,Island,0.0238185100153962,0.00415114123172194,0.976639294700307,0.329337044237407,0.393557376182947,0.883852788894099
cg09174555,chr1,153364020,S100A8,OpenSea,0.0202213649393399,-0.0216929000884105,0.976622107391517,0.329345545630737,0.39356531727382,0.883852788894099
cg23717186,chr1,226924311,ITPKB,N_Shore,-0.0216287598833123,0.045532053144592,-1.07010530597063,0.28521612429528,0.394021432308583,0.884073242833251
cg19403014,chr2,48982950,LHCGR,Island,0.0293515584460145,-0.0141331189316747,0.975611106465226,0.329845870167099,0.394032603013155,0.884073242833251
cg24183439,chr12,132508377,EP400,OpenSea,-0.0210478536343003,-0.00506699520430387,-1.06972963870528,0.285385025914379,0.394195148689269,0.884130966553008
cg18683606,chr7,100471612,SRRT,N_Shore,0.0345058765491955,-0.00922737246449678,0.975236524868816,0.330031368625725,0.394205820262857,0.884130966553008
cg14896608,chr17,1799628,RPA1,Island,0.0390254422288901,-0.00232344004375085,0.974979993568275,0.330158445903546,0.394324474258239,0.884149499573933
cg25533361,chr7,2395147,EIF3B,Island,0.0532942890399685,0.00453807091175827,0.97449054722498,0.330400989924033,0.394550918907277,0.884211134466485
cg01923523,chr1,3712654,LRRC47,Island,-0.0208603454519425,-0.00468538078966999,-1.06806890257308,0.2861325132235,0.394963662901805,0.884340695587298
cg19469731,chr17,1800536,RPA1,S_Shore,-0.031633712834336,-0.0154339492527228,-1.0680130437724,0.286157677991129,0.39498952758786,0.884343073898508
cg10775991,chr14,21905945,CHD8,OpenSea,0.021858408357517,-0.00871805751814991,0.973228602108952,0.331026877789727,0.395135126503222,0.884383328096708
cg15599409,chr4,868365,GAK,N_Shelf,0.0255923457633853,-0.00149925791853855,0.97279450337807,0.331242355889287,0.395336209926604,0.884479467832669
cg01791634,chr17,76130139,TMC8,S_Shore,0.0242289122857027,0.0486229311712926,0.972368063200289,0.331454121063927,0.395533805959869,0.884585351440443
cg08526825,chr16,2802229,SRRM2,Island,-0.0510017894732908,-0.00111363888293281,-1.06674283173705,0.286730322219428,0.395577959018358,0.884587882947481
cg12565057,chr7,100482617,SRRT,N_Shore,-0.03349942491632,-0.0240476268269624,-1.0666535967856,0.286770580806912,0.395619317413084,0.884609756839602
cg07503662,chr16,87761121,KLHDC4,OpenSea,0.0445921787561766,0.000247914402212723,0.971988235783845,0.331642812852314,0.395709853665751,0.884669019177173
cg18558767,chr3,71592056,FOXP1,OpenSea,0.0202757533232816,-0.0676495792535401,0.971899128673035,0.331687089838316,0.395751161126054,0.884669019177173
cg25426776,chr17,48226898,PPP1R9B,Island,0.0352489724543574,0.00324248595305247,0.970447866483609,0.332408756404156,0.396424290632332,0.884718185821257
cg26569800,chr6,29578313,GABBR1,OpenSea,0.0272815049189267,0.016406625457315,0.970315450011276,0.332474653550885,0.396485742892189,0.884718185821257
cg12194055,chr14,69377332,ACTN1,OpenSea,-0.0251577013153673,0.0196353652683064,-1.06472083694304,0.287643490706901,0.396515749143334,0.884718185821257
cg18607533,chr12,133126010,FBRSL1,Island,0.0237919297881076,0.00663804734199025,0.969837085763904,0.332712782398068,0.396707791604755,0.884809553882335
cg07424342,chr16,89008460,CBFA2T3,Island,0.0268122511048002,0.00740708044054915,0.969448967971531,0.332906067935325,0.396888004548646,0.884816250627106
cg01644623,chr14,75230239,YLPM1,Island,0.0362738776701959,0.0055699403171499,0.969308617471945,0.332975981435067,0.396953185006886,0.884851569267759
cg18502238,chr10,651119,DIP2C,N_Shore,0.0379395809316454,-0.0128727107556633,0.96821223221791,0.333522456752653,0.397462581727352,0.88507253509698
cg04424379,chr16,70323463,AARS,Island,0.0463283842640222,0.00530177200405126,0.96772982838188,0.333763086965344,0.397686838454581,0.885156155234224
cg06841713,chr10,407935,DIP2C,N_Shore,-0.0439697117529143,-0.0218402178307849,-1.06218850770233,0.288789910162146,0.397692120410847,0.885156155234224
cg17932662,chr1,202123442,PTPN7,OpenSea,-0.0159882313202474,-0.0792554624709219,-1.06145165732389,0.289124071953847,0.398034812510514,0.885279909465526
cg09151583,chr4,881283,GAK,S_Shelf,-0.0327773848020363,-0.0139097943262374,-1.06096060716341,0.289346908430972,0.398263287374433,0.885403491027173
cg21650295,chr4,870161,GAK,N_Shore,-0.0262153001072953,-0.00638133651674966,-1.06091185432018,0.289369038598978,0.398285975313,0.885404252172187
cg07377859,chr16,938605,LMF1,OpenSea,-0.0205531141279563,-0.00394765996533297,-1.06090703779607,0.289371225005117,0.398288216804081,0.885404252172187
cg07740599,chr16,524857,RAB11FIP3,OpenSea,0.0611611118445406,-0.0368136898937131,0.966424997395236,0.334414519150072,0.398293801767758,0.885404252172187
cg13099117,chr6,30538539,ABCF1,N_Shore,0.0352573211818765,0.00358306307432857,0.966204772994171,0.334524546480044,0.398396297734529,0.885464636559138
cg09461851,chr16,921161,LMF1,S_Shore,0.0277391888327535,0.0104032171023729,0.966173149145866,0.33454034813979,0.398411017284863,0.885464636559138
cg14172124,chr1,32757659,HDAC1,Island,0.0465060985434405,0.0033774452568982,0.966027913292222,0.33461292512769,0.398478622576462,0.885464636559138
cg01422136,chr5,132362224,ZCCHC10,Island,-0.0246463205359493,0.00146618029972215,-1.060122631168,0.289727446466984,0.398653361614633,0.885551506837985
cg20746807,chr20,60747786,SS18L1,S_Shelf,-0.0226198399063392,-0.00421385687432085,-1.0594477989349,0.290034144132729,0.398967660299604,0.885628666907781
cg03547017,chr17,37031281,LASP1,OpenSea,0.025695731080146,0.00927029029440263,0.964698081998935,0.335277939493511,0.399097961944556,0.88567228551213
cg23559053,chr17,37075016,LASP1,Island,0.0258627497972862,0.00709977931730632,0.964149811637765,0.335552363957325,0.399353475255133,0.885684452291015
cg01308737,chr10,429979,DIP2C,OpenSea,-0.0316272991788055,-0.0129017432250218,-1.05847232023137,0.290477867160283,0.399422246650526,0.885718202514249
cg05139728,chr16,28306816,SBK1,S_Shelf,0.0177123205851949,0.0315752378759384,0.963971204481525,0.335641793113599,0.39943673373432,0.885718202514249
cg27164753,chr4,174255082,HMGB2,Island,0.0455484762524942,0.00823039382020933,0.963867713604894,0.335693618363474,0.399484981221145,0.885738185270183
cg13331011,chr5,139054289,CXXC5,N_Shelf,-0.0527205145103192,-0.0190114831624184,-1.05821052871514,0.290597028145036,0.39954429807638,0.885738185270183
cg13328485,chr2,170806154,UBR3,OpenSea,0.0366929254121746,-0.0115009537921893,0.963539736603118,0.335857893958068,0.399637907386028,0.885747323483825
cg07274523,chr3,49395745,GPX1,Island,0.0346811785715125,0.00278957227209083,0.963240272144023,0.336007933678886,0.399777569727628,0.885844395195233
cg19585433,chr12,133658083,ZNF140,S_Shore,0.0443252575327051,0.000163170569978943,0.962875234985995,0.336190885631067,0.399947853141605,0.885934354166049
cg06958216,chr7,2393524,EIF3B,N_Shore,0.0422724031555631,0.00728162423917643,0.962631643027736,0.336313006589181,0.40006150876315,0.886006055562454
cg05661869,chr10,641615,DIP2C,OpenSea,-0.0582588127154559,-0.0204697216584607,-1.0570828926067,0.291110677331897,0.400070276600077,0.886006636072575
cg02746771,chr10,527872,DIP2C,S_Shore,0.0258382214667137,0.00500852015418429,0.962527092385457,0.33636543017823,0.400110296165258,0.886009449879745
cg17026162,chr21,45553022,C21orf33,Island,0.0278766341501131,0.00963001926456745,0.962300244313097,0.336479194063242,0.400216164610613,0.886057522922022
cg21222634,chr20,57465926,GNAS,Island,0.0455248972931794,0.00731584635373386,0.95957611466663,0.337847280189136,0.401488812037447,0.886674683158072
cg19107815,chr4,861101,GAK,OpenSea,0.0225409269840794,0.0189608888774547,0.959503890463909,0.337883600672707,0.401522586457697,0.886699652724523
cg26953435,chr12,62586003,FAM19A2,Island,0.0370612929049153,0.000482280338999268,0.959094419511014,0.338089565156909,0.401714100824458,0.886773181704949
cg26593829,chr4,844329,GAK,S_Shore,0.0212280236452525,-0.0010635858660859,0.958424865785167,0.338426525989491,0.402027377026608,0.88686116805556
cg07179924,chr11,18655979,SPTY2D1,Island,-0.0473578574754511,0.00106637011419731,-1.05278884795304,0.293072263725338,0.402077013420831,0.886871896467744
cg16340268,chr1,226925172,ITPKB,Island,-0.0223571584423379,0.00145454761083158,-1.05268166095427,0.293121342063093,0.402127182259049,0.886884946070941
cg10110652,chr6,29589927,GABBR1,OpenSea,-0.0318929746806745,-0.000748327423802486,-1.05263224093012,0.293143972163282,0.402150314549078,0.886884946070941
cg19045191,chr11,34167855,NAT10,OpenSea,0.0229807741771005,0.00115511406387669,0.957656511524591,0.338813475948075,0.402387061348644,0.886925306915026
cg24769432,chr2,157346486,GPD2,OpenSea,-0.041972056524807,-0.0163676652652042,-1.05194551826173,0.293458553607542,0.402471835024112,0.886942335198252
cg04605143,chr10,390339,DIP2C,N_Shore,0.0333900525417923,0.0076284981479875,0.957353602801578,0.338966101738544,0.402528912910249,0.88696772231175
cg03810301,chr6,29590017,GABBR1,OpenSea,-0.0264415404043131,0.00603091189450966,-1.05135625966197,0.29372866882127,0.402747846084612,0.886985092886677
cg06235438,chr16,30485966,ITGAL,S_Shore,-0.0287344871913871,0.0547278352307196,-1.05132691073848,0.293742126696601,0.402761596201984,0.886985092886677
cg05450336,chr10,729916,DIP2C,OpenSea,-0.0276388107830487,-0.00117862014935521,-1.05099128247863,0.293896057714059,0.402918859725768,0.887055068971819
cg01606460,chr12,69864653,FRS2,S_Shore,-0.0299657938965562,0.00512594846929736,-1.05090822207369,0.293934160540852,0.40295778457125,0.887072451669035
cg18323251,chr7,100484622,SRRT,Island,0.0477955989997975,0.000391851825410794,0.956074822368607,0.339610925337656,0.40312809364644,0.887105710341639
cg14771313,chr3,71161285,FOXP1,OpenSea,0.0310888080064657,-0.0115766558496491,0.955968487489717,0.339664580114851,0.403177941585593,0.887105710341639
cg17701785,chr2,30369896,YPEL5,Island,0.0248531230078967,0.00517233788085998,0.955919191879483,0.339689455694891,0.403201051761763,0.887110273217231
cg11592951,chr7,100472745,SRRT,Island,0.0408011680106888,0.00211609222903607,0.955085088760587,0.340110539061768,0.403592206274562,0.887283356159967
cg06078334,chr6,29595653,GABBR1,Island,0.0244560044748445,0.00255626262757525,0.95448827751043,0.340412035502685,0.403872221644561,0.887351648000769
cg01759672,chr5,137593418,GFRA3,Island,-0.0321198675060857,-0.00337353800652918,-1.04858043072081,0.295003355590275,0.404049580636356,0.887388147223157
cg07091062,chr16,917687,LMF1,N_Shelf,0.0218140814159592,0.00129932791893583,0.954109948182824,0.340603248480865,0.404049788609867,0.887388147223157
cg23641093,chr19,16640963,CHERP,N_Shore,-0.0228465815212456,-0.00333828096731326,-1.04856261999471,0.29501154643604,0.40405794115985,0.887388147223157
cg03258475,chr6,29577223,GABBR1,OpenSea,0.019648960458891,0.00743212050329567,0.952523776876232,0.341405673415101,0.404794758572494,0.88767183524107
cg16488974,chr14,99736462,BCL11B,Island,0.0217607938849136,0.00701678352815503,0.952007141940968,0.341667294812885,0.405037581406182,0.887708675086733
cg02904344,chr6,134498979,SGK1,S_Shore,0.0220360615248581,-0.0137701148768188,0.950950131429994,0.342202960883765,0.405534656632823,0.88784560535174
cg00780540,chr10,553457,DIP2C,OpenSea,-0.0291007147438913,-0.00632026042915435,-1.04535085892871,0.296491080544875,0.405567264373144,0.8878570994284
cg26524037,chr16,540031,RAB11FIP3,OpenSea,-0.0367838397098124,0.01800088215214,-1.04501269987799,0.296647146770908,0.405726373361094,0.887896150559591
cg09789173,chr7,4769017,FOXK1,S_Shelf,0.0285251498105387,0.000693870179351186,0.950513150351812,0.342424569220197,0.405740260055528,0.887896150559591
cg06639835,chr13,30423882,UBL3,N_Shore,0.0301840498325805,0.00780959229772664,0.950281925297713,0.3425418687607,0.405849078654349,0.887936869667226
cg26967868,chr19,11098433,SMARCA4,Island,0.0352389571868773,-0.00283345751747732,0.949702781455341,0.342835779266027,0.406121710482608,0.888044869782277
cg03340365,chr10,407847,DIP2C,N_Shore,-0.0420891518019108,-0.0109529140745082,-1.04390571592622,0.297158424691999,0.406247486942437,0.888150043338257
cg09955645,chr10,531098,DIP2C,Island,0.0636649110823993,0.0217012204002061,0.949394213457978,0.342992440908324,0.406267013437006,0.888153824852281
cg20024110,chr6,32977708,HLA-DOA,S_Shore,0.0495160969197841,-0.0039942579197757,0.948491650297703,0.343450940657167,0.406692203529012,0.888277266366489
cg27561431,chr4,890612,GAK,N_Shelf,0.0339597351926033,-0.00247588670115473,0.948190907477088,0.343603804476281,0.406833939959645,0.888339376440935
cg24444408,chr16,87799134,KLHDC4,Island,0.0210188044744235,0.0097654998022286,0.94786791950858,0.343768023791888,0.40698619307364,0.88834847041874
cg10494981,chr10,711556,DIP2C,N_Shore,-0.0364175050060927,-0.0090522370740197,-1.04141820702301,0.298309476099136,0.40741994058636,0.888485198980543
cg08948841,chr4,1244042,CTBP1,Island,-0.0584868633515653,0.0067379272282263,-1.04126305792479,0.298381367532423,0.407493134790602,0.888508798538082
cg03181166,chr7,73803588,CLIP2,OpenSea,-0.0381187902438843,0.000139932918429397,-1.04036138807373,0.298799404124047,0.407918667893303,0.888589069959953
cg00841968,chr14,69446664,ACTN1,Island,0.0381915675434702,-0.015787752826086,0.9457189274291,0.344861933267643,0.408000070299591,0.888589069959953
cg13008538,chr7,3083741,CARD11,OpenSea,0.0224502388623857,0.0146047266829878,0.945225619525612,0.345113357801418,0.4082330212088,0.888589069959953
cg14308509,chr7,4757929,FOXK1,Island,0.0230217932417756,-0.00331241268614835,0.945223349103687,0.345114515239884,0.408234093535399,0.888589069959953
cg16977735,chr10,530714,DIP2C,Island,0.0525530105370025,0.0186056740068865,0.944696376995966,0.345383227579451,0.408483029314787,0.8886023554821
cg19307003,chr11,60775715,CD6,Island,-0.0679453351492949,-0.0247308407923411,-1.03858751660673,0.29962296003242,0.408756599360144,0.888658656847466
cg26507657,chr17,1801931,RPA1,S_Shelf,-0.0272775304543665,-0.00940644703203652,-1.03858004334865,0.299626432856194,0.408760131702045,0.888658656847466
cg08751950,chr7,2416396,EIF3B,N_Shelf,0.0187196713265863,-0.00684948721137813,0.943872499101379,0.345803605593812,0.408872401178364,0.888754749391623
cg25596173,chr5,159846285,SLU7,S_Shore,-0.0418375677992648,0.00597732011379833,-1.037808199083,0.299985254091915,0.409125052738054,0.888803779588756
cg18568653,chr11,18035350,SERGEF,S_Shore,0.0228873922250352,0.00769829259597056,0.943147593434103,0.346173754245264,0.409215180541055,0.888836562298788
cg01299282,chr16,70323049,AARS,N_Shore,0.0267319541972218,0.00494348742441393,0.942888852020367,0.346305933152482,0.409337570566919,0.888840174139894
cg05885020,chr16,89939744,TCF25,Island,0.0491840269521587,0.00413206989676906,0.942125298234667,0.346696185194766,0.409698874187188,0.888936560461267
cg03821543,chr20,57463925,GNAS,Island,0.0172725816980349,-0.00393271179319699,0.940896565897403,0.347324779557084,0.41028069215664,0.889123279513071
cg04176554,chr20,57471758,GNAS,OpenSea,-0.0515812992171504,-0.0173327046622171,-1.03507732334617,0.301257113906095,0.410417741681361,0.88917736431625
cg16431810,chr7,2420339,EIF3B,Island,0.0194859110842562,-0.00370948075194832,0.94016495670989,0.347699401348907,0.410627350061233,0.889238362822167
cg00506612,chr12,6673264,NOP2,N_Shelf,0.0341675030538963,-0.00894142634793993,0.940134777859924,0.347714860020435,0.41064165342161,0.889238362822167
cg00194374,chr1,226890928,ITPKB,N_Shore,0.0217153442985278,0.00359022555322258,0.938699173422617,0.348450734060838,0.411322404474296,0.889299368323256
cg03496912,chr16,564810,RAB11FIP3,N_Shore,-0.025000167133902,-0.00237913391680356,-1.03315329794457,0.302155358008186,0.411329954960975,0.889299368323256
cg09163035,chr17,37054726,LASP1,OpenSea,-0.0227142231772064,0.00450208356569937,-1.03310158820308,0.302179523704248,0.411354488026458,0.889317429325577
cg20450712,chr8,12580385,LONRF1,OpenSea,-0.0432198170853803,-0.0219914977378237,-1.03269605723561,0.302369086679059,0.411546917431494,0.88937221581106
cg21442040,chr12,125292513,SCARB1,OpenSea,-0.0192781039299452,-0.00403503333077659,-1.03263669700304,0.30239684091828,0.411575089068994,0.889405138463803
cg19270099,chr3,122283009,PARP9,Island,0.0221889611707126,0.00866230395815786,0.938119770392084,0.348748010439693,0.411597341933627,0.889434588020523
cg16625402,chr17,1787000,RPA1,OpenSea,-0.0336769455910908,-0.00930749574844414,-1.03180297671091,0.302786831658251,0.411970883368035,0.889583315443425
cg01409593,chr10,453118,DIP2C,OpenSea,0.0245909983083295,0.000977262599451301,0.935889311921329,0.349893908775482,0.412656753155018,0.889868541207929
cg09611620,chr3,71545533,FOXP1,OpenSea,-0.0222640504528763,0.0562117119581788,-1.03019268839002,0.303541028945307,0.41273597869425,0.889896172550433
cg12835806,chr16,2812435,SRRM2,Island,-0.0289152403467296,-0.00604611068803573,-1.02999843429613,0.303632094735151,0.412828331404786,0.889935514499345
cg16155724,chr6,112102807,FYN,OpenSea,0.021839220084439,-1.72400268272366e-05,0.935460042574124,0.350114720834125,0.4128608304898,0.889935514499345
cg06021865,chr10,94607948,EXOC6,N_Shore,0.0216501532641387,0.00289648197940279,0.934328334526425,0.350697285896118,0.413399138133628,0.890007008078305
cg27177709,chr15,80264770,BCL2A1,OpenSea,-0.0348707177655957,-0.0107693652830074,-1.02875663809634,0.304214675935018,0.413418998157843,0.890007008078305
cg20088477,chr3,71221584,FOXP1,OpenSea,0.133022134861214,-0.0284422157465312,0.933542808895291,0.351102010431513,0.41377302506303,0.89009864472661
cg12519998,chr10,384286,DIP2C,N_Shelf,-0.0433312719270948,-0.0245686787897845,-1.02761129764036,0.304752665610871,0.413964228597768,0.890179313688377
cg01712159,chr16,88994740,CBFA2T3,S_Shore,0.0328144984371999,0.00485438534405502,0.932739180436472,0.351516369387014,0.414155735439645,0.890261955157379
cg03008269,chr11,13485254,BTBD10,Island,0.0279144096067934,0.00149485699418098,0.932341115377408,0.351721730864022,0.414345382699507,0.890283249187698
cg03002428,chr4,174255734,HMGB2,Island,-0.0339606836044405,0.0036298531285652,-1.02638072535062,0.305331396356337,0.414550506908722,0.89033834732898
cg15451948,chr11,778638,PDDC1,S_Shore,0.0190163154469463,-0.00029513348688881,0.931687385655402,0.352059155002224,0.41465694584868,0.89037696318174
cg23076086,chr6,112194849,FYN,Island,-0.0498399076317734,0.00380316067290697,-1.02607057830534,0.305477372030687,0.414698346880316,0.89037696318174
cg13690943,chr9,33932741,UBAP2,OpenSea,-0.0251936029973479,-0.00357990514073281,-1.0255724663654,0.305711913612249,0.414935850623515,0.890471390732807
cg10509607,chr14,99658541,BCL11B,OpenSea,0.0481011460612242,0.0440192004999389,0.929492454248816,0.353193578289884,0.415704048099428,0.890707192750558
cg17555660,chr7,38253299,STARD3NL,OpenSea,-0.0437648537764191,-0.01376985643331,-1.02391930964196,0.306491179776535,0.415724664921003,0.890733374277835
cg25559100,chr20,524528,CSNK2A1,S_Shore,0.020488969542136,0.00777701923627093,0.929247256581888,0.353320449609452,0.415821117672769,0.890745941537994
cg09962377,chr16,522007,RAB11FIP3,OpenSea,-0.0272925271909319,-0.00679956163221729,-1.02302939106019,0.306911216761226,0.416149661671196,0.890867634981682
cg02296904,chr4,877321,GAK,N_Shore,0.0324591177977512,0.00123854530826739,0.927133327173929,0.35441544817313,0.416831219933855,0.891070577013787
cg06316502,chr10,348989,DIP2C,S_Shelf,-0.0238486432585492,-0.00202287254507816,-1.02083204154755,0.30794999282886,0.417200143488427,0.891184672454918
cg04032292,chr16,88973054,CBFA2T3,N_Shelf,0.0279456125780142,-0.0494778388553137,0.924960133856058,0.355543385112357,0.417871147427638,0.891378073191865
cg25256661,chr17,7137939,DVL2,Island,0.0311948785079052,0.0140163972688233,0.924865642426747,0.35559247983127,0.417916398589227,0.891378073191865
cg09038266,chr16,79155958,WWOX,OpenSea,-0.0241193064220391,-0.00421878560549194,-1.01867492961634,0.308972015758578,0.418232908033426,0.891429843046666
cg20393620,chr6,134609828,SGK1,OpenSea,-0.0310952436489641,-0.00805539307223854,-1.01836022167036,0.309121309853606,0.418383707080657,0.891494672203377
cg19148051,chr1,3713096,LRRC47,Island,-0.0216689988646112,0.00109331570771513,-1.01787778269997,0.309350266659134,0.418614940174184,0.891551202031618
cg13447033,chr7,69525741,AUTS2,OpenSea,-0.0302201495468157,0.013709948025855,-1.01697604956814,0.309778514405679,0.419047342667635,0.891670130756733
cg24274347,chr12,132497611,EP400,OpenSea,0.0303377002394127,0.00277577261680628,0.922427218032507,0.356860891391256,0.419085137810262,0.891672570603762
cg00287737,chr4,894070,GAK,Island,-0.0298127117889285,-0.00453327316814101,-1.01622014795467,0.310137807090219,0.419410017836436,0.891907393294772
cg12774429,chr14,21853470,CHD8,S_Shore,0.0190572932618373,-0.0706372797699327,0.921698844239036,0.357240328732715,0.419434620661293,0.891928661380686
cg08345246,chr16,88978082,CBFA2T3,S_Shore,0.0213418484695858,0.0132344627644059,0.920589331983301,0.357818805340096,0.419967307714695,0.892002019436402
cg16747173,chr8,12612371,LONRF1,Island,0.0325872917837849,0.00242053393664012,0.920273877037755,0.357983384964307,0.420118833090747,0.892063686966403
cg15320998,chr7,148936039,ZNF212,N_Shore,0.0310107850063568,0.0138466613355323,0.919947749466088,0.358153582983652,0.420275518711218,0.892108536454409
cg02423659,chr4,871439,GAK,Island,0.0742076106227312,-0.00987439597876061,0.919887269943787,0.358185151385977,0.420304579430645,0.892108536454409
cg26263145,chr10,666024,DIP2C,N_Shelf,0.0284950390766962,-0.00319362063078066,0.919533585768878,0.358369798546442,0.420474550116688,0.892178584205005
cg06917548,chr19,16643283,CHERP,Island,0.0260655313877426,0.00271926109350318,0.918970946209355,0.358663658425232,0.42074502206412,0.892299079913179
cg05066096,chr7,4781872,FOXK1,N_Shelf,-0.0245924664417669,0.0168382033441403,-1.01340889804975,0.311476463931777,0.420760450305167,0.89231459277234
cg00589550,chr16,57099057,NLRC5,OpenSea,0.0193018031701223,-0.000723646880813278,0.918682855812612,0.358814183432299,0.420883552338378,0.892366284059638
cg03257179,chr15,41805946,LTK,S_Shore,0.0197202263785736,-0.0096660267208134,0.918589987734932,0.358862714781097,0.420928214306268,0.892399911349344
cg04514556,chr3,71113948,FOXP1,Island,0.0241346052915294,0.00495634645978863,0.918565216415967,0.358875660569732,0.420940127759449,0.89240544577888
cg24846573,chr12,133065806,FBRSL1,N_Shore,-0.0187815400240201,0.00246513435203344,-1.01281048727394,0.31176190725714,0.421048236436906,0.892441127692296
cg25086702,chr4,174255559,HMGB2,Island,0.0270100317336407,0.00491991837141757,0.916356968051476,0.360030901588683,0.422002951935202,0.892753963303966
cg05370094,chr16,88946905,CBFA2T3,N_Shore,0.0179738654242432,0.0105060091975744,0.916037214352355,0.360198374189964,0.422156978837873,0.892796068916233
cg26923905,chr4,88312455,HSD17B11,OpenSea,0.0260051278786752,0.00551390904803901,0.915947062388596,0.360245600602272,0.422200411428657,0.892811510906074
cg05757530,chr16,57038916,NLRC5,OpenSea,-0.0225543470703658,0.0344374638458206,-1.00996437504135,0.313121878096537,0.422418561626135,0.892903761804199
cg12217517,chr12,56522352,ESYT1,Island,-0.0563537687753068,0.00229545707344403,-1.00992336916202,0.313141500729571,0.422438323912456,0.892909747886331
cg07047920,chr16,2802315,SRRM2,Island,-0.0302997316828747,-0.000348230116108267,-1.00957137417855,0.31330997508442,0.422607985908784,0.892909747886331
cg08811588,chr7,100473311,SRRT,Island,0.0609542805588969,0.0230768155014522,0.915059058610618,0.360710992867223,0.422628365716751,0.892909747886331
cg06252160,chr16,78405853,WWOX,OpenSea,-0.0247798371050546,-0.00395514843954403,-1.00951508799767,0.313336920731527,0.422635119615608,0.892909747886331
cg15585576,chr7,70231304,AUTS2,OpenSea,-0.0250205141319004,-0.00587952737188369,-1.00920960609534,0.313483189504446,0.422782400139053,0.892967725685058
cg10816846,chr12,132529397,EP400,OpenSea,-0.0204971932053921,-0.00495718814398127,-1.00915868211254,0.313507576966177,0.422806954797351,0.892967725685058
cg01541347,chr7,4729920,FOXK1,OpenSea,0.0175892974099818,-0.00172954018972005,0.914527601662249,0.360989704201474,0.422884611446716,0.893000282029572
cg10817093,chr4,174089402,GALNT7,N_Shore,-0.028919355917225,0.00152545914616485,-1.00881474167737,0.313672322630316,0.422972818759162,0.893000282029572
cg04606170,chr16,3628412,NLRC3,OpenSea,0.0218610535248901,0.00821019039612546,0.914329449656949,0.361093655513821,0.422980175119857,0.893000282029572
cg14210726,chr17,76136952,TMC8,Island,0.0159953714186929,-0.0625520159898285,0.914202805700982,0.361160103295497,0.423041258902374,0.893000282029572
cg16719582,chr12,133090971,FBRSL1,OpenSea,0.0185238562909403,0.00314093972299534,0.913545777796784,0.361504957436348,0.423358244008765,0.893000282029572
cg04987857,chr12,69863677,FRS2,N_Shore,-0.0373335173118983,-0.021750601705862,-1.00689319486328,0.314593785401557,0.423900178173107,0.893162275531051
cg21234506,chr15,80263132,BCL2A1,OpenSea,-0.027478058804138,0.0363592708672786,-1.00603593834551,0.315005451711393,0.424314282838704,0.893324310128327
cg01441945,chr19,16643557,CHERP,Island,0.0208109633083227,0.000548305563167539,0.91155504406129,0.362551098064286,0.424319527854294,0.893324310128327
cg14651457,chr8,12611650,LONRF1,Island,0.0234561245577319,0.00637761560093224,0.911531903454103,0.362563269748217,0.424330709469057,0.893337012192648
cg01765653,chr6,29599160,GABBR1,N_Shore,0.0263871824037646,0.00145389073058699,0.911454521685773,0.362603973502799,0.424368101836003,0.893359567338303
cg20767936,chr2,190526040,ASNSD1,N_Shore,-0.0208254737173636,0.00187497057953663,-1.00516963480009,0.315421823346139,0.424732997908827,0.893449601807612
cg24887140,chr1,186649639,PTGS2,Island,0.0266383211819197,0.00254812506334436,0.910358218959706,0.363180950687463,0.424898063443762,0.893516712102747
cg18030265,chr6,32975083,HLA-DOA,N_Shore,0.0184581915075116,0.0085440198939517,0.909593477469565,0.363583770558258,0.425267974493149,0.89352697928011
cg17737471,chr19,16633898,CHERP,N_Shelf,0.020263613677476,0.00138816554961252,0.908982968788982,0.363905551144575,0.425563416954472,0.893632048027775
cg25804470,chr6,29600193,GABBR1,Island,-0.0228837258068503,0.00343515447714303,-1.00277394469546,0.316575152820298,0.425892175788165,0.893712750547956
cg25453122,chr19,16630140,CHERP,Island,0.0320050753091727,0.000463137451384932,0.907860988990984,0.364497378579885,0.426106687123062,0.893792452944844
cg11573518,chr7,73721031,CLIP2,S_Shore,0.030595367350363,0.0144312193243407,0.907753665823776,0.364554021555352,0.426158674916722,0.893792452944844
cg03920169,chr12,6677409,NOP2,Island,0.03437654612132,0.00366673415360925,0.907382748223622,0.364749826801062,0.426338377452562,0.893792452944844
cg14233720,chr14,99664344,BCL11B,OpenSea,0.0186691610079766,-0.0422889264737657,0.90700851815044,0.364947447509118,0.426519729600594,0.893792452944844
cg21430939,chr4,875499,GAK,Island,-0.0277076681452519,-0.00300963357948392,-1.00122396857444,0.317322817894648,0.426643129336989,0.893792452944844
cg05314096,chr18,59557721,RNF152,N_Shelf,-0.020770019780004,-0.00384837593965393,-1.0008265526638,0.317514707232102,0.4268357990857,0.893883028900424
cg04035048,chr7,70231181,AUTS2,OpenSea,-0.035901172468348,-0.0108879325435344,-0.999780780621898,0.318020015276013,0.4273430382456,0.893997011741974
cg05017298,chr5,56244748,MIER3,N_Shore,-0.03334614572142,-0.0107787758057447,-0.999498389557366,0.318156554847014,0.427480068826683,0.893997011741974
cg23324086,chr14,99739029,BCL11B,N_Shore,-0.0382264838694142,0.00755441891896416,-0.999377551950092,0.318214993099484,0.427538713229142,0.893997011741974
cg04569429,chr17,37024625,LASP1,N_Shore,0.0331183438348933,-0.0220486200182585,0.904898030678318,0.366063194926322,0.427543315090067,0.893997011741974
cg00837218,chr14,21865939,CHD8,OpenSea,-0.0407291027360432,-0.0171672875174177,-0.999055415948158,0.318370815716376,0.427695073820529,0.89404036749622
cg13728472,chr20,57427117,GNAS,N_Shore,0.0214803366103447,0.0102938903819748,0.90433494170928,0.366361242748283,0.427816654570543,0.894072934649419
cg07313589,chr1,156736588,PRCC,N_Shore,0.0513066295890132,0.0092620230112484,0.904188325178857,0.366438873057977,0.427887843116611,0.894100089687965
cg06868393,chr12,6677610,NOP2,Island,-0.0415368150845294,0.000967931254240283,-0.998549949396608,0.318615419508666,0.427940487761844,0.894124685352273
cg18558744,chr10,485205,DIP2C,OpenSea,0.0433199207068522,-0.00303366034192187,0.90332527626426,0.366896047643422,0.428307029732953,0.894201138501688
cg11992992,chr3,71633216,FOXP1,Island,0.0215655506760745,0.00590575178115564,0.903058098994031,0.36703764919648,0.42843684731789,0.894201138501688
cg00311371,chr2,136315087,R3HDM1,OpenSea,-0.03600419772062,-0.014415948705777,-0.996471295484651,0.319622613337589,0.428950576407392,0.894418082404412
cg14916754,chr12,132530012,EP400,OpenSea,-0.0290695726347875,-0.00624977215397882,-0.996412184611965,0.319651285539964,0.428979320647203,0.894418082404412
cg14530993,chr4,882597,GAK,S_Shelf,-0.0330902533407535,-0.00108933786605803,-0.99638950586712,0.319662286495117,0.428990349089543,0.894418082404412
cg22218709,chr7,4723740,FOXK1,S_Shore,0.0246703361295432,0.00818926125828701,0.901466038368434,0.367882135725676,0.429210881102863,0.894483471637617
cg20916646,chr4,852691,GAK,OpenSea,-0.0216724458558909,-0.00278550720911019,-0.994085631009516,0.320781140362078,0.43011155863216,0.894671818070731
cg13469874,chr4,1229266,CTBP1,Island,0.0246973022582753,-0.00635294141841813,0.899521292451036,0.368915345669769,0.430157486675668,0.894689055298863
cg25685510,chr19,14671512,TECR,OpenSea,-0.0170279909401667,-0.0319848318015027,-0.99285032530196,0.321382110835315,0.430713435686116,0.894908219237641
cg25629930,chr4,10089839,WDR1,OpenSea,-0.0317792001285422,-0.00618735042689489,-0.992815114770064,0.321399251406156,0.430730598446531,0.894908219237641
cg19334176,chr10,443029,DIP2C,N_Shore,-0.0252357708651143,-0.0355383977252721,-0.992636796662244,0.321486066287661,0.430817522594826,0.894935404003272
cg08221175,chr14,69444840,ACTN1,Island,-0.0205368931889097,0.00404000138843488,-0.992627885791983,0.32149040498355,0.430821866614745,0.894935404003272
cg06175036,chr4,846732,GAK,S_Shelf,-0.028896115077944,-0.00395654201241868,-0.990444399721636,0.322554699531631,0.431887074642109,0.895252938245741
cg26873338,chr12,69637167,CPSF6,S_Shelf,0.0220833466562392,-0.00225567270003357,0.895838247437551,0.370877042830256,0.431953527409335,0.895270694684459
cg06506078,chr10,94608258,EXOC6,Island,0.0401983227262026,0.00307294569505694,0.8946996772882,0.371484791252751,0.432509630221095,0.895367082627569
cg13387972,chr10,334430,DIP2C,OpenSea,-0.0192621627824698,0.00826352431181232,-0.989128215637004,0.32319735902739,0.432529908117794,0.895367082627569
cg25983380,chr20,57465439,GNAS,Island,-0.0641431553241177,0.01266012929797,-0.98877014121157,0.323372342613301,0.432704889965816,0.895373351953303
cg02219071,chr6,29596540,GABBR1,S_Shore,-0.0259629914479906,0.0068425813822989,-0.988377306562741,0.323564384086647,0.432896905375702,0.895462321402188
cg07837642,chr16,70323574,AARS,S_Shore,0.0264633133591536,0.00725110923602559,0.893732281200115,0.37200165699498,0.432982453381015,0.895502966562084
cg22153728,chr1,25291584,RUNX3,OpenSea,0.0256106848934298,0.0471854018825377,0.893689209667382,0.372024679893707,0.433003511915568,0.895510599781784
cg10102256,chr11,18034688,SERGEF,Island,0.0954666010749853,0.00822931124709694,0.892987338422021,0.372399973993032,0.433346754320329,0.895611531429771
cg07331701,chr18,29258797,B4GALT6,OpenSea,-0.022083520739565,-0.00670949333902471,-0.98698530349627,0.324245480240367,0.433577705604413,0.895709999220914
cg20704819,chr6,29585653,GABBR1,OpenSea,0.0480403840518991,-0.0258018513788142,0.89209967903156,0.372874947079208,0.433781079660716,0.895749242791633
cg08405378,chr19,11071244,SMARCA4,Island,0.0419575961260402,0.0057826170015271,0.891968249723103,0.372945304908527,0.433845408454746,0.895775620910765
cg24182729,chr12,133066526,FBRSL1,N_Shore,-0.0623593558271393,0.00318094381580021,-0.98620921173894,0.324625622435079,0.433957544854513,0.895819150806963
cg24936467,chr6,29598417,GABBR1,N_Shore,-0.0259406209048328,0.000603620631051904,-0.985786571918887,0.324832760622519,0.434164476501983,0.895912740831512
cg10364968,chr3,121977827,CASR,OpenSea,-0.0836967181349399,0.0144105087656706,-0.984657379288136,0.325386607796756,0.43471762800865,0.896032179111671
cg24336646,chr6,132834059,STX7,Island,-0.0393421757293139,-0.000509252272820837,-0.984371808271226,0.325526772487652,0.434857583587103,0.896056934825291
cg05240948,chr16,88961784,CBFA2T3,Island,0.0206280281378387,0.00749927722884902,0.889769819181306,0.374123410390268,0.434922259592651,0.896080475834676
cg10304922,chr12,133065924,FBRSL1,Island,0.0259791941036488,0.00184892400961753,0.889318559045168,0.374365519360512,0.435143489809129,0.896161780071377
cg17245337,chr1,25558596,SYF2,Island,-0.0297815840986837,0.00275508589604648,-0.983102554175445,0.326150227844511,0.435479947344685,0.896329048541188
cg24555639,chr17,80397641,HEXDC,Island,0.0211111025981886,8.38228366787375e-05,0.888088809766526,0.375025794894684,0.435746703760618,0.896423711956982
cg01232145,chr3,71027078,FOXP1,OpenSea,0.0394678586164602,-0.0224365301859751,0.888037938962946,0.37505312393659,0.435771667179718,0.896423711956982
cg10097215,chr6,132834914,STX7,S_Shore,0.0356984321548642,-0.0152107719863169,0.887851054220567,0.37515353360309,0.435863382701965,0.896443560555642
cg03844838,chr10,661087,DIP2C,OpenSea,0.0258554441580073,0.00531484457022413,0.887316494691818,0.375440834447942,0.436125784484267,0.896548765508339
cg11510941,chr7,38217997,STARD3NL,Island,0.0317141888367841,0.00407538628311958,0.887273364379228,0.375464020927666,0.436146960035604,0.896555381989391
cg01263942,chr10,695859,DIP2C,OpenSea,0.0727372685794011,-0.012189972393323,0.887020702162643,0.375599867764334,0.436271020698979,0.896595167578399
cg11337289,chr13,96294131,DZIP1,Island,-0.0345111088466929,-0.00666071541275304,-0.981220440006729,0.327076152076269,0.436403765078755,0.896697343252255
cg27127141,chr4,10086450,WDR1,OpenSea,-0.0260474543790454,-0.0018532570805837,-0.980873334457628,0.327247100953024,0.436574261775011,0.896747171011431
cg27179111,chr16,3627489,NLRC3,OpenSea,0.0204694361457149,0.0240538637561112,0.886263799105512,0.376007007994369,0.436642792332952,0.896747171011431
cg17104738,chr4,1844724,LETM1,S_Shore,-0.0284489145687321,-0.0091660128077703,-0.980289039598071,0.327534996634031,0.436861351457601,0.896769576512119
cg04214866,chr16,1021098,LMF1,Island,0.0690031393623034,0.00155208070119986,0.88557440998827,0.376378070159704,0.436981561588209,0.896771117996516
cg15370577,chr6,29580340,GABBR1,OpenSea,-0.0347955920261629,-0.00897614845920036,-0.978560181538957,0.328387811417117,0.437711451768831,0.896945668157144
cg07681561,chr4,1224054,CTBP1,N_Shore,0.0213367742751739,0.00387550899440992,0.883698598325615,0.377388869290697,0.437904110631647,0.897006249144217
cg04102510,chr1,226850741,ITPKB,OpenSea,0.0259807640920401,0.0190127990574398,0.883341239358071,0.37758162589745,0.438079991468784,0.897045964589852
cg16358843,chr14,91765880,CCDC88C,OpenSea,-0.0266749978142161,-0.00688609604154633,-0.97743820081412,0.328942037186802,0.438263652068714,0.897113369023166
cg04002758,chr16,28303471,SBK1,N_Shore,-0.0208749692310637,0.00183977716140986,-0.976834381239448,0.329240558191367,0.438560996988976,0.897191057159913
cg17106462,chr19,48956129,GRWD1,Island,0.0333606863370637,-0.000947277603023711,0.882181901516641,0.37820738274894,0.438650860667824,0.897232505310668
cg15283062,chr12,125348591,SCARB1,Island,0.0491097044639151,0.00290056742759849,0.881028698290864,0.378830464015322,0.439219133016573,0.897297299006945
cg16218387,chr6,17600646,FAM8A1,Island,-0.0199387285532562,0.00186624796087032,-0.97473923173832,0.330277740417799,0.439593631141897,0.897452591367592
cg22876402,chr3,71553543,FOXP1,OpenSea,-0.0420863623454391,-0.0133524379876232,-0.974049410533033,0.330619693363024,0.439933927775187,0.897698160036081
cg06181531,chr16,57023355,NLRC5,Island,0.0324603204489148,0.011433845017107,0.879255673997323,0.379789673718724,0.440093663298717,0.897698160036081
cg02648939,chr19,7976860,MAP2K7,N_Shore,0.0190576106738514,-0.00161112566692345,0.87858894536989,0.380150762684389,0.440422780219169,0.897730840289675
cg18966688,chr7,70096458,AUTS2,Island,-0.0464453718297429,-0.0168320729493402,-0.972987106415742,0.331146740283393,0.440458269961972,0.897730840289675
cg13916990,chr9,34048851,UBAP2,Island,0.0183097528130465,0.00792692125282224,0.877314145193877,0.380841762261952,0.441052451959671,0.89791500921937
cg09740560,chr6,29602390,GABBR1,S_Shore,-0.023584671998938,-0.0574344968292705,-0.971641782780571,0.331814985570545,0.441122821625673,0.897977196019643
cg04298511,chr7,70159330,AUTS2,Island,0.0474272292150466,-0.000351060530006126,0.875749491399881,0.381690933197098,0.441825997955491,0.898200581142699
cg24456340,chr17,47286483,ABI3,OpenSea,0.0318507615372096,0.022655479969361,0.875466418205983,0.381844687516899,0.441966028854331,0.898204505182061
cg07170686,chr16,87755754,KLHDC4,S_Shore,-0.0291182096175988,-0.00764180076795229,-0.969883009197559,0.332689917001107,0.441992471651617,0.898213780988501
cg27655716,chr12,133100670,FBRSL1,N_Shore,0.0180543719209767,-0.00833999568770713,0.874669073255847,0.382277979156582,0.44236059668095,0.898322232862943
cg25488288,chr10,735472,DIP2C,Island,-0.0273656534408475,-0.00755127304883484,-0.968783691493253,0.333237549778903,0.442536542547023,0.898466761734854
cg05286348,chr19,16641544,CHERP,Island,-0.0455613779120903,-0.00065380394154646,-0.96857701461806,0.333340572483119,0.442638873184393,0.89850340499177
cg27500575,chr20,60739596,SS18L1,N_Shore,0.016865196416637,0.00493847221654442,0.874082522852709,0.382596914328727,0.442650980986835,0.89850340499177
cg10791023,chr3,122005090,CASR,OpenSea,-0.0254710831178434,-0.00505856909632829,-0.968361269406308,0.333448137508329,0.442745708205769,0.898544509178271
cg06655030,chr16,2809731,SRRM2,N_Shelf,0.0316431742195743,-0.00245218384496182,0.873878369792997,0.382707960389343,0.442752076888847,0.89854780759989
cg23892580,chr19,11071746,SMARCA4,Island,-0.0446878990580716,0.00435967360253665,-0.968161897026546,0.333547559443918,0.442844448660617,0.898615124814738
cg17753711,chr6,30539066,ABCF1,Island,0.0429793650616767,0.00231365699771124,0.873471384371746,0.382929393288715,0.442953654077661,0.89866734691843
cg17900047,chr4,1214930,CTBP1,OpenSea,-0.0272049578194433,-0.00747387029221325,-0.967746258688556,0.333754889435245,0.443050336702772,0.898685405090053
cg26494542,chr16,963219,LMF1,Island,0.0209284019336602,0.001233143088188,0.873260430703359,0.383044200100862,0.443058158676926,0.898686853178402
cg20010506,chr12,62585467,FAM19A2,Island,0.0216782741440651,-0.0142090197010266,0.87315116985078,0.383103671193809,0.443112291085653,0.898706528340163
cg17901382,chr17,73514798,TSEN54,S_Shore,-0.043615016048395,0.0217425429872019,-0.966870877390608,0.334191822693469,0.443484139102779,0.898839781233401
cg10903826,chr4,1242276,CTBP1,Island,-0.037320915269867,0.00227620522860584,-0.966699725540599,0.334277293782329,0.443568983160726,0.898848754159834
cg22799341,chr10,102034618,BLOC1S2,OpenSea,-0.0238254271074315,-0.00572186757822069,-0.966150638957581,0.334551596221818,0.443841241070765,0.898946334208625
cg05484691,chr10,321879,DIP2C,OpenSea,-0.016095313425971,0.000351668856294118,-0.965507771850208,0.334872932786988,0.444160120149178,0.899066279803302
cg06439982,chr16,2802372,SRRM2,Island,-0.0415106580589227,0.00139148686799381,-0.965072662140243,0.335090535233142,0.444376020257402,0.89914703158711
cg22297202,chr19,16636636,CHERP,Island,0.0222718563345452,0.00579801588946216,0.870505997644917,0.384545180445148,0.444423973419267,0.899156065784813
cg13660126,chr10,709898,DIP2C,N_Shore,-0.0288502296245767,-0.00073852602090696,-0.964511754326077,0.335371185361589,0.444654429347549,0.89921370571914
cg02224314,chr14,99641151,BCL11B,Island,-0.114532055552963,-0.0150711772345523,-0.964400479733831,0.335426879641123,0.44470967281287,0.899242966100544
cg18388619,chr17,1792197,RPA1,OpenSea,-0.0192093278286002,-0.0110409470439944,-0.96355951237304,0.335847987291195,0.445127306669694,0.899300542397751
cg01253753,chr12,8666295,CLEC4D,OpenSea,-0.0298285710489713,-0.0865907848048589,-0.962988962657427,0.336133879878708,0.445410775354757,0.899339182588398
cg23026543,chr7,70203221,AUTS2,OpenSea,-0.0383314082897767,-0.0200825969645393,-0.962848378023759,0.336204348537378,0.445480638422947,0.899346406437063
cg09343421,chr7,100483511,SRRT,N_Shore,-0.0170413138140001,0.0239008385028842,-0.962512358268015,0.336372818556281,0.445647647627493,0.899356815575711
cg11047973,chr11,18034355,SERGEF,Island,0.0223893939027356,0.00373626879014222,0.867849718961644,0.385996088338764,0.44574339005597,0.899387933599656
cg14986215,chr10,94604056,EXOC6,N_Shelf,0.0259567107384397,-0.010356491767204,0.867608776320741,0.386127861390001,0.445863180461772,0.899430817438141
cg13027384,chr21,34776124,IFNGR2,Island,0.0323757457130082,0.00328576571133769,0.866852351253647,0.386541734144119,0.44623937443883,0.899593433216325
cg26937500,chr7,3083338,CARD11,OpenSea,-0.0473411432553702,0.00587438402245522,-0.961226492639073,0.337018015591032,0.446287080483358,0.899599236943322
cg18865685,chr1,177001903,ASTN1,OpenSea,0.0699339731476768,-0.00674645289064624,0.866727091995251,0.386610295099312,0.44630168724442,0.89959966954401
cg00209038,chr2,48982683,LHCGR,Island,0.0265106275983645,-0.0221678009227111,0.865882252395347,0.387072914602332,0.446722099520505,0.899803403628056
cg17419623,chr1,186649559,PTGS2,Island,0.0250317536764907,0.00232436522425174,0.864508894633587,0.387825664365151,0.447405995680886,0.900046703679939
cg02220284,chr3,71013485,FOXP1,OpenSea,0.0286531510933833,-0.0274049798602463,0.863783267458396,0.388223748473772,0.447767579203494,0.900086753213075
cg22008490,chr1,202129255,PTPN7,OpenSea,0.0240535255167128,0.00330118281008224,0.863215264373691,0.388535533178139,0.448050733720386,0.90010776773819
cg03477043,chr16,2812423,SRRM2,Island,0.0241542777985922,-0.000976425982885387,0.863000002109998,0.388653733577199,0.448158070420618,0.900111605329835
cg09869286,chr10,673730,DIP2C,OpenSea,0.0382404095810563,-0.00536995326307688,0.862903575437168,0.388706688540431,0.448206156602909,0.90013003760213
cg15963344,chr12,122492779,BCL7A,OpenSea,-0.0324262595403118,-0.00203313370357949,-0.957258148922898,0.339014206998119,0.448263741195848,0.90016010270959
cg20007569,chr12,62584726,FAM19A2,N_Shore,-0.0243501929071131,-0.00109476808490191,-0.957146612979066,0.339070422599864,0.448319369803429,0.900169530182458
cg17317859,chr14,75231455,YLPM1,S_Shore,-0.0248479675291862,0.0148745035527939,-0.956219777741712,0.339537792101525,0.448781780961168,0.900376518682368
cg19268017,chr7,70060835,AUTS2,Island,-0.0309851056641183,0.00127472930684366,-0.955941987139068,0.339677952591763,0.448920427315552,0.900404996551098
cg08119412,chr4,10084747,WDR1,OpenSea,-0.0331552376837406,0.0006308957988308,-0.955290965326971,0.340006574431508,0.449245450013598,0.900555188984501
cg01044580,chr14,21900820,CHD8,OpenSea,-0.0244482928795837,-0.00463976253326226,-0.955215729868705,0.340044564857525,0.449283019925568,0.900555188984501
cg01617859,chr6,41527294,FOXP4,N_Shore,-0.0283079609911692,-0.0128940058937393,-0.955086369879904,0.340109892052175,0.449347621869427,0.900555188984501
cg04880992,chr1,67434664,MIER1,OpenSea,0.0252209794302964,-0.00495898962497543,0.860325429142814,0.39012417242247,0.449492916223054,0.900563910316439
cg04387418,chr14,54955830,GMFB,Island,0.104033818120676,0.00972230252767927,0.859952712139116,0.390329355618036,0.449679113427863,0.90064282844259
cg24307440,chr9,139886715,C9orf142,Island,0.0673532359250632,0.00956734409234005,0.859848849536778,0.390386544399512,0.449731007571079,0.900662922328918
cg22463793,chr17,1802332,RPA1,S_Shelf,-0.0229577528400478,-0.00378145186490464,-0.954014226817047,0.340651638354517,0.4498832492599,0.900698905513743
cg18433109,chr17,1801772,RPA1,S_Shelf,-0.0301547211065657,-0.012688653604813,-0.953809138488023,0.340755331220099,0.449985749683778,0.900760342408547
cg22019649,chr5,139027535,CXXC5,Island,0.0193180331541834,-0.00558640041009635,0.858974494343674,0.390868184078314,0.450168006929338,0.900844902861966
cg17958658,chr10,73847963,SPOCK2,Island,-0.0204171244207433,0.000375758567681031,-0.95320466952278,0.341061069368285,0.450287932226026,0.900888490624031
cg08156927,chr16,963866,LMF1,S_Shore,-0.0259165547544642,-0.00130241268052222,-0.952811784005936,0.341259883906602,0.45048440285365,0.901025288229455
cg00089214,chr12,132516068,EP400,S_Shore,-0.0187593880580019,-0.00694969935413359,-0.952771784679188,0.341280129214879,0.450504408077201,0.901038101154867
cg04104695,chr5,139058749,CXXC5,N_Shore,0.0167883526469624,0.0113629248838011,0.857598890886617,0.391626669960765,0.450856015023493,0.9012532013369
cg00696540,chr6,112194776,FYN,Island,0.0401973613182742,0.00297712859252086,0.857202103571764,0.391845618678482,0.451054578767671,0.901310104686523
cg04764687,chr16,89949827,TCF25,S_Shelf,0.0283024716761814,0.000462490507154967,0.857023184093451,0.391944371494676,0.451144131391057,0.901329179604144
cg08822689,chr16,79021949,WWOX,OpenSea,-0.132005022424964,-0.00291198811665028,-0.951466166416134,0.341941380144186,0.451157674892875,0.901329179604144
cg04991071,chr3,71615924,FOXP1,OpenSea,-0.0283265943387497,0.0101358496585354,-0.951107160401632,0.342123348511061,0.451337397673732,0.901441001609152
cg01558151,chr9,34048101,UBAP2,N_Shore,0.0323251712998369,0.00640675232589752,0.855857719704022,0.392588008717268,0.451727714805141,0.901571382086067
cg24242429,chr13,108867887,LIG4,S_Shore,0.0244686134383656,0.00730963099437965,0.854115192225831,0.393551532596494,0.45260104700635,0.901702991445781
cg02902969,chr10,409431,DIP2C,Island,0.0164580826655614,-0.000319236239429643,0.854050059292994,0.393587575448649,0.452633709269689,0.901702991445781
cg09877136,chr14,54955533,GMFB,Island,-0.0198537210402969,0.00157144522727765,-0.947804969759897,0.343800035684814,0.452992413132694,0.901758487409564
cg03316098,chr6,29601398,GABBR1,S_Shore,0.0141676472225366,-0.0206419794964047,0.853332681488837,0.393984686194718,0.452993541363222,0.901758487409564
cg10085474,chr4,1221935,CTBP1,Island,0.0183387380510711,-0.0572418659678327,0.852868044967427,0.394242019642766,0.453226686209759,0.901781586415081
cg01453111,chr16,87798736,KLHDC4,N_Shore,0.0360928157517515,0.0196419720620377,0.852632312683941,0.394372616210587,0.453344997611499,0.901827683305021
cg18107727,chr1,225615856,LBR,Island,0.0214810505865787,0.00609484400360694,0.852353946227473,0.394526866095453,0.453484729069665,0.901858018577714
cg08639402,chr6,17600538,FAM8A1,Island,-0.0350722145841842,0.000452251927312325,-0.945076986186481,0.345189134838874,0.454362224109452,0.902043288071789
cg24237339,chr7,38238509,STARD3NL,OpenSea,-0.0311038207165158,-0.0183233903951195,-0.944998346203239,0.345229231799541,0.45440174644291,0.902043288071789
cg26314924,chr10,629565,DIP2C,N_Shore,-0.0308800752767785,-0.0103636271769386,-0.944241131502748,0.345615473013572,0.454782401254616,0.902146338975123
cg06241812,chr3,71293694,FOXP1,OpenSea,0.0203042790049263,-0.00362274313708644,0.849736606376157,0.395978991041068,0.454799741599903,0.902146511305464
cg15176338,chr7,148951560,ZNF212,OpenSea,0.0196360501602257,0.00279111470816407,0.849280043904119,0.396232627717965,0.455029349065513,0.902204856119323
cg18170784,chr3,71114262,FOXP1,N_Shore,0.0159283822199514,0.00124661327320011,0.849127427785628,0.396317433347096,0.455106115002096,0.902221943024048
cg18541581,chr14,21905982,CHD8,OpenSea,0.0101701492348605,-0.00597079883557611,0.848750969158846,0.396526670665167,0.455295504941171,0.902305098132843
cg22741735,chr5,139056804,CXXC5,Island,-0.0378542804248514,-0.0105070842212535,-0.942923942808048,0.346288005016606,0.45544498503032,0.902354423009414
cg03892937,chr1,67395684,MIER1,Island,0.0183080809185197,0.00303789182111658,0.848107408275949,0.396884519525412,0.45561937222558,0.902395230316874
cg10466626,chr16,79002001,WWOX,OpenSea,-0.0334131799626387,-0.0150334672588702,-0.942251239788163,0.346631797169358,0.455783583488297,0.902395230316874
cg00387170,chr6,41514002,FOXP4,Island,0.0236064294044674,0.021813490893935,0.84749379294833,0.397225899380631,0.455928290330116,0.902395230316874
cg14928882,chr2,136288382,R3HDM1,N_Shore,0.0252323525938922,0.00182483214607528,0.847263663215563,0.397353975991523,0.456044177067764,0.902396120205929
cg04324598,chr6,29602034,GABBR1,S_Shore,-0.0382064865563082,-0.0142009418764777,-0.941514444016104,0.347008594811426,0.45615460486582,0.902399041967483
cg04260992,chr1,25549257,SYF2,OpenSea,-0.0434060424836315,-0.013893610752018,-0.941424625566811,0.347054545886943,0.456199845516769,0.902404817770053
cg02582774,chr12,120966704,COQ5,N_Shore,0.0195245196274171,0.00497063570327245,0.846860851038422,0.397578217604878,0.456247061608933,0.902404817770053
cg20634940,chr10,465975,DIP2C,Island,0.040662336854153,-0.00340021226663256,0.84674786967534,0.397641126977667,0.456303976081841,0.902408312798769
cg07946583,chr12,77158144,ZDHHC17,Island,-0.0240682158424578,-0.00521029991077379,-0.941020716060512,0.347261233835313,0.456403321861886,0.902464641605717
cg20018057,chr20,57465139,GNAS,Island,0.0172731699698161,-0.00718496568458427,0.846255869834388,0.397915148585165,0.456551868023573,0.902546071493064
cg21841682,chr14,69445844,ACTN1,Island,0.0325807632865118,0.00173107413986535,0.84624257502384,0.397922554776614,0.456558567605222,0.902546071493064
cg24789136,chr12,132502558,EP400,OpenSea,-0.0191268002687488,-0.000400305102861376,-0.940697740097087,0.347426563147703,0.456566063250611,0.902546071493064
cg09244436,chr7,38221350,STARD3NL,S_Shelf,-0.0346841646832858,-0.0208128008015707,-0.938757620123339,0.348420755581201,0.457544338624639,0.902812659763212
cg15834037,chr1,226899011,ITPKB,OpenSea,0.0284028845923965,0.0127041263903861,0.84426516769427,0.399025045028039,0.457555646876675,0.902812659763212
cg02149193,chr12,132512069,EP400,N_Shelf,0.0302430362738896,0.000609923154061942,0.844262907585726,0.399026306191382,0.457556787202931,0.902812659763212
cg04714201,chr6,30538986,ABCF1,Island,0.0184024971952207,0.00202625132694626,0.84197955549841,0.400301669551911,0.458709655557748,0.903105546985157
cg09077096,chr7,3033798,CARD11,OpenSea,-0.0238338618177011,-0.00613711901642977,-0.936064155861126,0.349803996147386,0.458904424930883,0.903197463286801
cg19316405,chr11,770410,PDDC1,OpenSea,0.0198382117585808,-0.00653421437962165,0.840255691783909,0.401266158594724,0.459581114907247,0.903492625929093
cg02281959,chr1,67391144,MIER1,S_Shore,-0.0159574079930921,0.00379227186836956,-0.934338348145668,0.35069212851975,0.459777074956661,0.90353924869021
cg03230175,chr2,157291462,GPD2,N_Shore,-0.0225101718224302,-0.0100406786147808,-0.933905444409192,0.350915133674967,0.459996117210948,0.903563422410041
cg00950947,chr10,653567,DIP2C,S_Shore,0.0283172416270862,-0.00614410122155573,0.838606185793689,0.402190354914458,0.46041585164179,0.903658719045458
cg05561180,chr11,17824006,SERGEF,OpenSea,0.0331075851694422,-0.00684844721191324,0.838249783071612,0.402390210850614,0.460596321500779,0.903670945080735
cg12365396,chr15,75744976,SIN3A,Island,0.0206126909979466,0.00893393998286983,0.838151962503477,0.402445075040182,0.460645861329168,0.903700333193071
cg27058497,chr1,25291546,RUNX3,OpenSea,0.0244688945757003,0.0704082456493604,0.83798471245309,0.402538890264849,0.460730569628037,0.903723436503866
cg11217574,chr12,56522261,ESYT1,Island,-0.0365536950108585,0.00173704678710414,-0.932131918599314,0.351829685898991,0.460894101906029,0.903730865953969
cg24308604,chr4,174092462,GALNT7,S_Shore,0.04372708824998,0.00584929861911795,0.837408163289973,0.402862393658024,0.461022645252443,0.903789484370999
cg24429708,chr10,640061,DIP2C,OpenSea,0.0317591105068251,0.000632853661886923,0.836844548681548,0.403178790557433,0.461308268329025,0.903863533015066
cg25837803,chr1,186649909,PTGS2,Island,0.0320876680532401,-0.00889862290429734,0.836782456808624,0.403213656269859,0.461339740683453,0.903868143062723
cg05361458,chr16,88953254,CBFA2T3,Island,0.0208383456958182,0.00176515058904603,0.836315400305821,0.403475975068589,0.461576514905836,0.903868143062723
cg22953267,chr6,30541653,ABCF1,S_Shelf,-0.0200892801034228,0.0280297006279029,-0.930650603174529,0.352594714413789,0.461644882929433,0.903868554343023
cg24466109,chr4,54244549,FIP1L1,S_Shore,0.0271173524074544,0.0122523043000599,0.836089843626508,0.403602694019592,0.461690885128595,0.903868554343023
cg04646113,chr15,75744117,SIN3A,Island,0.0840495698026951,0.00967871120630797,0.835982589293737,0.403662958469045,0.461745274801694,0.903868554343023
cg05866545,chr16,911857,LMF1,S_Shelf,0.0444140044260249,-0.00438041792162092,0.835921559650999,0.403697252437795,0.461776225100188,0.903868554343023
cg19793499,chr7,70096378,AUTS2,Island,-0.0322337880609255,-0.0181286049851466,-0.930108632156752,0.352874880308589,0.461919742835361,0.903892324312728
cg06771256,chr16,88990746,CBFA2T3,N_Shelf,0.0191606653093213,0.0162045798229618,0.835369746128541,0.40400740870891,0.462056121909725,0.903930014633906
cg15630950,chr6,32976897,HLA-DOA,S_Shore,0.0407135139616728,-0.00282744401502583,0.835365323715006,0.404009894980531,0.462058365476484,0.903930014633906
cg20793809,chr1,32757482,HDAC1,Island,-0.0251401681951808,-0.00539967218033008,-0.929767367871279,0.35305136559382,0.462092861444833,0.903930014633906
cg01326610,chr4,875497,GAK,Island,0.0171014570745826,0.00132719234052914,0.835114657614092,0.404150833962846,0.46218554265807,0.903955766504538
cg06534994,chr16,2812054,SRRM2,N_Shore,-0.0361027700786257,-0.00520856902167421,-0.929441122330659,0.353220136296657,0.46225839510741,0.903977805469644
cg10331100,chr16,88966509,CBFA2T3,Island,0.0319224057117268,0.000661633963713548,0.834924252026088,0.404257910732948,0.462282159305248,0.903984300624278
cg19035075,chr7,4736276,FOXK1,OpenSea,-0.0304730450052455,-0.0109910176074806,-0.929391285168217,0.353245922162374,0.462283684888977,0.903984300624278
cg22610235,chr1,3713434,LRRC47,S_Shore,0.0189028298343139,0.00364473407937195,0.83471212334246,0.404377223798468,0.46238981207579,0.904031692309514
cg06061092,chr10,521787,DIP2C,N_Shelf,-0.0185055937381283,0.000831209922936727,-0.928562085906014,0.35367512713075,0.462704573884595,0.904082373773291
cg08111426,chr16,87743106,KLHDC4,Island,-0.0167604637323536,-4.48581669552084e-05,-0.927449226766201,0.354251678118025,0.46326978007766,0.904308598056601
cg09508189,chr11,34161049,NAT10,OpenSea,0.0179241206405321,-9.01524689516098e-05,0.832552643438946,0.405593039339962,0.463486517921962,0.904424474192791
cg10093358,chr10,636390,DIP2C,OpenSea,-0.0327626477037494,-0.0120322941426214,-0.926466105446664,0.354761509912235,0.463769414116588,0.904523617455343
cg11186122,chr4,174255494,HMGB2,Island,0.0348464549604942,0.00704592203994793,0.831642516856894,0.406106108509994,0.463949165354744,0.90453871615972
cg11016749,chr4,921637,GAK,N_Shelf,0.019352448657188,-0.000749450436398957,0.83134101053582,0.406276163570834,0.46410248767198,0.90453871615972
cg08754967,chr10,736083,DIP2C,S_Shore,-0.0245627065334784,-0.018162101726665,-0.925795027063473,0.355109787869595,0.464110636471073,0.90453871615972
cg26399411,chr7,56174390,CHCHD2,Island,0.0247656407031241,0.00837384552957796,0.830640919421626,0.406671192254954,0.464458607524586,0.90453871615972
cg12537302,chr10,327533,DIP2C,OpenSea,-0.0308315354143635,-0.00515840118700439,-0.924706416139482,0.355675218418351,0.464664458196073,0.90453871615972
cg04910877,chr16,88988235,CBFA2T3,OpenSea,0.0237472974656325,-0.0257988494620629,0.830233052168932,0.406901438693838,0.4646661500649,0.90453871615972
cg08495433,chr7,73707658,CLIP2,S_Shelf,-0.0306330550112545,-0.0134086960731059,-0.924590086202822,0.355735674524931,0.464723661816197,0.90453871615972
cg15484514,chr19,7971495,MAP2K7,S_Shelf,0.0170530440639855,0.00173299322042941,0.829948236535989,0.407062267148141,0.464811108590522,0.904544688327578
cg22713900,chr15,41803592,LTK,Island,-0.0320237256548558,-0.00358511657946803,-0.923992130063282,0.3560465320992,0.465028044945665,0.904623133814365
cg10591926,chr10,653048,DIP2C,S_Shore,0.0262918153136254,0.00454230353202945,0.829400640635227,0.407371588126068,0.465089881274005,0.904643713638002
cg27297993,chr6,29581228,GABBR1,OpenSea,-0.0263537095330147,0.0161075549684744,-0.923634611479842,0.356232476256571,0.465210088870986,0.904644756523247
cg06140764,chr6,30539234,ABCF1,Island,-0.0292911837865654,0.00276579567042046,-0.923601406482617,0.35624974917672,0.46522699844458,0.904644756523247
cg01025800,chr19,807340,PTBP1,Island,0.0285664779736756,-0.00125120412110913,0.829127645243371,0.407525847804231,0.465228893762868,0.904644756523247
cg04348223,chr10,423577,DIP2C,S_Shore,-0.0357514588199888,-0.00864602539407966,-0.923584424180774,0.356258583411603,0.465235646777418,0.904648323048711
cg05098233,chr16,475948,RAB11FIP3,Island,-0.0329335668889099,0.00223670602690487,-0.923457388017797,0.35632467233043,0.465300343493478,0.904669566283542
cg27523423,chr15,75744089,SIN3A,Island,0.0887150451915318,0.0103739641342226,0.828430250091105,0.407920078877309,0.465584120490519,0.90471932909532
cg10281704,chr16,966864,LMF1,N_Shore,0.0212476717425464,-2.30678950795538e-05,0.827733845656402,0.408313977429506,0.465938992926249,0.904755824493112
cg11310082,chr15,75744460,SIN3A,Island,0.0202285253267673,0.0069383449797718,0.827732571068929,0.408314698566924,0.465939642565789,0.904755824493112
cg00644447,chr10,520566,DIP2C,S_Shelf,-0.0343846247210281,-0.00521160363738271,-0.922014462044546,0.357075880231722,0.466035544765248,0.904793111138341
cg09315391,chr6,134499794,SGK1,S_Shelf,0.0216307105025015,0.00647867612973503,0.827323860119671,0.408545978735825,0.466147982804874,0.904793111138341
cg07152582,chr10,73822708,SPOCK2,OpenSea,-0.0230775536239353,-0.000931585541116386,-0.92080708213525,0.357705228294997,0.466651225757791,0.904972938968102
cg00762678,chr16,89003235,CBFA2T3,N_Shelf,-0.0179566307715346,-0.0224968100717703,-0.920758856968645,0.357730380260494,0.466675826657306,0.904972938968102
cg26039623,chr4,40485458,RBM47,OpenSea,0.0209358298961051,0.0133466184196983,0.825746130312859,0.409439514132975,0.466952714969856,0.905053029442047
cg21644740,chr6,29599248,GABBR1,N_Shore,0.0388465762607502,-0.0155260261235679,0.825728782317519,0.40944934552049,0.466961567717686,0.905053029442047
cg10400804,chr16,960911,LMF1,N_Shore,-0.0274173561344651,-0.00159827448490546,-0.91992119038829,0.358167445767868,0.467103256745602,0.905128557491924
cg04945945,chr17,76129402,TMC8,S_Shore,0.0155675383100573,0.027388242932652,0.825291870244136,0.409696997080412,0.467184556300228,0.905128557491924
cg06214716,chr4,10118677,WDR1,Island,0.0415947456437788,0.00214425439949734,0.825024567250134,0.409848554483424,0.467321009918514,0.905158515163632
cg15963463,chr1,25253237,RUNX3,N_Shelf,0.0188841347459018,0.0412011731007098,0.824205763179464,0.410313014166759,0.467739132905997,0.905241270613415
cg04369958,chr19,39935932,SUPT5H,Island,0.0344921373611546,0.00894291866307398,0.821497844472885,0.411851292587946,0.469123409203249,0.905555350060992
cg07563409,chr19,44731294,ZNF227,OpenSea,-0.0279451543368969,-0.0101735128311357,-0.91578816041234,0.360328851440734,0.469215363218148,0.905606433068196
cg12111808,chr6,29588168,GABBR1,OpenSea,0.0215419055039158,-0.00186861353521595,0.820563735700886,0.412382724189302,0.469601446691273,0.905667174237424
cg07312661,chr3,122279522,PARP9,N_Shelf,-0.066960462014626,-0.0161588455440114,-0.914720105029915,0.360888734231848,0.469762030222243,0.905710223002221
cg13451153,chr14,99736489,BCL11B,Island,0.0206540359015615,0.00862375561981138,0.82005174567068,0.412674177737267,0.469863575802118,0.905729488647719
cg01714452,chr6,112021635,FYN,OpenSea,-0.0252323751169705,-0.0154289139350036,-0.914499669897434,0.361004356173008,0.46987490021145,0.905729488647719
cg17201273,chr7,69627800,AUTS2,OpenSea,0.119593686257445,-0.0157650144407405,0.818565947948192,0.413520670899098,0.470624733431129,0.905928712336026
cg26583952,chr16,89972070,TCF25,OpenSea,0.021533508743102,0.000285945853456759,0.818029701670986,0.413826435978092,0.470899613506125,0.906003763079073
cg10370872,chr16,88970457,CBFA2T3,Island,0.0179552684608026,-0.000361151575140606,0.817465261595147,0.414148422069707,0.471189041418496,0.906061499250402
cg03014008,chr20,57463767,GNAS,Island,0.016228443619449,-0.000945133703142698,0.817424645711316,0.414171597227012,0.47120987180748,0.906061499250402
cg27315601,chr10,464965,DIP2C,N_Shore,-0.0234606132460537,0.00128503847585559,-0.910953539635064,0.362867565664186,0.471692692890855,0.906191777565375
cg25050246,chr14,91739954,CCDC88C,S_Shore,0.0262299202084769,-0.00427128446538916,0.816228825971749,0.414854269187463,0.471823391244995,0.906198633422097
cg20655113,chr6,134638881,SGK1,Island,0.0236013093141757,0.00183538190323313,0.815938664466718,0.415020017768993,0.471972325956382,0.906265256554992
cg11165667,chr14,75303022,YLPM1,OpenSea,-0.0415073667097013,-0.0171286228982461,-0.910333729673531,0.363193845825509,0.472010813122433,0.906266741269622
cg04724275,chr10,665393,DIP2C,N_Shelf,0.0317371771273953,0.00453968501128377,0.814652611314925,0.415755121036741,0.472632745819408,0.90645751400125
cg07688052,chr19,16637309,CHERP,S_Shore,-0.0239634375841462,-0.00621744252859768,-0.908026678187494,0.364409942047828,0.473195955988614,0.906588893664022
cg16449402,chr3,9774725,BRPF1,S_Shore,0.0171317723160543,-0.000649889134851089,0.813470135645348,0.416431700345089,0.473240424827178,0.906588893664022
cg20925955,chr6,155412182,TIAM2,OpenSea,-0.0247070055731994,-0.00805169708400488,-0.907874348770802,0.364490327947399,0.473274265882654,0.906605690487094
cg04667277,chr10,31609919,ZEB1,Island,-0.0514702142925212,0.00299447964274942,-0.907852455814621,0.364501882014033,0.473285521255203,0.906607325605135
cg12669355,chr7,116514552,CAPZA2,OpenSea,-0.0184606260350695,0.030024441704824,-0.907563843261526,0.364654219544533,0.473433913420641,0.906691676454167
cg11182358,chr17,1802074,RPA1,S_Shelf,-0.0343383562166845,-0.00417853419280012,-0.90726869042308,0.364810050507506,0.47358569478292,0.906748772079263
cg11209538,chr6,29600112,GABBR1,N_Shore,-0.112352403030826,0.0132556273380599,-0.906659615951983,0.365131753715691,0.473898993865925,0.906824534456662
cg07870074,chr10,706006,DIP2C,OpenSea,-0.0231872550027016,-0.00542179382172997,-0.906382324515691,0.365278273426612,0.474041666295426,0.906851217023067
cg09842161,chr6,29598321,GABBR1,N_Shore,-0.0254430241653068,-0.00157514330442843,-0.90628035975179,0.365332160474906,0.474094135303056,0.906851217023067
cg24341711,chr10,641641,DIP2C,OpenSea,0.0275564427534167,-0.010490856908224,0.811451347170718,0.417588300138485,0.474278881001799,0.906877942668648
cg27513308,chr1,32797653,HDAC1,N_Shelf,0.0156911504234599,0.000383313499164317,0.8113848218497,0.417626445986328,0.474313122637811,0.906880373633157
cg18043773,chr6,32974906,HLA-DOA,N_Shore,-0.0141934427367386,-0.00534420729427809,-0.904960110952929,0.366030344600495,0.474773796777511,0.906937711527469
cg17116895,chr6,112133054,FYN,OpenSea,-0.0226791322204668,0.00532400268947819,-0.904824718109638,0.366101991297393,0.47484352697778,0.906937711527469
cg02167055,chr16,89019403,CBFA2T3,OpenSea,0.0309706126508704,0.000282476540286902,0.810328708066978,0.418232301274201,0.474856903012856,0.906939188622878
cg23252648,chr2,170682935,UBR3,N_Shore,-0.0210921643542807,-0.00387691564222192,-0.90358229756844,0.36675986092333,0.475483662492461,0.907159877247871
cg24502027,chr10,556470,DIP2C,OpenSea,0.0219508975322056,0.00913801563514516,0.808631829395509,0.419206827900666,0.475731321853527,0.907265645299483
cg22608848,chr4,88258112,HSD17B11,OpenSea,-0.0392207712821129,-0.0291239525808332,-0.902416584524671,0.367377785680693,0.476084705990844,0.907414952654019
cg22887845,chr6,41544539,FOXP4,OpenSea,-0.0199270540895003,-0.00105462251438904,-0.901146133020393,0.368051971512813,0.47674022676495,0.907652793469255
cg07943832,chr6,155568918,TIAM2,OpenSea,0.0235178062832895,-0.00834634422472602,0.806376886010949,0.420503926335232,0.476894682148118,0.907707542922779
cg02083237,chr11,13468473,BTBD10,OpenSea,0.0260650714940758,-0.0139634200086763,0.806193513835625,0.420609510396279,0.47698935513631,0.90772168088996
cg04265972,chr16,89044882,CBFA2T3,OpenSea,-0.0185450155968315,-0.0356684712014776,-0.899670619559027,0.368835946594864,0.477502174305219,0.907840369812562
cg02770947,chr16,88942093,CBFA2T3,N_Shore,-0.022960564182845,0.0110888941711416,-0.898720578399754,0.369341277268838,0.477993123024217,0.907979583856636
cg22929099,chr5,137593583,GFRA3,Island,-0.0207078319490675,-0.00112622688587705,-0.898572423802028,0.369420120215122,0.478069709110629,0.90799695943505
cg03162410,chr19,14671422,TECR,OpenSea,0.0113238065297496,-0.0342319396449651,0.803833379648329,0.421969848765065,0.478208783804616,0.908057002185403
cg06978336,chr16,88967587,CBFA2T3,S_Shore,0.0193089440229727,0.00706709046081766,0.803394141685315,0.422223302973963,0.47843591617801,0.908095690931971
cg20652759,chr10,409280,DIP2C,Island,0.0175929477776968,0.00501197246773866,0.803171464554824,0.422351828929074,0.478551086263444,0.908197277572695
cg23251296,chr17,62011014,CD79B,OpenSea,0.0161157302371296,0.00151864874100438,0.802912683854691,0.422501222239108,0.478684948380915,0.908250105945999
cg14734904,chr12,100594794,ACTR6,Island,0.0327893680169266,0.00625544777593112,0.802856863603189,0.422533451174393,0.478713825770113,0.908263470231341
cg13237829,chr19,14640386,TECR,Island,-0.0406026487249357,0.00130310909645805,-0.896783880386,0.370372752049247,0.478994796362203,0.908329356203242
cg01043910,chr6,132834340,STX7,Island,0.0216203458831942,0.00632495774876071,0.801925935996342,0.423071153861668,0.479195561088601,0.908454480537889
cg18067134,chr3,71084634,FOXP1,OpenSea,-0.0231169084663367,-0.0794504781378603,-0.895326039474116,0.371150373601779,0.479749556991741,0.908544734532085
cg06893491,chr19,14675165,TECR,N_Shore,0.093844815706282,0.0126733330228554,0.800470582877933,0.423912569364069,0.47994920541973,0.90860677683535
cg23732781,chr6,29595016,GABBR1,N_Shore,0.0250846003994849,0.00495055410178469,0.799662628115351,0.42438011393977,0.480367877939947,0.908690398526835
cg06168319,chr4,84205972,COQ2,Island,-0.0182826233719617,-0.00439873630496633,-0.8939258574979,0.371898196177814,0.480475076453331,0.908731106712693
cg09395443,chr7,4746437,FOXK1,OpenSea,0.0234298792009181,-0.0220202213694689,0.799090502063884,0.424711372858267,0.480664467172368,0.908792025415455
cg11744351,chr13,30424153,UBL3,Island,-0.0225423874673621,0.00763806323341759,-0.893101323242012,0.372339009721945,0.480902597363808,0.90892607825001
cg09222259,chr16,2802304,SRRM2,Island,-0.0325004229540674,0.00068933587856658,-0.892629323121677,0.372591497250682,0.481147422580731,0.9090564609259
cg01176329,chr6,29592381,GABBR1,N_Shelf,-0.0264628789446868,-0.033441714396677,-0.892621488379105,0.372595689196117,0.481151487013498,0.9090564609259
cg24135675,chr19,16635981,CHERP,Island,0.0137832178310281,0.00368671599873716,0.797862374085916,0.425422966520645,0.481301463545321,0.909092834912982
cg23935522,chr12,77162317,ZDHHC17,S_Shelf,-0.0287693561805522,-0.0264361623400478,-0.892327584983482,0.372752962135574,0.481303968906373,0.909092834912982
cg09046979,chr16,28333134,SBK1,S_Shore,0.035328571521772,0.00996033968877691,0.797633542705322,0.425555631644724,0.481420202885584,0.909120190080763
cg21265783,chr7,73704324,CLIP2,S_Shore,0.0176649028603394,0.00491178903194947,0.797546626127765,0.425606027932238,0.48146530759539,0.909120190080763
cg04936599,chr17,1787112,RPA1,OpenSea,-0.0209743432872159,-0.00497465719471479,-0.891400758249128,0.373249193904746,0.48178499400731,0.909144042182556
cg08038957,chr19,39936043,SUPT5H,Island,0.0293817099723874,0.00279991633278456,0.796756395858962,0.426064382535819,0.481875497188533,0.909182668811879
cg11072851,chr14,69341430,ACTN1,Island,-0.0342650390524914,-0.0144627975183674,-0.891129164173472,0.37339468567935,0.481926001455626,0.909206008874937
cg01490821,chr2,170684022,UBR3,Island,-0.0173083049544756,-0.000561991681945456,-0.890847216504732,0.373545761104525,0.482072408071899,0.909328338571119
cg25965286,chr14,91739097,CCDC88C,Island,0.021982178618913,0.00278694880257613,0.796327347592198,0.426313362992399,0.482098285453292,0.909343884013221
cg02862354,chr3,71114335,FOXP1,Island,-0.0155200441556968,0.00235848049701541,-0.890338529312193,0.373818425940535,0.482336614609693,0.90946540897412
cg04886391,chr1,23345709,KDM1A,N_Shore,-0.0369516370514027,0.00158013533153483,-0.889408422759472,0.374317298149417,0.482819905199539,0.909586039711221
cg16352485,chr16,532497,RAB11FIP3,Island,0.0208041943569059,-0.00649903103449356,0.794842518039393,0.42717567977238,0.482869732471523,0.909588642177038
cg13480937,chr1,177112230,ASTN1,OpenSea,0.0532352264705504,0.0169441732445782,0.79448368639396,0.427384224685574,0.483056264931696,0.90962359200849
cg12351433,chr2,48982957,LHCGR,Island,0.0230132269873402,-0.0166466504461221,0.794092683618009,0.427611534498204,0.483259565543941,0.90962359200849
cg00919921,chr10,465584,DIP2C,N_Shore,0.0216698618114049,-0.00235615029575975,0.794091376639815,0.42761229442963,0.483260245180858,0.90962359200849
cg05428433,chr16,3614067,NLRC3,N_Shore,0.0221072924927002,-0.00120959415553179,0.79337238349959,0.42803046657158,0.483634204807816,0.909772902207185
cg08751352,chr13,30421866,UBL3,N_Shelf,0.0287781116700982,0.00178838476600796,0.793151474160681,0.428158997169996,0.483749134752568,0.909844859772305
cg00483718,chr12,132520433,EP400,Island,-0.0140595837360411,-0.00763254857490847,-0.886890641992919,0.375669808034251,0.484129482475599,0.909965762753039
cg14659404,chr1,177134019,ASTN1,S_Shore,-0.0298671455980635,7.18484437439576e-05,-0.88685744716705,0.375687659950497,0.484146761008205,0.90997220176069
cg03680517,chr10,43632967,CSGALNACT2,Island,-0.0538264933543016,-0.0229011564586777,-0.886681417013764,0.375782336369926,0.484238393609494,0.910047307628515
cg20251943,chr10,407721,DIP2C,N_Shore,-0.0434235603985089,0.00726394845112177,-0.886214660517541,0.376033449225309,0.484481409498808,0.910116542278623
cg13094391,chr3,47866881,DHX30,Island,0.0183383339903779,0.00520936097459106,0.791120397795975,0.429341784537118,0.484806513441385,0.910274123961102
cg14128584,chr6,29600583,GABBR1,Island,0.0413835667889574,0.00850516585399018,0.790063437862063,0.429958053250282,0.485357261925641,0.910352361047956
cg18279776,chr7,4768140,FOXK1,S_Shelf,-0.0310509859713643,-0.0105687880003101,-0.883399405052955,0.377550247631691,0.485948567716627,0.910587425406869
cg02565297,chr12,133144810,FBRSL1,N_Shore,0.0175890084875319,0.0142295137435783,0.788322774907036,0.430974083352568,0.486265004247031,0.910626440689313
cg02760426,chr16,89018083,CBFA2T3,OpenSea,-0.0179027070050862,-0.00547259535767353,-0.880976744275672,0.378858549940218,0.487213048468895,0.910828670749045
cg24980032,chr12,132551592,EP400,OpenSea,-0.0162602130957401,-0.0023868734472331,-0.880756702112232,0.378977517233052,0.48732798497695,0.910828670749045
cg13382504,chr6,112170902,FYN,OpenSea,-0.0213678114831607,-0.00122794354054923,-0.880729906566891,0.378992006002802,0.487341982323556,0.910828670749045
cg02650964,chr4,1222621,CTBP1,N_Shore,0.017177059205821,0.00101836339593542,0.785869728017128,0.432408304497717,0.48754580614996,0.910892847561889
cg04328842,chr19,11144151,SMARCA4,Island,-0.0178657697561633,0.000281408978261455,-0.880131902850186,0.37931544496256,0.48765442151542,0.910966637354437
cg21424664,chr7,56174299,CHCHD2,Island,0.0292484721560479,0.00671684505896362,0.784772673549072,0.433050615195921,0.488119196616684,0.911026810589501
cg02793062,chr21,45553067,C21orf33,Island,0.0312400557394254,0.0025640912589295,0.784211571880093,0.433379346769546,0.488412604578373,0.911026810589501
cg07368857,chr3,71276336,FOXP1,OpenSea,-0.0273469283610246,0.0677822529815224,-0.878275526880969,0.380320577996914,0.488625011167801,0.911026810589501
cg00027637,chr1,226900521,ITPKB,OpenSea,0.0225902651078636,0.0271190097534884,0.783795839438465,0.433623004551735,0.488630058236538,0.911026810589501
cg12184994,chr10,357370,DIP2C,OpenSea,-0.0288684411464493,0.00599305903024994,-0.878041087807763,0.380447631539515,0.488747659558609,0.911026810589501
cg17330278,chr10,631304,DIP2C,S_Shore,-0.0170335781569994,-0.00501625540398965,-0.877823523696802,0.380565563161001,0.48886149453915,0.911055423537079
cg27433088,chr4,174089019,GALNT7,N_Shore,0.025389008002125,-0.00403664433080268,0.78283992211748,0.434183562267243,0.489130259717163,0.911144845392738
cg15586393,chr4,1244086,CTBP1,Island,-0.04614252798992,0.0027827477970086,-0.877217800927046,0.380894016678009,0.489178499072212,0.911144845392738
cg20486877,chr6,29594481,GABBR1,N_Shore,0.0157655482070764,0.00224919388141021,0.782426478617901,0.43442613904417,0.489346687111731,0.91121571359609
cg12908952,chr1,167190631,POU2F1,Island,-0.0251602445726081,0.00430639881903985,-0.876722452630911,0.381162749402993,0.489437821480359,0.911262633442989
cg01220264,chr4,83956141,COPS4,OpenSea,0.0161632216258276,0.00593187808417426,0.78190867156607,0.434730059115171,0.489617818948561,0.911323731280716
cg24867720,chr13,49549885,FNDC3A,Island,-0.0351589249387906,0.00175692138159618,-0.876172602951747,0.381461186600024,0.489725762852382,0.911366180490786
cg11799172,chr10,31607441,ZEB1,Island,0.0264767973466908,0.00635010755307064,0.781580942343581,0.434922479155307,0.48978946485028,0.911395334959702
cg20134287,chr7,70061455,AUTS2,Island,-0.0274176041823774,-0.00324289022673696,-0.876019315377308,0.38154441083277,0.489806051647747,0.911400312034393
cg09011162,chr16,961353,LMF1,N_Shore,-0.0232039542911496,-0.00836254518942936,-0.876015254011796,0.381546616016984,0.489808179001582,0.911400312034393
cg21393713,chr7,69064801,AUTS2,Island,0.0275022896614509,-0.00722787556089882,0.781224659060455,0.43513172015178,0.48997610247402,0.911429313089194
cg07483266,chr16,88952491,CBFA2T3,N_Shore,-0.0292741363614813,-0.00434058457577324,-0.875444232281967,0.38185673965702,0.490107331159227,0.911505152187931
cg14957660,chr10,589375,DIP2C,OpenSea,-0.0236246013959279,-0.00216819586581751,-0.875114019178178,0.382036150207247,0.490280371101532,0.91161879757674
cg17319285,chr10,327243,DIP2C,OpenSea,0.0265514327180025,-0.00823230861463764,0.780198028054336,0.43573497452689,0.490514113076414,0.911696775846322
cg04955303,chr6,42952294,PPP2R5D,OpenSea,-0.0188689825232863,0.00628167570568973,-0.872856348756104,0.383264171751268,0.49146432671724,0.912004372339661
cg20943461,chr17,76126886,TMC8,N_Shore,0.0160067218203132,0.00424327586352609,0.777609898511151,0.437257921458914,0.49187184240424,0.91210496731009
cg16535788,chr17,80395405,HEXDC,S_Shore,0.0186973529473893,0.00392720247847789,0.776258416998902,0.438054401778486,0.492581628498341,0.912282023698831
cg18668503,chr20,57466137,GNAS,Island,-0.0882622457655821,0.00893629081308245,-0.870073964307076,0.384780936670873,0.492925559221548,0.91239418094241
cg02043329,chr13,49740771,FNDC3A,OpenSea,0.0177502641905716,-0.0510344473176124,0.775119625988002,0.438726185049765,0.493180137437203,0.912462567036832
cg20695936,chr1,25257624,RUNX3,Island,-0.0206944947342811,-0.000221995001196462,-0.868944381296057,0.385397757767717,0.493519449172704,0.912612521084104
cg26846647,chr11,34127088,NAT10,Island,-0.0194088425847845,-0.000677166216748668,-0.868723445204472,0.385518473198749,0.493635653385516,0.912635360276219
cg26465438,chr17,80376083,HEXDC,N_Shore,0.0307537703034478,0.00442861400232739,0.773768136618859,0.439524211570689,0.493890938394833,0.912721695230769
cg12787624,chr12,50677281,LIMA1,OpenSea,0.0763177568564452,0.00309074688653981,0.773398825045035,0.439742427843414,0.494085269081021,0.91275830661751
cg17682309,chr6,132834573,STX7,S_Shore,0.025923214051585,0.0041921343710393,0.773244995196786,0.439833340171414,0.494166225970614,0.91275830661751
cg10053879,chr16,571091,RAB11FIP3,OpenSea,0.0129363150862437,-0.00204345217486979,0.772962920814631,0.440000072215523,0.494314693257529,0.912775080987896
cg17095147,chr4,10101400,WDR1,OpenSea,0.019600902329667,0.095305974151636,0.772250873000741,0.440421120195167,0.494689579245726,0.912791028421938
cg04497717,chr7,2414218,EIF3B,OpenSea,-0.027328541677734,-0.00134625253768028,-0.866686825131879,0.38663233684554,0.494707529702999,0.912791028421938
cg09872841,chr1,226829776,ITPKB,Island,0.0155682757536269,-0.00469555831889845,0.772185708304058,0.440459664951353,0.494723895390078,0.912791028421938
cg09437479,chr16,78539954,WWOX,OpenSea,0.0242463131344157,-0.00174590175592493,0.771265937032699,0.44100391444263,0.495208388497227,0.912866382410345
cg20433989,chr13,49683801,FNDC3A,OpenSea,0.0318797771595754,-0.0134222759322654,0.770749573755283,0.441309627747345,0.495480495911983,0.912982384183418
cg02107718,chr20,57463713,GNAS,Island,0.0127392406828537,0.00198115674720806,0.770716259903294,0.441329355424393,0.495498054018786,0.912982384183418
cg17483361,chr4,54243829,FIP1L1,Island,0.0389101735317531,0.00232303264612933,0.770599383571206,0.441398570840144,0.495559656461126,0.912982384183418
cg20283771,chr16,88943542,CBFA2T3,Island,-0.0202565469511453,0.0275593701831708,-0.865010695796024,0.387550518863864,0.495590611597978,0.912982384183418
cg27182529,chr16,528479,RAB11FIP3,N_Shelf,0.0315190452568985,-0.0286932865089035,0.76990646067024,0.441809055364161,0.495924961876843,0.913038610058313
cg17587986,chr10,410441,DIP2C,S_Shore,-0.0242583869899974,-0.0110871617188506,-0.864366635852473,0.387903688836158,0.495930163322433,0.913038610058313
cg24404878,chr7,3082168,CARD11,OpenSea,0.0309407920809735,0.000951238802427534,0.769513614086434,0.442041873378333,0.496132132402543,0.913103458133456
cg01664310,chr11,34127046,NAT10,Island,0.0185735751990097,0.00425671069812457,0.769376870331418,0.44212293022284,0.496204256055316,0.913111244332728
cg23850205,chr19,7967913,MAP2K7,N_Shore,-0.0375635292756592,-0.014107763293643,-0.863360638130042,0.388455720954385,0.496460778809686,0.913188168651462
cg11467381,chr6,41565395,FOXP4,S_Shelf,0.0185762434879467,0.00948992124211667,0.76883903794918,0.442441820983517,0.496487982755746,0.913202207220623
cg18566177,chr6,134491483,SGK1,OpenSea,0.0268358057031147,-0.00100056617782074,0.768775665652508,0.442479404285005,0.496521419708925,0.913211660444945
cg04148285,chr16,89976788,TCF25,N_Shore,-0.0194521842429356,-0.01650633309824,-0.862876598960626,0.388721504092939,0.496716194059707,0.913247070514964
cg20702327,chr20,524484,CSNK2A1,Island,0.0216345046791781,0.00622362077639979,0.768250328742702,0.442791028901726,0.496798648025313,0.913254284640093
cg18845984,chr7,148936732,ZNF212,Island,0.0295392547852408,0.00544740373763168,0.768147674839583,0.44285193688166,0.496852829693026,0.913266063764718
cg11808633,chr12,6730599,LPAR5,S_Shore,0.027825878890694,0.0107924947287613,0.76801280624989,0.442931966215959,0.496924019353146,0.913288287647521
cg01124529,chr16,87743286,KLHDC4,S_Shore,0.022191503057085,0.00349896001414785,0.767822459423661,0.443044929762621,0.497024502151019,0.913333471306213
cg10785578,chr10,697055,DIP2C,OpenSea,-0.0452015105119605,-0.00727896063906219,-0.862194015696598,0.389096495461474,0.497076495018124,0.913346668063438
cg09872934,chr6,134495829,SGK1,N_Shore,-0.0259337486717576,0.00436812017412062,-0.861335262792779,0.389568583064842,0.497529984676727,0.913406572611153
cg11972953,chr2,30370168,YPEL5,Island,0.0493144532570291,0.00302937615227787,0.76669022530476,0.44371720881716,0.49762242451885,0.913429989919801
cg05661982,chr7,2420084,EIF3B,Island,0.019908598506018,-0.0145279433090533,0.766265281078146,0.443969675954908,0.497846932429608,0.913448826227737
cg14777519,chr3,47890012,DHX30,N_Shore,-0.0269047282784712,-0.00520240079080181,-0.860111894434526,0.390241716650331,0.498176400473405,0.913549806333008
cg25237396,chr19,802198,PTBP1,N_Shelf,-0.0245586583664386,-0.00447072251375835,-0.859897857471259,0.390359559034842,0.498289541402288,0.913549806333008
cg11495060,chr7,100472765,SRRT,Island,0.0364290901693251,0.00354406805041671,0.764851696944609,0.44481010432626,0.49859414954421,0.913610291558344
cg27244120,chr16,70610434,SF3B3,OpenSea,0.0194322025943324,-0.0109056258527358,0.764349022072479,0.445109182636765,0.498860005897285,0.913629717181223
cg25106791,chr7,2962373,CARD11,OpenSea,-0.0194575913626633,-0.00195948174127236,-0.858561978104887,0.391095544903925,0.498996002157617,0.913678353712042
cg04266908,chr4,873633,GAK,N_Shore,-0.0205730664847413,0.0546506871538701,-0.858258806837094,0.391262690965903,0.499156404026448,0.913693482654996
cg24037629,chr17,48226544,PPP1R9B,Island,-0.0211560903137537,0.000192908425593524,-0.858011456052315,0.39139909401258,0.499287292679843,0.91372195055033
cg14909545,chr12,56521953,ESYT1,N_Shore,-0.0166973260312416,0.000894543772359507,-0.857850897337457,0.391487650567516,0.499372264018189,0.913772048039884
cg00746083,chr14,21905454,CHD8,OpenSea,0.0217169791056002,0.0103785083873,0.762987648794526,0.445919741527675,0.499580391663737,0.913776756812989
cg23018091,chr1,32758168,HDAC1,S_Shore,0.0208524100136299,0.00818740778095534,0.76268429024284,0.446100475504211,0.499740992423706,0.913776756812989
cg05784029,chr17,48223819,PPP1R9B,N_Shelf,0.0143994180518013,0.0182849509821441,0.762374061836994,0.446285345677286,0.499905258485876,0.913776756812989
cg23143233,chr20,57465864,GNAS,Island,0.0271524809354449,0.00669984104590313,0.760228522111895,0.447565105697822,0.501042106555284,0.914034073438794
cg10896796,chr10,43633807,CSGALNACT2,Island,-0.0306281837361865,0.00100460342255953,-0.85464383554767,0.393259069516667,0.501071121919567,0.914034073438794
cg14846380,chr12,125333322,SCARB1,OpenSea,-0.0273360518320217,-0.00675461492918206,-0.853739964916532,0.393759201035679,0.501550476516394,0.914083358248202
cg10512020,chr12,69950496,FRS2,OpenSea,-0.0337667598723628,-0.0144958309224792,-0.853289431182986,0.394008635557148,0.501789501152474,0.914106887544773
cg02617727,chr7,2967973,CARD11,N_Shore,0.021164414068672,-0.00305273493806157,0.758611503189505,0.448530998624562,0.501899813943213,0.914115968769619
cg21834463,chr6,134538515,SGK1,OpenSea,0.0172607822267406,-0.0674959606816876,0.758577658217136,0.448551227905428,0.501917774463756,0.914123400566495
cg00447582,chr16,569849,RAB11FIP3,OpenSea,-0.019681082391347,-0.000196611888747311,-0.852854131214837,0.394249727184269,0.502020500976761,0.914175589780732
cg13014558,chr11,60738971,CD6,OpenSea,0.0220595936910265,0.00444227604789525,0.758295036391026,0.448720172444461,0.502067766741892,0.914175589780732
cg09132634,chr6,32974122,HLA-DOA,N_Shore,0.0153411910014596,0.0228080311124996,0.758230549252218,0.448758726386416,0.502101994501594,0.914175589780732
cg24389195,chr13,30385117,UBL3,OpenSea,-0.0314178026433598,-0.0174825067311042,-0.852432596939587,0.394483280036623,0.502244249402929,0.914175589780732
cg13384409,chr7,2414466,EIF3B,OpenSea,-0.0182055666880265,0.00098113456373361,-0.85224452901193,0.394587506966705,0.502344091996096,0.914175589780732
cg00806680,chr6,41561085,FOXP4,N_Shore,0.0195858515966489,-0.000832011461548099,0.757597848534075,0.449137089591471,0.502437877752777,0.914175589780732
cg05845403,chr13,96293882,DZIP1,Island,-0.0362735831448105,-0.00876495558462453,-0.851850718155895,0.394805810437936,0.502553194590028,0.914175589780732
cg10620866,chr6,32975875,HLA-DOA,Island,0.0311082471691635,0.0090725202947114,0.757011654189505,0.449487803451741,0.502749178071008,0.914187401680087
cg03221025,chr16,88955224,CBFA2T3,N_Shore,0.0166682860934506,0.00289725263114615,0.756909190163148,0.449549122593518,0.502803602374921,0.914187401680087
cg05255333,chr13,49550448,FNDC3A,Island,0.0376088786532434,0.00274458743599219,0.756362489789424,0.449876373466576,0.503094037764651,0.914226501958351
cg13375352,chr2,170683903,UBR3,Island,-0.0346889418353145,0.00378134498046553,-0.850414341879572,0.395602666429275,0.503316260258178,0.914321519352957
cg15399433,chr7,116503128,CAPZA2,S_Shore,0.0354861352389535,0.00311696643394126,0.755855618370526,0.45017990406226,0.503363393127593,0.914361575815557
cg03554406,chr20,60745114,SS18L1,Island,-0.0279316923615025,-0.00626519537029202,-0.849974061146937,0.395847115393657,0.503550279045954,0.914435920968116
cg16936421,chr10,729226,DIP2C,OpenSea,-0.0507337514572818,-0.0037107882119124,-0.849435447513026,0.396146284439983,0.503836642021333,0.914492958055556
cg09254049,chr16,87799191,KLHDC4,Island,0.0259020674921209,0.00364652558543784,0.754953244024825,0.450720562426096,0.503843110211752,0.914497304630028
cg20163429,chr10,102046263,BLOC1S2,Island,-0.100503185080393,0.00847013969017235,-0.849405263753598,0.396163053844896,0.50385269226637,0.914497304630028
cg17334845,chr20,57463572,GNAS,N_Shore,0.0126386841384708,-0.000669268276413282,0.754748328569543,0.450843389093419,0.503952080255931,0.914522550462188
cg22797164,chr10,72200612,NODAL,Island,0.0294213780477572,0.00676190175527493,0.754686875110124,0.450880228107059,0.503984762431559,0.914524996465474
cg18809873,chr1,3713352,LRRC47,S_Shore,0.0271991726178214,0.00593750074686522,0.754308787263729,0.451106915033883,0.504185861695781,0.91465136545367
cg09102714,chr16,70323758,AARS,S_Shore,0.0251916417114071,0.00970479481472816,0.754087461348105,0.451239643574751,0.50430360127565,0.914687852983986
cg09625946,chr12,133161308,FBRSL1,N_Shore,0.021895613638884,-0.00137991313720665,0.75368361960856,0.451481883502003,0.504518471850834,0.914828325092765
cg12481734,chr7,100472507,SRRT,Island,0.0405414885125038,0.0101579029259291,0.753523474328946,0.451577965289866,0.504603693120363,0.914843740699132
cg08122051,chr16,79047955,WWOX,OpenSea,-0.0287682211383093,-0.00999207344824993,-0.847865287079856,0.397019200439776,0.504671934413173,0.914873828550905
cg17335372,chr4,845674,GAK,S_Shore,-0.0231939818700588,-0.00905889148809969,-0.84753088463453,0.397205258678702,0.504849923741594,0.914903127815379
cg10349413,chr11,71728869,NUMA1,OpenSea,0.0146018050074967,0.0016963011326786,0.752765268025703,0.452033021156566,0.505007275414183,0.914926259429134
cg15606072,chr7,4782643,FOXK1,N_Shelf,0.0174133346274833,0.000578481864257019,0.752061245032929,0.452455790464137,0.505382168940823,0.914979381138326
cg15520052,chr7,69808286,AUTS2,OpenSea,-0.0269283144709777,-0.0114219518406773,-0.845669327187217,0.398241975467851,0.505841362283422,0.915043044731171
cg27098804,chr11,60776124,CD6,Island,-0.0583505839984106,-0.0180957042641354,-0.845390626034418,0.39839732714965,0.505989882623227,0.915063258639221
cg00538591,chr16,89008994,CBFA2T3,S_Shore,-0.0348404336860908,-0.010900366951152,-0.845361866510893,0.398413360170862,0.506005209930392,0.915069173097872
cg16656469,chr12,132504885,EP400,OpenSea,0.016199658404143,-0.00196123010638083,0.750732193852736,0.453254503202696,0.506090290423856,0.915112552122695
cg24448840,chr6,30539883,ABCF1,S_Shore,0.0488127044448876,0.0256176216667563,0.750261918632625,0.453537313189112,0.506340979102332,0.915170068485287
cg18153137,chr3,71114771,FOXP1,Island,0.043822515408485,0.0278520566116552,0.750057948201766,0.453660006203323,0.506449729517368,0.915178708237852
cg02520804,chr3,71629054,FOXP1,N_Shore,-0.0231945301653759,-0.102596512808245,-0.844118935586339,0.399106648980501,0.506667859830728,0.915184836489856
cg17742099,chr6,29589415,GABBR1,OpenSea,-0.0252078806562628,0.00393711885287273,-0.843874651745416,0.39924299260142,0.506798149699236,0.915236865441759
cg18607961,chr14,91750825,CCDC88C,OpenSea,0.0243056645283994,-0.00282225555837634,0.748368994536095,0.454676673434877,0.507350696509085,0.915380720022427
cg13426891,chr19,16646901,CHERP,S_Shelf,0.0135783181316061,0.00809217386731775,0.748288453522585,0.45472518733914,0.507393681875626,0.915395625161245
cg00792022,chr16,919981,LMF1,Island,0.0165320211620812,0.00584555363630257,0.747763409066664,0.455041519760409,0.507673949058871,0.915431845124704
cg01101020,chr12,132562425,EP400,OpenSea,-0.019567919985874,-0.00339402288076474,-0.841561118419774,0.40053565338344,0.508032955522078,0.915539367624477
cg20833759,chr3,49053208,WDR6,N_Shelf,-0.0241974289329949,0.000270996092938236,-0.841414040131604,0.400617916977842,0.508111509181142,0.915556465034739
cg14089045,chr14,91820590,CCDC88C,OpenSea,-0.0259612241658253,0.0120138335778242,-0.841178111782657,0.400749897326645,0.50823753044877,0.915605489339651
cg00929870,chr10,575954,DIP2C,Island,0.022632713070222,-0.000372439317545936,0.745918068109797,0.456154299906741,0.508659630982213,0.91573971756245
cg07222844,chr4,876997,GAK,N_Shore,-0.0235398789186751,-0.0022869439193195,-0.840216884378511,0.401287887157682,0.508751140049818,0.915798000632923
cg00961127,chr10,526813,DIP2C,S_Shore,0.0270225688577285,-0.00990654229071042,0.745665330541168,0.456306825586275,0.508794707867545,0.915808603465565
cg12421734,chr7,70160006,AUTS2,Island,-0.0197061745115853,0.00172480114986641,-0.839880256779147,0.401476397273033,0.508931073507611,0.915845345400129
cg06173509,chr7,3084077,CARD11,OpenSea,-0.0207003287589464,0.0278585987907419,-0.839469945290058,0.401706242208511,0.509150437404343,0.915867318258381
cg21634261,chr17,7132962,DVL2,OpenSea,0.0161721655268225,-0.00117180215080126,0.744684770345914,0.456898860453297,0.509318951181139,0.915948515057369
cg00522316,chr19,6425042,KHSRP,Island,0.0142392282951561,0.00722945346474438,0.743957116264005,0.457338477533439,0.509708164417527,0.916093142361084
cg19872537,chr13,96239925,DZIP1,OpenSea,-0.0210697566102826,-0.00495517904071585,-0.837546546581848,0.402784732134507,0.510179399571683,0.916240703844398
cg07699648,chr6,32974479,HLA-DOA,N_Shore,-0.0184788146759218,-0.00247538372742084,-0.835881637988355,0.403719686291262,0.511070954530612,0.916409392958883
cg25396643,chr4,83956648,COPS4,OpenSea,0.0166311687808779,0.00531777135069302,0.74048759243105,0.459437888914483,0.511566108759944,0.916594933096155
cg07638871,chr5,56247860,MIER3,Island,-0.0261817956940126,0.00396579921035556,-0.834400256398556,0.404552673646935,0.511864914905524,0.916673281363242
cg09950389,chr7,4775247,FOXK1,OpenSea,0.0165028120298009,-0.00361928029602698,0.73926387003637,0.460179654594618,0.512222259523194,0.916763371975623
cg10158843,chr11,60776172,CD6,Island,-0.0602324797202423,-0.00275662289307455,-0.83360094253231,0.405002559619858,0.512293581851036,0.916788808552161
cg21945459,chr21,47706156,MCM3AP,Island,0.0509198853838031,0.00389401151656612,0.73814435274385,0.460858844515662,0.51282292051665,0.916904903748718
cg01304993,chr16,87742839,KLHDC4,Island,0.0143964498834317,0.00113070187691944,0.737768757704145,0.461086836858388,0.513024522858805,0.916976399426198
cg27050730,chr16,88968896,CBFA2T3,N_Shore,0.0144233998213557,0.00526636023316129,0.737517363992676,0.461239472300208,0.513159482635514,0.91698522076336
cg02981703,chr1,9005734,CA6,OpenSea,0.0163573603162033,-0.0108970233873837,0.736971428260212,0.461571038553415,0.513452629866213,0.917003005658756
cg06788504,chr6,32974517,HLA-DOA,N_Shore,-0.0229318727387258,-0.00885205030606961,-0.831027080239352,0.406453271316632,0.513675198767538,0.917050884535792
cg23027329,chr10,603950,DIP2C,OpenSea,-0.0433432934757006,0.00283253471247358,-0.830768509358336,0.406599182081089,0.513814103481163,0.917116849489074
cg19908207,chr5,137610645,GFRA3,S_Shore,0.0167164264036061,0.023892242216944,0.736150498360396,0.462069870020633,0.513893602821244,0.91715347369127
cg18446708,chr14,69421531,ACTN1,OpenSea,-0.0185241205010754,-0.0114227952377304,-0.830423803487555,0.406793747345769,0.513999310447542,0.917182979971568
cg08129129,chr14,99714031,BCL11B,S_Shore,0.0182802918037836,0.0421919356467463,0.7358925937906,0.462226645990174,0.514032180211187,0.917185489641817
cg14294658,chr11,17994507,SERGEF,OpenSea,0.0136922152148138,0.0192770211684021,0.734564885108998,0.463034209733941,0.514745892687933,0.91737950697163
cg15077193,chr19,802989,PTBP1,N_Shore,-0.0300878709217826,-0.00311993240312936,-0.828887477008135,0.407661586957553,0.514825185189804,0.91737950697163
cg23908698,chr11,117103826,PCSK7,Island,-0.0175298888789458,0.00104883273899964,-0.828642685092344,0.407799967171106,0.514956840312568,0.917426591242556
cg18139900,chr12,133657153,ZNF140,Island,0.0262849963358787,0.0106892622804968,0.733737524676085,0.463537841342915,0.515190902237345,0.917426591242556
cg12075498,chr1,65428216,JAK1,N_Shelf,0.0599252100569425,0.014503941440956,0.733454994010204,0.463709893809867,0.515342911796365,0.917442999298754
cg27081107,chr10,438661,DIP2C,OpenSea,0.0165283355069907,0.0168324160314242,0.733090018493756,0.463932205492143,0.515539313502166,0.91744920998501
cg07955793,chr7,116502436,CAPZA2,Island,0.0143506926545308,0.00477742671740705,0.732314795273596,0.464404602363243,0.515956607779385,0.917472212810553
cg04967775,chr1,32757493,HDAC1,Island,0.0254559395028019,0.00616942347717724,0.731546919976847,0.464872786402328,0.516370119411255,0.917484587637513
cg15997411,chr1,65352384,JAK1,OpenSea,-0.0211651524467705,-0.00145094899479692,-0.825638979846056,0.409500240276215,0.516573729823169,0.917571992731185
cg08569046,chr7,4798827,FOXK1,Island,0.0151526149885175,-0.00107083424585142,0.730192545170038,0.465699209056879,0.517099887806768,0.917722108115419
cg05066722,chr7,2976787,CARD11,OpenSea,0.0228544456702411,0.00186521055636091,0.729952194364359,0.465845953678722,0.517229450146528,0.917752328281902
cg19665765,chr6,155575489,TIAM2,OpenSea,0.0170743404053016,-0.000771985317122303,0.72911758767135,0.466355717513414,0.517679479667306,0.917874763264979
cg23336452,chr10,527009,DIP2C,S_Shore,-0.0270194042758113,-0.00821541823289751,-0.823532507200309,0.410695148020433,0.517709208109984,0.917874763264979
cg11519725,chr7,69175743,AUTS2,OpenSea,-0.0388375796046728,-0.0246904841013935,-0.823013734469416,0.410989743300421,0.517989046712992,0.91799211982065
cg22434424,chr13,108868130,LIG4,S_Shore,0.0168494077713993,0.00273975468735833,0.728363464608953,0.466816590463697,0.518086285661646,0.918037587670252
cg23244877,chr17,73518230,TSEN54,Island,0.0280772259876831,0.00716241900600223,0.728174570127028,0.466932070689792,0.518188209248334,0.91805251450354
cg06504039,chr6,32978379,HLA-DOA,S_Shelf,-0.0259653774472606,-0.0093998938026445,-0.82263283847646,0.411206122729131,0.518194561052986,0.91805251450354
cg05559410,chr16,89960184,TCF25,OpenSea,-0.0179857992933601,-0.00826051131469452,-0.822490629236118,0.411286926366093,0.518271301567708,0.918057531753516
cg06371443,chr3,121949308,CASR,Island,0.0269811522776822,0.00517797463852798,0.727507862112183,0.467339788282977,0.518548034070004,0.918112586167149
cg15319470,chr12,62546183,FAM19A2,OpenSea,-0.0172755306674614,0.00425495051843261,-0.821069286472214,0.412095056447703,0.519038624881182,0.91811719380517
cg19292062,chr20,524344,CSNK2A1,Island,0.0178233548434388,-0.00377049790990949,0.725574750050234,0.468523079911337,0.51959207139878,0.918296176537939
cg00756058,chr13,96296844,DZIP1,Island,0.037992388721513,0.0027125189896282,0.724548620973138,0.469151867154173,0.520146704693261,0.918497204616248
cg25410010,chr6,41554543,FOXP4,OpenSea,0.0181787681410498,0.00389000087162517,0.724473151527863,0.469198131505256,0.520187508749792,0.918516880176407
cg05406498,chr10,73823971,SPOCK2,OpenSea,0.0147503338222804,0.00140318105305048,0.723419157221604,0.469844516710129,0.520757544141966,0.918591349992607
cg07015803,chr14,99655593,BCL11B,OpenSea,0.0227401446402401,0.0807323305869421,0.722957146913805,0.470128010332844,0.521007516174328,0.918735095873311
cg04057037,chr6,29600203,GABBR1,Island,0.0207898495932348,0.00143107888647998,0.721981090757492,0.470727238770071,0.521535817293605,0.91881041751726
cg07909402,chr20,57465445,GNAS,Island,-0.0544586907161131,0.0167924434074216,-0.815862103483394,0.415063758150053,0.521854767802036,0.918939283233332
cg05528131,chr6,17599948,FAM8A1,N_Shore,0.0206262747397248,-0.00692081129787958,0.720799693271018,0.471453097769741,0.522175630170396,0.918982586836286
cg05966641,chr6,134637428,SGK1,N_Shore,0.0251815939516269,-0.00813867648694289,0.720167523835163,0.471841761468601,0.522518161652355,0.919112171427672
cg20528838,chr20,57427730,GNAS,Island,0.0313850119441887,-0.0058841612244378,0.719385399135536,0.472322864295384,0.52294210384128,0.919335029312165
cg21910363,chr3,71034420,FOXP1,OpenSea,-0.0328367647008125,-0.0147643106704152,-0.812736541817949,0.41685176966489,0.523548896589086,0.919467610249614
cg22989995,chr7,2968595,CARD11,Island,0.0141891903270492,0.00258388780730023,0.717445732994016,0.473517166910713,0.523994240362136,0.919629800572032
cg21072795,chr12,54920931,NCKAP1L,OpenSea,-0.015693792687654,-0.0600366528226697,-0.811735074102623,0.417425633279064,0.524092312128692,0.919647639968169
cg21341821,chr10,587122,DIP2C,OpenSea,-0.0660134263440971,0.0258626996886973,-0.811449507629833,0.417589354909849,0.524247318917027,0.919721748033487
cg19627446,chr3,47844180,DHX30,Island,-0.0244993973395536,0.00196587541514423,-0.811185832996384,0.417740559180297,0.524390463573488,0.919750956843832
cg09805925,chr10,323396,DIP2C,OpenSea,-0.0235008491542885,-0.00738771971580443,-0.810956305264194,0.417872208258606,0.524515086735928,0.919750956843832
cg09942463,chr4,905223,GAK,N_Shelf,0.0122041255984259,0.00202683502992163,0.71570227375966,0.47459208094731,0.524940873279199,0.91983955540553
cg03498048,chr14,99733089,BCL11B,N_Shelf,-0.0182022090833135,-0.000822767776039401,-0.809464639819926,0.418728372944486,0.525325363035597,0.920012025108011
cg08843248,chr16,89009929,CBFA2T3,S_Shore,0.00972228532072788,0.0350231538401264,0.714616203263162,0.475262367257993,0.525531011038995,0.920045064025775
cg14926286,chr19,16629967,CHERP,Island,0.0219389139012399,-0.00112533553897098,0.714505492469161,0.475330723521009,0.52559118697902,0.920066265881066
cg05608113,chr16,966510,LMF1,N_Shore,-0.0246162652861337,-0.00964609492744217,-0.808935078938244,0.419032571731253,0.52561317575989,0.920078407235462
cg21664037,chr21,34809647,IFNGR2,OpenSea,0.0267151737435274,-0.0197137368247169,0.714409062582195,0.475390266722549,0.525643603521072,0.92009692450836
cg11588288,chr17,80397962,HEXDC,S_Shore,0.0159588362854365,-0.00335314657657804,0.714227216449826,0.475502563634522,0.525742457176725,0.920123029701622
cg09949906,chr6,32552350,HLA-DRB1,S_Shore,-0.160233405244434,-0.0490357441743853,-0.808586803230605,0.419232704915721,0.525802505179521,0.920133892365241
cg00688311,chr12,133100714,FBRSL1,N_Shore,-0.0107733707458067,-0.00281778737303562,-0.808355212534152,0.419365817445593,0.525928421666696,0.920133892365241
cg07278181,chr3,71293767,FOXP1,OpenSea,0.0149644783115776,0.00135772105009213,0.713593240859962,0.475894181901084,0.526087167947267,0.920188193346175
cg03146155,chr6,134588828,SGK1,OpenSea,0.0263481545797685,-0.00725006730381883,0.713451892982207,0.475981519250543,0.526164038600226,0.920200460436697
cg20879601,chr7,2946264,CARD11,Island,0.0136077281315959,-0.0011820706275949,0.71318995323146,0.476143392348254,0.526306507129647,0.920209153092864
cg23680049,chr8,12613139,LONRF1,Island,0.0305349560132319,0.00195508097158396,0.712908837302902,0.476317149594825,0.526459427468173,0.92027215775976
cg23070111,chr1,186649985,PTGS2,Island,0.0166949358478022,0.00179894135244579,0.712540355926416,0.476544960073207,0.526659906885122,0.920369985503782
cg19981660,chr12,132434166,EP400,N_Shore,0.0236200575763904,0.0145445682790303,0.710622903502053,0.477731375143212,0.527703762809027,0.920663635673331
cg04120407,chr16,87769974,KLHDC4,OpenSea,0.0276652099050234,8.34151070622236e-05,0.710534529196628,0.477786095409619,0.527751898958752,0.920689382740311
cg02713832,chr11,60772559,CD6,N_Shelf,0.0203806711748617,0.0405441476994092,0.709029348855029,0.478718612411223,0.528572091558005,0.920890534288532
cg07798602,chr1,65358393,JAK1,OpenSea,0.0169808726292009,0.0455894144347526,0.708871321742931,0.478816574121154,0.528658240246355,0.920926352864508
cg02656049,chr12,133100051,FBRSL1,N_Shelf,-0.0254922246669599,-0.00155971197061,-0.802824947389971,0.422551879286123,0.528939813768973,0.920964041904782
cg02153089,chr11,777833,PDDC1,Island,0.0311935277023078,0.00266015606696659,0.70822449341271,0.479217660401372,0.529010934058278,0.920991701113318
cg19062478,chr4,1235416,CTBP1,S_Shore,-0.0279911928115755,0.00319777676858191,-0.802441717312039,0.42277318951876,0.529148818459893,0.921036130838023
cg26690103,chr6,32974924,HLA-DOA,N_Shore,-0.0127879816838461,0.00187298847115835,-0.801906510715914,0.423082378162156,0.529440777871704,0.921151092341012
cg26918011,chr19,16634068,CHERP,N_Shore,-0.0195146043698588,-0.00555272784947369,-0.801717478041023,0.423191614013253,0.529543916256347,0.921199427973376
cg21174626,chr9,34049476,UBAP2,Island,-0.0192013095304451,0.00335456588396094,-0.80101062322097,0.423600229306755,0.529929674810858,0.921246370425059
cg02531768,chr10,521758,DIP2C,N_Shelf,-0.0170567440046549,0.00504472430753677,-0.800977610179828,0.423619318991759,0.52994769481918,0.921246370425059
cg24556382,chr4,174173455,GALNT7,OpenSea,0.0290730036984415,0.00174790145625481,0.706469761885436,0.480306663402477,0.529968332958566,0.921246370425059
cg03385756,chr4,890680,GAK,N_Shelf,0.0197589513488495,-0.00365903310094384,0.706385885855922,0.480358751544288,0.530014118588671,0.921246370425059
cg22171142,chr16,3627546,NLRC3,OpenSea,0.0173024224217688,0.0130402719077184,0.706370659381295,0.480368207721115,0.530022430520183,0.921246370425059
cg18029791,chr4,174089755,GALNT7,N_Shore,-0.0818490631244776,0.0099539558788321,-0.800690516491582,0.423785351295823,0.530104416642325,0.921247932222188
cg03671266,chr16,989969,LMF1,OpenSea,-0.0201423041998084,0.0183218045947012,-0.800674908265137,0.423794378955722,0.530112937705406,0.921247932222188
cg05658107,chr4,40198392,RHOH,OpenSea,0.0351839932538878,0.00796430336262741,0.704965120870132,0.481241535037596,0.530789980551297,0.921330078615278
cg06691963,chr3,71149599,FOXP1,OpenSea,-0.0230859561947962,-0.000220478143539649,-0.799177040642583,0.424661257600474,0.530930998335288,0.921350364305214
cg25654301,chr17,73511699,TSEN54,Island,-0.0285914340415622,0.00266256115499524,-0.798916279750481,0.424812277065225,0.531073478368043,0.921396327529006
cg21490972,chr7,4736151,FOXK1,OpenSea,-0.0257735158185613,-0.0107906178020681,-0.797870427002623,0.425418298279105,0.531645128270756,0.921560262825973
cg18040892,chr19,11144017,SMARCA4,Island,-0.0227062213135972,0.00506759559803227,-0.797740090887881,0.425493857259145,0.53171639019324,0.921566518279602
cg18997188,chr20,57463270,GNAS,N_Shore,0.0175117784930893,0.00885018341436039,0.702829780359891,0.482569981303201,0.53195714637787,0.92169945361933
cg03796797,chr16,952599,LMF1,S_Shelf,0.0153456752506411,0.0058110700719507,0.702635947079256,0.482690668557442,0.532063158955509,0.921746941879246
cg13129662,chr17,48227708,PPP1R9B,Island,-0.0197770095409657,0.0102629244703949,-0.796912713307008,0.42597369132402,0.532168875893441,0.921771945874035
cg09477492,chr1,156737114,PRCC,Island,0.0285042694539845,0.00753491952169756,0.702139924798937,0.482999584000468,0.53233449545786,0.921841716647738
cg03481620,chr11,71715003,NUMA1,OpenSea,-0.0194442262509645,-0.0019281661894387,-0.795741045241254,0.42665373706248,0.532809984545997,0.922029076208193
cg27090988,chr3,9789110,BRPF1,N_Shelf,-0.0176437409045873,0.0156624847968896,-0.795252489223227,0.426937486561625,0.533077426069328,0.922071481908934
cg24621258,chr12,133156545,FBRSL1,N_Shelf,-0.0281333886796887,-0.0130592534598886,-0.79524816901733,0.426939996195613,0.533079791305522,0.922071481908934
cg22656048,chr10,696356,DIP2C,OpenSea,-0.0184805179512926,-0.0023759145799771,-0.794790457905387,0.427205932264544,0.533330410094993,0.92209482774723
cg14282612,chr10,102046509,BLOC1S2,Island,-0.0212692859547461,0.00146775300622851,-0.794632718114247,0.427297603561853,0.533416793996226,0.922109867373188
cg02814998,chr1,226926791,ITPKB,S_Shore,0.0168739201278466,0.00430862086486808,0.69856996248972,0.485226080356617,0.534289417857956,0.922338523320754
cg05392513,chr7,100483616,SRRT,N_Shore,0.0121464095539106,0.0139898474830067,0.69782484264305,0.485691495663917,0.534697904463909,0.922403189594287
cg22753962,chr7,4762606,FOXK1,N_Shelf,0.062882619378428,0.000899478183561508,0.69668351070037,0.486404862109002,0.535323906222457,0.922574471027941
cg18181923,chr14,99682269,BCL11B,OpenSea,0.0257756472170729,0.0259530160572953,0.696041966971282,0.48680609552074,0.535675944484766,0.922647544776561
cg01348121,chr10,43633961,CSGALNACT2,Island,-0.0270659324781681,0.00303665020613774,-0.790009027198896,0.429989791759776,0.53595202893901,0.922678344726014
cg25805964,chr4,174090085,GALNT7,Island,-0.0290107880947696,-0.000810927090102956,-0.789749955112625,0.43014093090255,0.53609426111627,0.922681083288942
cg03211192,chr7,3018607,CARD11,OpenSea,-0.0372622664270819,0.0114958402082502,-0.789545794909803,0.430260057006254,0.536206359715956,0.922725735538005
cg02210314,chr16,542600,RAB11FIP3,OpenSea,-0.0190906838235042,-0.00835020791275209,-0.789544964361868,0.430260541664642,0.536206815770458,0.922725735538005
cg01940657,chr11,117089445,PCSK7,OpenSea,-0.0161566690002786,-0.0150211876404524,-0.788459965367536,0.430893954166646,0.536802756213646,0.92284111735967
cg21056978,chr12,69633150,CPSF6,N_Shore,-0.0167734470809487,0.00415755549966207,-0.788247453984583,0.431018079926634,0.536919518014873,0.922854821783461
cg01508045,chr6,41516162,FOXP4,Island,-0.0259941985380869,-0.0066036337158443,-0.787574629532369,0.431411207175215,0.537289277442133,0.922959219460394
cg11423998,chr10,374010,DIP2C,S_Shore,0.0123683395865531,0.00395308248726844,0.692976406198584,0.488725830201467,0.537359737053395,0.922959219460394
cg04009537,chr19,56167206,U2AF2,Island,-0.0178148698674904,0.00391948455696414,-0.787432887046153,0.431494053050686,0.537367190183289,0.922959219460394
cg01409597,chr12,62586826,FAM19A2,S_Shore,-0.0267242887058963,0.00725880012427035,-0.787091588345901,0.43169357383663,0.537554817893734,0.922959219460394
cg07725925,chr16,89976287,TCF25,N_Shore,0.018153084198967,-0.000648812575517521,0.69258755458218,0.488969631639562,0.537573507927585,0.922959219460394
cg01387945,chr10,31608209,ZEB1,Island,0.0239900851074291,0.0004189960757712,0.692541621980379,0.488998434716447,0.537598762160311,0.922959219460394
cg07687029,chr12,120941478,COQ5,OpenSea,-0.022807390061563,-0.0137298321854098,-0.786953290008179,0.431774437335072,0.537630856265967,0.922973693431142
cg22851514,chr6,30540557,ABCF1,S_Shore,0.0239276165018674,-0.00733475338549994,0.692127054893371,0.489258439889035,0.537826722507821,0.922994837529343
cg16117334,chr14,91744409,CCDC88C,OpenSea,-0.0171747670046912,-0.00363973177775256,-0.786583972558336,0.431990421650069,0.537833938667737,0.922994837529343
cg03373771,chr16,88943319,CBFA2T3,N_Shore,0.019471681120996,0.00505238048138201,0.692017160769827,0.489327375014973,0.53788715874754,0.922994837529343
cg13883904,chr4,54292066,FIP1L1,OpenSea,0.0337334978401597,-0.0117858969629904,0.691841707417119,0.489437445456538,0.537983656332051,0.923018502332234
cg15958828,chr3,71598380,FOXP1,OpenSea,0.0173663292247289,-0.0111481809562061,0.690832748647919,0.490070674113815,0.538538742153807,0.923187093065644
cg19062174,chr2,157323390,GPD2,OpenSea,0.0252963050739881,-0.030195957960353,0.690568171632723,0.490236797436836,0.538684348598729,0.923215156292327
cg03508112,chr4,862561,GAK,N_Shelf,0.0135702766575369,0.00288632099316966,0.68989299136174,0.490660869166124,0.539056014532718,0.92329917429298
cg24476363,chr6,32978718,HLA-DOA,S_Shelf,0.017700344327497,-0.00257847091627617,0.689414079866485,0.490961787031234,0.539319718434723,0.92343238330721
cg25787645,chr10,648850,DIP2C,N_Shelf,-0.0256776849322068,-0.00828867092735641,-0.783824691728429,0.433606091865981,0.539352445678859,0.923450297080635
cg00279406,chr1,226924739,ITPKB,Island,-0.0206935840135908,0.00245659233142208,-0.782889592351729,0.43415442488909,0.539867542990458,0.923658178141849
cg08185438,chr12,133656843,ZNF140,Island,0.033059969611704,0.00514037716717559,0.688127535084109,0.491770663441021,0.540028450743533,0.923691390380252
cg09107232,chr3,169491072,MYNN,Island,-0.0146011043318631,-0.000373739948408586,-0.781731311776961,0.434834186448348,0.540505920341921,0.923807670802247
cg09461185,chr1,186649631,PTGS2,Island,-0.0203215614130203,0.000133110838134803,-0.781643697971581,0.434885629550557,0.54055422336168,0.923822464638627
cg03709613,chr2,48960164,LHCGR,OpenSea,-0.0336951570626216,0.00335898662316136,-0.780834870514903,0.435360705182373,0.541000245958553,0.923834776783881
cg06017697,chr16,89976667,TCF25,N_Shore,0.0095943803062547,-0.00962370271618845,0.686275842129895,0.492936118870581,0.541049329531629,0.923838720999634
cg25839227,chr17,47288502,ABI3,OpenSea,0.0145893663285724,0.0487737305907928,0.68585680903811,0.493200064248077,0.541280485343117,0.923895925264635
cg21890646,chr14,91816120,CCDC88C,OpenSea,0.0136613805889682,0.0516675895607763,0.685594393615428,0.493365396174181,0.541425269546389,0.9239134132601
cg11909064,chr6,155578034,TIAM2,OpenSea,0.0223283322504017,-0.0117109644831107,0.685568005926748,0.493382023093056,0.541439829670983,0.9239134132601
cg01272967,chr10,386708,DIP2C,N_Shore,-0.0161716337044121,0.000652296576050038,-0.78000851804575,0.435846384624363,0.541456122427902,0.9239134132601
cg02824064,chr7,4767580,FOXK1,S_Shelf,-0.0167462386154248,-0.00464978625662726,-0.779793216293893,0.43597297730563,0.541574930111944,0.923934420079169
cg13474719,chr1,177034184,ASTN1,OpenSea,-0.0205797931984316,0.0116219157442998,-0.77966271164759,0.436049721516217,0.541646951442113,0.923969373864853
cg26564040,chr1,186649812,PTGS2,Island,0.0296086525370941,0.00609692902865548,0.684927651932081,0.493785603349143,0.54179322232224,0.924019269011966
cg20670361,chr1,25258679,RUNX3,Island,0.0188215767562972,-0.0166726396882118,0.684519531265724,0.494042912088622,0.542018512229787,0.924079654414765
cg11885965,chr12,62580930,FAM19A2,N_Shelf,-0.0274517620696261,-0.015547572176139,-0.778798189803565,0.436558307280594,0.542124174027092,0.924089760158394
cg09088287,chr7,4784963,FOXK1,Island,0.0231213809018412,0.00643479594255959,0.684103028612357,0.494305579659536,0.542248477316439,0.924133742952598
cg17105834,chr1,177133566,ASTN1,Island,-0.0324905148104597,-0.0172933654883692,-0.777546195744313,0.437295445161433,0.542815655760913,0.92422944876833
cg11038646,chr12,132537533,EP400,OpenSea,-0.0182638820599265,-0.000624648441906128,-0.777471982781455,0.437339162173148,0.542856657693176,0.92422944876833
cg02111865,chr2,30371990,YPEL5,S_Shore,-0.0173159135672768,-0.0887958962014192,-0.777382999740542,0.437391583199461,0.54290582198244,0.92424482610143
cg00894440,chr12,125348579,SCARB1,Island,0.0132779402160389,0.00891604424636267,0.681721203287495,0.495809117936512,0.543564496949245,0.92438498512655
cg03796952,chr16,2802241,SRRM2,Island,-0.0315677935690668,0.000406303183457211,-0.775908261041688,0.438260898746856,0.54372095719368,0.92438498512655
cg02243495,chr17,48227139,PPP1R9B,Island,-0.0257122710189015,0.000207124669978666,-0.775855094348451,0.438292257576041,0.543750355492273,0.92438498512655
cg02452985,chr14,99737548,BCL11B,Island,-0.0173376055159164,0.00201013547092022,-0.775716542046139,0.43837398470967,0.543826971118485,0.92438498512655
cg26894968,chr4,1209971,CTBP1,Island,-0.0232002744656182,-0.00111234349217204,-0.775645467214173,0.438415912667385,0.543866275636659,0.92438498512655
cg14089307,chr14,69446181,ACTN1,Island,-0.02179057157469,0.000968296924194617,-0.775592382951945,0.438447229265992,0.543895632257082,0.924390608306242
cg10483776,chr15,75748142,SIN3A,Island,-0.0159005593348806,0.00153636033126188,-0.775134857083232,0.438717196168006,0.544148685549932,0.924451057765262
cg11606826,chr6,30540994,ABCF1,S_Shore,0.0131989431576257,0.000732997428373294,0.679949349118392,0.496929196336919,0.544544521807925,0.924561588008469
cg20478390,chr14,99733000,BCL11B,N_Shelf,0.0361632802940823,0.011519858691351,0.679799808546394,0.497023790373153,0.544627273897524,0.924596685872006
cg14378958,chr10,689995,DIP2C,S_Shelf,-0.0263139295924072,-0.00953197650257542,-0.774001926352093,0.439386103766513,0.544775550813399,0.924625210128941
cg26146900,chr21,45552556,C21orf33,N_Shore,-0.0210870022285618,-0.0107131241954704,-0.773456181999851,0.439708533068687,0.545077646202077,0.924748144884989
cg24754199,chr10,559376,DIP2C,OpenSea,0.0172148571531977,0.0270421795832589,0.677827514471976,0.498272293918588,0.545719277388303,0.924984339604077
cg03082741,chr16,87756170,KLHDC4,S_Shore,0.0117064187915453,-0.000675499855523953,0.676394626456191,0.499180391160119,0.546513307485508,0.925272092034988
cg10657156,chr4,84206491,COQ2,S_Shore,-0.0226427672462689,0.0061526067500822,-0.77065857121899,0.4413635185012,0.546627561244639,0.925313595658132
cg26281789,chr14,91739020,CCDC88C,Island,0.0247357486575315,-0.000150724402895985,0.676154336395219,0.499332762092644,0.546646519431433,0.925321237313348
cg18154422,chr10,31609200,ZEB1,Island,0.0118042571182364,0.00905286814090456,0.675717962138318,0.499609535854961,0.546888477599112,0.925389517535133
cg26964170,chr10,557217,DIP2C,OpenSea,0.0229448487977104,0.00930613700267081,0.674760131987009,0.500217333624017,0.547419755332237,0.925587267242602
cg07050555,chr12,133066471,FBRSL1,N_Shore,0.037130090916464,0.00696376993052662,0.674443121656467,0.500418581409994,0.54759564703189,0.92565810323702
cg09805889,chr16,961216,LMF1,N_Shore,-0.013629217476342,-0.00157722330802246,-0.767592160594078,0.44318162538771,0.5483288987554,0.925807578946407
cg05274650,chr11,17928213,SERGEF,OpenSea,-0.0187508738891852,0.00278996297895251,-0.767279420295417,0.4433672935056,0.548502563422574,0.925864753092785
cg20288927,chr1,25243348,RUNX3,OpenSea,-0.013280807957097,0.0200451806286475,-0.766673309928535,0.443727256978405,0.548839213780306,0.925924993974574
cg06858150,chr19,7977647,MAP2K7,Island,-0.0533510288769561,-0.0062329715749605,-0.765995707333254,0.44412987731657,0.54921569357985,0.926008607744727
cg20083839,chr20,57485940,GNAS,OpenSea,0.0258625198147544,-0.0167375285649503,0.671030420322611,0.50258779446634,0.549490936434171,0.926134764759482
cg08786957,chr7,116502443,CAPZA2,Island,0.0180241419710357,0.00437340291604449,0.670332629981597,0.503031944160034,0.549878861537978,0.926243175050123
cg11177740,chr6,41520488,FOXP4,OpenSea,0.0156915433437363,-0.000757823494277221,0.670130468961721,0.50316066030951,0.549991274849702,0.926264473242509
cg17021988,chr4,40428050,RBM47,OpenSea,0.0185663306283779,0.00205673949526197,0.670005737047969,0.503240085971042,0.550060638712068,0.92629428052561
cg07431884,chr14,75259326,YLPM1,OpenSea,-0.0217428670281011,-0.00213906514544715,-0.764341259496702,0.445113802067069,0.550135448943559,0.926296941722146
cg01373599,chr10,367490,DIP2C,Island,0.0242408935575297,0.00172386749044384,0.669766234031654,0.503392613173537,0.550193839274339,0.926296941722146
cg04513311,chr16,88972865,CBFA2T3,N_Shelf,0.0172409311609064,-0.00538193655998498,0.669537887070787,0.503538058473088,0.55032085014296,0.926296941722146
cg06324048,chr20,57427103,GNAS,N_Shore,0.0234405230410531,0.000366665975451208,0.669411336312256,0.50361867440495,0.55039124626903,0.926324665554166
cg02196912,chr14,24868470,NYNRIN,Island,0.0314942834054862,-0.000178002705782693,0.669354198491634,0.503655074836779,0.550423031657853,0.926340365218181
cg27497751,chr19,7967946,MAP2K7,N_Shore,-0.0483019554056831,-0.000186762531165174,-0.763716264776841,0.445485820124859,0.550483098894872,0.926358486826076
cg15111626,chr12,133100333,FBRSL1,N_Shore,0.0143920093286788,-0.000295097476815887,0.667869063698524,0.504601689159283,0.551249519117402,0.926566954649929
cg20911718,chr14,24867491,NYNRIN,N_Shore,0.0113461521549985,-0.0398187104731568,0.667703282990552,0.50470741498472,0.551341815035384,0.926591786000077
cg19082416,chr10,323260,DIP2C,OpenSea,-0.0214942053643846,0.00893027308589933,-0.761891137048771,0.446573215551298,0.551498934998307,0.926591786000077
cg19615228,chr7,4772314,FOXK1,OpenSea,0.0144371967207236,-0.00307656294898118,0.667414088429123,0.504891875437485,0.551502837944456,0.926591786000077
cg25647665,chr10,453318,DIP2C,OpenSea,-0.0295672947315667,-0.0091203575688007,-0.761803292553653,0.4466255907656,0.551547851030162,0.926607799695384
cg06204040,chr16,89037481,CBFA2T3,S_Shelf,0.031592740661722,0.0499019586894878,0.66711665625748,0.505081627378154,0.551668471643548,0.926647970258806
cg14798382,chr19,16629806,CHERP,N_Shore,0.0241568703508333,0.00173021152451791,0.667056134039775,0.505120243179271,0.551702178181811,0.926671469138378
cg15440941,chr10,527681,DIP2C,S_Shore,0.0149487864171717,0.00916713813982406,0.665923264337073,0.505843351230264,0.552333292091395,0.926843770035317
cg19534805,chr19,6418059,KHSRP,S_Shelf,-0.0206240155474148,-0.00816899243282821,-0.75995790872725,0.447726668290319,0.55257594192908,0.926932045451323
cg12227954,chr10,334493,DIP2C,OpenSea,-0.0179217362139964,-0.00435132554310858,-0.759919847684081,0.447749394301907,0.552597156197135,0.926932045451323
cg13227646,chr10,102045829,BLOC1S2,N_Shore,0.0317651017810368,0.0191061865474811,0.664922180595825,0.506482795449844,0.552891283710483,0.92700717174674
cg11659327,chr19,48949258,GRWD1,Island,-0.0504030919472792,0.00334378043685807,-0.759151623592952,0.448208236774476,0.553025430387809,0.927024736136392
cg04141261,chr12,125308274,SCARB1,OpenSea,0.010645242034909,0.0071763690319937,0.663654832915345,0.50729292780715,0.553598083803588,0.927106929849536
cg10966208,chr4,866710,GAK,S_Shore,0.0125923209645598,0.000363793159100734,0.663467058339867,0.507413017873696,0.553702843361504,0.927158737574049
cg26450359,chr16,1009905,LMF1,N_Shore,0.0181851601474443,0.000604828865309992,0.662663826150793,0.507926889141238,0.554151076685476,0.927225690385885
cg01220134,chr16,960424,LMF1,S_Shore,-0.0147527549900715,-0.00136993963827836,-0.756941035010436,0.449530064676099,0.55425870974486,0.927301414488412
cg19647813,chr13,96296144,DZIP1,Island,0.0165966962923053,-0.00355428520194799,0.662352487766346,0.50812614290789,0.554324862783483,0.927326409358219
cg01014371,chr16,89017958,CBFA2T3,OpenSea,-0.0359272385092993,-0.0202842703553247,-0.75670440824081,0.449671687691489,0.55439080265637,0.92734134056044
cg00335908,chr16,89002930,CBFA2T3,N_Shelf,-0.0194011828514487,-0.00666048215620256,-0.756487465777805,0.449801551799655,0.554511920665932,0.927405311474012
cg00360256,chr12,133065724,FBRSL1,N_Shore,0.0179026965360531,0.00648162774863068,0.661707636472488,0.508538972810194,0.554684897376169,0.927461975314877
cg21920539,chr17,1732960,RPA1,Island,0.0208910578415872,0.00495251011143413,0.661288937668966,0.508807115733712,0.554918727292338,0.927532949162325
cg00548143,chr1,226891174,ITPKB,Island,-0.0143649065360355,0.00564362079810231,-0.755648707508114,0.450303842282327,0.554980317382442,0.927534084964856
cg05928656,chr16,88958527,CBFA2T3,Island,-0.0206278649535744,0.00263094430740385,-0.755362336322628,0.450475408709208,0.555140282965649,0.927534084964856
cg18710945,chr14,24887496,NYNRIN,OpenSea,0.014297975442204,-0.000523855423447794,0.659781740891907,0.509772969511725,0.55576084725334,0.927534084964856
cg17053201,chr6,29593246,GABBR1,N_Shelf,0.0118093860688908,-0.0221684073367479,0.65972169192117,0.509811470510431,0.555794411488284,0.927534084964856
cg17214455,chr6,32977138,HLA-DOA,S_Shore,-0.0235855670949915,-0.00838945242263737,-0.753614860013435,0.451523135527109,0.556116902832583,0.927601403906031
cg27527874,chr6,29571074,GABBR1,OpenSea,-0.0221815185156072,0.0104284472943494,-0.753388264183615,0.451659095872234,0.556243602817866,0.927601403906031
cg13984756,chr10,678263,DIP2C,Island,0.0192788892357693,-0.00354904814776014,0.658903521119859,0.51033620105945,0.556251824742519,0.927601403906031
cg26292976,chr20,464073,CSNK2A1,OpenSea,0.0227839092087422,-0.0187629194283321,0.658582528786324,0.510542145602709,0.556431331475785,0.927601403906031
cg13207702,chr1,9005055,CA6,OpenSea,-0.015831505301456,0.00273101419482735,-0.752907855918286,0.451947423721718,0.556512267384098,0.927601403906031
cg18838148,chr12,50629483,LIMA1,OpenSea,-0.03088828337501,-0.00701521202284028,-0.752714177482501,0.452063693737011,0.556620598426715,0.927601403906031
cg13163521,chr15,41803428,LTK,N_Shore,0.017429698148211,0.00553750887505078,0.657767613886944,0.511065180331157,0.556887178583439,0.927727362589577
cg07824914,chr20,57465815,GNAS,Island,-0.0226601500031876,0.00135012488582335,-0.752166175498762,0.452392764981361,0.556927170553823,0.927736640670407
cg20452252,chr10,577236,DIP2C,S_Shore,-0.0331017662878903,-0.0129607434364014,-0.751567757794455,0.452752265632468,0.557262040999961,0.927833594285075
cg20573562,chr11,18034664,SERGEF,Island,0.0307927100554788,0.00347949023439014,0.656872420735394,0.511640063527366,0.55738814138166,0.927878296961172
cg27154769,chr19,56177793,U2AF2,S_Shore,-0.0151373851029687,0.00683263432349535,-0.751126537262816,0.453017433456698,0.55750900776757,0.927907703238285
cg16818505,chr12,62499674,FAM19A2,OpenSea,-0.0391623886568543,-0.0228336183213655,-0.750373638953784,0.453470118753201,0.55793055461378,0.928062594851006
cg20704972,chr6,29574700,GABBR1,OpenSea,-0.0175314885053786,0.0125672242151434,-0.749992393845356,0.453699442681976,0.558144072402957,0.928120611724058
cg27421267,chr10,530836,DIP2C,Island,0.0458217872224003,0.0197755243061784,0.65537225660193,0.512604211519466,0.558228146131389,0.928126193810732
cg03521085,chr4,1219008,CTBP1,Island,0.0168333586968296,0.001233230856167,0.654739654619273,0.513011066410972,0.558582550888071,0.928292821932655
cg01753198,chr16,70560099,SF3B3,S_Shelf,-0.0199487861836912,0.0113380845953902,-0.749029134044424,0.454279148533967,0.558683726714684,0.928319648575787
cg15712177,chr1,25236296,RUNX3,S_Shore,0.0318678965556955,-0.0208331288161436,0.654201724080768,0.513357166616846,0.558884003528938,0.928338982262205
cg12257233,chr6,29597083,GABBR1,S_Shore,-0.0314185514670149,0.0112131165799439,-0.748424599654055,0.454643181383078,0.559022539001899,0.92836638559063
cg06420305,chr16,78133211,WWOX,Island,-0.0182416097481681,0.000723226749488562,-0.748385195698662,0.454666915013255,0.559044626476169,0.928383778558224
cg16950088,chr4,899775,GAK,Island,0.0360456803590079,-0.00962685223517157,0.653825634465491,0.513599212130854,0.559094808530644,0.928386739603866
cg09395195,chr17,29645782,EVI2A,OpenSea,-0.0186630913834199,0.0400462245335621,-0.747340577874395,0.455296360427033,0.559630330519953,0.928450548862899
cg27484541,chr20,57461542,GNAS,N_Shelf,-0.0236255386010403,-0.0184028983642597,-0.74725076703695,0.455350499866618,0.559680700217087,0.928450548862899
cg08027810,chr6,29593479,GABBR1,N_Shore,0.0288437828652132,-0.0333582701164971,0.651608263739904,0.515027489099578,0.560338468927854,0.928619037713591
cg21217270,chr1,25238271,RUNX3,S_Shelf,-0.0130247333042286,0.0346240111394466,-0.74597003159633,0.456122943806537,0.560399229721166,0.928622000530877
cg15699942,chr12,50677255,LIMA1,OpenSea,0.0666171830215872,0.00298384720595292,0.650887695038151,0.51549207508196,0.560742903868815,0.928669929106329
cg26998693,chr6,132834590,STX7,S_Shore,0.0191840018645985,0.0029116561962597,0.649742399881742,0.516230952132591,0.561386016544864,0.928842078415471
cg03255601,chr12,133143874,FBRSL1,N_Shelf,0.0129207032518293,0.00263511192832366,0.649639325683047,0.516297476567006,0.56144391285221,0.928842078415471
cg04442407,chr12,69633209,CPSF6,N_Shore,-0.0216059985532537,-0.000486223183998658,-0.74407065946197,0.457269863956468,0.56146565441481,0.928842078415471
cg08809408,chr16,2820942,SRRM2,OpenSea,-0.0156311122330113,-0.00325842080126015,-0.743489380379634,0.457621189131057,0.56179221639192,0.928960597956898
cg26142075,chr5,139029023,CXXC5,Island,0.0293084897043787,0.00388189078749784,0.648956496627772,0.516738289382369,0.561827527735674,0.928969126939971
cg14671277,chr6,32973717,HLA-DOA,N_Shore,-0.0240350222562561,-0.0135041228916403,-0.743262167049487,0.457758558237901,0.561919889555268,0.92899095604642
cg21167587,chr9,36397390,RNF38,N_Shelf,-0.116207682435872,-0.014400803162951,-0.743176724085868,0.457810221531807,0.56196790433382,0.928998255156582
cg15324873,chr15,75740920,SIN3A,N_Shelf,0.0244002561153748,-0.0161344056769501,0.648685653389803,0.516913191402837,0.561979723154616,0.928998255156582
cg04432454,chr16,949229,LMF1,N_Shore,-0.0261838001619299,-0.00459710564555749,-0.742744758190073,0.458071461023126,0.562210678444884,0.929005044082079
cg05460950,chr7,4800661,FOXK1,Island,-0.0196937825606729,-0.00495142220916411,-0.7423305705491,0.458322027594497,0.5624435083626,0.929028629494714
cg07891440,chr16,89973716,TCF25,N_Shelf,-0.0151359129734885,-0.00267956036122075,-0.742157184787103,0.458426941789998,0.562540988620327,0.929041683029724
cg26397265,chr12,25348258,LYRM5,Island,0.0226714553021998,-0.00438237419923503,0.647140494642929,0.517911594584172,0.562848377781434,0.929143781019418
cg18428961,chr2,170938375,UBR3,OpenSea,-0.0254499742387755,-0.0106541914992858,-0.740593303539907,0.459373843131113,0.563420596134107,0.929339717529202
cg25404758,chr7,70139561,AUTS2,OpenSea,0.0190460705135429,0.0285432335220704,0.645793072681354,0.518783046799636,0.563606397545807,0.929367820257887
cg25438801,chr10,671497,DIP2C,S_Shelf,-0.0291717740301471,0.00637310804183044,-0.740233625811835,0.459591776805379,0.563622991195125,0.929367820257887
cg00312919,chr7,38217710,STARD3NL,Island,0.0126257330615519,0.00514091933354624,0.645085849786589,0.519240751001633,0.564004457034518,0.929444230672142
cg00593111,chr16,88958311,CBFA2T3,Island,-0.0131706680191285,0.00418024838950015,-0.739406922889256,0.460092907663784,0.564088319828924,0.929507580363202
cg17085250,chr6,29591016,GABBR1,OpenSea,0.0149135980252742,0.00993387950302793,0.644875016020078,0.519377239976604,0.564123150741165,0.929507580363202
cg11336061,chr1,25254149,RUNX3,N_Shore,-0.0164272711140774,0.033886423383923,-0.739069263342532,0.460297678405543,0.564278432421364,0.929507580363202
cg02719221,chr16,3613509,NLRC3,Island,0.0164397481142726,-0.000276900559630811,0.643570606242034,0.520222098200668,0.564857765451365,0.929660150714068
cg04294677,chr14,99737297,BCL11B,Island,0.0197565640087713,0.00569616441390271,0.64339452388147,0.52033620012021,0.564956966374157,0.929660150714068
cg08503285,chr4,846652,GAK,S_Shelf,0.0148675157363426,0.00526030186441095,0.64315173402996,0.520493549933995,0.565093762565904,0.929683106758884
cg18072147,chr10,712592,DIP2C,S_Shore,0.0146603391734993,0.00140247917569047,0.642959654366254,0.520618052388657,0.56520199816719,0.929705436588974
cg18737534,chr17,1800702,RPA1,S_Shore,-0.0229764116319713,-0.0107006230610825,-0.736565677763438,0.461817551846119,0.565688988621021,0.929799766599615
cg08698997,chr16,88989212,CBFA2T3,OpenSea,0.0206571169211631,-0.0478562325037105,0.641896341648883,0.521307550363368,0.565801347948942,0.929845270343809
cg00420347,chr1,65362428,JAK1,OpenSea,-0.011841990542514,-0.00854540545330784,-0.735697694324631,0.462345141951369,0.566178418050016,0.929952554711769
cg02896250,chr16,28305533,SBK1,S_Shore,-0.0215453531271401,0.013626065677981,-0.735173606073613,0.462663864141509,0.566474033816642,0.93003647189334
cg24131452,chr10,415359,DIP2C,S_Shore,0.0191952744551247,-0.00221326110848463,0.640676596702466,0.522099066336947,0.566489248380486,0.93003647189334
cg03678146,chr7,2972392,CARD11,S_Shelf,-0.0233139919968367,-0.00198796655539146,-0.735143912732609,0.462681925710221,0.566490784776222,0.93003647189334
cg06841464,chr4,174254812,HMGB2,Island,0.0163899968376412,0.00505985305339675,0.639396215751318,0.522930596834895,0.567211777033798,0.930111643812761
cg09516786,chr11,71715072,NUMA1,OpenSea,-0.0172094919133919,-0.00106124897062432,-0.733307413982917,0.463799779691525,0.567527273720928,0.930193065685821
cg19589727,chr20,57427762,GNAS,Island,0.0204581621945766,-0.00220134027014413,0.638107714301173,0.523768089642006,0.567939333558049,0.93022496165208
cg23511432,chr5,137610255,GFRA3,Island,0.0616395303821771,0.0041362715814749,0.637997071968799,0.523840036487973,0.568001828923055,0.93022496165208
cg04602787,chr4,54243716,FIP1L1,Island,-0.0186028781913876,0.00416910676686634,-0.731657399491313,0.464805409312095,0.568459287844418,0.930267391686158
cg03753597,chr21,47706070,MCM3AP,Island,-0.0181869274768171,-0.000544790125775442,-0.730937518822175,0.465244534053185,0.56886614308694,0.93032141201585
cg09676630,chr12,133101224,FBRSL1,N_Shore,0.0121131204109128,0.0388781989896709,0.635974541810533,0.52515611301703,0.569144817009371,0.930425197006351
cg01092250,chr16,556146,RAB11FIP3,N_Shelf,0.0123771153860239,-0.0054335602596296,0.635766779384677,0.525291401824722,0.569262291520216,0.930434504339718
cg24775108,chr14,58666607,ACTR10,Island,0.0280784321752135,0.00118980121182424,0.635641578726492,0.525372937469719,0.569333088958047,0.930465785602881
cg01721538,chr20,60718632,SS18L1,Island,0.0211440302809834,0.00255559455331235,0.635370896741853,0.52554923854919,0.569486166345004,0.930490706364978
cg20817150,chr21,34776492,IFNGR2,Island,0.0166228602433011,-0.0106317087388467,0.635359428813302,0.52555670853176,0.569492652177225,0.930490706364978
cg10981907,chr11,60775545,CD6,Island,0.0240712349931487,-0.0389999120367156,0.634401374210178,0.526180958850375,0.57003461654765,0.930710339583135
cg08122953,chr16,88953444,CBFA2T3,Island,0.0229743578154542,0.0090876562052038,0.634191265412216,0.526317912613498,0.570153506407236,0.930726888677008
cg10928544,chr14,91862864,CCDC88C,OpenSea,0.0303889003195721,0.00637390735616539,0.633877642384235,0.526522373342056,0.570330991682476,0.930732949045973
cg08967211,chr6,29596174,GABBR1,S_Shore,0.0206165233389717,0.00453991523657926,0.633804203180813,0.526570256554656,0.57037255613816,0.930750085804775
cg18516609,chr10,31747241,ZEB1,OpenSea,-0.0306218870894221,-0.00699037466472363,-0.728169273415889,0.466935309051735,0.570431968188546,0.930764530055433
cg04779428,chr20,57463355,GNAS,N_Shore,0.0252438037613511,0.00831273529203536,0.633402978052881,0.526831899399202,0.570599663388481,0.930811101293832
cg03837903,chr20,57464000,GNAS,Island,0.0219576999962341,0.00126231782148933,0.633273874555342,0.526916103221559,0.570672749577308,0.930811101293832
cg24361849,chr12,133136393,FBRSL1,Island,0.0184252748443383,-0.000506912303386106,0.632863982144947,0.527183488748213,0.570904821437209,0.930845036128611
cg14698867,chr19,48950884,GRWD1,S_Shore,-0.0188595474298534,-0.00895091594680997,-0.726769049262925,0.467791832074554,0.571224769711245,0.930924589348901
cg19372359,chr6,29575128,GABBR1,OpenSea,0.0175320226045476,0.00445613344719209,0.631687644132935,0.527951236199676,0.571571086962578,0.930998443723547
cg17925308,chr14,69344852,ACTN1,S_Shelf,0.0113348303804347,0.00371120931574931,0.630806323229042,0.52852681267268,0.572070500085459,0.931228696569635
cg06653216,chr16,941948,LMF1,N_Shelf,0.0143538567308414,0.00323703709936929,0.630576702129352,0.528676827160983,0.572200652216269,0.931256969335888
cg02849719,chr16,88945618,CBFA2T3,Island,0.0197014742550487,0.0130394379574107,0.62971365420537,0.529240862248288,0.572689964414123,0.931371774777137
cg18384097,chr1,202129566,PTPN7,OpenSea,0.0331730353925215,0.00676906118861326,0.629265260706691,0.529534025917487,0.57294426322083,0.931447725687049
cg08591538,chr16,533228,RAB11FIP3,S_Shore,0.01622292056491,-0.00428985387371417,0.628268291366472,0.530186150225688,0.573509869487932,0.931494329796631
cg15930380,chr1,67399983,MIER1,S_Shelf,0.0230693447058979,0.0399388779029639,0.628025011995332,0.530345343014221,0.573647928277398,0.931494329796631
cg00678158,chr6,30538836,ABCF1,N_Shore,-0.0347214986627176,0.0116567860722358,-0.722316695673438,0.470521153712436,0.573749153549529,0.931494329796631
cg23890800,chr12,133066061,FBRSL1,Island,0.0792968645625801,0.0018207482345741,0.627798585054923,0.530493530099814,0.573776437619094,0.931494329796631
cg03118960,chr7,4736129,FOXK1,OpenSea,-0.023018191195014,-0.0125344778817502,-0.721918330213867,0.470765783714389,0.573975275165829,0.931528503504023
cg26846943,chr6,112165062,FYN,OpenSea,0.0420234077773909,0.0301780240955771,0.627367098570005,0.530775978599644,0.574021366927104,0.931534518729096
cg05629774,chr12,132546836,EP400,OpenSea,0.0132256066479101,-0.00340406901874057,0.626804884328493,0.531144115614879,0.574340576914606,0.931613761471526
cg00929376,chr1,25258236,RUNX3,Island,0.0170587788439046,0.000838648823508148,0.626239807335996,0.531514258099428,0.574661496943576,0.93169386339757
cg02084046,chr5,139027359,CXXC5,N_Shore,0.0144437744329183,-0.00248744173785492,0.625733033435616,0.531846321898804,0.57494937746717,0.931749249270505
cg17091793,chr13,49684397,FNDC3A,OpenSea,0.0251505218993239,0.0127369787665548,0.625677871823831,0.531882472933024,0.574980716964273,0.931749249270505
cg05812266,chr6,29595194,GABBR1,N_Shore,0.0155254151186896,0.00222660526209462,0.624978221043048,0.532341108549317,0.575378286374327,0.931849323255664
cg00067032,chr6,32975816,HLA-DOA,Island,0.0176372158098179,0.00441070288158341,0.624958327315753,0.532354152238643,0.575389592680761,0.931860274371409
cg12117703,chr19,56175674,U2AF2,N_Shore,-0.0403943450446069,-0.0212245750458067,-0.719139777816182,0.472474007540296,0.575553619777885,0.931863737109635
cg07338958,chr12,50677279,LIMA1,OpenSea,-0.0357543103073183,-0.000464970768540379,-0.71904682734735,0.472531211646554,0.575606455311234,0.931863737109635
cg05225461,chr5,102596755,C5orf30,S_Shore,-0.0275491191750025,0.0171859326335853,-0.718920443369999,0.472608997733754,0.575678299020584,0.931863737109635
cg13353325,chr20,57485837,GNAS,OpenSea,-0.030827663809369,-0.0168142562932245,-0.718824621214952,0.472667978522029,0.575732772506417,0.931863737109635
cg20719644,chr12,133073533,FBRSL1,Island,0.0152383811496737,-0.00215617830225057,0.623966579202909,0.533004615992277,0.57595337111965,0.931946346967841
cg25298161,chr15,41806135,LTK,S_Shore,0.0139318980519079,-0.0201650249687737,0.622193396968663,0.53416860839734,0.576962020379638,0.932169588776145
cg00273359,chr7,3019314,CARD11,OpenSea,0.0211102503021708,0.00914574051968314,0.621925324903534,0.534344694364157,0.577114581736737,0.932214958675361
cg23187255,chr7,4803019,FOXK1,Island,-0.023419827535905,-0.00234055478540784,-0.716062183270458,0.474370071872896,0.577304223516708,0.932269104965367
cg17929459,chr14,91779510,CCDC88C,OpenSea,0.0126571351478561,0.00759316001058297,0.621304802278039,0.534752403999088,0.577467797637718,0.932307538212643
cg25883083,chr12,6741695,LPAR5,OpenSea,0.0128311174846959,0.00763103009593914,0.619895310505891,0.535679084642728,0.578270491102754,0.932424002867666
cg02821998,chr4,1827256,LETM1,N_Shore,0.0136548553736717,-0.00380677509290717,0.619773645914361,0.535759111967853,0.578339802634373,0.932432403233587
cg21365564,chr10,102045962,BLOC1S2,N_Shore,0.0435772782139579,0.0119812806546849,0.619711649970064,0.535799893368172,0.578375122825456,0.932435820671458
cg24493334,chr7,38217897,STARD3NL,Island,0.0295132954992078,0.00444774687618454,0.618449421909126,0.536630537601659,0.579094456994011,0.932581334901735
cg16177187,chr1,226825606,ITPKB,N_Shelf,0.0141924012512922,0.0123004748172491,0.617560784313243,0.537215719998761,0.579601136650143,0.932729008063921
cg00286497,chr10,43668100,CSGALNACT2,OpenSea,-0.0172025627446222,0.00562940146397273,-0.711304571895602,0.477309410223802,0.580015382295296,0.932835262975648
cg06144088,chr6,111994010,FYN,OpenSea,-0.018092722500772,-0.0101212575316249,-0.710763405518784,0.477644385132274,0.580324147527769,0.932835262975648
cg21534623,chr1,65432355,JAK1,Island,-0.0260794247062047,0.00233534369335708,-0.710316146305778,0.477921330123319,0.58057939166498,0.932918341413703
cg18821098,chr14,91766170,CCDC88C,N_Shelf,0.0138608831691994,-0.00727483097815074,0.615675859772808,0.538458038265913,0.580676562922838,0.932918341413703
cg18630552,chr19,39935857,SUPT5H,N_Shore,0.018293404721767,0.00514818277793318,0.615640570838295,0.538481310324203,0.580696705605821,0.932918341413703
cg25301103,chr10,373957,DIP2C,S_Shore,-0.0222346357308325,-0.00622909993207477,-0.709264947933133,0.478572583899476,0.58117950176167,0.933002758632986
cg01365766,chr16,79192835,WWOX,OpenSea,0.00999977828590054,0.00273828886392213,0.614285796324171,0.539375128673567,0.581470248925979,0.933069278877679
cg24019564,chr1,25257566,RUNX3,Island,0.0117084426980742,0.0187308272965694,0.613678154132316,0.539776265412652,0.581817354311776,0.933145938903497
cg06287843,chr16,982111,LMF1,S_Shore,0.0135569408805464,-0.0024180203694707,0.613402017516349,0.539958607318479,0.581975124707162,0.933200175277693
cg12056857,chr12,100593408,ACTR6,Island,0.0184039463692593,0.00410727327887989,0.61271366818897,0.540413281219409,0.58236849944215,0.933274960109614
cg09208864,chr14,91805692,CCDC88C,OpenSea,0.0129983126158213,0.00231637018623709,0.611217025971889,0.541402517812171,0.583224221848591,0.933441654322287
cg14334161,chr10,72201622,NODAL,S_Shore,0.0203683040620487,-0.00380247361942077,0.610945163411155,0.541582308343751,0.583379725287166,0.933468175426453
cg18863666,chr10,529214,DIP2C,N_Shore,-0.0212926128825667,-0.0100521927187137,-0.704968437922783,0.481239472975649,0.583635313616214,0.933505761778591
cg24924631,chr15,80264696,BCL2A1,OpenSea,0.0153301115714585,-0.0178313554854826,0.610470226638984,0.541896469457965,0.583651432079812,0.933505761778591
cg12110887,chr19,11096925,SMARCA4,N_Shore,-0.0151057962140783,-0.0049817278294958,-0.704265514249707,0.481676556778228,0.584037552526828,0.933616101515386
cg10527525,chr7,70061508,AUTS2,S_Shore,-0.0210926504324174,-0.000628262044981176,-0.703182305188725,0.482350529438025,0.584657657351875,0.933742312710454
cg16540079,chr6,132786034,STX7,OpenSea,-0.0219036678254543,-0.0078629287985319,-0.703086939332634,0.48240989070598,0.584712266117319,0.933747838245883
cg24350392,chr17,37026147,LASP1,Island,-0.019927890022069,3.1691783152342e-05,-0.702880346329267,0.482538499902052,0.584830574335913,0.933758856457567
cg20272733,chr3,47888144,DHX30,Island,-0.0222638854384126,-0.000900393982008585,-0.702673273898829,0.482667426318617,0.584949168271395,0.933763595068362
cg12585028,chr12,25347695,LYRM5,N_Shore,0.0176574489192471,0.0134945038291275,0.60808173893273,0.543477788343705,0.585018756023812,0.933763595068362
cg04783646,chr2,136289016,R3HDM1,Island,-0.0305143215302412,0.00650919843820939,-0.702130407419259,0.483005512339355,0.585260130277375,0.93383909965274
cg22358291,chr4,10101553,WDR1,OpenSea,-0.0130993037405052,0.0700317773318826,-0.701914197449856,0.483140199376124,0.585383999948786,0.933844737875569
cg17768768,chr7,2948123,CARD11,S_Shore,-0.0306590199638563,0.0110977105759066,-0.70098263888192,0.483720743666373,0.585917841896529,0.93401057852233
cg00492521,chr16,88997837,CBFA2T3,N_Shore,0.0137465784927621,-0.00132589499476143,0.606174324467683,0.544742262015601,0.586111750712118,0.934041918447177
cg17083575,chr7,4746131,FOXK1,OpenSea,0.0124876235559968,-0.0482300292688164,0.605542624279092,0.545161355285905,0.586473938910047,0.934170211533336
cg05713474,chr20,60718893,SS18L1,Island,-0.0219877154562682,0.00278069538175214,-0.700005419196951,0.48433015189002,0.58647809321569,0.934170724332347
cg19382290,chr12,132495840,EP400,OpenSea,0.0218578026446744,-0.0104794679662044,0.605372464709264,0.545274272898783,0.586571518414513,0.93420409801596
cg02083428,chr1,25228934,RUNX3,Island,0.0184197219931933,0.00483599419580882,0.605152700003034,0.545420125639209,0.586697555555796,0.934238902754838
cg03639249,chr6,29574225,GABBR1,OpenSea,0.0114046484461781,0.0210912581617289,0.604570159675501,0.545806838146443,0.587031708660168,0.934283638553743
cg25204926,chr12,6729279,LPAR5,Island,0.0134906896960939,-0.0056595945619875,0.604243754305506,0.546023578136484,0.58721897776799,0.934304069458821
cg06952288,chr10,465045,DIP2C,N_Shore,0.0138411395244558,-0.000318664417751413,0.604138011380272,0.546093802833241,0.587279651767165,0.934310537603235
cg05483131,chr10,327612,DIP2C,OpenSea,0.0343276859072153,-0.00306451580816125,0.604074034077827,0.546136292837765,0.587316362571051,0.934318962373436
cg05194481,chr10,403383,DIP2C,OpenSea,0.0155206790683231,0.00917698911123455,0.60392768989611,0.54623349231845,0.587400340292087,0.934353471058636
cg09832244,chr12,6729600,LPAR5,Island,-0.0151567010538702,-0.022019238214936,-0.698127984398456,0.485502118599049,0.587555144529653,0.934387609448063
cg18004110,chr6,29589729,GABBR1,OpenSea,-0.0215341645022444,-0.010976115122764,-0.697335031612306,0.485997572513399,0.588010322330797,0.934503904383662
cg24345260,chr7,2952979,CARD11,OpenSea,-0.0170792463459297,-0.00614576796205191,-0.697244085802525,0.486054414949646,0.588062538271843,0.934525363102448
cg12892471,chr12,50616779,LIMA1,OpenSea,0.0199523714749332,0.00912346379680168,0.602761466371407,0.547008386853388,0.588069761136105,0.934525363102448
cg17929479,chr14,75232907,YLPM1,S_Shelf,-0.0258210755959693,-0.00969394957817704,-0.697018955774715,0.486195139972558,0.588191804422492,0.93455424388643
cg22827060,chr13,30424359,UBL3,Island,-0.0268028264200196,0.00329496925436427,-0.696563423007425,0.486479953537221,0.588453404394995,0.93460164090095
cg11672338,chr10,533420,DIP2C,S_Shelf,0.0311104352987648,-0.0159056369981561,0.602005986038268,0.547510655354125,0.588503600519126,0.934604921972945
cg04375578,chr11,18655531,SPTY2D1,N_Shore,0.0449948751162951,0.0107381823685596,0.601404720200936,0.547910560473059,0.588848986865559,0.934751435910661
cg03437140,chr16,87759575,KLHDC4,OpenSea,0.017866034671878,0.00570800733386323,0.601227545034254,0.548028428259413,0.58895077980027,0.934765225546098
cg22021597,chr1,226841240,ITPKB,OpenSea,0.0101332861700026,0.0386098764988969,0.601187146649,0.548055305503548,0.588973991132437,0.934774170199699
cg04242644,chr16,977849,LMF1,N_Shore,-0.0231947477819251,-0.00300993389133564,-0.695113415207925,0.487387146893724,0.589286461717997,0.934883564928269
cg14235271,chr20,57462812,GNAS,N_Shore,0.0183120361396002,-0.00947091191132532,0.600492221176307,0.548517745166231,0.589373334210647,0.934889457605867
cg14341449,chr11,18034693,SERGEF,Island,-0.0651969885016311,0.00427518847198243,-0.694098036217934,0.488022961313982,0.58987014010044,0.935002049410363
cg04840290,chr10,72201668,NODAL,S_Shore,0.0119357307500542,-0.00282488686000243,0.599331086842373,0.549290855826746,0.590040865502032,0.935053769834828
cg27202646,chr6,112071383,FYN,OpenSea,0.0155849041328627,0.00264022918668427,0.599129932691613,0.549424843811508,0.590156543571013,0.935082247768528
cg11480267,chr20,57463503,GNAS,N_Shore,0.0221769871734005,-0.00305329646550895,0.598322773011405,0.549962652317461,0.590620823311063,0.935234521795213
cg01405879,chr10,441309,DIP2C,N_Shelf,-0.0255904003320688,-0.0201914459262383,-0.692755447244782,0.488864358553894,0.590642319941066,0.935238466051186
cg05224573,chr2,237993933,COPS8,N_Shore,0.0196197282918933,0.0151805316003534,0.598148752674861,0.550078635744052,0.590720942151738,0.935243794129645
cg04060943,chr6,134504523,SGK1,OpenSea,0.0242415424113661,-0.0173354971378604,0.598082728816696,0.550122643382134,0.590758929595248,0.935243794129645
cg13000374,chr20,60740878,SS18L1,S_Shore,-0.0171023236299103,-0.00498010162743867,-0.692307113672874,0.489145502753136,0.590900279147956,0.935250371855743
cg09912988,chr12,25347752,LYRM5,N_Shore,0.0291828038147382,0.019573023746089,0.597832346805751,0.550289549185918,0.590902999435738,0.935250371855743
cg08268814,chr12,132501869,EP400,OpenSea,-0.0148006516386825,-0.0113802406511877,-0.69192122103605,0.489387561029221,0.591122352990513,0.935250977943718
cg18733230,chr7,4763182,FOXK1,N_Shore,0.0204177937891917,-0.00136193066756551,0.596926525574953,0.550893582785572,0.591424344023219,0.935361281430969
cg04133028,chr19,798414,PTBP1,Island,0.01598228570411,0.00715195611459535,0.596586993682189,0.551120078977954,0.591619815745126,0.935397378814514
cg03357260,chr4,40631775,RBM47,Island,-0.0288115298795045,-0.00365096031212773,-0.690992887495657,0.489970140474665,0.591656748345873,0.935407424631531
cg22373676,chr13,30374285,UBL3,OpenSea,-0.100133511579708,-0.0309324202302445,-0.690599645113056,0.490217034191042,0.591883185279721,0.935438718647033
cg07116732,chr12,133123942,FBRSL1,N_Shore,-0.0984571998494032,-0.0350918345256933,-0.690328341331849,0.490387408990042,0.592039430687874,0.93545510418592
cg27087525,chr6,17600386,FAM8A1,Island,0.0158428487888017,0.00559862780937391,0.5957705271359,0.551664918604184,0.592089984703874,0.935465216814305
cg03014785,chr16,56485378,NUDT21,Island,0.0219776921180142,0.00763866136649669,0.595763442251459,0.551669647609701,0.592094065343157,0.935465216814305
cg12055610,chr6,29585658,GABBR1,OpenSea,-0.0356363332707454,-0.0184321821184686,-0.690124941431975,0.490515162105242,0.592156582276642,0.935489652099383
cg19525226,chr12,122461295,BCL7A,OpenSea,0.0198310538016479,-0.00155439321018658,0.59528087308577,0.551991799030213,0.592372038248154,0.935583741905178
cg25150212,chr6,134639355,SGK1,S_Shore,0.0265201919381241,0.00306501852307795,0.595216678226022,0.552034660942368,0.592409020736757,0.935585177926693
cg22492943,chr13,108868076,LIG4,S_Shore,-0.0128384882042264,0.00186775241687394,-0.689232605388608,0.491075840177596,0.592670663881321,0.935625503486738
cg06719671,chr12,125347797,SCARB1,Island,0.0154705510465699,-0.00383535313056786,0.594523858433281,0.552497350335685,0.592808219763111,0.935658167727306
cg00814909,chr4,1225599,CTBP1,S_Shore,0.0188469739609795,-0.00204285176510632,0.594306931870819,0.552642260769723,0.592933237022205,0.935690201306788
cg05741730,chr4,851385,GAK,OpenSea,0.025136681347805,-0.019352855078606,0.593447531038921,0.553216538233224,0.593428638265181,0.935815367065253
cg10715905,chr3,71542870,FOXP1,OpenSea,-0.0217206893851737,0.0408344610340095,-0.687084455093597,0.49242699528125,0.593909068136507,0.935852852286498
cg03020891,chr6,30538179,ABCF1,N_Shore,-0.0163244164948538,0.00472899671135052,-0.686803224779166,0.492604033039187,0.594071284438158,0.935878135149904
cg05115679,chr6,29593490,GABBR1,N_Shore,0.0256791778942558,-0.00847566917620391,0.592320842141189,0.553969870093893,0.594078404551413,0.935878135149904
cg21423741,chr3,71099193,FOXP1,OpenSea,0.0108257264243126,0.000850265431709074,0.591892709892552,0.554256261934253,0.59432539552797,0.935982243505156
cg20239565,chr17,80394416,HEXDC,S_Shore,0.0112391003046483,0.00472852758293041,0.591390649844052,0.554592199141033,0.594615095495727,0.936024476663672
cg02878701,chr21,47706221,MCM3AP,Island,-0.0200864840349651,-0.00231934195751252,-0.685360322599521,0.493512895156012,0.594903882557093,0.936125373732353
cg01243924,chr1,205038785,CNTN2,Island,0.00985932566232433,-2.24984957380991e-06,0.59082356766987,0.554971763962763,0.594942392270774,0.9361295702682
cg12636607,chr6,112154581,FYN,OpenSea,0.0231928448713656,0.00768720786286348,0.590672167123941,0.555073122363142,0.595029788422211,0.936146019008721
cg11722581,chr10,695853,DIP2C,OpenSea,-0.038647646694805,-0.0195272808239615,-0.683687228070488,0.494567879206151,0.595869975241676,0.936267487033095
cg27269899,chr11,71752230,NUMA1,OpenSea,0.0171245543318484,0.00300724027488804,0.589159338788515,0.556086416693603,0.5959033921616,0.93627961545582
cg05578056,chr16,962909,LMF1,Island,0.0144249283360132,-0.00329844819644476,0.588449809704242,0.556561972032074,0.596313320902364,0.936362368342248
cg24899209,chr11,58346540,LPXN,Island,-0.0166689375801445,-0.00352756862466397,-0.682916323160249,0.495054386871202,0.596315358376105,0.936362368342248
cg22657492,chr5,137593488,GFRA3,Island,-0.030752110553603,0.00372930170570862,-0.68274777837646,0.495160787385486,0.596412753753126,0.936382079650278
cg03937591,chr4,899553,GAK,N_Shore,-0.0286564475077756,-0.0186777663564024,-0.681869806899122,0.495715239610008,0.596920215931957,0.936516571705758
cg20037968,chr7,3041098,CARD11,OpenSea,-0.0174657303357904,-0.00168659028697749,-0.681717209064546,0.4958116413644,0.597008436590305,0.936564491752933
cg08484992,chr16,88977278,CBFA2T3,S_Shore,-0.0223888617694093,0.0128812624320263,-0.680582268108558,0.496528940994612,0.597664760625486,0.936669049364735
cg05399036,chr3,71569437,FOXP1,OpenSea,0.0151020121960172,-0.0118029512019492,0.585826450227402,0.558321980731888,0.597830074829423,0.936708400761084
cg21754727,chr3,47883023,DHX30,OpenSea,-0.0157915768701794,-0.00330800883373483,-0.679735401091787,0.497064535200437,0.59815470812059,0.936765999435444
cg10796899,chr10,735041,DIP2C,Island,-0.0173647099975438,-0.0150913304440091,-0.679565446232042,0.497172058991886,0.598253055980958,0.936768262578469
cg00581617,chr1,25557633,SYF2,N_Shore,-0.0199106083420238,-0.0106816498782117,-0.678891769706902,0.497598390104527,0.598642964889077,0.936871727921812
cg17306279,chr5,139056667,CXXC5,Island,0.0217077537342404,0.0025060335771625,0.584316345154476,0.559336338504179,0.598703969836064,0.93687276575437
cg27568360,chr10,531320,DIP2C,S_Shore,0.0296028413360802,0.0199810515246653,0.583651173072948,0.559783428124558,0.599089087406151,0.936926784957986
cg23037274,chr19,7968594,MAP2K7,Island,-0.037366117930787,0.0053132769003104,-0.677370462088805,0.498561856458001,0.599523887485938,0.936935567175887
cg01103597,chr1,25242147,RUNX3,OpenSea,0.0131103442718609,0.0457650102227903,0.582873296119614,0.560306491917352,0.599539600572375,0.936935567175887
cg20500854,chr14,99707650,BCL11B,OpenSea,-0.0332090247755436,0.0110812550474373,-0.676168772832045,0.499323607067486,0.600220147810098,0.93722452466322
cg15951557,chr5,137610421,GFRA3,S_Shore,0.0187983905368003,0.00614705497573424,0.581673166460862,0.561113954923839,0.600234965271736,0.9372311955082
cg17269169,chr10,373158,DIP2C,Island,0.021907625955879,-0.0153744068861714,0.581537169253348,0.561205491274451,0.600313786142774,0.937233672990997
cg02360980,chr15,41804283,LTK,Island,0.0249461749044454,0.000593789667935982,0.581356491050065,0.561327112512698,0.600418510336271,0.937237546615677
cg22817271,chr1,67395986,MIER1,Island,-0.028516447985985,0.00338781624651952,-0.675629031259819,0.499665950982183,0.600532993758629,0.937245522804081
cg12878260,chr5,139028156,CXXC5,Island,-0.015495367216395,0.00131889971871749,-0.675546398294434,0.49971837394132,0.600580896127058,0.937250474927367
cg13259539,chr8,133737986,TMEM71,OpenSea,0.0147674355057056,-0.00210114156831509,0.580701429525177,0.561768166142973,0.600798264501175,0.937250474927367
cg25192081,chr1,65308244,JAK1,OpenSea,-0.0143514730821241,0.00563327362434263,-0.673707130885896,0.500885976839679,0.601647567012807,0.937525738554573
cg18469036,chr10,504497,DIP2C,OpenSea,-0.0250070705876157,-0.00336474264366171,-0.672924280755,0.501383385355654,0.602101834871271,0.937660655642991
cg10262997,chr11,18654886,SPTY2D1,N_Shore,0.0291989275923461,0.0347548511496049,0.578260132123883,0.563413373794057,0.602214495347457,0.937660655642991
cg23712314,chr7,4721836,FOXK1,Island,-0.0199333277313728,0.000862492763664617,-0.672390980977687,0.501722384493933,0.602411383558782,0.937661819060534
cg17414107,chr20,57427830,GNAS,Island,0.0273884552109622,0.00384064880557899,0.57778890877696,0.563731202805345,0.60248803174091,0.937679099073424
cg11154382,chr17,48227323,PPP1R9B,Island,-0.0314254066558564,0.000870195285331599,-0.672230831035702,0.501824209719674,0.602504355035264,0.937679099073424
cg03215714,chr12,132564653,EP400,N_Shelf,-0.0242829492053645,-0.0107561880712945,-0.671964517227121,0.501993559491492,0.602658971882935,0.937744521154027
cg26917828,chr1,226825448,ITPKB,OpenSea,-0.0270329754687463,-0.00152745126854092,-0.671842956637485,0.502070870333989,0.602729553640148,0.937768989814263
cg21812369,chr12,132536997,EP400,OpenSea,-0.0147062412577333,-0.008685295977785,-0.671269603697897,0.502435600051428,0.603062509868576,0.937847645265147
cg01829662,chr12,132435233,EP400,Island,-0.0198539250382797,0.00332738371495625,-0.670697975735475,0.502799372411685,0.603394546729358,0.937907403575745
cg12868738,chr7,148946070,ZNF212,OpenSea,0.0218242153743315,-0.0132244554757683,0.576042141140157,0.56491011220298,0.603502485716384,0.937916791659545
cg02051941,chr14,54954596,GMFB,N_Shore,0.0115075551814807,-0.0103104263725129,0.575475614295352,0.565292721756903,0.603831667074358,0.937970554871533
cg07947033,chr20,57426545,GNAS,N_Shore,0.0275037696683653,0.00414006683495988,0.574986820715437,0.565622933802078,0.60411574620008,0.938078777163613
cg25192651,chr12,69632957,CPSF6,N_Shore,0.0172258041804774,0.00806856810595646,0.574871069617653,0.565701144859756,0.604183027701859,0.938127984841286
cg02751532,chr7,3041110,CARD11,OpenSea,0.0115980343002524,-0.00138857126351244,0.574871053612803,0.565701155674323,0.604183037005073,0.938127984841286
cg19717492,chr7,56174025,CHCHD2,Island,-0.0141088794183629,0.00420311909027385,-0.669150915455119,0.503784590384124,0.604293586995494,0.938143146637163
cg10017561,chr20,57465858,GNAS,Island,0.029256351737639,0.00323593381541559,0.574155977197226,0.566184436264076,0.604598757011518,0.938209367074861
cg17404605,chr19,7968429,MAP2K7,Island,-0.0166391593643593,0.00183271104830793,-0.66738936343713,0.504907647731789,0.605318005948235,0.938324204789439
cg19682870,chr14,99715826,BCL11B,S_Shelf,-0.0156292051492624,0.0629620131126599,-0.666903823750592,0.505217430660851,0.60560050508187,0.938379771544683
cg16448401,chr10,431491,DIP2C,OpenSea,-0.0167215082199956,-0.000744184444625984,-0.666771171479628,0.50530208263678,0.605677695758266,0.938379771544683
cg19595850,chr1,3712909,LRRC47,Island,0.015103347373873,-0.0028946805900093,0.571612447790621,0.567905077060289,0.606078513543681,0.938384476697222
cg24544320,chr1,226825435,ITPKB,OpenSea,-0.021848843246802,0.00236053735495811,-0.6660395922529,0.505769074211743,0.606103482593515,0.938384476697222
cg10349919,chr4,845829,GAK,S_Shore,0.0183935196745696,-0.000567746395536695,0.571157676236225,0.568212984333005,0.606343257991629,0.938438925599342
cg19302250,chr11,777306,PDDC1,Island,0.0206342077173343,0.00149910229891288,0.570777002400642,0.568470784668067,0.606564906339424,0.938501808547255
cg05838751,chr16,942079,LMF1,N_Shelf,0.0112960154250861,0.00140212363034142,0.570753020984832,0.568487027266852,0.606578870794847,0.938501808547255
cg24112733,chr7,38255578,STARD3NL,OpenSea,0.0157605010875335,0.00300056549487569,0.570415356524113,0.568715750846932,0.60677550914931,0.938501808547255
cg02386354,chr6,112042446,FYN,OpenSea,0.0181963828975385,-0.00679799214475918,0.570225985772037,0.568844044120386,0.606885801366697,0.938501808547255
cg08209777,chr4,1208310,CTBP1,N_Shore,-0.0145593164618151,-0.0052002433587186,-0.663392388510205,0.50746077666449,0.60764530084488,0.93871422693557
cg25737283,chr10,533479,DIP2C,S_Shelf,-0.0177541500913298,0.00379650282312061,-0.663374142835391,0.507472446950399,0.607655933793279,0.938715030633189
cg15393441,chr1,67390937,MIER1,Island,0.0138071198403055,0.002880724661911,0.56863232355303,0.56992425424863,0.607814327488983,0.938788007391752
cg05301057,chr2,238000561,COPS8,OpenSea,0.0122867412914403,0.00345025825238532,0.567890266536313,0.570427567390727,0.60824689322545,0.938908388831579
cg13589218,chr7,4783964,FOXK1,N_Shore,0.0184414230591491,-0.000757988160965506,0.567681778175651,0.570569016513366,0.608368451587791,0.938940907248609
cg13144823,chr5,139028754,CXXC5,Island,0.0132648757628288,0.00610142204212008,0.56712727009194,0.570945304645886,0.60869180811999,0.939002186077192
cg05204097,chr16,979553,LMF1,Island,-0.0329459230396359,-0.00534501393349418,-0.661591887651128,0.508613093186716,0.608694970244413,0.939002186077192
cg26948288,chr16,89939621,TCF25,Island,-0.0339663691949156,-0.00249531240517022,-0.661509029479107,0.508666155351031,0.608743294944252,0.939002186077192
cg04585378,chr3,121902497,CASR,N_Shore,0.016174042674648,-0.0117765586803059,0.566489766615591,0.571378059786379,0.609063657216405,0.93911892116628
cg03738915,chr10,651915,DIP2C,N_Shore,-0.0203256193750475,-0.00475460439599118,-0.660569092415812,0.509268292547256,0.609291606353922,0.939150386709646
cg05260886,chr14,91854239,CCDC88C,OpenSea,0.00980595318265767,0.0122730113998885,0.565860504341451,0.57180537412418,0.609430798391006,0.939171778330402
cg03171924,chr1,25258332,RUNX3,Island,0.0138453431977214,-0.0061385295647739,0.565451233118917,0.5720833805407,0.609669639248803,0.939254732148451
cg16224727,chr12,133126430,FBRSL1,S_Shore,0.0147925212311361,0.00103885497798195,0.565206824961351,0.572249430859714,0.609812289816243,0.939314140910109
cg00578304,chr7,2968627,CARD11,S_Shore,-0.0133852448864234,-0.00261492962162924,-0.658975269093691,0.510290174447804,0.610221863312963,0.939432846315185
cg16536390,chr4,84205065,COQ2,N_Shore,-0.0198853059177496,-0.0363179934223525,-0.65883960470413,0.510377205530549,0.610301074816951,0.939461964501792
cg25231096,chr3,9774301,BRPF1,S_Shore,0.0108307244415448,0.00737145394562248,0.564057832851058,0.57303036118233,0.61048310589951,0.939523331593023
cg09671005,chr5,102594958,C5orf30,Island,0.0134853377244727,0.00636140428149006,0.563869349673482,0.573158515138458,0.610593179292054,0.939540505992717
cg10257821,chr16,929101,LMF1,S_Shore,0.0263336593468859,-0.00369935160090407,0.563855647322627,0.573167832207353,0.610601181751324,0.939543421292427
cg13432682,chr1,226865321,ITPKB,OpenSea,0.0142460379783751,0.000705199013569899,0.563568501715523,0.573363096706942,0.610768891489871,0.939581855432705
cg16328820,chr7,107531982,DLD,Island,0.0121222616264208,0.00295065853566452,0.562580005828536,0.574035534785369,0.611346386735569,0.939765898128558
cg23604961,chr13,108870525,LIG4,Island,0.0222441288273034,0.00425717448420169,0.562478309323307,0.574104736512374,0.611405813195836,0.939806921095634
cg02102075,chr16,474430,RAB11FIP3,N_Shore,0.0156722953357888,-0.0762488983189191,0.56224916064101,0.574260680539035,0.61153972584799,0.939845301704967
cg04105547,chr16,965857,LMF1,N_Shore,0.0171652355605208,0.00512325759222387,0.562212018827407,0.57428595879205,0.611561432449195,0.939856086209396
cg00117172,chr1,25255838,RUNX3,Island,0.0206308382664631,0.00548027384677895,0.561585294799188,0.574712579031032,0.61192775702306,0.939940947575834
cg00238318,chr10,94607950,EXOC6,N_Shore,0.0188869274311221,0.00529879449550823,0.561409805484394,0.574832064145983,0.612030349152596,0.939940947575834
cg03967533,chr1,23378206,KDM1A,OpenSea,-0.0244700561916599,-0.0181991111296195,-0.655649319329839,0.51242607314737,0.612165127415838,0.940010787177859
cg02697902,chr11,117103610,PCSK7,N_Shore,0.0170057169682357,0.00415862302736578,0.561089038829049,0.575050494474827,0.612217890970389,0.940016514108162
cg01037637,chr18,59560289,RNF152,N_Shore,0.0571034506987082,0.0153343344710465,0.560763025838017,0.575272537720791,0.612408526188891,0.940059086504993
cg21796443,chr7,4722378,FOXK1,Island,-0.0196271440269994,0.000999053202651853,-0.65496127672398,0.512868512018057,0.612567473895067,0.940085834215632
cg10989517,chr11,18034024,SERGEF,N_Shore,0.0122607490781232,0.000617631613889003,0.560139040978919,0.575697639156089,0.612773472820226,0.940115744839149
cg18132964,chr6,155541562,TIAM2,S_Shore,0.0110459113069313,-0.00411341392274034,0.55999961502479,0.575792646064048,0.612855031251449,0.940137290440355
cg25729445,chr6,29595347,GABBR1,Island,0.0191635122361686,-0.0165889450535321,0.559962125152396,0.575818193485495,0.612876962098178,0.940144899814065
cg04369302,chr6,29581439,GABBR1,OpenSea,-0.0282925406379652,-0.0196953670463692,-0.654098710927994,0.513423458374786,0.613072041287609,0.940177903499761
cg06193766,chr10,375391,DIP2C,S_Shelf,0.031123902178136,0.00758660009370016,0.55955049874145,0.576098731058094,0.613117778343174,0.940177903499761
cg20991937,chr7,73790421,CLIP2,Island,0.0139440118761653,0.00718184865984695,0.558839333970132,0.576583566850222,0.613533933703604,0.940319613367791
cg23081284,chr10,468670,DIP2C,S_Shelf,-0.0206248830389377,-0.0058137785924548,-0.652347417849598,0.514551147114608,0.614097043604889,0.940476456020841
cg14783646,chr7,4800873,FOXK1,Island,-0.0365791695028124,-0.00739498174814124,-0.651925240635646,0.514823187708131,0.61434424974158,0.940505651344614
cg14203179,chr20,57430663,GNAS,Island,0.0094365586977536,0.00257155539439541,0.557169714637681,0.57772258634016,0.614511441392104,0.940517780113371
cg26662347,chr1,23345754,KDM1A,N_Shore,0.0104813610415274,0.00661912942602343,0.557131188514729,0.577748881523498,0.614534005274241,0.940519281744903
cg14207794,chr17,37025961,LASP1,Island,-0.0117037236561871,0.00427916509544819,-0.650775719998268,0.515564290479391,0.61501757433488,0.940548545736501
cg23104930,chr12,133125882,FBRSL1,Island,-0.0241242825548891,-0.00124457025030644,-0.650740071514239,0.515587282150475,0.615038460402811,0.940548545736501
cg13540860,chr10,438517,DIP2C,OpenSea,-0.0302742107956613,-0.0151164245471174,-0.650710762413847,0.515606185603941,0.615055632526963,0.940548545736501
cg19922774,chr10,498298,DIP2C,OpenSea,0.0135334859422563,0.00136620731180903,0.555171955380933,0.579086859180013,0.615681964603604,0.940714871938515
cg20534702,chr7,4752170,FOXK1,OpenSea,-0.0207398660557522,0.00356620467255764,-0.64947790125823,0.51640166939749,0.615778153531516,0.940727683601361
cg19373090,chr19,797215,PTBP1,Island,-0.0221733556020448,-0.00118756531261295,-0.64862991880235,0.516949186859934,0.616275331833991,0.940790382752501
cg06430309,chr7,2397685,EIF3B,S_Shelf,-0.0190044093208164,-0.0245977711945422,-0.648204653968522,0.517223881514093,0.616524734018625,0.940820888636986
cg12890903,chr14,24867954,NYNRIN,N_Shore,-0.0132729587522057,-0.0511318619704846,-0.64808540365774,0.517300923420547,0.616594677887386,0.940849117031571
cg20209754,chr21,45555600,C21orf33,S_Shore,0.0191417732343016,0.00319690489049396,0.553329345149871,0.580346525072581,0.616762450770326,0.940875477018137
cg20483690,chr1,225616668,LBR,S_Shore,0.0202412719372236,0.0218707820700097,0.553266677288036,0.580389389430112,0.616799213123217,0.940879549255723
cg20535715,chr11,34127020,NAT10,Island,0.0112357182215719,0.00427142241198733,0.553078295818416,0.580518249936397,0.616909727640883,0.940897108110566
cg17333886,chr10,711676,DIP2C,N_Shore,-0.028486091913832,0.00270864430822371,-0.647193097808671,0.51787758863258,0.617118152323313,0.940963893188164
cg19704683,chr10,94609401,EXOC6,S_Shore,-0.0276204746247739,-0.0139468121303071,-0.647128911785323,0.517919082618059,0.617155814790927,0.940963893188164
cg16449251,chr3,98451119,ST3GAL6,N_Shore,-0.0157228219635593,0.00149258044279697,-0.646803745202285,0.518129317789611,0.617346628433397,0.940978956194107
cg17284168,chr6,134491531,SGK1,OpenSea,-0.01972414097512,-0.00960217156928145,-0.645944210265713,0.518685259928401,0.617851143475918,0.941046706501416
cg04378830,chr16,89965359,TCF25,OpenSea,-0.0172973439776033,-0.00144769646658105,-0.645872164789762,0.518731872566186,0.617893439683873,0.941046706501416
cg07571638,chr10,682871,DIP2C,N_Shelf,0.0199025442349509,-0.00897863206192179,0.55069536121436,0.582149433165017,0.61830843144034,0.941152549713158
cg25977879,chr12,133085193,FBRSL1,OpenSea,-0.0185657929573163,-0.0057264622168629,-0.644853422580574,0.519391220126462,0.618491654861463,0.941183523797601
cg13097342,chr7,38217509,STARD3NL,N_Shore,0.020049539875368,0.0101212285686055,0.550130057943439,0.582536713681596,0.618640449100198,0.941189602556542
cg02061711,chr10,601759,DIP2C,OpenSea,0.0763109983352147,-0.00664953825644643,0.549970700617578,0.582645908724064,0.618734057970515,0.941240077343146
cg10984000,chr10,532908,DIP2C,S_Shore,-0.0212466579096774,0.00802098628308989,-0.644428582795024,0.519666312009445,0.618741199606427,0.941243831670297
cg13758310,chr4,1834493,LETM1,OpenSea,0.0160872095312408,-0.00369469925934507,0.54964150648817,0.582871509926956,0.618927451100054,0.941301614353199
cg07243576,chr16,88973245,CBFA2T3,N_Shelf,0.0112538929199389,0.00492903756637719,0.549636307886591,0.582875072927192,0.618930505357164,0.941302694510027
cg21459532,chr18,59483441,RNF152,OpenSea,-0.0244943210737319,0.00151369727230777,-0.644061185629741,0.519904269523474,0.618957038839055,0.941315283096388
cg00732166,chr4,40566405,RBM47,OpenSea,-0.0131822354849745,0.0017428199378885,-0.64390670726616,0.520004339634919,0.619047801917212,0.94132119234277
cg18764107,chr1,225615669,LBR,Island,-0.0206609027830086,0.00234761566487583,-0.643785109796918,0.520083116722005,0.619119250057693,0.941327277676833
cg24373540,chr1,176919570,ASTN1,OpenSea,0.0228648724797098,-0.0128435010678177,0.549274512781533,0.583123063900094,0.619143081620149,0.941327277676833
cg08299791,chr4,1832771,LETM1,S_Shelf,-0.0195596133688866,-0.0105884578834275,-0.643705531669517,0.520134674864474,0.619166010456355,0.941327277676833
cg27578458,chr19,7968585,MAP2K7,Island,0.0305261130240282,0.00433128398786604,0.549221686913738,0.583159277306102,0.619174122642708,0.941327277676833
cg11008866,chr3,121902442,CASR,N_Shore,0.0340622952937573,0.0106037004411708,0.548460847618881,0.583680967697406,0.619621274936452,0.941396302221733
cg13893634,chr17,48229117,PPP1R9B,S_Shore,0.0104470864386696,0.00645648418326741,0.548224235276238,0.583843251933004,0.619760362897036,0.941431596198212
cg04913246,chr14,99658630,BCL11B,OpenSea,0.0262918902638841,0.0426899188523479,0.547209386156345,0.584539541028188,0.620357076499972,0.941456203665279
cg23128584,chr10,323649,DIP2C,OpenSea,0.0196006419095496,-0.0858159504781976,0.547134132720224,0.584591187930139,0.620401334170245,0.941456203665279
cg17078988,chr8,133759853,TMEM71,OpenSea,-0.0277016888204391,-0.0142783003217477,-0.641459660282465,0.521590850049232,0.620486327643767,0.941474661453817
cg13423075,chr2,48982754,LHCGR,Island,-0.022893320319614,-0.0100102764584979,-0.641324694822582,0.521678425791026,0.620565711024067,0.941478909094187
cg09081965,chr10,102046000,BLOC1S2,N_Shore,-0.0202843782716547,0.00341324884483527,-0.641250793308715,0.521726381868317,0.620609179958523,0.941497967654219
cg21100518,chr6,29595002,GABBR1,N_Shore,0.0200058892050907,0.00144108209569049,0.546610616072128,0.584950539612933,0.620709260169797,0.941546646217855
cg06006665,chr10,519597,DIP2C,S_Shore,-0.0219315506859312,-0.0148148633918486,-0.640882652719203,0.521965309101744,0.620825740310638,0.941573452779035
cg03542222,chr1,110260848,GSTM5,OpenSea,-0.0162185946922286,0.00226842605644884,-0.640572513048248,0.522166636929379,0.621008206869792,0.941573452779035
cg26613312,chr18,59482723,RNF152,OpenSea,-0.0261740839697232,-0.0172543865680238,-0.64046160498659,0.522238642858648,0.621073463816288,0.941573452779035
cg06632154,chr14,69445295,ACTN1,Island,0.0560966745102271,0.00492934234944731,0.545618607294627,0.585631755633709,0.621292929731129,0.941607654406425
cg00651016,chr16,552754,RAB11FIP3,OpenSea,-0.0190548072064351,-0.00756309596875893,-0.639644373127943,0.522769380219864,0.621554404936353,0.94167986458345
cg11939075,chr4,83956728,COPS4,OpenSea,0.0195230638936348,0.00814858777193009,0.545130653041916,0.585966971177211,0.621580115535104,0.941691116234614
cg21625881,chr20,57430313,GNAS,Island,0.00752094813476329,-0.00424241859206864,0.544833982130595,0.586170822276678,0.621754749580413,0.941691116234614
cg12753366,chr10,696321,DIP2C,OpenSea,-0.0298164399246866,-0.00310829553246839,-0.638936831873367,0.523229105354615,0.621970923724223,0.941755861686569
cg21481950,chr6,29601498,GABBR1,S_Shore,0.0114891865879507,-0.0185417206693178,0.544434358272625,0.586445467479934,0.62199002010104,0.941755861686569
cg12937580,chr14,91862907,CCDC88C,OpenSea,0.0108252404737595,-0.00558934304540237,0.543704542398072,0.58694719468491,0.622419784220081,0.941808249316509
cg05830220,chr16,87757033,KLHDC4,S_Shelf,-0.0364784124526248,-0.00694440689038567,-0.637796168735467,0.523970689849289,0.62264266972495,0.941909306391066
cg10610949,chr10,444914,DIP2C,Island,-0.0184803252136927,-0.00531906224834278,-0.637370065573566,0.524247852926718,0.622893686072217,0.941926322880346
cg16574073,chr1,25261746,RUNX3,S_Shelf,-0.0141061799334936,-0.0135031294184897,-0.636783490039113,0.524629520196063,0.623239308005521,0.942033356481858
cg10939949,chr7,2968406,CARD11,Island,-0.0188375556189727,-0.00356007690028248,-0.635840444304617,0.525243431337908,0.623795143212147,0.942173854603812
cg21441590,chr4,40246022,RHOH,OpenSea,0.0234691462066055,-0.0180596539770398,0.541156914572885,0.588700177087128,0.623921005037243,0.942188993102173
cg23830810,chr12,120967582,COQ5,S_Shore,0.037111318745845,-0.0107471824309242,0.54115145500427,0.588703936334292,0.623924223835332,0.942188993102173
cg22831256,chr10,373069,DIP2C,Island,0.0113542895368788,-0.00331786881397167,0.540814869099202,0.588935717815859,0.624122678664713,0.942256366589981
cg06251929,chr6,30539459,ABCF1,Island,-0.0390169482634864,0.00510626502701216,-0.634575050846795,0.526067766211616,0.624541308166874,0.942373442248008
cg00931972,chr16,79221864,WWOX,OpenSea,-0.0205551782725032,-0.00437672096154063,-0.634543722925384,0.526088183060884,0.624559786200633,0.942373442248008
cg03431741,chr6,41528502,FOXP4,Island,0.0222596024869768,0.00629252097290535,0.539574307485658,0.589790364463946,0.62485436317015,0.942428272058157
cg09901733,chr17,1731852,RPA1,N_Shore,-0.0255204628748268,0.00611517171379039,-0.632971918694618,0.527113071651017,0.625487180618568,0.942618680839164
cg22581896,chr7,4779225,FOXK1,OpenSea,-0.0171133649799911,0.0200121447484249,-0.632401351053126,0.527485360807875,0.625823973166312,0.9426751523513
cg14752451,chr12,56525349,ESYT1,S_Shelf,0.0230235787567786,-0.00638822778609693,0.537790548432516,0.591020234758971,0.625907074320207,0.942688572650929
cg08333063,chr16,959749,LMF1,Island,-0.0164100580414705,-0.00349902198692187,-0.632003941932128,0.527744745424813,0.626058600486373,0.942785009540601
cg26163153,chr4,40197912,RHOH,OpenSea,0.0116737742824505,0.0463054739696056,0.537113622675478,0.591487272752149,0.62630677166136,0.942822948126877
cg12890605,chr6,32975859,HLA-DOA,Island,0.0113274139647487,-0.00514384364038645,0.536855083108954,0.591665694386947,0.626459457822913,0.942822948126877
cg08814170,chr13,96291582,DZIP1,N_Shelf,-0.0211359595916655,-0.00920277262549185,-0.629525802308688,0.529363671407057,0.627522528701368,0.943044581930533
cg10720867,chr6,155537595,TIAM2,N_Shelf,0.019941704848756,-0.0193209931565304,0.534453734990804,0.593324081328715,0.627878390433659,0.943082933236549
cg24107021,chr13,96297058,DZIP1,Island,-0.0125021684241476,0.00102689282328944,-0.62871849157028,0.529891620568648,0.627999753996605,0.943123398608378
cg02766770,chr2,30372795,YPEL5,S_Shore,-0.0168631128167879,0.00729942485438928,-0.62858826136264,0.529976811102526,0.628076751508125,0.943150577982469
cg01026300,chr16,89020584,CBFA2T3,OpenSea,-0.0202325773873485,-0.0117364639677775,-0.628553421265854,0.529999603054767,0.628097351107754,0.943159784739167
cg10302550,chr20,57427821,GNAS,Island,0.0235965914788202,-0.000888886478603079,0.533555665540595,0.593944842578989,0.62840940469894,0.943283092296442
cg07936928,chr16,960527,LMF1,S_Shore,-0.0192718267787251,-0.0090337347585685,-0.627577633318492,0.530638154229558,0.628674414354036,0.943353522347533
cg06588028,chr12,6745568,LPAR5,OpenSea,0.00931107720908072,0.0126469362218212,0.532517601214941,0.594662742069188,0.629023435376997,0.94345847512947
cg17580178,chr17,48229265,PPP1R9B,S_Shore,-0.0168503816246128,0.00131474802075517,-0.626528947288373,0.531324846307915,0.629294841214093,0.943532458733834
cg13323828,chr10,387543,DIP2C,Island,-0.0178023815088354,-0.00547470421543084,-0.626037038727336,0.53164710964912,0.629585955887152,0.943559697248746
cg04094210,chr2,136343909,R3HDM1,OpenSea,-0.0235160103510891,-0.0100141269942589,-0.625247859718058,0.532164330998436,0.630053117366961,0.943671442033542
cg06496454,chr7,4807062,FOXK1,Island,-0.0248333434241611,-0.00639325545690894,-0.625102257549585,0.532259785388888,0.6301393240313,0.943686956121411
cg05387404,chr3,47888039,DHX30,Island,-0.0172609071981351,0.0027188441579894,-0.624399832040868,0.532720406241633,0.630555279788772,0.943776020053521
cg24885723,chr1,9030439,CA6,OpenSea,0.0151013622177969,0.00974917975682144,0.529677925391727,0.596628621484052,0.630704456658976,0.943841658547793
cg04161398,chr17,1799269,RPA1,N_Shore,-0.0218771688441017,-0.0186844572732519,-0.624040555139936,0.532956083030244,0.630768078294278,0.9438433307008
cg05994458,chr11,13484274,BTBD10,Island,-0.019061908470756,-0.00215503709222585,-0.624023001690641,0.532967599016419,0.630778475928282,0.9438433307008
cg19160433,chr7,70198123,AUTS2,OpenSea,-0.0213062460333912,-0.0172607852145014,-0.623855896377053,0.533077235218818,0.630877462976787,0.943871349626334
cg02068351,chr6,132832336,STX7,N_Shore,0.0107884661758838,0.00347262981482854,0.529026364866486,0.597080108916491,0.631090435295704,0.943939937036753
cg25481160,chr3,71111489,FOXP1,N_Shelf,0.0141918409951994,-0.00702530660382983,0.528505665283936,0.597441030661182,0.631398965435987,0.94397533516803
cg19590532,chr1,25255920,RUNX3,Island,0.0200799027676933,0.00785343743970596,0.52823115958802,0.597631343731921,0.63156164416441,0.944046642031332
cg01128511,chr4,40440442,RBM47,Island,0.0187072568097249,0.000421313618712116,0.528084930274594,0.597732734881619,0.631648310485006,0.944069173394959
cg01357263,chr12,122459509,BCL7A,OpenSea,0.0130603566552654,0.00443009035886276,0.527997102787342,0.597793635675433,0.631700365991963,0.944071835432643
cg04017310,chr16,926082,LMF1,S_Shore,0.0124654687557969,0.00455498051864256,0.527879969969132,0.597874861593641,0.631769793662173,0.944086054702228
cg13630560,chr10,468051,DIP2C,S_Shore,-0.0246352939773015,-0.00542454924040403,-0.622295593819496,0.534101487059985,0.631802048328162,0.944086176925098
cg17353893,chr7,73753326,CLIP2,Island,-0.0197736955764425,-0.00173982365089564,-0.621044583476287,0.534923425633923,0.63254377328731,0.944261370401921
cg07874127,chr16,79246397,WWOX,OpenSea,0.0205414827709601,-0.0126116641009095,0.526106520691035,0.599105276831045,0.632821359738259,0.944386867031128
cg03124231,chr4,174255570,HMGB2,Island,-0.0222834121673971,-0.0010241223008491,-0.619752575041258,0.535772972371253,0.63331019421982,0.944479191857038
cg19315942,chr1,67390732,MIER1,Island,0.0122101423690868,0.00488053467802754,0.525229976524522,0.599713846328519,0.633341380640965,0.944494991947516
cg01118711,chr7,70156755,AUTS2,N_Shelf,0.0144937446430436,-0.00260239806545715,0.524853228260726,0.599975502436975,0.633564947006399,0.944571835644581
cg16317730,chr6,30539486,ABCF1,Island,0.0286708383594195,0.00687629787242815,0.524607602338878,0.600146120450781,0.633710722021258,0.944629117015906
cg00713247,chr10,675888,DIP2C,N_Shelf,0.0153794134065629,-0.00857601117888751,0.524465083058922,0.600245128066675,0.633795311429176,0.944672311746434
cg21210529,chr5,137588237,GFRA3,OpenSea,-0.0115728596815558,0.0264305539546412,-0.618905219296508,0.536330512486092,0.633813060496522,0.944672311746434
cg03460027,chr10,390328,DIP2C,N_Shore,0.0130880406077544,0.00636774891084857,0.524304911810415,0.600356407288087,0.63389038351421,0.944672311746434
cg20711408,chr13,49550299,FNDC3A,Island,0.0231867515380742,0.00248444115016675,0.524040865441002,0.600539874347438,0.634047125452845,0.944677796022582
cg07118078,chr1,23345725,KDM1A,N_Shore,0.0137407196127502,0.00310395059898803,0.523940689080503,0.600609486437652,0.634106595959564,0.944694644787189
cg08643824,chr11,58294523,LPXN,OpenSea,0.0127164872849007,-0.0141849076409016,0.523870125879118,0.600658522677662,0.634148487793227,0.944694644787189
cg03904534,chr16,78466521,WWOX,OpenSea,0.0261819236964016,-0.0116759640485539,0.523720053492525,0.600762817996996,0.634237586393624,0.944694644787189
cg16452866,chr14,99655676,BCL11B,OpenSea,0.0169153741237119,0.0846996910296156,0.523627508956434,0.600827137466547,0.634292533112386,0.944694644787189
cg11043909,chr12,56522042,ESYT1,N_Shore,0.0133177395851191,0.00595673526205594,0.523294828936649,0.601058379521695,0.634490072769333,0.944718853817548
cg02537913,chr17,37027030,LASP1,Island,-0.0128191922382069,0.00486893549780222,-0.617285208545962,0.53739725651888,0.634774932356215,0.944798489831449
cg02481307,chr4,1858883,LETM1,Island,0.00886220702004099,-0.00651386418302707,0.522646088591662,0.60150942746942,0.634875358474338,0.94483893050401
cg20077169,chr3,71632188,FOXP1,Island,0.023480935188811,0.00419150841754392,0.521968644211428,0.601980595948433,0.635277797034442,0.944939028318811
cg12817154,chr4,864995,GAK,N_Shore,0.0180291907110449,0.0016949679836612,0.521890487617143,0.602034965285741,0.635324233209473,0.944964874228955
cg00298153,chr21,45553170,C21orf33,Island,0.0373468508841668,0.00625595916839773,0.521714848983538,0.602157155738845,0.635428592865894,0.944977653634833
cg03430864,chr19,11098501,SMARCA4,Island,0.0146140008010212,-0.00201033865885514,0.52120512675377,0.602511829098628,0.635731496824484,0.94503388252699
cg11436430,chr6,41514104,FOXP4,Island,0.0265189645905233,0.0050679897845005,0.521014045434693,0.602644811049625,0.635845063178146,0.945079170844888
cg22046966,chr4,874380,GAK,N_Shore,0.00888927536548616,-0.000812651319990088,0.520833385317289,0.602770552623511,0.635952443719904,0.945098411230961
cg07516697,chr3,71631212,FOXP1,Island,0.0160914494028319,0.00769596411306413,0.520281303956155,0.603154881213467,0.636280636586279,0.945237517068216
cg26445541,chr12,132498837,EP400,OpenSea,-0.0171160801117719,-0.0181392274480786,-0.614694769530936,0.539105228247086,0.636314271810061,0.945251204798085
cg07511836,chr20,464048,CSNK2A1,OpenSea,0.0129705844756725,-0.018977645522341,0.519726463572308,0.603541241923586,0.636610541538759,0.945385456424808
cg25603742,chr1,205014730,CNTN2,OpenSea,0.0177636813460247,0.0136778932768712,0.519725947557824,0.60354160130002,0.636610848391604,0.945385456424808
cg09902061,chr11,34126957,NAT10,Island,0.0122066284437285,0.00628073529367845,0.519588925074711,0.603637033532956,0.636692332300086,0.945400951537185
cg08916879,chr7,2946518,CARD11,S_Shore,0.0144567795420389,0.00109231752948857,0.519569863843648,0.603650309673518,0.636703667894683,0.945410976879819
cg10347859,chr16,539904,RAB11FIP3,OpenSea,-0.0138574335254288,-0.00204405004009622,-0.613060603241567,0.540184096935459,0.637286165881951,0.945594890936335
cg16987556,chr4,54245040,FIP1L1,S_Shore,0.0213434890410384,0.0239834858428385,0.518550840615999,0.604360250648251,0.637309798358389,0.945594890936335
cg12578844,chr1,23346212,KDM1A,Island,0.0147780183856967,0.00169839480674694,0.516966855512064,0.605464539762149,0.638252458433351,0.945729064274191
cg26452915,chr20,57486076,GNAS,OpenSea,-0.014956862979956,-0.0295539748751104,-0.610441970699771,0.541915163069052,0.638844856344077,0.945909820877254
cg08076462,chr16,87784310,KLHDC4,OpenSea,-0.0330782198277948,-0.00344427667179748,-0.610043521128334,0.54217880437847,0.639082165892302,0.945939388884992
cg01707795,chr14,69341738,ACTN1,Island,0.0701718762583254,-0.00476146071292694,0.515529460702479,0.606467416582873,0.639108386258712,0.945961226984497
cg02393091,chr16,88945894,CBFA2T3,N_Shore,-0.0127906238696598,0.0134593009152452,-0.609475776313864,0.542554573814418,0.639420368544455,0.946003437971248
cg17608345,chr10,73822644,SPOCK2,OpenSea,-0.0281207752578986,-0.00683004009505994,-0.609156796198713,0.54276575218762,0.639610416247903,0.946070466898081
cg01119700,chr7,70255332,AUTS2,Island,0.0118149632387235,-0.00179272853075385,0.514260870877037,0.607353136181231,0.639864195038015,0.946087504138673
cg02965999,chr5,139059672,CXXC5,N_Shore,-0.0152358786499836,-0.00646302359467155,-0.608700261272842,0.543068069190589,0.639882459980533,0.946087504138673
cg24494412,chr17,7137978,DVL2,Island,-0.0186551688327863,0.00808131028037676,-0.608629033960547,0.543115243440566,0.639924907856481,0.946087504138673
cg03097582,chr16,28332368,SBK1,Island,-0.0196076354282344,-0.000830810380421321,-0.608591363585544,0.543140193570157,0.639947357971387,0.946087504138673
cg22333016,chr4,54244258,FIP1L1,Island,0.0112154392239846,-0.000523302131269859,0.512660354167231,0.608471430608256,0.640818294788951,0.946367770776225
cg24988684,chr17,76128556,TMC8,S_Shore,-0.0150047517594901,0.00666634035783258,-0.605268796167801,0.545343072885114,0.641928776950078,0.946600761289291
cg12993975,chr7,100472566,SRRT,Island,0.0291655203458098,0.00436787013887748,0.51047141686948,0.610002347963807,0.642124124953574,0.946702169401384
cg21385432,chr12,132512858,EP400,N_Shore,0.0172248609163024,-0.0125217544164212,0.509915253565186,0.610391595531792,0.642456085719898,0.946764407797361
cg15122327,chr20,57435146,GNAS,S_Shelf,-0.0234001099795074,-0.0125280156577179,-0.604255023888952,0.546016094183698,0.64253385063701,0.946764407797361
cg06008406,chr10,661568,DIP2C,OpenSea,0.00933240012382402,0.0139860220888388,0.509759940935228,0.610500315494557,0.642548800929519,0.946764407797361
cg14150354,chr14,99690237,BCL11B,OpenSea,0.014009682707639,0.0348795791738019,0.509602925890726,0.610610235925929,0.642642538071511,0.946764407797361
cg12907702,chr1,177133734,ASTN1,Island,-0.011343633528593,-0.00229053081612209,-0.604050909593241,0.546151651180616,0.642655705709688,0.946764407797361
cg00943909,chr20,57427942,GNAS,Island,0.0216450560054787,-0.000246076211966262,0.509115740466707,0.610951352520533,0.64293342138244,0.946764407797361
cg20021655,chr4,899882,GAK,Island,-0.0190959981664248,-0.00476676329594572,-0.603496885942959,0.546519675403332,0.642986503144506,0.946773522015839
cg21552290,chr6,29578423,GABBR1,OpenSea,-0.0118641161122143,0.0215850424239071,-0.603209550403569,0.546710593850305,0.643158093847203,0.946773522015839
cg10951873,chr1,25254746,RUNX3,N_Shore,-0.0152702445042746,0.0106584341121888,-0.60313443217239,0.546760511192875,0.64320295600396,0.946773522015839
cg13083679,chr18,29262121,B4GALT6,N_Shelf,-0.0190753435083455,-0.00329085242933136,-0.602993151347192,0.546854400841212,0.643287335350184,0.946785382050285
cg05874355,chr11,71724677,NUMA1,OpenSea,0.010085325338389,0.00288266165838991,0.508126438219175,0.611644301147435,0.643524271514914,0.946798396324079
cg20964456,chr7,4784887,FOXK1,Island,-0.0202580052709705,-4.32102114001492e-06,-0.60224295645809,0.547353084880383,0.643735462970144,0.946816221217187
cg14931884,chr10,369977,DIP2C,S_Shore,0.0189852112794017,0.0770181652658395,0.507454569128926,0.612115105392389,0.643925666674583,0.946885183226918
cg05385119,chr6,30539063,ABCF1,Island,0.0208726344538202,0.00166831955457696,0.506602402975573,0.612712482008648,0.644434926248464,0.946945537153047
cg04334773,chr19,11172526,SMARCA4,S_Shore,-0.0138470911617122,-0.00593033614888361,-0.60076584213914,0.548335640421319,0.64461819326898,0.946945537153047
cg05140895,chr6,41514099,FOXP4,Island,0.0179679176454886,0.00174115453835694,0.505349015653503,0.61359158798767,0.645184261233799,0.947068935368514
cg26954327,chr7,70216208,AUTS2,OpenSea,-0.0209425949720008,-0.0134322664345549,-0.599697957275191,0.549046526544085,0.645256678441649,0.947109059996914
cg04905719,chr6,134617250,SGK1,OpenSea,0.0119125571107337,-0.0611374457523901,0.504391156011663,0.614263791779491,0.645757158642032,0.9471743192063
cg16391678,chr16,30485597,ITGAL,Island,-0.0162663373650584,0.0607524448372072,-0.598489949891945,0.549851241400747,0.645979257785759,0.9471743192063
cg22288235,chr4,870804,GAK,Island,-0.0158873238676731,-0.000305979443098847,-0.596839434259814,0.550951675599392,0.646967067134888,0.947365254431051
cg16515546,chr16,1022411,LMF1,S_Shore,0.0132804640575886,-0.00338805431751821,0.502270825214703,0.615752947910104,0.647026079279565,0.947370018082444
cg19563415,chr10,397125,DIP2C,Island,-0.0148329390025464,-0.00275260820075141,-0.596551607415261,0.551143687224683,0.647139391045922,0.947408136384111
cg25315493,chr6,30540762,ABCF1,S_Shore,0.0190845150921738,0.00348837559102244,0.502007209361651,0.615938202480255,0.647183913109776,0.947420404056003
cg00493358,chr16,88980724,CBFA2T3,OpenSea,0.0185884806859367,0.00763020354242916,0.501642587334314,0.616194479057823,0.647402248178946,0.947467515708374
cg07341934,chr20,57463711,GNAS,Island,0.0106323273123476,-0.00250855766826258,0.501262200062715,0.616461886380125,0.647630055789852,0.947503301629871
cg09096084,chr4,10117799,WDR1,Island,-0.0151264522371227,0.00254607458602332,-0.595088118862605,0.55212050296727,0.648015884209538,0.947581507821017
cg07879825,chr7,69358880,AUTS2,OpenSea,0.0131224058185566,-0.0261088338591289,0.500567096911927,0.616950666840746,0.648046426758029,0.947581507821017
cg12708799,chr10,438227,DIP2C,OpenSea,0.0104844875717458,0.000440185390573888,0.500455684887327,0.617029025050839,0.648113173471843,0.947589420752673
cg06140996,chr7,2971898,CARD11,S_Shelf,-0.0134560072534811,-0.00368259805399251,-0.594185073966122,0.552723672019688,0.648556967470049,0.94766012778131
cg26421310,chr1,25257058,RUNX3,Island,-0.0255783108930839,0.00255550039852796,-0.593742718347394,0.553019252103552,0.648822084293766,0.947739498159034
cg01552919,chr4,901847,GAK,S_Shore,-0.0241471794280764,-0.0134315786431956,-0.593134689899321,0.553425660949283,0.649186566377825,0.947755655354192
cg20664221,chr12,56522980,ESYT1,Island,0.0117863680322355,0.00214964452403899,0.498556573767155,0.618365378905128,0.649251361620837,0.947782073702063
cg06993367,chr16,982031,LMF1,S_Shore,-0.0195633471640948,-0.00195638416968613,-0.592938726127012,0.553556675274784,0.64930405458341,0.947793923895765
cg24450180,chr3,47891280,DHX30,Island,0.0105934695355909,0.0035754996349503,0.498371632487025,0.618495584977442,0.649362245706366,0.947809489281419
cg26396443,chr14,99729005,BCL11B,OpenSea,-0.0438782484616444,0.00158990488589113,-0.592822419230412,0.553634441091065,0.64937378939675,0.947809489281419
cg05005968,chr10,436077,DIP2C,OpenSea,0.013037128406096,0.00128295569814918,0.497828288536994,0.61887819043438,0.649688059972817,0.94786535420059
cg07274572,chr16,928942,LMF1,S_Shore,-0.0234149152953868,-0.000702222862851265,-0.592166618754407,0.554073026845451,0.649767049056886,0.9478798669118
cg19215677,chr7,2395142,EIF3B,Island,0.0181408795394378,0.0017755449710563,0.497018024475201,0.619448945111081,0.650174056389496,0.947997753509221
cg27640064,chr7,4752983,FOXK1,OpenSea,-0.0117496682125231,-0.0532480152378206,-0.590586309141474,0.555130605898154,0.650715103954013,0.948116617905289
cg01861509,chr10,73849626,SPOCK2,S_Shore,0.013402270412145,0.0428255928161715,0.495849370982327,0.620272556973603,0.650875276905167,0.948132114537658
cg18575653,chr21,45557961,C21orf33,N_Shelf,0.015959786823115,-0.00075104471467935,0.49582482941056,0.620289857846436,0.650890005760551,0.948134249528175
cg03199014,chr1,226922948,ITPKB,N_Shore,-0.017807746867194,0.0202922463654694,-0.590143226442014,0.55542730450897,0.650981018428017,0.94815261956755
cg06210576,chr12,69892192,FRS2,OpenSea,-0.0276961204889185,-0.0312371778861286,-0.588940026163435,0.556233387712415,0.651703338716119,0.948280759167705
cg04213845,chr10,403653,DIP2C,OpenSea,-0.0269828210801389,-0.00734682517234753,-0.588723594449552,0.556378446748348,0.651833304433569,0.948280759167705
cg06513075,chr11,34126714,NAT10,N_Shore,0.0130454398224965,0.00663115842453627,0.494039424262988,0.621549065759639,0.651961898819876,0.948313891948163
cg15983385,chr6,29589056,GABBR1,OpenSea,-0.0179366168012356,-0.00186615484525265,-0.587976323664059,0.556879432366243,0.65228211654911,0.948351415538765
cg09080920,chr16,928338,LMF1,Island,0.0154802661226014,-0.000869262012124783,0.493498901560607,0.621930504493623,0.652286551192852,0.948351415538765
cg04693895,chr10,431095,DIP2C,OpenSea,0.0133626088603533,0.0114869413045134,0.492926362337936,0.622334647992841,0.652630505407206,0.948436725413392
cg25729716,chr17,62010607,CD79B,OpenSea,0.0102283834927562,0.0012685071430738,0.492874664731381,0.622371145882636,0.65266156649672,0.948436725413392
cg10365743,chr7,4770257,FOXK1,OpenSea,0.0105050308938963,0.00497226743659784,0.492587414369032,0.622573958160645,0.652834163969694,0.9485141911907
cg21441868,chr12,133125416,FBRSL1,N_Shore,-0.020128731243884,0.00207302615408789,-0.586543773757927,0.557840459576607,0.65314286051279,0.948583701750794
cg03127034,chr6,41561307,FOXP4,Island,-0.0173515406568432,0.00407068906199903,-0.586076376422669,0.558154188574537,0.653423794991969,0.948654891413859
cg00332951,chr10,518470,DIP2C,Island,0.0143328557934609,-0.00272125654865074,0.491368872153101,0.623434625875485,0.653566544725746,0.94868010921027
cg20574436,chr14,99701416,BCL11B,OpenSea,-0.0215781721156549,-0.0021074992620403,-0.585771014815338,0.558359201563571,0.653607362594026,0.94868010921027
cg18126978,chr6,29588988,GABBR1,OpenSea,-0.0217295811526452,0.00106970555738184,-0.585334153736674,0.558652564238031,0.65387001732035,0.948718810645675
cg14918503,chr10,429999,DIP2C,OpenSea,-0.0146820794110846,-0.0108422646383576,-0.585282674299861,0.558687138862651,0.653900971213841,0.948737656884697
cg19709354,chr2,190526349,ASNSD1,Island,0.0164090284497479,0.00497276084152477,0.490127593579438,0.624311883487698,0.654312933958347,0.948831358263983
cg24116072,chr4,40631919,RBM47,Island,0.0151264113410367,0.00542321784469216,0.489992364523047,0.624407487206732,0.654394269006329,0.94883379902032
cg22290117,chr20,57427173,GNAS,N_Shore,0.0154990087787443,-0.00800883121243734,0.489421665027418,0.624811028043872,0.654737567870415,0.948892690882875
cg19670286,chr5,137610127,GFRA3,Island,0.0216138671664824,0.00223416056831655,0.489346922101607,0.624863887031786,0.654782534176761,0.948892690882875
cg22851092,chr12,132537448,EP400,OpenSea,0.0296116063115102,-0.0129370902945497,0.48908219017887,0.625051123827351,0.654941810380913,0.948945907513158
cg27363226,chr19,6421747,KHSRP,N_Shelf,-0.0184006144563312,-0.00563652321904229,-0.583026879221389,0.560203199991818,0.655257934450525,0.949010592629378
cg20464535,chr4,40428028,RBM47,OpenSea,0.0128485030715919,0.00413582417055902,0.488102066748468,0.625744546527419,0.655531639187179,0.949083572169386
cg19014792,chr7,3019159,CARD11,OpenSea,0.0193757975553203,0.0177406642661291,0.487166120024489,0.626407025179197,0.656095083503828,0.949197890317091
cg09703727,chr7,69447465,AUTS2,OpenSea,0.0139196295026395,0.0306425045673548,0.48715253543704,0.626416642805797,0.656103262930825,0.949197890317091
cg15398513,chr20,60718623,SS18L1,Island,0.0174319466904501,0.00364131191783402,0.48703809533653,0.626497666726808,0.656172170189429,0.949197890317091
cg08604785,chr4,899970,GAK,Island,-0.0259773833555993,-0.0058098203095418,-0.581426409376234,0.561280046361282,0.656221380921235,0.949197890317091
cg12806067,chr12,132554024,EP400,OpenSea,0.0192553382116384,-0.00173383731687649,0.486698550862437,0.62673809181831,0.656376635659835,0.949211046240833
cg16495448,chr7,3019260,CARD11,OpenSea,0.0203613735541024,0.00950630715312817,0.486656694425082,0.626767732335428,0.656401842376524,0.949227132616761
cg05488984,chr1,226829496,ITPKB,N_Shore,-0.0130018438508929,-0.00351354427881168,-0.581042001963242,0.56153883736849,0.656452870709267,0.949248222145559
cg10036013,chr7,4778839,FOXK1,OpenSea,0.0135699922670284,-0.00413385492138585,0.486506979936129,0.626873757176409,0.65649200639778,0.949248222145559
cg04526616,chr7,4757846,FOXK1,Island,0.0125547339266412,0.0041666748470548,0.486067541294006,0.627185003613576,0.656756682719387,0.949308598658581
cg22098375,chr6,29590966,GABBR1,OpenSea,-0.0193045414702782,0.000705047111383639,-0.580139521265542,0.562146633513992,0.656996473342947,0.949366743462033
cg08997444,chr20,57464970,GNAS,Island,-0.00889323819754192,-0.00679940937471157,-0.579447028097501,0.56261322498431,0.657413714651089,0.949510966948992
cg16229364,chr3,47866611,DHX30,Island,0.035807698412163,0.00421219834365014,0.484958802961976,0.627970598875085,0.657424673319233,0.949510966948992
cg03048947,chr1,225611366,LBR,N_Shelf,0.0172284269733284,0.0207175383673694,0.484597844001639,0.628226447307314,0.657642202289216,0.949573111358534
cg06854487,chr11,71791011,NUMA1,N_Shore,-0.0110812750945967,-0.000478644132497777,-0.578396230487402,0.563321594805462,0.658047045651186,0.949620177325951
cg04915300,chr2,157314925,GPD2,OpenSea,0.0104399317492003,-0.0413767947188447,0.483445251347576,0.629043707361775,0.658336996895655,0.949702017281476
cg06398150,chr16,1021062,LMF1,Island,0.0186537338856863,0.00275633723287802,0.482521349002131,0.629699141309412,0.658894147796626,0.949768553712087
cg00960772,chr12,133127270,FBRSL1,S_Shore,0.0185109517614708,0.000959328426482164,0.482397015585385,0.629787368170835,0.6589691403958,0.949768553712087
cg08724254,chr10,72201741,NODAL,S_Shore,-0.0155976744988073,-0.00157614359979347,-0.576772736092264,0.564416882244288,0.65902603185477,0.949786526806166
cg10220637,chr2,190535214,ASNSD1,N_Shelf,0.0164347700046199,-0.00566433393720855,0.48224345721825,0.629896340343919,0.659061764967896,0.949789097522579
cg22051586,chr4,881820,GAK,S_Shelf,0.0168815896618372,-0.0142691651346635,0.481804953107336,0.630207567799344,0.659326294191821,0.949827091809628
cg03239591,chr6,30539540,ABCF1,S_Shore,-0.0194023970705516,0.00501982409122614,-0.576072572121848,0.564889563874237,0.659448419464087,0.94984580453863
cg20789700,chr4,40589108,RBM47,OpenSea,0.0109133587254503,-0.0719130196926281,0.480969917376019,0.630800414973404,0.659830150398855,0.949888451978928
cg07102380,chr10,612266,DIP2C,OpenSea,0.0167114836924926,0.0050201563602158,0.47986455606213,0.631585551108469,0.660497356991277,0.949969323559627
cg18227442,chr1,65352699,JAK1,OpenSea,-0.0161474651824022,-0.0117896139436717,-0.574115369037772,0.56621188703915,0.660629716290842,0.950012630366583
cg17060195,chr3,169491284,MYNN,S_Shore,-0.0152465376439837,0.00384830383910409,-0.574109594526424,0.566215790612432,0.660633202829733,0.950012728354777
cg00846502,chr16,971186,LMF1,N_Shore,-0.0144669404958642,-0.00185895215720944,-0.573979093674047,0.566304012726844,0.660711998698545,0.950029188377479
cg10904061,chr4,872652,GAK,S_Shore,0.0114765627435702,0.018876890795952,0.479251839631197,0.632020942320622,0.660867314786042,0.950081559333267
cg26560769,chr1,177002422,ASTN1,OpenSea,-0.022263306751124,0.000473950343839125,-0.573477736394083,0.566643005398013,0.661014751101241,0.950111356451116
cg11563074,chr7,73723905,CLIP2,S_Shelf,0.0146310807630348,-0.00823103944098402,0.478768674699004,0.632364365665222,0.661159107916717,0.950150409305029
cg10345429,chr7,69265347,AUTS2,OpenSea,-0.0146254117611035,-0.000302707896913779,-0.572984342836006,0.566976708729011,0.661312748641316,0.950219353910991
cg19466875,chr7,69068068,AUTS2,S_Shelf,-0.0140785568328262,0.00969916586568065,-0.571805135273577,0.567774640400274,0.662025178309852,0.950306436832534
cg00583654,chr5,159846083,SLU7,Island,0.0225121149178545,0.00358383683868425,0.477334014533462,0.633384560427835,0.662025831703071,0.950306436832534
cg06394058,chr16,88972466,CBFA2T3,S_Shore,0.0108835246438508,-0.00128848245344615,0.477003593051943,0.633619624233538,0.66222551404062,0.950344732008506
cg08917356,chr16,566043,RAB11FIP3,S_Shore,-0.0146879762093903,-0.00209254912590207,-0.571434332053503,0.568025662414035,0.662249265946582,0.950344732008506
cg02594677,chr10,468386,DIP2C,S_Shore,0.0112001034673921,0.021685999992976,0.476955381567687,0.633653925273914,0.662254651508927,0.950344732008506
cg08568987,chr19,56165234,U2AF2,Island,0.0160834281221228,0.00110462605595713,0.476714159962134,0.633825559155686,0.662400445756669,0.950344732008506
cg26227248,chr3,71511884,FOXP1,OpenSea,-0.0161336705728707,-0.0133392234773759,-0.571027668359121,0.568301022092925,0.662495059931348,0.950344732008506
cg04597545,chr19,800229,PTBP1,S_Shore,0.00789088531748821,0.0239193132841773,0.47602675413296,0.634314770272727,0.662815983751123,0.950370059048385
cg09009070,chr7,70165515,AUTS2,OpenSea,-0.0132262839601403,-0.00223990345502179,-0.57048203435447,0.568670581826128,0.662824906887748,0.950370059048385
cg06230418,chr12,133129990,FBRSL1,N_Shore,-0.0139376520066023,-0.00345810268342339,-0.570342331922419,0.568765221283849,0.662909370393405,0.950391744737265
cg15385139,chr6,29595506,GABBR1,Island,0.0113917886540075,-0.0122877161215131,0.475232691131687,0.634880086547926,0.6632961253859,0.950461027039814
cg14422366,chr14,91738087,CCDC88C,N_Shore,0.0109117713413577,-4.40953874569772e-06,0.475022432502575,0.635029811519057,0.663423284467054,0.950461027039814
cg01715800,chr6,32978233,HLA-DOA,S_Shelf,-0.0142775229813903,-0.00513045041499216,-0.569458621256499,0.56936405367528,0.663443757434173,0.950461027039814
cg02439077,chr10,72202215,NODAL,S_Shore,0.014271481049187,0.0124079581539133,0.47498127802471,0.635059119337455,0.663448174785247,0.950461027039814
cg26689780,chr4,10079554,WDR1,Island,0.00837220929823174,-0.0362303180178011,0.474850900107927,0.635151970673741,0.663527030086592,0.950461027039814
cg22765308,chr5,139060556,CXXC5,Island,-0.0127504801698816,0.00178367758088183,-0.569112624906836,0.569598594833362,0.663653030915158,0.950483540738302
cg18755950,chr17,7132642,DVL2,OpenSea,-0.0187743113127822,-0.00153345508765435,-0.569111873746558,0.569599104074047,0.663653485277769,0.950483540738302
cg14909424,chr7,2417033,EIF3B,N_Shelf,-0.0125015750941261,0.00323212685737984,-0.568784557586308,0.569821025141115,0.663851484384228,0.95052744444323
cg17933936,chr1,226885709,ITPKB,OpenSea,-0.0112248665986309,0.0221552001074503,-0.567990902007862,0.570359297163649,0.664331677559691,0.950594302747279
cg04829746,chr11,58346531,LPXN,Island,-0.0264371104882223,0.00215234363292056,-0.567593909310964,0.570628636250223,0.664571925647804,0.950625844910473
cg17333398,chr12,133073006,FBRSL1,N_Shore,0.0138231511003058,-0.00784519422962382,0.472459453373538,0.636856109523639,0.664974087680713,0.950720476535509
cg04840828,chr5,137611496,GFRA3,S_Shore,-0.0132994534749447,-0.0334501047163492,-0.566573318737502,0.571321333357214,0.665189714627429,0.950753074401407
cg18431957,chr14,99643510,BCL11B,S_Shore,0.0194628143436877,-0.0188580954883983,0.471920099743939,0.637240718578819,0.665300621845633,0.950789696697729
cg05293701,chr16,56485429,NUDT21,Island,0.0184939878881094,0.00551757228324418,0.471473143771744,0.637559513885735,0.665571264957348,0.950860220152274
cg09076339,chr1,226830923,ITPKB,S_Shore,0.0174449409121389,-0.0311186876779291,0.470842144010569,0.638009694645969,0.665953425396275,0.950870188704812
cg04816979,chr12,133657679,ZNF140,Island,0.0116568220831269,0.00716118215569228,0.470242271473508,0.63843779226172,0.666316814302586,0.950935126309702
cg22960869,chr17,47287521,ABI3,OpenSea,0.0166120429079149,0.0171835239517652,0.470062075730394,0.638566412167682,0.666425988018671,0.950962834409278
cg05180954,chr16,983153,LMF1,S_Shelf,-0.0141565627654691,-0.00972491923736818,-0.564492785219053,0.572734679363147,0.666449817498424,0.950962834409278
cg20067272,chr6,29571693,GABBR1,OpenSea,-0.0183692987908315,-0.00433698376962588,-0.564458916502521,0.572757700800001,0.666470338338622,0.950962834409278
cg06382895,chr4,174094774,GALNT7,S_Shelf,0.0130681069991844,-0.00963928815932358,0.469986031942275,0.638620693889044,0.666472062164944,0.950962834409278
cg09241929,chr20,57465560,GNAS,Island,0.0217553718653412,0.00369020249450438,0.469726385551424,0.638806049817052,0.666629388715372,0.950968757418094
cg04170174,chr16,981766,LMF1,S_Shore,-0.0142785762955463,-0.00812080891425793,-0.564169331727797,0.572954557009856,0.666645806103932,0.950968757418094
cg07916070,chr3,122283003,PARP9,Island,0.0098154989803416,0.00548748368930885,0.469691714916484,0.638830802146016,0.666650397671294,0.950968757418094
cg08797598,chr7,4751611,FOXK1,OpenSea,0.0121345790684963,8.48408250031518e-06,0.469604372780206,0.638893159912481,0.666703324514859,0.950970287559739
cg25313447,chr12,62334217,FAM19A2,OpenSea,0.0120868229044516,0.00315096054923014,0.469510064621288,0.63896049393614,0.666760474432244,0.950981506930968
cg19879075,chr10,73846858,SPOCK2,Island,0.0141144986197918,0.00156322709464521,0.469362025187204,0.639066196974751,0.666850188931711,0.951032557458753
cg18267131,chr3,71600114,FOXP1,OpenSea,0.016040362935157,-0.0165005493798552,0.469092160638224,0.639258904451519,0.667013743849981,0.95106977320941
cg23307264,chr19,6424217,KHSRP,N_Shore,-0.0112293324985818,0.00611359068262755,-0.56319375972415,0.573617976033217,0.667237067492246,0.951079401411618
cg12513686,chr10,709592,DIP2C,N_Shelf,-0.0161047912381724,-0.00675990959982953,-0.562966530476184,0.573772551380633,0.667374813188428,0.951083938227026
cg01277910,chr14,91795105,CCDC88C,OpenSea,-0.0212615567777765,-0.00275800529608106,-0.562940779713177,0.573790069887352,0.667390423931785,0.951083938227026
cg22122098,chr2,170934512,UBR3,OpenSea,-0.0194221994168,-0.0128126860733587,-0.562824867911661,0.573868929017723,0.667460694287599,0.951083938227026
cg21257635,chr1,25558918,SYF2,Island,-0.0180614762016408,0.00379215926364219,-0.562597197940196,0.574023836409277,0.667598725390639,0.951098954137309
cg01845583,chr12,133066520,FBRSL1,N_Shore,0.016263367653807,-0.00411790937404578,0.467308683533007,0.640533081032388,0.66809504090075,0.951195660243911
cg09416615,chr19,11152012,SMARCA4,Island,-0.0147667681338461,-0.00874642907704748,-0.561507263609466,0.574765706539928,0.668259683400403,0.951212668430915
cg10455282,chr16,924817,LMF1,Island,0.00868075304074632,-0.00577816006922172,0.466569424924268,0.641061544711713,0.668543445149553,0.951299108858341
cg14121785,chr5,139060726,CXXC5,Island,0.0116775641388537,-0.00026529162958322,0.466407541384967,0.641177292568098,0.66864165292132,0.951299108858341
cg26534489,chr20,57427495,GNAS,N_Shore,0.0145711015883028,-0.00203214234437393,0.465124106492921,0.642095267164961,0.669420458165257,0.951496936138258
cg05960039,chr20,57465123,GNAS,Island,-0.0144469002533716,-0.00956024863149107,-0.559226544424469,0.576319562601719,0.669643589200755,0.9515625052585
cg14645650,chr1,25228801,RUNX3,Island,-0.0115644367729943,-0.00191283785282503,-0.558702944282975,0.576676572435809,0.669961460410466,0.951693281428111
cg10045103,chr10,72202715,NODAL,S_Shore,0.0187577993970183,-0.00539141668822141,0.463656898800943,0.643145357692005,0.670311214857653,0.951770134643358
cg05585149,chr10,695844,DIP2C,OpenSea,-0.0323679926412511,-0.0203067917294287,-0.557897036318747,0.57722627456639,0.670450832729494,0.95181697154079
cg06690760,chr3,71631298,FOXP1,Island,-0.0111515013835792,0.00462586934285786,-0.557736228589277,0.577335989627386,0.670548496916155,0.951840017563423
cg16500874,chr4,1844807,LETM1,S_Shore,0.0129316347981166,-0.00243305405663952,0.463211528093199,0.643464254276839,0.670581695739419,0.951840017563423
cg26700469,chr16,79155427,WWOX,OpenSea,0.0184016991139763,-0.0160998052827144,0.463178930762691,0.64348759737189,0.67060149430635,0.951848952745011
cg05675362,chr2,136423459,R3HDM1,OpenSea,0.0671906276298939,-0.0139357291236115,0.462661522974021,0.643858162692242,0.670915781726592,0.951869419848624
cg02984314,chr19,807355,PTBP1,Island,0.00960532361828583,-0.000254297403762482,0.462658901146487,0.643860040660715,0.670917374441886,0.951869419848624
cg03236992,chr16,78133292,WWOX,Island,0.0228040375342262,0.00377500007314322,0.462148741109436,0.64422550264877,0.671227316046523,0.951983887118395
cg02666901,chr4,174256403,HMGB2,Island,0.0120615315630764,0.00539505394195634,0.461995385222788,0.64433537867938,0.671320496509898,0.952019736887645
cg21044865,chr12,132529502,EP400,OpenSea,-0.0188302458505289,-0.00403416473520801,-0.555267657731221,0.579021469283932,0.672048444620051,0.952061513320995
cg15098957,chr19,39962116,SUPT5H,OpenSea,-0.0197760192699055,-0.00664714083253204,-0.555102965461637,0.579133999613248,0.672148561138271,0.952065872740746
cg00614081,chr4,1233439,CTBP1,N_Shore,0.00926051425877299,0.00176484883319805,0.460518883503321,0.645393657608953,0.672217891027796,0.952089772189462
cg05180847,chr5,139029502,CXXC5,Island,0.0154417616520671,0.00210975456667425,0.459099761632288,0.646411489442373,0.673080851382119,0.952253721251742
cg08495185,chr20,35274655,SLA2,OpenSea,-0.0145345643323321,0.00373822083485938,-0.55347921943212,0.58024401820216,0.673135948246942,0.952253721251742
cg04328729,chr10,521830,DIP2C,N_Shelf,-0.017722553876569,0.00204273074164918,-0.553316582529213,0.580355254490706,0.673234877545433,0.952259851860191
cg23719367,chr8,12594834,LONRF1,OpenSea,0.0130679722273579,-0.0100495851811937,0.457839596839512,0.647315870249946,0.673847511841057,0.952406792074351
cg19595750,chr12,133065939,FBRSL1,Island,-0.0269911023793383,-0.000257321078449321,-0.551607342532611,0.58152490346744,0.674274921227005,0.95251683507
cg12431087,chr3,71355122,FOXP1,OpenSea,0.0108011834930016,-0.030449416511487,0.456653557092873,0.64816753158113,0.674569385620279,0.952574923804012
cg13569761,chr1,3700863,LRRC47,N_Shelf,0.015228224176674,-0.00784302775328138,0.456221348609441,0.648478003152969,0.67483252043881,0.952661601983647
cg08443038,chr16,89006877,CBFA2T3,Island,-0.0111696079384875,-0.00255446853243541,-0.550604161836998,0.582211904279227,0.674885629875408,0.952661601983647
cg24463471,chr1,25257978,RUNX3,Island,0.0155446971448894,-0.00204409570388431,0.455839932540781,0.648752039585048,0.675064765123163,0.952679924373683
cg24346429,chr20,57428032,GNAS,N_Shore,-0.0158535421478532,-0.000256492457451407,-0.549795499577496,0.582765971282029,0.675378077006585,0.952700298315742
cg02612270,chr16,1015103,LMF1,S_Shore,0.0170518504874523,0.0040030018196936,0.45480194695071,0.649498043927724,0.675696952389835,0.952778160235352
cg06483517,chr16,78206124,WWOX,OpenSea,-0.0186589479001109,-0.0105603014663918,-0.549125071236781,0.583225512404848,0.67578644988543,0.952790882132219
cg18901278,chr17,76128531,TMC8,S_Shore,0.00911103266132627,0.00408617458957652,0.454482904524167,0.649727411924618,0.675891311825821,0.952796737651417
cg06651273,chr2,190526628,ASNSD1,S_Shore,0.0121854715034441,0.00486761400992525,0.453992416855227,0.650080101413326,0.676190157186182,0.95287279993454
cg06846441,chr7,4780516,FOXK1,OpenSea,0.0208732096927234,-0.00544530524931075,0.4536860194058,0.650300459145341,0.67637686556241,0.95287279993454
cg12159980,chr4,878727,GAK,Island,-0.0133141104838356,0.000672479903873757,-0.548053946019213,0.583960060505233,0.676439094156698,0.95287279993454
cg23690893,chr19,14671371,TECR,OpenSea,-0.0131598574469962,-0.0660113333015308,-0.547963192484049,0.584022316637773,0.676494402115448,0.95287279993454
cg10326234,chr16,990225,LMF1,OpenSea,-0.0110768609059809,0.00418599970695444,-0.547413322437244,0.584399588998788,0.676829546922812,0.95287279993454
cg20587196,chr4,920607,GAK,OpenSea,-0.0122859108988873,-0.000371890983810297,-0.54740383839083,0.584406097113874,0.676835327993799,0.95287279993454
cg14806431,chr4,174128053,GALNT7,OpenSea,0.0126713207975533,-0.00595444684572077,0.452823623992121,0.650920849326053,0.676902487328743,0.95287279993454
cg16135276,chr10,459697,DIP2C,Island,-0.0314654148204685,-0.032402106042189,-0.547023927728765,0.584666826146286,0.677066921017644,0.95287279993454
cg00375444,chr16,923658,LMF1,Island,0.0129386378181516,0.0122902239864042,0.451902758960979,0.651583569431062,0.677463919553071,0.952880181342013
cg08617683,chr12,133083589,FBRSL1,OpenSea,-0.0199070929440557,-0.0223444587014022,-0.546233761842725,0.585209283229905,0.677548702850301,0.952880898616231
cg17755880,chr7,56174311,CHCHD2,Island,0.0268918565438262,0.00470687498407343,0.451288396900893,0.652025861890255,0.677838582985143,0.952962512745607
cg03836831,chr16,969069,LMF1,S_Shore,0.010326393659492,-0.00208625149728003,0.450983402676172,0.65224547944641,0.678024610701394,0.952980598718618
cg26741954,chr19,48954979,GRWD1,N_Shore,0.00920462873815543,-0.00122645248178166,0.450743704986713,0.652418100091997,0.678170825323596,0.953001460425685
cg19797956,chr4,879432,GAK,S_Shore,0.00838567671740985,0.00500399899285609,0.450375104969211,0.652683587478374,0.678395693491173,0.953024953653849
cg06044900,chr20,57467811,GNAS,S_Shore,0.0183893380764642,0.00449716911163919,0.449974930599109,0.652971866568579,0.678639856337697,0.953037125686839
cg00849267,chr16,968265,LMF1,S_Shore,-0.0219448404455589,-0.00245524230673222,-0.544125190560622,0.586657986932515,0.678834991230272,0.953113812996238
cg10443146,chr2,170779769,UBR3,OpenSea,-0.013690699596422,0.0044193290783755,-0.543412363100403,0.587148115387485,0.679270048122907,0.953256220602363
cg04716530,chr16,30485684,ITGAL,Island,-0.0149621746165561,0.0470496329299096,-0.543058499565007,0.587391496809456,0.679486059818534,0.953329191535853
cg18195352,chr10,72199918,NODAL,N_Shore,0.0156088163771403,-0.00684618687154737,0.448471180925141,0.654055608004349,0.679557657263073,0.953329191535853
cg23199797,chr3,121980842,CASR,OpenSea,-0.0128231789110789,0.00211873320669576,-0.542795619867642,0.587572331404684,0.679646548574572,0.953329191535853
cg07291135,chr10,534922,DIP2C,S_Shelf,-0.0147718215136533,-0.00711465773104636,-0.542227283916623,0.587963377297713,0.679993568802504,0.953456085779792
cg14955916,chr10,459968,DIP2C,Island,0.040214451699222,0.000205599149225244,0.447738252399295,0.654584089915867,0.680005166319744,0.953456085779792
cg11401257,chr1,226926945,ITPKB,S_Shore,0.0235664710782852,0.00303468996364471,0.44695622695814,0.655148165061807,0.680482777129045,0.953527491230591
cg12571493,chr4,174256943,HMGB2,S_Shore,-0.016610001057646,-0.0242154490869937,-0.540901479791578,0.588876071484801,0.680803354922402,0.95361473587182
cg18548362,chr4,1857197,LETM1,Island,0.0125587646362872,0.010073805112072,0.446205113326582,0.655690129544085,0.680941629682246,0.95361473587182
cg13336690,chr6,32976484,HLA-DOA,S_Shore,0.119137460085034,0.0387238186249531,0.445558479592069,0.656156852595632,0.681336750459824,0.953693413551032
cg15822087,chr15,75744225,SIN3A,Island,0.01095058617338,0.00918307745789065,0.445342361851829,0.656312870692712,0.681468827111831,0.953719816555077
cg13461622,chr1,25291385,RUNX3,OpenSea,0.0111067547657018,0.0733724366822178,0.445338208767223,0.656315869003756,0.681471365293915,0.953719816555077
cg09200221,chr7,4734190,FOXK1,OpenSea,0.0148213056604973,-0.0122910297698871,0.445183916489091,0.656427263939829,0.681565664482084,0.953730072918588
cg01945223,chr3,121980683,CASR,OpenSea,0.0131792831193704,0.00283694606001672,0.444867113476395,0.656656011350586,0.681759301345517,0.9538096564328
cg03432736,chr4,10119609,WDR1,S_Shore,-0.0194980728414576,-0.0128968606676644,-0.538733556905,0.590369899610081,0.682128290335869,0.953889030006791
cg26807432,chr10,712207,DIP2C,Island,0.0134595389812313,0.0191893796556321,0.444182659418904,0.657150331231518,0.68217772604588,0.953899306118845
cg17158584,chr4,1212539,CTBP1,S_Shelf,0.0166764451380544,-0.00533763443877688,0.444071636013706,0.65723052769737,0.682245606778178,0.953917261542236
cg23678322,chr15,41801319,LTK,N_Shelf,0.00977267987515513,-0.00635534079945921,0.443986429013996,0.657292078670039,0.682297704866255,0.953933235158084
cg13235992,chr1,156736799,PRCC,N_Shore,-0.0148682244331156,0.00155317118367115,-0.538198831819736,0.59073862613803,0.682455240785045,0.953956782780191
cg09786479,chr16,1020419,LMF1,Island,-0.013719197728276,0.00122459541067128,-0.538136649895119,0.590781511382247,0.682493264954899,0.953956782780191
cg03819515,chr1,25234040,RUNX3,N_Shore,0.00917717651712856,0.00539055894304164,0.443655120456869,0.657531428172998,0.682500291137254,0.953956782780191
cg04631163,chr11,17905972,SERGEF,Island,0.0106331729711116,-0.000226685013739236,0.443236026111359,0.65783424786342,0.682756588830806,0.954028680151321
cg18721155,chr10,327225,DIP2C,OpenSea,0.0105723457951813,-0.00623556984558793,0.442903642476297,0.658074454178142,0.682959884490856,0.954082484740789
cg06464594,chr18,59560191,RNF152,N_Shore,0.0159585379105833,-0.000783359105027443,0.44236622505819,0.658462908836728,0.683288633524762,0.954107920546136
cg27474149,chr6,29572333,GABBR1,OpenSea,0.0123079403301767,0.00846459688830381,0.442337497957245,0.658483675891507,0.683306208161443,0.954107920546136
cg26873457,chr10,729204,DIP2C,OpenSea,0.0229701918240362,-0.00607135907653511,0.441882508098844,0.658812627008663,0.68358458427596,0.954222024094306
cg11055795,chr7,100480589,SRRT,N_Shelf,0.00868496613150434,-0.00209878100167193,0.441860364098836,0.658828638493594,0.683598133721498,0.954225929480679
cg25215194,chr1,3706322,LRRC47,S_Shelf,0.00762433030169758,-0.00275678082352204,0.441741056998011,0.658914907625679,0.683671136968009,0.95422931238712
cg04612073,chr7,4769938,FOXK1,OpenSea,0.0128545592771931,0.00224261533176662,0.441618814469302,0.659003304045966,0.683745939451276,0.954258642288463
cg12807206,chr2,157324457,GPD2,OpenSea,-0.015291829524529,-0.0132738989146168,-0.534873012064589,0.593034371868568,0.684490104641146,0.954524402043824
cg03537215,chr1,205011262,CNTN2,OpenSea,0.0143401876566627,0.0090961180410386,0.44022999352875,0.660007928334114,0.684596002688591,0.954524402043824
cg14392181,chr12,133121660,FBRSL1,N_Shelf,-0.0115338884850974,-0.000701888924723892,-0.534677103673875,0.59316973133006,0.684610040529841,0.954524402043824
cg00864954,chr16,70587308,SF3B3,OpenSea,0.00885493193558233,0.0484712527775489,0.440175846927029,0.660047108563373,0.68462915259718,0.954524402043824
cg09508490,chr16,89972339,TCF25,OpenSea,-0.0126985415008836,-0.000162418284029187,-0.534634664772012,0.593199055615836,0.684636022840888,0.954524402043824
cg00062312,chr1,23346344,KDM1A,Island,0.0108145868110437,0.00634090645343752,0.439755551821644,0.66035126396093,0.68488648846429,0.954601957065118
cg05703198,chr4,1241727,CTBP1,Island,0.0111385801452951,0.00413941540008356,0.439643723997909,0.660432200009129,0.684954963921974,0.954609961835399
cg03547366,chr12,132490709,EP400,OpenSea,0.0149740646325021,-0.00630902164547653,0.439479244273636,0.660551250426447,0.685055684387258,0.954628574785181
cg23983710,chr10,370756,DIP2C,S_Shore,-0.0155030205746743,0.0293485612428367,-0.533897871615843,0.593708268610562,0.685087168167839,0.954631734665652
cg11362770,chr3,98451718,ST3GAL6,Island,-0.0162413015993242,-0.00705282389744821,-0.533841000109359,0.593747582031886,0.685121995794253,0.954631734665652
cg23104816,chr6,30552010,ABCF1,OpenSea,-0.0148482499456839,-0.00369035306836907,-0.533292339370013,0.5941269147407,0.685458025323222,0.954645507553292
cg08198470,chr17,1801637,RPA1,S_Shore,-0.0135584750540707,-0.00640826298565311,-0.53307268276812,0.594278811958027,0.685592572360877,0.954682073379634
cg06492521,chr10,532357,DIP2C,S_Shore,-0.0145918554463848,-0.00544414337573296,-0.53250284415896,0.594672950550455,0.685941664100152,0.954752033952358
cg06277909,chr16,951805,LMF1,S_Shore,0.00834488784789211,0.00308683228140816,0.437334762544769,0.662104214395314,0.686369386602628,0.954834324900563
cg06696911,chr12,133147957,FBRSL1,Island,-0.0170063821412238,-0.00268123285498678,-0.531612625837698,0.595288925026565,0.686487159430599,0.954873028995985
cg04722155,chr4,851454,GAK,OpenSea,0.0152287848340498,-0.00809886482270095,0.436617114675283,0.662624238008116,0.686809227184316,0.954886014927792
cg07196216,chr16,89022688,CBFA2T3,OpenSea,0.0153772415252995,-0.000442984295302984,0.436264651316191,0.662879700608993,0.68702528797563,0.954908158558559
cg25712316,chr17,37026004,LASP1,Island,0.0167821446859299,0.00787950720694143,0.435331094381751,0.663556525289149,0.687597683874902,0.955036142988215
cg23708261,chr15,80264706,BCL2A1,OpenSea,0.0104991527597805,-0.00352334902165086,0.435316820895016,0.663566875645298,0.687606436831764,0.955041707528188
cg02250992,chr12,125348168,SCARB1,Island,-0.0149929767751839,-0.00398935904693007,-0.529779043908193,0.596558567168978,0.687611230157119,0.955041707528188
cg00061059,chr19,14640983,TECR,Island,-0.0293833998791157,0.00711534285748101,-0.529661361547428,0.596640097176538,0.687683398514753,0.95505383545833
cg02700106,chr10,671406,DIP2C,S_Shelf,-0.0267724950499084,0.00508486407423336,-0.52925704271639,0.596920246910863,0.687931367510098,0.955087168486505
cg27109907,chr16,79110419,WWOX,OpenSea,0.0130167952391947,-0.0043620368698879,0.434475581022762,0.664177010803514,0.688122385830237,0.955119187145477
cg17443473,chr1,3703550,LRRC47,N_Shore,-0.0136313887787611,0.006517246223813,-0.528614732857507,0.597365422476186,0.688325365547276,0.955127045915897
cg17254388,chr10,31609531,ZEB1,Island,0.014176562377867,0.00576560439089742,0.433706386294361,0.664735088612632,0.688594275206461,0.955169741789052
cg12492900,chr12,132551078,EP400,OpenSea,0.0142290710615505,-0.00382186719505888,0.433016916284574,0.665235481923594,0.689017357708792,0.955263131099919
cg07583981,chr17,1782684,RPA1,OpenSea,-0.0242880117675526,-0.0171623183148322,-0.526777175294857,0.598639842693108,0.689453005034768,0.955368398405719
cg17860158,chr1,205012569,CNTN2,OpenSea,0.0112649958515434,-0.00725023508659139,0.432039003838459,0.665945473432506,0.68961760522865,0.95539853662989
cg06538238,chr6,29588575,GABBR1,OpenSea,-0.0135481571512649,-0.00246499841811243,-0.525940483146912,0.59922053226537,0.689966680128858,0.95544015519907
cg27444899,chr16,565493,RAB11FIP3,Island,-0.0148650865109768,0.00198804512945361,-0.525882897071161,0.599260508159085,0.690002039528475,0.955443549197499
cg21763793,chr13,49752558,FNDC3A,OpenSea,-0.020112351814618,-0.0129925322283866,-0.525866212296182,0.599272090852159,0.690012284555594,0.955443549197499
cg00422248,chr19,16653661,CHERP,Island,0.0215371069883752,0.00381585372370061,0.431188615681957,0.666563123186078,0.690139736539932,0.955457865365471
cg00594408,chr6,29595349,GABBR1,Island,0.00738426870083483,-0.00920611622506118,0.430878027930548,0.666788764365874,0.69033047164769,0.955511286151397
cg17929042,chr7,70200532,AUTS2,OpenSea,0.0167145865326617,-0.00736776773736125,0.429917396340278,0.667486852130853,0.690920529754437,0.955644788897486
cg06018666,chr4,10079364,WDR1,Island,0.0250303362356737,-0.00188144482699826,0.429896701408122,0.667501894250241,0.690933243472335,0.955648326771863
cg17532626,chr6,29589036,GABBR1,OpenSea,-0.0106765473797651,0.00254500721548745,-0.524217071182675,0.60041743867469,0.69102519410638,0.955653771225425
cg10698984,chr13,30424281,UBL3,Island,-0.0424910611793398,0.00191518719223104,-0.524102969672838,0.600496720241849,0.691095296231091,0.95566517058028
cg00873678,chr14,91770052,CCDC88C,N_Shore,0.0102871853785478,-0.00510591104015445,0.429444471502795,0.667830631203785,0.691211088005074,0.95566517058028
cg11718741,chr12,133657535,ZNF140,Island,0.0245384187703544,0.00345738115394109,0.429378688821713,0.667878455571397,0.691251507547101,0.955675853240216
cg14713153,chr10,557653,DIP2C,OpenSea,-0.0241431610420363,0.000749123216136516,-0.523756176053406,0.600737713267599,0.691308376885869,0.955675853240216
cg21406271,chr1,25258082,RUNX3,Island,-0.0171274070663876,-0.00661892747925807,-0.523641590515189,0.600817350427043,0.691378787136244,0.955689746280815
cg23550295,chr7,70065373,AUTS2,S_Shelf,-0.0177085423909259,-0.0142693451020587,-0.523627242886156,0.600827322392816,0.69138760362141,0.955691369554589
cg23087020,chr1,167190262,POU2F1,Island,0.0115663650164626,0.0100923284416116,0.428051660331334,0.668843501358941,0.692067075353174,0.955808210057696
cg10180406,chr1,186649877,PTGS2,Island,0.00889955511590545,0.002899015970872,0.428007041975435,0.668875958413982,0.692094503203647,0.955808210057696
cg20810645,chr13,96294863,DZIP1,N_Shore,0.0121185486650514,-0.00695096560748532,0.427935447234795,0.66892804039459,0.692138514854334,0.955813860961814
cg25564752,chr10,94608077,EXOC6,Island,0.0174195546485102,0.00278014722666223,0.427266386409018,0.669414829565832,0.692549858870074,0.955864869339321
cg14159790,chr9,139886506,C9orf142,Island,0.0233156361723017,0.00269868567874516,0.427042562243146,0.669577708650164,0.692687488029466,0.955912719424336
cg06884262,chr19,6425638,KHSRP,Island,-0.017322820454895,-0.000829957867631348,-0.521490191708964,0.602313464435369,0.692701268475035,0.95592534035825
cg21233754,chr2,157292608,GPD2,Island,-0.024566331560663,-0.00100591589707561,-0.521117958787855,0.602572491500415,0.692930178117944,0.9560013613892
cg06512249,chr6,29599390,GABBR1,N_Shore,0.0155659814632311,-0.0171250016325197,0.426347115278083,0.670083891876503,0.693115182087661,0.956029124406582
cg00917642,chr4,1208960,CTBP1,N_Shore,-0.016346320866825,0.00108279151687196,-0.520724158197102,0.602846581738282,0.693172381612494,0.956029124406582
cg04102427,chr4,1214454,CTBP1,OpenSea,-0.0168358093629552,-0.0102991724288565,-0.520290296789143,0.603148620012778,0.693439260458257,0.956050535242224
cg25028527,chr12,133125660,FBRSL1,Island,0.0133176793304908,-0.00563060387471293,0.425735826960018,0.670528944189015,0.693491200068043,0.956064268163952
cg19189990,chr11,13484864,BTBD10,Island,0.0102854519576016,0.000550550522991661,0.42555837664108,0.670658159756519,0.69360036812129,0.956076594545851
cg05751310,chr16,88963738,CBFA2T3,S_Shore,-0.0112682765612422,0.00350627017594218,-0.519972968570435,0.603369575444632,0.693634480952559,0.956076594545851
cg10739033,chr14,58666496,ACTR10,N_Shore,-0.018795088780152,0.0063244900948012,-0.519349273143257,0.60380396059876,0.694018237975358,0.956175924456928
cg09125882,chr12,133066651,FBRSL1,N_Shore,0.0221917566140133,0.00441990718823296,0.424860556231081,0.671166392614233,0.694029731325804,0.956182373080164
cg13997668,chr10,73847532,SPOCK2,Island,0.0145123426154845,0.00125222328519073,0.424430592669001,0.671479616594208,0.694294333313188,0.956214444911945
cg07295520,chr12,69902497,FRS2,OpenSea,-0.0184280918392279,-0.0214307456882341,-0.518432772690465,0.604442531434501,0.694582298982413,0.956271226638275
cg23278235,chr12,133101168,FBRSL1,N_Shore,0.00901844930770563,0.00790265159676484,0.423671568782967,0.672032697382728,0.694761531805256,0.956271226638275
cg25231972,chr10,31608136,ZEB1,Island,0.00946054596192766,0.0113678937137792,0.423650826075186,0.672047814552969,0.694774301097676,0.956271226638275
cg13508767,chr12,133136369,FBRSL1,N_Shore,-0.0153701912306177,0.00245404295337874,-0.518014800245499,0.604733854315753,0.694839596673784,0.956271226638275
cg26479374,chr4,1243980,CTBP1,Island,-0.0522756361688367,0.0247730048489568,-0.516159658162594,0.606027633205169,0.695982018819577,0.956471151715627
cg10665616,chr7,69326361,AUTS2,OpenSea,-0.0138666998488725,0.00229166024064986,-0.515752419109299,0.606311808658392,0.696232894737697,0.956530063136211
cg01577165,chr12,50616434,LIMA1,OpenSea,0.0143853939974397,0.0143819582520603,0.421002740582218,0.673978815967117,0.69640518308068,0.956589540688528
cg07785945,chr1,23346356,KDM1A,Island,0.0110147954611884,0.00703524269796653,0.420237812357703,0.674537008955994,0.696876542828264,0.956691151676101
cg12009778,chr6,134496221,SGK1,Island,-0.01422347421645,0.0031456353278343,-0.514529889937839,0.607165260739895,0.696986222295402,0.956691151676101
cg04785083,chr1,9031262,CA6,OpenSea,0.030973791757943,0.0089666395076437,0.419768075282209,0.674879880509478,0.697166059575304,0.956743122731532
cg26956157,chr16,89036698,CBFA2T3,S_Shelf,0.0211892090080807,0.0112818945523072,0.419398725152544,0.67514952497974,0.697393735020879,0.95680065057043
cg24684050,chr12,77157769,ZDHHC17,Island,0.0176625744746392,0.0024679924745239,0.419060868748424,0.675396214078416,0.697602020912898,0.956843099916881
cg23531352,chr4,889908,GAK,S_Shore,0.00998599287512852,0.000644906813994983,0.418808996837326,0.67558014354786,0.697757312848048,0.956881331621813
cg27665715,chr16,562977,RAB11FIP3,S_Shore,0.012923607157861,-0.00259594038869337,0.418087263361548,0.676107297083075,0.698202368588963,0.957030979661242
cg16003301,chr12,56521951,ESYT1,N_Shore,-0.0261450056569919,0.00389325858898765,-0.511792044985207,0.609078510440771,0.69867437694023,0.957103788625184
cg05766251,chr17,37024760,LASP1,N_Shore,-0.0135930240577776,-0.028044088770587,-0.511049632442239,0.609597783824081,0.699132405747976,0.95711593031533
cg14400030,chr12,122498111,BCL7A,OpenSea,0.0136108511804899,0.00578837992247483,0.416396495094108,0.677342856609942,0.699245384175733,0.95711593031533
cg13027206,chr14,91866325,CCDC88C,OpenSea,0.0115488234614505,0.0080601350196893,0.415900317867251,0.677705612726444,0.699551578084154,0.957153132233748
cg26998529,chr14,99720750,BCL11B,OpenSea,-0.012521749515419,0.0413032252452631,-0.510359057345771,0.610080977226173,0.699558551952405,0.957153132233748
cg25616535,chr17,47294967,ABI3,N_Shelf,0.00940124740979113,0.0126499268661631,0.415414930396578,0.678060553023466,0.699851160849749,0.957244766813234
cg18257689,chr4,84206016,COQ2,Island,0.00947172504030448,0.00700365836967969,0.414669117248595,0.678606069724355,0.700311570237979,0.957363408753966
cg04043336,chr16,87741582,KLHDC4,N_Shore,-0.0123197498376364,0.00381590553626066,-0.5086797392226,0.611256702955218,0.700595235159546,0.957389481406224
cg06799248,chr12,132519777,EP400,N_Shore,-0.0129091459034825,-0.011547322126978,-0.50825548990595,0.611553888145837,0.700857222754409,0.957470424563022
cg20303561,chr14,91881497,CCDC88C,N_Shore,0.0124899781262365,0.0266039860085116,0.413556691098848,0.679420055521389,0.700998503761575,0.957470424563022
cg18860567,chr6,29578925,GABBR1,OpenSea,-0.03770662890086,-0.00735369856339785,-0.507682551612523,0.611955331351418,0.701211087043341,0.957470424563022
cg04091209,chr15,75744113,SIN3A,Island,0.0203192332174509,0.00517085411412273,0.412462634633078,0.680220965926022,0.701674332358221,0.95754229624856
cg05989795,chr16,1021386,LMF1,S_Shore,0.0145761132893592,0.0124176193387465,0.412135350126874,0.680460626881456,0.701876550839484,0.957576335532084
cg17418011,chr12,133161639,FBRSL1,N_Shore,0.00829016458685083,-0.00275956374708286,0.411929492451362,0.680611387087089,0.702003754436885,0.957607502480835
cg25908917,chr10,43634491,CSGALNACT2,S_Shore,0.0131188180982788,0.0125496260644742,0.41154535142553,0.680892747650808,0.702241145225571,0.957648196739645
cg08550353,chr6,134497627,SGK1,Island,0.009699562662451,-0.0476967245232079,0.411535594243598,0.680899894789681,0.702247175329949,0.957648196739645
cg08351687,chr7,148936574,ZNF212,N_Shore,-0.0125689156831035,0.00372638107413455,-0.505765092720079,0.613299696209007,0.70239583968794,0.957711962622717
cg26864395,chr1,25259106,RUNX3,S_Shore,0.00505823301725474,-0.0011195167825917,0.409776849113995,0.682188645384103,0.703334415572383,0.957799912381467
cg21274168,chr12,133142422,FBRSL1,S_Shore,0.0116870420289093,-0.00633925924605083,0.409247040556281,0.682577054306297,0.70366205745842,0.957919805172369
cg26290716,chr14,91862813,CCDC88C,OpenSea,0.00724236542393273,-0.0549680904253642,0.409215177441502,0.682600416224215,0.703681763860923,0.957920986050936
cg06147087,chr2,170687433,UBR3,S_Shelf,-0.0135306263791639,-0.0100703326976006,-0.502542211028913,0.615562258713323,0.704388811028647,0.958056323311892
cg02343379,chr16,3614317,NLRC3,Island,0.00929799522104684,0.00243309104556722,0.4072668203036,0.684029523719026,0.704887143331891,0.958159829983352
cg07795928,chr1,226900896,ITPKB,OpenSea,-0.0217685761107956,0.0152948239760975,-0.50121033966053,0.616498347528755,0.705213010025156,0.958242075437889
cg08688816,chr16,88947068,CBFA2T3,N_Shore,-0.0113476374147656,0.00270801675074439,-0.501181175492646,0.61651885220376,0.705231061497821,0.958242075437889
cg06544113,chr20,524502,CSNK2A1,Island,0.0106233439864055,0.00563477405148299,0.406545625174287,0.684558804251606,0.705333509337706,0.958277110040871
cg25457604,chr3,71332437,FOXP1,OpenSea,-0.0109175841841198,-0.00209309238226629,-0.500906084735304,0.616712277142694,0.705401340018653,0.958302981038863
cg10828401,chr19,799190,PTBP1,S_Shore,-0.0106675076518869,0.00248442591687337,-0.500119265648777,0.617265661704516,0.705888454869079,0.958370290809215
cg24296250,chr12,133657252,ZNF140,Island,0.0136326279498485,0.0095445940078378,0.405620632323212,0.685237878273895,0.705906159412644,0.958370290809215
cg07859478,chr19,808116,PTBP1,Island,-0.0228946735410378,-0.00827156690604869,-0.499959067566124,0.617378358753715,0.705987647291023,0.958403115556652
cg26978368,chr16,1016357,LMF1,S_Shore,0.0121718960994854,0.00117344649679252,0.405170357665997,0.685568535239239,0.706184978426949,0.958436913429409
cg25224090,chr7,100486248,SRRT,N_Shore,0.00956970958141139,0.00446087747851576,0.404880249623493,0.685781606670989,0.706364639985234,0.958439959140224
cg10564112,chr14,91842149,CCDC88C,OpenSea,0.010773353025157,0.00169169975661121,0.404654159231897,0.685947677380824,0.706504667277417,0.958461100187705
cg14784699,chr10,31607330,ZEB1,Island,0.0154468905197512,0.00305138314142955,0.404561986109282,0.686015385891876,0.70656175682121,0.958462574735996
cg18437480,chr17,76130305,TMC8,S_Shore,0.00608689420720899,0.028733335544632,0.404034847398142,0.686402659921398,0.706888284016667,0.958510151515528
cg18346182,chr10,734399,DIP2C,N_Shore,0.00894472276114285,-0.00492007915766068,0.403916799158735,0.686489397984564,0.706961414404273,0.958518144212826
cg14515381,chr9,35073808,VCP,S_Shore,-0.0191691298852066,-0.00652242392692226,-0.498209174445732,0.618609971869051,0.707071481723218,0.958528144957165
cg14018140,chr10,458528,DIP2C,N_Shore,-0.0119494841854042,-0.0042993368555988,-0.498020994194088,0.618742481393352,0.707188070674953,0.958568066969458
cg03674076,chr20,524243,CSNK2A1,Island,-0.0141274886300252,-0.00397425737024842,-0.497913527627855,0.618818160928615,0.707254655738928,0.958585807272728
cg16431961,chr14,91806143,CCDC88C,OpenSea,0.01032654274429,0.00333549299231539,0.403423213183675,0.686852114022651,0.707267218126467,0.958586836493408
cg02014853,chr6,29595335,GABBR1,Island,-0.0123431958325375,-0.0174131803765616,-0.497580327911443,0.61905283085372,0.707461116732019,0.95861340368445
cg09526122,chr4,1828794,LETM1,Island,0.0103821107723348,-0.0081603561291369,0.402636433861156,0.687430435414205,0.707754768930911,0.958719815321378
cg07621749,chr15,41806141,LTK,S_Shore,0.00782294645189835,-0.0190109276747637,0.402577393314325,0.687473840521983,0.707791359967641,0.958719815321378
cg16776421,chr16,541243,RAB11FIP3,OpenSea,0.0095516620851836,0.000785173028980735,0.402438617996074,0.687575868675625,0.707877370174251,0.958730682557066
cg16942135,chr10,712394,DIP2C,Island,0.00676913313982882,0.0071850861831777,0.401103381357678,0.688557831382747,0.708705113819646,0.958911369375026
cg02715291,chr4,54243685,FIP1L1,Island,0.0117648167720872,0.0046530649127197,0.401007382759555,0.688628451215968,0.70876463881147,0.958911369375026
cg22846826,chr7,4723927,FOXK1,S_Shore,-0.0157809538828311,0.00932698022491163,-0.495451538317563,0.620553039839987,0.708780688728952,0.95891304838813
cg27360282,chr1,25228922,RUNX3,Island,0.0106810314219601,-0.00493583108971807,0.400190892790328,0.689229199070141,0.709270984302512,0.95895887883125
cg17519938,chr1,3713580,LRRC47,S_Shore,0.0196189087598916,-0.00470987609493601,0.399953673291398,0.689403774677149,0.709418119844652,0.958975593366004
cg12488585,chr12,132434050,EP400,N_Shore,-0.0107541755912454,0.02557064994673,-0.494102457585343,0.621504590734747,0.709617395852166,0.959061343071948
cg13831216,chr7,69778639,AUTS2,OpenSea,-0.0139877795173022,-0.00278605661053266,-0.493265228326011,0.622095435747314,0.710136826164396,0.959247662163919
cg23687445,chr13,96239848,DZIP1,OpenSea,0.0152177920537331,-0.00130106612967951,0.398672727721529,0.690346740320243,0.71021281428515,0.959275418542367
cg04167854,chr11,18031127,SERGEF,N_Shelf,-0.0144473211900868,-0.0147943827105198,-0.492980907005957,0.622296141122034,0.71031325427239,0.959307902972974
cg03387103,chr4,1827968,LETM1,N_Shore,0.0107083935470828,-0.00291010763232402,0.398299444258116,0.690621623114665,0.710444457478645,0.9593533401108
cg08415141,chr6,29598310,GABBR1,N_Shore,-0.0146428770612184,0.000207269294761003,-0.492312763229872,0.622767901683422,0.710727914397678,0.959376252407407
cg01542019,chr19,14673053,TECR,N_Shelf,-0.0219224818813287,0.0130906146581555,-0.492248168687099,0.622813518612348,0.710768007288447,0.959383585136507
cg11743000,chr1,65355578,JAK1,OpenSea,0.0139273280589805,-0.00175680483494101,0.397406228462176,0.691279545895116,0.71099885622092,0.959401424310351
cg08239804,chr6,134497755,SGK1,Island,0.0107762332472959,-0.0281652292223888,0.396573333396145,0.691893248681034,0.71151595303311,0.959523565074565
cg02723372,chr1,25228582,RUNX3,Island,0.00924779272292985,-0.000905163869627468,0.396515239540683,0.691936061610165,0.711552025133208,0.95953067795791
cg25977026,chr1,23347412,KDM1A,S_Shore,0.0118657861894587,-0.00559358382185249,0.396118335664057,0.692228590882463,0.711798491126127,0.959610886075381
cg14816007,chr4,903188,GAK,S_Shelf,-0.0103806521105266,-0.00123526236905525,-0.490168187687066,0.624283185660184,0.712059448378218,0.959688971672627
cg16810522,chr16,565780,RAB11FIP3,Island,-0.0101976747770818,-0.00589757283227965,-0.48969256577363,0.624619460406797,0.712354873868724,0.959768755415747
cg21236414,chr4,894185,GAK,Island,-0.0116583303515486,-0.00381542897367193,-0.489625698470512,0.624666743297112,0.712396410963708,0.959768755415747
cg02920992,chr12,100597377,ACTR6,S_Shelf,0.0112073601526248,-0.00364997744057227,0.394612070920358,0.693339169228111,0.712734112419778,0.959858956486813
cg06345693,chr12,133158310,FBRSL1,N_Shore,-0.0100074271188543,-0.00513273531958791,-0.488051267890201,0.625780495027543,0.713374672976356,0.960027012934679
cg05734675,chr10,537033,DIP2C,OpenSea,-0.0150790056986715,-0.0134458122338322,-0.487920650881175,0.625872932022862,0.713455852192986,0.960059748064475
cg17096807,chr12,6667374,NOP2,S_Shelf,0.012992482846413,0.0136865835775669,0.393144292882493,0.694422007663504,0.713646243625404,0.960129619092627
cg19510970,chr12,133066754,FBRSL1,N_Shore,-0.0300039452657876,0.00511510745506058,-0.487441285760815,0.626212226860934,0.713753808150346,0.960140002949335
cg22999536,chr10,697771,DIP2C,OpenSea,-0.0215340407644806,-0.0200668216625408,-0.486951630722654,0.626558886923473,0.71405820502415,0.960183302345314
cg17905091,chr10,532287,DIP2C,S_Shore,0.0119218661976804,-0.00138107750891447,0.392450364533838,0.694934164481373,0.714077618830597,0.960183302345314
cg03056682,chr16,57023329,NLRC5,Island,-0.0186267706014991,0.00277252488479752,-0.486902443095435,0.626593714764907,0.714088785312112,0.960183302345314
cg12806521,chr12,6677729,NOP2,Island,0.00782621048645324,0.00199708419047981,0.390866014896265,0.696104024179193,0.715062859930468,0.960402024031202
cg01076675,chr19,7977612,MAP2K7,Island,-0.0120222390383262,-0.0031197954508817,-0.485288518444362,0.627736935092283,0.715092427895778,0.960410660400075
cg12434134,chr7,4767406,FOXK1,S_Shelf,-0.0108913731654815,-0.00114256917680811,-0.485015854326939,0.627930164859186,0.71526203675986,0.960436610043113
cg08831324,chr16,89940582,TCF25,Island,0.0225636728108709,0.0103288639028632,0.390395437838083,0.696451631122089,0.715355583772002,0.960438281452734
cg07336999,chr16,89939803,TCF25,Island,-0.0212479829640517,0.00166921854634101,-0.484732638508538,0.628130899444028,0.715438224123069,0.960438281452734
cg24774154,chr11,34127519,NAT10,Island,-0.012129601996539,0.00488042574101769,-0.483809892937262,0.628785104346793,0.716012365351971,0.960496436772311
cg00219169,chr10,530951,DIP2C,Island,0.0302722544170171,0.0153450693159908,0.38896339529843,0.697509849052154,0.716246647412061,0.960578779660795
cg01338634,chr7,73748364,CLIP2,OpenSea,-0.0102339497817045,0.000291930306998478,-0.482772798484565,0.62952072922997,0.716657847262982,0.960611264596723
cg03142956,chr1,205012349,CNTN2,OpenSea,0.0103839278074972,0.00202872027939793,0.388213448783602,0.698064263166058,0.716713442929815,0.960623828835485
cg06037693,chr1,25292072,RUNX3,OpenSea,0.00815206122879988,0.0301891665408001,0.387943276365438,0.69826403359784,0.716881634566986,0.960664615243539
cg04952324,chr7,73727108,CLIP2,OpenSea,0.00919862981717696,-0.0233078242950909,0.387893504170847,0.69830083835895,0.716912620970747,0.960665334639515
cg11304838,chr6,112176877,FYN,OpenSea,0.0157187883426288,-0.00943579138504247,0.387875580065832,0.698314092769142,0.716923779997184,0.960665334639515
cg21122529,chr19,16652680,CHERP,Island,0.00786833076498244,0.00428101170661394,0.38785298470844,0.698330801580739,0.716937847295588,0.960671043196467
cg03869448,chr4,10086483,WDR1,OpenSea,-0.0121743028653565,0.00309704600099392,-0.480935526124825,0.630824836718646,0.717801852351906,0.960788948018611
cg15104815,chr12,133123627,FBRSL1,N_Shelf,0.00785210855972319,-0.0018783618671242,0.386321755280605,0.699463456441088,0.717891375565887,0.960809787399423
cg13910785,chr6,32549849,HLA-DRB1,N_Shelf,-0.091024986048857,0.0192170366112301,-0.480710252938587,0.630984816606633,0.717942165689685,0.960809787399423
cg02463970,chr10,665102,DIP2C,N_Shelf,-0.0104864936502548,0.000705545847732414,-0.480249492581533,0.631312083994941,0.718229183859857,0.960835412867318
cg12014181,chr10,729479,DIP2C,OpenSea,-0.0259435346240247,-0.00735581402214713,-0.479944538738904,0.631528725542048,0.718419168458122,0.960876758134963
cg03040848,chr16,88993053,CBFA2T3,N_Shore,-0.0128894209502908,0.0298494665060926,-0.47970610844544,0.631698130381791,0.718567721371168,0.960916804255463
cg24320813,chr4,1825007,LETM1,N_Shelf,0.00725574574809928,-0.000153091703979369,0.385145444909433,0.700334032927745,0.718624187067183,0.960930378901818
cg07057235,chr16,89033895,CBFA2T3,N_Shore,-0.0116974320696152,-0.0319786714520025,-0.479615040135317,0.63176283958469,0.718624463876279,0.960930378901818
cg20795635,chr6,29578496,GABBR1,OpenSea,-0.0112723019310763,-0.00224256791279442,-0.478986474671362,0.632209548225235,0.719016150409802,0.960936074138731
cg07930578,chr15,41806588,LTK,S_Shore,-0.0122092847243461,-0.00219964528624572,-0.478819634007216,0.63232814111791,0.71912012849938,0.960936074138731
cg15052518,chr7,69283201,AUTS2,OpenSea,-0.0192051211408126,-0.0234289777583443,-0.478718457407831,0.63240006361419,0.719183186100375,0.960936074138731
cg20707666,chr12,100593834,ACTR6,N_Shore,0.0190005655227785,0.00530567017640257,0.383530640951875,0.701529778145783,0.719630590390488,0.961071833777449
cg09785338,chr16,79027673,WWOX,OpenSea,-0.0160276542861363,-0.00447312072301365,-0.476274789596379,0.634138230558631,0.720706764511632,0.961291831897169
cg07558472,chr5,139048005,CXXC5,Island,0.0222589267384128,0.00228456979088896,0.381746389699537,0.702851860480065,0.720743164660745,0.961294702432794
cg02486209,chr16,949759,LMF1,Island,0.0129450186110604,-0.000446187371577866,0.381372108575082,0.70312930742263,0.720976623700053,0.961360216581775
cg23978242,chr10,530635,DIP2C,N_Shore,0.0441513437997023,0.0569492417322866,0.381172872771911,0.703277013037917,0.721100908272389,0.96138712700902
cg04554131,chr1,25291540,RUNX3,OpenSea,0.0107047638666685,0.0377446935140152,0.380847645900784,0.703518147643028,0.721303802706369,0.961443339627318
cg17201227,chr6,132811784,STX7,OpenSea,0.0107429099636905,-0.0110372315763704,0.380796800079968,0.703555849223517,0.721335524903094,0.961448523823038
cg04257105,chr20,57427713,GNAS,Island,0.0164106423345172,-0.0044975213791546,0.380156918484802,0.704030376434916,0.721734781563047,0.961473903767764
cg10536462,chr4,870491,GAK,N_Shore,-0.00967209348665531,-0.000504979736436928,-0.474607854855094,0.635325075764438,0.721746702191387,0.961473903767764
cg00980784,chr17,47287577,ABI3,OpenSea,0.00753512585849108,-0.000720054952078608,0.379333747863861,0.704640998338809,0.722248513638481,0.961668281605616
cg08257287,chr16,904510,LMF1,Island,-0.014260128869578,-0.00285897020117187,-0.473722012768407,0.635956171906142,0.722299555130993,0.961668281605616
cg23712359,chr10,31609905,ZEB1,Island,0.013769372129168,0.0100230237741911,0.379217775914364,0.704727040843615,0.722320900577862,0.961668281605616
cg03499775,chr17,37026044,LASP1,Island,0.0132650846365813,0.00401039235919892,0.379036883796929,0.704861256823338,0.722433814108363,0.961687639273748
cg05785598,chr3,49045655,WDR6,S_Shore,-0.0141761196929858,-0.0051087711092831,-0.473417821105512,0.636172946919662,0.722489434237878,0.961702804193769
cg01173432,chr3,71622662,FOXP1,OpenSea,-0.00953822276198111,-0.0055859124853892,-0.473205528111542,0.636324251048121,0.722621959516809,0.961702804193769
cg03816507,chr4,1217392,CTBP1,N_Shore,0.00767886117191791,0.00341830950537969,0.378352764617635,0.705368934032751,0.722860898487056,0.961755846489365
cg04045327,chr4,905805,GAK,N_Shore,0.0220120007062739,-0.00367916308103167,0.378348517604936,0.705372086105045,0.722863550097225,0.961755846489365
cg22589728,chr3,71439885,FOXP1,OpenSea,0.00824024890535489,-0.0396615263494131,0.378346239366063,0.705373776983558,0.722864972510487,0.961755846489365
cg00506590,chr16,89960457,TCF25,OpenSea,-0.0123646865798269,-0.00525999490685036,-0.472362069435067,0.636925546023708,0.723148576246431,0.961798029003076
cg12292060,chr6,29597991,GABBR1,N_Shelf,0.00808595676950797,-0.0128784822581413,0.377857483018743,0.705736559182765,0.723170148557501,0.96180838717936
cg05259946,chr16,474937,RAB11FIP3,Island,0.00668874420455426,-0.00765733266090621,0.377827228154586,0.705759018236745,0.723189040930791,0.961811289236186
cg24302412,chr6,29595196,GABBR1,N_Shore,0.00691396266076277,-0.00219388005628457,0.377127085845307,0.706278825798627,0.723626285497659,0.961892693160238
cg16673446,chr6,32975925,HLA-DOA,Island,-0.00996353234470981,0.00286255884592013,-0.471513914569555,0.637530430962049,0.723678257293268,0.961892693160238
cg00061185,chr12,50596347,LIMA1,OpenSea,-0.0159937760025252,-0.00907786652156595,-0.471315347877444,0.637672079285963,0.723802283274486,0.961911489375863
cg27043010,chr14,99712380,BCL11B,Island,-0.0186056560624844,-0.00645155628657494,-0.470991040235946,0.637903453967311,0.724004863422204,0.961957210991945
cg22931950,chr6,132834348,STX7,Island,0.0102623696842573,0.00680704222862321,0.375987849417762,0.707124924503322,0.724337940680996,0.961964183836038
cg17357561,chr19,807322,PTBP1,Island,-0.0122760553842195,-0.00387561196012221,-0.470301452315773,0.638395552611455,0.724435681690665,0.962022318354263
cg08676249,chr7,69064868,AUTS2,Island,-0.0100923453799099,-0.00282242418797563,-0.470209903798216,0.638460894818541,0.724492882955708,0.962035926501926
cg09512548,chr6,111983184,FYN,OpenSea,-0.0156390881850944,-0.00906632726673418,-0.470068782826715,0.63856162458873,0.724581061050948,0.962042008859636
cg00454961,chr16,929020,LMF1,S_Shore,-0.0152047078391506,-0.00616647470815934,-0.469768947170367,0.638775664447744,0.724768422632342,0.962098686577399
cg01785566,chr16,78617678,WWOX,OpenSea,0.00834717267680125,0.0013042912837431,0.375113815512767,0.707774306447585,0.724884091430671,0.962102303643397
cg22494492,chr19,39936032,SUPT5H,Island,0.00796147173940987,0.00452009199821837,0.375097170272521,0.707786675452334,0.724894493771511,0.962109712319898
cg06249198,chr16,976559,LMF1,N_Shelf,-0.0338920173860074,-0.00913013658655548,-0.469145545719729,0.63922078077841,0.725158027055768,0.962144543267407
cg15064498,chr2,30370629,YPEL5,Island,0.0164358048347514,0.00378725738885512,0.374474784454959,0.708249223136146,0.725283486402263,0.96215644531571
cg24852135,chr7,69597700,AUTS2,OpenSea,-0.0131488717475706,-0.00582649370519561,-0.468798799839297,0.639468418085598,0.725374762085944,0.96215644531571
cg18706841,chr12,77186157,ZDHHC17,OpenSea,0.0159864623325169,-0.0214400514748866,0.372743687910353,0.709536315508272,0.726365798459353,0.962464980117885
cg10481740,chr4,1857103,LETM1,Island,-0.0111594544206512,0.00485226514777397,-0.467111157476272,0.640674265884341,0.726429944147473,0.962465397538376
cg05781918,chr4,843828,GAK,Island,0.00936107976711997,-0.00409446607223751,0.372404474278768,0.709788622831694,0.726577944898098,0.962496109460581
cg02410304,chr10,685448,DIP2C,N_Shore,-0.0108719782997071,-0.00664676589328139,-0.466804542086207,0.640893449905694,0.726621708253405,0.962507669939261
cg17696741,chr3,71609708,FOXP1,OpenSea,-0.0143630323987183,-0.00518288211369633,-0.466690793121226,0.640974771351917,0.726692853751018,0.962513123621183
cg24696151,chr6,32975986,HLA-DOA,S_Shore,0.00802713892372957,-0.00414673333930904,0.37192815331082,0.71014296459603,0.726875874561226,0.962536168543359
cg24942285,chr3,47866555,DHX30,Island,-0.0451613700338747,0.0029434972587153,-0.466230371192301,0.641303980524038,0.726980853607878,0.962546899828662
cg17385318,chr4,852022,GAK,OpenSea,0.00765387946621427,-0.00314449811814554,0.371639570867215,0.71035767568216,0.727056397461596,0.962548374224756
cg18087760,chr19,6421149,KHSRP,N_Shelf,0.00710563217609538,0.00752862754436745,0.371599146350448,0.710387754170996,0.727081686249645,0.962550087424754
cg00499245,chr10,411799,DIP2C,N_Shelf,-0.00717239624289164,-0.00111722331067254,-0.465617986430699,0.641741955315435,0.727363967954477,0.962591960724035
cg18656132,chr6,29571363,GABBR1,OpenSea,-0.0125817424511741,0.0135893620705552,-0.465486519536844,0.641835996160204,0.727446223916285,0.962599761495822
cg03732545,chr1,205012130,CNTN2,OpenSea,0.00905865178357779,-0.0052878613685505,0.370168243394693,0.711452731083871,0.72797702251961,0.962681994975129
cg20993361,chr7,116503444,CAPZA2,S_Shore,0.0158191436950472,0.0122524643519468,0.370126307192981,0.711483951442762,0.728003268202956,0.962681994975129
cg15944026,chr14,91883673,CCDC88C,Island,-0.00996847692147136,0.00413730092176137,-0.464523113504889,0.642525315246117,0.728049101792652,0.962688185106312
cg26804932,chr7,70085367,AUTS2,OpenSea,0.00973795039126162,-0.00327344104558713,0.369779062994906,0.711742483936252,0.72822060250444,0.962738425689609
cg22232269,chr4,10105548,WDR1,OpenSea,0.00969101274359863,0.00345914329426178,0.369188419972817,0.712182309704176,0.728590326226276,0.962784352055245
cg25555505,chr7,4791054,FOXK1,N_Shelf,-0.0137738865720956,-0.00275449031706998,-0.463476539055849,0.643274491842107,0.728704215326448,0.962784352055245
cg01829657,chr16,89000980,CBFA2T3,S_Shore,0.00866716749945404,0.00104510868273944,0.368482083173214,0.712708413718374,0.729032553476309,0.962917779712268
cg09337653,chr15,75744615,SIN3A,Island,-0.0105113255938476,0.00454073399775516,-0.462886550499092,0.643696987980759,0.729073611830704,0.962939507897177
cg17878881,chr12,125349072,SCARB1,S_Shore,0.0125605262236318,-0.00719073446948504,0.368333982847697,0.712818741362301,0.729125288387706,0.962950560169121
cg09919471,chr4,876456,GAK,Island,0.00921927701388761,-0.0003052892782478,0.367917854288155,0.713128769469715,0.729385873811092,0.962984929558642
cg17747332,chr19,11071239,SMARCA4,Island,0.00861015515439777,0.0046323304921852,0.367719897072557,0.713276270161957,0.729509848314816,0.962984929558642
cg10571987,chr6,41528395,FOXP4,Island,0.0126142040275461,0.00482132972357865,0.367529699343244,0.713417999288546,0.72962896995255,0.962984929558642
cg08021564,chr10,73847318,SPOCK2,Island,0.00700786506303788,0.00420915107488384,0.367465168770263,0.713466087616834,0.72966938720445,0.962984929558642
cg24133477,chr12,50677524,LIMA1,OpenSea,0.00731823183440873,0.00385293824955016,0.367023779450517,0.713795042563895,0.729945861465164,0.962994045960006
cg23496597,chr20,57463725,GNAS,Island,0.0077175074082597,-0.00106139405405398,0.3668131996092,0.713952000572221,0.730077775319498,0.962994045960006
cg05764847,chr7,4768951,FOXK1,S_Shelf,0.00951952834743791,7.62165811030169e-05,0.366645458423504,0.714077037010494,0.730182859403769,0.962994045960006
cg01267522,chr10,31608548,ZEB1,Island,0.00798250052791917,0.00333627436247498,0.365622280429834,0.714839893817927,0.730823954856203,0.963090321691915
cg09547088,chr7,100472503,SRRT,Island,-0.0139315176329113,0.0044156645682704,-0.459802513428488,0.645907374045452,0.731005573899493,0.963096580235178
cg00663719,chr16,78231199,WWOX,OpenSea,0.0172852069975326,-0.0292571957921868,0.365216388743335,0.715142596143677,0.73107832765333,0.963110544305768
cg21452538,chr4,870773,GAK,Island,0.00982899880896768,-0.00582129467185832,0.36520929036094,0.715147890313008,0.731082776481096,0.963110544305768
cg05620762,chr12,125325097,SCARB1,S_Shore,0.016064015518397,-0.0157634724749582,0.365152406073366,0.715190316680026,0.73111842836662,0.963113421566635
cg01075002,chr6,155450882,TIAM2,OpenSea,0.00893135717203679,0.0163953688708239,0.365116429642883,0.715217149664025,0.7311409766781,0.963121946735849
cg19241112,chr12,77244839,ZDHHC17,OpenSea,-0.0184016223896283,-0.0110486631139284,-0.459437947185555,0.646168873412869,0.731234065607415,0.963140984149667
cg16119239,chr12,6730309,LPAR5,Island,-0.014962838903879,-0.00102842239591028,-0.45938841048578,0.64620440893191,0.731265114549328,0.963149253886498
cg19401867,chr9,35071839,VCP,Island,-0.00825704522935992,0.00384810718686103,-0.459346185079144,0.646234700280293,0.731291581217857,0.963150628125394
cg13216910,chr4,1242411,CTBP1,Island,0.00581344964482734,0.0013958821739373,0.36437466423404,0.715770473315936,0.731605931611467,0.963199626735341
cg04998536,chr16,556350,RAB11FIP3,N_Shelf,-0.0112765367202217,-0.00191587640913315,-0.458593963981001,0.646774421676896,0.731763123114676,0.963232432236832
cg27248474,chr16,88991238,CBFA2T3,N_Shelf,0.00753791274779616,0.0283500229650028,0.363709398965787,0.716266858814312,0.732023018428895,0.963261029567167
cg00307073,chr7,116502428,CAPZA2,Island,-0.00910124639701928,0.00113258812619932,-0.457949141109725,0.647237232987059,0.732167421370762,0.963285860890745
cg19563525,chr12,69909397,FRS2,OpenSea,-0.011975437871715,0.0137598930997646,-0.457822056171795,0.647328462330814,0.732247111281096,0.963301697106307
cg25519056,chr19,48952640,GRWD1,N_Shelf,-0.00897800678705946,-0.00595663200200081,-0.457780761967614,0.647358106981954,0.73227300585581,0.963301697106307
cg10982113,chr6,30558425,ABCF1,OpenSea,-0.0162992071206839,0.00606246286862522,-0.457519521309349,0.647545661763651,0.732436830478224,0.963333782847115
cg22433284,chr1,226829594,ITPKB,Island,0.00738863973327129,-0.00148080173463561,0.362904504597197,0.716867589022769,0.73252775129681,0.963333782847115
cg25694349,chr12,133065906,FBRSL1,Island,-0.0226891706601567,0.00321030581178393,-0.457130792473403,0.647824786820751,0.732680625800851,0.963360486586874
cg03979024,chr10,419189,DIP2C,N_Shelf,-0.00843599500458044,0.0083852219728684,-0.456814340413029,0.648052050553681,0.732879111912855,0.963413260269859
cg01008263,chr16,70605696,SF3B3,OpenSea,-0.0203562909634809,0.000688814717779152,-0.456628647604719,0.648185423334454,0.732995591090393,0.963430709826939
cg05716821,chr6,112041490,FYN,OpenSea,0.0158125658666191,-0.0300331268441786,0.361641565495453,0.717810533740147,0.733319947831727,0.963473802229793
cg02988764,chr7,4757422,FOXK1,N_Shore,-0.0144634074325984,-0.00998329947985455,-0.455949642133405,0.648673211517803,0.733421561901436,0.963497901810134
cg13185377,chr10,601783,DIP2C,OpenSea,0.0237052000077654,-0.0149445136024383,0.36121289741362,0.718130687198764,0.733588900609577,0.963526399597027
cg20295702,chr7,70254810,AUTS2,N_Shore,-0.0133774312315669,-0.00931746560932445,-0.455352637647437,0.649102216354281,0.73379615761409,0.963572316528775
cg18289048,chr1,225615672,LBR,Island,-0.0232151698043824,0.00100614843980267,-0.454217130745563,0.64991850913388,0.734508816251457,0.963796929036733
cg01088093,chr15,75748402,SIN3A,Island,0.00965955224215737,0.0130691524255987,0.358937470056886,0.719830935050484,0.735017084574794,0.963893483955569
cg13132775,chr6,32978140,HLA-DOA,S_Shelf,-0.014575928091789,-0.0101861994198094,-0.453348068389924,0.650543545459044,0.735054405432718,0.963903379929772
cg23938329,chr17,7134028,DVL2,N_Shelf,-0.0130802790821833,-0.00753626188496537,-0.453051160559809,0.65075714043133,0.735240832038356,0.963960734800852
cg24013618,chr4,870925,GAK,Island,-0.0204065927419787,-0.00815672407327384,-0.4526830018134,0.651022033169263,0.73547201831811,0.963965206724896
cg18762252,chr6,30540624,ABCF1,S_Shore,0.00896261154833153,-0.00294183285133476,0.358127704403247,0.720436345508147,0.735525559682597,0.963965206724896
cg01025762,chr7,107531363,DLD,N_Shore,0.0115781152500196,-0.000824091038448632,0.357797939065754,0.720682940594532,0.735732662031559,0.964018174725956
cg09466698,chr16,78249269,WWOX,OpenSea,-0.0194787996773451,-0.0168209174826557,-0.452131209764212,0.651419134155751,0.735818562493758,0.964031252557472
cg03534655,chr7,3082233,CARD11,OpenSea,-0.0120986288134266,0.00565329967952444,-0.451581456559797,0.651814866602696,0.73616387967345,0.964087378953326
cg18465286,chr10,31609896,ZEB1,Island,0.011228719486243,0.00733307017226662,0.356766906300469,0.721454124170629,0.736380304839153,0.96414184151191
cg09603409,chr6,29587016,GABBR1,OpenSea,-0.010428563257837,0.0120371208048651,-0.451178509777598,0.652104984953187,0.7364170170055,0.96414184151191
cg13106389,chr1,25257626,RUNX3,Island,-0.00947050441152057,0.00111584209168225,-0.450699222003196,0.652450137005669,0.736718150170462,0.964179086011455
cg23177889,chr7,116502779,CAPZA2,Island,-0.0137338812293383,0.000159181577969833,-0.450643574876756,0.65249021530869,0.736753115492607,0.964183220860093
cg00861669,chr4,174177352,GALNT7,OpenSea,0.0148374410892102,-0.0109974125910528,0.355694244449996,0.722256746917648,0.737054295779386,0.964241660790843
cg09196257,chr10,468197,DIP2C,S_Shore,-0.0171971561604723,-0.00330325058801362,-0.449997203432848,0.652955820215004,0.737159296519772,0.964262149488411
cg04336905,chr10,412257,DIP2C,N_Shore,-0.0114404258628586,0.000494196868562891,-0.449938841529022,0.652997867103788,0.737195974865559,0.964263343745485
cg23457258,chr14,99639683,BCL11B,N_Shore,0.00962300853815652,0.00558696591520924,0.355326316542193,0.722532120923125,0.737285524366654,0.964288933420255
cg21511069,chr9,34049294,UBAP2,Island,-0.0120931712298443,0.000322780875713219,-0.449699777817462,0.653170112327071,0.737346224009005,0.964295533871432
cg13629563,chr1,25256949,RUNX3,Island,0.0083344209668827,0.00435374471536294,0.35518916631369,0.722634779634944,0.737371724114146,0.96430514029087
cg22798400,chr3,71205277,FOXP1,OpenSea,-0.00964144530429103,-0.00712846554553637,-0.449054744063782,0.653634951211722,0.737751671317025,0.964376266161822
cg08818195,chr12,133066505,FBRSL1,N_Shore,0.0121856493369599,0.00206435862819518,0.35454640290737,0.723115963078013,0.737775748804398,0.964376266161822
cg02900980,chr3,71633249,FOXP1,S_Shore,-0.00975905184352783,0.00384081759287142,-0.448446987597423,0.654073049952467,0.738133754104116,0.964447885314178
cg16947947,chr4,84206068,COQ2,S_Shore,0.00959692283437493,0.00228917219342514,0.353392252485838,0.723980255142876,0.738501400126284,0.964473790349542
cg09096824,chr16,88958361,CBFA2T3,Island,-0.00965284594078115,0.0036063630943679,-0.447605968228523,0.654679492624568,0.738662590710819,0.96448654165805
cg23077884,chr2,157395835,GPD2,OpenSea,-0.0115351065526826,0.002750742981104,-0.447452351182064,0.654790287603854,0.738759199135573,0.964506555040857
cg12068463,chr12,132505658,EP400,OpenSea,-0.0241387926064715,-0.0154005231225633,-0.447376963819171,0.654844662885292,0.738806611101297,0.964506555040857
cg01538522,chr20,57463974,GNAS,Island,0.00629350200408399,-0.00196773065923578,0.352535301740856,0.724622216193265,0.739040343268995,0.96454170722094
cg27434245,chr16,89007493,CBFA2T3,Island,-0.0114218156120706,-0.00413425960664311,-0.446566425933295,0.655429402445922,0.739316430256281,0.964580700520364
cg05956518,chr16,1021780,LMF1,S_Shore,0.00731210144869835,0.0223349779265222,0.351682229984767,0.725261464481739,0.739576974234986,0.964580700520364
cg25354348,chr10,670562,DIP2C,S_Shore,-0.0175894794086796,0.0277596864738918,-0.445903826779149,0.655907573393837,0.7397332827627,0.964580700520364
cg01115732,chr16,1005903,LMF1,Island,0.00608840511727489,0.00110361298496819,0.351380309260724,0.725487754488571,0.739766930050293,0.964580700520364
cg07439880,chr7,2395427,EIF3B,S_Shore,0.00858967654831158,0.00384401503231238,0.351104013842762,0.725694859377069,0.739940777412521,0.964580700520364
cg04926193,chr10,497316,DIP2C,OpenSea,0.0154045032995694,0.0121555868480998,0.351085533001634,0.725708712922383,0.739952406184772,0.964580700520364
cg00931843,chr6,155442993,TIAM2,OpenSea,0.0134076116010113,-0.0357526795373164,0.350112184283413,0.726438478493777,0.740564954168687,0.964624035172663
cg22885821,chr20,57465921,GNAS,Island,-0.00899075820719702,0.00467344011164433,-0.444547214786956,0.65688702677309,0.740586989092276,0.964624035172663
cg07665134,chr10,669071,DIP2C,Island,-0.0241730280432676,0.00324502002931382,-0.444334947896906,0.65704033386595,0.740720596082684,0.964624035172663
cg08166863,chr20,57426391,GNAS,N_Shore,-0.00911623092496282,0.00111646219020167,-0.442632679643178,0.658270299254497,0.741792336027548,0.964760805002616
cg27061889,chr17,37034884,LASP1,OpenSea,0.0095412309708136,0.0186750914290267,0.34782557230889,0.72815383923287,0.742004611819542,0.964760805002616
cg04398932,chr12,133656738,ZNF140,Island,0.0119288546142729,0.0104895369149273,0.347673116414354,0.728268256666926,0.74210063067403,0.964760805002616
cg12156167,chr8,133760274,TMEM71,OpenSea,0.00750469854815847,-1.45589641163957e-05,0.347320930510572,0.728532593771038,0.742322457626669,0.964760805002616
cg05643503,chr1,3713094,LRRC47,Island,-0.0112209024890299,0.00200702665523064,-0.441474003629813,0.659108026324902,0.742522119586512,0.964760805002616
cg03464357,chr10,432894,DIP2C,OpenSea,0.0126773171173771,-0.0144265338730755,0.34699898154294,0.728774264555279,0.742525258344003,0.964760805002616
cg07424889,chr7,4768247,FOXK1,S_Shelf,-0.00927605914745704,-0.00856297125435601,-0.440968762127631,0.659473452336034,0.742840414749572,0.964807956051993
cg18166376,chr3,71180064,FOXP1,OpenSea,0.0124626963251089,0.0137191578293625,0.345843795358478,0.729641626893162,0.74325307532045,0.964874790756409
cg25020373,chr1,65432366,JAK1,Island,0.0129165185096506,0.00597948293139811,0.345804687352137,0.729670996912486,0.743277719066315,0.964874790756409
cg18575346,chr12,132529914,EP400,OpenSea,0.0135258966266465,-0.00111809808428831,0.345283213222968,0.730062660764355,0.743606348925421,0.964891892221337
cg13775636,chr10,711897,DIP2C,Island,-0.0194441014148572,0.00219201015450765,-0.439501501153042,0.660535140393552,0.743765017961055,0.964896613422327
cg02852419,chr16,923712,LMF1,N_Shore,-0.0140521662165892,0.00750795302162444,-0.439390971860763,0.660615145551021,0.743834683635406,0.964917530084312
cg26116937,chr10,531152,DIP2C,S_Shore,0.0229122769614137,0.0181373347413641,0.344871754479733,0.730371745194316,0.743865680721728,0.96492641013625
cg00598021,chr4,10113794,WDR1,N_Shelf,0.0109763617404145,0.00871467604372311,0.344558613251735,0.730607003774339,0.744063065004003,0.964938853543486
cg02172533,chr6,32978593,HLA-DOA,S_Shelf,-0.00934280300125935,-0.00394837457217845,-0.43895021729422,0.660934218589774,0.744112508342426,0.964938853543486
cg03199644,chr12,69919742,FRS2,OpenSea,0.0133478248536958,0.00643578244057552,0.344341885619818,0.730769843080125,0.744199686144557,0.964953675699758
cg02719010,chr16,2815576,SRRM2,Island,0.0067626401065684,-0.000413879578601728,0.343533799539958,0.731377109597668,0.74470915979118,0.965026402306163
cg00493755,chr12,25348252,LYRM5,Island,0.0215707250513862,0.00400887076078495,0.343326246941618,0.731533110050512,0.744840033420155,0.965052172094478
cg07602776,chr16,956700,LMF1,N_Shelf,0.0185389519564719,-0.0172577483091375,0.342697296141549,0.732005909360487,0.745236667372927,0.965052172094478
cg26365110,chr10,31709144,ZEB1,OpenSea,-0.0143802505444491,-0.0112309479060611,-0.437115655571679,0.662262966852388,0.745269261262498,0.965052172094478
cg18206952,chr13,96297053,DZIP1,Island,0.00797715247736922,0.00324412779915388,0.342029138343804,0.732508293518021,0.745658100349436,0.965134279525632
cg00948880,chr6,132834506,STX7,S_Shore,-0.00891187814064923,0.00318454179716041,-0.436126958733606,0.662979509776815,0.745892906353718,0.965158803343832
cg04714877,chr7,38217832,STARD3NL,Island,-0.017975109450507,0.00260613427852509,-0.434613675351556,0.664076838291132,0.746847769807405,0.96533929829034
cg13984746,chr17,80398412,HEXDC,S_Shore,-0.0103433393496791,-0.0695208594084849,-0.434386711269745,0.664241479390726,0.746991014948045,0.965409236645265
cg03867037,chr4,1234817,CTBP1,S_Shore,-0.0132959107905486,-0.00559832477827016,-0.434152029299186,0.664411736197523,0.747139140315061,0.965422019162034
cg05102770,chr7,4806869,FOXK1,Island,0.00620449683398289,-0.00766873598467877,0.339676118178136,0.734278431270693,0.747142846466102,0.965422019162034
cg06763375,chr16,89025547,CBFA2T3,OpenSea,0.00483420482725806,-0.018921658920845,0.338708479813083,0.735006781547727,0.747753695056866,0.965535839740509
cg10125865,chr2,170683981,UBR3,Island,-0.0133144076268898,0.00211441829530864,-0.433107484802397,0.665169741902966,0.747798543799131,0.965535839740509
cg00447208,chr17,76126301,TMC8,N_Shore,0.00763137995174584,0.00199184727055274,0.33854272287111,0.73513157234103,0.74785834963304,0.965535839740509
cg01951637,chr16,89007466,CBFA2T3,Island,0.0218021309288038,-0.00291043942227318,0.338140299464878,0.735434567649632,0.748112448526238,0.965555688356515
cg02197677,chr6,30539092,ABCF1,Island,0.0132764270149241,0.000247612076241494,0.337983986819762,0.735552270752001,0.748211155111135,0.965571757677512
cg23194880,chr10,94816756,EXOC6,N_Shelf,0.013507135323652,-0.0158119745823614,0.33760862892109,0.735834939929634,0.748448198828271,0.965613149379949
cg26488837,chr10,43633467,CSGALNACT2,Island,-0.0109650377107645,0.00321673314091153,-0.431950017154487,0.666010095160298,0.748529449347826,0.965644985421255
cg08434594,chr19,14640333,TECR,Island,-0.0141103097115869,0.000883009132362049,-0.431731825580747,0.666168555427878,0.748667256016616,0.965672476990559
cg02286665,chr21,45552320,C21orf33,N_Shore,-0.0131767627844044,-0.00960950680871442,-0.431562563470389,0.666291491281219,0.748774165067678,0.96570799233688
cg04113154,chr4,875278,GAK,N_Shore,-0.0107648417958719,-0.00239186819881643,-0.431167525390335,0.666578444269163,0.749023697143671,0.965770226853541
cg27349264,chr19,16643399,CHERP,Island,-0.0103608729366886,-0.00241877025707393,-0.431056432157894,0.666659150466786,0.749093875683558,0.965785684095183
cg02746514,chr7,4793947,FOXK1,N_Shore,-0.00736301731465008,-0.00257928703262889,-0.431024352223462,0.666682456383193,0.749114141237675,0.965785684095183
cg13052625,chr3,47865946,DHX30,N_Shore,-0.00844293003496637,0.00534696362849341,-0.43089927317945,0.6667733287844,0.749193157895825,0.965794522695612
cg19080320,chr7,4743346,FOXK1,OpenSea,-0.0113280966772685,-0.00687007822762709,-0.43032154910519,0.667193120426785,0.74955815986819,0.965865964843246
cg15551781,chr10,321830,DIP2C,OpenSea,-0.026632799530625,-0.00308444237815497,-0.430134673958546,0.667328931906656,0.749676238271508,0.965887329979134
cg00861847,chr7,69735590,AUTS2,OpenSea,-0.0102309908229156,-0.00310345575904791,-0.429534148197412,0.667765437938821,0.750055724492619,0.965955191638839
cg00119896,chr7,3083721,CARD11,OpenSea,-0.00932135124433903,0.0102147507491482,-0.429180541389233,0.668022518013145,0.75027920517992,0.9659961858537
cg13231951,chr20,57465775,GNAS,Island,-0.0175485081145082,0.0011744184296219,-0.429137328994144,0.668053937074211,0.750306516995878,0.9659961858537
cg23199517,chr3,71292739,FOXP1,OpenSea,0.0124494069261617,-0.0163960264144559,0.33443275614786,0.738228014383747,0.750454756128042,0.966036396988207
cg16732769,chr16,89973661,TCF25,N_Shelf,0.00518981234771304,0.0023229672667674,0.333381871597723,0.739020436132732,0.751119091167529,0.966131204038527
cg15986164,chr4,901785,GAK,S_Shore,-0.0142770624152861,-0.011807397767568,-0.427151985480662,0.669498078316145,0.751561663783256,0.966221014140008
cg19765175,chr10,697840,DIP2C,OpenSea,-0.00952932453044144,0.0401856782460774,-0.427111751745843,0.669527357090751,0.751587106614262,0.966221014140008
cg07978591,chr16,3613141,NLRC3,Island,0.0183346026757389,-0.00370336842215058,0.332446008094463,0.739726360303329,0.75171086900072,0.966221014140008
cg16747717,chr16,78540054,WWOX,OpenSea,0.00740591845837151,0.0068318061471434,0.331950042833918,0.740100557419446,0.752024543664525,0.966221014140008
cg20452738,chr1,226828650,ITPKB,N_Shore,-0.0106573767152569,0.00457090337220711,-0.426273177794445,0.670137716352122,0.752117461719872,0.966221014140008
cg17625032,chr16,57054740,NLRC5,OpenSea,-0.0082755887928663,-0.000960298112476665,-0.426115681651718,0.670252374924028,0.752217083034493,0.966221014140008
cg24137332,chr4,83957095,COPS4,OpenSea,-0.0202035452698964,-0.00250670371523976,-0.42543699362372,0.670746553933494,0.752646421977815,0.966330210793113
cg13859346,chr10,384506,DIP2C,N_Shelf,-0.0122828404466171,-0.0042717015296575,-0.425294290933118,0.67085047948442,0.752736705629853,0.966355061148541
cg08292104,chr14,69361049,ACTN1,OpenSea,0.00861788216995972,-0.00194708320013126,0.33026056629558,0.741375700857705,0.753093365138713,0.966382620571142
cg23485716,chr10,390268,DIP2C,N_Shore,0.00891605437457236,-0.00575015027631287,0.329469077285564,0.741973327898465,0.753594251513654,0.966442220662177
cg16101346,chr1,186650479,PTGS2,S_Shore,0.0110341776101167,-0.0167291149523707,0.329267969517069,0.742125202590659,0.753721537204577,0.966456849290513
cg24640415,chr6,29574953,GABBR1,OpenSea,-0.010784129096893,0.00302406508101172,-0.423545814350968,0.672124348557151,0.753843187832384,0.966498391346556
cg04653025,chr16,924528,LMF1,Island,-0.008819396588308,-0.000922179279577051,-0.423154401441468,0.672409645772342,0.754090953609479,0.966547630821872
cg12333398,chr5,139028154,CXXC5,Island,-0.0200078011378781,-0.000585385271032114,-0.422942986469589,0.672563763870005,0.754224790576939,0.966563600398488
cg13538990,chr9,35073790,VCP,S_Shore,-0.0120937644473446,0.0105490737510162,-0.422663084342166,0.672767829240722,0.754401994926871,0.966598499373714
cg14248360,chr12,132551398,EP400,OpenSea,0.00790496741617264,-0.00205654631317798,0.326854522033617,0.743948600129387,0.75524958427824,0.966774674658535
cg17327665,chr6,30552052,ABCF1,OpenSea,-0.00774930804894154,-0.00202533012973471,-0.420995103912591,0.673984387803582,0.755458251104158,0.96681850034525
cg24207161,chr6,155464712,TIAM2,OpenSea,0.0184688249251421,0.00644311962030023,0.326496268633238,0.744219389364632,0.755476490194832,0.966819787193468
cg02089672,chr11,117103880,PCSK7,Island,-0.0114028701234843,0.000782068794428548,-0.420941697114652,0.674023354760412,0.755492078767347,0.966825035393668
cg19183325,chr12,133066486,FBRSL1,N_Shore,-0.0246593214459644,0.00711834368969664,-0.419468325989242,0.67509870961036,0.756425491103664,0.966990935132796
cg24256946,chr19,796991,PTBP1,Island,0.00607104460851327,0.00483611509964041,0.324954383640425,0.745385199732016,0.756453309976448,0.966998074683293
cg26725274,chr18,29265487,B4GALT6,Island,0.0315444402468291,0.0014844409075401,0.324720416093881,0.745562152477624,0.7566015678813,0.967027783118886
cg05444556,chr16,89030042,CBFA2T3,N_Shelf,0.00740514447870561,0.00108384918874305,0.323599468614728,0.746410126632299,0.75731200138106,0.967140369550001
cg22067839,chr3,47889960,DHX30,N_Shore,0.00569361056923221,-0.00203885133401527,0.323435652909509,0.74653407575406,0.757415841601313,0.967149067026
cg02911077,chr17,76128621,TMC8,S_Shore,-0.00803259284201376,0.00437781425346492,-0.417371277660396,0.676630409968574,0.757754629194107,0.967227091193344
cg03670228,chr7,2419316,EIF3B,N_Shore,-0.00915318437488579,-0.00865406536481117,-0.416913116413259,0.676965233579151,0.758045113602899,0.967271345637621
cg16729899,chr7,2414985,EIF3B,OpenSea,0.0102096628359652,-0.00436203113446509,0.3222705566031,0.747415821132135,0.758154504180243,0.967307744919016
cg18775606,chr3,47890260,DHX30,N_Shore,0.00671699299108995,0.00216627125673596,0.32198214685937,0.74763414103481,0.758337387983545,0.967358722858043
cg07154904,chr12,133143645,FBRSL1,N_Shelf,0.0118449291100088,0.00373394459386178,0.321843775434684,0.747738892407711,0.758425135632905,0.967367913743425
cg19423014,chr18,59560091,RNF152,N_Shore,0.0104645219016398,0.00208256489544686,0.321158264836818,0.748257913682989,0.758859895131142,0.967435472627378
cg02546607,chr16,78420476,WWOX,OpenSea,-0.013920073485327,-0.0092485998283035,-0.41561901784067,0.677911305039183,0.75886578525672,0.967435472627378
cg25876608,chr1,25558953,SYF2,Island,0.0161162239705864,0.00410258535573838,0.320888048867704,0.748462534034601,0.75903129047658,0.967461011006141
cg08784934,chr10,664994,DIP2C,OpenSea,0.0112987985968493,0.0177189573648986,0.319158239615623,0.749772848388104,0.760128771698322,0.967742811741315
cg03955568,chr4,1206150,CTBP1,Island,-0.0108226189575608,-0.00626234367766509,-0.413535448368968,0.67943560293196,0.760187682031532,0.967768384959822
cg22695379,chr5,137593551,GFRA3,Island,-0.0119528475312756,0.00194468012910265,-0.41320503968558,0.679677444432307,0.760397370498313,0.967824441198335
cg01085995,chr3,47866817,DHX30,Island,-0.0124672166842064,0.00246350529589622,-0.412829766875619,0.679952164207391,0.760635552603685,0.967881099814291
cg22623303,chr19,6415017,KHSRP,Island,0.00864932225121726,-0.0005345058480698,0.318154371811541,0.750533601660214,0.760765899458218,0.967910262698721
cg20196129,chr10,31609347,ZEB1,Island,0.0101326002986215,0.00615952537227364,0.318148618868579,0.750537962070445,0.7607695511637,0.967910262698721
cg05927159,chr4,10118984,WDR1,S_Shore,0.00767227828085492,0.00277557722060257,0.317701572502433,0.750876822758676,0.761053332075986,0.967967886878141
cg23084441,chr1,67453650,MIER1,OpenSea,-0.0179170276314412,-0.0196104977689645,-0.411837525915683,0.680678743070534,0.761265427824859,0.968007727807332
cg02867162,chr16,1020843,LMF1,Island,0.00876538536657276,0.0032549670509503,0.3172787371297,0.751197375930543,0.761321773658053,0.968017195299995
cg00782772,chr16,87754076,KLHDC4,Island,-0.022997868204299,-0.00859236877309166,-0.411460546030703,0.680954868590769,0.761504776410226,0.968059047739836
cg19936016,chr4,1206045,CTBP1,Island,0.010018756017202,0.00161785747692456,0.316614232689976,0.751701226457492,0.76174369948886,0.968109812437682
cg06672008,chr16,87769500,KLHDC4,OpenSea,-0.0148272158825938,-0.0213515351507397,-0.410322596632706,0.681788639763685,0.7622274110544,0.968180860993127
cg26812486,chr16,928778,LMF1,S_Shore,0.0195069072664075,0.0175061120744864,0.315549475395283,0.752508784157261,0.762419912756118,0.968222946225931
cg16248933,chr3,122003561,CASR,OpenSea,-0.0139122037706483,-0.00247891933784372,-0.409999076819399,0.682025752771029,0.762432894472022,0.968222946225931
cg02930996,chr18,29265842,B4GALT6,S_Shore,-0.0108064584380442,-0.00331890026279037,-0.409275289368497,0.682556342636939,0.762892668262894,0.968338616597088
cg26811638,chr20,57427493,GNAS,N_Shore,0.0125196208897747,-0.000891828835982933,0.314632131098493,0.753204755638991,0.763002651462685,0.9683450906469
cg06197191,chr17,48226759,PPP1R9B,Island,-0.00840248938009056,0.00425501478172043,-0.408754628439626,0.682938123131128,0.763223461099372,0.96835751939849
cg15900980,chr3,49395991,GPX1,S_Shore,0.00676440995994969,0.00384823997662186,0.31406724262989,0.753633425866327,0.763361561091675,0.968360085430546
cg09141835,chr16,88988174,CBFA2T3,OpenSea,-0.0115752931434523,-0.0307919309309263,-0.407495209000457,0.683861943165109,0.764023789940383,0.968411458445945
cg02467073,chr17,1732572,RPA1,N_Shore,-0.0187915301017794,0.0123974636952565,-0.407068271102496,0.684175222190476,0.764295155329365,0.968452189487878
cg08464675,chr16,88956109,CBFA2T3,Island,-0.00832353341138293,-0.00394552035403906,-0.406828604409669,0.68435110903176,0.764447502223297,0.968518428103446
cg20187308,chr10,347459,DIP2C,S_Shore,-0.0109882179838,-0.00258310022549968,-0.40643081696434,0.684643075625167,0.764700380516138,0.968604651126632
cg23170186,chr6,42951711,PPP2R5D,OpenSea,0.00649510419583831,-0.0168708798381451,0.31085709033794,0.756070919971849,0.765402139094913,0.968799985098827
cg11412876,chr6,112194702,FYN,Island,-0.00922418279321858,0.00809370351507849,-0.404583767521055,0.68599938547914,0.765874900526117,0.968845287080251
cg18695931,chr4,887295,GAK,Island,-0.0103040088057441,0.0137378094116153,-0.404354613927374,0.686167726550022,0.766020654567384,0.968845287080251
cg02859026,chr16,511188,RAB11FIP3,OpenSea,0.00852252203176542,-0.00286512397024918,0.309882090928509,0.75681172870628,0.766022234263522,0.968845287080251
cg11671075,chr10,604461,DIP2C,OpenSea,0.00968185235979406,-0.00574077469669898,0.309551213757324,0.757063181622032,0.766232704726899,0.968847146022056
cg09765463,chr1,65393430,JAK1,OpenSea,-0.0101008251713038,0.0115582343213796,-0.40371201283704,0.686639878241529,0.766429427672748,0.968881016376104
cg22821355,chr4,10117479,WDR1,N_Shore,0.0127895702942709,0.0241452869351451,0.308927153178457,0.757537511995766,0.76662971565499,0.968972573260151
cg20346826,chr7,2977037,CARD11,OpenSea,-0.00955694380416019,-0.00347483717962294,-0.402855921201271,0.687269082974274,0.766974107948877,0.96904495558714
cg24980458,chr3,71632677,FOXP1,Island,-0.00942334199234318,0.00543586456877401,-0.402520886454472,0.687515383895805,0.767187302030971,0.969089604283423
cg23667572,chr19,11170597,SMARCA4,Island,0.00967415148448062,0.000888421495010561,0.307635019267006,0.758519916745291,0.767451931946227,0.969142779634526
cg16356456,chr7,73720870,CLIP2,Island,-0.0101398826162363,-0.00137831738743327,-0.401173509544499,0.688506244426121,0.768044861879497,0.969186121190664
cg21389456,chr10,675937,DIP2C,N_Shelf,-0.0152043088409101,-0.0124841977060796,-0.401124627863024,0.68854220209918,0.768075978761897,0.969186121190664
cg04068578,chr3,98482769,ST3GAL6,OpenSea,0.00897578523598929,-0.00402440129032911,0.306637807959566,0.759278360622379,0.768086660853925,0.969191293110015
cg06988995,chr10,43633847,CSGALNACT2,Island,-0.00808569814758217,0.00233692202220037,-0.400632334609699,0.68890437549618,0.768389381431101,0.96928091273947
cg19038462,chr10,31715394,ZEB1,OpenSea,0.0151014430896966,-0.00778159843660942,0.306119544899655,0.759672625144025,0.768416598776623,0.96928091273947
cg24058407,chr20,57428282,GNAS,N_Shore,-0.0129234628288277,0.00392580871177695,-0.400564430624134,0.688954337147231,0.768432613292466,0.96928091273947
cg01404893,chr16,89043547,CBFA2T3,OpenSea,-0.00863400557444515,-0.0601082803270641,-0.400475199873921,0.689019992442197,0.76848942418138,0.969295787854676
cg27551423,chr16,70323134,AARS,Island,0.00704828196754787,0.00477310362870108,0.304781398847599,0.76069089885819,0.769268686544757,0.969351085207943
cg26218692,chr12,122497826,BCL7A,OpenSea,0.00799188273197771,0.00558916099743545,0.304176288280809,0.761151499728464,0.769654092804089,0.969391647498197
cg13816423,chr6,41513166,FOXP4,N_Shore,0.00727734384563773,-0.000353790786509323,0.304152956292772,0.761169261381886,0.76966895452456,0.969391647498197
cg06709201,chr12,133149635,FBRSL1,S_Shore,-0.00888015040753608,0.000287791972754969,-0.398019362598674,0.690827899783446,0.770053478695602,0.969416352012266
cg04757093,chr1,25229192,RUNX3,S_Shore,0.00573118749140417,0.0273356360616119,0.303247084927138,0.761858960434491,0.770246030596143,0.969456261450499
cg00498059,chr16,1021048,LMF1,Island,-0.00995357474355151,0.00198899093645122,-0.397564898757959,0.691162655793629,0.770343016882451,0.969476353475072
cg02184246,chr11,18656167,SPTY2D1,Island,-0.00840706412242137,0.00494945296300915,-0.397564574279981,0.691162894824302,0.770343223618293,0.969476353475072
cg26548834,chr7,4752951,FOXK1,OpenSea,-0.00983622747787183,-0.0833673130064456,-0.39710447371412,0.691501864612551,0.770636385585632,0.969558960702723
cg03228760,chr20,60754003,SS18L1,N_Shelf,-0.00570127804355383,-0.00784499648192005,-0.397088133941592,0.691513903751186,0.770646797390272,0.969558960702723
cg14143331,chr12,132474675,EP400,OpenSea,0.016643639963361,-0.0115435690716366,0.302524684178695,0.762409107460225,0.770706319795535,0.96956460791527
cg21858291,chr2,237994312,COPS8,Island,0.00813523797961383,0.00725596654996995,0.302517871779242,0.762414296042848,0.770710660809517,0.96956460791527
cg27061485,chr16,88989387,CBFA2T3,OpenSea,0.00623483950756801,-0.0328650794741718,0.302500139978039,0.762427801307559,0.770721959945293,0.96956460791527
cg15001636,chr19,11144178,SMARCA4,Island,-0.012351335207845,0.0292155714446563,-0.3969092560505,0.691645706036768,0.770760782196926,0.96956460791527
cg02923106,chr10,435744,DIP2C,OpenSea,-0.0107832025739239,-0.00678570612277363,-0.396799297358549,0.691726731362972,0.770830852677389,0.969567485651379
cg07485754,chr7,116511339,CAPZA2,OpenSea,-0.0112925547167432,0.00802971291746357,-0.396741042402967,0.691769659162157,0.770867976037014,0.969567485651379
cg20171453,chr4,40198129,RHOH,OpenSea,0.00621415702031278,0.0384281123080277,0.302261898553248,0.762609262756089,0.770873777903716,0.969567485651379
cg05712295,chr4,1235781,CTBP1,S_Shore,0.00643205128159511,-5.62953917673248e-05,0.301684657307515,0.763048984637165,0.771241657909606,0.969631567535503
cg26787204,chr4,1215343,CTBP1,N_Shelf,0.00801029740579065,0.00275822407778892,0.30132958590621,0.763319503557225,0.771467973036504,0.969667063199575
cg25975192,chr4,897587,GAK,N_Shore,0.00578559015986835,0.00524058827074792,0.300487502911039,0.763961178850787,0.772004776953851,0.969706282704877
cg04665838,chr7,148936646,ZNF212,Island,0.0126476369225654,0.00524932415024202,0.300371382538778,0.764049676463208,0.772078808951987,0.969706282704877
cg03889450,chr4,10082415,WDR1,S_Shelf,0.00670059056067296,-0.00295249972553491,0.29964068287809,0.76460662794333,0.772544710674084,0.969828898008359
cg06004166,chr12,133102136,FBRSL1,N_Shore,-0.00703223227029492,0.00608860642300946,-0.394071737054672,0.693737722112192,0.772569570416888,0.969830054050019
cg18977283,chr6,29579492,GABBR1,OpenSea,0.0104082224832468,-0.00285887920796524,0.298956679341907,0.765128097628848,0.772980912774388,0.969887816341107
cg26427109,chr11,60739019,CD6,OpenSea,0.0323187886619747,0.0106320000170291,0.298201615220343,0.765703866498542,0.773462514853069,0.969977925795893
cg27143246,chr3,169489583,MYNN,N_Shore,0.0171924574602033,0.0205514152036495,0.297435847343766,0.766287930166962,0.773951033195141,0.970048254569457
cg13729116,chr4,1859262,LETM1,S_Shore,0.00546936765129024,0.00316953590648261,0.297306780175753,0.766386384944589,0.774033379865571,0.97004952593133
cg23062810,chr7,73720808,CLIP2,Island,-0.013421682169853,-0.00837033892845278,-0.391769127991121,0.695437090036876,0.774038287337343,0.97004952593133
cg07736927,chr7,56171097,CHCHD2,N_Shelf,-0.0111677773806948,-0.00454956450885513,-0.391094122258913,0.695935548358597,0.77446899269333,0.970098953146925
cg00181849,chr16,920856,LMF1,S_Shore,-0.0173872032316453,0.00882962301388823,-0.391011698360364,0.695996423367004,0.774521590212019,0.970108705575403
cg15769256,chr15,75746558,SIN3A,Island,0.00840075091632787,0.00584713935198632,0.296531043956423,0.766978210328991,0.774528364033397,0.970111298505644
cg07307335,chr8,12602187,LONRF1,OpenSea,0.0130734932003934,-0.0232903771832063,0.296020993024407,0.767367413231814,0.774853868871371,0.970142700027937
cg26229092,chr10,31816809,ZEB1,OpenSea,-0.0156613967197084,-0.0227557424786753,-0.39008913223583,0.696677928039913,0.775110381886152,0.970236338006532
cg08830105,chr16,524414,RAB11FIP3,OpenSea,0.0103292871099361,-0.00829344168351998,0.295246823463322,0.767958268797305,0.775348004812999,0.970287573972646
cg19145886,chr12,132561971,EP400,OpenSea,0.0117523573526936,0.0100878238047561,0.294817140447763,0.76828626650834,0.775622301603905,0.970350984208766
cg00094412,chr6,29592854,GABBR1,N_Shelf,0.00710069941675135,-0.0147758452134575,0.294638776408504,0.768422432593187,0.775736172098173,0.970350984208766
cg02025938,chr2,136288971,R3HDM1,Island,-0.0113995643788008,0.00889069630549638,-0.388672802453353,0.697724656856797,0.776014550439272,0.970421371929662
cg08333804,chr2,136289651,R3HDM1,Island,-0.0087263315893458,0.00388112690163449,-0.388524508150108,0.69783428617975,0.776109237389077,0.970442493927584
cg07828340,chr4,882639,GAK,S_Shelf,-0.00921843157939956,-0.000481204900647958,-0.388450678164978,0.697888868730336,0.776156379591796,0.970442493927584
cg08659212,chr10,72200124,NODAL,Island,-0.0212405764313922,0.00104292352426953,-0.387979066874237,0.698237568234417,0.776457534076972,0.97047252831006
cg02675896,chr5,102594347,C5orf30,N_Shore,0.0101918566857645,0.00241908044886682,0.293480263378207,0.769307035189651,0.77647590285879,0.97047252831006
cg05724492,chr16,979662,LMF1,Island,-0.0412108410054447,-0.010693231717648,-0.387173641754051,0.698833230505768,0.776971928086727,0.970529557876918
cg10007692,chr19,14640546,TECR,Island,-0.0107097849090548,0.00554357813553148,-0.386502256609899,0.699329904119112,0.777400790677361,0.970543192024945
cg19026125,chr10,461847,DIP2C,S_Shore,0.0103612072660901,-0.00881440353222418,0.291930690435285,0.770490709472317,0.777465649078266,0.970551802480004
cg17136810,chr7,38217921,STARD3NL,Island,0.0143111965244927,0.00169795387075637,0.29157670068679,0.770761187493162,0.777691800838189,0.970604679335202
cg14871225,chr5,139040820,CXXC5,Island,0.00607477076916535,-0.0585642902135644,0.290203826984122,0.771810443205554,0.778569060187468,0.970776524957395
cg11070881,chr14,91740068,CCDC88C,S_Shore,-0.00868502833578459,-0.0047295349353732,-0.384086540176229,0.70111805673508,0.778944444975687,0.970839952301341
cg02608231,chr3,47844363,DHX30,Island,-0.0149189285409328,0.00280180741342338,-0.38407132634206,0.701129323543064,0.778954169458817,0.970839952301341
cg26972614,chr11,71710885,IL18BP,OpenSea,0.00576150023363777,0.010500927419094,0.289176753941669,0.772595685581367,0.779225539278259,0.970889872315927
cg24996883,chr1,226821857,ITPKB,OpenSea,0.00535633619253812,0.000637398767403666,0.289116167186392,0.772642014122178,0.779264269723079,0.970889872315927
cg19263877,chr19,14676764,TECR,S_Shore,0.00890611535621748,0.00281664274368332,0.288303758681009,0.773263312578749,0.779783659615573,0.970934592154792
cg14415844,chr14,91884659,CCDC88C,Island,0.00573328822115885,0.00193418373941576,0.287892297460221,0.773578037804128,0.780046752974603,0.970934592154792
cg16645423,chr16,28328386,SBK1,N_Shelf,0.00784696202192006,0.0241200936273063,0.287732999886996,0.773699893988607,0.780148616565819,0.970934592154792
cg03680680,chr10,667094,DIP2C,N_Shore,0.0159199823000702,-0.0258665410287845,0.287605247216472,0.773797623646802,0.780230311346138,0.970938002569723
cg04242667,chr1,226925751,ITPKB,Island,-0.00985523191597049,0.00289309003872673,-0.381770932494578,0.702833668795497,0.780424948362568,0.970993431817454
cg06618957,chr4,52883909,LRRC66,OpenSea,0.0116272335034893,-0.0178911069884504,0.28725073571337,0.774068840644427,0.780457025689148,0.970994992149846
cg24284571,chr10,682693,DIP2C,N_Shelf,-0.0136402893990478,-0.00591989864868761,-0.381605699461297,0.702956146618479,0.780530622010458,0.971008499801525
cg10418217,chr11,776838,PDDC1,Island,0.00859468371576472,0.00234131233180029,0.286464661548361,0.774670320889757,0.780959796073884,0.971096029559075
cg23789604,chr4,52883367,LRRC66,OpenSea,-0.0132489358912474,-0.0142479412361027,-0.380633661540111,0.703676819478243,0.78115236418004,0.971103633269779
cg13507563,chr11,17952483,SERGEF,OpenSea,-0.0132307741199236,-0.0242306799634566,-0.380289846523208,0.703931789341063,0.781372311232735,0.971127206220757
cg21193440,chr19,796828,PTBP1,Island,0.013813774094736,0.00418739205800579,0.285460781401094,0.77543865706667,0.781602007567661,0.97116478446796
cg19902173,chr10,529521,DIP2C,N_Shore,-0.0106013181982734,0.00440320059444499,-0.379608984705927,0.704436808392105,0.781807927134947,0.971195996674482
cg20842677,chr6,32974643,HLA-DOA,N_Shore,-0.0123076178332268,-0.0126931268080179,-0.378195061774369,0.705485982240021,0.782712774632334,0.971310952847451
cg06965122,chr4,174089515,GALNT7,N_Shore,0.0144143925962585,0.00841398491648056,0.283442115604163,0.776984343557931,0.782893857614091,0.971332085151183
cg05350939,chr16,951736,LMF1,S_Shore,0.00590986338831497,0.00409271677781631,0.283120859029256,0.777230410710263,0.783099501863325,0.971361406417535
cg06439603,chr10,531465,DIP2C,S_Shore,0.0134608673132028,0.01901843422331,0.282924323505087,0.777380958571761,0.7832253165675,0.971405974229838
cg25799348,chr7,4729417,FOXK1,OpenSea,-0.0140833901346922,-0.00525244369866462,-0.376078583561745,0.70705752389885,0.784067775292861,0.971523928260994
cg23476025,chr12,125317455,SCARB1,OpenSea,-0.0121448157334947,-0.0119686941717692,-0.375995269396292,0.707119412588329,0.78412112767889,0.971535780963957
cg08038982,chr12,133103113,FBRSL1,S_Shore,0.00478590234501909,0.00449027994570883,0.281150433053568,0.778740152538274,0.78436115111323,0.971573541230277
cg04126852,chr1,167189787,POU2F1,Island,-0.00909383870310398,0.00432180561421872,-0.375601454931221,0.707411978101205,0.784373330712803,0.971573541230277
cg26675182,chr7,2405750,EIF3B,OpenSea,0.0125517314192916,-0.00165364226722264,0.280415593330446,0.779303402232596,0.784831808900418,0.971657588262772
cg18159840,chr3,121902573,CASR,N_Shore,0.00899332230462092,-0.0237685083878077,0.280307682153591,0.779386125225856,0.784900931603559,0.97165992296463
cg08605347,chr10,533359,DIP2C,S_Shelf,-0.00910730307107492,0.00147786052989785,-0.374324465904006,0.708360953804612,0.785191283919154,0.971672101941762
cg14582057,chr7,4765312,FOXK1,S_Shore,-0.0073790041517099,-0.0431808042303812,-0.374158183271723,0.708484557796444,0.785297810857191,0.971711635779849
cg15559979,chr3,49049574,WDR6,S_Shelf,0.00523856128428698,0.00054519839231526,0.279429683895078,0.78005927787706,0.78546339801495,0.971782058283647
cg18442524,chr5,137610372,GFRA3,S_Shore,0.00735261630445137,-0.000473283655844606,0.279228850371042,0.780213278252012,0.785592072465078,0.971782058283647
cg26484464,chr6,30537886,ABCF1,N_Shore,-0.00676060973284437,0.00361178088263237,-0.372494255447798,0.709721840429371,0.786364007031628,0.971995476696167
cg04001770,chr16,905644,LMF1,N_Shore,-0.00880228651673746,0.000604565461405526,-0.37227082079003,0.709888043158806,0.78650720797227,0.97204931314788
cg15737554,chr6,32974897,HLA-DOA,N_Shore,-0.00932021820501439,-0.00459535454625748,-0.37180901712614,0.710231601492337,0.786803204271253,0.972127335297307
cg15584954,chr10,412325,DIP2C,N_Shore,0.00855639291654941,-0.00450903854343032,0.277320871519433,0.781676759052782,0.786814810146976,0.972128658119977
cg01762738,chr12,120967237,COQ5,S_Shore,0.00985005372814089,0.00246852601153789,0.277035802924071,0.78189548256445,0.786997542990307,0.972172684760498
cg21182322,chr1,167189623,POU2F1,Island,0.00681075679182431,0.00385442442265792,0.276092566785674,0.782619319150131,0.787602253733619,0.972298880187645
cg08936549,chr16,560666,RAB11FIP3,N_Shore,0.00495398635450182,0.0199763291048477,0.275711160902985,0.78291206256719,0.787846810258841,0.972340308196538
cg06275130,chr4,864840,GAK,N_Shore,-0.00908558684091895,-0.00296345942421583,-0.368623191161777,0.712603300643371,0.788846018983882,0.972511186760677
cg06279296,chr10,601816,DIP2C,OpenSea,0.020825785213345,-0.0147825982656094,0.273993327227009,0.784230946672742,0.788948539972006,0.972537740381295
cg20164558,chr6,42952124,PPP2R5D,OpenSea,0.008803214146886,0.00886319545184093,0.273522124232353,0.784592826437764,0.789250819094483,0.972599640243688
cg03074214,chr10,94596568,EXOC6,OpenSea,-0.0135971141757081,-0.0165555587938502,-0.367736287234357,0.713264057214325,0.789414978454548,0.972599640243688
cg11123847,chr14,58702245,ACTR10,OpenSea,-0.0149827696163481,-0.0107877911330446,-0.367469774370379,0.713462655475385,0.789585971600998,0.972599640243688
cg06883551,chr11,18655919,SPTY2D1,Island,-0.013489632130517,0.00178098976606245,-0.367264862942481,0.71361536324897,0.789717448505809,0.972599640243688
cg04134173,chr14,91739219,CCDC88C,S_Shore,-0.00889984298568082,-0.00462362996502086,-0.36718332251314,0.71367613347561,0.78976976879189,0.972599640243688
cg13898430,chr1,25292274,RUNX3,OpenSea,-0.00653115145374266,0.0308471643686973,-0.367037770692176,0.71378461446816,0.789863164240821,0.972599640243688
cg23029491,chr9,34048775,UBAP2,Island,-0.00866797381303075,0.00382513531053071,-0.366995577470004,0.71381606251637,0.78989023870169,0.972599640243688
cg12530103,chr10,432066,DIP2C,OpenSea,-0.010654935128606,0.00472293346319375,-0.366913236230486,0.713877435657295,0.78994307599102,0.972599640243688
cg09010998,chr10,31608207,ZEB1,Island,-0.0094396099925316,0.00631407533203719,-0.366131812310487,0.714459963351137,0.790444553471183,0.972674279284872
cg20137441,chr12,133130026,FBRSL1,N_Shore,0.0055950363484977,-0.000641049080935097,0.271654849823691,0.786027335790482,0.790448996686048,0.972674279284872
cg21498503,chr4,895763,GAK,S_Shore,-0.00750421565333901,0.0207762870312622,-0.365993452417128,0.714563123846931,0.790533354747541,0.972674279284872
cg03684893,chr10,554711,DIP2C,OpenSea,0.0184943192912795,0.00175990755707434,0.271048142230487,0.786493588283026,0.790838410709807,0.9727216101198
cg27463736,chr13,108870668,LIG4,Island,-0.013224470667483,0.00445289151166851,-0.364886959101479,0.715388308343979,0.791243615072248,0.972793091835219
cg09893431,chr10,365919,DIP2C,N_Shore,0.0088004000458769,-0.00780341461035639,0.270181073096958,0.787160061003942,0.79139502787149,0.97281308466644
cg26986958,chr10,686354,DIP2C,S_Shore,-0.0137006644233164,-0.00516965650319212,-0.364547353004331,0.715641641859748,0.791461643717654,0.97281308466644
cg12371263,chr12,132522852,EP400,S_Shore,0.0144654498819418,-0.00202095329281038,0.269168823137539,0.787938324953252,0.792044978795466,0.972903685399826
cg27130240,chr16,88943533,CBFA2T3,Island,0.00927439614554656,0.00249762331422054,0.269048261299616,0.788031032575553,0.792122399434404,0.972922323349021
cg17837789,chr17,80379902,HEXDC,S_Shelf,-0.00899636979754142,-0.00446225781422305,-0.362302515117313,0.717316996829438,0.792903249348125,0.973097018488711
cg15391834,chr20,57466129,GNAS,Island,0.0243059576430941,0.00356800988645624,0.267720762324853,0.789052029534678,0.792975008716559,0.973120144513629
cg27233847,chr10,698258,DIP2C,OpenSea,0.00836763503382862,-0.00676414760957944,0.26682873455502,0.789738304297641,0.793548068179234,0.973171965832001
cg10713232,chr17,37051959,LASP1,OpenSea,-0.0122585379882053,-0.0272943497597432,-0.361250928478693,0.718102281448939,0.79357880843562,0.973189410991178
cg00676925,chr16,540266,RAB11FIP3,OpenSea,0.0090821482494909,-0.00378034170944208,0.266708154626288,0.789831084120689,0.79362554010058,0.973208813367759
cg18915099,chr17,80391622,HEXDC,N_Shore,-0.00985746892691029,0.00438533446899148,-0.361036995526879,0.718262075011219,0.793716261977848,0.973229121428166
cg15697355,chr19,6414982,KHSRP,Island,0.00712237579057885,0.00173899883909201,0.266020735055355,0.790360073899369,0.794067242157559,0.973329065243659
cg06841499,chr11,67349641,GSTP1,N_Shore,0.00774150567414236,-0.0390963827478924,0.265594130190561,0.790688407790836,0.794341390715645,0.973366413484078
cg21809160,chr20,57428309,GNAS,Island,0.00604732870525046,0.000555058056492697,0.264212989534891,0.791751649970095,0.795229125537248,0.973609679687016
cg06376522,chr11,58347088,LPXN,Island,0.00928920537033635,0.00394905816697026,0.263829743339966,0.792046753040316,0.795475505928749,0.973635916237921
cg00466827,chr20,57465691,GNAS,Island,-0.0114331487141786,-0.000418230753813566,-0.358286209491743,0.720317827436688,0.7954842322926,0.973635916237921
cg06513979,chr10,617105,DIP2C,OpenSea,0.0131194092973139,0.00503498818891279,0.263554545321796,0.792258676479425,0.795652437150993,0.973658447656391
cg06863310,chr16,79034883,WWOX,OpenSea,-0.0100690462158176,-0.012102636462218,-0.357380841807381,0.720994883346374,0.796066355556635,0.973795654093617
cg15154411,chr6,29576987,GABBR1,OpenSea,0.00521414082131261,0.00851408807367948,0.262574290960128,0.793013672092137,0.796282750851646,0.973829241067704
cg12829360,chr16,89006335,CBFA2T3,Island,-0.00850262475287974,-0.0041789863715235,-0.356595565641701,0.721582309747315,0.796571355645311,0.973839166147234
cg25243385,chr19,11167475,SMARCA4,N_Shelf,0.00634435867315953,-5.51512234314711e-06,0.262122724641359,0.793361535757095,0.796573157415222,0.973839166147234
cg14701554,chr11,71751833,NUMA1,OpenSea,0.00882244424152834,-0.00143177884276762,0.261670752421197,0.793709753436728,0.79686385322678,0.97389928751017
cg01869960,chr2,136289456,R3HDM1,Island,0.00533069991161176,0.0034391436746599,0.261119144503211,0.794134790416034,0.797218670098431,0.973964120242278
cg06790825,chr12,77157634,ZDHHC17,Island,0.00641470290976656,0.00600412798020633,0.261038533833267,0.794196909452049,0.797270525704019,0.973971802218948
cg06697804,chr16,87761016,KLHDC4,OpenSea,0.00636608977539674,-0.0044304429371953,0.260646339854936,0.794499155026502,0.797522830828124,0.974018453789033
cg26810779,chr16,89006367,CBFA2T3,Island,0.0103021864715824,0.000433598362474169,0.260501051839287,0.794611129575624,0.797616302476063,0.974018453789033
cg09663836,chr12,133102331,FBRSL1,Island,-0.00970554442915892,-0.00161749162052183,-0.354921512396789,0.722835136470773,0.797648199946969,0.974018453789033
cg27418099,chr16,88941395,CBFA2T3,N_Shelf,-0.00926838277424173,-0.00600624353690993,-0.354790260536396,0.722933394227241,0.797732644765495,0.974020850724787
cg01831177,chr1,176867111,ASTN1,OpenSea,-0.010287564341131,0.00480931993775216,-0.354729819471475,0.722978643154215,0.797771532132299,0.974036833660356
cg09290120,chr2,157291759,GPD2,N_Shore,-0.0112381322799348,-0.0707559471975898,-0.354586212910956,0.72308615744847,0.79786392962137,0.974061780576427
cg20642018,chr7,73753953,CLIP2,S_Shore,0.0107428051164706,-0.00618219631298711,0.260051763122897,0.794957426584767,0.797905372593489,0.974061780576427
cg14104369,chr20,57465535,GNAS,Island,0.00777956429754407,0.00940565143456919,0.260039719577603,0.794966709912985,0.797913121731975,0.974062449235909
cg08489512,chr3,71419727,FOXP1,OpenSea,-0.0144094027085041,-0.0217604123905614,-0.354212998199334,0.723365598723936,0.798104071878535,0.974101811383019
cg21676440,chr6,134493324,SGK1,N_Shelf,0.00731340545729584,-0.00400726436649623,0.258940603940859,0.795814045692499,0.798620405807526,0.974227298053116
cg13500195,chr1,226891357,ITPKB,Island,-0.0145001127319334,0.00283900511824468,-0.352436084553051,0.724696554581217,0.799247675517972,0.97434947278723
cg04720116,chr10,679221,DIP2C,Island,-0.0109124324694009,-0.00856552151446199,-0.351842616043285,0.725141264697395,0.799629721912848,0.974372644591743
cg09201001,chr11,18656081,SPTY2D1,Island,-0.0213865275489768,0.0050557208536335,-0.351260215790483,0.725577771402888,0.800004689724466,0.974380918628716
cg17184370,chr7,69304751,AUTS2,OpenSea,-0.00701545772157898,-0.000188209386969285,-0.350378688828026,0.726238642623483,0.800572332506726,0.97448044965728
cg12601576,chr4,906860,GAK,N_Shore,-0.0118316550712255,0.000161636929855491,-0.350236410776548,0.726345326126357,0.80066395967447,0.974497090046179
cg06047881,chr20,57465132,GNAS,Island,0.00593864243366128,-0.00675958981851016,0.255721791414588,0.798296896039881,0.800692669713845,0.97450896674666
cg14329026,chr20,35274941,SLA2,OpenSea,0.00503787903207895,0.00735802110952882,0.255673471526383,0.798334183548344,0.800723788672524,0.974518381906514
cg01906599,chr7,73790509,CLIP2,Island,-0.00713128748477374,0.000609348230579676,-0.350062352867019,0.726475846176402,0.800776056823873,0.974537732579403
cg17608529,chr10,436626,DIP2C,OpenSea,-0.0184863056368586,-0.00411323060281665,-0.349862988249048,0.726625352650872,0.80090445709494,0.974548793950117
cg13353733,chr11,773106,PDDC1,N_Shelf,0.0346116875745025,-0.00485663021325355,0.255244890225029,0.79866493151971,0.800999817300532,0.974562772137955
cg04198075,chr10,636331,DIP2C,OpenSea,-0.0116022561091702,0.0286115891607528,-0.349293226848261,0.727052682745978,0.801271440107368,0.974632340227123
cg17290508,chr10,577059,DIP2C,S_Shore,0.00939929753109512,-0.00735255417465053,0.254601975440048,0.799161154524025,0.801413934414268,0.974658902648497
cg15282973,chr12,125346253,SCARB1,N_Shore,-0.00878049234633372,-0.0197830405112862,-0.348939086837435,0.727318336339652,0.801499563605209,0.974710005804245
cg17833862,chr7,73790277,CLIP2,Island,0.00915831336182362,0.000811206055633007,0.254080413900508,0.799563772887121,0.801749925942832,0.974721514927623
cg02926769,chr16,88942358,CBFA2T3,N_Shore,-0.0136831878443158,-0.0305548294704857,-0.348358537654296,0.727753899038538,0.80187356786939,0.974741318375675
cg10726765,chr13,49683195,FNDC3A,OpenSea,0.0120628600519794,-0.019179431821376,0.253206737059975,0.80023832571566,0.802312833342282,0.974847891377611
cg09713834,chr7,116501558,CAPZA2,N_Shore,-0.0152823941079531,-0.0146851581337839,-0.347432196023467,0.728449078681591,0.802470434240302,0.974861229515181
cg23587176,chr7,4746837,FOXK1,OpenSea,0.00611663388583928,-0.0758091447634084,0.252455612191167,0.800818377603872,0.802796862907634,0.974964985884718
cg00090265,chr12,133140305,FBRSL1,Island,-0.0107916147043868,-0.00580323667122229,-0.346727118687479,0.728978359304945,0.802924811455391,0.974972724550977
cg20599496,chr10,394832,DIP2C,N_Shore,0.00571653557965982,-0.00483494085880099,0.252117912478741,0.801079200225281,0.803014503381688,0.974972724550977
cg17232393,chr4,926418,GAK,Island,-0.00889562006726117,0.00639739747551736,-0.346495206734272,0.729152477079001,0.803074278434924,0.974972724550977
cg25583651,chr6,29570040,GABBR1,OpenSea,-0.00717237592587754,-0.0220019435573932,-0.346464999545787,0.729175157444408,0.8030937474625,0.974972724550977
cg05930034,chr6,112041290,FYN,OpenSea,-0.00724178842111139,-0.00545082232057759,-0.345799584459016,0.729674829202387,0.803522649353885,0.975052006964476
cg21105787,chr10,73847257,SPOCK2,Island,-0.00805173077255928,0.00249672544511619,-0.345675008636598,0.729768388166211,0.803602952889318,0.975066906317497
cg19465605,chr14,91770229,CCDC88C,Island,-0.00918741364610831,-0.00508398919931441,-0.345618024368051,0.729811185851171,0.803639686536603,0.975074234459763
cg10412286,chr16,89977652,TCF25,Island,0.00999705556219708,-0.00210680244941774,0.25089735745437,0.802022082210116,0.803801253109978,0.975123644787794
cg01617425,chr3,47844262,DHX30,Island,-0.00958277645391914,0.00432769993989039,-0.344996870347002,0.7302777545287,0.804040127839149,0.975161739486811
cg18572653,chr10,72200922,NODAL,Island,0.00488026210076557,-0.00736105334834797,0.250339454004168,0.802453160574558,0.804160934767344,0.975161739486811
cg05011838,chr14,99738452,BCL11B,N_Shore,0.0162894894612216,0.00324047748143925,0.249906883200527,0.802787439009461,0.804439842717741,0.975187204210582
cg21282054,chr17,76127608,TMC8,Island,0.00609839399086176,0.00991536904375677,0.248813249947361,0.803632729157665,0.805145093744087,0.975277003725584
cg02825765,chr1,225614261,LBR,N_Shore,-0.00745701240073819,-0.00584470791931086,-0.342858205744373,0.73188493953466,0.805419260188471,0.975354174196696
cg11244758,chr20,57463900,GNAS,Island,-0.0060516872639371,0.00198859415597058,-0.342778343043881,0.73194497847769,0.805470771946369,0.975354174196696
cg02824029,chr6,29570008,GABBR1,OpenSea,0.00639877209186576,-0.0414342098007965,0.248277657752862,0.80404678282546,0.805490538838755,0.975354174196696
cg06241803,chr6,30538984,ABCF1,Island,0.00649209244933747,0.000483677622543477,0.24815395159289,0.804142424984224,0.805570331969831,0.975368874805908
cg24091162,chr17,62010456,CD79B,OpenSea,-0.0128077155117336,0.00308690316533089,-0.341926627754548,0.732585380850783,0.806020184148457,0.975463104704646
cg14141448,chr6,30538684,ABCF1,N_Shore,0.00542713540756599,-0.00540436033648231,0.247231061234118,0.804856041055849,0.806165679920666,0.975478842694113
cg09123158,chr20,57426264,GNAS,N_Shore,0.0095114558751455,0.00776592690034506,0.246654113874585,0.805302242990277,0.806537920368876,0.975515315349403
cg10701375,chr20,60740652,SS18L1,Island,0.00467945082359154,-0.00353049013050977,0.246145377996952,0.805695744059002,0.806866187842091,0.975546024678491
cg02555393,chr1,226829707,ITPKB,Island,-0.00741179302373585,-0.00936357542443234,-0.338914793988029,0.734851466884278,0.807963780675286,0.975727734858252
cg25714956,chr7,70096264,AUTS2,Island,0.0101304816418721,-0.00711748119761768,0.244423703742147,0.807027804209041,0.807977369340999,0.975727734858252
cg19784205,chr12,132473879,EP400,OpenSea,0.00936021286996765,-0.0097451479326155,0.244003945350944,0.807352656820175,0.808248343398321,0.975749309782372
cg14197892,chr12,133133902,FBRSL1,N_Shore,-0.00814666865309485,-0.00623188018961751,-0.338204948265294,0.735385889057446,0.808422031429832,0.975830474585135
cg08300197,chr16,961018,LMF1,N_Shore,0.00777375235383707,6.3297008232488e-05,0.243149600300723,0.808013940660163,0.808799934888895,0.975854875298424
cg22506214,chr19,56174114,U2AF2,N_Shelf,-0.00817225743390911,-0.00460793513961566,-0.33743566995776,0.735965201486364,0.808918723920324,0.975896438502949
cg25608555,chr11,17944560,SERGEF,OpenSea,-0.00911390838945584,-0.00408418033013291,-0.337056585090976,0.736250730450311,0.809163512316061,0.975944668239883
cg21855944,chr17,48228463,PPP1R9B,Island,-0.0116927107509749,0.00499235756844345,-0.337022057030257,0.736276739007364,0.809185809224324,0.975944668239883
cg07359518,chr12,132562495,EP400,OpenSea,-0.0110118463336811,-0.012314461543814,-0.336869535822652,0.736391630540405,0.809284303472022,0.975944668239883
cg22187843,chr7,2395126,EIF3B,Island,0.0139938982486744,0.00538709519110626,0.242354631309997,0.808629389680534,0.809313276722711,0.975944668239883
cg13724285,chr19,11170653,SMARCA4,Island,0.00575472679431612,0.00403506290423006,0.242353134635938,0.808630548487738,0.809314243259767,0.975944668239883
cg22325186,chr12,133158791,FBRSL1,N_Shore,0.0073232533619354,-0.00677990741838508,0.242266744708413,0.808697437025235,0.80937003349912,0.975944668239883
cg10888348,chr7,4763137,FOXK1,N_Shore,-0.0104344042630541,-0.0124514497327208,-0.336507068651432,0.736664694394059,0.809518387507349,0.975953706520421
cg27268905,chr4,174111999,GALNT7,OpenSea,-0.0127617508228469,-0.0150196116847947,-0.336454137077307,0.736704573074206,0.809552572544119,0.975956663819608
cg06953065,chr7,70159215,AUTS2,Island,0.0053776053704852,0.000301444760512803,0.241161115621019,0.809553608621938,0.810084129406092,0.976109987714358
cg27118937,chr16,983870,LMF1,S_Shelf,0.00710062355696074,0.00238530220280864,0.24058596075296,0.80999908476337,0.810455668930121,0.976144894275349
cg11835080,chr1,205038918,CNTN2,Island,-0.00927225684417212,0.00070175104220338,-0.334450861477816,0.738214364464,0.810846623604213,0.976183033404476
cg07898582,chr7,2953930,CARD11,OpenSea,0.00571724105689584,0.0038241380094175,0.239750846581305,0.810646017794627,0.810995213416185,0.976183033404476
cg24962011,chr10,712165,DIP2C,Island,-0.0102072469344878,0.00362622653254319,-0.334113196999196,0.738468949153468,0.811064794924352,0.976183033404476
cg08862148,chr6,29595315,GABBR1,Island,0.00426191151074429,-0.000841520896726788,0.239594169373931,0.810767404492661,0.811096448297286,0.976183033404476
cg14549249,chr7,3083541,CARD11,OpenSea,-0.00638812923254415,0.00414148512546103,-0.333914979118888,0.738618410435698,0.811192874032368,0.976183033404476
cg16232444,chr6,29573029,GABBR1,OpenSea,0.00644032476634441,-0.0132813527816378,0.239414571125552,0.810906555036685,0.811212497188335,0.976183033404476
cg18356743,chr13,30408050,UBL3,OpenSea,0.00912270137515791,-0.00878968441669425,0.238468204508865,0.811639887375016,0.811824068258021,0.97628675159933
cg18481137,chr3,71631744,FOXP1,Island,0.00761764269600134,0.00452456761368684,0.238132339105214,0.811900186857963,0.81204114238716,0.976303206634287
cg14227418,chr9,33925556,UBAP2,OpenSea,-0.00707019668082654,-0.00194338032240382,-0.331979845200941,0.740078070310133,0.812443531913488,0.976395507788231
cg20706311,chr10,724510,DIP2C,OpenSea,-0.0160235176765888,-0.00055143056657192,-0.331760234394252,0.740243780910012,0.812585494499351,0.976438624060227
cg22869706,chr10,357284,DIP2C,OpenSea,-0.00847499849563952,-0.000160958360805874,-0.331540907199166,0.740409289583727,0.812727279898354,0.976443181416978
cg08286957,chr16,943497,LMF1,N_Shore,0.00731889285618433,-0.00510872353218572,0.23695600317678,0.812812024853639,0.812801537228898,0.976443181416978
cg20595750,chr10,405225,DIP2C,N_Shelf,-0.0123764540753107,0.00325284859801045,-0.330935744504411,0.740866019952024,0.813118522827385,0.976485925141661
cg12164992,chr7,4795022,FOXK1,Island,0.00625105908490062,-0.00359283249077369,0.236446345450818,0.813207165741896,0.813131039728857,0.976485925141661
cg17842912,chr5,139060919,CXXC5,Island,0.00694959309885759,0.00688208034785265,0.235399593343873,0.814018868914926,0.813807886680956,0.976604504082556
cg15477011,chr3,71633889,FOXP1,S_Shore,0.00704536838355465,0.00984501240625832,0.235124563771468,0.814232173696248,0.813985748367833,0.976605995372501
cg13396661,chr7,4803548,FOXK1,S_Shore,-0.0106335946970988,-0.000978604196456789,-0.329127878502914,0.742231003961379,0.814287601313352,0.976642050196384
cg03673016,chr20,57485830,GNAS,OpenSea,-0.0193829312901121,-0.013085969829531,-0.328983780031209,0.742339836997698,0.814380802176192,0.976642050196384
cg21107103,chr11,18630052,SPTY2D1,OpenSea,0.00873261717889255,-0.0160776558265888,0.234388919123202,0.81480278578304,0.814461537041185,0.976642050196384
cg13841836,chr6,132834441,STX7,S_Shore,-0.0064591872829453,0.00222999168771287,-0.328750090886877,0.742516346038681,0.814531954609938,0.97665144872691
cg21021905,chr6,112058751,FYN,OpenSea,0.00868428513919799,-0.00507618689420319,0.233191578354339,0.81573172908631,0.815236080564002,0.97674699185558
cg02888243,chr16,30533458,ITGAL,N_Shelf,0.00392708980533884,0.00748510705435235,0.232926397367627,0.815937501972986,0.815407647006383,0.976754969499158
cg14429526,chr10,531562,DIP2C,S_Shore,-0.0145785039222476,0.00190666807740114,-0.32722647035358,0.743667493082204,0.815517616358975,0.976759357075337
cg07462863,chr17,29644164,EVI2A,OpenSea,-0.0106507659466611,0.0148971597515962,-0.326965525563422,0.743864703504095,0.81568645629074,0.976797014719099
cg04760708,chr16,88988340,CBFA2T3,OpenSea,-0.00773978548916265,0.0057594642133938,-0.325250688877889,0.745161119518688,0.816796225051155,0.976973278059696
cg27036347,chr14,69341603,ACTN1,Island,-0.0420609715882469,-0.0100644058669017,-0.325054312374682,0.74530962641908,0.816923334990932,0.976991129148581
cg09614876,chr4,52861831,LRRC66,OpenSea,0.0097732886141129,0.0123179298962122,0.230484313370833,0.817833086690086,0.816988038312556,0.976991129148581
cg15877785,chr4,1234993,CTBP1,S_Shore,0.0101663450328123,-0.00298085707424356,0.230273890503503,0.817996470503303,0.817124248106235,0.976998858078167
cg00515312,chr12,77158614,ZDHHC17,S_Shore,0.00704100524857188,0.0120235125029173,0.229971698947499,0.818231122421166,0.817319870771996,0.977057973949494
cg24386905,chr10,372859,DIP2C,N_Shore,0.00627141466487047,-0.00594671992962859,0.229949923945198,0.81824803135465,0.817333967184595,0.977061032546353
cg09404376,chr6,134499189,SGK1,S_Shore,0.00723128858272282,-0.00890934496118356,0.229579678949948,0.818535550529953,0.817573660524781,0.9770931200817
cg15840256,chr4,54243739,FIP1L1,Island,0.00386805129968801,0.00271440954569313,0.229504944051092,0.818593589983354,0.817622045308167,0.9770931200817
cg17152423,chr12,133065729,FBRSL1,N_Shore,0.00445963996117918,0.00248151680319873,0.228956345234003,0.819019664781023,0.817977239791601,0.977130838146951
cg04887172,chr16,89041793,CBFA2T3,OpenSea,-0.0102432333312038,-0.0566896306669035,-0.323211917917905,0.746703372693989,0.818116108118427,0.977146988208705
cg21767036,chr5,137610920,GFRA3,S_Shore,-0.0103724413327448,-0.00456285842676252,-0.322709311702777,0.747083732071947,0.818441570515386,0.977204206095452
cg07793807,chr1,226823363,ITPKB,OpenSea,-0.0130259597838163,0.0253167301492933,-0.322389340472824,0.747325910238197,0.818648784026118,0.977223477099984
cg22966391,chr7,2416675,EIF3B,N_Shelf,0.00436854041030376,0.00556486510701792,0.226704478483704,0.820769160512515,0.819435618854343,0.977351666513334
cg15312943,chr11,17843855,SERGEF,OpenSea,-0.00713322348125974,-0.096373276454186,-0.320757545582291,0.748561363682728,0.819705731864669,0.977351666513334
cg00802478,chr4,40588553,RBM47,OpenSea,0.00611611449407465,-0.028658131746995,0.226011163156046,0.821307984173525,0.819884757486289,0.977351666513334
cg22383121,chr7,56172490,CHCHD2,N_Shore,0.0106071379693526,-0.0191022269132579,0.225812566812607,0.821462342838222,0.820013421657586,0.977351666513334
cg11431720,chr1,225614891,LBR,Island,-0.010765751140428,0.00515080370057483,-0.320159535717536,0.749014287317319,0.820093157550092,0.977351666513334
cg11180638,chr11,17948881,SERGEF,OpenSea,-0.00610690071990876,-0.00407889260112893,-0.319893970331245,0.749215450406448,0.820265220388299,0.977354788719318
cg26116732,chr4,876727,GAK,Island,-0.00690987573925572,-0.00158113895873913,-0.319806570360234,0.749281658745645,0.820321849717407,0.977354788719318
cg25027541,chr11,34126931,NAT10,Island,-0.00893777891816695,0.00487568712227369,-0.31883404952435,0.750018500155713,0.820952041240919,0.977425774043333
cg03077712,chr17,7138739,DVL2,S_Shore,-0.00746044951827208,-0.0054498017816158,-0.318418486168146,0.750333426308634,0.82122136072313,0.977461797210106
cg02148800,chr12,132546659,EP400,OpenSea,-0.00788989827287235,-0.0101156809221999,-0.318417946928505,0.750333834987463,0.821221710208789,0.977461797210106
cg16058485,chr7,73756299,CLIP2,S_Shelf,0.00574421531052233,0.0057945901092904,0.223443979302802,0.823303856646615,0.82154832569835,0.977468671865541
cg05290056,chr16,903892,LMF1,N_Shore,0.00478554554750967,0.00995190875770191,0.223329775878657,0.823392671544847,0.821622349694827,0.977477618724763
cg22223969,chr13,96234082,DZIP1,OpenSea,-0.0120056188386659,-0.0171724701123345,-0.317508437809215,0.751023233584075,0.821811221023126,0.977487007932674
cg09371344,chr4,1828603,LETM1,Island,0.00479280823744826,0.000365858391426666,0.222770485523386,0.82382765901227,0.821984891584539,0.977519481304725
cg22961292,chr12,133149594,FBRSL1,S_Shore,-0.0106888388266813,0.000172903519299439,-0.316960221884466,0.751438872067134,0.822166603325692,0.977544096144884
cg14876315,chr5,139062471,CXXC5,S_Shore,-0.0164476652486361,0.0102953141813417,-0.316317058194069,0.751926588959465,0.822583582260449,0.977618442832122
cg21350283,chr14,69445743,ACTN1,Island,-0.0122404871266694,0.00423956974186611,-0.315952439747887,0.752203126637905,0.82281999568563,0.977655234774174
cg03936955,chr1,205030980,CNTN2,OpenSea,-0.00745123419135619,0.00189729756607432,-0.315816785335278,0.752306019206683,0.822907956187739,0.977665476246543
cg19527748,chr10,43632601,CSGALNACT2,N_Shore,-0.0106808515907126,-0.0136281185740366,-0.315771031724645,0.752340723877264,0.822937624066384,0.977685061553013
cg27373220,chr10,465035,DIP2C,N_Shore,0.00660440779287413,-0.00118664303517368,0.220732546555064,0.825413122515854,0.823306240719194,0.97775127138567
cg13544966,chr10,640085,DIP2C,OpenSea,0.00852438873139191,0.00215697602271714,0.220565034305393,0.825543474577314,0.823414873850158,0.977764265824464
cg18936283,chr10,575899,DIP2C,Island,-0.00705948322877894,0.0110015828208778,-0.314181188297326,0.753546951124685,0.823968678461304,0.97786196277533
cg02546690,chr11,17834480,SERGEF,OpenSea,-0.0068704375898312,-0.00250254691319862,-0.313951425007778,0.753721324435453,0.824117711043119,0.977863310999201
cg26721890,chr5,137609681,GFRA3,N_Shore,0.00569626787283526,-0.00567495521365413,0.218947730635839,0.826802250437952,0.824463882908283,0.977923276740695
cg15025536,chr7,3025634,CARD11,OpenSea,0.00714801950687927,-0.00209398982551712,0.218513593621642,0.827140223112219,0.824745524595277,0.978006642667313
cg02980000,chr4,1222292,CTBP1,Island,0.0109974522210016,-0.00433467988874758,0.218424446846878,0.827209627241513,0.824803360393555,0.978020394090473
cg20469419,chr4,1232170,CTBP1,Island,-0.0145854305168692,-0.00340740233514925,-0.312742426237732,0.754639072418485,0.824902014690475,0.978041542050431
cg12520276,chr10,516613,DIP2C,N_Shore,0.00398479954806202,0.0421725714519909,0.21807914748385,0.827478468610837,0.825027389410329,0.978041542050431
cg05661333,chr6,29600200,GABBR1,Island,-0.00696517342780238,0.00500263645401435,-0.312467138066874,0.754848091653717,0.825080624544565,0.978041542050431
cg00374263,chr14,75229370,YLPM1,N_Shore,-0.0180125209116896,-0.00581191875629744,-0.312336558069355,0.754947243993057,0.825165349384286,0.978041542050431
cg17343374,chr4,901981,GAK,S_Shore,0.00813031091776543,-0.00964532074841518,0.217478776184105,0.827945950850684,0.825416942127123,0.978116613504809
cg08104310,chr1,176831160,ASTN1,OpenSea,0.00509858344285454,0.025124278850205,0.217256160353693,0.828119307385577,0.825561398006592,0.978126692335384
cg14572581,chr3,9773022,BRPF1,N_Shore,0.00643040019640078,8.25311250189642e-06,0.216842711670571,0.828441292545931,0.825829701391564,0.978137841992472
cg26550872,chr12,69656319,CPSF6,OpenSea,-0.0110377551360786,-0.0260609904205903,-0.311193136711242,0.755815642602243,0.825907327781153,0.978137841992472
cg18715297,chr3,122283210,PARP9,Island,0.00667433052308711,0.00215500659026474,0.216276172044284,0.828882548703278,0.8261973846402,0.978183722608697
cg05297437,chr20,57471672,GNAS,S_Shelf,0.00731033511628195,-0.00549970941227806,0.216207831591066,0.828935780147783,0.826241740055318,0.978185361373578
cg16859636,chr10,709610,DIP2C,N_Shelf,0.00833454537195978,-0.0165337392267011,0.215792236103479,0.829259510919555,0.826511488426893,0.978239716676809
cg05100282,chr14,99713430,BCL11B,Island,-0.00735845673075574,-0.0081923792895009,-0.310222386270598,0.756553145324551,0.82653738025147,0.978240319921151
cg27044641,chr12,132471013,EP400,OpenSea,0.00777486567230705,-0.00313876250311562,0.215299288040802,0.829643533704406,0.826831470170919,0.978298774316799
cg08386091,chr13,96296708,DZIP1,Island,0.00781712470423966,0.00421183433934053,0.215081643716307,0.829813098811913,0.826972756298559,0.978325631432831
cg02973084,chr16,89944182,TCF25,N_Shore,-0.00974339196071196,-0.00309063478373317,-0.309284695080035,0.75726574352587,0.827146082123909,0.978361370077757
cg23353543,chr10,94608038,EXOC6,Island,0.00534412016985,0.0032905827746597,0.214622961347941,0.830170480947926,0.827270533170942,0.978401370890237
cg23467443,chr4,174255725,HMGB2,Island,-0.0132465874144888,0.00311570494232595,-0.309010468383229,0.757474181215958,0.82732411592304,0.978418211829624
cg18698699,chr10,403730,DIP2C,OpenSea,0.0112138561719088,-0.00605307168709268,0.214252719541797,0.830458980390833,0.827510912492952,0.978442349803898
cg24780570,chr12,133067700,FBRSL1,Island,-0.00950996156384195,0.000145203245183745,-0.308697860483323,0.757711813768184,0.82752707843891,0.978442349803898
cg04725442,chr7,4807556,FOXK1,S_Shore,-0.00847644480331081,-0.000677778186766287,-0.308697249174649,0.757712278484148,0.827527475345948,0.978442349803898
cg06295899,chr12,133147025,FBRSL1,Island,0.00667533282193628,-0.00225350454044926,0.213902944863011,0.830731552533761,0.827738018386989,0.978492429678606
cg01718365,chr1,23345643,KDM1A,N_Shore,0.00577210306455804,0.00262960549171097,0.213792972530982,0.830817255913744,0.827809425517535,0.978493704790094
cg01664094,chr15,75748568,SIN3A,S_Shore,0.00502986971240871,0.00214990851519051,0.213276938228345,0.831219437516172,0.828144515422543,0.978550218369394
cg02192204,chr16,88947943,CBFA2T3,Island,0.00634229211455955,-0.000378633126033368,0.213108996225305,0.83135033603319,0.828253576298103,0.978550218369394
cg06335773,chr14,58666568,ACTR10,Island,0.00573811129636444,0.00429250021554129,0.21298091373554,0.831450170129504,0.828336754788363,0.978550218369394
cg04630908,chr10,321782,DIP2C,OpenSea,-0.0110400805999986,-0.00405707322497451,-0.307406774900967,0.758693490837908,0.828365445227307,0.978550218369394
cg13131577,chr12,132530412,EP400,OpenSea,0.00715173784944525,0.00116380834527852,0.212736467379245,0.831640711798411,0.828495506879459,0.978564322729806
cg00035197,chr16,88962986,CBFA2T3,Island,0.00768328712082467,0.00583127589559751,0.212722419732442,0.831651661995851,0.828504630129997,0.978564322729806
cg00495515,chr3,169490965,MYNN,Island,-0.0168049107081128,0.00256447308472361,-0.306996593670938,0.7590054540081,0.828631837504661,0.978590091401018
cg01233968,chr10,653335,DIP2C,S_Shore,0.00467260330294879,-0.00102618338159655,0.212100738413582,0.832136297911351,0.828908404491082,0.978704898643785
cg22639787,chr20,57464973,GNAS,Island,-0.00518170620249623,-0.00804877471420062,-0.306552640344017,0.759343146902921,0.828920185286511,0.978709876453434
cg13009711,chr14,69446137,ACTN1,Island,-0.0127514443065478,0.00280398358598787,-0.305639019702677,0.760038236902071,0.829513654579292,0.978800519824426
cg05098381,chr3,71301786,FOXP1,OpenSea,0.00430016110031999,-0.0137842254319813,0.21082760603161,0.833128976677131,0.829735429261027,0.978819374050138
cg08530760,chr3,47887839,DHX30,Island,-0.00675554114803796,-0.00294526235917003,-0.304546149926923,0.760869956617333,0.830223688218571,0.978876601911705
cg20483962,chr17,7138078,DVL2,Island,-0.0149663152838827,0.00334903986946792,-0.303982477357795,0.761299043601497,0.830589958534823,0.978906209987201
cg13702678,chr7,56174313,CHCHD2,Island,0.0120035874990048,0.00229616522364358,0.209267515024717,0.834345765071085,0.830749119089917,0.978918000760981
cg00529181,chr12,56521892,ESYT1,N_Shore,-0.0130140703192751,0.00478661276440334,-0.303737245967665,0.761485745199188,0.830749319595046,0.978918000760981
cg22237014,chr12,132502008,EP400,OpenSea,-0.00900050083229254,-0.00558496429217592,-0.302910840070515,0.762115013969073,0.831286402059849,0.978976585558473
cg07983394,chr10,405182,DIP2C,OpenSea,-0.00896631927719262,-0.00669643308592094,-0.302605583077647,0.762347492600117,0.831484808992675,0.979008462908328
cg05302218,chr12,125320887,SCARB1,N_Shelf,0.00416593313077198,0.00600209989983447,0.206998665253009,0.836116057779771,0.832223836638588,0.979102311057509
cg26642540,chr16,89010147,CBFA2T3,S_Shore,-0.00738459833408412,0.00656898077789403,-0.301409759153905,0.763258419276536,0.832262158257512,0.979104718022965
cg07284407,chr20,57429858,GNAS,Island,0.00363333629129043,-0.00624972958570053,0.206274393830297,0.836681353739008,0.832694726591261,0.979199623665632
cg27366775,chr16,3596858,NLRC3,OpenSea,-0.00680622385397155,-0.00301193613822193,-0.300704395751278,0.763795888854584,0.832720759034306,0.979199623665632
cg02987906,chr4,54243303,FIP1L1,N_Shore,-0.0135485917678317,-0.028308331273831,-0.30009458226074,0.76426064385733,0.833117282744474,0.979272711763763
cg09073838,chr20,60738313,SS18L1,Island,0.00623715989320264,-0.00379044997026279,0.205322298157009,0.837424595943166,0.833313829329598,0.97932292412058
cg04213163,chr1,226905595,ITPKB,OpenSea,0.00350651072643332,-0.00766919543416328,0.20426979996846,0.838246385659747,0.833998339360904,0.979405146111549
cg08523727,chr16,89947630,TCF25,S_Shore,-0.00599049165172864,0.0047411441439813,-0.298707029279497,0.765318452141013,0.83401968003644,0.979407960209368
cg00863661,chr16,1019956,LMF1,N_Shore,0.00762029748685902,0.00191921739904199,0.204182799334327,0.838314323620637,0.834054927334856,0.979407960209368
cg05665937,chr4,1216051,CTBP1,N_Shelf,0.00523517200257082,-0.00482405115676388,0.204163817502221,0.838329146512082,0.834067273835195,0.979407960209368
cg01538731,chr16,87757018,KLHDC4,S_Shelf,0.0122453645150445,-0.00449685228452734,0.20406117864976,0.838409298074428,0.834134034728987,0.979413919085173
cg21373996,chr10,560669,DIP2C,OpenSea,0.00537821611528552,-0.00425888339261626,0.203330871839942,0.838979649477599,0.83460909338931,0.979455358988888
cg11392204,chr2,136288440,R3HDM1,N_Shore,-0.00610728134217454,0.00327061170104639,-0.297784321208518,0.766022126905242,0.834619885825365,0.979455358988888
cg04321753,chr6,29586923,GABBR1,OpenSea,-0.0124129971834038,-0.0121522265917937,-0.297620733427223,0.766146902308018,0.834726306939609,0.979455358988888
cg16527407,chr6,29582672,GABBR1,OpenSea,0.00645114143799364,-0.00981967798557459,0.202912536519571,0.839306397193782,0.834881244328556,0.979461444878341
cg20631254,chr13,49550558,FNDC3A,Island,0.0107648163719404,0.00329427870034729,0.202582248252915,0.839564393947891,0.83509612961956,0.979471064353929
cg13745346,chr16,89044523,CBFA2T3,OpenSea,0.00340397027521124,-0.0289474045618838,0.202155729751665,0.83989758423844,0.835373640439747,0.979514407797656
cg10855967,chr16,78133683,WWOX,Island,-0.00672569328422411,0.00396017630189262,-0.296410212262634,0.767070407646803,0.835513898642427,0.979526430446867
cg17240004,chr3,121949083,CASR,N_Shore,0.00844693708396758,-0.00293666584593466,0.201689242118121,0.840262030827573,0.835677180321067,0.979558901494717
cg20771988,chr2,237994875,COPS8,Island,-0.00903104933020689,0.00617151660526165,-0.296087238408488,0.767316860252147,0.835724060449345,0.979593366620694
cg14471569,chr10,604523,DIP2C,OpenSea,-0.0117876871847275,-0.00647236886656921,-0.294556937537925,0.768484912153746,0.83671999931474,0.979649010303675
cg24529500,chr6,30540984,ABCF1,S_Shore,-0.00605916180301293,-0.0026578455947156,-0.294489755907757,0.768536202830626,0.836763727965922,0.979649010303675
cg10937807,chr10,682147,DIP2C,N_Shelf,-0.00980813440066519,0.00793192905639928,-0.294386186269431,0.768615276391374,0.836831142629101,0.979649010303675
cg18474072,chr10,664762,DIP2C,OpenSea,-0.0154128905860871,-0.0102042377710171,-0.294062497229838,0.76886242273994,0.837041843252621,0.979649010303675
cg21197795,chr4,875728,GAK,Island,-0.00665376052929546,-0.00330242607968523,-0.293593773160608,0.769220349497615,0.837346973012679,0.979689754942992
cg19916323,chr19,16653199,CHERP,Island,0.00527637468064706,0.00610516198519841,0.19907621659504,0.842304107884291,0.837377907026734,0.979696762700376
cg11356950,chr4,1219707,CTBP1,Island,-0.00764178182023395,-0.0039135834149665,-0.293524788648688,0.769273031573661,0.837391882582244,0.979703707540454
cg15384972,chr7,4748950,FOXK1,OpenSea,0.00407259764520122,0.0049911244712586,0.198347570536597,0.842873734599296,0.837852293087103,0.97980638623438
cg04615964,chr6,29591153,GABBR1,OpenSea,0.00656986046977004,-0.00486219484561112,0.197796530660045,0.843304570636533,0.838211087543388,0.9798520226391
cg26769118,chr10,394632,DIP2C,N_Shore,-0.0119730955846563,-0.00311576678277903,-0.291155391952873,0.771083139364404,0.838934702892303,0.979932268648698
cg06391412,chr3,71295684,FOXP1,OpenSea,-0.00762768220801378,0.00520550310020085,-0.290915911990323,0.771266160630019,0.839090673576567,0.979932268648698
cg16399632,chr4,1244006,CTBP1,Island,-0.0264703517997169,0.0225301713328698,-0.290836447568173,0.771326893709151,0.839142429283722,0.979932268648698
cg07928191,chr4,1205359,CTBP1,N_Shore,0.00455401023960532,-0.00277103838964299,0.196117517861958,0.844617613286384,0.839304537644536,0.979956060336663
cg02202664,chr6,155545253,TIAM2,OpenSea,0.00557751103682918,0.0271945412213327,0.19518845835779,0.845344354571056,0.839909717255853,0.980081821657907
cg26767990,chr20,57463615,GNAS,N_Shore,0.00315904383336882,-0.0012712615788078,0.194811755985225,0.845639061391031,0.840155124217361,0.980139984068277
cg03848857,chr4,52861702,LRRC66,OpenSea,-0.00806348331970462,-0.00921300813075443,-0.289187280987112,0.7725876360064,0.840216699168489,0.980144885986243
cg19272109,chr10,388967,DIP2C,S_Shore,0.00588345704353433,0.00166175530777946,0.194257064873763,0.846073054187116,0.840516512205524,0.980194757609644
cg14490686,chr6,32975145,HLA-DOA,N_Shore,-0.0060210546876593,0.0091804791023754,-0.288536986767816,0.773084933856734,0.840640383859277,0.980237511763554
cg18961281,chr7,3083773,CARD11,OpenSea,0.00366558393472063,0.0112741509340685,0.193961775739064,0.846304108849961,0.840708910374522,0.980246221824269
cg16699716,chr16,87742305,KLHDC4,N_Shore,0.00479803648708182,-0.00335349633037418,0.193911993753339,0.846343063029435,0.840741347192006,0.980249587171648
cg03195795,chr7,4786768,FOXK1,Island,0.0041977387726849,-0.00788722318302859,0.1931472351872,0.846941530478538,0.84123968055002,0.98034153191247
cg14539247,chr4,1214544,CTBP1,OpenSea,-0.0108089958099098,-0.00567648465892423,-0.287157200653131,0.774140403724144,0.841539505470849,0.980402900272213
cg00892999,chr4,892055,GAK,N_Shore,0.00424968208577501,0.0103193512569925,0.192464926695311,0.847475550827849,0.841684341345512,0.980421462021448
cg19640589,chr20,57427973,GNAS,Island,0.00953618628309363,-0.00546134961280775,0.192181152932199,0.847697671904469,0.841869291730208,0.980423133002644
cg13660655,chr7,69062621,AUTS2,Island,-0.00650773290872257,-0.00237304296607097,-0.286645019273787,0.774532304583171,0.841873315189502,0.980423133002644
cg23389183,chr12,132512036,EP400,N_Shelf,-0.00770715098624099,-0.00792612938938386,-0.285836941459199,0.775150730885798,0.842400030587585,0.980502905938947
cg18649028,chr6,155428138,TIAM2,OpenSea,0.00494344477641139,-0.00706421467318008,0.19134905585584,0.848349057516536,0.842411663713383,0.980502905938947
cg15313956,chr14,91744445,CCDC88C,OpenSea,0.00948623481619831,-0.00877167409147339,0.191208339413796,0.848459224023094,0.842503391967254,0.980518398693649
cg20154489,chr10,466251,DIP2C,Island,-0.0139434391020319,-0.00282317912717389,-0.285468101794758,0.775433053483271,0.84264046842697,0.980520002388065
cg23086176,chr1,25226129,RUNX3,N_Shelf,0.00313646897816473,0.0329910297704098,0.1908247795645,0.848759527031497,0.84275343241211,0.980521528521592
cg02250680,chr11,58346542,LPXN,Island,-0.0059527924338521,-0.000720701412728925,-0.285149071779983,0.775677274090669,0.842848448369126,0.980535272945744
cg03008204,chr4,1828697,LETM1,Island,0.00470278202226815,0.00041973671603257,0.190562845925646,0.848964617103361,0.842924194546189,0.980536327629748
cg19408398,chr4,54243328,FIP1L1,N_Shore,-0.0139393845775635,-0.032250839826242,-0.284546578348552,0.776138549445787,0.843241251798061,0.980581895237644
cg04222917,chr6,112021676,FYN,OpenSea,-0.00954282278599334,-0.0103992646815191,-0.284337470033029,0.776298663525802,0.843377591805709,0.980624956587892
cg10118545,chr7,4784090,FOXK1,N_Shore,0.00353175528307498,-0.0117467313932717,0.189838308485759,0.849531972354584,0.843396579957873,0.980632825609089
cg24168924,chr14,99664243,BCL11B,OpenSea,-0.0077710889895048,-0.00118448417576089,-0.283885430376283,0.776644822552249,0.843672340693713,0.980676471147298
cg00678398,chr19,16630059,CHERP,Island,0.00523082538264189,-0.000978123542041853,0.188437729184962,0.850628929499293,0.844309892121622,0.98074908695974
cg03459202,chr10,676740,DIP2C,N_Shore,-0.00545943532271504,0.00418574301759489,-0.28185402522819,0.77820096316524,0.844997172077424,0.980881574789984
cg06754565,chr16,57023317,NLRC5,Island,-0.00615908830999369,0.00500314493771103,-0.281282417851101,0.778638999426999,0.845370039256695,0.98089746317107
cg22995106,chr16,70558876,SF3B3,S_Shore,-0.00808631186174946,0.000783396914678353,-0.280982846893179,0.778868595945046,0.845565467260489,0.98089746317107
cg02963266,chr14,99681710,BCL11B,OpenSea,-0.00777349565291105,0.0451820276789774,-0.28090523942521,0.778928078850819,0.845616096790958,0.98089746317107
cg00806214,chr16,521912,RAB11FIP3,OpenSea,-0.00802847074318588,-0.000790800185758833,-0.280706059877049,0.779080747662154,0.84574604038625,0.980898884191023
cg07178550,chr10,43633030,CSGALNACT2,Island,-0.0160591198360764,-0.0104110820522363,-0.280564782263092,0.779189040499928,0.845838211635426,0.980898884191023
cg07625774,chr16,89036057,CBFA2T3,S_Shore,-0.0104204900006797,0.027115882334652,-0.280272387531856,0.779413182066321,0.846028980246892,0.980939974083728
cg06087498,chr16,89965183,TCF25,OpenSea,-0.00617872919409908,-0.000904101053387119,-0.280194896355286,0.779472587706962,0.846079539730756,0.980943869525123
cg07702526,chr16,967972,LMF1,S_Shore,0.00535820762534744,-0.000516456943216448,0.185686263575881,0.852784766633762,0.846104720346346,0.980943869525123
cg06589961,chr7,3026388,CARD11,OpenSea,0.00890879968619226,-0.0114148190319809,0.185491885725616,0.852937108138941,0.846231546671715,0.980964963352556
cg09262217,chr14,91819321,CCDC88C,OpenSea,0.00420252665553876,-0.00108186316457226,0.185066783815948,0.853270296272256,0.84650892812654,0.98100345875846
cg10580626,chr10,680352,DIP2C,S_Shore,-0.00701933133876749,-0.00188394465239616,-0.278794317158867,0.780546510596053,0.846993463282612,0.98112611284045
cg08780837,chr5,132362247,ZCCHC10,Island,-0.00847650440956836,-0.000394092152669376,-0.278584511097114,0.780707419957663,0.847130386328443,0.981188877689755
cg04503570,chr1,226897117,ITPKB,OpenSea,-0.00543952014789737,0.00634777701368217,-0.278149011334155,0.781041453684918,0.847414615693959,0.981205268347618
cg17895018,chr10,94608332,EXOC6,Island,0.00866241610980047,0.00208003128858771,0.183597179676774,0.854422350757688,0.847467999655946,0.981212594928454
cg07261734,chr13,49684383,FNDC3A,OpenSea,0.00749044201915965,0.0115891197364243,0.183589112864453,0.854428675368618,0.847473264725628,0.981212594928454
cg12428906,chr11,18034757,SERGEF,Island,-0.0121779765206266,0.000952199289782466,-0.27739947905517,0.781616449191366,0.847903845157815,0.981269401238368
cg18436737,chr4,1233632,CTBP1,N_Shore,-0.00536509387023669,-0.00424470922894282,-0.277349227049089,0.781655003759311,0.847936647394005,0.981272461619442
cg19468022,chr19,39935996,SUPT5H,Island,0.0111712551903179,0.00703030118919544,0.182566688875989,0.855230360810366,0.848140638311927,0.981294817060932
cg00879840,chr16,78323024,WWOX,OpenSea,0.00367114881368855,-0.0017762979374033,0.181365311571027,0.85617255567792,0.848924960391585,0.981486217393799
cg19450111,chr14,99728984,BCL11B,OpenSea,-0.0196303731042467,0.00524532371614195,-0.275354318850516,0.783185980257717,0.849239045408284,0.981503782175046
cg12460765,chr7,2415105,EIF3B,OpenSea,-0.00925084405377814,-0.000942268168944049,-0.275310471489305,0.783219640058183,0.849267676281611,0.981503782175046
cg03962950,chr16,945795,LMF1,Island,0.00466599574944069,0.0229228424072508,0.180502827779584,0.856849096147198,0.849488127306645,0.981533391305947
cg17453778,chr3,121902561,CASR,N_Shore,-0.00686821530715441,-0.0281365257392986,-0.27496584785674,0.783484207501277,0.849492711008527,0.981533391305947
cg05734456,chr6,41516085,FOXP4,Island,0.00470741548097781,-0.00106142556036906,0.180262213679372,0.85703785498834,0.849645252265687,0.981533391305947
cg05702747,chr16,89006455,CBFA2T3,Island,-0.00717708478616835,-0.00468030496116617,-0.274517283100046,0.78382860814605,0.849785636297697,0.981555619049403
cg16737409,chr20,57428366,GNAS,Island,0.00783132918783895,0.00440694539774233,0.179412378582671,0.857704605918904,0.850200256297613,0.981703636119252
cg17198320,chr10,695877,DIP2C,OpenSea,0.0113108348656902,-0.0145637665246158,0.1791503272598,0.857910222812528,0.850371409828133,0.981707197481483
cg19504955,chr1,176873449,ASTN1,OpenSea,-0.0151468633896994,0.00120976423286573,-0.273301567542153,0.784762228107851,0.850579636593745,0.981730084061182
cg13839855,chr9,35071534,VCP,N_Shore,0.00555589016297951,0.0125095485757624,0.178075876258928,0.85875338494221,0.851073239438575,0.981756986135396
cg08372350,chr16,88943191,CBFA2T3,N_Shore,-0.0101438872609187,0.0035321268784333,-0.272482893892756,0.785391111371053,0.851114408873534,0.981775149946341
cg19716727,chr7,4794309,FOXK1,Island,-0.00875613494335218,0.000849924176668626,-0.272273529535097,0.785551962082739,0.851251180424206,0.981787661912422
cg15663173,chr17,7132748,DVL2,OpenSea,0.0049418298421391,0.000754385337255137,0.177213304485865,0.859430394550173,0.851636755294802,0.981870475974941
cg13895966,chr20,57467268,GNAS,Island,-0.010682460793429,0.00270603437148508,-0.271512610448502,0.786136639307161,0.851748304041718,0.981873816618537
cg05117982,chr7,4764845,FOXK1,Island,-0.0130342026889977,-0.00472168804899048,-0.270902592822324,0.786605453889871,0.85214688328033,0.981944316871845
cg18334288,chr10,438317,DIP2C,OpenSea,0.00387732346202764,-0.00333579490671121,0.176190493896869,0.860233305741449,0.852305052900534,0.981944316871845
cg27496526,chr15,41805530,LTK,Island,0.00463624945277651,-0.00147101507331081,0.175188105574544,0.861020326100924,0.85296010963482,0.982034299560353
cg03640148,chr3,49044952,WDR6,Island,-0.0171926475972523,0.00996221328024391,-0.269640344840778,0.787575771064066,0.85297174292184,0.982036452443104
cg17563032,chr7,100478967,SRRT,OpenSea,-0.0137622002654152,-0.00453186162504016,-0.269381401383164,0.78777486744199,0.85314097839553,0.982046576165381
cg23460285,chr12,133076687,FBRSL1,S_Shelf,0.00620711919067204,0.00376533538449297,0.174628936249411,0.86145941545275,0.853325568634184,0.982093674398603
cg01210520,chr9,35072637,VCP,Island,0.00508956314580519,2.23423807899081e-06,0.174586525858069,0.861492720092164,0.853353288284149,0.982093674398603
cg03275186,chr2,237994061,COPS8,Island,-0.00676984984978385,0.00298600789937274,-0.268665289708219,0.788325543642347,0.853609036587259,0.982139435887979
cg24136740,chr10,415418,DIP2C,S_Shore,0.00772703351215544,-0.0039225084508957,0.173791548099008,0.862117057292137,0.853872923309931,0.982232699051304
cg18854441,chr14,21899991,CHD8,OpenSea,-0.0100333583833362,-0.0147866149042838,-0.26796613224319,0.788863284841809,0.854066063051499,0.982295636298397
cg00477776,chr10,423907,DIP2C,S_Shore,0.00751936731965966,-0.0325138810202277,0.172792575377583,0.862901724857492,0.854525988951101,0.982386349784473
cg24847628,chr12,133100355,FBRSL1,N_Shore,-0.00524797341924521,-0.00312906180564543,-0.267074254538207,0.78954939901711,0.854649138285056,0.982421862411977
cg00594907,chr1,9005719,CA6,OpenSea,-0.00507082637370447,-0.0053136362110523,-0.266968941062594,0.789630426631323,0.85471799341887,0.982440059914666
cg01935958,chr16,910721,LMF1,S_Shore,-0.00770076777557699,-0.00318784262526739,-0.266904300464792,0.789680161885965,0.854760256716107,0.982453824936345
cg02268674,chr12,56524689,ESYT1,S_Shore,-0.00460057894619762,0.00801298694648411,-0.266178989192267,0.790238284039665,0.855234508068374,0.982603334516582
cg07607922,chr3,121903644,CASR,Island,-0.00490400107361936,-0.00132310905302147,-0.265784810819149,0.790541646969448,0.855492267116422,0.982668030076578
cg27235218,chr4,1208675,CTBP1,N_Shore,0.00368410618931744,-0.00346806485601603,0.170740404728312,0.864514077645357,0.855867881503374,0.982712547241645
cg08961893,chr16,88966466,CBFA2T3,Island,-0.00550458761135606,0.00994816152897671,-0.265107733450439,0.7910628056354,0.855935053962044,0.982712547241645
cg09447811,chr3,121972621,CASR,OpenSea,-0.00666447377460798,-0.0704828925645124,-0.26480958035682,0.791292329202048,0.85613005089845,0.982739022128707
cg06295238,chr4,1205447,CTBP1,N_Shore,0.00532258724486799,-0.00627861259054341,0.170249525319656,0.864899836777243,0.8561889242516,0.982742001537397
cg19371349,chr4,174254281,HMGB2,N_Shore,-0.0104028693591377,0.0024531124335217,-0.264565262027626,0.791480423349105,0.856289845578261,0.98274928548277
cg01126560,chr9,139886304,C9orf142,N_Shore,0.00650119154227091,-0.00196504069414777,0.169990496953969,0.865103408067648,0.856358342417234,0.982767950398379
cg25626318,chr12,6676809,NOP2,N_Shore,0.00346384540942708,0.00267253655088101,0.169869044757835,0.865198860864662,0.85643778081693,0.982767950398379
cg19026573,chr12,133137360,FBRSL1,Island,0.00494192060704021,0.00232918613347953,0.169744327384128,0.865296881913645,0.856519356389296,0.982767950398379
cg09902130,chr11,60739178,CD6,OpenSea,-0.00631997687863633,0.000292988733364891,-0.26349055216124,0.792307958296604,0.856992821857969,0.982820739255891
cg17806418,chr6,29599319,GABBR1,N_Shore,0.00688019721378663,-0.0221083811723473,0.168836230687969,0.866010658976059,0.857113373585983,0.982847794600956
cg26800803,chr7,4765095,FOXK1,Island,-0.00783519863351188,-0.0101275071629869,-0.262697241245182,0.792918964619617,0.857511805658982,0.982912860097502
cg09501762,chr16,28331449,SBK1,Island,0.00547202690288419,0.00397259352793511,0.168156451060373,0.866545047372528,0.857558093746149,0.982912860097502
cg15085006,chr3,47890815,DHX30,N_Shore,-0.00653995966128043,-0.0036679107419848,-0.262608782667235,0.792987103138399,0.857569679059741,0.982912860097502
cg16559302,chr16,3604310,NLRC3,OpenSea,-0.0055734093725881,-0.00293188396647637,-0.262290662107687,0.793232160472726,0.857777813517594,0.982938428898058
cg02331352,chr16,2813897,SRRM2,N_Shore,-0.00994843557181933,-0.0108959999863144,-0.26160169978284,0.79376295801926,0.858228609834791,0.982995714508081
cg16922688,chr6,29588173,GABBR1,OpenSea,0.00364158579134671,0.000257762310043597,0.167034720154098,0.867426996315558,0.858292042649805,0.983016110046645
cg09444036,chr10,658638,DIP2C,OpenSea,0.0050103122008406,-0.014355618138105,0.166896129370177,0.86753597335943,0.858382731160839,0.983023402605579
cg21258697,chr7,2393968,EIF3B,Island,0.00461709937912104,0.00674319911291439,0.166784131773831,0.867624041429212,0.858456019471884,0.983023402605579
cg07674277,chr16,88973351,CBFA2T3,N_Shelf,-0.00828518717008133,0.000855708786298259,-0.26101793473539,0.79421278344302,0.858610610499278,0.983028647490129
cg25746134,chr1,202129865,PTPN7,OpenSea,-0.0131676908714241,0.00682819999809607,-0.260682487491272,0.794471296435776,0.858830133433957,0.983050748863751
cg00718418,chr12,50678441,LIMA1,OpenSea,-0.0109697190778683,-0.0259010634903644,-0.260675632798336,0.794476579252957,0.858834619386746,0.983050748863751
cg18477188,chr6,32975885,HLA-DOA,Island,0.00680924540676232,0.00218052683766856,0.166023246894032,0.868222398432623,0.858953954988774,0.983050748863751
cg13817341,chr16,89977788,TCF25,Island,-0.00887012148934796,-0.00561658375807184,-0.259718391523405,0.795214404696451,0.859461116525569,0.983084510457909
cg05523882,chr16,70323915,AARS,S_Shore,-0.0119876151148753,0.00956697321635203,-0.259652818072607,0.79526495434414,0.859504036408554,0.983087026977217
cg00999243,chr19,808526,PTBP1,Island,0.00434036793370198,-0.00425350624347753,0.164120663741297,0.869718913546477,0.860199281663071,0.983176147465242
cg23282561,chr4,1229392,CTBP1,Island,0.00673892591776384,-0.00287506608173305,0.163949008166234,0.869853955817916,0.860311655145196,0.98321273115543
cg05183646,chr6,134491143,SGK1,OpenSea,-0.012807171359169,-0.0142348336125917,-0.257839353425811,0.796663269759823,0.8606911700239,0.983274479671746
cg07313835,chr1,167342724,POU2F1,OpenSea,0.00384692649381105,-0.00424459897715324,0.163157239317606,0.870476893455074,0.860830019326546,0.983278945285406
cg02967595,chr19,16653665,CHERP,Island,0.013631336770866,0.00322871251754243,0.162698599047763,0.870837773429416,0.861130314564664,0.983337960513762
cg22780174,chr10,677369,DIP2C,N_Shore,-0.00576907979115647,0.00880136142873811,-0.257123393126239,0.797215508845366,0.861159940132655,0.98333849051169
cg02758053,chr19,56165495,U2AF2,Island,0.00460917818527781,0.000194594639080524,0.161216616395684,0.872004052020647,0.862100781426878,0.983489685683567
cg16265553,chr1,226911669,ITPKB,OpenSea,0.00321746918276136,0.0413873610110024,0.160981615977304,0.87218901645441,0.862254689109295,0.983515684848372
cg04699663,chr16,89043171,CBFA2T3,OpenSea,-0.00765818153551053,-0.0145760127493852,-0.255337998725836,0.79859307404454,0.862329127638005,0.983515684848372
cg07638334,chr10,411837,DIP2C,N_Shelf,-0.00615668858014645,-0.00595224495850777,-0.255168295609565,0.798724045511623,0.862440275552707,0.983529397272125
cg17002316,chr1,156750940,PRCC,OpenSea,-0.00571514388411519,-0.00137008324627419,-0.254804971285791,0.799004466777167,0.862678245811097,0.983543347234675
cg17365962,chr6,30538589,ABCF1,N_Shore,0.004592471843983,0.000517379421659608,0.159684751219232,0.873209880344632,0.863104132347363,0.983571980440999
cg22563987,chr17,76130496,TMC8,S_Shelf,-0.013331382913952,0.0133385790953645,-0.253831712306953,0.79975577641126,0.863315772570425,0.983626799668102
cg08666833,chr4,885963,GAK,N_Shore,-0.00679691720074229,-0.00549605234956807,-0.253681994140951,0.799871368242784,0.863413852360068,0.983626799668102
cg27021986,chr15,41805273,LTK,Island,0.00699448917075918,-0.00482593693572156,0.159060222498148,0.873701571559877,0.863513253657714,0.983626799668102
cg07707599,chr2,30370632,YPEL5,Island,-0.00593471129390681,0.00775313880587736,-0.252615981106727,0.800694524357229,0.864112254128045,0.983728802510052
cg07298104,chr4,845572,GAK,S_Shore,-0.0054241258504945,-0.00580663657553127,-0.252236493917928,0.800987611226223,0.864360902000358,0.983733876379255
cg00360794,chr15,41803850,LTK,Island,-0.00644093382867269,-0.00574935652846814,-0.251923983768413,0.801228991270894,0.864565675214517,0.983752058714328
cg03728898,chr16,928280,LMF1,Island,0.00368804570515044,-0.0026589710280357,0.157143229853632,0.875211124121437,0.864769280797441,0.98375261108562
cg03233548,chr16,88949985,CBFA2T3,Island,-0.00785848173928366,0.00252890105116388,-0.251503284539775,0.801553965670748,0.86484135400926,0.98375261108562
cg06643466,chr7,3019382,CARD11,OpenSea,0.00492333167329156,-0.0133433067366781,0.156848209784503,0.875443480862583,0.864962610455416,0.98375261108562
cg08356805,chr16,88979098,CBFA2T3,S_Shelf,-0.00572586501390374,-0.00109276172315986,-0.251206070388341,0.801783573252263,0.865036124539034,0.98375261108562
cg19092322,chr1,205027136,CNTN2,OpenSea,0.00259873179182282,0.0224917503103502,0.156572553056407,0.875660596847071,0.865143258423288,0.98375261108562
cg08214990,chr16,971579,LMF1,Island,-0.0139460556438541,-0.00587431401354632,-0.250669273180214,0.802198310054675,0.865387919528844,0.983754587525471
cg26136772,chr7,4754681,FOXK1,N_Shelf,-0.00759313347246018,-0.0631248096901937,-0.250131312779835,0.802614001677744,0.865740503590838,0.983754587525471
cg00851125,chr16,539845,RAB11FIP3,OpenSea,-0.00807213095816426,-0.000965717841699631,-0.249802006061747,0.802868490542485,0.865956347352233,0.983754587525471
cg22295628,chr17,1733433,RPA1,Island,0.00485622595005618,0.00953850209229511,0.155015101001056,0.876887471500117,0.866164046019981,0.983797504394289
cg07996594,chr1,25257505,RUNX3,Island,0.00768625871637231,0.00896188565260736,0.154863015753893,0.877007291814333,0.866263737958074,0.983803814889453
cg00806253,chr6,29571432,GABBR1,OpenSea,-0.00605339466006316,-0.00450103065573004,-0.249225060055047,0.803314406098276,0.866334530132528,0.983805761403178
cg04035392,chr3,47866155,DHX30,N_Shore,0.00396861015687032,-0.00444809961695403,0.154229202271222,0.877506671998256,0.866679225832636,0.983862504120287
cg09363991,chr1,9005636,CA6,OpenSea,0.00237205283444262,-0.00228667705962504,0.15362388420255,0.877983646400088,0.867076068318257,0.983887601207874
cg11046864,chr10,673310,DIP2C,S_Shelf,0.00440335960154137,-0.00227927175884823,0.152807079318832,0.878627337189079,0.867611613238302,0.983916715167828
cg11881574,chr12,133151060,FBRSL1,S_Shelf,0.00377418407101433,-0.00303670937807832,0.152528389779613,0.878846979557314,0.867794352269516,0.983918011803878
cg20700977,chr11,117076344,PCSK7,OpenSea,-0.00743147358255277,-0.00444887016666984,-0.246584493651521,0.805356090472805,0.868065786301264,0.983960716125221
cg19402876,chr3,71119415,FOXP1,OpenSea,0.00390424401591701,-0.00578696909313026,0.151010708413388,0.880043266973813,0.868789632205518,0.984089544493017
cg01813334,chr7,2394150,EIF3B,Island,-0.00606518534694137,0.00574438085025662,-0.244794394684503,0.806740952857713,0.869239804010048,0.984154973959261
cg25143070,chr1,65432346,JAK1,Island,0.0056057701078183,0.00499117848509199,0.150248805864326,0.880643927948902,0.8692893586135,0.984154973959261
cg11198309,chr13,108870685,LIG4,Island,0.00632596666771336,0.00193220516304333,0.150019465214082,0.880824746709087,0.869439791730971,0.984177657625934
cg12961080,chr14,99736143,BCL11B,Island,0.0048953526927972,0.0179848463911564,0.149953657688884,0.880876632405245,0.869482958222893,0.984180465462033
cg01565918,chr20,57457492,GNAS,OpenSea,0.0052012797617372,-0.00906079421831107,0.149686466121596,0.881087303863559,0.869658226711565,0.984193123605063
cg10748817,chr20,57465175,GNAS,Island,0.00341744702460329,-0.00062002775529646,0.149660458255724,0.881107810632089,0.869675287320192,0.984193123605063
cg17184479,chr10,94790819,EXOC6,OpenSea,0.00698029698518217,-0.0105190304635235,0.149218868103497,0.881456009305021,0.869964970351029,0.984242405735877
cg09661010,chr10,73848153,SPOCK2,Island,0.00327923639675199,0.00377753904219894,0.149047138710501,0.881591426028096,0.870077629505246,0.984259676142922
cg00032643,chr1,3700680,LRRC47,N_Shelf,0.00452061077891855,-0.00805725125417522,0.147615725199524,0.882720297880609,0.871016778091186,0.98430592358117
cg06086785,chr3,47889040,DHX30,S_Shore,0.00262152614587448,0.000813057994969446,0.146852010253325,0.88332269302583,0.871517924995871,0.98430592358117
cg14991358,chr1,156767203,PRCC,OpenSea,-0.00659582015295137,0.00364388416476499,-0.241297888860918,0.809447682411177,0.871533780114379,0.98430592358117
cg02187822,chr16,89003166,CBFA2T3,N_Shelf,0.00359282439255311,-0.00424136483538024,0.146479210861725,0.883616770480249,0.871762573316576,0.98430592358117
cg08305969,chr14,21900916,CHD8,OpenSea,0.00320288743414573,-0.00486255059207175,0.146207708676045,0.883830951219909,0.871940753415846,0.984342816519394
cg05385059,chr20,60718641,SS18L1,Island,-0.0111624325090998,0.00389488558965532,-0.240368417876203,0.810167594906235,0.872143767067822,0.984364230380447
cg23641267,chr11,58343791,LPXN,N_Shore,-0.00539848865568314,0.000634124030572836,-0.240153719440662,0.810333910386207,0.872284678733688,0.984364230380447
cg05608790,chr7,69427388,AUTS2,OpenSea,-0.00607408924582963,-0.0502684205023826,-0.239855187489268,0.810565181524309,0.872480619055078,0.984394584097463
cg23245009,chr10,725706,DIP2C,OpenSea,0.00596789839836292,-0.00818689717836818,0.144527922677313,0.885156277911487,0.873043299117179,0.98447783842244
cg27198244,chr6,112041450,FYN,OpenSea,0.00619725681358386,-0.0279033231233682,0.144470976429475,0.885201213345774,0.873080680736814,0.98447783842244
cg08363345,chr7,4752063,FOXK1,OpenSea,0.00326013961718835,0.0192318722398392,0.144050745555956,0.885532822704881,0.873356544553572,0.984495814582207
cg26934881,chr6,155569291,TIAM2,OpenSea,-0.00623730938655333,0.000398385599804763,-0.2381219250878,0.81190825817284,0.873618393505771,0.984538337508289
cg20961425,chr2,170685053,UBR3,S_Shore,0.00287042972068457,0.00225233523332193,0.143162038564446,0.886234178548375,0.873939993827266,0.984584919518484
cg00011564,chr16,3591728,NLRC3,OpenSea,0.00399494049770818,0.000869390658481573,0.143038116036305,0.886331983693209,0.874021356251682,0.984591315165863
cg13203135,chr21,45565328,C21orf33,OpenSea,0.00487128850411192,0.0354059626503042,0.141813181186831,0.887298849757554,0.874825669515563,0.984751278489067
cg05099708,chr16,89044855,CBFA2T3,OpenSea,-0.00427009092059928,-0.0208128842476615,-0.236273521350088,0.813341168212505,0.874832038771942,0.984751719019058
cg22813798,chr7,100484748,SRRT,N_Shore,-0.00457482778644776,-0.0131002397069226,-0.235981892751459,0.813567300456377,0.875023546455745,0.984795117020741
cg24252614,chr5,56247957,MIER3,Island,-0.00630382960819217,0.00556505345008493,-0.235461227018116,0.813971069562709,0.875365477235957,0.984864618645661
cg09176957,chr10,94799641,EXOC6,OpenSea,0.00311935039796777,-0.0357592221475543,0.140168789161417,0.888597066414281,0.87590560878051,0.984944868343309
cg09379340,chr6,155507793,TIAM2,OpenSea,0.00476132471379131,4.20520954920733e-05,0.139611063103291,0.889037448976941,0.876271942799417,0.985031029544288
cg16869622,chr12,133102529,FBRSL1,Island,0.00365266957072153,0.00607152497819341,0.139446808113617,0.889167151884342,0.876379836289099,0.985033217554843
cg13471336,chr10,669170,DIP2C,Island,-0.00703766529334614,-0.00295650408382775,-0.233846999233545,0.815223195913826,0.876425717987381,0.985033217554843
cg04432660,chr7,4802132,FOXK1,Island,0.00356808149986898,0.00322656191369997,0.139277371541852,0.889300949515563,0.876491135790086,0.985033217554843
cg18123037,chr12,6733181,LPAR5,S_Shelf,-0.00704867934034082,-0.00936070528488364,-0.233358694170811,0.815602058526978,0.876746485354831,0.985033217554843
cg25408620,chr7,56173166,CHCHD2,N_Shore,0.00451510706973715,0.00318795588443388,0.13887164616382,0.889621348307801,0.87675765861222,0.985033217554843
cg08354187,chr11,60776399,CD6,S_Shore,-0.00491999552679264,0.00101005449231428,-0.231852606287132,0.816770863345995,0.877735961062675,0.985171939970759
cg08324703,chr10,679514,DIP2C,Island,-0.00977632099632316,-0.0166918772007819,-0.231638003167424,0.816937440218402,0.877876967474876,0.985196710428336
cg06053376,chr5,139055122,CXXC5,N_Shore,0.00405479921691355,0.00123807956432231,0.136896489601089,0.891181374627998,0.878055346884567,0.985236958217816
cg08061598,chr6,112081538,FYN,OpenSea,-0.00850934708981939,0.0183285958996604,-0.230941268983691,0.817478308742084,0.878334788008693,0.985285693579628
cg07305563,chr16,87741911,KLHDC4,Island,-0.00519686109643242,0.00337279529077938,-0.23033398561829,0.8179498085623,0.878733864054244,0.985362076371902
cg23202887,chr14,99691372,BCL11B,OpenSea,-0.00583781136508633,0.0379539691665849,-0.230078706566241,0.818148029073,0.87890162979628,0.985384687298372
cg11920745,chr10,640738,DIP2C,OpenSea,-0.00947690008974359,-0.00729626987454479,-0.228505906188077,0.819369542916444,0.87993537138084,0.985544808358672
cg16505891,chr14,91859797,CCDC88C,OpenSea,0.00474787799649452,-0.00689827023242839,0.13388952326903,0.893557159204003,0.880031567764105,0.985564250535946
cg24467349,chr1,110254835,GSTM5,OpenSea,0.0170731609980642,0.00861854462045758,0.133696117114692,0.893710001202508,0.880158702744392,0.985587316339078
cg21516162,chr7,2953889,CARD11,OpenSea,0.00380328189077917,-0.00206372895244578,0.133030277169338,0.89423622107058,0.880596414325258,0.985603514420998
cg01704534,chr4,40518024,RBM47,OpenSea,0.0030148211331028,0.0257728242400501,0.133015586299702,0.894247831937279,0.880606072258864,0.985603514420998
cg01808969,chr7,4786364,FOXK1,N_Shore,0.00315568436948894,0.00425614472453484,0.133003941023426,0.894257035748305,0.880613727999692,0.985603514420998
cg07698591,chr4,1840877,LETM1,N_Shelf,-0.00638673251677686,0.0196575023886385,-0.227192671507143,0.820389802604547,0.880798667213833,0.985603514420998
cg16663955,chr1,25559140,SYF2,Island,0.00675638164928624,0.00156947203582381,0.132155913081502,0.894927310555623,0.881171261433006,0.985690295632633
cg00511464,chr4,40518041,RBM47,OpenSea,0.0031571517950326,0.0100618448564613,0.13210656835246,0.894966314575575,0.881203704793375,0.985690295632633
cg24800655,chr12,133065941,FBRSL1,Island,0.0053056342875165,0.00133245996298586,0.131883322644109,0.895142779971809,0.881350487722384,0.985700413135609
cg03552086,chr16,979188,LMF1,N_Shore,-0.00514115227570913,0.00316901362888367,-0.226145160163753,0.821203839154131,0.881487383137064,0.985700413135609
cg22089096,chr4,876632,GAK,Island,0.0032865453740058,0.00171716531623134,0.131648986325669,0.895328017584599,0.881504567055974,0.985700413135609
cg12269394,chr1,205011999,CNTN2,OpenSea,0.00538058198636072,0.0122566915925897,0.131647995389409,0.895328800909696,0.881505218619641,0.985700413135609
cg19456996,chr6,29600642,GABBR1,Island,0.00312446989500633,-0.00318293071970205,0.131608297323694,0.8953601819136,0.881531321088275,0.985700413135609
cg09975683,chr16,87784170,KLHDC4,OpenSea,-0.00861297791918373,-0.0023047009990399,-0.225829840683999,0.821448916475933,0.881694716410604,0.98573009039439
cg03942201,chr16,88961936,CBFA2T3,Island,-0.0104080608303892,0.00579360806372942,-0.225158185055761,0.821971008996682,0.882136379821455,0.985770928656118
cg08079763,chr10,679171,DIP2C,Island,-0.00592164574351284,0.0286200991264665,-0.224874768728665,0.822191338427218,0.882322758088755,0.985789308139426
cg11674863,chr7,107531486,DLD,Island,0.00473756826070434,0.00183466609073528,0.130381388814645,0.89633012408644,0.882338107351448,0.98578979073875
cg00263700,chr16,968257,LMF1,S_Shore,0.00536119949930439,0.00232963515313844,0.130202399498483,0.896471638534188,0.882455816752698,0.985803483739801
cg23318967,chr7,4751873,FOXK1,OpenSea,-0.00594235270616547,-0.0102373496426236,-0.223934317819586,0.822922550955171,0.882941257478782,0.98583720279277
cg18064663,chr3,49052452,WDR6,N_Shelf,0.00223950836401026,-0.00293552884894488,0.129389859730028,0.897114098921369,0.882990202866028,0.985838383950713
cg08704611,chr17,80376099,HEXDC,N_Shore,0.00581106548843895,0.000526053260014488,0.128118754688325,0.898119274175653,0.88382628207218,0.985974258982228
cg09162056,chr4,174255944,HMGB2,Island,-0.0119336291573641,0.00677120493783161,-0.222383926411485,0.824128336701492,0.883961047563978,0.985984194410612
cg03538565,chr16,492969,RAB11FIP3,OpenSea,-0.0059868012220083,-0.00807969233600581,-0.222197649915996,0.824273237601823,0.884083586321732,0.985984194410612
cg01982592,chr16,78513115,WWOX,OpenSea,0.00494202253582121,-0.0159176968932199,0.12768513739077,0.898462211370916,0.884111526864124,0.985984194410612
cg00491763,chr7,148936619,ZNF212,Island,0.00245372315040734,0.00229282849644333,0.127400679539314,0.898687192392736,0.884298658836474,0.98602894437428
cg07475026,chr3,71590806,FOXP1,OpenSea,-0.0132971275897385,-0.0198245378784424,-0.221695598432239,0.824663803710634,0.88441386597305,0.98602894437428
cg14758413,chr3,47843865,DHX30,N_Shore,-0.00622689451200471,0.00494611893691373,-0.221288935651589,0.824980195046326,0.884681407928372,0.986051145831303
cg08660285,chr1,67390436,MIER1,N_Shore,0.00393744317181208,0.0063550953876424,0.126642796374758,0.89928665084843,0.884797267420938,0.986062460051378
cg05790989,chr1,167197743,POU2F1,OpenSea,-0.00547904284674264,-0.0375594036019021,-0.22052331565431,0.82557593929548,0.885185142181844,0.98612040821148
cg24962941,chr6,29577916,GABBR1,OpenSea,0.0047689217954668,-0.0103179160345626,0.125840404442585,0.899921376999904,0.885325207882577,0.986141131701271
cg06665453,chr17,73520759,TSEN54,N_Shore,-0.00354713107462441,-0.0213907753074961,-0.220226591995979,0.825806853044899,0.885380381900172,0.986145892265025
cg02493440,chr16,57023485,NLRC5,Island,-0.0205926220508538,0.00184127378502283,-0.219966389149186,0.826009358328913,0.885551597199382,0.986166303614781
cg00028318,chr6,29570739,GABBR1,OpenSea,-0.00350440018911565,0.00972711901971302,-0.219747830906918,0.826179462290917,0.885695414186001,0.986176081724324
cg11753157,chr14,99734018,BCL11B,N_Shelf,0.00563895204822277,0.0461314484367693,0.125240179093072,0.900396222814511,0.885720164454959,0.986183897611434
cg20651218,chr10,516163,DIP2C,N_Shelf,0.00687812535430195,0.00194603797191806,0.124939825368,0.900633849863786,0.885917812020087,0.986212153827734
cg19510206,chr12,133101587,FBRSL1,N_Shore,0.00587111891673095,-0.00425242879882759,0.123894285641523,0.901461105859333,0.886605884003955,0.986327222297369
cg00842161,chr14,21860384,CHD8,OpenSea,-0.00454477680966902,0.00125585735066758,-0.217915640470636,0.827605778126376,0.886901190602259,0.986335080786071
cg06995285,chr7,2418615,EIF3B,N_Shore,-0.00494538297211715,0.00365750340189863,-0.21766974855861,0.827797242572805,0.88706303365529,0.986335080786071
cg22679406,chr6,29599331,GABBR1,N_Shore,0.00495330799215614,-0.022983148300509,0.12137525679212,0.903454661128041,0.888264012532132,0.986525447544891
cg24602245,chr1,3706705,LRRC47,S_Shelf,-0.00430019049555686,-0.00593962844978313,-0.215547665568916,0.829450034312981,0.88845995776615,0.986576630941663
cg08343222,chr12,77157678,ZDHHC17,Island,0.00434722958165072,0.00306884638007732,0.120902145297353,0.903829149327445,0.888575488773866,0.986622448134179
cg10278213,chr16,88966229,CBFA2T3,Island,-0.00816003780064673,0.00263199364963196,-0.2149514594153,0.829914528255849,0.888852490696523,0.986651729381522
cg00954391,chr10,612391,DIP2C,OpenSea,0.002426048526077,0.0218666415101031,0.120394710606694,0.90423082968532,0.888909581051577,0.986666060526364
cg09442740,chr7,100482960,SRRT,N_Shore,0.00283311022050667,-0.000562536845639894,0.120293029759601,0.904311322215288,0.888976529550907,0.986667109646054
cg15318546,chr12,133069091,FBRSL1,S_Shore,0.00358458582675029,0.0114525181955516,0.120036013029611,0.904514786040312,0.889145757520076,0.986677261142046
cg22951128,chr10,576100,DIP2C,Island,0.00259229635578885,0.010063943933626,0.11986194947152,0.904652584681274,0.889260369358784,0.986691484470735
cg15583885,chr19,56167057,U2AF2,Island,-0.00707300267563591,0.00403458608995246,-0.214088074152549,0.830587282574673,0.889420978517323,0.986731450383822
cg16792969,chr16,88968015,CBFA2T3,S_Shore,0.00303446082061255,-0.00208928677969622,0.119184583484378,0.905188853625396,0.889706401791333,0.986797304447584
cg16697493,chr16,476419,RAB11FIP3,Island,-0.00476292901205888,0.00412421864295573,-0.212596442217791,0.831749863443274,0.890403263219074,0.986872923524136
cg05786348,chr2,157295032,GPD2,S_Shelf,-0.00584396770170181,0.00033323198627222,-0.212226784478225,0.832038032658077,0.8906467200832,0.986902460265103
cg15912031,chr10,639935,DIP2C,OpenSea,0.00320360911098535,-0.00765014548903487,0.117706111551459,0.906359506545986,0.89068006811135,0.986905853111525
cg04055053,chr10,555133,DIP2C,OpenSea,0.00262033943215348,-0.00388201143223887,0.116718587609693,0.907141541157432,0.891330506382245,0.987032738738604
cg00248574,chr4,878435,GAK,N_Shore,0.00385189143310662,-0.00232883494785463,0.116265454583972,0.907500414100452,0.89162898953422,0.987043414536433
cg12474824,chr4,1227400,CTBP1,N_Shore,0.00291949026018856,0.00225347963884892,0.11612932210132,0.907608232204889,0.891718664332277,0.987051767567998
cg00321931,chr4,174255552,HMGB2,Island,-0.00493324521231902,0.00510638045873808,-0.210463221702753,0.83341314136618,0.89180834538835,0.987066276003078
cg06554270,chr16,89962084,TCF25,OpenSea,-0.0045716103523754,-0.00470530977611494,-0.210433824507463,0.833436067687025,0.89182771073706,0.987076588043249
cg01753731,chr4,903032,GAK,S_Shelf,0.00565050566780073,-0.00590532208739925,0.115709660361134,0.907940618679427,0.891995117583764,0.98711621860804
cg00959636,chr6,134499464,SGK1,S_Shore,0.00308225969236594,0.0061533298688048,0.115027255685625,0.908481141080833,0.892444681432873,0.98717161582699
cg08544746,chr1,3713043,LRRC47,Island,-0.0054007792911795,0.00171037628159736,-0.209154485195026,0.834433937861125,0.892670535509906,0.98717161582699
cg17677758,chr10,682125,DIP2C,N_Shelf,0.00534449664227538,-0.0115130593226657,0.114340379824472,0.909025247993566,0.892897225777561,0.98717161582699
cg24723476,chr10,556017,DIP2C,OpenSea,0.00226160344323316,0.00146071665544023,0.113932273840509,0.909348548383245,0.893166120663343,0.98724969464559
cg12136950,chr1,226849798,ITPKB,OpenSea,0.00258733500075893,0.0193992625239141,0.113807172191894,0.909447656570622,0.893248550716034,0.987274839919826
cg20891481,chr3,71115714,FOXP1,S_Shore,-0.0120277574148491,0.00485799408201493,-0.208178803637839,0.835195138427748,0.893313393034645,0.987277204265487
cg24598712,chr12,133072859,FBRSL1,N_Shore,0.00197392273340493,-0.0335314724664764,0.113695935145683,0.909535782113145,0.893321846286873,0.987277204265487
cg03923838,chr6,132834330,STX7,Island,-0.00502010025125173,0.000961587311932868,-0.20677701875903,0.836289044508063,0.894237124315601,0.987383167587063
cg12943634,chr2,190526065,ASNSD1,Island,0.00234032623210553,0.00561657531953461,0.112088184913187,0.9108096174573,0.894381315759551,0.987398738422602
cg18689130,chr6,112194717,FYN,Island,0.0019004758005239,0.00550515830896602,0.111643463964151,0.911162014742217,0.894674409727206,0.987449854078301
cg26431298,chr1,156737036,PRCC,Island,0.00382865689549421,0.00516855372508508,0.110990040749793,0.911679819691286,0.895105075291668,0.987487431244243
cg06056563,chr16,1018000,LMF1,N_Shelf,0.00270475392600471,-0.0019908923538734,0.110947286230854,0.9117137018063,0.895133255502772,0.987487431244243
cg02633398,chr16,88974944,CBFA2T3,N_Shore,0.00290405581901488,-0.00960110119587421,0.110760732981578,0.911861543470136,0.895256217385207,0.987487431244243
cg14915620,chr3,47887956,DHX30,Island,0.00285712141163767,-0.00164216780051463,0.11072894531215,0.911886735199301,0.895277169679072,0.987487431244243
cg05286252,chr7,69496408,AUTS2,OpenSea,0.00407704902362448,-0.0186862045714519,0.110578312391156,0.912006113002809,0.895376457763116,0.987487431244243
cg01778153,chr11,18035136,SERGEF,Island,0.00628812699138744,0.00329875184987729,0.110463162272441,0.912097371744112,0.895452358841679,0.987487431244243
cg25076881,chr1,159409836,OR10J1,OpenSea,0.0027624211980247,0.0485504873609167,0.110215283160369,0.912293824778862,0.895615751342033,0.987540770505808
cg25432997,chr17,7137540,DVL2,Island,-0.00456041519304128,0.00519083271723932,-0.204515965167335,0.838054164174904,0.895727387906667,0.987540770505808
cg07195508,chr1,67390935,MIER1,Island,-0.00653731200600048,0.00229239415987623,-0.204084524002527,0.838391067339859,0.896011793356254,0.987600152928963
cg24969820,chr3,98497864,ST3GAL6,OpenSea,-0.00381622543599327,-0.0375303274756179,-0.203773049362544,0.838634309701928,0.896217125339013,0.987620710029675
cg16273909,chr7,116504769,CAPZA2,S_Shore,0.00394072427907662,-0.0109439504871489,0.109054313190901,0.913214006293039,0.896381077496731,0.987626074869516
cg01023714,chr4,10084725,WDR1,OpenSea,-0.00679850669634539,-0.00141141386024668,-0.20285253697919,0.839353263107583,0.896823991028843,0.987654799905237
cg07112604,chr14,91836354,CCDC88C,OpenSea,0.00210809677823,0.0363881263134359,0.108282586053953,0.913825739738493,0.896889863228794,0.987678673451869
cg23830205,chr3,71127516,FOXP1,OpenSea,0.0051324688997905,-0.0114407917731343,0.108117391150986,0.91395669327221,0.896998778754843,0.98768564309815
cg01022670,chr10,729711,DIP2C,OpenSea,0.00374036947595553,0.00463824767943877,0.107458179925167,0.914479287425478,0.897433426104022,0.987757638255402
cg24623608,chr7,116503366,CAPZA2,S_Shore,0.00221865219656004,0.00275677887239678,0.105876522866729,0.915733307660465,0.898476408381679,0.987957153987655
cg06377278,chr1,25256369,RUNX3,Island,0.0040233143335867,0.00115306928165469,0.105835835300188,0.91576556967694,0.898503241052349,0.987957153987655
cg17431301,chr4,910018,GAK,S_Shore,0.00407977447398515,-0.0235014116826231,0.104986882321032,0.916438753813371,0.899063135702721,0.987991934565233
cg06905511,chr5,139062493,CXXC5,S_Shore,0.00720372988818638,0.0320720476434374,0.104559570389935,0.916777617055863,0.899344972062136,0.988061374502438
cg23014871,chr10,43656166,CSGALNACT2,OpenSea,0.00265872845989688,-0.04221223888777,0.104451619247398,0.916863225948957,0.899416173949204,0.988068726078194
cg09963654,chr16,2806322,SRRM2,Island,-0.0073684603091039,-0.0186710821498556,-0.198270340111311,0.842934115138373,0.89984578465792,0.988132658404562
cg19506602,chr19,16641837,CHERP,Island,-0.00478971808703533,0.00100742414726007,-0.19818894021933,0.842997756466489,0.899899478210741,0.98814064147564
cg10357909,chr16,479994,RAB11FIP3,S_Shelf,-0.00440566714070131,-0.00724536547696553,-0.197972012388614,0.843167363377964,0.900042571864947,0.988180389601613
cg12808565,chr10,729259,DIP2C,OpenSea,0.00524288963300494,-0.00241717347356796,0.103381598870846,0.917711840332638,0.900121976451922,0.988195842786805
cg19501345,chr7,73703695,CLIP2,Island,-0.00579094140572911,-0.000361431960790512,-0.197768059116213,0.843326832677796,0.900177109982017,0.988215159403005
cg04482794,chr1,226925181,ITPKB,Island,0.00356981117424247,0.00423249478061941,0.103068768216948,0.917959958656723,0.900328339486456,0.988217554866641
cg14466661,chr10,431934,DIP2C,OpenSea,0.00262250773657211,0.0119808485321657,0.102836189438527,0.91814443125377,0.900481767637327,0.988218570818355
cg01431057,chr1,153362927,S100A8,OpenSea,0.00173206722507816,-0.0584061908624186,0.102584785414101,0.918343840290657,0.900647618655613,0.988218570818355
cg05296777,chr10,73829074,SPOCK2,OpenSea,-0.00677358907403113,-0.0181303847852815,-0.197040033245987,0.843896122351412,0.9006573768295,0.988218570818355
cg12083232,chr6,29571438,GABBR1,OpenSea,-0.00428146297614514,-0.00072531005728016,-0.197002642353888,0.843925362877848,0.900682043977467,0.988218570818355
cg01055824,chr14,91818668,CCDC88C,OpenSea,-0.00944332319662486,0.0290604867012939,-0.196986744449622,0.843937795465301,0.900692532014032,0.988218570818355
cg00691168,chr12,100594586,ACTR6,Island,0.00434421490041115,0.00864292363770443,0.102388090357921,0.918499858778025,0.900777381239528,0.988218570818355
cg00208274,chr7,4779342,FOXK1,OpenSea,-0.00542137302811215,0.0165811232501243,-0.196650189081254,0.844200999942211,0.900914565659955,0.988218570818355
cg00599401,chr6,30538989,ABCF1,Island,0.00226752206227825,0.00630167837689415,0.102048184655994,0.918769479348307,0.901001628214149,0.988221815296859
cg14039999,chr3,71042466,FOXP1,OpenSea,-0.00461323740139782,-0.00303128154838839,-0.196369840561057,0.844420260960375,0.901099524220145,0.988237479735212
cg05936283,chr4,891971,GAK,N_Shore,0.00259333523769857,0.00256429013569859,0.100717836843212,0.91982482993662,0.901879378249338,0.988347304580138
cg20349812,chr7,4764941,FOXK1,Island,-0.00792686357493525,-0.00877970857307003,-0.195103638168155,0.845410710338813,0.901934961783492,0.988347304580138
cg19126169,chr11,71725590,NUMA1,OpenSea,-0.00643837369322017,-0.00458745182807474,-0.195091426640318,0.845420263642077,0.901943019453097,0.988347304580138
cg20139800,chr6,29599178,GABBR1,N_Shore,0.00330671353690078,-0.00429044360754527,0.100509132096112,0.919990406075972,0.902017090445223,0.988357978385568
cg04653469,chr4,1232739,CTBP1,N_Shore,0.0029511028163794,-0.00166783046432373,0.100113466682674,0.920304317216147,0.902278175265637,0.988369758633615
cg08111832,chr14,24868082,NYNRIN,N_Shore,0.00286596820435607,-0.024800416055266,0.0992978325808459,0.920951460392535,0.9028164150498,0.988397633012755
cg12500884,chr19,56165125,U2AF2,Island,0.00256171800050391,0.00159486224700345,0.0992129261804116,0.921018830143765,0.902872447650406,0.988402753872239
cg24866203,chr1,65414209,JAK1,OpenSea,-0.00786326903170077,-0.0147701359634672,-0.193235306500069,0.846872605102385,0.903167881040306,0.988433936836714
cg26511507,chr10,556548,DIP2C,OpenSea,0.00253934592031926,-0.00238479800347236,0.0984741592358731,0.921605035414698,0.90336000529031,0.988444175232345
cg06087537,chr9,36401074,RNF38,Island,0.00570036739283036,0.00610597839810979,0.0982931506008348,0.92174867075615,0.903479469561444,0.988455157640565
cg12385017,chr6,42978447,PPP2R5D,N_Shelf,0.00207979508726135,-0.00112481743423332,0.0980449338432186,0.92194564175985,0.90364329421551,0.988460872713238
cg26168907,chr6,32977223,HLA-DOA,S_Shore,-0.00569679185819773,0.000260635104077644,-0.192482412575369,0.847461864327575,0.903664784823884,0.988461541802057
cg11065634,chr14,99736978,BCL11B,Island,0.00333472941913373,0.00332080351887597,0.0973614401973582,0.922488049073923,0.904094425590324,0.988461541802057
cg00875911,chr4,1224246,CTBP1,N_Shore,-0.0102416022095757,-0.00231570580145335,-0.191486083886525,0.848241781514381,0.90432241151904,0.988461541802057
cg04250451,chr1,25257784,RUNX3,Island,-0.00636726133153777,-0.00383251293762499,-0.191459719440693,0.848262421395901,0.904339814263341,0.988461541802057
cg07070182,chr4,868311,GAK,S_Shore,-0.00542519364777011,-0.00337696528451281,-0.191443481918409,0.848275133284797,0.904350532412055,0.988461541802057
cg16538366,chr16,3592246,NLRC3,OpenSea,-0.00409783260788421,-0.0127047688809482,-0.19113177947754,0.84851916383,0.904556285966958,0.988505469787385
cg04976226,chr7,4794924,FOXK1,Island,0.0025706132636319,-0.00101281461093183,0.0963186302289559,0.92331567249451,0.904782778782894,0.988517761157992
cg26435178,chr10,73848458,SPOCK2,S_Shore,-0.0061728374395369,0.00149872564936634,-0.190176133880022,0.849267425532887,0.90518714374847,0.988565561889074
cg04221877,chr1,25257515,RUNX3,Island,0.00263542541136502,0.00289382005341143,0.0955167687127973,0.923952124527954,0.905312131904243,0.98857661337515
cg00970757,chr3,71167804,FOXP1,OpenSea,0.00355240964736143,-0.0126064592269736,0.0952903198859674,0.924131869936956,0.905461630924226,0.988606130992914
cg14586363,chr4,1224499,CTBP1,Island,0.00477684668405814,-0.00599184673075226,0.0950177253171783,0.924348249022105,0.905641599298135,0.988633426433894
cg15364504,chr14,69416134,ACTN1,OpenSea,-0.00684678848045424,-0.00228484029295362,-0.189357528206661,0.849908494668702,0.905727583895396,0.988638783318515
cg09005159,chr7,73790765,CLIP2,S_Shore,0.00169091022150676,0.0173796428738754,0.0945260939601618,0.924738508493286,0.905966189161105,0.988638783318515
cg26467471,chr10,676529,DIP2C,N_Shore,0.00354980655642894,-0.0197046911501634,0.0945179818448466,0.924744948084407,0.905971545156404,0.988638783318515
cg25398598,chr6,42952024,PPP2R5D,OpenSea,0.00389520311777825,0.00290190744971428,0.0934599536017564,0.925584878470777,0.90667014110667,0.988761230791656
cg26399819,chr5,56248233,MIER3,Island,-0.00603921628318265,0.00692825872543715,-0.187591987048259,0.851291469575948,0.906893335316429,0.988795004215806
cg21930229,chr1,32758033,HDAC1,Island,0.00270986333537985,0.00899741052892329,0.0930937710354908,0.925875597020013,0.906911941347707,0.988798476097659
cg17466748,chr7,4797989,FOXK1,N_Shore,-0.00493846528066307,-0.00491905078288468,-0.187271894412082,0.851542252243126,0.907104707619766,0.988816150587904
cg26018544,chr1,25230915,RUNX3,S_Shore,0.00161762770484562,0.00042231032531026,0.0927963490230871,0.926111732713128,0.907108343488234,0.988816150587904
cg06834712,chr12,133100405,FBRSL1,N_Shore,-0.00488755856769497,-0.0092812292223412,-0.186502519765335,0.852145095045397,0.907612788962073,0.988889567445319
cg22218588,chr6,155548093,TIAM2,OpenSea,0.00242024253324811,-0.00435047027200874,0.0920247887008993,0.926724336917275,0.907617868537734,0.988889567445319
cg09475262,chr6,132833799,STX7,Island,0.0029470685402851,0.013138277579545,0.0914567907091646,0.927175344394032,0.907992988862374,0.988941264808023
cg17332708,chr4,1231840,CTBP1,Island,-0.00443828000444972,-0.0040907111603764,-0.185815006360638,0.852683868924136,0.908066842585102,0.98895701823029
cg08474953,chr7,70170620,AUTS2,OpenSea,-0.00444792951845227,-0.00167273452865502,-0.185046817953176,0.853285945845287,0.908574211827,0.98895813059867
cg19336198,chr7,4746462,FOXK1,OpenSea,0.00276510372467385,-0.0192563681052462,0.0905288772359814,0.927912186041397,0.908605850633181,0.98895813059867
cg25719378,chr4,1235292,CTBP1,S_Shore,0.00287822195847093,0.000251958775142613,0.0902467001770275,0.928136270785486,0.908792231758263,0.988987974239212
cg24430207,chr6,29589714,GABBR1,OpenSea,0.00183358703671604,-0.0040108883179677,0.0897005811421497,0.928569975514966,0.909152963783252,0.989009693160094
cg26717935,chr16,87759400,KLHDC4,OpenSea,0.00176310827039316,0.00202681075826949,0.0889720284271468,0.929148594525071,0.909634229220664,0.989112580809417
cg16931447,chr4,875861,GAK,Island,-0.00859080463405677,-0.000842269675974561,-0.182781931613533,0.855061575898084,0.910070328961938,0.989198446464284
cg16725583,chr11,58346524,LPXN,Island,0.00204739514239902,0.000268716352272949,0.0881974687029543,0.929763793686396,0.910145922213502,0.989214473107279
cg02935052,chr7,73751804,CLIP2,N_Shore,0.00242438761347225,-0.0208132682555809,0.0879818904416055,0.929935025650826,0.910288345095949,0.9892617055182
cg04825276,chr10,529387,DIP2C,N_Shore,0.0021361420918169,0.00548906484577916,0.0879524552062062,0.929958406058704,0.910307791858752,0.989273795107306
cg23867085,chr6,41561472,FOXP4,Island,-0.00416495931195705,0.000693519591054903,-0.182270076686047,0.855462963348092,0.910408489610346,0.989276047067134
cg03424826,chr18,59561551,RNF152,Island,0.00239964984758362,0.00117345179694719,0.0874862433025724,0.930328726258376,0.910615807842682,0.989285794732805
cg05322632,chr16,70288652,AARS,S_Shelf,0.00188952732556149,-0.00681404045920742,0.0867332397820361,0.93092688195692,0.911113329111681,0.989320838849791
cg07470570,chr7,70163455,AUTS2,S_Shelf,0.00240834791827194,0.0112416589525906,0.0866622382347156,0.93098328475502,0.911160242751704,0.989322547468644
cg15212354,chr10,422330,DIP2C,Island,0.00348215331444348,-0.0041196314795402,0.0849339084307312,0.932356356353285,0.912302316409368,0.989420969604413
cg20409358,chr4,174255887,HMGB2,Island,-0.00573421901071365,0.00253638328260226,-0.178741493270569,0.858231031105667,0.912740112032629,0.989487354252661
cg21791017,chr15,41803772,LTK,Island,-0.00564784721715124,-0.0151984413581313,-0.178426478622232,0.85847823625267,0.912948304693553,0.98952064051604
cg07283804,chr11,18035852,SERGEF,S_Shore,-0.00497389159884503,-0.0258488093440086,-0.177814471718891,0.858958543417222,0.913352796111363,0.9895924793048
cg21250466,chr4,854474,GAK,OpenSea,-0.00339754730252489,0.00817338875384455,-0.175800264953004,0.860539675596588,0.914684196145362,0.989817367437869
cg05540133,chr16,88984237,CBFA2T3,OpenSea,-0.008108202590533,-0.0045688001897024,-0.175498684247539,0.860776461903106,0.914883563091616,0.989830351001725
cg01505148,chr19,56170617,U2AF2,Island,-0.00446848920831338,0.00435551330691175,-0.175296142977174,0.86093549437954,0.915017460720259,0.98983397653077
cg06934004,chr12,133130599,FBRSL1,N_Shore,0.00174108140368674,0.00884188146955545,0.0804461801053623,0.935922565488901,0.915268630063215,0.989837091831351
cg12930795,chr11,13485413,BTBD10,S_Shore,0.00324709717768573,-0.0223307181154725,0.0800086586682455,0.936270315604375,0.915557888256748,0.989856094692754
cg25061304,chr14,99700232,BCL11B,OpenSea,-0.00657014621224942,0.0246909941023498,-0.174341787065227,0.861684916903364,0.915648406470259,0.989866554440232
cg14377523,chr6,29572373,GABBR1,OpenSea,-0.00350461782052297,0.000952506398782527,-0.174298989035557,0.861718527641932,0.915676702440035,0.989866554440232
cg13248847,chr17,7137857,DVL2,Island,0.00159704655134349,-0.00925013946503384,0.0797030049891646,0.936513262035926,0.915759971463011,0.989866554440232
cg11075121,chr12,120967065,COQ5,S_Shore,0.00218159470056028,0.00943833027075963,0.0796390777906384,0.936564074819703,0.915802237676968,0.989866554440232
cg09874796,chr10,661730,DIP2C,OpenSea,0.00186849743012797,0.00183438521786339,0.0793446788833809,0.936798082286513,0.915996886023418,0.989867112994877
cg03946034,chr14,91885274,CCDC88C,Island,0.00191870053042282,0.00441756073284041,0.0791382748998158,0.93696214891351,0.916133357584786,0.989874763800954
cg03021297,chr16,88986307,CBFA2T3,OpenSea,0.00201591486330997,0.00389578369027843,0.0790966211463761,0.936995259021185,0.916160898790947,0.989874763800954
cg13477178,chr10,375248,DIP2C,S_Shelf,0.00336891020561791,0.0082145938581567,0.0786689202598934,0.937335240039085,0.916443697808226,0.989914785199897
cg15268622,chr1,167189846,POU2F1,Island,0.00267478659717475,0.0017368341710919,0.0782360394157862,0.937679350301224,0.916729932619308,0.98994596860328
cg13305657,chr1,25258181,RUNX3,Island,-0.00442046590352484,0.00513279065605987,-0.172608484968361,0.863046338012831,0.916794466373538,0.98996445854848
cg18293833,chr6,29600462,GABBR1,Island,-0.00561160818380432,0.00395823402341061,-0.171951730160556,0.863562292582894,0.917228758171206,0.990037734524918
cg15797801,chr7,100473054,SRRT,Island,-0.005918694922805,0.00210190800862771,-0.170900088375952,0.864388596728743,0.917924227997169,0.990139754817186
cg21366688,chr6,134491421,SGK1,OpenSea,0.00220632330103876,0.00468547754621651,0.0762695281548011,0.939242736563782,0.918030388817713,0.990139754817186
cg12315353,chr6,29573089,GABBR1,OpenSea,0.00155508429674514,-0.000895978936744812,0.0756871369558076,0.939705785863487,0.918415567051575,0.990162319909249
cg23502751,chr10,445130,DIP2C,Island,-0.00555449308299682,-0.0131803127242777,-0.169993043741206,0.865101406494969,0.918524123565982,0.990171657365336
cg05336292,chr10,466338,DIP2C,Island,-0.00501088093654343,0.00744894509802585,-0.169396540193033,0.865570234648217,0.918918660694995,0.990274066799991
cg01716603,chr17,37029974,LASP1,S_Shelf,-0.00470717771575263,-0.00186308980945837,-0.169337074094134,0.865616975251528,0.918957993633926,0.990286193051174
cg13944685,chr11,71710643,IL18BP,OpenSea,-0.00393201026223046,0.0185922738671024,-0.168749502098423,0.866078834643034,0.919346644762322,0.990350641513888
cg07704585,chr7,148936630,ZNF212,Island,-0.00338702145139235,0.0043916268462308,-0.168691557148204,0.866124384605183,0.919384973655886,0.990350641513888
cg25662963,chr7,69062887,AUTS2,Island,0.0016065936871362,-0.00297254006588212,0.074173787930459,0.940909119115622,0.919416545624009,0.990350641513888
cg11198912,chr10,403424,DIP2C,OpenSea,-0.00407210071692786,0.000705971344385103,-0.168214023294373,0.866499786308004,0.919700855488697,0.990362014366239
cg26314512,chr10,629625,DIP2C,N_Shore,-0.00814934367538867,-0.0191208591676243,-0.16821323110132,0.866500409096573,0.919701379523644,0.990362014366239
cg04462378,chr11,71749760,NUMA1,OpenSea,0.00205184066157591,0.00706045806511357,0.0735513743532558,0.941404068168335,0.919828267487757,0.990388729405667
cg09951485,chr11,117103753,PCSK7,Island,-0.00645119573642852,0.00220115008341291,-0.167851889624541,0.866784489102917,0.919940410196966,0.99041322115403
cg11152302,chr14,24867472,NYNRIN,N_Shore,-0.00271343477295227,-0.0423378652992483,-0.167730325231411,0.866880064671965,0.920020827775955,0.990443313396542
cg24052039,chr1,9004961,CA6,OpenSea,-0.00291806981058511,0.00559226549087288,-0.167316096853006,0.867205751283343,0.920294855297846,0.990460737042331
cg07674304,chr16,78585546,WWOX,OpenSea,0.00287790799007108,0.0426859460393861,0.0718453519709132,0.942760828890443,0.920956898232514,0.990553110092625
cg07629454,chr3,121903520,CASR,Island,0.00276096026558645,-0.000785251324862332,0.0717452613492472,0.942840433896871,0.921023118832739,0.990553110092625
cg20472384,chr10,531584,DIP2C,S_Shore,0.0038508477035564,-0.000442890586586864,0.0717311997082874,0.942851617578193,0.921032422148883,0.990553110092625
cg20033771,chr10,94818704,EXOC6,N_Shore,-0.00620780965240316,-0.015537883873863,-0.16606644685573,0.868188424113303,0.921121602594557,0.990553110092625
cg23350889,chr12,133100618,FBRSL1,N_Shore,-0.00385924797941877,0.00283644609614089,-0.16582849124892,0.868375565731743,0.921279039687831,0.990573298562335
cg11192141,chr7,2962304,CARD11,OpenSea,0.00158370428380215,0.00154401321746411,0.0712216467050035,0.943256889300132,0.921369554570219,0.990615786778499
cg15792252,chr13,96297051,DZIP1,Island,0.00191844946519395,0.00060277647199164,0.0711191241265948,0.943338432164647,0.921437387663022,0.990621848227602
cg15503438,chr7,38217829,STARD3NL,Island,0.00400446081380506,0.00233982477313805,0.0711149525867488,0.943341750073815,0.921440147734948,0.990621848227602
cg01331540,chr3,71027020,FOXP1,OpenSea,-0.00526924958716036,-0.0127901176831953,-0.165450833709928,0.868672591968458,0.921528913235657,0.990630385477598
cg13074686,chr4,864597,GAK,N_Shore,0.00199388316975032,0.000451133092607914,0.0708704190739577,0.943536245919153,0.921601943379024,0.990653642644239
cg15136600,chr6,29571468,GABBR1,OpenSea,0.00301779886729156,-0.00431194024040604,0.0695951960051207,0.944550580975025,0.922445747387979,0.990740087488063
cg05446414,chr11,71710982,IL18BP,OpenSea,-0.00322669265632682,0.00769262048757702,-0.163303924502353,0.870361480285954,0.922949541917644,0.99082325180718
cg05057515,chr16,89024657,CBFA2T3,OpenSea,0.00173406950824277,-0.0263314623118788,0.0679039860351679,0.945895938327959,0.923564940807996,0.990910442550011
cg00426310,chr5,139030390,CXXC5,S_Shore,-0.00314851840999405,-0.0182324585718479,-0.162341992593052,0.871118387004619,0.923586140729865,0.990914274161693
cg11105872,chr3,71543684,FOXP1,OpenSea,0.00218415913460008,-0.00304244813942245,0.0664515996056532,0.947051435351904,0.924526208648768,0.991055687341364
cg25210835,chr1,110254828,GSTM5,OpenSea,0.0077818851554829,0.00407831963627586,0.0660628646894524,0.94736072613242,0.924783513183248,0.991116309858749
cg10052687,chr7,73787374,CLIP2,N_Shelf,0.00355186518660315,-0.00261883079498226,0.065986453936784,0.94742152207571,0.924834090562297,0.991136140096349
cg22741626,chr20,57463265,GNAS,N_Shore,0.00208876186002893,0.00152434703391469,0.0659812801017052,0.947425638630281,0.924837515209328,0.991136140096349
cg17975492,chr12,6677651,NOP2,Island,-0.00541756537360727,0.00335312843186494,-0.160038624724777,0.87293129767744,0.925110689245225,0.99116428170463
cg09621618,chr3,71117979,FOXP1,S_Shelf,0.00183912953010962,-0.00893322272203245,0.0653226022466578,0.947949726203468,0.925273516333409,0.991189829050214
cg18919072,chr12,133130341,FBRSL1,N_Shore,-0.00492202467298154,0.000468694736201369,-0.158261608273203,0.87433039153827,0.92628704560054,0.991321722383033
cg10837846,chr14,91758641,CCDC88C,S_Shelf,-0.00433156472379609,-0.00237904698996472,-0.15824953453435,0.874339898878629,0.926295038775914,0.991321722383033
cg02142767,chr12,125348525,SCARB1,Island,-0.00456756172150471,0.00143569195924222,-0.15818469357553,0.874390957530193,0.926337965552596,0.991321876878889
cg06779606,chr7,3041079,CARD11,OpenSea,-0.0085271643602669,-0.0170960605372975,-0.157859665728198,0.874646906803818,0.926553147552435,0.99137983067034
cg01046287,chr14,24868164,NYNRIN,Island,-0.00560036936721461,0.00322012416255735,-0.157180556816472,0.875181726309416,0.927002763315502,0.991438820624065
cg08919486,chr4,859471,GAK,OpenSea,-0.00582721352112182,-0.00690703873955012,-0.15602944819566,0.876088390936829,0.927764927791989,0.991558974920783
cg15602741,chr7,2976855,CARD11,OpenSea,0.00132299494246563,-0.00329044232457543,0.0611609189582281,0.951261549425299,0.928028788689844,0.99158404097327
cg07753525,chr16,79030857,WWOX,OpenSea,0.00168039119851295,-0.00213264173231231,0.0610715075325909,0.951332711564323,0.928087993756762,0.99158404097327
cg03742808,chr17,76128634,TMC8,S_Shore,-0.00297925411697556,0.00150061544027418,-0.155285502151312,0.876674443033485,0.928257539762352,0.99158404097327
cg22549984,chr10,395367,DIP2C,Island,0.00188535957946879,0.00436861025076507,0.0607531363673523,0.951586104857422,0.928298811052584,0.99158404097327
cg23331010,chr3,98512690,ST3GAL6,OpenSea,-0.00639932802855001,-0.0107957048579337,-0.154976311538248,0.876918031497308,0.928462281791415,0.991621818643821
cg27078927,chr16,88964528,CBFA2T3,N_Shore,-0.00397876068767133,0.00606282463446062,-0.154895541321211,0.876981666318432,0.928515767566283,0.991621818643821
cg19196826,chr7,3018391,CARD11,OpenSea,-0.00415728558609414,0.0010192027048178,-0.154584765959829,0.877226518147848,0.928721565008958,0.991621818643821
cg11791427,chr7,73704194,CLIP2,S_Shore,-0.0069714550799167,0.0036462077910556,-0.154381438873894,0.877386720656573,0.928856212093485,0.991621818643821
cg24514884,chr6,134639203,SGK1,S_Shore,0.00128980030758679,0.000675879050231643,0.0597036156467164,0.952421458602635,0.928993812567426,0.991621818643821
cg05145608,chr7,4757991,FOXK1,Island,-0.00353051808810536,-0.0078218941046645,-0.153723956943827,0.877904788691742,0.929291623123376,0.991621818643821
cg20997792,chr6,29595491,GABBR1,Island,-0.00297412299962583,-0.0107085805766728,-0.152889927276762,0.878562044397389,0.929843981620639,0.991690018060087
cg17079987,chr10,557562,DIP2C,OpenSea,-0.00886737020661118,-0.00747308747507414,-0.152533017816459,0.878843332006397,0.930080364817049,0.991722578516635
cg19565710,chr6,41513963,FOXP4,Island,-0.00368664145451806,0.00321517922937237,-0.152067051291377,0.879210592806032,0.930388986417998,0.991744755334424
cg21591173,chr7,69063475,AUTS2,Island,-0.00535077913285569,0.00317244026660903,-0.151939195464518,0.879311369487547,0.930473670449147,0.991744755334424
cg16249827,chr19,11153168,SMARCA4,S_Shore,-0.00341365257653364,-0.00883538916233373,-0.151718935338854,0.879484984358527,0.930619559391198,0.991744755334424
cg09910755,chr10,43633827,CSGALNACT2,Island,0.00294497901096574,0.00288320935701448,0.0560208512196742,0.955353120935289,0.931432995391022,0.991926025814366
cg22669060,chr21,34774882,IFNGR2,N_Shore,0.0018055664608643,-0.0544970917157388,0.0557803229717233,0.955544614824262,0.931592325649492,0.991971619684194
cg18560571,chr14,91758902,CCDC88C,S_Shelf,0.00177503233409969,-0.00332536942613781,0.0555689644339367,0.955712887699381,0.931732335627797,0.99198628642086
cg06510621,chr16,88956534,CBFA2T3,Island,0.00185786697409986,-0.00805674476624319,0.0551392791457889,0.956054987284924,0.932016978036958,0.992035980901182
cg15638239,chr7,3025736,CARD11,OpenSea,-0.00453342071923213,-0.00562360096537373,-0.148537125927755,0.881993615620895,0.932727283414997,0.992195205368193
cg13656738,chr19,11151937,SMARCA4,Island,-0.00434983064097582,-0.0095006532402433,-0.148477852543534,0.88204035984082,0.932766552367894,0.992200449402057
cg07895210,chr4,905288,GAK,N_Shelf,-0.00381458970573553,-0.00306456329407723,-0.14797575105335,0.882436344014425,0.933099204004499,0.992275635317737
cg06643271,chr17,76128170,TMC8,Island,0.00152582263443934,0.00384646233132527,0.0535009192252039,0.957359463067126,0.933102379080049,0.992275635317737
cg02149083,chr14,91739824,CCDC88C,S_Shore,-0.00337579352177335,-0.0045182687708164,-0.147845755397088,0.882538870373903,0.933185330466705,0.992275635317737
cg04712122,chr14,99655747,BCL11B,OpenSea,0.00188443284759464,0.040490000765623,0.0529287100622254,0.957815087945601,0.933481492730581,0.992275635317737
cg09522479,chr10,604032,DIP2C,OpenSea,-0.00561725783365649,0.00623428724226116,-0.146963347988165,0.883234868978019,0.933769975457966,0.992296982085603
cg07169712,chr6,29571419,GABBR1,OpenSea,0.00229916280973842,-0.00732426377478623,0.0522142471130448,0.958384002632384,0.933954876920375,0.99232400043862
cg05292788,chr6,29586060,GABBR1,OpenSea,-0.00608579160283341,-0.00699818538036756,-0.145758564460666,0.884185287662529,0.934568270551505,0.992401979978504
cg17892069,chr7,70061616,AUTS2,S_Shore,0.00134011350561755,-0.0115990562563899,0.0511114136204734,0.959262211838398,0.934685630916899,0.992436543359603
cg07577934,chr1,202116537,PTPN7,S_Shelf,-0.00280683847553073,-0.00600603050806381,-0.14546107713719,0.884419992570831,0.934765397177532,0.992436543359603
cg12550203,chr12,122497302,BCL7A,OpenSea,-0.00320433149847919,-0.00338623385315029,-0.145233355542077,0.884599662152878,0.934916297032413,0.992457733658115
cg07186557,chr16,570765,RAB11FIP3,OpenSea,0.00108249207392617,-0.00399734095105708,0.0504135112162996,0.959817991719179,0.935148099980034,0.992457733658115
cg15012864,chr1,226891415,ITPKB,S_Shore,-0.002770325616163,0.00111363262883962,-0.144389162536589,0.885265772116275,0.935475722405451,0.99247659745853
cg06832898,chr16,89033785,CBFA2T3,Island,0.00186913669525639,-0.0432501103145949,0.0497166358654613,0.960372973258539,0.935609910297064,0.992487763617013
cg15515537,chr12,133067734,FBRSL1,Island,0.00125754282747054,0.00227500078548085,0.0493305411841128,0.960680461843528,0.935865779605257,0.99250527651718
cg04814467,chr4,1855934,LETM1,N_Shore,-0.00302295060281897,-0.00263044952665592,-0.143793980641603,0.885735448969742,0.935870153573608,0.99250527651718
cg27519411,chr1,67390349,MIER1,N_Shore,-0.00406396779762987,0.0117171990798274,-0.143588438201272,0.885897658378131,0.936006371635243,0.9925399316169
cg09149974,chr10,94754429,EXOC6,OpenSea,0.00664268598759702,-0.0251457192070353,0.0490435325605802,0.96090904138533,0.936055987757031,0.992551936572488
cg12389346,chr4,1215112,CTBP1,N_Shelf,-0.00524657852559374,-0.00544093652730759,-0.14347128696749,0.885990113608876,0.936084011495305,0.992555371854835
cg25178645,chr1,25228687,RUNX3,Island,0.0011423149127169,0.00574556445232211,0.0489141576111087,0.961012079298731,0.936141729127495,0.992555371854835
cg09580882,chr1,226890942,ITPKB,N_Shore,0.000966589374453714,0.00482284129004346,0.0485182054003285,0.961327431028712,0.936404145307234,0.992563898276697
cg17020562,chr18,59560495,RNF152,Island,-0.00402430571621226,0.00172833616218497,-0.142816633676532,0.886506791703618,0.936517882283864,0.992565105945719
cg21080452,chr6,29589960,GABBR1,OpenSea,0.00087696251220147,0.0145699663491501,0.0476400284982099,0.962026866846069,0.936986179114644,0.992618391271342
cg04583813,chr10,560323,DIP2C,OpenSea,-0.00619570537742671,0.00376747968817814,-0.141509256752905,0.887538769640192,0.937384401270211,0.99270430408374
cg08110692,chr16,552240,RAB11FIP3,OpenSea,0.00116023920174091,0.042026471088363,0.0469363444265613,0.962587346696121,0.937452587730885,0.992706012545814
cg07223648,chr16,57033970,NLRC5,OpenSea,-0.00210030211598401,0.0363230782221707,-0.140354042404666,0.888450797395303,0.938150129866643,0.992815103484325
cg14034782,chr12,133123459,FBRSL1,N_Shelf,-0.0039331694055018,-0.002254413055366,-0.139292349889063,0.889289121555553,0.93885391839684,0.992880425790627
cg14009013,chr17,47300216,ABI3,N_Shore,-0.00295126132606091,-0.00620680867470191,-0.139084519824974,0.889453241049705,0.938991693097613,0.992880425790627
cg15460899,chr1,205039083,CNTN2,Island,-0.00561828483766334,0.000931503926082211,-0.138743070205614,0.88972288771617,0.939218050833454,0.992927548622338
cg24974009,chr7,2983737,CARD11,OpenSea,0.0010029783780308,-0.00187563320065953,0.0441986988395934,0.964768037847538,0.939267328438506,0.992929912281313
cg24562018,chr10,468849,DIP2C,S_Shelf,-0.00354690637294528,0.00759469171474048,-0.13861757546475,0.889821995567005,0.93930124649553,0.992933953999192
cg23398318,chr14,99664135,BCL11B,OpenSea,-0.00628512987174149,-0.00284306056407657,-0.138310677219104,0.890064371771114,0.93950470484445,0.992958457704398
cg23234756,chr3,71561122,FOXP1,OpenSea,0.00197461412968591,-0.0260830559580534,0.0431030330144608,0.965640873328027,0.939993716397794,0.99306154725549
cg09961254,chr10,627679,DIP2C,N_Shelf,0.00147752902803888,0.0104656610774017,0.042636390376361,0.966012625423472,0.940303099271731,0.993109251504482
cg11585280,chr1,25292059,RUNX3,OpenSea,-0.00242724766816754,0.0336239487335838,-0.137000123053885,0.891099511861193,0.940373581672402,0.993134093416065
cg16385335,chr11,71710614,IL18BP,OpenSea,-0.00391335993148617,0.0246275493146224,-0.136747193831785,0.891299309295853,0.940541277977196,0.993149105409478
cg11746362,chr12,132502402,EP400,OpenSea,-0.00353442507871012,-0.00339170477772721,-0.13661336609484,0.891405027201133,0.940630009072177,0.993159795675744
cg22855438,chr1,67395917,MIER1,Island,0.00181866970342303,0.00458732475844531,0.0419513846795917,0.966558350437252,0.940757272601004,0.993183955921491
cg21064939,chr6,134496060,SGK1,Island,-0.00484328378453105,-0.000697180144296664,-0.136366168917566,0.891600306969079,0.940793908843234,0.993186339548908
cg15306863,chr10,459908,DIP2C,Island,-0.00818298869088004,-0.0138327122866693,-0.135358484052291,0.892396421699973,0.941462062565616,0.993258117802814
cg07992340,chr16,70320238,AARS,N_Shelf,0.00149290948153917,-0.0143937978226796,0.0408302217530771,0.967451583609325,0.941500668946188,0.993258117802814
cg18072095,chr5,102595396,C5orf30,Island,-0.00728706632102287,0.00246906408042112,-0.135152384494008,0.89255926272192,0.941598723660001,0.993304538693574
cg07018980,chr4,895604,GAK,S_Shore,-0.00331840142171191,-0.00348338591291708,-0.134978688136159,0.892696505229563,0.941713900081393,0.993322305879762
cg20887442,chr11,71725424,NUMA1,OpenSea,-0.00232832310321475,-0.0574843827579941,-0.134728072716718,0.89289452939219,0.941880082956585,0.993328060721676
cg24939380,chr4,84189574,COQ2,OpenSea,-0.00420996428116487,-0.0124043958787887,-0.134486526613236,0.893085393764195,0.942040254370583,0.993328060721676
cg13743387,chr4,54280858,FIP1L1,OpenSea,0.00137845998271431,-0.0167186552096488,0.0397195527496325,0.968336496670286,0.942237157465916,0.993328060721676
cg08422745,chr4,174089978,GALNT7,N_Shore,-0.00544823318803663,-0.00251769701726201,-0.134153125116482,0.893348850438091,0.942261339778902,0.993328060721676
cg02816367,chr6,112081490,FYN,OpenSea,0.00167492443125697,0.0363118495733728,0.0391334587621806,0.968803476320069,0.942625818397205,0.993377905441877
cg21164975,chr6,41567658,FOXP4,OpenSea,-0.00559363097594764,-0.00804417342339481,-0.132512865586294,0.894645168817191,0.943349094159831,0.993468149747487
cg14665414,chr6,29596574,GABBR1,S_Shore,-0.00501403077693982,0.00442642906330705,-0.132402723508132,0.894732225689381,0.943422139779787,0.993471703527221
cg08410533,chr10,375830,DIP2C,S_Shelf,0.00155300327248103,-0.00700024931745302,0.0378971567625334,0.969788554500598,0.943445701367093,0.993471703527221
cg04101379,chr13,96297197,DZIP1,S_Shore,0.00128956293818133,0.00314797622123747,0.0375195419096301,0.970089445094205,0.943696137591941,0.99350988281967
cg25522738,chr7,2416486,EIF3B,N_Shelf,0.00066909252899397,-0.00232040065411532,0.037443263156482,0.970150225954865,0.94374672675249,0.993527771078468
cg06212498,chr3,49045151,WDR6,Island,-0.00365494888715536,-0.00225890104659431,-0.131584810661766,0.895378748009667,0.943964589921617,0.993540488736879
cg03063857,chr6,29585617,GABBR1,OpenSea,-0.00499598089549282,-0.0127785585603865,-0.13155129796684,0.895405239737371,0.943986816520552,0.993540488736879
cg21356104,chr6,132834508,STX7,S_Shore,0.000700169708387738,0.00512001295913085,0.0370209697358309,0.970486723287859,0.944026801891202,0.993540488736879
cg18837713,chr12,77159365,ZDHHC17,S_Shore,-0.00424320824163173,-0.00767647823289963,-0.130935663842721,0.895891918253874,0.944395130809375,0.993578839394248
cg06821789,chr12,25351860,LYRM5,S_Shelf,-0.00495874284889736,-0.0169299840949295,-0.130590302223609,0.896164954919709,0.944624195477341,0.993625701341638
cg19909623,chr7,70158761,AUTS2,Island,0.000881081661783179,-0.00288096390847538,0.0358628885251908,0.971409547495953,0.94479490456874,0.993637429210017
cg05710651,chr4,1208737,CTBP1,N_Shore,0.00110543094789506,0.00125906337135429,0.0357253646786143,0.971519136804066,0.944886121314541,0.993651888481974
cg06439280,chr5,56218527,MIER3,OpenSea,-0.00427568355893194,-0.0128194509582206,-0.12986175119873,0.896740974666584,0.945107429479351,0.993681063469755
cg15963983,chr3,71020458,FOXP1,OpenSea,-0.00400418239263415,-0.0137578840656551,-0.129777866882521,0.896807300264109,0.94516306964681,0.993681063469755
cg01973164,chr16,89972593,TCF25,OpenSea,0.000839172735679082,-0.00264567890707179,0.0346402436896726,0.97238386130076,0.94560588505258,0.99372469970605
cg18971647,chr4,83956927,COPS4,OpenSea,0.000918375558480265,-0.00677506425411154,0.034410012882084,0.972567334669711,0.945758603510712,0.993733360483732
cg08816443,chr16,926409,LMF1,N_Shore,0.00191805411593894,-0.00526942811539266,0.03434664822499,0.972617830892167,0.945800635389165,0.99373426864191
cg21498002,chr11,18656420,SPTY2D1,Island,0.00101777608573588,0.00301699966206946,0.0336549851332124,0.97316903445233,0.946259448242635,0.993759647860878
cg17631894,chr7,4761793,FOXK1,N_Shelf,-0.00334106813090163,-0.00469198764460632,-0.127422189641702,0.898670179516792,0.946725690191886,0.993783375449047
cg07999415,chr11,71724338,NUMA1,OpenSea,0.000907984265327099,0.000558869352509595,0.0326279120461151,0.973987558252347,0.946940787256455,0.993812509639195
cg14121234,chr10,696332,DIP2C,OpenSea,-0.00585375006334688,-0.00515794105279865,-0.126954961817811,0.899039732151031,0.947035646757402,0.993812509639195
cg25712088,chr10,531569,DIP2C,S_Shore,0.00169123807251455,0.00237455881304521,0.0321891443940661,0.974337241670242,0.947231868488729,0.993826382214526
cg04794662,chr3,71178485,FOXP1,OpenSea,0.00119827162292532,0.0382306170604805,0.0316331862120446,0.974780329196909,0.947600704770822,0.993892012987416
cg05421149,chr16,943038,LMF1,N_Shelf,-0.0034601926653893,-0.00190819806335218,-0.124331737393363,0.901114970465986,0.948776028037442,0.994016315351891
cg24988884,chr13,30424332,UBL3,Island,-0.00483142970200643,0.00157568453369095,-0.123693435913256,0.901620035288456,0.949199547181993,0.994063457618956
cg04245829,chr11,775135,PDDC1,N_Shore,0.00100939034646885,0.00436557384531155,0.0286191881667514,0.977182557676251,0.949600458376545,0.994087027434325
cg16066195,chr7,73703691,CLIP2,Island,0.000955530232360115,0.000452616633560415,0.0283022513552121,0.977435176339837,0.949810761031225,0.99412425734079
cg25136495,chr12,6729718,LPAR5,Island,0.00137998229945169,-0.0292588903032913,0.0277015435860013,0.977913984598283,0.950209368799116,0.994201063353794
cg09828538,chr11,17907720,SERGEF,S_Shore,0.000746323626936997,-0.010859117334167,0.0269960679298185,0.978476310751422,0.950677512617114,0.994299807423333
cg10131891,chr16,89019464,CBFA2T3,OpenSea,-0.00352043524072717,-0.00195122119335489,-0.120785156249333,0.903921754530802,0.951129398470397,0.994336255940297
cg05577957,chr4,897054,GAK,N_Shore,-0.00205675858629227,-0.00207106968665305,-0.119688254965491,0.904790094032494,0.951857345878437,0.994419255105103
cg02288341,chr5,137610226,GFRA3,Island,-0.00342956628278631,0.00175858034494975,-0.119454292280909,0.904975320637394,0.952012618058971,0.994419255105103
cg07236146,chr10,94607939,EXOC6,N_Shore,0.000607196612597698,0.00234610162534239,0.0247382360206289,0.980276072170246,0.952175892050338,0.994419255105103
cg09338932,chr12,133073452,FBRSL1,Island,-0.00285171981804967,0.00076957347296347,-0.119174895713306,0.905196523724716,0.952198045374686,0.994419255105103
cg05120225,chr15,75743136,SIN3A,Island,-0.00304841082975137,0.00353906561475602,-0.118589827719419,0.90565975605809,0.952586346231947,0.994488084125558
cg03363565,chr16,474528,RAB11FIP3,N_Shore,-0.00257411232074172,-0.0723589191320948,-0.117955911010457,0.906161701121511,0.953007079951533,0.994499378373036
cg24718710,chr10,334537,DIP2C,OpenSea,-0.00271079311869063,-0.00241594320888439,-0.11766371640483,0.906393078014312,0.953201015403169,0.994518357783023
cg14757311,chr16,962818,LMF1,Island,-0.00458136592798177,-0.00480203409145585,-0.117567156114317,0.906469541891764,0.95326510502483,0.994518357783023
cg11112729,chr7,148936221,ZNF212,N_Shore,-0.00355303626124169,0.00511903556221383,-0.117553558551765,0.906480309559321,0.953274130111435,0.994518357783023
cg04586563,chr10,736974,DIP2C,S_Shore,-0.00402821808706919,-0.00618231760458043,-0.117348798436126,0.90664245753234,0.953410035911637,0.994518357783023
cg05903872,chr10,697901,DIP2C,OpenSea,0.00115210247598181,-0.0111718872176637,0.0222697033180379,0.982243902258012,0.953814293498662,0.994556958785649
cg06541783,chr7,116501312,CAPZA2,N_Shore,-0.00336122149854148,-0.00643605133921454,-0.116703766697015,0.907153278744508,0.953838172827003,0.994563285366963
cg16755026,chr16,989298,LMF1,OpenSea,0.000921478271673539,-0.00851851844537022,0.0221376229614715,0.982349195377477,0.953901962736375,0.994566304039645
cg09075307,chr12,132547245,EP400,OpenSea,-0.00315105361605367,-0.00208597251655274,-0.116487422041895,0.907324617622291,0.953981773608112,0.994579580214325
cg14580649,chr4,1208147,CTBP1,N_Shore,0.000446937818050991,-0.00478754246650059,0.0219302734658187,0.982514492912419,0.954039593503389,0.994579580214325
cg16528305,chr10,537817,DIP2C,OpenSea,0.000509723373249999,0.00523869462662085,0.0219096364049194,0.982530944671117,0.95405329168035,0.994584920193011
cg05579598,chr16,88989069,CBFA2T3,OpenSea,-0.00329995708027819,-0.0381652388388545,-0.116286347628306,0.90748386677989,0.954115239963675,0.994602163043416
cg00492957,chr16,980633,LMF1,S_Shore,0.000686343893046549,-0.00486333999935817,0.0209586622810251,0.983289064321407,0.954684530517103,0.994689925720547
cg01778190,chr16,967680,LMF1,S_Shore,-0.00274007035369667,-0.00238456498228423,-0.115364424130675,0.908214069733835,0.954727197837121,0.994708759826333
cg00988577,chr6,32978548,HLA-DOA,S_Shelf,0.000862699185656487,-0.0132492625845498,0.0206660286421446,0.983522355885477,0.954878780990994,0.994720342634158
cg11493223,chr17,76128522,TMC8,S_Shore,0.000723749915623557,0.00368135853257654,0.0201633317340022,0.983923116069172,0.955212477902912,0.994773879554641
cg17220574,chr10,395292,DIP2C,Island,0.000773016839947221,0.00172510565528372,0.0200135709495002,0.984042509199747,0.955311892629407,0.994791185183409
cg02495971,chr19,56166164,U2AF2,Island,0.000950169711942655,0.00370142276534011,0.0199586753269252,0.984086273485126,0.955348333807327,0.994806727699132
cg27294163,chr16,89022754,CBFA2T3,OpenSea,-0.00280773096989345,0.00393349530601639,-0.114408855410468,0.908971003310953,0.955361517028386,0.994806727699132
cg11910223,chr5,139060821,CXXC5,Island,-0.00253093086000036,-0.000439844033877312,-0.113695396620163,0.909536208752989,0.955835138894176,0.994838049146339
cg01366670,chr16,89004378,CBFA2T3,N_Shore,-0.00143095471470142,-0.043361263852399,-0.112418916707161,0.910547556696135,0.956682555014019,0.994928977787763
cg26435961,chr12,133149563,FBRSL1,S_Shore,-0.00272392733474253,0.000615502900118026,-0.11229924987235,0.910642375549115,0.956762000704368,0.994939430918538
cg18996141,chr3,71359873,FOXP1,OpenSea,-0.00254942119778193,-0.0331570968576175,-0.111839895578004,0.911006359985763,0.957066965698113,0.994971058929205
cg14881459,chr19,797693,PTBP1,Island,-0.00689614609299485,0.00200608285819227,-0.110964724608889,0.911699882215369,0.957648008445468,0.99506424913612
cg10397527,chr6,32977217,HLA-DOA,S_Shore,0.000691826863302895,0.00205369514130566,0.0160770899369488,0.987180893152011,0.95792526582976,0.995129474863485
cg18250646,chr14,75229271,YLPM1,N_Shore,0.000427197530962354,-0.00391556901444978,0.0157958506997862,0.987405121080378,0.958111994163227,0.995151653945791
cg06334667,chr3,9777198,BRPF1,S_Shelf,-0.0031990948169266,-0.0144680585163458,-0.109669291779688,0.912726561376747,0.958508112297212,0.995207566949033
cg13987489,chr14,99664107,BCL11B,OpenSea,0.000498147135156001,-0.0013693975262431,0.0151754987584425,0.987899722110909,0.958523883936229,0.995207566949033
cg22795583,chr4,1224709,CTBP1,Island,0.000541310038840163,-0.00708668225993736,0.0149460723842684,0.988082642890766,0.958676217014487,0.995218953025171
cg14631462,chr10,31607925,ZEB1,Island,0.00101999063774153,0.00690516396455254,0.0145137498626829,0.988427333702194,0.958963271894615,0.995269362967647
cg05819883,chr11,17903316,SERGEF,N_Shelf,0.000330051793244606,-0.00114236140633384,0.0144892369869716,0.988446877887246,0.958979548191393,0.995269362967647
cg12231584,chr1,3701819,LRRC47,N_Shore,0.000356651543537923,-0.0110518349314422,0.0143612283270293,0.988548939666216,0.959064544899656,0.995269362967647
cg00351930,chr10,31607699,ZEB1,Island,-0.00239269769024359,0.00371157747625277,-0.108414596583111,0.913721093855692,0.959341214419642,0.995323988779414
cg26767085,chr19,7977494,MAP2K7,Island,-0.00496919006136672,-0.00231011395540959,-0.108198961374246,0.913892030517881,0.959484398033472,0.99533901440178
cg04054902,chr13,49684404,FNDC3A,OpenSea,-0.00436149302597824,0.010214829972576,-0.107931188936964,0.914104302561532,0.959662203029404,0.995380023765015
cg27335999,chr10,556044,DIP2C,OpenSea,0.000279443168483603,0.00664892551090257,0.013267223191753,0.989421201515906,0.959790974289213,0.995395226536431
cg15176413,chr7,4764443,FOXK1,N_Shore,0.000555898680119518,0.00103446004670421,0.0132048970826852,0.989470895173016,0.959832360405125,0.99539585300122
cg07424155,chr7,116503126,CAPZA2,S_Shore,-0.00353981251186479,0.000715085372580984,-0.10753401922709,0.914419163413023,0.959925933487233,0.995409718600532
cg10022702,chr16,89000666,CBFA2T3,S_Shore,-0.00270745741679367,0.0115745267176272,-0.106740156996886,0.915048547171726,0.960453090652566,0.995443138802
cg13400443,chr10,94593558,EXOC6,OpenSea,0.000294553639268038,-0.00322800042819627,0.0122683819894422,0.990217599267186,0.960454243131987,0.995443138802
cg06266853,chr6,29589707,GABBR1,OpenSea,0.000290211113107,0.00503888738773251,0.0119526004026178,0.990469380847576,0.960663939925923,0.995443138802
cg01017344,chr1,225615852,LBR,Island,0.000567183084195018,0.000910834491168501,0.0116263440376466,0.990729515264844,0.960880595421879,0.995448048478938
cg03382841,chr16,532538,RAB11FIP3,Island,-0.00377105129347959,0.000288943435423183,-0.105847470129075,0.915756344165272,0.961045892084232,0.995482499764008
cg21609430,chr12,56522453,ESYT1,Island,-0.00419464512660326,0.00532881221348931,-0.105827874531354,0.915771881952163,0.96105890506283,0.995482499764008
cg09882144,chr12,125339904,SCARB1,OpenSea,-0.00253010971609228,-0.00813105218778065,-0.105280516494099,0.91620590739022,0.961422396926077,0.995511319215418
cg04958055,chr14,69404437,ACTN1,OpenSea,-0.00213908115740351,-0.0593013821708848,-0.104906130762819,0.916502789555494,0.961671025224513,0.995529332803573
cg08110413,chr16,983225,LMF1,S_Shelf,-0.00218174245008278,0.0178602222497225,-0.104156241338244,0.917097475526167,0.962169035442397,0.995622603723999
cg26718763,chr6,29573014,GABBR1,OpenSea,0.000245516772028035,-0.0126334237628474,0.00958584231863287,0.992356492525865,0.962235686493418,0.995629511498328
cg27598761,chr10,537128,DIP2C,OpenSea,-0.00412119547746913,0.000525721980349392,-0.103027501877624,0.917992689216518,0.962918672108501,0.995679108066829
cg22276612,chr12,133105171,FBRSL1,S_Shelf,0.000315808337060923,0.00245267708446095,0.00851232600972459,0.993212465162332,0.962948649499685,0.995692167583676
cg14338514,chr6,112194697,FYN,Island,-0.00218652311873513,0.00391133569241935,-0.102704093381427,0.918249206767182,0.963133465448948,0.995699615691765
cg05412696,chr16,89973192,TCF25,OpenSea,-0.00422927609349164,-0.00105513825482872,-0.102271011681662,0.9185927270613,0.963421102973628,0.995711756280265
cg20680265,chr7,70194602,AUTS2,OpenSea,0.000216763111887586,-0.00386851469333749,0.00734720587759705,0.994141487325284,0.963722483598301,0.995722926047126
cg13098382,chr9,36401460,RNF38,S_Shore,0.000146877357464604,0.00466364103426729,0.00732865846510459,0.994156276389361,0.963734802451978,0.995722926047126
cg15727759,chr10,431228,DIP2C,OpenSea,0.000277528756136616,-0.00430693727285048,0.0072512927744754,0.99421796513212,0.963786187428395,0.995722926047126
cg09659208,chr10,323366,DIP2C,OpenSea,0.00035182378110874,-0.0195230632700802,0.00712327737383314,0.994320040288907,0.963871213411341,0.995734198874184
cg18100734,chr4,40440904,RBM47,Island,0.000176156760139515,0.00182235704645417,0.0067690276999622,0.994602507495409,0.964106503074466,0.995750729313644
cg00393546,chr10,461919,DIP2C,S_Shore,-0.00377057941173298,0.017746400435434,-0.0996477129528189,0.920673850660319,0.965163505473769,0.995856517110065
cg00554442,chr16,1021074,LMF1,Island,-0.00568339321001326,0.000931128845607289,-0.099327455604814,0.920927955870246,0.965376232878995,0.995884429547627
cg02169333,chr16,57023494,NLRC5,Island,-0.00371391480163528,0.00257347299749437,-0.0987501062196384,0.921386068816912,0.965759737045051,0.995937961371286
cg15760123,chr7,73818414,CLIP2,OpenSea,-0.00250964440169695,0.00305022796863963,-0.0987128546720799,0.921415627930953,0.965784481647946,0.995937961371286
cg09141635,chr4,40623291,RBM47,OpenSea,-0.00462070225865195,-0.0143174746207508,-0.0983847812315882,0.921675959004346,0.966002408162209,0.995973958512308
cg23193730,chr12,133657550,ZNF140,Island,-0.0027973824759721,0.00367828639952665,-0.0981019184309674,0.921900421537226,0.966190305033861,0.99600969976753
cg00979307,chr3,47889555,DHX30,N_Shore,-0.00228020121119367,-0.00712280748957783,-0.0970480943079898,0.922736726412739,0.966890343732033,0.996137406020749
cg05859323,chr12,120967015,COQ5,Island,-0.00290593952554889,0.00798093836479925,-0.0968317266709368,0.922908444367006,0.967034076506429,0.996153435308703
cg27193813,chr12,122492914,BCL7A,OpenSea,-0.00199667727777994,0.00631154999372074,-0.0964465951228148,0.923214108985337,0.967289921601236,0.996190744826204
cg26503153,chr13,108870610,LIG4,Island,5.23464442752724e-05,0.0138680934510183,0.00181279291639121,0.99855450351997,0.967398711139583,0.996215870669535
cg23352157,chr7,3025689,CARD11,OpenSea,3.14289720916953e-05,0.00207904863161201,0.0011965003622162,0.999045926546692,0.967808127082524,0.996260006232256
cg17534092,chr12,125322578,SCARB1,N_Shore,3.89786445103929e-05,-0.00937440819760072,0.00114943193385361,0.999083458267681,0.96783939596715,0.996260006232256
cg23657870,chr6,30539005,ABCF1,Island,-0.00627128895686879,0.00323243388088156,-0.0952199649394969,0.924187715481299,0.96810480137435,0.996300768347117
cg16912088,chr10,31797750,ZEB1,OpenSea,-0.00172532424192113,0.000865567924776212,-0.0951531241588266,0.924240771938743,0.968149206268423,0.99630266461351
cg21150049,chr12,50677498,LIMA1,OpenSea,-1.07963865435908e-05,0.0013585718388093,-0.000434113282421248,0.999653843778411,0.968891418232936,0.996434612904187
cg13351028,chr10,346227,DIP2C,N_Shore,-0.00228460229054072,-0.0104597625959397,-0.0924798694203741,0.926363006193375,0.969925231407636,0.996536177108718
cg17083506,chr17,48226252,PPP1R9B,Island,-9.07049190168997e-05,0.000508222328267985,-0.00224486745947433,0.998209973664991,0.970094452152456,0.996563744274143
cg24194650,chr11,71714351,NUMA1,OpenSea,-0.00192476037508647,-0.000360397406008683,-0.0919941272709401,0.926748682412087,0.970247959262905,0.99657962401867
cg21096502,chr7,56174374,CHCHD2,Island,-0.00180768579796922,0.00407255304328039,-0.0918078664547295,0.926896576919054,0.970371712540109,0.996590724231021
cg01816814,chr16,959883,LMF1,Island,-0.00366163978025646,-0.00179737342952424,-0.0910371102209491,0.927508598411724,0.97088381711613,0.996623961854557
cg17692753,chr14,99642476,BCL11B,Island,-0.00250383436662794,-0.00349118301537266,-0.0909515821791724,0.927576514891606,0.97094064425937,0.996633174584768
cg11421724,chr7,69323175,AUTS2,OpenSea,-0.0021099996885981,0.00359036767515075,-0.0908567618867839,0.927651810821365,0.971003645597575,0.996639653439486
cg08306029,chr10,423607,DIP2C,S_Shore,-0.00011069617467371,-0.00219634510286659,-0.0036755811229296,0.99706914648027,0.971045041957756,0.996645081299021
cg02681389,chr6,29570781,GABBR1,OpenSea,-0.00191729100989436,0.00589633569600689,-0.0906784886194019,0.927793377757873,0.971122095989909,0.996652550940974
cg21627412,chr13,96297281,DZIP1,S_Shore,-0.00021935803754027,-0.0043847651438943,-0.00385829006419007,0.996923457805493,0.971166439788569,0.996652550940974
cg08471846,chr19,799621,PTBP1,S_Shore,-9.1872533762137e-05,0.00162268760619733,-0.00417731463091529,0.996669073863489,0.971378411805042,0.996681318945041
cg09561419,chr16,57055798,NLRC5,OpenSea,-0.00281207451815276,-0.0045112963352969,-0.0901114399475582,0.928243686769857,0.971498865269236,0.996712115451679
cg19341715,chr10,577087,DIP2C,S_Shore,-0.00301530632366904,-0.00774623941456609,-0.0898089362791462,0.928483922732347,0.971699863125593,0.996712115451679
cg13918948,chr10,661388,DIP2C,OpenSea,-0.00242175249130806,-0.00168649768342644,-0.0898002515944418,0.928490819848202,0.971705633670676,0.996712115451679
cg03065612,chr16,3627730,NLRC3,OpenSea,-0.00244094095887694,0.00255957260237465,-0.0897715305815808,0.928513629252735,0.971724717379158,0.996722770270408
cg00903584,chr1,202128682,PTPN7,OpenSea,-0.000226880412165703,-0.000698248996419196,-0.00503757805144975,0.995983118425583,0.971950013469136,0.996751122441303
cg07724466,chr2,30369105,YPEL5,N_Shore,-0.00338264314723763,0.0153592834982599,-0.0888996379331195,0.929206089356912,0.9723040550597,0.996801058245542
cg23601586,chr17,73517413,TSEN54,N_Shore,-0.00195242690521419,0.00160141447369644,-0.0888516629612559,0.929244192809202,0.972335932930492,0.996801058245542
cg22798925,chr20,57464129,GNAS,Island,-0.00220336231775706,0.00207462311917828,-0.0884991157506913,0.929524203503149,0.972570190896026,0.996825900627345
cg22746351,chr19,16638979,CHERP,N_Shelf,-0.00173355406297914,-0.0036968163654173,-0.0871043830984836,0.930632055724339,0.973496975546997,0.996929608917129
cg02748089,chr16,78540172,WWOX,OpenSea,-0.000261765167738997,-0.00680145558296019,-0.00737697806931431,0.994117748015404,0.9735044988321,0.996929608917129
cg02296627,chr16,508045,RAB11FIP3,OpenSea,-0.00285870084808796,-0.026739952149041,-0.0870828038543821,0.930649197432155,0.973511315003928,0.996929608917129
cg25104727,chr1,177001793,ASTN1,OpenSea,-0.0061968106777742,-0.00429130710527115,-0.0864879708388128,0.931121722208814,0.973906586254313,0.996957812340504
cg07554986,chr7,4751906,FOXK1,OpenSea,-0.000231054695401515,-0.00659372379252743,-0.00813826495250817,0.993510726174754,0.974010381005484,0.996957812340504
cg14747339,chr6,132834427,STX7,S_Shore,-0.000257412713011102,0.00360503533667287,-0.00836332386477406,0.993331273276533,0.974159936745234,0.99698784532274
cg05189253,chr14,91755331,CCDC88C,Island,-0.00285492642460568,-0.00501034891932894,-0.0859454415386877,0.931552719097873,0.974267106862025,0.997009424837694
cg02584377,chr12,122489545,BCL7A,OpenSea,-0.000253111774839079,0.00168690424573725,-0.00928021883130724,0.992600181812282,0.974769239458114,0.997089086573419
cg27451521,chr6,32974639,HLA-DOA,N_Shore,-0.000234532806200855,-0.0101902950512102,-0.00929956648635058,0.992584754913504,0.974782096683555,0.997089086573419
cg17851017,chr6,29600994,GABBR1,S_Shore,-0.00246536924828417,7.90983572100945e-05,-0.0850160295535456,0.932291110623092,0.974884730242294,0.997090330872837
cg20202505,chr21,47706161,MCM3AP,Island,-0.000802238971770504,0.00298653464611019,-0.010892687472028,0.991314486191824,0.975840806104335,0.997179935635693
cg11588596,chr1,156737225,PRCC,Island,-0.000255125960011801,0.00285405195157659,-0.0112736781762592,0.991010707912384,0.976094000061513,0.99720793017387
cg18883530,chr7,69913915,AUTS2,OpenSea,-0.00332806357190519,-0.0284040747136642,-0.0831066030986788,0.933808278736232,0.976153650780717,0.99720793017387
cg23927124,chr17,62006357,CD79B,OpenSea,-0.00183890074258699,-0.00453978975597746,-0.0829836839590327,0.933905954611859,0.976235339517102,0.99720793017387
cg09407339,chr3,122283684,PARP9,S_Shore,-0.00251696577565296,0.00881681926597661,-0.0825940955709137,0.934215541852715,0.976494251067912,0.997283973704884
cg19605644,chr16,945558,LMF1,Island,-0.00226108021747693,0.00542523927945271,-0.0819249090813843,0.934747335602429,0.976938982900616,0.997337148340379
cg05656688,chr1,25254088,RUNX3,N_Shore,-0.000356501679264544,0.0667981459151168,-0.0127018536625376,0.989871981653663,0.977043139994954,0.997337148340379
cg04369100,chr17,80391839,HEXDC,N_Shore,-0.00169755853383887,0.000887498939978193,-0.0817240918399495,0.934906928149662,0.977072444590652,0.997337148340379
cg12106271,chr6,155540192,TIAM2,Island,-0.00308881180271955,-0.0216749397151591,-0.0815747248040745,0.935025634131177,0.97717171326167,0.997344202604504
cg11228480,chr12,133066511,FBRSL1,N_Shore,-0.000402340504042268,-0.00284650379801255,-0.0131441836333258,0.989519303068789,0.977337111252719,0.997346743731667
cg07338658,chr16,979488,LMF1,Island,-0.000938991324692089,0.00256510834453205,-0.0138924047402886,0.988922736042618,0.977834383887662,0.997462406624024
cg07588430,chr6,41561444,FOXP4,Island,-0.00351752468876271,-0.00199885498172903,-0.080288388752153,0.936047979558346,0.978026620980804,0.997483631773017
cg25367568,chr20,57428437,GNAS,Island,-0.000535337469698134,0.0369558304569929,-0.0142496932415331,0.988637867156631,0.978071843210071,0.997493701823693
cg06154597,chr4,924812,GAK,N_Shore,-0.0019083593261114,0.0284505644374606,-0.0799605555832104,0.936308549570226,0.978244505217269,0.997519495130367
cg20156659,chr2,48982832,LHCGR,Island,-0.00238717617124374,-0.0229223492780053,-0.0798832253869989,0.936370014545729,0.978295900591851,0.997519495130367
cg16374663,chr15,41805031,LTK,Island,-0.00283571027453081,-0.0113899096263869,-0.0795191172208813,0.93665942664752,0.978537896214072,0.997605719001475
cg21377936,chr7,4767352,FOXK1,S_Shelf,-0.000399401634352238,-0.0036680919055464,-0.0157285914056248,0.98745874608003,0.979054761651963,0.997631856431285
cg16579101,chr12,6677158,NOP2,Island,-0.00246693829050241,0.00226310006948927,-0.0786968418629883,0.937313044702865,0.97908440873138,0.997631856431285
cg07775147,chr12,133101495,FBRSL1,N_Shore,-0.00273419125415017,-0.00144271577640243,-0.0786515669325195,0.937349034505754,0.979114500296682,0.997631856431285
cg09280022,chr10,397227,DIP2C,Island,-0.00205768488434785,-0.00311482804192664,-0.07851035910733,0.937461283803309,0.979208352967091,0.997631856431285
cg11450094,chr19,39936200,SUPT5H,Island,-0.00407110322237774,0.00341400670195167,-0.0778460466112673,0.937989377550993,0.979649886883148,0.997640585669486
cg15214229,chr20,35275274,SLA2,OpenSea,-0.000534220119688702,-0.00475384731706152,-0.017333014279275,0.986179575706469,0.98012114335962,0.997722358101998
cg21532323,chr2,157292804,GPD2,S_Shore,-0.00357300482293372,0.00342743444854764,-0.076601459535278,0.938978832804484,0.980477115765433,0.997794323275715
cg16914277,chr6,32978053,HLA-DOA,S_Shelf,-0.00047027286389174,-0.00574759584600793,-0.0185619649848494,0.985199784816897,0.98093799113988,0.9978305852095
cg13680388,chr20,57471844,GNAS,OpenSea,-0.000599407409927006,-0.00547363327986317,-0.0190423446759403,0.984816804231983,0.981257291025401,0.997840589543488
cg16697896,chr3,71050832,FOXP1,OpenSea,-0.0024904425009404,-0.014716215756337,-0.0751911416445258,0.940100159407948,0.98141452483503,0.997887809059695
cg03899978,chr16,944690,LMF1,N_Shore,-0.000531591144316048,-0.00374975283383616,-0.0194106422293761,0.984523183009628,0.981502093932358,0.997905686927046
cg11075854,chr12,132537775,EP400,OpenSea,-0.000495615105684658,-0.00188747329282235,-0.0194284353500874,0.984508997690457,0.981513920847708,0.997905686927046
cg27311272,chr10,332271,DIP2C,OpenSea,-0.00281363192907871,-0.0111299222871372,-0.0750268532212718,0.940230790930168,0.981523725638379,0.997905686927046
cg15235987,chr12,132469937,EP400,OpenSea,-0.000500502044378269,-0.0862030344871889,-0.0194907462009446,0.984459321265982,0.981555338299995,0.997910624001241
cg02674465,chr7,4786986,FOXK1,Island,-0.000587654062128258,-0.00458177930595094,-0.0196709387862278,0.984315665675013,0.981675110941661,0.997942381941517
cg06293169,chr16,2803839,SRRM2,S_Shore,-0.0026836313573825,0.0169096048944735,-0.0747801847191718,0.94042692878996,0.981687684271386,0.99794274952867
cg04500146,chr5,102608478,C5orf30,OpenSea,-0.00226226924361411,-0.00861811531332646,-0.0746796586541459,0.940506862887107,0.981754503386456,0.997967040001145
cg08599635,chr16,78496508,WWOX,OpenSea,-0.00082579093735069,0.00462812924831535,-0.0203627189362248,0.983764160049569,0.982134935761982,0.998044541262131
cg01573089,chr10,696063,DIP2C,OpenSea,-0.000955485255730658,-0.00832740634754781,-0.0206784883270761,0.983512422824212,0.982344828998536,0.998044541262131
cg24695071,chr7,2419958,EIF3B,Island,-0.000726010024288683,-0.026738178636771,-0.0211402944263958,0.983144265395712,0.982651795643507,0.998091787548109
cg06568454,chr16,89940886,TCF25,S_Shore,-0.000660641418356033,-0.0112724664513603,-0.02151612999028,0.982844647377547,0.982901618802517,0.99814920720397
cg26701545,chr16,28331026,SBK1,N_Shore,-0.000451315947997111,-0.00126424323684127,-0.0215940357191423,0.982782540837797,0.982953404041378,0.99814920720397
cg08145262,chr12,69869974,FRS2,OpenSea,-0.00268306986295596,-0.0138363573582997,-0.0722341401523215,0.942451619700193,0.983380064214926,0.99821256919553
cg14564778,chr20,57427556,GNAS,N_Shore,-0.00355616014302225,0.0028282972068211,-0.0718241416969062,0.94277769799543,0.983652601263742,0.998252964021523
cg01020035,chr10,682152,DIP2C,N_Shelf,-0.00224148734762973,-0.00745961637565518,-0.0710989857119957,0.943354449623649,0.984134636687263,0.998272720341049
cg03599658,chr7,4803508,FOXK1,S_Shore,-0.000992390222501476,-0.00163757326117242,-0.0235834313696505,0.981196628792355,0.984275812281647,0.998279438512579
cg04824913,chr4,887549,GAK,Island,-0.0039012700060995,-0.0162964684938199,-0.0703495085987009,0.943950576345241,0.984632845262666,0.998327702228668
cg18267124,chr4,54246543,FIP1L1,S_Shelf,-0.000845368909063798,-0.0438235151954179,-0.0242651061333121,0.980653226219412,0.984728951133638,0.998346943705581
cg13726313,chr3,71201264,FOXP1,OpenSea,-0.00271734128533824,-0.0113846457238235,-0.0701871991468723,0.944079679848556,0.984740739894854,0.998349962002168
cg01810875,chr12,54891213,NCKAP1L,OpenSea,-0.001537312713851,-0.0167647411642229,-0.0699807314206006,0.944243909671527,0.984877988986363,0.998357030077881
cg19402335,chr1,159410002,OR10J1,OpenSea,-0.000600706734644219,0.00211124508275318,-0.0244982649231966,0.980467363852197,0.984883943056238,0.998357030077881
cg01942790,chr4,1211419,CTBP1,S_Shore,-0.000882565699669728,-0.00137812097996959,-0.0246170856143705,0.980372646429608,0.984962929135356,0.998357030077881
cg18737257,chr3,71393291,FOXP1,OpenSea,-0.0020438662513811,-0.00396671729929987,-0.0697513872108187,0.944426338835564,0.985030445708292,0.998357030077881
cg21379733,chr3,71136296,FOXP1,OpenSea,-0.00142090873815241,0.043209250290325,-0.0696877435058656,0.94447696399383,0.985072753002276,0.998358630915612
cg19977232,chr4,54325479,FIP1L1,OpenSea,-0.00218984598827811,-0.013985316893126,-0.0690144649977352,0.945012534729224,0.985520318931169,0.998388087827326
cg04804052,chr19,11094658,SMARCA4,N_Shelf,-0.00156918591879501,-0.0270655349394439,-0.0687506944728786,0.945222362253232,0.985695663220744,0.998388087827326
cg05956244,chr11,60787739,CD6,OpenSea,-0.000814595901808595,0.00295166719192186,-0.0257351638189253,0.979481388799496,0.985706178966652,0.998388087827326
cg25137365,chr4,10089904,WDR1,OpenSea,-0.0011540812436773,-0.00924466148410286,-0.0258800161709275,0.979365923989673,0.985802471440649,0.998388890861544
cg06456059,chr17,37026466,LASP1,Island,-0.00158888653395666,0.00179623639450854,-0.0680057025981928,0.945815018396613,0.986190908275482,0.998481334408326
cg01867950,chr8,133722893,TMEM71,OpenSea,-0.0012055843239833,-0.0163634267552011,-0.0265890030740617,0.978800782150496,0.98627378260937,0.998481334408326
cg05641515,chr16,70562892,SF3B3,OpenSea,-0.00153602643703923,-0.00229460533378822,-0.067688414119556,0.94606743697452,0.986401832404051,0.998514961549817
cg02336104,chr3,71481486,FOXP1,OpenSea,-0.000720591365424817,0.014465924289344,-0.0280711998318996,0.977619340435411,0.987259113534898,0.998591225494744
cg21867850,chr15,41806526,LTK,S_Shore,-0.000836012479892231,-0.00353104006846139,-0.0283293503946293,0.97741357660407,0.987430728227492,0.998631567821756
cg16581179,chr1,25275639,RUNX3,OpenSea,-0.00170425605703881,-0.010390054554694,-0.0657374337967305,0.947619656194263,0.987698807567104,0.998649055518851
cg08678437,chr16,930077,LMF1,S_Shore,-0.000589794845051981,0.000103617613018914,-0.0287510468585824,0.97707745864291,0.987711067074217,0.998656555195291
cg14818546,chr7,69296381,AUTS2,OpenSea,-0.00190426040740516,-0.0018184891284807,-0.0651902740770708,0.948055017962927,0.988062555081394,0.998704884735945
cg09247255,chr16,89972787,TCF25,OpenSea,-0.00171006133696969,-0.00236492316481673,-0.0651242884337972,0.948107522199469,0.988106421991582,0.998704884735945
cg09030685,chr16,88943641,CBFA2T3,Island,-0.00123100515561383,-0.00240032643846488,-0.0301955297801662,0.975926148437995,0.988671353610046,0.998704884735945
cg17114573,chr13,108868021,LIG4,S_Shore,-0.000580467881796677,0.00240700560854634,-0.0306370256961289,0.975574268608004,0.988964861688581,0.998704884735945
cg20086916,chr7,4759814,FOXK1,S_Shore,-0.00111831968664967,-0.0026352374256392,-0.031106534773835,0.975200067043559,0.989276994655852,0.998722072733929
cg02060717,chr4,40197355,RHOH,OpenSea,-0.00184056756769256,0.00226727128985937,-0.0631412322797171,0.949685528268459,0.989424763519098,0.998723244145289
cg01269083,chr20,60744485,SS18L1,N_Shore,-0.000706057428706828,-0.00250261895771842,-0.0313510781015055,0.975005166702369,0.98943956944883,0.998723244145289
cg14521724,chr16,946419,LMF1,Island,-0.000726500350138847,0.00711642931365342,-0.0315882564387677,0.974816137668583,0.989597248343186,0.998738625871476
cg13960678,chr3,121980748,CASR,OpenSea,-0.00185765761431263,-0.00152860240171726,-0.0626701982833985,0.950060380335793,0.989737912675027,0.998773181139784
cg10892778,chr1,205026858,CNTN2,OpenSea,-0.00144185146843926,-0.00289777220878673,-0.0623120070857986,0.950345438763858,0.989976043620397,0.998791479390406
cg11138794,chr3,122283215,PARP9,Island,-0.00112949511066017,0.00325188432804449,-0.0324356105908508,0.97414081558689,0.990160582433092,0.998835806322833
cg23521589,chr2,157292764,GPD2,S_Shore,-0.00253729843479993,0.0029195069497313,-0.0620164240942661,0.950580676660859,0.990172552353425,0.998835806322833
cg07630787,chr16,926743,LMF1,N_Shore,-0.00116567151650772,0.0101227747202157,-0.0329448488056756,0.973734973175056,0.990499134218577,0.998837837645164
cg21879571,chr12,133141590,FBRSL1,S_Shore,-0.00187792429001951,-0.00570266683148035,-0.0597528474972012,0.952382271906712,0.991677436479361,0.99890339806517
cg03564453,chr16,87755618,KLHDC4,S_Shore,-0.000701099631698996,-0.000749786970086652,-0.0348161861945135,0.972243651843554,0.991743251099049,0.99890339806517
cg21549904,chr4,174090558,GALNT7,Island,-0.00133917930330527,0.00517823730058008,-0.0589566258516865,0.953016048414891,0.992206792487527,0.998923803407551
cg02208820,chr10,577713,DIP2C,S_Shore,-0.0025447063664488,-0.00417322437323076,-0.0587900306057352,0.953148658685846,0.992317551277626,0.998929034615025
cg07300574,chr12,132502636,EP400,OpenSea,-0.00141370547952259,-0.0077913707552183,-0.0574394463888038,0.954223775155953,0.993215475779148,0.999092148613414
cg19056418,chr17,76127217,TMC8,N_Shore,-0.00169587392937185,0.00440267271498689,-0.0569598805468537,0.954605548046638,0.993534313202015,0.999113191760401
cg19950933,chr12,125299563,SCARB1,Island,-0.00117669051147368,-0.00152245499828696,-0.0567609382517676,0.954763925149786,0.993666579493365,0.99913870130314
cg15740385,chr17,80394974,HEXDC,S_Shore,-0.000845283663447135,0.00241989412256172,-0.0380390707995275,0.969675475849234,0.993885959325043,0.99917472595268
cg18087266,chr1,25257629,RUNX3,Island,-0.00120859318491157,-0.00581520672553104,-0.0564125677918998,0.955041265685311,0.993898193146421,0.99917472595268
cg11196788,chr11,71737549,NUMA1,OpenSea,-0.000800353203538096,-0.000932927189020716,-0.0380621920924318,0.969657052608967,0.993901331503559,0.99917472595268
cg11705699,chr16,87742845,KLHDC4,Island,-0.000967843323862044,-0.000762423545227597,-0.0385862437076704,0.969239488261238,0.994249747519777,0.999188263070992
cg18697163,chr20,60738480,SS18L1,Island,-0.000995673187654492,0.00169160510030197,-0.0387214145931842,0.969131785462944,0.994339616140905,0.999197685912837
cg01104425,chr1,25249494,RUNX3,OpenSea,-0.000821573107743414,0.0206727498331372,-0.0387380968344906,0.969118493260459,0.994350707365867,0.999197685912837
cg08875273,chr16,88966346,CBFA2T3,Island,-0.00128902780068881,0.00719169516391238,-0.0554602980270885,0.955799403115304,0.994531311043413,0.99922436070155
cg24328944,chr13,96256596,DZIP1,OpenSea,-0.00105877980766849,-0.012562491371054,-0.0548969180036862,0.956247949879466,0.994905876693778,0.999312671245328
cg09782746,chr12,132553998,EP400,OpenSea,-0.000950116041861138,0.00477887911091579,-0.0395861630388996,0.968442776078887,0.994914547445605,0.999312671245328
cg25536300,chr19,797459,PTBP1,Island,-0.000847178925187984,-0.000223950430667169,-0.0401308619277628,0.968008786078476,0.995276693955246,0.999353499287373
cg05481981,chr16,88970598,CBFA2T3,Island,-0.00146896887405375,-0.00520093070236205,-0.0540445269530462,0.956926625197598,0.995472594685711,0.999365156764553
cg22971029,chr14,91818497,CCDC88C,OpenSea,-0.00132931143771593,0.0165726552764066,-0.0525856285716778,0.958088275223755,0.996442558347525,0.999463262030154
cg23507051,chr4,847235,GAK,S_Shelf,-0.00114826935201892,-0.00657528174619626,-0.042357158802044,0.966235079548983,0.996756870864923,0.999501482362512
cg17421506,chr11,18656159,SPTY2D1,Island,-0.0015258543943714,0.0122621266539926,-0.0518347343033161,0.958686210894818,0.996941800299683,0.999530612855785
cg14160419,chr4,40518065,RBM47,OpenSea,-0.00147572504729905,0.024457604595478,-0.0518244043549882,0.958694436776397,0.996948668310789,0.999530612855785
cg26926631,chr14,91765808,CCDC88C,OpenSea,-0.00191808357518642,-0.0144631450923001,-0.0433476215925123,0.965446024177528,0.997415394366609,0.999548020640342
cg01735558,chr16,960144,LMF1,S_Shore,-0.00255432954735748,-0.00823074664485279,-0.0508469546541126,0.959472813421096,0.997598540411965,0.999570969329409
cg09525973,chr12,133148746,FBRSL1,Island,-0.000965334634679812,-0.00612038125551628,-0.0507490738262819,0.959550761422313,0.997663618044021,0.999581172476899
cg03286735,chr4,906491,GAK,N_Shore,-0.00128443397117082,-0.0118999303858389,-0.0505931757951724,0.959674912582513,0.997767269372432,0.999581172476899
cg25688164,chr4,10110163,WDR1,OpenSea,-0.0016558973447511,-0.00476321247133948,-0.0504356155644855,0.959800388451558,0.997872025879406,0.999603434014894
cg20359426,chr7,4789676,FOXK1,S_Shelf,-0.00100293960998612,-0.00253294421058969,-0.0503013548842908,0.959907310101491,0.997961291326604,0.999624931873754
cg02214698,chr4,888127,GAK,Island,-0.0029294002029478,0.00471047816750725,-0.0453901050635147,0.963818981234735,0.998773374080226,0.999748900444524
cg04609912,chr16,78528146,WWOX,OpenSea,-0.00138342334342944,-0.0574017227613495,-0.0457910983295653,0.96349956742297,0.999039981782741,0.999767831605913
cg01969938,chr13,108867836,LIG4,S_Shore,-0.00225449339748442,0.00346866662485399,-0.047777073879984,0.961917713261126,0.999639605069888,0.99992845407497
cg20161996,chr1,150268816,MRPS21,S_Shelf,-0.171971487138775,-0.0144550021195753,-6.82174229091793,3.33133876343622e-11,1.65059887752463e-08,0.00340429416093945
cg10205045,chr15,69087809,ANP32A,OpenSea,0.177972962149933,-0.021140550154841,6.42149162501957,3.82482167148836e-10,7.03313009535961e-08,0.00653218436134664
cg21459645,chr2,219649224,CYP27A1,S_Shelf,0.178750769255552,0.0501554834465453,6.39588915722731,4.45392005700154e-10,7.91795278617117e-08,0.00653218436134664
cg04715245,chr1,154377091,IL6R,N_Shore,0.18141899720449,0.0114626249920421,6.01154684382013,4.13760688587428e-09,4.44780275142004e-07,0.022457500966292
cg00462311,chr14,24837184,NFATC4,N_Shore,0.200533265184885,0.032477124199254,5.94573291730845,5.99503605294552e-09,5.9178834820973e-07,0.022457500966292
cg21740204,chr9,72873544,SMC5,N_Shore,0.189215270849519,0.0202214481792457,5.94297356374571,6.08854140009599e-09,5.98878307044046e-07,0.022457500966292
cg14179065,chr9,71682302,FXN,Island,-0.128921784165765,-0.0142865203193344,-5.89225120386136,8.08403791287855e-09,1.11264833720077e-06,0.0353045029160476
cg05569280,chr2,26569783,GPR113,S_Shore,0.163200075346278,0.0173657572727229,5.70609023282991,2.25065057484422e-08,1.63336601358801e-06,0.0427533552695505
cg02786368,chr2,201824645,ORC2L,N_Shelf,0.108443780266398,0.0131641249324964,5.70243755196805,2.29572377906867e-08,1.65834412379587e-06,0.0427533552695505
cg25577489,chr11,113950061,ZBTB16,N_Shelf,0.0779529175290185,-0.0167131596290122,5.67583629252718,2.65156467131161e-08,1.85164899930593e-06,0.0440672841812738
cg24780185,chr10,74653173,OIT3,OpenSea,-0.0877793153638893,-0.0223720599055773,-2.77602340899127,0.00576084635461177,0.022973744804518,0.539858824507638
cg04074137,chr3,142720408,SR140,Island,0.0366673607561926,0.00328998945900528,0.84262584010582,0.399940438831668,0.458383180244523,0.903062674071223
cg10998122,chr11,64008466,FKBP2,Island,0.0112980809190263,-0.000411853724854194,0.36321697394408,0.716634357670746,0.732331794380544,0.963301697106307
cg13876315,chr9,35650526,SIT1,S_Shelf,0.0192453521460586,0.0509417429066473,1.24521974874178,0.213778738425305,0.281485128160771,0.837031587740599
cg15456293,chr8,2044148,MYOM2,N_Shelf,0.0151888404025966,0.00431005409043928,0.474369498743411,0.635494860521789,0.66381822402112,0.95052744444323
cg24198004,chr3,99364061,COL8A1,OpenSea,0.0178936186831556,0.000267201183030474,0.309728669080745,0.756928319730882,0.766119823520396,0.968845287080251
cg07058694,chr12,111909145,ATXN2,OpenSea,0.0225912146392329,-0.0279612921571795,0.961990909798314,0.336634364778162,0.400360556047357,0.886141202678782
cg18736168,chr19,4482801,HDGF2,N_Shore,-0.0366883339853928,-0.00631077500487487,-1.36987861314448,0.171491960988009,0.270398573368542,0.831342257823093
cg26031982,chr1,171809804,DNM3,N_Shore,-0.0111855875799111,-0.00805188846344529,-0.388457127742508,0.697884100491411,0.776152261350163,0.970442493927584
cg22830701,chr11,27527925,BDNFOS,Island,0.0687556759781266,0.0143991342863601,1.5456973175984,0.122967130018181,0.184385012861696,0.779913356956988
cg08261702,chr7,150103112,LOC728743,N_Shore,-0.0232131706294082,0.0188090015755875,-1.28438118838479,0.199750729458468,0.302587231220468,0.84713252643984
cg13692765,chr14,23067978,ABHD4,S_Shore,0.00383708623571714,0.00594782707974976,0.0968282749252381,0.922911183838798,0.904446356117052,0.988476910248459
cg16296902,chr5,43396802,CCL28,N_Shore,0.172016487273757,0.0248603134968177,4.81949511291471,2.04619363537916e-06,5.00495230268677e-05,0.131977521609115
cg03707169,chr11,128647051,FLI1,OpenSea,0.0137850113994828,-0.00327598387751926,0.547716103900512,0.584191832964299,0.620059104022263,0.941447219827561
cg00287711,chr11,85338379,TMEM126B,N_Shore,0.0415949006896241,0.00549668090919593,1.23027137056948,0.219317317805855,0.287087409281875,0.83974202161025
cg02735530,chr3,66458970,LRIG1,OpenSea,0.000662886988356831,-0.00503830424374607,0.0296985169493576,0.976322281826382,0.948884298796343,0.994020732204494
cg11122968,chr19,51727295,CD33,OpenSea,-0.0161084547308105,0.00512028323371128,-0.668626556015652,0.504118751349265,0.604598443412021,0.938209367074861
cg03479942,chr16,69341763,SNTB2,N_Shelf,-0.0446649355729458,-0.0300998720601908,-0.995153545141915,0.320262199526014,0.429591633435134,0.894606013596501
cg14273450,chr2,26624934,C2orf39,Island,0.00816962998380618,-0.0286206131918966,0.231041995024798,0.817400110615687,0.816627069582779,0.976940802072139
cg14786757,chr19,5588795,SAFB2,S_Shore,-0.00400186222269617,-0.00125102315678793,-0.141629564355288,0.887443796815004,0.937304659238118,0.992681689187568
cg08642814,chr1,3734907,KIAA0562,S_Shelf,-0.0506870785393533,-0.0145217509753103,-1.587036842635,0.113293123716117,0.199456748204344,0.790540471406466
cg13501090,chr1,115212659,DENND2C,Island,0.0534547308589506,0.0151576763578693,2.30570160503768,0.0216372633682342,0.0499166417268112,0.625025510098528
cg06222937,chr2,131846818,FAM168B,N_Shelf,0.00757011574056884,0.0103204888514156,0.290969870957561,0.771224921665517,0.778079527091647,0.970664042541904
cg12260146,chr3,33840237,PDCD6IP,Island,0.0110614862568901,0.0234364056218785,0.433931340925904,0.664571856804759,0.688456256379266,0.955169412977305
cg08124156,chr1,45083868,RNF220,S_Shore,-0.0320752765324986,0.00667744006710591,-1.38657033325708,0.166343818239995,0.264398940847748,0.828078183389093
cg19268446,chr19,44384646,ZNF404,OpenSea,-0.0372198755958919,0.00288534069357649,-0.972957925193741,0.331161225820167,0.440472678562962,0.897741481143951
cg15475971,chr11,17796490,KCNC1,S_Shelf,0.025515554388138,0.00209470748853169,0.853390636572375,0.393952595616423,0.452964465470327,0.901758487409564
cg04132522,chr1,11898705,CLCN6,Island,0.0178409780847039,0.00479725373157891,0.455892127858799,0.648714535935748,0.675032981505724,0.952669341475531
cg07644681,chr19,2339964,SPPL2B,Island,0.0728207272729985,0.0071558493827556,1.67876008410177,0.0939784721591059,0.150362064257887,0.754092955752121
cg06107293,chr15,22915986,CYFIP1,OpenSea,0.0497507106237531,-0.0792105920933487,1.89052467291564,0.0594091601990535,0.106372428199861,0.711774110133321
cg15189793,chr4,174456504,NBLA00301,N_Shelf,-0.00451903450713158,0.00549276455020067,-0.109781928744073,0.912637286523833,0.958433324946389,0.995207566949033
cg13718628,chr11,576020,LOC143666,Island,-0.0345817667764811,0.00390625874213241,-0.729327501719092,0.46622747626935,0.569776580269079,0.930582472236204
cg01653445,chr1,32230235,BAI2,Island,0.0261865617656615,-0.00594326361170419,1.26726779571499,0.205795607179796,0.273358283408967,0.833203652759165
cg19576736,chr2,120240175,SCTR,OpenSea,0.071027090944169,0.032894554352545,3.18408040382472,0.00156560405081992,0.007089269239014,0.432173838111719
cg01338599,chr20,30697450,TM9SF4,OpenSea,0.037342763781935,0.00778219447766494,1.80307887555112,0.0721270103687577,0.123110698954925,0.729073948448291
cg10319512,chr2,145274874,ZEB2,Island,-0.0266167679670402,0.00266428177559032,-1.06673301996921,0.286734748637335,0.395582506424426,0.884587882947481
cg00837831,chr13,33169818,PDS5B,OpenSea,0.0552756756032228,-0.00758271620553497,1.42225643340877,0.155729824250185,0.220759163381774,0.804012757419904
cg20611911,chr1,3567930,TP73,Island,0.068911749359584,-0.0256226622628808,2.29735668627314,0.0221131951108042,0.0507338802684689,0.626398242287431
cg05290708,chr7,140372864,ADCK2,Island,-0.035540066457039,-0.00338806591279439,-1.93556430220093,0.0536243192884991,0.115597269305042,0.721750631678529
cg08069338,chr6,160207898,SNORA29,N_Shelf,-0.151187891228045,-0.0273980563715177,-3.7619542582375,0.000193744754569548,0.00196523179487033,0.326849035616902
