seqnames,start,end,width,strand,no.cpgs,min_smoothed_fdr,Stouffer,HMFDR,Fisher,maxdiff,meandiff,overlapping.genes,sex,dmr_fdr
chr6,32551749,32552453,705,*,9,9.95837822781678e-16,3.77389148125924e-10,0.00689268899370422,6.28886468052687e-10,0.130075453647783,0.0578094952245448,HLA-DRB1,F,1.75750126282243e-06
chr17,80393124,80394416,1293,*,6,6.72678297032159e-15,9.24579415563185e-08,0.00518642384558885,1.8529763883017e-08,0.0396734792597124,0.0148753024016897,HEXDC,F,7.17627723046292e-05
chr6,28945182,28945507,326,*,8,5.51825869235005e-10,9.05379861076135e-08,0.013388435372291,7.53859496051337e-07,-0.0260866135888016,0.0038569419050314,RN7SL471P,F,7.17627723046292e-05
chr6,32303626,32305145,1520,*,7,6.76989935180037e-08,9.0877735709426e-08,0.0127183248714926,3.88803198604378e-07,-0.102333669668163,-0.0488378078767584,C6orf10,F,7.17627723046292e-05
chr16,4731639,4733253,1615,*,10,9.55536160228636e-08,9.24579415563185e-08,0.0179525172609531,2.14976564108322e-06,-0.0538275215360164,-0.00250570086010302,MGRN1,F,7.17627723046292e-05
chr12,129279936,129282057,2122,*,10,2.12737426941487e-07,9.24579415563185e-08,0.0115405716428096,3.37128222412296e-07,0.06649503117043,0.0349963238421422,SLC15A4,F,7.17627723046292e-05
chr2,232393064,232393256,193,*,3,2.99857767562478e-11,1.8348365535992e-07,0.00276390511941329,3.37128222412296e-07,0.0547134976730019,0.0359454575433626,NMUR1,F,0.00010655769603312
chr6,32294260,32295859,1600,*,7,2.70566819590466e-10,2.05930698797098e-07,0.010788009016712,7.53859496051337e-07,-0.0837100690042613,-0.0447207502282865,C6orf10,F,0.00010655769603312
chr19,57349204,57352269,3066,*,23,1.7526817147379e-07,1.91642306623855e-07,0.0231802131615368,2.14976564108322e-06,0.0188664266482442,0.00617484258531359,"ZIM2, PEG3",F,0.00010655769603312
chr6,31148332,31148666,335,*,14,5.02025397040351e-07,7.16756349499153e-07,0.0539508698690449,5.71877321516931e-05,0.0255328070800795,0.0174999862388319,POU5F1,F,0.000333793431961755
chr20,57425979,57427830,1852,*,60,2.89118578110429e-16,8.76560641363627e-07,0.0385224523350199,1.45554225235142e-06,0.0362091697889658,0.00839418378654781,GNAS,F,0.000340178575569201
chr11,67201998,67203661,1664,*,7,1.62569003024481e-08,8.76560641363627e-07,0.00934337517034838,2.48214240160992e-06,0.0703532029976072,0.0532508217555672,"RPS6KB2, AP003419.16, PTPRCAP",F,0.000340178575569201
chr4,69179905,69179965,61,*,3,3.4493262223019e-09,1.38559977836602e-06,0.00446108296238237,1.7547659004696e-06,0.0435843977720067,0.0296569801289834,YTHDC1,F,0.000460909869132183
chr16,29673933,29676071,2139,*,12,3.83356922459579e-09,1.38559977836602e-06,0.00973675916781557,8.35211858955355e-07,-0.0158481121713056,-0.00208593135548005,"SPN, QPRT",F,0.000460909869132183
chr2,232258012,232260784,2773,*,13,3.32870271100276e-11,1.94395946095739e-06,0.00799430095604923,2.41819923981401e-07,-0.030406922678685,-0.00351351548666787,"AC017104.6, B3GNT7",F,0.00056581370060491
chr4,174427146,174430141,2996,*,18,2.53819877264503e-06,1.94395946095739e-06,0.0159697524891946,1.45554225235142e-06,-0.0455091423105195,-0.0219771086534227,,F,0.00056581370060491
chr3,122281881,122281975,95,*,3,5.0519735076901e-10,2.27732967907952e-06,0.00702158268925885,6.77304076930161e-06,-0.039734179194151,-0.027804642665525,PARP9,F,0.000591780479908211
chr6,30859697,30860960,1264,*,18,1.0047205641169e-07,2.28731987080691e-06,0.0342481152754613,3.79355077415919e-05,0.0246390301718134,0.000603305616716232,DDR1,F,0.000591780479908211
chr11,14994130,14996997,2868,*,37,3.1511026801636e-06,2.48008364534101e-06,0.0431617633341005,2.19910281829709e-05,-0.016803384194647,0.00195093650852048,CALCB,F,0.000607881554544898
chr6,32806906,32815091,8186,*,104,7.92793864855469e-11,3.11136828330081e-06,0.0370020418150008,1.45554225235142e-06,0.0545827274163836,0.00708850187057551,"TAPSAR1, PSMB9, PSMB8, TAP1",F,0.000724482104766595
chr10,102295134,102296115,982,*,11,2.7747643272516e-08,3.44177625913228e-06,0.0162485825973341,3.72327404008726e-05,-0.0220716495402371,0.00384629748123737,HIF1AN,F,0.000728561456308138
chr3,42977777,42978248,472,*,8,1.40125096441694e-07,3.44177625913228e-06,0.0199411016122516,5.71877321516931e-05,-0.0274767241734729,-0.0188365112582962,"KRBOX1, KRBOX1, KRBOX1-AS1",F,0.000728561456308138
chr1,110306507,110306642,136,*,3,2.40214737153163e-08,4.57411508757793e-06,0.00944701868847725,2.15082302350817e-05,0.0409033263798676,0.0268096956488579,"GSTM5, RP4-735C1.4, EPS8L3",F,0.000852066158514017
chr14,106320202,106322429,2228,*,13,3.70209779595285e-08,4.54106317636601e-06,0.00689268899370422,6.77304076930161e-06,0.0256873994438043,0.00974040484610327,IGHM,F,0.000852066158514017
chr14,105857176,105857250,75,*,3,6.82491014456285e-08,4.57411508757793e-06,0.00701917363471232,1.30483788476709e-05,0.014992012954486,0.0115783686365429,PACS2,F,0.000852066158514017
chr15,69087774,69087809,36,*,2,1.29114750266718e-08,6.32241815211834e-06,0.000268205602740358,3.84911302672693e-06,-0.0245528830426395,-0.0228467165987402,ANP32A,F,0.00113244235901597
chr10,73848153,73849626,1474,*,14,8.96985594618965e-14,1.25585714213581e-05,0.0115405716428096,8.35211858955355e-07,0.0435178894967635,0.000721002621989416,SPOCK2,F,0.00182766459716452
chr1,149856997,149860026,3030,*,24,2.50696595665287e-10,1.19698528106952e-05,0.0130040162099616,4.17048787854515e-06,0.0217838341089016,0.00968831523258891,"HIST2H2AC, BOLA1, HIST2H2BE, HIST2H2AB",F,0.00182766459716452
chr1,248902767,248904369,1603,*,8,5.69425473376321e-10,1.25585714213581e-05,0.00702158268925885,3.60014499774466e-07,-0.0654777489853609,-0.0284980057270724,LYPD8,F,0.00182766459716452
chr4,40631571,40633269,1699,*,13,6.50920612121058e-09,1.25585714213581e-05,0.0161752269581799,2.56205497631747e-05,-0.0582090817994795,-0.0149956889916906,RBM47,F,0.00182766459716452
chr2,202047246,202048100,855,*,5,8.71875234339014e-07,1.25585714213581e-05,0.0130709264257955,7.58640611190434e-05,-0.0520539890582226,-0.0193756482306638,CASP10,F,0.00182766459716452
chr1,67600172,67600835,664,*,8,9.2773548043656e-07,1.09237366687185e-05,0.0190075420464762,7.65289535960503e-05,-0.0119924337173356,-0.0020991024744223,C1orf141,F,0.00182766459716452
chr12,44152117,44153217,1101,*,14,2.64385550323129e-06,1.37455783370012e-05,0.0358045785084784,0.000206059960062687,0.0194880541739875,0.00869137577123064,"IRAK4, PUS7L",F,0.00193979267622468
chr22,44568337,44568812,476,*,9,1.7797127972083e-07,1.66228152222579e-05,0.014112253548775,7.65289535960503e-05,-0.0630466040099666,-0.0407968135117955,PARVB,F,0.00227683677911926
chr16,85676292,85676861,570,*,5,1.29808282705098e-07,2.0251739961147e-05,0.00893367035126136,5.51279591485266e-05,-0.0347736737175191,0.00270396886437474,GSE1,F,0.00257640376661973
chr1,161123637,161124156,520,*,10,1.48032213957958e-07,2.04696026121817e-05,0.0129337919935356,7.40944696643144e-05,0.0143015973044304,0.00653290185613955,"UFC1, RP11-297K8.2",F,0.00257640376661973
chr12,75784541,75785295,755,*,11,2.39000703366817e-05,2.04696026121817e-05,0.056831942025953,0.000508987295060954,0.0102783615288812,0.00286221919719886,"GLIPR1L2, CAPS2",F,0.00257640376661973
chr6,32157454,32161004,3551,*,26,2.53414675672459e-05,2.68254685849133e-05,0.0267293996146115,7.65289535960503e-05,0.0527142852537814,0.0186276218161251,"PBX2, GPSM3",F,0.00328753176841951
chr12,57872123,57873732,1610,*,5,4.88581451613478e-05,3.13611889701464e-05,0.0151593979420777,0.00015183187752375,0.0225110678463677,0.0131122651054523,"MARS, ARHGAP9",F,0.00365122642584929
chr10,75415704,75416844,1141,*,6,0.00015060766661665,3.08127108912268e-05,0.0207322437361898,0.000216928738441174,-0.0188557422216242,0.000563242050195331,"RP11-464F9.21, SYNPO2L",F,0.00365122642584929
chr11,47282968,47283025,58,*,3,6.01373810483266e-07,3.4819076760515e-05,0.00956554448383203,8.98406093871953e-05,-0.0107087202678953,-0.00876217410808474,NR1H3,F,0.00377098698776089
chr2,158114069,158114424,356,*,6,1.29084888862328e-06,3.41711439426586e-05,0.0120032555420654,0.00011587724147943,-0.0401305544441322,-0.0337923397948139,GALNT5,F,0.00377098698776089
chr6,114175901,114178828,2928,*,20,6.4380266557724e-05,3.41711439426586e-05,0.019096266358758,5.71877321516931e-05,0.0205690559740926,0.00230457042568092,MARCKS,F,0.00377098698776089
chr4,154709828,154712422,2595,*,42,2.02753565970125e-15,4.38094018530665e-05,0.0141594544906556,9.22965117494557e-07,-0.0347159931475622,-0.0108677485615204,SFRP2,F,0.00453378632066068
chr6,155537595,155538155,561,*,8,7.84954593361167e-08,4.38094018530665e-05,0.00996714305942744,4.50662353736883e-05,-0.0193209931565304,-0.00823749447543017,TIAM2,F,0.00453378632066068
chr11,2019079,2020560,1482,*,40,1.69170130755576e-09,4.61274760222364e-05,0.0391381232285534,4.30861910583226e-05,0.0260271651126655,0.007342210986409,H19,F,0.0046699055616425
chr16,88102758,88103629,872,*,6,1.05628131404232e-08,8.18705291078508e-05,0.00518642384558885,7.65289535960503e-05,0.0412497304739858,0.0177891810677521,BANP,F,0.00645128872741053
chr6,32119016,32123701,4686,*,87,9.55536160228636e-08,8.31173123565883e-05,0.037767209420064,8.49340796203775e-05,-0.0352057216352636,-0.00224509282283964,"PPT2, PPT2-EGFL8, PRRT1",F,0.00645128872741053
chr12,6442526,6443282,757,*,7,2.53043947324445e-07,7.84134150408594e-05,0.0135713674370695,7.65289535960503e-05,0.0558771182253829,0.027540237970688,TNFRSF1A,F,0.00645128872741053
chr1,154581325,154582156,832,*,4,5.05022695364829e-07,8.00984419634017e-05,0.0118323514779472,0.000151101935841685,0.0228896088084233,0.00640658025425905,ADAR,F,0.00645128872741053
chr6,167535171,167536521,1351,*,8,6.44324538099426e-07,7.24016044732594e-05,0.0166515379563643,0.000185749512528048,0.0757891411343635,0.0368300792575521,"RP11-517H2.6, CCR6",F,0.00645128872741053
chr17,47296970,47297928,959,*,5,9.55871747052122e-07,8.31173123565883e-05,0.0134889546471426,0.000166730747322971,0.0430275775718318,0.02706529836952,ABI3,F,0.00645128872741053
chr17,79801347,79801920,574,*,7,2.66529149890321e-06,7.24016044732594e-05,0.0115405716428096,0.000173538329395491,-0.0352189855721946,-0.0138599951438147,"RP11-498C9.2, P4HB",F,0.00645128872741053
chr19,11074303,11074428,126,*,2,2.85465539769664e-06,7.34943012598157e-05,0.00689268899370422,0.000124899784856844,0.0730477547899077,0.0709063016571709,SMARCA4,F,0.00645128872741053
chr10,96990543,96991505,963,*,5,4.60692030930658e-06,8.05145735038966e-05,0.0156777089105834,0.00032391935214239,0.016391095710486,0.0106558405378551,RP11-310E22.4,F,0.00645128872741053
chr3,49394622,49396232,1611,*,11,1.06549394803492e-05,7.24016044732594e-05,0.0170519926846794,0.000134499371033283,-0.0309587259221769,-0.00614350462052402,GPX1,F,0.00645128872741053
chr6,108581474,108583071,1598,*,11,1.14532783557997e-05,8.31173123565883e-05,0.0138794694307532,0.000304712678693305,0.0223432133049064,0.0101997929014876,SNX3,F,0.00645128872741053
chr15,75743753,75748421,4669,*,32,3.46264668880386e-05,7.24016044732594e-05,0.0375431115695562,0.000206059960062687,0.0157495552014465,0.00649457023934021,SIN3A,F,0.00645128872741053
chr16,67514524,67516546,2023,*,14,5.52596923026692e-05,7.30937521392389e-05,0.0299908980338376,0.000208284872608524,0.0273834150540204,0.00759689000409095,"RP11-297D21.4, ATP6V0D1, AGRP",F,0.00645128872741053
chr10,21783091,21787079,3989,*,29,0.000102978264607044,8.05145735038966e-05,0.0412254537124805,0.000168125320448885,-0.0296810565539405,0.00181865551551216,"CASC10, MIR1915",F,0.00645128872741053
chr6,27804958,27806842,1885,*,13,2.38502287343541e-07,8.60395297411747e-05,0.0146977421111026,8.42533325787363e-05,0.0288293690189694,0.0110812784414291,"HIST1H2BN, HIST1H2AK",F,0.00646267887104275
chr21,45559077,45561490,2414,*,7,0.000666386665797437,8.59049839926838e-05,0.020709936560976,0.000535596716851526,0.0328953343625034,0.0187735862668645,C21orf33,F,0.00646267887104275
chr12,108954266,108956758,2493,*,21,1.67455472891487e-07,9.09969258075486e-05,0.0139242636374123,7.65289535960503e-05,0.020159767838203,0.00849527669761529,"ISCU, SART3",F,0.0067265505315199
chr19,834439,835345,907,*,3,4.38904732211204e-05,0.000103827481858075,0.0124050828835103,0.000304712678693305,0.00917425239359082,0.00434671815181524,,F,0.00743883973866236
chr1,207995752,207997166,1415,*,5,0.000227069550534003,0.000103827481858075,0.0207322437361898,0.000535596716851526,-0.026261605014497,-0.00679749716858118,C1orf132,F,0.00743883973866236
chr16,89034292,89035532,1241,*,6,2.74391511684999e-06,0.000129599291805226,0.0141371187403079,0.000351539280047053,0.0199891227948538,0.011496767173903,CBFA2T3,F,0.00900811793935725
chr3,72149324,72149974,651,*,6,4.7400757093773e-06,0.000129599291805226,0.0144325856432852,0.000351539280047053,-0.0420196328331058,-0.0096357260164355,LINC00877,F,0.00900811793935725
chr6,31845527,31847633,2107,*,16,1.22133745700061e-06,0.000134589868631786,0.0403096380651464,0.000240481804928039,-0.0212385783838336,0.00137026245959556,"SLC44A4, EHMT2",F,0.00921742673850332
chr9,123688715,123689193,479,*,3,1.33481429541552e-05,0.000141388012939217,0.0121837754920947,0.000363483363412166,0.021652015168139,0.00531030711565023,TRAF1,F,0.00954266632257874
chr11,114127924,114129200,1277,*,4,3.94625379976258e-07,0.000145131801107912,0.00701917363471232,0.00011587724147943,0.0325559136904605,0.0137041768251469,"NNMT, RP11-64D24.2",F,0.00965541139656495
chr6,28863395,28864832,1438,*,33,4.8368766857787e-08,0.000152452983229445,0.039310311230211,0.00011587724147943,0.0252777529875323,0.00739313269852102,HCG14,F,0.00999962736478205
chr13,47471264,47472429,1166,*,14,1.78592751034674e-07,0.000158545005483428,0.0227295180857166,0.000333300042170518,0.0473943149535838,0.0201221982107225,,F,0.0102547790352268
chr3,113464879,113466193,1315,*,11,2.24780517830972e-07,0.000165284909267877,0.00668530391036088,0.000165742951390937,0.0276361855884012,0.0109800901941251,"ATP6V1A, NAA50, RP11-271C24.2",F,0.0103175833175468
chr6,32373620,32376095,2476,*,9,0.000291025366151501,0.000164692217404692,0.0247630455650007,0.000336605799648234,0.0477204830513219,0.0154463779871179,BTNL2,F,0.0103175833175468
chr13,88328009,88330200,2192,*,11,0.000316256079042669,0.000166162497061629,0.0463581095662188,0.00135499007579558,0.0232821202078553,0.00513543718058085,SLITRK5,F,0.0103175833175468
chr7,130124971,130126871,1901,*,20,1.45633004552787e-07,0.000170150926719353,0.0120739065448463,0.000124765298739465,-0.0491404718908732,-0.0061133492332746,"MEST, RP11-2E11.10",F,0.0104262219175267
chr6,8086774,8087102,329,*,4,5.26943740965047e-08,0.000182115789656313,0.00557949991359677,6.52650316610291e-05,0.00815581992578718,0.00205938226525379,"EEF1E1-BLOC1S5, EEF1E1",F,0.0107356105370816
chr16,28504949,28506477,1529,*,6,9.2773548043656e-07,0.000182115789656313,0.00962981262093971,0.00015183187752375,0.0279346153296182,0.0113447708704154,"APOBR, CLN3",F,0.0107356105370816
chr11,67048673,67049397,725,*,6,1.63604440865141e-06,0.000182115789656313,0.0111949686751018,0.000241306603255177,-0.00661101431683908,-0.00279228171184944,ADRBK1,F,0.0107356105370816
chr12,69863677,69864653,977,*,10,2.04136647494308e-06,0.00018540389124311,0.0212955225216233,0.000513697884464039,-0.021750601705862,0.00635172167857961,FRS2,F,0.0107928240189895
chr17,184833,185957,1125,*,7,7.18185348847131e-07,0.000207305605434161,0.0259742222708192,0.000513697884464039,-0.0520328325554736,-0.0260121104074974,RPH3AL,F,0.0114931214822248
chr17,56408197,56409534,1338,*,9,1.22276336914474e-05,0.000206057544245364,0.0214072984255285,0.000396841258458572,0.0181670751412749,0.00745582230802902,"BZRAP1-AS1, MIR142",F,0.0114931214822248
chr10,11246612,11246763,152,*,3,2.86609794051174e-05,0.000206057544245364,0.0132741200564817,0.000557768650020706,0.021784102199336,0.0113296561316348,CELF2,F,0.0114931214822248
chr11,67349590,67351786,2197,*,12,4.78288654280446e-05,0.000206057544245364,0.0503994859983955,0.00100598218261946,-0.0390963827478924,-0.00749583836588755,GSTP1,F,0.0114931214822248
chr8,99129132,99130997,1866,*,17,2.98733792994654e-07,0.00022607332742418,0.00702158268925885,5.51279591485266e-05,-0.0471887688852949,-0.000325944460432476,"POP1, HRSP12",F,0.0121014193771771
chr1,109939800,109941201,1402,*,12,9.60851184429035e-06,0.00022607332742418,0.0165204538425159,0.00011587724147943,-0.0480455222140707,-0.0130809679661191,SORT1,F,0.0121014193771771
chr7,143579665,143580147,483,*,4,2.57568821775758e-05,0.00022607332742418,0.0127717014422968,0.00062026212834783,-0.0221849521540174,-0.0105863838963563,FAM115A,F,0.0121014193771771
chr12,62584454,62586892,2439,*,16,3.5511019195474e-05,0.000230441171009351,0.0347650754776464,0.000935169619947818,0.0152169677324494,0.00168824825983656,FAM19A2,F,0.0121950515158017
chr8,38323238,38325092,1855,*,9,2.11863921852962e-05,0.000241352947561317,0.0240538720443376,0.000984809528215602,-0.0196203640633379,0.00320607674677066,FGFR1,F,0.0126289963684613
chr1,244212908,244214206,1299,*,8,2.76051302692713e-08,0.000250463420789765,0.0129337919935356,7.58640611190434e-05,-0.0279166109439916,-0.0109484965467569,,F,0.0128488761103193
chr16,78601767,78601961,195,*,4,3.53217013491557e-07,0.000253832210038518,0.00333513406649978,0.000108808474897213,-0.0150283615421499,-0.0114741438845181,WWOX,F,0.0128488761103193
chr8,48648112,48649767,1656,*,7,1.4233718359583e-06,0.000253832210038518,0.0170826614909686,0.000336605799648234,-0.058696852022576,-0.0312860368527019,"SPIDR, CEBPD",F,0.0128488761103193
chr16,936480,937477,998,*,3,5.70156381472499e-06,0.000262373944054774,0.010286402887336,0.000388099572931914,0.0117505009234061,0.00558713215601077,LMF1,F,0.0131384457791729
chr7,2551513,2551996,484,*,4,9.69292021383026e-06,0.000265708159373713,0.0115405716428096,0.000494388013377645,-0.0290513760606693,0.0012866678396166,,F,0.0131638606191849
chr12,69633854,69634561,708,*,5,7.33105630748408e-07,0.000291186404199903,0.00934337517034838,0.000410724346532896,0.0199498301498738,0.00888233899591707,CPSF6,F,0.0141255737954057
chr6,33047944,33050124,2181,*,24,0.000354703053200251,0.000291186404199903,0.0875822600909872,0.00299796186988941,0.0232476856562542,0.0102466047474023,"HLA-DPB1, HLA-DPA1",F,0.0141255737954057
chr4,83955429,83956251,823,*,10,2.46724684606266e-05,0.000296920318088589,0.0368152743308677,0.00120486664860286,0.0185003062657892,0.00782949641794015,COPS4,F,0.0142552363024594
chr20,57430663,57431303,641,*,3,3.42436384115611e-09,0.000320575704899017,0.00323287475161154,3.10674857283816e-05,0.0330030110491252,0.0184382567862587,GNAS,F,0.0152338883440278
chr17,37820135,37820515,381,*,4,1.91176716171841e-05,0.000335156673808023,0.0145875928388651,0.00090964938145444,0.00796043979027961,0.0046419490075609,TCAP,F,0.0156082462992396
chr3,50359909,50360690,782,*,7,0.000199454218002672,0.00033428649692922,0.0400965158822143,0.00171320904913017,-0.0348323867774444,-0.013405417915689,"HYAL2, TUSC2",F,0.0156082462992396
chr17,62007912,62009835,1924,*,7,0.000467032973947397,0.000357878868411242,0.0188537937535769,0.00100598218261946,-0.0276087065301178,-0.00339106499406046,CD79B,F,0.0165014048533778
chr5,89705234,89706015,782,*,11,3.94273174770051e-09,0.000372742660828079,0.0113283870149218,9.62339820718205e-05,0.0152311040039365,0.00627265375508009,"AC093510.1, CETN3",F,0.0165320244902511
chr2,182756132,182757706,1575,*,7,1.17736285432675e-05,0.000372742660828079,0.0109661448276533,0.000255154909749151,0.00591396469191489,0.000189387904063336,"SSFA2, RP11-366L5.1",F,0.0165320244902511
chr11,1948933,1949113,181,*,5,0.000134783685920734,0.000372742660828079,0.0312244882999221,0.00154604962043303,0.0149332078939252,0.0102820434722973,TNNT3,F,0.0165320244902511
chr22,51016501,51017723,1223,*,15,0.000241770478692585,0.000371260122796782,0.0735559214029812,0.00261406065275426,-0.0143553736233653,-0.00486349803926535,"CPT1B, CHKB-CPT1B, CHKB",F,0.0165320244902511
chr17,37028105,37028977,873,*,4,1.44499028131218e-05,0.00039595999526415,0.00928924739848483,0.000406700033117533,0.0303210820705084,0.0163633134295236,LASP1,F,0.0172120649762795
chr3,47050803,47051546,744,*,5,2.20692721629924e-05,0.00039595999526415,0.0154155622754145,0.000999625046763926,-0.0514871022764227,-0.032708089196606,NBEAL2,F,0.0172120649762795
chr12,125282342,125282561,220,*,3,6.60970730397744e-05,0.000399163198934548,0.0132697697726765,0.000948309384802739,0.00647697225387123,0.00126008063695426,SCARB1,F,0.0172120649762795
chr20,57267176,57268419,1244,*,5,1.24099162392777e-06,0.000417784976501978,0.00701917363471232,0.000281491786225038,-0.0176960911804723,-0.00251764455175661,"STX16-NPEPL1, NPEPL1",F,0.0176874966869974
chr11,65816027,65816985,959,*,10,0.000168780907295528,0.000416343491509707,0.0475540303174077,0.00211181700425083,-0.0341370346017925,-0.0143406807055165,GAL3ST3,F,0.0176874966869974
chr3,138662870,138665006,2137,*,8,0.000637572901587584,0.00044626445667691,0.0237910053083292,0.00151613249197583,-0.0192289524162098,-0.0125752985912881,FOXL2,F,0.0187230051778772
chr6,32075763,32077744,1982,*,17,2.48419944908323e-05,0.000461717265058469,0.0444509731369948,0.00138125171068035,0.0235393134245845,0.00969148250827001,"TNXB, ATF6B",F,0.0188615552927832
chr19,44203013,44203913,901,*,4,2.97126791585951e-05,0.000461717265058469,0.0136441385691954,0.000936767521339505,-0.0179958311076702,-0.0107050098446811,,F,0.0188615552927832
chr2,202901045,202901470,426,*,5,6.31013543156438e-05,0.000461717265058469,0.0315890079016112,0.0017563886468728,-0.0199249846292914,-0.013020138543642,FZD7,F,0.0188615552927832
chr1,214724440,214725918,1479,*,16,1.8723835448195e-05,0.000466116170006377,0.0591215570283,0.00211183594338612,-0.0194909128834345,-0.00281337538919196,PTPN14,F,0.0188756782932147
chr1,75198211,75200094,1884,*,13,0.000801486581142975,0.000495574338975568,0.0462253877786442,0.00257242847249644,0.0226194284366384,0.00895243648068699,"TYW3, CRYZ",F,0.0198956008328381
chr6,30069065,30071200,2136,*,31,3.13025945185887e-07,0.000596408565406431,0.0664733980027572,0.000962109341803796,-0.0808129339906839,-0.00289612655647043,TRIM31,F,0.0205389222892432
chr19,41283090,41284348,1259,*,11,3.80422778666074e-07,0.000604026134745824,0.00701917363471232,0.00032391935214239,0.0107348289300185,0.00302292465630507,"MIA, MIA-RAB4B, RAB4B, RAB4B-EGLN2",F,0.0205389222892432
chr3,70048377,70048926,550,*,6,1.16190477685568e-06,0.000547083212272802,0.0119524592953606,0.000363483363412166,-0.0212265236969551,-0.00788523416448951,RP11-460N16.1,F,0.0205389222892432
chr1,12677088,12679132,2045,*,13,3.88377737201097e-06,0.000541329866286036,0.0118564782534789,0.000557423650561232,0.0113177646213566,0.00429354407956874,"DHRS3, RP11-474O21.5",F,0.0205389222892432
chr19,55954621,55955292,672,*,3,4.97408417462528e-06,0.000596408565406431,0.00823931326838979,0.000701304287071267,0.0206586112315906,0.0169568948089651,,F,0.0205389222892432
chr5,92913741,92914828,1088,*,7,5.14403081574851e-06,0.000591809598970654,0.0185610822602583,0.000658682869644289,-0.031314086791985,-0.0226929795050406,NR2F1-AS1,F,0.0205389222892432
chr1,235813272,235814814,1543,*,16,5.92627587675678e-06,0.000604026134745824,0.0304933761778839,0.000815850218464737,-0.0227261054193439,-0.00451004766140545,GNG4,F,0.0205389222892432
chr19,56825644,56826442,799,*,5,7.8061200088034e-06,0.000596408565406431,0.0109661448276533,0.000873535649804435,0.00987664877839978,0.00836268492635853,"AC006116.17, ZSCAN5A",F,0.0205389222892432
chr16,81039745,81041398,1654,*,19,8.55485694645244e-06,0.000604215665369621,0.0127861596266558,0.00110947200088954,0.01499139703571,0.00646565868702953,"CENPN, CMC2",F,0.0205389222892432
chr12,133120548,133121162,615,*,4,9.63966925172118e-06,0.000596408565406431,0.0136441385691954,0.000738280253327069,0.0347802816646726,0.0195722319921559,FBRSL1,F,0.0205389222892432
chr11,71953387,71953422,36,*,2,1.26617370916869e-05,0.000537815937450097,0.00886571626191301,0.000826970826857254,0.0308172923510389,0.0239075046171761,PHOX2A,F,0.0205389222892432
chr6,32974897,32978775,3879,*,55,1.27121252215979e-05,0.000596408565406431,0.0384410860343522,0.000117747699831293,0.0387238186249531,0.000366251204269012,HLA-DOA,F,0.0205389222892432
chr7,73819814,73820652,839,*,4,5.2377645631136e-05,0.000537815937450097,0.012288931516823,0.00100598218261946,-0.0176527445575116,-0.00894640880000655,CLIP2,F,0.0205389222892432
chr15,68624713,68624879,167,*,3,6.08595088511471e-05,0.000599570572126796,0.0138425532435755,0.00131330223003302,-0.00843320742907994,-0.00536991619193605,ITGA11,F,0.0205389222892432
chr14,69442697,69443683,987,*,3,7.11711294141831e-05,0.000560035517117996,0.0128597667955898,0.00113883288517339,-0.0236554227436387,-0.012452055225164,ACTN1,F,0.0205389222892432
chr16,89180285,89180843,559,*,4,8.30068132059889e-05,0.000568439826683986,0.0141211291218841,0.00145982029286145,0.0299310023669628,0.0178402527571257,"ACSF3, CTD-2555A7.3",F,0.0205389222892432
chr20,34639042,34639686,645,*,6,0.000112711928728361,0.000596408565406431,0.0233216951204378,0.00151613249197583,-0.0277333440192893,-0.00014999983260665,,F,0.0205389222892432
chr1,112057879,112058750,872,*,6,0.000127627701402206,0.000580964878722851,0.0322063138398578,0.00182453606141666,-0.0689616164665006,-0.0409905233169627,ADORA3,F,0.0205389222892432
chr15,25200490,25201732,1243,*,5,0.000295198663273061,0.000537815937450097,0.0292512011287055,0.00184641196907965,0.0511460412156272,0.0211561848799708,"SNRPN, SNURF, SNURF",F,0.0205389222892432
chr17,37123638,37123949,312,*,9,0.000630789813265797,0.000560035517117996,0.0689676626016624,0.00310394475218307,-0.0181321723069166,-0.0040680471684201,FBXO47,F,0.0205389222892432
chr6,29648161,29649092,932,*,24,0.00137572565659611,0.000591809598970654,0.132471671062918,0.00610686965927971,0.0424487347069326,0.0238552405874134,ZFP57,F,0.0205389222892432
chr16,57022486,57023835,1350,*,13,2.28806794259414e-20,0.000674539297110373,6.29455881944018e-05,5.79577943337373e-09,0.0337992963196251,0.00496574689966472,NLRC5,F,0.0212167694722527
chr12,58003378,58005343,1966,*,14,3.13149075056164e-09,0.000674539297110373,0.0142181487894779,0.000111842675073411,-0.0259410027377785,-0.00621571592463397,"DTX3, ARHGEF25",F,0.0212167694722527
chr5,17216222,17217093,872,*,9,1.88090825163785e-07,0.00068676206804591,0.0141594544906556,0.000557423650561232,-0.0113855629927472,0.000376278222880647,"BASP1, AC091878.1",F,0.0212167694722527
chr12,123320611,123321334,724,*,6,7.09778368315278e-07,0.000674539297110373,0.00738370807162808,0.000513697884464039,0.0116166630554851,0.00939665605178722,HIP1R,F,0.0212167694722527
chr7,25989524,25990026,503,*,6,1.9076598256433e-06,0.000674539297110373,0.0145210604243542,0.00053511510305274,-0.0418968371171727,-0.02704517994612,MIR148A,F,0.0212167694722527
chr1,226925702,226927988,2287,*,13,1.3595062911814e-05,0.000674539297110373,0.0138794694307532,0.00034813219789959,0.0538012568710835,0.0131992493732173,ITPKB,F,0.0212167694722527
chr3,82857144,82857215,72,*,2,1.67807181658536e-05,0.000674539297110373,0.00463565707614618,0.00053511510305274,0.0446548299417152,0.0389629637959015,CYP51A1P1,F,0.0212167694722527
chr1,160231585,160232740,1156,*,14,2.85037721292943e-05,0.00068676206804591,0.030421167542086,0.00138125171068035,0.0150511990706454,0.00716051866502578,"RP11-574F21.2, DCAF8, DCAF8",F,0.0212167694722527
chr3,98452218,98453086,869,*,5,6.26625434897717e-05,0.00068676206804591,0.0119930221243463,0.0010159239411616,0.0168881012258415,0.00739422795827057,ST3GAL6,F,0.0212167694722527
chr4,6909491,6909853,363,*,4,7.40650876908825e-05,0.00068676206804591,0.0138425532435755,0.00154706376182593,-0.0249465671777471,-0.0168614974315074,,F,0.0212167694722527
chr2,70141289,70143463,2175,*,13,7.81351725181139e-05,0.00068676206804591,0.0140795358325773,0.000466190350384351,-0.012763368844584,0.00323466035556914,MXD1,F,0.0212167694722527
chr8,22455473,22456421,949,*,6,8.95760809638359e-05,0.00068676206804591,0.0196875537011077,0.00188046568387048,-0.0180642666133147,-0.00480861904602905,"PDLIM2, AC037459.4",F,0.0212167694722527
chr17,34079665,34080240,576,*,4,0.000161625410622707,0.000674539297110373,0.0179791443646548,0.00174402318840321,-0.0154274175123703,-0.00483059905960784,GAS2L2,F,0.0212167694722527
chr3,71111923,71114335,2413,*,11,0.00111727634805256,0.000687939057399647,0.0344899863433003,0.00151613249197583,0.0313408151440265,0.00976062708305523,FOXP1,F,0.0212167694722527
chr1,2431385,2433226,1842,*,5,0.000347967911071561,0.000694027286469533,0.0161368347769002,0.00151613249197583,0.0125308390632052,0.00936909430554245,PLCH2,F,0.0212637175861093
chr15,41061384,41062224,841,*,8,4.73725047414849e-05,0.000700789376283361,0.0156715631432692,0.00176472659836867,-0.048902180291221,-0.0281213417023952,"C15orf62, DNAJC17",F,0.0213305629107949
chr3,120067732,120068861,1130,*,11,4.79007529612387e-07,0.000715794971342023,0.0125077749322433,0.000300034768476951,-0.0247414797184278,-0.00206909331951,"RP11-174O3.3, LRRC58",F,0.0216458258541546
chr4,8429229,8430496,1268,*,8,3.43360462643938e-07,0.000721180803036601,0.0128970324381421,0.00011587724147943,0.0098512284626886,0.00300602662434865,ACOX3,F,0.021667993546719
chr3,52260090,52261325,1236,*,7,4.58386575821555e-07,0.00073748774872263,0.00983446884975386,0.000225890426329814,-0.0346766926928612,0.00143510261609207,"TLR9, TLR9",F,0.022015900293598
chr19,44716462,44716952,491,*,8,0.000202264559377176,0.000749154379829793,0.0294590910682675,0.00255054419070542,0.0314017436944287,0.0186940127456941,ZNF227,F,0.0222217321456519
chr14,101291136,101293450,2315,*,26,1.02181919740791e-12,0.00385083568852989,0.00988915539433796,5.51279591485266e-05,0.0350371641373037,0.0077372404064103,MEG3,F,0.0222873627237108
chr20,36155925,36157764,1840,*,54,4.23527152392718e-12,0.00340803381822013,0.0169949769809609,0.00053511510305274,0.0152821825874117,0.00274627934832859,BLCAP,F,0.0222873627237108
chr12,89743788,89746771,2984,*,22,1.21640898224661e-10,0.00327469100384214,0.00934337517034838,6.34027580199357e-06,-0.044801448979518,-0.00761148886370626,DUSP6,F,0.0222873627237108
chr1,154376344,154378020,1677,*,13,5.2130734143901e-10,0.00801267630828324,0.00275485326320848,0.000513697884464039,-0.0216092124676379,-0.00391578479990964,"IL6R, RP11-350G8.5",F,0.0222873627237108
chr6,42951711,42952586,876,*,13,1.47103714413357e-09,0.00138346144157354,0.00702158268925885,0.00011587724147943,-0.0168708798381451,0.00174832934235519,PPP2R5D,F,0.0222873627237108
chr12,6657744,6659524,1781,*,12,1.05628131404232e-08,0.0016602721572924,0.00663658581369713,5.51279591485266e-05,-0.0949625410897584,-0.029930893064282,IFFO1,F,0.0222873627237108
chr12,112035212,112035680,469,*,5,1.55226314754135e-08,0.00439102665091315,0.00854278047426466,7.65289535960503e-05,-0.0220812152242237,-0.00210633966319721,ATXN2,F,0.0222873627237108
chr11,133901678,133902371,694,*,5,2.88770457637915e-08,0.00130460986648983,0.00702158268925885,7.65289535960503e-05,0.0122671100358557,0.0020858541433055,RP11-713P17.3,F,0.0222873627237108
chr16,68269483,68271489,2007,*,12,3.8580990217673e-08,0.000779989768582007,0.00994737226876364,0.000237004555939179,-0.041083609272915,-0.0139800797703288,"ESRP2, RP11-96D1.6",F,0.0222873627237108
chr19,1884819,1886503,1685,*,6,7.83573093348949e-08,0.00142084503498091,0.0106591027648992,0.00032391935214239,0.0252041365595762,0.0090988453995856,ABHD17A,F,0.0222873627237108
chr6,33394324,33396168,1845,*,18,7.8452858935702e-08,0.00531039488503672,0.0159610334128061,0.00153304291554147,0.0300445804844191,0.00888554943722591,SYNGAP1,F,0.0222873627237108
chr16,11438938,11439785,848,*,9,8.09958240788515e-08,0.00231689657604771,0.00903893613616026,0.000574547131260751,0.0224596881660176,0.00880381011180938,"RMI2, RP11-485G7.5",F,0.0222873627237108
chr2,26568409,26570144,1736,*,19,9.55536160228636e-08,0.00954329195768493,0.00463565707614618,0.000935169619947818,0.0173657572727229,0.00532490206994849,"EPT1, GPR113",F,0.0222873627237108
chr10,179725,181286,1562,*,14,1.56444119527905e-07,0.00278260191900751,0.012765569588324,0.00034813219789959,0.0116429691791444,0.00482785533245588,ZMYND11,F,0.0222873627237108
chr14,66974032,66976276,2245,*,12,1.68199982936471e-07,0.00145889027917285,0.00949024037157629,0.000143501067935721,-0.0182099968635394,-0.00134538539790681,"GPHN, RP11-72M17.1",F,0.0222873627237108
chr6,31648070,31649728,1659,*,36,1.69399237760341e-07,0.00163235794515209,0.0132622057327462,0.000278025056480264,-0.0350751333924634,-0.00352602754997426,LY6G5C,F,0.0222873627237108
chr14,50319120,50319966,847,*,13,2.39942225104356e-07,0.00426373344106072,0.0128947738968651,0.000746329355095151,0.0167140767260424,0.00895501555768971,NEMF,F,0.0222873627237108
chr11,3186095,3188566,2472,*,33,2.49420143889552e-07,0.00803578595955768,0.00944701868847725,0.00114066780806049,0.0356935220522228,0.00484968987498384,OSBPL5,F,0.0222873627237108
chr5,176900001,176901453,1453,*,9,2.53450350474215e-07,0.00377717918865729,0.00996714305942744,0.000607160330089642,0.0171214288245238,0.0077831479629721,DBN1,F,0.0222873627237108
chr11,2720810,2722713,1904,*,41,2.70326645113549e-07,0.00128137662825127,0.0251800836856801,0.000952028653223182,0.0180370907909447,0.00294444131664917,"KCNQ1, KCNQ1OT1",F,0.0222873627237108
chr10,63660566,63662887,2322,*,14,3.20212621906964e-07,0.00112184567841355,0.0171429958595448,0.000336605799648234,0.0283336111190389,0.0141673716862392,ARID5B,F,0.0222873627237108
chr6,31830400,31832529,2130,*,40,3.46128869636902e-07,0.00667919590443982,0.0234944199660939,0.00261406065275426,-0.0317295755749151,0.00524149072848696,"NEU1, SLC44A4",F,0.0222873627237108
chr2,237993279,237994591,1313,*,10,4.2312071990997e-07,0.00471122786368823,0.00373317121571886,0.00090964938145444,-0.0326883638472071,-0.00133757567025871,"COPS8, AC105760.2",F,0.0222873627237108
chr5,43019660,43020566,907,*,8,4.49786107109908e-07,0.00865641154224429,0.00702158268925885,0.00197985718513392,0.0226862834958272,0.0101623128156834,"CTD-2035E11.3, CTD-2201E18.3",F,0.0222873627237108
chr19,3970736,3971417,682,*,7,5.19042321376093e-07,0.00841812870795798,0.00777775376220344,0.00192960167708822,0.0205028376754383,0.00827784510963577,DAPK3,F,0.0222873627237108
chr6,29576329,29577348,1020,*,8,6.22163661386364e-07,0.00182424867771496,0.0125048336720324,0.000921687233202585,0.0229538918862764,0.00682794310147357,GABBR1,F,0.0222873627237108
chr6,32819858,32823941,4084,*,74,6.39308109556219e-07,0.00417881655369198,0.0286381630761945,0.000971337266470433,0.0914767193888033,0.0136914214627931,"PSMB9, TAP1",F,0.0222873627237108
chr11,62621791,62623623,1833,*,24,6.44324538099426e-07,0.00465498489906262,0.0261416651844316,0.00154604962043303,0.0315792624306948,0.0100554779379984,"SLC3A2, SNHG1",F,0.0222873627237108
chr4,77997182,77997927,746,*,8,6.70893634346334e-07,0.00766476510454139,0.00864787756341542,0.00308916953780523,0.0123062815590946,0.00523235513079198,,F,0.0222873627237108
chr6,167507105,167508226,1122,*,11,6.77625975402654e-07,0.00226204592548034,0.00779422535988626,9.22963945858632e-05,0.0433385771767201,0.012955355614299,RP11-517H2.6,F,0.0222873627237108
chr7,94285286,94286955,1670,*,60,7.18185348847131e-07,0.00950066511113301,0.0582864971456919,0.00807399746112987,0.0204759975417262,0.00333037009948706,"PEG10, SGCE",F,0.0222873627237108
chr1,234614008,234615370,1363,*,12,8.74694784253568e-07,0.00482564252202806,0.010788009016712,0.000535596716851526,0.0235576577627052,0.00509167153014911,TARBP1,F,0.0222873627237108
chr3,23243625,23244690,1066,*,9,9.12388158420412e-07,0.00242868942209926,0.0136441385691954,0.000574547131260751,-0.0105272525458376,-0.00498040803187569,"UBE2E2, UBE2E2-AS1",F,0.0222873627237108
chr2,219744597,219745297,701,*,6,1.05341678380661e-06,0.00410449253558256,0.0135496029623838,0.00146979028205616,-0.0145060934558897,-0.00422942456460522,WNT10A,F,0.0222873627237108
chr5,43120034,43122172,2139,*,13,1.06149522349317e-06,0.00189606066298609,0.0157654572139537,0.000347538186640512,-0.022098060404125,-0.000325465031190453,ZNF131,F,0.0222873627237108
chr20,62338235,62339512,1278,*,14,1.07704875341383e-06,0.00734513252448613,0.0157247561785571,0.00154136920728975,0.0105377304082082,0.00293048550929982,"ZGPAT, ARFRP1",F,0.0222873627237108
chr1,1710663,1711185,523,*,2,1.13511105513045e-06,0.00464937450974429,0.00462367366275525,0.00161790141261544,-0.0167745898884418,-0.00805072960070275,NADK,F,0.0222873627237108
chr17,80066586,80067146,561,*,5,1.27852054164926e-06,0.00619905140704371,0.00701917363471232,0.00150526402197299,0.0281233575631329,0.00797613014524889,CCDC57,F,0.0222873627237108
chr19,39826150,39827269,1120,*,8,1.29779091292526e-06,0.00087415280291507,0.00993642849557589,0.00134911459978879,0.0151482515391707,0.00514805848880764,GMFG,F,0.0222873627237108
chr6,28554262,28557467,3206,*,46,1.42328099284531e-06,0.00169109301902262,0.0439537240928514,0.000834860546397349,-0.0249326957446113,8.14059246167704e-05,"RP5-1186N24.3, SCAND3",F,0.0222873627237108
chr11,128736844,128737429,586,*,6,1.42712075633659e-06,0.00410449253558256,0.0109661448276533,0.000880895887625958,0.0132028031043203,-0.00578595851298541,KCNJ1,F,0.0222873627237108
chr1,28831874,28833064,1191,*,10,1.49233555293364e-06,0.000973335064856785,0.00944701868847725,0.00086463180041565,0.0277466535814817,0.0115300035036739,"RCC1, SNHG3",F,0.0222873627237108
chr6,49430596,49431433,838,*,13,1.70666152739724e-06,0.00128218248907356,0.0123484049932908,0.000935169619947818,0.00995169959569873,0.00623484038062829,"CENPQ, MUT",F,0.0222873627237108
chr6,32796547,32799098,2552,*,23,1.78162961934716e-06,0.00377367080801366,0.0157247561785571,0.00104278630893321,-0.0253170207617849,-0.0060276336826996,"TAP2, TAP2",F,0.0222873627237108
chr6,32708524,32709909,1386,*,6,1.93056857953748e-06,0.00674960692914691,0.00557949991359677,0.00211827054345281,-0.0368014589916088,-0.0175316351300057,HLA-DQA2,F,0.0222873627237108
chr10,88729315,88731295,1981,*,9,1.95381393202456e-06,0.0040058073324468,0.0129337919935356,0.000607160330089642,-0.0100992709630488,-0.000333571526356652,"ADIRF, RP11-96C23.5, ADIRF-AS1, RP11-96C23.15",F,0.0222873627237108
chr14,21978798,21980428,1631,*,12,2.11171341088038e-06,0.00151523724964718,0.0188198151436125,0.000935169619947818,0.0150425577267002,0.00866387262539564,METTL3,F,0.0222873627237108
chr17,44895317,44896923,1607,*,13,2.15826343151159e-06,0.00986293109258264,0.00576172569846887,0.00261777609191214,-0.016173227200762,0.000491430481851725,WNT3,F,0.0222873627237108
chr1,204182957,204183655,699,*,11,2.2392355923991e-06,0.00810890800541642,0.0121837754920947,0.00230708719572467,-0.0222294175666446,-0.0106757106692793,GOLT1A,F,0.0222873627237108
chr8,22102032,22103537,1506,*,15,2.51750419989705e-06,0.00566701845410421,0.00956554448383203,0.00154604962043303,0.0164297867085834,0.00140749580116478,"POLR3D, MIR320A",F,0.0222873627237108
chr3,49141757,49142581,825,*,11,2.74391511684999e-06,0.00816617957478422,0.00944701868847725,0.00179857799903868,0.0101227171644045,0.0032971837476704,QARS,F,0.0222873627237108
chr6,28870818,28873520,2703,*,20,2.80910221071622e-06,0.000973335064856785,0.0108875746810609,0.000513697884464039,-0.0195536561454089,-0.00834359223328086,TRIM27,F,0.0222873627237108
chr18,3593461,3594398,938,*,9,2.84260290384618e-06,0.00210430671350083,0.0185835833277805,0.000882958371905646,0.0182215656944752,0.00966996264164844,"DLGAP1-AS1, DLGAP1",F,0.0222873627237108
chr2,175499113,175500583,1471,*,7,3.10016368771944e-06,0.000932522925208868,0.010788009016712,0.000870062275454914,0.0446015215219173,0.0175982489457254,"AC018890.6, WIPF1",F,0.0222873627237108
chr1,156626749,156627572,824,*,7,3.56110532990243e-06,0.00226204592548034,0.0138022234001394,0.00154604962043303,0.0372163572675165,0.00670283452627985,"BCAN, RP11-284F21.7",F,0.0222873627237108
chr12,100593747,100594894,1148,*,10,3.8254371852468e-06,0.00785794754914209,0.00833207855104537,0.00278875344067916,0.0268923840774707,0.0103995659865653,ACTR6,F,0.0222873627237108
chr6,31430770,31431969,1200,*,13,4.0670306572607e-06,0.00667840761943075,0.0285488654581623,0.00476699501514138,0.0407977988888345,0.007538018173678,"HCP5, XXbac-BPG181B23.6",F,0.0222873627237108
chr17,80187349,80188816,1468,*,6,4.19766810182243e-06,0.00136461605775194,0.0127861596266558,0.00110947200088954,-0.0124066439489052,-0.00565687087073485,SLC16A3,F,0.0222873627237108
chr12,53661747,53662405,659,*,7,4.28141325585046e-06,0.00676475825640226,0.00854278047426466,0.00171961949522903,0.0173157929335693,0.00710380251162316,ESPL1,F,0.0222873627237108
chr18,12947066,12948780,1715,*,15,4.28984602432281e-06,0.00663535830509409,0.00944701868847725,0.00190624286546021,0.0188742256027445,0.00686077965390939,SEH1L,F,0.0222873627237108
chr1,67772896,67773725,830,*,12,4.3281967127921e-06,0.00138346144157354,0.0162005727286395,0.00145510677917009,-0.0118431720426128,-0.00103282076625145,IL12RB2,F,0.0222873627237108
chr16,23313148,23313934,787,*,9,4.34874444582614e-06,0.00213146439429916,0.00689268899370422,0.00090964938145444,0.02849061648333,0.00849652114975021,SCNN1B,F,0.0222873627237108
chr9,71682105,71682302,198,*,2,4.37632675744011e-06,0.00480858805351496,0.00154293673395959,0.00053511510305274,-0.0142865203193344,-0.00992783390935159,FXN,F,0.0222873627237108
chr11,46353622,46354101,480,*,3,4.79853292756076e-06,0.00445967788654914,0.00701917363471232,0.00192960167708822,0.0176669478288249,0.00280958667704414,,F,0.0222873627237108
chr12,107713416,107714948,1533,*,9,5.25582278581064e-06,0.00507923167154292,0.0148479068566351,0.00238707819476178,-0.0243788395599194,0.00098090897292912,BTBD11,F,0.0222873627237108
chr14,33402368,33403743,1376,*,8,5.35892229443673e-06,0.00951503546076973,0.0113283870149218,0.00308916953780523,-0.0237556272330497,-0.000704130105465646,,F,0.0222873627237108
chr17,7518094,7518844,751,*,9,5.45291045587689e-06,0.00877751168828591,0.010286402887336,0.00264978095242075,0.0175973732329349,0.00677842770522492,"SHBG, FXR2",F,0.0222873627237108
chr1,167522470,167523769,1300,*,10,5.48055002384221e-06,0.0054812854708193,0.0121837754920947,0.00190624286546021,-0.0278228271428707,0.00462524205406191,CREG1,F,0.0222873627237108
chr1,150980797,150981652,856,*,11,5.79609380695823e-06,0.00458093780617254,0.0161859038252108,0.00333019454560464,0.0161080799759256,0.00678979863410621,"PRUNE, FAM63A",F,0.0222873627237108
chr7,99070313,99071136,824,*,10,5.93149188817299e-06,0.00175406405746577,0.017448733296751,0.00159848178130961,0.0103370104850396,0.00474664773143638,ZNF789,F,0.0222873627237108
chr11,5653254,5653922,669,*,4,6.1702270194815e-06,0.000805672685130313,0.0121837754920947,0.000984809528215602,0.0201627746368175,0.00909533816722094,"TRIM6-TRIM34, TRIM34, HBG2",F,0.0222873627237108
chr7,157366933,157367778,846,*,8,6.5508659061313e-06,0.00611449499963004,0.0101289681441394,0.00188046568387048,0.0354426536833812,0.0116772764974019,"PTPRN2, MIR153-2",F,0.0222873627237108
chr6,27839548,27841423,1876,*,19,6.61977233090646e-06,0.00714897133267164,0.0138425532435755,0.00238707819476178,0.0267287122980757,0.00921188535244958,"HIST1H3I, HIST1H4L",F,0.0222873627237108
chr7,2393524,2394416,893,*,11,6.75512848951996e-06,0.00301666862357799,0.012904171888162,0.00140138144928233,0.0184627413063641,0.00774079069453405,"EIF3B, SNX8",F,0.0222873627237108
chr10,31609531,31610754,1224,*,11,6.77328384499281e-06,0.00782337571618311,0.00944701868847725,0.00365827418121478,-0.0155984000222335,0.00485334990949236,ZEB1,F,0.0222873627237108
chr3,130612679,130614013,1335,*,13,7.21208574446299e-06,0.00544294104350262,0.0132622057327462,0.00118039000219289,-0.0211631029782342,0.00353011905702153,ATP2C1,F,0.0222873627237108
chr1,3566701,3569624,2924,*,43,7.55060858234679e-06,0.00445967788654914,0.0288728074161651,0.00277647027006204,-0.0440271630196601,-0.00840659022431163,"TP73, WRAP73",F,0.0222873627237108
chr22,30662799,30663881,1083,*,10,8.00614237299072e-06,0.00428248316783844,0.0132622057327462,0.00278875344067916,0.0116529365693666,0.00391693258468678,OSM,F,0.0222873627237108
chr17,29297380,29298352,973,*,17,8.09142890258642e-06,0.00310733158905343,0.0195395927893821,0.00213870656129725,-0.0535110983568159,-0.0129662696730563,RNF135,F,0.0222873627237108
chr2,906167,906974,808,*,5,8.13026365220768e-06,0.00138346144157354,0.012459870674024,0.00146979028205616,-0.0124684070980101,-0.00830434956063602,AC113607.3,F,0.0222873627237108
chr11,47616096,47617346,1251,*,4,8.13932361099242e-06,0.00273363174345819,0.00702158268925885,0.00133942966436251,0.0112306146203209,0.00502719087794092,C1QTNF4,F,0.0222873627237108
chr6,32297615,32297861,247,*,5,8.24050524493663e-06,0.00899939352216542,0.00784016487213193,0.0014026478057235,-0.108455811668228,-0.0468204340468801,C6orf10,F,0.0222873627237108
chr10,27388890,27389908,1019,*,11,8.25705546830341e-06,0.00820129495385385,0.0162028376627624,0.00456578358630722,0.0244886391675738,0.00953989874597456,ANKRD26,F,0.0222873627237108
chr1,111743368,111744309,942,*,5,8.93811394635001e-06,0.00582225870728729,0.00878743299374643,0.00441153513875899,0.0727774908594311,0.0461029673348097,"CHI3L2, DENND2D",F,0.0222873627237108
chr17,27046900,27048223,1324,*,15,8.96817693149835e-06,0.00310981445016834,0.012661351294585,0.00192960167708822,0.0481196846385557,0.0103688261657328,"RPL23A, SNORD42B",F,0.0222873627237108
chr21,40145361,40146149,789,*,6,9.10981706466695e-06,0.00286058416783705,0.00973675916781557,0.0015992089527475,0.056085332255839,0.0170155945820157,,F,0.0222873627237108
chr1,1850414,1852238,1825,*,23,9.16509790044933e-06,0.00240161869395026,0.0351535984196579,0.00161721840616312,0.0132120594194152,0.00553440568651519,TMEM52,F,0.0222873627237108
chr2,71679675,71679959,285,*,3,9.46933524038424e-06,0.00117504854234044,0.00702158268925885,0.00100598218261946,-0.0208942127681777,-0.00194584484411337,,F,0.0222873627237108
chr2,169103738,169104591,854,*,8,9.59272683497754e-06,0.00578245554939968,0.0100059904361552,0.0021027387828375,0.014535930942848,0.00670569920195839,STK39,F,0.0222873627237108
chr2,173292579,173294093,1515,*,8,9.60851184429035e-06,0.00234306327785952,0.0141594544906556,0.00207715727617088,-0.040612528622206,-0.013750674486328,"ITGA6, AC078883.4",F,0.0222873627237108
chr6,146919633,146920295,663,*,11,9.77240482383835e-06,0.00295839255012482,0.00701917363471232,0.00134911459978879,-0.030994787561749,-0.00530539612959951,"ADGB, RP11-715G15.1",F,0.0222873627237108
chr8,38853571,38855115,1545,*,18,9.88004158067294e-06,0.00942449486345572,0.0181402442002768,0.00321250194034916,-0.0157099312476838,0.00195457856065342,"ADAM9, TM2D2",F,0.0222873627237108
chr6,32782136,32783881,1746,*,9,9.90137859021672e-06,0.00843153530385796,0.0121954543179361,0.00261158705718368,-0.0278688068749668,-0.0013459713116788,"HLA-DOB, TAP2",F,0.0222873627237108
chr6,130182053,130182967,915,*,8,9.98470772861245e-06,0.0010642582656475,0.0181244643264911,0.00156191278936188,0.0262583833282114,0.00740336438756484,TMEM244,F,0.0222873627237108
chr9,139886506,139887217,712,*,4,1.00813173079915e-05,0.00750659418133859,0.0100856198457307,0.00278949721116743,-0.0156318235595628,0.000173352141702107,C9orf142,F,0.0222873627237108
chr11,65624773,65627023,2251,*,15,1.03091265531189e-05,0.00565845070934802,0.0153382611473204,0.00233114177079703,0.0205259156628148,0.00883496592824114,"MUS81, CFL1",F,0.0222873627237108
chr2,136287899,136289456,1558,*,15,1.05326356452619e-05,0.00916603962996027,0.00463565707614618,0.0031710051228849,0.0208288465194827,0.00908849443624893,"R3HDM1, ZRANB3",F,0.0222873627237108
chr7,4921827,4922708,882,*,6,1.05326356452619e-05,0.00908698974943723,0.00444272570741042,0.00280383249938756,0.0134953192870406,-0.000751853751332706,RADIL,F,0.0222873627237108
chr6,28574471,28574981,511,*,11,1.0815751669921e-05,0.00157374192492532,0.0100856198457307,0.000677262727481726,0.0160629313235089,0.00909636386431297,SCAND3,F,0.0222873627237108
chr16,1013990,1015103,1114,*,6,1.08349526087066e-05,0.000916014455491046,0.0165997715934471,0.00109526906786542,0.0472437473705462,0.0195288688513367,LMF1,F,0.0222873627237108
chr1,79085162,79085713,552,*,4,1.14006788544983e-05,0.00273363174345819,0.0138104127472649,0.00145510677917009,-0.0639685343072473,-0.0443691207886397,IFI44L,F,0.0222873627237108
chr3,31573236,31573377,142,*,3,1.18029000274854e-05,0.00501938362295961,0.00689268899370422,0.00138030327763524,0.0210317839105017,0.0121513101025563,,F,0.0222873627237108
chr2,55458963,55460405,1443,*,19,1.19287982514707e-05,0.00667919590443982,0.0109661448276533,0.00416632683464524,0.0238808597763582,0.008626226772542,"RPS27A, CLHC1",F,0.0222873627237108
chr5,68710808,68711640,833,*,9,1.19287982514707e-05,0.000774614077063888,0.0168831207936022,0.00143831852963473,-0.0323145323981474,-0.0201664481487365,MARVELD2,F,0.0222873627237108
chr20,21105829,21107113,1285,*,11,1.22862850379194e-05,0.00565732908094233,0.0106591027648992,0.00233114177079703,-0.0318310590503913,-0.0036626361599365,PLK1S1,F,0.0222873627237108
chr16,87958145,87958493,349,*,4,1.31400982644466e-05,0.00360636751299026,0.00864787756341542,0.000870062275454914,0.0314281750841139,0.0267177592187601,CA5A,F,0.0222873627237108
chr6,31106522,31108108,1587,*,9,1.32609167743247e-05,0.00466611679743998,0.0273552217761265,0.00166816131721814,0.0353752536676155,0.00613926901716628,"PSORS1C1, PSORS1C2",F,0.0222873627237108
chr2,202121863,202122832,970,*,10,1.39910427377833e-05,0.00501938362295961,0.010286402887336,0.00156691780546537,0.0150975717997758,0.00546395863530354,CASP8,F,0.0222873627237108
chr7,95063967,95064926,960,*,15,1.41037794065902e-05,0.00716529954263149,0.0289725150858926,0.00445445876275408,-0.015747320168586,0.00244700169023129,PON2,F,0.0222873627237108
chr20,62167942,62168463,522,*,2,1.42359224446317e-05,0.00619736976136803,0.00944701868847725,0.00480977842672034,0.00940683115154606,0.0076655799689499,PTK6,F,0.0222873627237108
chr16,89161567,89162885,1319,*,6,1.48900931124377e-05,0.00339509568566225,0.0149867943313053,0.00188262207458088,0.0225573243157455,0.00627413821925094,ACSF3,F,0.0222873627237108
chr9,102582694,102585669,2976,*,10,1.56985590304189e-05,0.00277243711441375,0.0136441385691954,0.000734898555627324,0.0135492505281374,0.00541208178729089,NR4A3,F,0.0222873627237108
chr16,89469541,89469845,305,*,3,1.58668577383447e-05,0.00142009649218188,0.00702158268925885,0.000796840559267713,-0.036506773480145,-0.0266781051659217,"ANKRD11, RP1-168P16.2",F,0.0222873627237108
chr20,44034247,44035415,1169,*,12,1.61440061289991e-05,0.00168829218711333,0.0130709264257955,0.00255054419070542,-0.0179775131369317,-0.000113204412408528,"SYS1-DBNDD2, DBNDD2, TP53TG5",F,0.0222873627237108
chr12,56390073,56391451,1379,*,12,1.61969953834705e-05,0.00235376412175549,0.018581591726755,0.00197985718513392,-0.029735942336771,-0.0130686445597586,SUOX,F,0.0222873627237108
chr11,108092087,108094111,2025,*,45,1.62895608169965e-05,0.00820993260995665,0.0517825041973833,0.0027660306437209,0.0242362613194962,0.00820014919682649,"ATM, NPAT",F,0.0222873627237108
chr3,185080356,185081403,1048,*,8,1.68911407200857e-05,0.00136880436297731,0.0144030587531189,0.00165938957675807,-0.0269833594611644,0.00099681961075467,MAP3K13,F,0.0222873627237108
chr10,89263900,89264574,675,*,8,1.72293106225993e-05,0.00301666862357799,0.0118564782534789,0.00250235874407538,-0.0163978097302167,-0.00825820393594742,,F,0.0222873627237108
chr2,128422113,128422717,605,*,10,1.72382994834304e-05,0.000857526220035968,0.0183191435833497,0.00180458207288883,-0.0200574660990352,-0.00699420371095411,LIMS2,F,0.0222873627237108
chr12,58237272,58240176,2905,*,9,1.72382994834304e-05,0.00488411299486621,0.00996714305942744,0.000764867338659442,-0.0183310176343669,-0.00216944299566262,CTDSP2,F,0.0222873627237108
chr19,58456963,58457594,632,*,2,1.79151585112822e-05,0.00466611679743998,0.00689268899370422,0.00260962761149347,0.0142137915498289,0.000385548494010235,ZNF256,F,0.0222873627237108
chr17,79803202,79804422,1221,*,9,1.8159034095674e-05,0.00112289246368549,0.0169748416272238,0.000952028653223182,-0.0103305889630489,-0.00230876866147025,P4HB,F,0.0222873627237108
chr5,54455564,54456056,493,*,4,1.82496478426264e-05,0.00393477698401678,0.00928924739848483,0.00100598218261946,0.0334566128898204,0.00785710329505367,"GPX8, CDC20B",F,0.0222873627237108
chr19,30164820,30165591,772,*,6,1.84935673491429e-05,0.00157374192492532,0.0131849858162747,0.0018517255617091,0.0299550044739932,0.012647930853472,PLEKHF1,F,0.0222873627237108
chr6,32144667,32146779,2113,*,39,1.86667705105863e-05,0.00397594545877954,0.048540943016845,0.00229919053900525,0.021299746468557,0.00481373514189363,"RNF5, AGPAT1",F,0.0222873627237108
chr1,65431702,65433360,1659,*,11,1.87417085343245e-05,0.00661266722401319,0.0120032555420654,0.00278949721116743,0.0157647211168647,0.00393374048999268,JAK1,F,0.0222873627237108
chr7,28450001,28451011,1011,*,8,1.95624041144314e-05,0.00437433241366155,0.0141463051072689,0.00223261956701905,0.014657305589927,0.00361865612219289,CREB5,F,0.0222873627237108
chr6,30613715,30616140,2426,*,39,1.98208623099609e-05,0.00538968851421668,0.0138782366952508,0.00200562138861943,0.0156207831250034,0.00271748284871328,"ATAT1, C6orf136",F,0.0222873627237108
chr6,108169200,108170011,812,*,6,1.9971248403489e-05,0.00679969445757076,0.0121837754920947,0.00233685556977925,-0.0238315589918718,-0.00379359934787864,,F,0.0222873627237108
chr1,11322191,11323253,1063,*,13,2.00987148719525e-05,0.0077015605144449,0.0126745816772252,0.00347402017639093,-0.0161798904859828,0.00309532923290121,MTOR,F,0.0222873627237108
chr2,211035147,211037310,2164,*,14,2.04249611811724e-05,0.0077015605144449,0.0146743991252305,0.00190505607727277,0.0352161486566302,0.00618431645537267,"AC006994.2, KANSL1L, AC006994.3",F,0.0222873627237108
chr5,66123702,66124801,1100,*,9,2.09084734921811e-05,0.00393477698401678,0.0138104127472649,0.00233685556977925,0.0502727153397025,0.00977540329531467,MAST4,F,0.0222873627237108
chr4,39460513,39461721,1209,*,12,2.11587450208277e-05,0.00403595286261953,0.0157215785766703,0.00179857799903868,0.0134425583288967,0.00570903949532149,"LIAS, RPL9",F,0.0222873627237108
chr12,120966704,120967582,879,*,15,2.26130502485511e-05,0.00677455229154163,0.0240290062180211,0.00262583533438787,0.0173173374893659,0.0068423299304836,COQ5,F,0.0222873627237108
chr6,32489963,32490444,482,*,4,2.43732879909373e-05,0.000853601158028551,0.00854278047426466,0.000987558578535953,0.0622258853723,0.00611604387020634,HLA-DRB5,F,0.0222873627237108
chr8,74205400,74206966,1567,*,10,2.53610256321704e-05,0.00490555931511541,0.010788009016712,0.00166816131721814,0.0363386713675759,0.0177590758913348,"RDH10, RPL7",F,0.0222873627237108
chr21,33764900,33765737,838,*,9,2.56158871180412e-05,0.00465659655944389,0.0121837754920947,0.00261406065275426,-0.0121623432096435,-0.00148585633546803,"C21orf119, URB1",F,0.0222873627237108
chr12,46121515,46122733,1219,*,7,2.58140864104567e-05,0.00246051318076429,0.0180087093191044,0.00203888984141459,0.0221881934515747,0.0117009916302921,LINC00938,F,0.0222873627237108
chr6,20401145,20402153,1009,*,14,2.62843087577362e-05,0.00478128718786215,0.0109661448276533,0.00261406065275426,0.0302162049237887,0.00683325567984194,,F,0.0222873627237108
chr10,32734661,32735380,720,*,9,2.66982473554687e-05,0.00946494208794225,0.0181904805042126,0.00373459526718738,0.0125598461026531,0.00789554353159088,CCDC7,F,0.0222873627237108
chr2,242740765,242741407,643,*,5,2.73428450135751e-05,0.00157374192492532,0.0136441385691954,0.00146979028205616,0.0115272987837018,0.00213582084919004,"GAL3ST2, AC114730.5",F,0.0222873627237108
chr18,22930271,22931003,733,*,5,2.76735934564395e-05,0.00393477698401678,0.010909948610491,0.00344929905969956,-0.0442575121336216,-0.00670980491953272,ZNF521,F,0.0222873627237108
chr6,26157673,26158832,1160,*,7,2.78152094833505e-05,0.0064357309088034,0.00934337517034838,0.00308916953780523,0.0160301766065315,0.0116166034684252,HIST1H2BD,F,0.0222873627237108
chr6,6648823,6649176,354,*,2,2.78191311908421e-05,0.00301666862357799,0.00592735789410627,0.00167750795723265,0.0507196278826282,0.028029909359657,LY86,F,0.0222873627237108
chr9,35072637,35072977,341,*,4,2.8371065791685e-05,0.00691277535911175,0.00689268899370422,0.00200562138861943,0.0229920684914511,0.0154335784046755,VCP,F,0.0222873627237108
chr1,28655366,28656147,782,*,10,2.91760652678888e-05,0.00327469100384214,0.012904171888162,0.00192960167708822,0.0111078885104058,0.00778115667144602,MED18,F,0.0222873627237108
chr2,231728967,231730209,1243,*,9,3.00806608486282e-05,0.0026232351771391,0.0250791096329106,0.00278949721116743,0.0253574593455244,0.00273429525013943,ITM2C,F,0.0222873627237108
chr11,67210033,67211717,1685,*,18,3.08857916724939e-05,0.00142009649218188,0.0153501819585996,0.00159663392851774,-0.0486256002498709,0.00347073144753769,CORO1B,F,0.0222873627237108
chr19,56156430,56156542,113,*,2,3.09274960300045e-05,0.00713419874865221,0.00317500152359263,0.0013449664823989,0.0195917971689829,0.0113528150089813,"ZNF581, CCDC106",F,0.0222873627237108
chr2,182520919,182521926,1008,*,10,3.10842034268712e-05,0.00713419874865221,0.0141723771082441,0.00228145383007535,-0.0243843914717015,0.00204377200824639,CERKL,F,0.0222873627237108
chr5,130500164,130501199,1036,*,8,3.15493248583448e-05,0.00937817050818157,0.00944701868847725,0.00428181833403651,0.0117170782410361,0.00311431742367535,HINT1,F,0.0222873627237108
chr7,116138591,116140128,1538,*,13,3.21610723275829e-05,0.00471122786368823,0.052070545699694,0.00261406065275426,-0.0126340571641661,-0.00167378846297784,"CAV2, AC002066.1",F,0.0222873627237108
chr19,58609269,58610131,863,*,14,3.28899197267559e-05,0.00330318224639657,0.0228304704092294,0.00351545298191351,-0.0272931168566248,-0.00554530428521177,ZSCAN18,F,0.0222873627237108
chr6,31634875,31636980,2106,*,17,3.30210364834017e-05,0.00867710645501923,0.037804044092207,0.00639142285185924,-0.0314362354798795,-0.00701615758122294,"CSNK2B, CSNK2B-LY6G5B-1181",F,0.0222873627237108
chr1,25558918,25559743,826,*,11,3.32790239484816e-05,0.00633769815637118,0.0162640357078866,0.00403038230142816,0.0200930883820952,0.0100243533321969,SYF2,F,0.0222873627237108
chr2,86362222,86363010,789,*,4,3.37090252266525e-05,0.00410449253558256,0.00854278047426466,0.00275902496661207,0.023972333195837,-0.00602751586139286,"PTCD3, SNORD94",F,0.0222873627237108
chr5,132361924,132362578,655,*,7,3.38503759619158e-05,0.00278260191900751,0.0138440266687077,0.00182453606141666,0.0129590135486112,0.00545184925848404,ZCCHC10,F,0.0222873627237108
chr7,153583867,153585368,1502,*,9,3.41898560541142e-05,0.00345187082101435,0.0171676675176974,0.00261158705718368,-0.036614030956858,-0.0235542932586703,DPP6,F,0.0222873627237108
chr11,14664598,14665366,769,*,10,3.56701282988295e-05,0.00464937450974429,0.0218369852588744,0.00192960167708822,0.017688726379732,0.00432745039345334,"PDE3B, PSMA1",F,0.0222873627237108
chr2,97202260,97203640,1381,*,7,3.57782705196554e-05,0.00527841668785234,0.0118564782534789,0.00166816131721814,-0.00916276029021709,0.00101891398876358,ARID5A,F,0.0222873627237108
chr3,197475984,197477555,1572,*,20,3.8323300641505e-05,0.00899939352216542,0.0329953971018418,0.00429363829003108,-0.0224944790415417,0.00272410383259392,"FYTTD1, KIAA0226",F,0.0222873627237108
chr1,68511835,68513063,1229,*,10,3.86296809186426e-05,0.000951330082598166,0.0515000045752638,0.00272334409293927,0.0116463066545074,-0.000793815020845551,"GNG12-AS1, DIRAS3",F,0.0222873627237108
chr16,89618833,89619402,570,*,3,3.90226985937719e-05,0.00451942006773469,0.00701917363471232,0.00255054419070542,0.0211593986115669,0.00170941358022773,SPG7,F,0.0222873627237108
chr13,30424153,30424932,780,*,9,3.97777058578601e-05,0.0107576580619676,0.015801249196495,0.00531921945006965,0.0254508574393249,0.00588020277382193,UBL3,F,0.0222873627237108
chr2,222435214,222436149,936,*,4,4.03764726683107e-05,0.00189606066298609,0.0120032555420654,0.00261406065275426,0.0259722670149521,0.00780804543166088,EPHA4,F,0.0222873627237108
chr10,73533483,73534338,856,*,6,4.12080721857793e-05,0.00465498489906262,0.00878743299374643,0.00278280473106526,-0.0288691567564146,-0.0027777492725226,CDH23,F,0.0222873627237108
chr16,50058938,50059684,747,*,9,4.15144019809557e-05,0.00157374192492532,0.0274526583467707,0.00153657085323726,0.0127466571530861,0.00610360765895908,CNEP1R1,F,0.0222873627237108
chr19,5827811,5828301,491,*,4,4.188138086573e-05,0.00439102665091315,0.012099149930652,0.00278949721116743,-0.0180892808115838,-0.0068507971784588,NRTN,F,0.0222873627237108
chr17,58041258,58042029,772,*,5,4.21059613315623e-05,0.00404804025043112,0.0107934179552152,0.00267073834193713,0.01345505350184,0.00719736928667991,"RP11-178C3.1, RNFT1, TBC1D3P1-DHX40P1",F,0.0222873627237108
chr10,96122379,96123085,707,*,4,4.29928545586171e-05,0.00266131697444981,0.0138104127472649,0.00256624058298917,0.0236760064590374,0.00909933335469,NOC3L,F,0.0222873627237108
chr16,28888747,28889630,884,*,5,4.35491904384524e-05,0.000805672685130313,0.0120032555420654,0.00151613249197583,0.0301371653358982,0.0121649571312992,,F,0.0222873627237108
chr8,141566732,141567390,659,*,3,4.38904732211204e-05,0.0026487854309493,0.00864787756341542,0.0023910395360179,-0.0157739379720903,-0.00605333786569736,AGO2,F,0.0222873627237108
chr14,45365651,45366116,466,*,2,4.45582053683036e-05,0.00849184722919201,0.00927038007841454,0.00554730625849997,-0.0148831611457447,-0.00543877281235422,RP11-857B24.1,F,0.0222873627237108
chr6,126240239,126240414,176,*,2,4.46339549169065e-05,0.0016833690442224,0.0048079789268715,0.000971337266470433,0.0115014619500627,0.0105817774876532,NCOA7,F,0.0222873627237108
chr12,57521080,57521668,589,*,5,4.48206908555179e-05,0.00517807935979483,0.0115405716428096,0.00227690986325649,0.0114850410640191,0.00409180577835257,STAT6,F,0.0222873627237108
chr5,36606102,36606981,880,*,13,4.64914048415766e-05,0.00788766465246306,0.0147860013846381,0.00548881360928893,-0.047034500111639,0.00141216515136207,SLC1A3,F,0.0222873627237108
chr17,80055299,80056046,748,*,2,4.71067073844874e-05,0.00226164633579335,0.0109988109072927,0.00269823668906978,-0.0107612592452631,-0.00278783372559486,FASN,F,0.0222873627237108
chr5,108083455,108084228,774,*,7,4.7165094793359e-05,0.00603225185352744,0.0130674198008828,0.00310062141903516,0.0250985568773807,0.0117697308511471,FER,F,0.0222873627237108
chr4,40198129,40198776,648,*,5,4.72745382382796e-05,0.00843501506937555,0.00701917363471232,0.00308916953780523,0.0384281123080277,0.0165680929190142,RHOH,F,0.0222873627237108
chr19,7968560,7969347,788,*,8,4.82314056357565e-05,0.0055102758732537,0.0143005505336521,0.00531012457090699,-0.00929064548553586,0.00266191440463369,MAP2K7,F,0.0222873627237108
chr7,27190431,27192656,2226,*,17,5.00832202502846e-05,0.00376616596869149,0.0192560784503992,0.00255054419070542,-0.0517178235588366,-0.00536424828285243,"HOXA-AS3, HOXA3, RP1-170O19.22, RP1-170O19.23",F,0.0222873627237108
chr16,2284125,2284734,610,*,5,5.02454753927598e-05,0.00142364470247427,0.0134878840492904,0.00154604962043303,0.0104061004236998,0.00628483681210101,E4F1,F,0.0222873627237108
chr1,151319366,151320703,1338,*,10,5.17515959914854e-05,0.00778680757973702,0.0136458312888398,0.00278875344067916,-0.0171364241980728,0.00549219921413992,"RP11-126K1.6, RFX5",F,0.0222873627237108
chr20,60717158,60717729,572,*,4,5.25153897516821e-05,0.00652006112264322,0.010788009016712,0.00508085454149401,0.0266412585801152,0.0112065107080431,PSMA7,F,0.0222873627237108
chr12,2161288,2162232,945,*,7,5.26912435384464e-05,0.00286947598104156,0.0128635722373312,0.00229264630292232,-0.00971530065384982,-0.000793817001169011,CACNA1C,F,0.0222873627237108
chr20,30639305,30640595,1291,*,14,5.30232955789395e-05,0.00439102665091315,0.0175378959969683,0.00262771066714003,0.0272381507330964,0.0053507831757047,HCK,F,0.0222873627237108
chr7,766100,767893,1794,*,13,5.30855202607754e-05,0.0107407556472969,0.00754888608917829,0.00217961771221536,0.0123463166126516,0.0013335436569967,"HEATR2, PRKAR1B",F,0.0222873627237108
chr1,1169394,1170069,676,*,2,5.33808612634581e-05,0.0089728500450655,0.00668530391036088,0.00326996073458543,0.0239466760826169,0.00821477692858885,B3GALT6,F,0.0222873627237108
chr7,92237376,92238364,989,*,7,5.41104281019766e-05,0.00157374192492532,0.0230729593233083,0.00227690986325649,-0.0267365614567889,-0.0129266850907542,CDK6,F,0.0222873627237108
chr1,228352412,228353364,953,*,8,5.43711125092569e-05,0.0040461588254528,0.0108234596131977,0.00456291833533161,-0.0701197786250907,-0.00356814017620994,IBA57-AS1,F,0.0222873627237108
chr19,18709415,18709521,107,*,5,5.92629180498479e-05,0.00205928849015278,0.0128171077435999,0.0014026478057235,0.0186107047309791,0.0114741285373565,CRLF1,F,0.0222873627237108
chr9,975825,977109,1285,*,7,5.93558064693499e-05,0.00393477698401678,0.0136441385691954,0.00207066569705235,0.0138065212479526,-0.00158566852855049,DMRT3,F,0.0222873627237108
chr10,134360912,134362170,1259,*,9,5.94633718413535e-05,0.000805672685130313,0.0159441945470222,0.000834860546397349,-0.0533621585831608,0.000126163202765571,INPP5A,F,0.0222873627237108
chr10,1166994,1167786,793,*,6,5.94633718413535e-05,0.00611449499963004,0.0104091426079931,0.00318643009654516,-0.00925856766642197,-0.00333567891185782,WDR37,F,0.0222873627237108
chr11,107730005,107730551,547,*,6,6.07215387950681e-05,0.00234306327785952,0.010788009016712,0.00278875344067916,0.0174694963965621,0.00951820621912462,SLC35F2,F,0.0222873627237108
chr6,26332204,26332501,298,*,4,6.1608964364572e-05,0.00097488883100385,0.0138104127472649,0.00147978372576152,0.014829764273262,0.00858883529907515,,F,0.0222873627237108
chr19,51505507,51506888,1382,*,7,6.22870062582737e-05,0.00128137662825127,0.0200945897744699,0.00205471318376788,0.0203721197914077,0.00860968183261158,"CTB-147C22.9, KLK8, KLK9, KLK9",F,0.0222873627237108
chr6,170477803,170478454,652,*,5,6.22870062582737e-05,0.00271956222058851,0.0138425532435755,0.0024380724859902,0.0200096281807378,0.00243694953209559,RP11-302L19.1,F,0.0222873627237108
chr6,32935025,32937713,2689,*,46,6.29277085288551e-05,0.0077630370910647,0.0275607202259264,0.00489690528416158,0.0190437328422812,0.00624787376331139,"BRD2, HLA-DMA",F,0.0222873627237108
chr3,27765232,27766382,1151,*,11,6.30780260118202e-05,0.00577617081695904,0.00878743299374643,0.00275227694039655,-0.0263643929881885,-0.0120834746769748,,F,0.0222873627237108
chr20,43150411,43151161,751,*,8,6.31778348623512e-05,0.00197209632481227,0.0253221026562436,0.00308034970466561,0.012968946490929,0.00589335580084649,SERINC3,F,0.0222873627237108
chr6,136172553,136173085,533,*,7,6.31778348623512e-05,0.00117504854234044,0.0169595141273544,0.00156470655332821,-0.0263620512163519,-0.0107763165945186,PDE7B,F,0.0222873627237108
chr5,1814073,1814816,744,*,4,6.33882089774468e-05,0.00745958272111125,0.012904171888162,0.00584169868017843,0.0129130728040824,0.00611641457949061,NDUFS6,F,0.0222873627237108
chr6,168419522,168420296,775,*,4,6.41322217936345e-05,0.00465498489906262,0.010788009016712,0.00436180478543451,-0.0168290606578873,-0.0084313818569029,KIF25,F,0.0222873627237108
chr15,68851385,68852384,1000,*,8,6.49397388400417e-05,0.00490645437994507,0.00994737226876364,0.00372617592252338,0.0146865792504141,0.00472858405728205,,F,0.0222873627237108
chr6,33135753,33137622,1870,*,16,6.50855803301867e-05,0.00301005584716782,0.0425048697672384,0.00173350950110592,0.028225550257845,0.00861687862783005,COL11A2,F,0.0222873627237108
chr5,3285935,3286296,362,*,6,6.57850200193455e-05,0.00377717918865729,0.0118564782534789,0.00254841312298469,-0.0165173533906499,-0.00783508025643126,,F,0.0222873627237108
chr11,67398435,67399029,595,*,3,6.57850200193455e-05,0.0103543186136076,0.00701917363471232,0.00403096472852103,0.00498806407951635,0.00362259093227968,TBX10,F,0.0222873627237108
chr6,26021147,26022273,1127,*,8,6.70058367423559e-05,0.00497602527476261,0.0165997715934471,0.00287822835134332,0.00955889758501779,0.00649010168327544,"HIST1H3A, HIST1H4A",F,0.0222873627237108
chr6,31619513,31622439,2927,*,64,6.72907642573118e-05,0.00697857648095357,0.0588473682873908,0.00360319883419037,0.0294744217257994,0.00628378810209291,"APOM, BAG6",F,0.0222873627237108
chr6,90538873,90540193,1321,*,11,6.73099884959113e-05,0.0023960032231054,0.0181355245662428,0.00213870656129725,0.0184773962505139,0.00981991074978227,CASP8AP2,F,0.0222873627237108
chr10,126431523,126432777,1255,*,5,6.74132340187691e-05,0.00507923167154292,0.0161368347769002,0.00501606606106688,-0.0129696856404145,0.00224446754792191,"RP11-12J10.3, FAM53B",F,0.0222873627237108
chr6,34759018,34760183,1166,*,9,6.95064326706059e-05,0.00283958994952944,0.0181218202050093,0.00304021344796789,-0.0244423498173409,0.00381445423150679,UHRF1BP1,F,0.0222873627237108
chr7,2519789,2519874,86,*,3,6.96732643544664e-05,0.000993914463846333,0.0118564782534789,0.0015992089527475,0.00889005098526419,0.00562143582272708,,F,0.0222873627237108
chr8,56791576,56793160,1585,*,14,7.38130472088584e-05,0.00490098348946829,0.0263781977927443,0.00255054419070542,-0.036310019100304,-0.00570496058461529,LYN,F,0.0222873627237108
chr12,7023195,7024121,927,*,11,7.38949729443249e-05,0.00923964116761788,0.0162640357078866,0.00543117964085625,0.024245285557685,0.0104314124020584,"LRRC23, ENO2",F,0.0222873627237108
chr5,108062722,108064185,1464,*,6,7.40235382801809e-05,0.00415772560477915,0.0124517727005396,0.00249314791436256,-0.0136397895756988,0.00160393662306654,LINC01023,F,0.0222873627237108
chr14,71067346,71067802,457,*,8,7.45089729157267e-05,0.00324895581347641,0.0118198039272582,0.00267553221335242,0.00953214463842442,0.00495362880457861,"MED6, CTD-2540L5.5",F,0.0222873627237108
chr7,150652702,150653195,494,*,8,7.51598864923216e-05,0.00200349257911268,0.0254887445194546,0.00326299100884616,-0.046349255894732,-0.0191675604359129,KCNH2,F,0.0222873627237108
chr6,26224013,26224714,702,*,5,7.53821216042367e-05,0.00297026938419193,0.0124662240002179,0.00175364448207445,0.032054827161945,0.0226460830277091,,F,0.0222873627237108
chr10,100992068,100994478,2411,*,21,7.56176923678253e-05,0.00397539596984398,0.0322506160812186,0.00207502254372602,-0.021946881712656,-0.00213613376558076,HPSE2,F,0.0222873627237108
chr11,60719947,60720229,283,*,3,7.57938581020455e-05,0.00147396798681834,0.0121837754920947,0.00151613249197583,-0.0305360797405916,-0.0175471908938038,SLC15A3,F,0.0222873627237108
chr11,57479323,57480394,1072,*,19,7.61003924694365e-05,0.00261482999338905,0.0361018582144728,0.00330920918918793,0.0185001966573186,0.00788779825465886,"TMX2, TMX2-CTNND1, MED19",F,0.0222873627237108
chr6,33244752,33247141,2390,*,56,7.66034365932861e-05,0.00823464621081486,0.0942928505049058,0.00835236890319637,0.0361440667751251,0.0054993995186724,"B3GALT4, WDR46",F,0.0222873627237108
chr9,139637526,139638566,1041,*,4,7.70813099684407e-05,0.00233382296221936,0.00944701868847725,0.0023342054169498,0.0326550641243202,0.0214177184369882,"LCN10, LCN6, LCN6",F,0.0222873627237108
chr15,42302342,42303292,951,*,5,7.72148752773427e-05,0.00464937450974429,0.010788009016712,0.00383488493053139,0.0140155719141286,0.00454433288051459,PLA2G4E,F,0.0222873627237108
chr12,64615825,64616385,561,*,11,7.84342453444684e-05,0.00565732908094233,0.0125048336720324,0.00323900192013106,-0.0112519644699335,0.00181438025032521,"RPS11P6, C12orf66",F,0.0222873627237108
chr17,47301348,47301741,394,*,3,7.90887093647958e-05,0.00327469100384214,0.0128239583572442,0.00269823668906978,-0.0253201996754368,-0.0141902355448467,PHOSPHO1,F,0.0222873627237108
chr6,28457210,28457925,716,*,5,8.03160320242398e-05,0.0101032353087255,0.0129109335157902,0.00427081436592151,0.0101941253597489,0.00400344709102579,,F,0.0222873627237108
chr8,2096275,2096413,139,*,3,8.15439743427882e-05,0.000932522925208868,0.0132162446268132,0.00156470655332821,-0.0185398434913208,-0.0113596662756339,MYOM2,F,0.0222873627237108
chr11,22646931,22648618,1688,*,20,8.30068132059889e-05,0.00949855418987412,0.0249157841875075,0.00383488493053139,-0.0221832312778862,0.00387661340319947,"AC103801.2, GAS2, FANCF",F,0.0222873627237108
chr19,49173732,49174391,660,*,3,8.33369694227435e-05,0.00213267169767453,0.00701917363471232,0.0015992089527475,0.0134656305565991,0.0105987741411269,"SEC1P, NTN5",F,0.0222873627237108
chr21,42218932,42219853,922,*,10,8.39829528685689e-05,0.00930067334443381,0.0141211291218841,0.00477936956809413,-0.0351667884751003,-0.0197511500385202,DSCAM,F,0.0222873627237108
chr1,167407514,167408509,996,*,2,8.42516153415838e-05,0.004808381821804,0.00798710548832524,0.0034072593094404,-0.0133956594345085,-0.0018716064957152,CD247,F,0.0222873627237108
chr4,169401183,169402298,1116,*,10,8.51916707858806e-05,0.00818590792034094,0.0140461925267207,0.00230575459310105,0.0186219245940065,0.00692497596790937,DDX60L,F,0.0222873627237108
chr3,112693867,112694196,330,*,3,8.68493594311149e-05,0.0022355317301439,0.0115864183115548,0.00190624286546021,-0.0180779702687646,-0.00700357950038997,CD200R1,F,0.0222873627237108
chr2,39892450,39893887,1438,*,10,8.73700461362403e-05,0.00667919590443982,0.0160071544749222,0.00352355397014086,0.0161018791598761,0.000583136265038873,"AC007246.3, TMEM178A",F,0.0222873627237108
chr8,57084138,57084539,402,*,3,8.78828822547997e-05,0.00281285441152409,0.00732068503964798,0.00213870656129725,-0.0298009993554434,-0.0242614336429028,PLAG1,F,0.0222873627237108
chr18,33081137,33081389,253,*,2,8.97053492716238e-05,0.00218624349500029,0.00668530391036088,0.00154136920728975,0.0177130500937155,0.0127439173955927,,F,0.0222873627237108
chr5,68664773,68666458,1686,*,23,9.04227667226894e-05,0.00986293109258264,0.0186166329432155,0.00305555014648057,0.0216941175640076,0.0054434691605252,"RAD17, TAF9",F,0.0222873627237108
chr14,102552730,102553260,531,*,3,9.14293469969031e-05,0.00327469100384214,0.0108676295557037,0.0033286813481023,0.0164817687196624,0.00499241313658491,HSP90AA1,F,0.0222873627237108
chr7,5458719,5459428,710,*,4,9.22343573810581e-05,0.00410828782374636,0.0132622057327462,0.00416632683464524,-0.0447562095386018,-0.0143953289804511,TNRC18,F,0.0222873627237108
chr10,63422254,63423079,826,*,10,9.32879209648595e-05,0.00286062375923254,0.0304776848700979,0.00315846970890361,-0.0220658949370109,-0.0098302505474915,C10orf107,F,0.0222873627237108
chr17,41003155,41003399,245,*,5,9.35975225059713e-05,0.00668912716805132,0.0153589491857035,0.00192960167708822,0.0331515436068671,0.0146414775185772,AOC3,F,0.0222873627237108
chr10,72647819,72648987,1169,*,9,9.39426744282953e-05,0.0077015605144449,0.0194100804945735,0.00309436598740408,-0.0147777455832274,0.00197947620410062,PCBD1,F,0.0222873627237108
chr6,31865268,31866825,1558,*,32,9.50888778225995e-05,0.00646868695860325,0.0666799604526975,0.00653470149602472,0.0150845432219118,0.00496986354986697,"C2, EHMT2",F,0.0222873627237108
chr10,124319791,124320064,274,*,2,9.5255254321972e-05,0.00302785382266937,0.00689268899370422,0.0021027387828375,-0.0195256525529837,-0.0120598855240604,,F,0.0222873627237108
chr6,41528345,41529269,925,*,8,9.68890322939581e-05,0.00447089797587844,0.0141637970503263,0.00275227694039655,0.00951099731212301,0.0044864104741716,FOXP4,F,0.0222873627237108
chr3,111450718,111451470,753,*,4,9.70054628018052e-05,0.00715335726269617,0.00701917363471232,0.0033488714898992,-0.0149469772447818,-0.0102462670278562,"PLCXD2, PHLDB2",F,0.0222873627237108
chr8,10621801,10621935,135,*,3,9.75588864692243e-05,0.00087415280291507,0.014879230603711,0.00180900023721247,0.0203820826915747,0.00463919588429699,"CTD-2135J3.3, SOX7, SOX7",F,0.0222873627237108
chr8,102217292,102218365,1074,*,12,0.000100186551367438,0.000824966091423733,0.0558681117644466,0.00277647027006204,0.0223457084545643,0.00476280599114592,ZNF706,F,0.0222873627237108
chr22,19466331,19467442,1112,*,15,0.000100369220339669,0.00583474724462085,0.0140989547166037,0.00450175682415329,0.0209059216042339,0.0096119981031999,"CDC45, UFD1L",F,0.0222873627237108
chr6,35991802,35992685,884,*,6,0.000101545859081454,0.00212159532908539,0.0156715631432692,0.00192960167708822,-0.0538212326155802,-0.024521928930744,SLC26A8,F,0.0222873627237108
chr17,48545805,48546620,816,*,12,0.0001035682524733,0.00600331459002115,0.0109661448276533,0.00445445876275408,-0.0196328869830646,-0.00495808995304793,"ACSF2, CHAD",F,0.0222873627237108
chr6,134496341,134497755,1415,*,12,0.000104819621518768,0.00226164633579335,0.0138425532435755,0.00261406065275426,-0.0476967245232079,-0.0154645916356254,SGK1,F,0.0222873627237108
chr12,117317770,117319577,1808,*,11,0.000105033912604096,0.00735360550912248,0.0143354280195158,0.00562947002182285,0.0156405098952349,0.00755867170239609,HRK,F,0.0222873627237108
chr5,179004535,179004757,223,*,4,0.000105944166887639,0.00415772560477915,0.00864787756341542,0.00211181700425083,-0.0248825725741598,-0.00463282778539725,RUFY1,F,0.0222873627237108
chr11,96122501,96123810,1310,*,16,0.000106215603781734,0.002308816626452,0.0383861016288583,0.00287822835134332,0.017036606717333,0.00519003860802194,"JRKL, CCDC82",F,0.0222873627237108
chr17,61511069,61511829,761,*,4,0.000106635027119254,0.00128984592807408,0.0161368347769002,0.0021027387828375,-0.0326349441775413,-0.00748732988702042,CYB561,F,0.0222873627237108
chr16,30750482,30751261,780,*,4,0.000107687716894682,0.000805672685130313,0.0151364017850789,0.00151613249197583,0.010020394045669,0.0057613163723334,SRCAP,F,0.0222873627237108
chr6,3269502,3270030,529,*,6,0.000109952742213915,0.00464937450974429,0.0184928173540017,0.0038721233310945,0.0138229346301578,-0.00162763274691372,"PSMG4, SLC22A23",F,0.0222873627237108
chr13,46756209,46756439,231,*,2,0.00011078563494763,0.0011505243579446,0.010286402887336,0.0015992089527475,0.0413252970087133,0.0262937010294599,LCP1,F,0.0222873627237108
chr4,122078167,122078348,182,*,2,0.000111570527301281,0.000807794438973563,0.00996714305942744,0.00131330223003302,-0.0315606590732711,-0.0239582617811555,TNIP3,F,0.0222873627237108
chr6,17600158,17601422,1265,*,9,0.000113124758727173,0.00464937450974429,0.0164581904466693,0.00445635319572078,0.0513250720647366,0.00562875336306612,FAM8A1,F,0.0222873627237108
chr2,17830624,17830761,138,*,3,0.000113347350610445,0.00545067515959816,0.00592735789410627,0.00208121071221254,0.0429298243157828,0.0114828161486735,VSNL1,F,0.0222873627237108
chr19,46388787,46390327,1541,*,13,0.00011386572728562,0.00405578118014202,0.0220435503582708,0.00326299100884616,0.0103329405022417,0.00215796796644774,IRF2BP1,F,0.0222873627237108
chr11,71158925,71160219,1295,*,9,0.000114005892694028,0.00311204807681942,0.0279034879507222,0.00275902496661207,-0.0104531731222016,0.000996481847875997,"RP11-660L16.2, DHCR7",F,0.0222873627237108
chr21,30396349,30397409,1061,*,9,0.00011436993072182,0.00856358481000624,0.0129246305203184,0.00546204618218055,0.0287598557883798,0.00786231432577693,"USP16, RP1-100J12.1",F,0.0222873627237108
chr1,209877614,209878389,776,*,5,0.000115637635458244,0.00189606066298609,0.0158463701710605,0.00278875344067916,-0.0292575188339075,-0.0147445805578874,"HSD11B1, RP1-28O10.1",F,0.0222873627237108
chr16,89341851,89342851,1001,*,6,0.000116247963855471,0.00591123709848826,0.0164961805838014,0.00417412397658579,0.0151629001477278,0.00428015523400595,ANKRD11,F,0.0222873627237108
chr12,104443742,104444418,677,*,10,0.000116699853688708,0.01044928450648,0.0119421690000001,0.00564096273638841,-0.0200243724510266,-0.000318380234162331,GLT8D2,F,0.0222873627237108
chr18,44526430,44527026,597,*,8,0.000116715310304113,0.00678755456904466,0.0129337919935356,0.00314695564189762,0.00985007850156026,0.00387053013674461,KATNAL2,F,0.0222873627237108
chr20,37063526,37064504,979,*,11,0.000116790413544716,0.00450810047983388,0.0238664160136227,0.00480977842672034,0.00844036466298316,0.00145091134130501,SNHG17,F,0.0222873627237108
chr4,184431586,184432152,567,*,2,0.000118532932075414,0.00273363174345819,0.00879808182809309,0.00261406065275426,-0.0247187626418498,-0.0213174888442024,ING2,F,0.0222873627237108
chr2,128412420,128413009,590,*,2,0.000118638653200183,0.0019096245587365,0.00838245447583173,0.0019969534308852,0.0137745736224811,0.00749763445970758,LIMS2,F,0.0222873627237108
chr2,111979319,111979398,80,*,2,0.00011907000835886,0.00130460986648983,0.00823931326838979,0.00154604962043303,-0.0610666244386225,-0.0449620417081103,MIR4435-1HG,F,0.0222873627237108
chr14,45552678,45553636,959,*,8,0.000119264836928715,0.00927221614308479,0.0131961570945224,0.00529511591765007,-0.0331286927438908,-0.00205098565735302,"PRPF39, CTD-3028N15.1",F,0.0222873627237108
chr2,102769711,102769768,58,*,2,0.000119484417599171,0.00131070762884247,0.0121837754920947,0.00197985718513392,-0.00900320183931513,-0.00405400029477659,IL1R1,F,0.0222873627237108
chr13,28024020,28025299,1280,*,21,0.000120417503602065,0.00154505761537596,0.0605534374419081,0.00464880405410888,0.0108741168480189,0.00384074761594187,MTIF3,F,0.0222873627237108
chr12,110282809,110283596,788,*,5,0.000121171886998303,0.00143487859887902,0.0129211775879537,0.00210071691068071,0.0134175696848686,0.00469169481155294,,F,0.0222873627237108
chr8,142297121,142297584,464,*,5,0.000121185918400193,0.00250633898556934,0.0181929836116653,0.00228145383007535,0.0176645560104597,0.00446564721007184,"RP11-10J21.5, SLC45A4",F,0.0222873627237108
chr3,160116810,160117717,908,*,10,0.000121736431353241,0.00584019799027316,0.0266665905171663,0.00441153513875899,0.0154601432243261,0.00732832648640273,"SMC4, RP11-432B6.3, IFT80",F,0.0222873627237108
chr11,43963820,43965126,1307,*,11,0.00012217599678111,0.00983867300665798,0.0152799064524162,0.00671365812239933,-0.0086016293857468,0.000441565542917029,"RP11-613D13.4, C11orf96",F,0.0222873627237108
chr6,33376677,33378516,1840,*,21,0.000122241719222329,0.00226164633579335,0.0570050340256067,0.00255206846682968,0.0202441424310513,0.00402899696885962,"KIFC1, PHF1",F,0.0222873627237108
chr10,74032730,74033885,1156,*,15,0.000123803329492338,0.00839085481680157,0.0435142547508364,0.00596860985852086,-0.0187711809094974,-0.00214125103746342,DDIT4,F,0.0222873627237108
chr10,124892233,124893156,924,*,5,0.000123831249423435,0.00226204592548034,0.0129337919935356,0.00261406065275426,-0.0103536487799923,0.00122967145420657,,F,0.0222873627237108
chr11,2906934,2908471,1538,*,31,0.000125305544959513,0.00548240995961454,0.0435029188050738,0.0071054555380096,-0.0279752452404267,-0.0027683330761796,CDKN1C,F,0.0222873627237108
chr3,107809116,107810687,1572,*,12,0.000125368341389303,0.00578456831758485,0.0263354307523158,0.00308916953780523,0.0146308814383974,0.00436722906272125,CD47,F,0.0222873627237108
chr16,31085251,31086047,797,*,12,0.000125375771172701,0.00151178767341349,0.0329331494770798,0.00257043956875567,0.0137621023970179,0.00768094782858474,"ZNF646, ZNF668",F,0.0222873627237108
chr14,93196072,93196432,361,*,2,0.000125375771172701,0.00746015893923364,0.00617368082436767,0.00278875344067916,0.0158995307849839,0.00195420960549084,LGMN,F,0.0222873627237108
chr19,18234076,18235489,1414,*,5,0.00012544430239219,0.00228881496044929,0.0187093423382872,0.00231507935404551,-0.015294355404143,-0.010627234583871,MAST3,F,0.0222873627237108
chr5,141258637,141259256,620,*,6,0.000126474558557631,0.00865537026648504,0.0144411483313975,0.00555331046227012,0.0115718835774826,0.00570229139138698,PCDH1,F,0.0222873627237108
chr19,52847185,52847943,759,*,3,0.000126637625152208,0.010391578823935,0.00689268899370422,0.00382389807595028,-0.0063577081505003,-0.00257622748477019,"ZNF610, CTD-2525I3.6",F,0.0222873627237108
chr4,10117799,10118984,1186,*,8,0.00012964476144102,0.00861265659710462,0.0118564782534789,0.00580453919850698,0.00503646604570677,0.0019082097748961,WDR1,F,0.0222873627237108
chr11,85645743,85646615,873,*,4,0.000130677922294554,0.00175951466095621,0.0127254289335727,0.00253785872124946,0.0155643649101453,0.00389640863692697,SLC25A1P1,F,0.0222873627237108
chr1,17306627,17307215,589,*,4,0.000134057187038065,0.00321515264409292,0.0127861596266558,0.00278949721116743,-0.0167880932365421,-0.001256806277695,"RP1-37C10.3, MFAP2",F,0.0222873627237108
chr22,45403493,45405333,1841,*,11,0.000134613240897925,0.00541152041420418,0.0109661448276533,0.00368719595700288,0.0577523959717347,0.00211777856079244,PHF21B,F,0.0222873627237108
chr12,24714652,24717178,2527,*,19,0.000140395678158506,0.00167539967589527,0.0204523753832512,0.000936767521339505,0.018728068263075,0.00312244791960091,RP11-444D3.1,F,0.0222873627237108
chr1,53163523,53164287,765,*,10,0.000140737871607153,0.00416376353101076,0.0170074461773376,0.00361247439659738,0.0151654476250808,0.0047432153860338,COA7,F,0.0222873627237108
chr5,139682347,139683183,837,*,10,0.00014167050465131,0.00981922667557377,0.0170667634473388,0.00423962779890829,0.0141524259995061,0.00535701525152936,PFDN1,F,0.0222873627237108
chr11,124765360,124765397,38,*,2,0.000144431754767005,0.00748798974340815,0.00462367366275525,0.00200562138861943,0.0197104430395364,0.0191761719537901,ROBO4,F,0.0222873627237108
chr1,155043322,155044345,1024,*,10,0.000145071452631217,0.0019392914295066,0.0475983842753052,0.00320684815153656,-0.0309168551961054,-0.0125826160313035,"EFNA3, EFNA3",F,0.0222873627237108
chr5,156772562,156772761,200,*,3,0.000145685658314024,0.00591525336169832,0.0127697488089707,0.00289823019330944,0.0225093089977891,0.0200385951112055,"CYFIP2, FNDC9",F,0.0222873627237108
chr15,62360465,62361020,556,*,3,0.000145728995768723,0.0104198682535777,0.00652297993466785,0.00370658340161042,0.0298460761180284,0.0089678348925156,C2CD4A,F,0.0222873627237108
chr11,18477153,18477753,601,*,8,0.000146731542707674,0.00234426691982762,0.0397189347534544,0.00448118522617196,-0.0285055743943023,-0.0198405653433178,LDHAL6A,F,0.0222873627237108
chr4,122744060,122744383,324,*,4,0.000148288968333595,0.00226204592548034,0.012904171888162,0.00239734891006593,0.0144847884004075,0.00966343300871642,CCNA2,F,0.0222873627237108
chr14,75744458,75745098,641,*,4,0.000151343838132345,0.00303172351567502,0.0170397026206334,0.00310062141903516,0.0180569248718594,0.00958012643821384,,F,0.0222873627237108
chr11,123985614,123986166,553,*,10,0.00015212210807357,0.00490555931511541,0.0343599286418255,0.00294044287391459,-0.0192231688588396,0.007875868430181,VWA5A,F,0.0222873627237108
chr13,45991575,45992199,625,*,3,0.000154942586383262,0.00483416059484986,0.0138794694307532,0.00548881360928893,0.00931592747465713,0.00179562754486177,SLC25A30,F,0.0222873627237108
chr2,242127690,242128843,1154,*,8,0.000155773329237337,0.00416351951106322,0.0232316797082278,0.00309436598740408,0.0228240756546663,0.0140110193052177,ANO7,F,0.0222873627237108
chr19,48948963,48949463,501,*,6,0.000156217078490614,0.00398435319640001,0.0153501819585996,0.00373459526718738,0.0149479236278415,0.00667024120292557,GRWD1,F,0.0222873627237108
chr12,57590920,57591104,185,*,2,0.000156797268815116,0.0106579159714635,0.00668530391036088,0.00347403198066882,-0.0145008072894713,-0.00819121060559663,LRP1,F,0.0222873627237108
chr6,35479350,35480916,1567,*,10,0.00015779515687993,0.00779741451581713,0.0237601289230572,0.00409345197812258,0.0275203605380958,0.0017743489703886,TULP1,F,0.0222873627237108
chr7,56605325,56606401,1077,*,5,0.000157982477242687,0.00291383047106641,0.013567521005665,0.00315846970890361,-0.00704928529924531,-0.00246012176546711,RP11-760D2.5,F,0.0222873627237108
chr12,28343290,28344166,877,*,5,0.000158739406147429,0.00366112383849611,0.00934337517034838,0.00322807882269696,0.0147698113999563,0.00811084838734788,"CCDC91, RP11-967K21.1",F,0.0222873627237108
chr19,54926617,54927717,1101,*,6,0.00016075762215668,0.0107596087393161,0.0147166237360084,0.00868899724468762,-0.00883470947584222,-0.0025551825856324,TTYH1,F,0.0222873627237108
chr12,54120876,54121714,839,*,12,0.000160858822714755,0.00944293689356744,0.00988915539433796,0.00555008208125006,0.0160046192497497,0.00615929116863182,CALCOCO1,F,0.0222873627237108
chr17,81052002,81052657,656,*,4,0.000160858822714755,0.00392811528137237,0.0148485410620303,0.00487897993762239,-0.0216998041582703,-0.00612665911727453,METRNL,F,0.0222873627237108
chr17,54673834,54675137,1304,*,6,0.000161352980601204,0.00453005238673331,0.0141513963439856,0.00299367837183587,0.00567325834420262,0.00169269478687171,,F,0.0222873627237108
chr2,237476609,237478030,1422,*,7,0.000163059179238316,0.0040461588254528,0.0140795358325773,0.00310062141903516,-0.0296220411747141,-0.0112051256851721,ACKR3,F,0.0222873627237108
chr2,98261952,98262923,972,*,13,0.000163902875329072,0.00945997583890041,0.0179791319548638,0.00470157044819236,0.0230182055897376,0.00845780022938122,COX5B,F,0.0222873627237108
chr12,6560162,6561007,846,*,8,0.000165384396454641,0.0051407776788971,0.0246588767015405,0.00485878543354327,0.0372269079578609,0.00973107395714696,"CD27, TAPBPL, CD27-AS1",F,0.0222873627237108
chr11,27742138,27744049,1912,*,17,0.000167426420765578,0.00321142033314195,0.0148485410620303,0.00207607652485262,0.0211593693110216,0.00377345846371882,"BDNF, RP11-587D21.4",F,0.0222873627237108
chr5,50674015,50675192,1178,*,8,0.000168571079665595,0.00273363174345819,0.0340198970073017,0.00519658141518975,0.0203423878054693,0.00439806718826419,CTD-2314G24.2,F,0.0222873627237108
chr19,36247523,36248077,555,*,6,0.000168661121698164,0.00798307120640477,0.0115195786324741,0.00548881360928893,-0.0525364268206459,-0.0303436536367875,HSPB6,F,0.0222873627237108
chr1,150459600,150460103,504,*,10,0.000169995145415743,0.00278260191900751,0.026492620083212,0.00308034970466561,0.0160885084019844,0.00991120389865875,TARS2,F,0.0222873627237108
chr12,57039556,57040204,649,*,9,0.000170622179325349,0.00933740567669317,0.0226007049431361,0.0045619793864741,0.016611606334347,0.00825486228319168,ATP5B,F,0.0222873627237108
chr7,150102268,150105713,3446,*,16,0.000173306974036958,0.00243149320110549,0.0138782366952508,0.000701304287071267,0.0351785166833272,0.0126737073123478,ZNF775,F,0.0222873627237108
chr1,200589910,200590459,550,*,6,0.000174039343333649,0.00787642231167719,0.0132622057327462,0.00619482895296526,0.0338096535681346,0.0151692008390855,,F,0.0222873627237108
chr1,42272694,42273306,613,*,2,0.000176172963850629,0.00097488883100385,0.0107934179552152,0.00153657085323726,0.0805633484487657,0.0614333714369649,HIVEP3,F,0.0222873627237108
chr17,40125608,40126231,624,*,4,0.000178005007599797,0.00413812630247234,0.012904171888162,0.0029719104935973,0.0452208640420341,0.0236251242495079,CNP,F,0.0222873627237108
chr6,31165833,31166799,967,*,9,0.000179809522274718,0.00751290380962609,0.0470532116768009,0.00686748214098814,0.0715209067662881,0.0280701045816412,HCG27,F,0.0222873627237108
chr19,55628995,55630336,1342,*,9,0.000183122750346913,0.00393477698401678,0.0144015661593606,0.00287822835134332,0.0151656504709656,0.00380862297609852,,F,0.0222873627237108
chr11,450652,451101,450,*,3,0.000185756232891491,0.0103624815604486,0.0133351038782924,0.00633470907373374,-0.0175100746417941,-0.00314857283412675,PTDSS2,F,0.0222873627237108
chr8,125984927,125985883,957,*,8,0.000188449356666344,0.00266131697444981,0.0150218913143908,0.00287822835134332,-0.04017769948869,-0.00930208375126272,ZNF572,F,0.0222873627237108
chr1,67395547,67396577,1031,*,8,0.000188960498174381,0.0069857251287643,0.0109661448276533,0.0028108583893086,0.0187976727522583,0.00864819852458118,MIER1,F,0.0222873627237108
chr10,421981,422393,413,*,5,0.000191324549761396,0.00678617860801555,0.0120032555420654,0.0033286813481023,-0.0197923733496032,-0.0030101293148386,DIP2C,F,0.0222873627237108
chr6,32133929,32134748,820,*,20,0.000191657571632203,0.0103037539458535,0.0436860228387838,0.00793759919560209,-0.0130891151774504,-0.00217687364790406,"PPT2, PPT2-EGFL8, EGFL8",F,0.0222873627237108
chr5,64919809,64920945,1137,*,16,0.000198077211367278,0.00201141380776181,0.0322063138398578,0.00426238095580842,0.0259690768241673,0.0076498160818192,"TRAPPC13, CTC-534A2.2, TRIM23",F,0.0222873627237108
chr17,46089218,46090231,1014,*,8,0.000200595167953546,0.00619118413085311,0.0153501819585996,0.00525398470178504,0.0220985540500307,0.00256324422429829,,F,0.0222873627237108
chr6,29942505,29943677,1173,*,11,0.000204228281624499,0.00190273445508382,0.0186792040869294,0.00278875344067916,-0.0205068347879648,-0.00317128964434844,HCG9,F,0.0222873627237108
chr17,21187376,21189254,1879,*,13,0.000204404331688264,0.00302159421047956,0.0132622057327462,0.00229264630292232,0.0261165488898318,0.00752031364897904,MAP2K3,F,0.0222873627237108
chr17,79484960,79486170,1211,*,6,0.000204754741805547,0.0021391152553955,0.0299318163299141,0.00353941145958173,0.0275756813501169,0.0121934936986667,"RP13-766D20.2, ACTG1",F,0.0222873627237108
chr2,778688,779099,412,*,3,0.00020596671141702,0.000824966091423733,0.0145320561174844,0.00176472659836867,0.0173167848499722,0.00488797625698242,,F,0.0222873627237108
chr16,56484117,56484937,821,*,3,0.000206806052513464,0.00688517985511152,0.0136441385691954,0.00694696534185092,0.0121164555298242,0.00637664199006133,NUDT21,F,0.0222873627237108
chr16,56456455,56456934,480,*,2,0.000207440131134004,0.00611449499963004,0.00789543307350259,0.00395064562854533,-0.0135948152081337,-0.00127659028735377,AMFR,F,0.0222873627237108
chr4,13529102,13530357,1256,*,7,0.000208785579935634,0.00128137662825127,0.0216741201111038,0.00192960167708822,0.0176688576040525,0.00657050080719432,,F,0.0222873627237108
chr2,198379881,198381335,1455,*,21,0.00021290065299843,0.00465538434567839,0.0218819709641044,0.00448391027126264,0.0125959491355432,0.00468235074331116,"HSPE1-MOB4, MOB4, HSPD1",F,0.0222873627237108
chr11,625796,626729,934,*,4,0.000214255595777558,0.00112184567841355,0.0148555760171269,0.00186993104734644,0.0132203628441169,0.00704365679703882,"CDHR5, SCT",F,0.0222873627237108
chr10,105217980,105219068,1089,*,9,0.000214588603441901,0.00589939274502216,0.0144624156117429,0.00473618070495779,0.0219229393409638,0.00438407646714418,"RP11-225H22.4, CALHM1",F,0.0222873627237108
chr22,38081493,38082892,1400,*,9,0.00021674012779953,0.00133870137871272,0.0221868670754357,0.00308034970466561,0.0157493296490299,0.00545400544793807,NOL12,F,0.0222873627237108
chr10,69609229,69609995,767,*,6,0.000217646502031461,0.000945526216730011,0.0302206137155992,0.0025889228957062,0.0410193662901613,0.0181496760275595,RP11-57G10.8,F,0.0222873627237108
chr17,11500910,11502254,1345,*,13,0.000219016440504351,0.000863182236654148,0.0541799204994338,0.00297442180295057,-0.0412407828342249,-0.0115980549557428,DNAH9,F,0.0222873627237108
chr1,154832535,154833722,1188,*,4,0.000219682345739219,0.00331571440199518,0.0170728201963706,0.00423551533063627,0.0372040122122255,0.0097968977049801,KCNN3,F,0.0222873627237108
chr6,27832869,27833555,687,*,10,0.000220424651773548,0.00142084503498091,0.0337019876534554,0.00256624058298917,0.0253361917205149,0.0125244885771701,HIST1H2AL,F,0.0222873627237108
chr3,127309024,127310291,1268,*,12,0.000220886871689624,0.00157374192492532,0.0408490546829874,0.00368719595700288,-0.0318494368898276,0.00464714237034973,TPRA1,F,0.0222873627237108
chr2,70475288,70476188,901,*,13,0.000224778751878431,0.00806072921554254,0.0179469332165215,0.00643205279381643,0.0267632675222618,0.00566924980618387,"C2orf42, TIA1",F,0.0222873627237108
chr7,70252282,70252953,672,*,6,0.000225235492115139,0.00117504854234044,0.033850640068216,0.00278875344067916,0.0297300383059165,0.00355741533329984,AUTS2,F,0.0222873627237108
chr17,8770908,8771331,424,*,7,0.000228193116817918,0.007723610935044,0.0165570388864822,0.00441153513875899,0.0108108819226668,0.00336875468571662,PIK3R6,F,0.0222873627237108
chr1,11724057,11724700,644,*,8,0.000230388903797935,0.0103728557529675,0.0144624156117429,0.00595910663187713,0.0157137073205583,0.00572575625839752,FBXO6,F,0.0222873627237108
chr14,55602634,55603225,592,*,2,0.000231627030419453,0.00751013770696605,0.00951109236233659,0.00548881360928893,-0.0178132329051114,-0.0128544316501999,LGALS3,F,0.0222873627237108
chr6,11111894,11112117,224,*,3,0.000232902287156678,0.00250633898556934,0.0119723230417084,0.00273371784424578,-0.017578666433786,-0.00832367296749006,"SMIM13, ERVFRD-1",F,0.0222873627237108
chr16,3313837,3314045,209,*,3,0.000234358809746147,0.0054980696187481,0.00701917363471232,0.00312005888230863,0.0117815900241588,0.00822053157220351,ZNF263,F,0.0222873627237108
chr7,45961289,45962576,1288,*,26,0.000237126049765316,0.00377367080801366,0.074161449315356,0.00698081925097319,0.0202019492648008,0.0012630606330795,IGFBP3,F,0.0222873627237108
chr12,95867190,95868243,1054,*,14,0.000239440943531688,0.00720759011009342,0.0407300658471918,0.00656254474425214,0.0146745462045225,0.00728161618696713,METAP2,F,0.0222873627237108
chr11,65324768,65326208,1441,*,7,0.000239708084794596,0.00416376353101076,0.0153030403908765,0.00365898392186821,-0.0502581071079618,-0.00668309945424933,LTBP3,F,0.0222873627237108
chr6,33383065,33384337,1273,*,7,0.000240041941868071,0.00185890720056417,0.0183511380608733,0.00305297642031104,0.039005713499468,0.011393098663549,"PHF1, CUTA",F,0.0222873627237108
chr15,28361795,28362747,953,*,7,0.000241216998140364,0.00330318224639657,0.0170074461773376,0.00388966661809714,-0.0230039996150047,-0.00622229529376782,HERC2,F,0.0222873627237108
chr12,54349571,54350294,724,*,4,0.00024216542278856,0.00650379186987926,0.0134734750030186,0.00529511591765007,0.0132579724110313,0.00160799282163285,HOXC12,F,0.0222873627237108
chr4,6783272,6784379,1108,*,5,0.000245436746453827,0.00701898043748133,0.0109661448276533,0.00596759587617085,0.0226262207355951,0.00624475999612783,KIAA0232,F,0.0222873627237108
chr5,10307634,10308250,617,*,5,0.000246184267594597,0.00847915309646878,0.0177012608434182,0.00766443257582031,0.00956031106947139,-0.00116101048306676,CMBL,F,0.0222873627237108
chr4,109571402,109572013,612,*,8,0.000251926033527121,0.00118110410792468,0.0278504015907194,0.00315669028806688,0.01964879120295,0.0119013751910306,OSTC,F,0.0222873627237108
chr2,219524278,219524787,510,*,6,0.000252553470760036,0.00490645437994507,0.013567521005665,0.0045455825012796,0.0192858713252014,0.00684872259483874,"BCS1L, ZNF142",F,0.0222873627237108
chr1,161993916,161994363,448,*,6,0.000252720737341382,0.00795658898297701,0.0113761336854926,0.00474264331408046,0.014527759104483,0.00548967579754979,,F,0.0222873627237108
chr6,31124103,31127271,3169,*,49,0.000252794699342025,0.00965191183126212,0.0187093423382872,0.00564096273638841,-0.0254273657312383,0.00258618409965928,"TCF19, CCHCR1",F,0.0222873627237108
chr11,119227020,119227876,857,*,8,0.000252834252085694,0.00439102665091315,0.0230133250288529,0.00396434490643276,0.0127276296480349,0.00520242220525191,USP2,F,0.0222873627237108
chr10,14215708,14216100,393,*,4,0.000253008390957241,0.00333704771512853,0.0121837754920947,0.0034072593094404,0.00988017054561047,0.00530940896457764,FRMD4A,F,0.0222873627237108
chr1,2209254,2209957,704,*,3,0.000253572843372226,0.00179555613680784,0.0161368347769002,0.00289823019330944,-0.0284767934058995,-0.0149530266850044,SKI,F,0.0222873627237108
chr12,113622778,113624596,1819,*,11,0.000254260184713978,0.00591123709848826,0.0521455311840154,0.00474264331408046,-0.0102453015826082,0.00159337537692553,"RITA1, DDX54, RP11-545P7.4",F,0.0222873627237108
chr17,48227708,48228624,917,*,8,0.000254499770946852,0.00482047333307435,0.0164263937839211,0.00362968320521565,0.0300752183930304,0.0117054993596291,PPP1R9B,F,0.0222873627237108
chr2,60778395,60779652,1258,*,9,0.000255828456665635,0.002099179889524,0.01909110867074,0.00290492406606403,-0.0119989458677793,-0.000917051949843611,BCL11A,F,0.0222873627237108
chr12,57589253,57589740,488,*,2,0.000257542551352758,0.00205928849015278,0.0133834472869123,0.00278949721116743,0.0254197907576034,0.0211903711421253,LRP1,F,0.0222873627237108
chr19,33793976,33795390,1415,*,7,0.000258858083056006,0.00820129495385385,0.0143161230639591,0.00707307966016925,-0.0250599457580761,-0.0110116708836128,"CEBPA-AS1, CEBPA-AS1",F,0.0222873627237108
chr2,79738582,79738639,58,*,3,0.000258868997362014,0.00209029608401994,0.0122261821304003,0.00261406065275426,-0.00717609107239797,-0.00218318869633993,CTNNA2,F,0.0222873627237108
chr5,132201483,132202174,692,*,7,0.000259034823998297,0.00783072689896779,0.0206642464523711,0.00738604834445818,-0.0244452207277809,-0.000308628317669908,GDF9,F,0.0222873627237108
chr6,4021316,4022003,688,*,10,0.000260622719092087,0.00811207710742401,0.0157255341588293,0.00446696338417922,0.0157713844959803,0.00521769617968785,"PRPF4B, RP3-406P24.3",F,0.0222873627237108
chr5,150079965,150081499,1535,*,14,0.000263948397038232,0.0106612511103446,0.0380365597173915,0.00546204618218055,0.0224568975312331,0.00852987218082742,RBM22,F,0.0222873627237108
chr14,86000477,86001111,635,*,4,0.000268479550349851,0.00387907022526945,0.0203071949209921,0.00377179809651953,0.0358832731318868,0.0142172354997504,FLRT2,F,0.0222873627237108
chr3,50377755,50377988,234,*,3,0.000270684688952317,0.00871391796758539,0.00689268899370422,0.0031710051228849,0.0156524379296076,0.00613590136062581,RASSF1,F,0.0222873627237108
chr1,206643301,206643841,541,*,5,0.000270720011958273,0.00273363174345819,0.0140118021756481,0.0029719104935973,0.0420697972882352,0.0259124900310992,IKBKE,F,0.0222873627237108
chr1,169336845,169338281,1437,*,16,0.000271163362644477,0.00254204435245391,0.060269179343301,0.00546204618218055,0.0173201974492813,0.00704270132618157,"BLZF1, NME7",F,0.0222873627237108
chr17,47571963,47572610,648,*,4,0.000271271796465005,0.00512656532263472,0.00837299333980704,0.00373459526718738,0.0130827194346742,0.00971073335622284,,F,0.0222873627237108
chr10,93668578,93669852,1275,*,7,0.000272042338925496,0.00885420396738312,0.0129246305203184,0.00555008208125006,-0.0103053617691375,0.00468584657088791,"RP11-402D21.2, FGFBP3",F,0.0222873627237108
chr4,141347993,141349096,1104,*,16,0.000272333091475726,0.00512656532263472,0.0451884235555848,0.00646885877851272,-0.0198540568164611,-0.00193224645299252,CLGN,F,0.0222873627237108
chr17,37616956,37618682,1727,*,12,0.000272333091475726,0.0103915912452319,0.0216936086435651,0.00372617592252338,0.0157400311316973,0.0075484802195295,CDK12,F,0.0222873627237108
chr19,51219975,51220537,563,*,10,0.000272333091475726,0.00360636751299026,0.0517335533875982,0.00405253977451486,0.0286753863522534,0.0143901991952599,SHANK1,F,0.0222873627237108
chr4,27086400,27086569,170,*,3,0.000272333091475726,0.00115313582319421,0.0145035660127063,0.00207066569705235,0.0144065581112326,0.0094866880231745,,F,0.0222873627237108
chr19,5823786,5824300,515,*,6,0.000273125406864419,0.00871562190527652,0.0290474795427623,0.00472508236229745,0.013470461294784,0.00635012236951038,NRTN,F,0.0222873627237108
chr19,12146404,12147014,611,*,13,0.000273342999079019,0.00760729494360688,0.0284005536896928,0.00647301951417606,-0.0149264804494685,-0.00133624814818074,"CTD-2006C1.2, ZNF433, CTD-2006C1.10",F,0.0222873627237108
chr14,81425912,81426577,666,*,5,0.000274652425958047,0.0011505243579446,0.0336827702020017,0.0030803800617737,0.051876960404969,0.032872586444233,TSHR,F,0.0222873627237108
chr6,31838402,31839329,928,*,15,0.000274869502149523,0.00588255624149101,0.0372851894030849,0.00596759587617085,0.0275408245238997,0.00782155646861081,SLC44A4,F,0.0222873627237108
chr11,134211314,134211952,639,*,2,0.000274869502149523,0.00591123709848826,0.0119210452300873,0.00579728158069194,-0.0109134524773417,-0.00592960557428862,GLB1L2,F,0.0222873627237108
chr13,112788517,112788669,153,*,3,0.000278905351537441,0.00374139230865732,0.00928924739848483,0.00289761316542947,0.0116222075941059,5.87006351605203e-05,,F,0.0222873627237108
chr10,115438129,115439379,1251,*,15,0.000279549991722547,0.00597703169491865,0.0292927389144293,0.00474264331408046,0.0155062179931586,0.00185311082076162,CASP7,F,0.0222873627237108
chr10,134740495,134741032,538,*,4,0.000279868471185765,0.00993869325747522,0.0156777089105834,0.00559569437269847,0.0243230164985958,0.0150049700296942,TTC40,F,0.0222873627237108
chr12,75728104,75728752,649,*,8,0.000281349046107887,0.00540142013194441,0.0138104127472649,0.00362968320521565,0.0255256327991396,0.00727153988104063,"GLIPR1L1, CAPS2",F,0.0222873627237108
chr4,6988209,6989230,1022,*,10,0.000281832547191456,0.0064357309088034,0.0176482233664274,0.00553171856513145,-0.0114053118531509,0.00322525556715052,TBC1D14,F,0.0222873627237108
chr18,3453726,3454175,450,*,3,0.000283698189673133,0.0106010810520188,0.0108245768864558,0.00447937035411547,-0.0231253524796894,0.000199108371480441,TGIF1,F,0.0222873627237108
chr6,31238788,31239411,624,*,8,0.000284876190258212,0.00610717865131749,0.0154239880277483,0.00436180478543451,0.0494843103636585,0.0148557756357029,HLA-C,F,0.0222873627237108
chr8,48872876,48873951,1076,*,7,0.000286083607343116,0.00748093712281325,0.0249427390107869,0.00496149919984378,0.0151101550496478,0.00408330515089064,MCM4,F,0.0222873627237108
chr17,34238169,34238386,218,*,2,0.000286534872758897,0.00167539967589527,0.0119723230417084,0.00233685556977925,-0.0154446327958786,-0.00333344098850591,,F,0.0222873627237108
chr3,170136159,170137240,1082,*,12,0.000290974289669033,0.00785863573610647,0.0282666840683936,0.00388277758347193,-0.0364062595904862,-0.0129728629964742,"RP11-469J4.3, CLDN11",F,0.0222873627237108
chr20,45522509,45523541,1033,*,8,0.000292630272457173,0.0077015605144449,0.0272999459847827,0.00628487104527931,-0.0197167544312399,-0.000916394595063735,EYA2,F,0.0222873627237108
chr12,133131658,133132798,1141,*,4,0.000295113389106972,0.00673036291695254,0.0116941661509395,0.00615402269094394,0.00617134055094926,7.86996232313153e-05,FBRSL1,F,0.0222873627237108
chr1,46712613,46713444,832,*,12,0.000297594507609889,0.00930067334443381,0.0463852162956618,0.00694696534185092,0.0226778572451465,0.00488082148494451,RAD54L,F,0.0222873627237108
chr16,68033509,68034227,719,*,4,0.000297671976297138,0.00226204592548034,0.0121259731681534,0.00211181700425083,-0.0255520458176488,0.00275852607609525,"DUS2, DPEP2",F,0.0222873627237108
chr12,106641008,106642937,1930,*,7,0.000299980809751563,0.002099179889524,0.0128245313704715,0.00277647027006204,-0.00959177070124993,7.16982562705511e-06,CKAP4,F,0.0222873627237108
chr8,37699239,37699923,685,*,4,0.000301807395245899,0.00117504854234044,0.0304544107567205,0.0028582839623415,-0.0124973693663794,-0.00663415418138655,GPR124,F,0.0222873627237108
chr8,2752736,2752782,47,*,3,0.000303785407009635,0.00950066511113301,0.00668530391036088,0.00365827418121478,-0.0155077541329008,-0.0115387495167389,,F,0.0222873627237108
chr8,22224534,22225668,1135,*,9,0.000304249239786155,0.00578456831758485,0.012459870674024,0.00371703937831481,0.0176716031458857,0.001152039740534,SLC39A14,F,0.0222873627237108
chr8,27850175,27850772,598,*,9,0.000311333621912633,0.00366397441067229,0.0133604148040754,0.00378925203030147,0.0325667611803181,0.00238578738631892,SCARA5,F,0.0222873627237108
chr17,40116432,40117135,704,*,2,0.000312890799912844,0.00140001646974909,0.0122403633470174,0.00209288328931618,-0.012334156941641,-0.0107588869636758,TTC25,F,0.0222873627237108
chr7,28452066,28452289,224,*,5,0.000315470970467233,0.00213146439429916,0.0369266393657104,0.00454196486806481,-0.00851260827195982,-0.00466450018352397,CREB5,F,0.0222873627237108
chr1,115300440,115301580,1141,*,9,0.000317435689427023,0.00775586579176775,0.0132622057327462,0.00584422049855776,-0.0199514736074463,0.00317536256522455,CSDE1,F,0.0222873627237108
chr5,80597143,80597828,686,*,13,0.000322633119375367,0.00501938362295961,0.0164178571973377,0.00654302808481834,0.0238723632572064,0.00405232161579438,"ZCCHC9, CKMT2-AS1",F,0.0222873627237108
chr6,31626915,31628797,1883,*,38,0.000327426496081246,0.00784878254816607,0.0444689563165764,0.00768547456548836,0.0173321878022907,0.0050576565917624,"C6orf47-AS1, C6orf47",F,0.0222873627237108
chr7,30028281,30030138,1858,*,15,0.000327899576978145,0.00385083568852989,0.0279363157426371,0.00207822672816179,-0.0324424466720699,-0.0103295266071821,"AC007285.6, SCRN1",F,0.0222873627237108
chr15,66678782,66679799,1018,*,10,0.000328142897549461,0.00955005427916349,0.0175955993035111,0.00624181786863967,-0.0140795624960862,-0.000486039448304151,"MAP2K1, TIPIN",F,0.0222873627237108
chr7,150972305,150972574,270,*,2,0.000328374015801856,0.00431297823217246,0.00727784058168756,0.00287822835134332,0.0201507027776683,0.0102916235647633,SMARCD3,F,0.0222873627237108
chr12,120835663,120835778,116,*,3,0.000329348416087143,0.00112289246368549,0.0154964900544481,0.00213870656129725,0.0208438938280842,0.0108877445048341,,F,0.0222873627237108
chr2,208635605,208636363,759,*,9,0.000329671824830881,0.00985339662656093,0.0327202347712861,0.00608089022430738,-0.0136386031504308,-0.0051997345243266,,F,0.0222873627237108
chr4,11370015,11370314,300,*,2,0.000336824127171225,0.0103876058163757,0.00701917363471232,0.00446696338417922,0.0628205558496363,0.036402119571429,,F,0.0222873627237108
chr11,89955878,89957033,1156,*,12,0.00033929995619968,0.00578045869633259,0.0266767004382986,0.00474367274966792,0.0108809835731162,0.0045593191373134,CHORDC1,F,0.0222873627237108
chr11,60738971,60739183,213,*,7,0.000340586791503774,0.0102281158352865,0.0158002144711986,0.00525830237452697,-0.0134524011192727,0.00429644398821572,CD6,F,0.0222873627237108
chr12,54673020,54674987,1968,*,20,0.000344777062895401,0.00501938362295961,0.0671517660208669,0.00520428833604389,0.0219978068599653,0.00982940184479153,"RP11-968A15.8, HNRNPA1, CBX5",F,0.0222873627237108
chr6,27647713,27649120,1408,*,10,0.000347516705538253,0.00157374192492532,0.0470580632612376,0.00278875344067916,-0.0171304496080986,-0.00399723894050101,,F,0.0222873627237108
chr11,125495582,125496752,1171,*,6,0.000347737661436169,0.00753707610790949,0.0164881029374941,0.00579728158069194,0.022570552076658,0.00925323144221998,CHEK1,F,0.0222873627237108
chr8,23083353,23083578,226,*,3,0.000349703537537927,0.00447089797587844,0.0216229590409041,0.00584585334922995,0.017492056683428,0.0154221552429046,"RP11-1149O23.3, RP11-1149O23.4",F,0.0222873627237108
chr11,134122492,134123985,1494,*,15,0.000355426267816331,0.00544294104350262,0.0481820033920059,0.00496149919984378,0.023392369677899,0.00453694009704794,"ACAD8, THYN1",F,0.0222873627237108
chr17,78336395,78337534,1140,*,5,0.000360262733615558,0.00213267169767453,0.0198450713516114,0.00404659432373057,-0.0170235966944926,-0.00642086375717517,"RNF213, CTD-2047H16.4",F,0.0222873627237108
chr2,102313069,102313888,820,*,5,0.000362814124337667,0.00590306803787032,0.0120032555420654,0.00495403506773762,-0.046326883853519,-0.018312166652607,MAP4K4,F,0.0222873627237108
chr7,157092682,157093534,853,*,3,0.000363491497469397,0.00172300213951164,0.0157555509288199,0.00290492406606403,-0.0450457693215093,-0.0189385018004882,,F,0.0222873627237108
chr8,19459672,19460443,772,*,7,0.000364522746438419,0.00890689223303685,0.0130706677250936,0.00559201669783852,-0.042283636939829,-0.012666697336773,CSGALNACT1,F,0.0222873627237108
chr6,153304131,153305433,1303,*,18,0.000365496306786451,0.00511226947842331,0.0389500867877294,0.00578066502330676,0.0210723790067897,0.00641217933138036,"RP1-101K10.6, FBXO5",F,0.0222873627237108
chr7,122525949,122527522,1574,*,17,0.000369662385398917,0.00994948572287427,0.0117705407563178,0.00646569719302719,-0.0176662025320277,-0.00564215383139482,CADPS2,F,0.0222873627237108
chr7,134575811,134576386,576,*,7,0.000371571858050086,0.0008824836330379,0.0423950045279533,0.00290492406606403,-0.0154086133899721,-0.00612963890301859,CALD1,F,0.0222873627237108
chr16,28223539,28224134,596,*,3,0.000373281316163318,0.00311394705343037,0.0148071883182663,0.00426239824026452,-0.0154075928683957,-0.00160037215336134,,F,0.0222873627237108
chr5,138861241,138862441,1201,*,6,0.000374403196644128,0.00459906155473842,0.0252776353193247,0.00287822835134332,-0.0371849574905292,-0.00446463954783851,TMEM173,F,0.0222873627237108
chr20,50720331,50721366,1036,*,5,0.000374868122412094,0.00622319646192093,0.0119723230417084,0.00416632683464524,-0.026877603885657,-0.0011476208202564,ZFP64,F,0.0222873627237108
chr1,204301278,204301350,73,*,2,0.000376945169718902,0.00243184451355766,0.00934337517034838,0.00256624058298917,0.0310153416642681,0.0115201576107403,PLEKHA6,F,0.0222873627237108
chr14,91527369,91527681,313,*,3,0.000377031181771793,0.00902509663490242,0.010788009016712,0.00480977842672034,0.0107445351227609,0.00671416031050068,C14orf159,F,0.0222873627237108
chr22,30987549,30988475,927,*,11,0.000377067912981922,0.00256583999976033,0.0289731374122514,0.0052479408269403,0.0228116869653343,0.00726855084696085,PES1,F,0.0222873627237108
chr8,28347573,28348123,551,*,9,0.000379325076385247,0.00890937145173226,0.0339428261758427,0.00434404979790186,0.00957404124229796,0.00626379403988974,FBXO16,F,0.0222873627237108
chr17,48637194,48638703,1510,*,24,0.000379727795767801,0.00154505761537596,0.0503994859983955,0.00579728158069194,-0.0263062597555875,0.000361650058515304,"CACNA1G, CACNA1G-AS1",F,0.0222873627237108
chr6,32553920,32554481,562,*,3,0.000384473189599543,0.00445134396292699,0.012904171888162,0.00428181833403651,0.0575027163036448,0.0123020454921171,HLA-DRB1,F,0.0222873627237108
chr15,45492442,45493530,1089,*,10,0.000385175507731769,0.00250633898556934,0.0344955534457968,0.00310394475218307,0.0154898117318138,0.00826576513156909,"SHF, CTD-2651B20.6",F,0.0222873627237108
chr17,14206572,14207701,1130,*,11,0.000386170649155116,0.0019096245587365,0.0960365518127082,0.00634911720477315,-0.0388190375002193,-0.00553396085148765,"HS3ST3B1, RP11-214O1.2",F,0.0222873627237108
chr12,96389483,96391252,1770,*,9,0.000386170649155116,0.00192615719793292,0.0185714862097228,0.00179857799903868,-0.0538532355653746,-0.0182553296802145,"RP11-256L6.3, HAL",F,0.0222873627237108
chr1,45138784,45140495,1712,*,12,0.000386575601012823,0.00676475825640226,0.0540893849049029,0.00548848886512366,0.0238353374707798,0.0052511054541184,"C1orf228, TMEM53",F,0.0222873627237108
chr6,45386802,45387932,1131,*,7,0.000388789664997389,0.00683051414929375,0.0254967587308459,0.00584422049855776,-0.0270931541345579,-0.00917745199010156,RUNX2,F,0.0222873627237108
chr11,68607257,68608225,969,*,5,0.000389075873544738,0.00638853817870331,0.0190587188505298,0.00508520145256016,0.0147103073660292,0.00204204534569535,CPT1A,F,0.0222873627237108
chr13,41055185,41055588,404,*,5,0.000389075873544738,0.00234426691982762,0.0243636448828361,0.00320684815153656,0.0221786642061319,0.0175923095161947,,F,0.0222873627237108
chr6,26055103,26056168,1066,*,6,0.000391122308308046,0.00278260191900751,0.0156777089105834,0.00388591911978101,0.0201552254624681,0.0120234846094403,HIST1H1C,F,0.0222873627237108
chr19,855536,856145,610,*,5,0.000391571630806813,0.00117543146779284,0.0207054549657175,0.00278875344067916,-0.0176048845030144,-0.00503372717600469,ELANE,F,0.0222873627237108
chr1,167682516,167683495,980,*,7,0.000393168143655738,0.00713419874865221,0.0148479068566351,0.00423962779890829,-0.0112065587839763,-0.000291685181054597,,F,0.0222873627237108
chr1,109633052,109633875,824,*,12,0.00039321105674541,0.00575686752594527,0.0159441945470222,0.00531012457090699,0.0122555090703665,0.00378732730842496,"TMEM167B, RP5-1065J22.8",F,0.0222873627237108
chr17,61699346,61700589,1244,*,11,0.00039321105674541,0.00748093712281325,0.0399639409584393,0.00579813960360115,0.0173087124279222,0.00773394231684696,MAP3K3,F,0.0222873627237108
chr22,29706595,29706754,160,*,3,0.00039321105674541,0.00226164633579335,0.0138794694307532,0.00315163234486574,0.0155223521907519,0.0116484682913552,GAS2L1,F,0.0222873627237108
chr16,67196462,67198367,1906,*,13,0.000394335495009016,0.00600971091617205,0.0259973947687625,0.00483703179089418,-0.0384013569615023,-0.00932347626841149,"FBXL8, RP11-5A19.5, HSF4",F,0.0222873627237108
chr11,30605411,30606165,755,*,7,0.000395064605655342,0.00820993260995665,0.03271261321166,0.00603140237445423,0.0185131820384005,-0.000628764677421419,"RP5-1024C24.1, MPPED2",F,0.0222873627237108
chr21,44818924,44819445,522,*,3,0.000397347130689359,0.00122756552188598,0.0158577684085146,0.00239734891006593,0.0135446960076213,0.00400746512062504,,F,0.0222873627237108
chr11,100999953,101001711,1759,*,11,0.000397552159435815,0.00806072921554254,0.0272999459847827,0.00395064562854533,0.0359751519485998,0.00268725183323723,PGR,F,0.0222873627237108
chr2,121554307,121554926,620,*,8,0.000399173118380389,0.00366397441067229,0.0336779793874678,0.00556449576805193,-0.0203770958787152,-0.00229533333862914,GLI2,F,0.0222873627237108
chr7,87848722,87849949,1228,*,18,0.000399659299274626,0.00855707778447698,0.0570992814587588,0.00785459354044171,0.0166793837297014,0.00676126467010017,"AC003991.3, SRI",F,0.0222873627237108
chr5,137474700,137475532,833,*,8,0.000399659299274626,0.00117543146779284,0.0547030744379652,0.00341783583417906,-0.037098660336496,-0.0130016355605735,"NME5, BRD8",F,0.0222873627237108
chr18,9333974,9335102,1129,*,9,0.000399760086977218,0.0104264002408337,0.0267607937348537,0.00783310190392338,0.0119213030753539,0.00623549338188611,"TWSG1, RP11-888D10.3",F,0.0222873627237108
chr6,34494976,34495393,418,*,6,0.000400263247840741,0.00464937450974429,0.0121837754920947,0.00428440333199465,0.00853672111821005,-0.00118886528183817,PACSIN1,F,0.0222873627237108
chr13,101185600,101186537,938,*,8,0.000401752761480299,0.00855707778447698,0.0200015184888047,0.00573192110189977,0.0536168674232659,0.00464798433264381,GGACT,F,0.0222873627237108
chr17,71640621,71640848,228,*,2,0.000401918649968708,0.00611449499963004,0.00798710548832524,0.00403038230142816,-0.0163135180916319,-0.00514656553651282,,F,0.0222873627237108
chr1,212873963,212874742,780,*,7,0.000403954336073451,0.0106016730216767,0.014067528067248,0.00893388807765413,0.00883968166805699,0.00411428484211955,,F,0.0222873627237108
chr4,166033407,166034313,907,*,8,0.000410456994338503,0.00518233723883694,0.035433841300619,0.00481589301956511,0.0182667171567243,0.00631782013503503,TMEM192,F,0.0222873627237108
chr11,314044,314341,298,*,3,0.000411072325184765,0.00727124869055751,0.0138425532435755,0.00555008208125006,0.0289521390654986,0.0147306713193829,"IFITM2, IFITM1",F,0.0222873627237108
chr10,70847350,70847882,533,*,5,0.000411871803833548,0.0046406371944677,0.0160676064754086,0.00476699501514138,0.0178707589428249,0.0127220174243541,SRGN,F,0.0222873627237108
chr21,46292527,46292710,184,*,2,0.000418791047110822,0.00849628262624285,0.0108245768864558,0.00644134700049186,-0.0202757137326867,-0.00692081034309546,PTTG1IP,F,0.0222873627237108
chr8,37655503,37656246,744,*,3,0.000419157070404123,0.00286121793307971,0.0154335148679141,0.00372892553556218,-0.00338109265936365,-0.000885351225910771,GPR124,F,0.0222873627237108
chr3,112359488,112360446,959,*,8,0.000421727695507754,0.00162905590126835,0.0379269569435792,0.00314695564189762,-0.023241123656695,-0.0118468759210024,CCDC80,F,0.0222873627237108
chr17,34890677,34891843,1167,*,16,0.000424062312564224,0.00538968851421668,0.03864629745592,0.00700064045439492,0.0291033243185607,0.0046906685909674,"PIGW, MYO19",F,0.0222873627237108
chr11,1463541,1464792,1252,*,8,0.000424073577581646,0.00426373344106072,0.036082772251167,0.00511975592538218,0.0423418795741494,0.0232030477790148,BRSK2,F,0.0222873627237108
chr17,79816504,79816559,56,*,2,0.000425473549243163,0.00209029608401994,0.0107934179552152,0.00255054419070542,-0.0202889947389663,-0.0128763364275579,P4HB,F,0.0222873627237108
chr12,51318042,51318781,740,*,5,0.000426202651760893,0.00566701845410421,0.010728455838904,0.00261406065275426,-0.027927560249494,-0.0100000462968628,METTL7A,F,0.0222873627237108
chr1,207095315,207096833,1519,*,6,0.000426280298678488,0.00309236522179685,0.0261864166933612,0.00166816131721814,0.0592117788930008,0.0259927886173804,FAIM3,F,0.0222873627237108
chr17,16283976,16284707,732,*,8,0.000431833666201257,0.00301666862357799,0.0262235080100428,0.00308916953780523,0.0245654853816969,0.00955615312686514,UBB,F,0.0222873627237108
chr3,187456781,187457732,952,*,9,0.000435203922069497,0.00197945189751094,0.0561173120636671,0.00512146971924932,0.0177786440497207,0.00768411135681037,BCL6,F,0.0222873627237108
chr12,131747277,131747296,20,*,2,0.000437706698253141,0.0018422223535378,0.0115195786324741,0.00244969946227021,0.0158333359261175,0.0151030333394117,,F,0.0222873627237108
chr1,27729801,27730185,385,*,4,0.000442338699694441,0.00116193676934361,0.0228364698570331,0.00261158705718368,-0.0375712979068558,-0.0328066870134169,,F,0.0222873627237108
chr1,222886490,222887019,530,*,5,0.000442665965451854,0.00862264583399959,0.0163180442699041,0.00548848886512366,0.0146192992072064,0.00903047555970706,"BROX, AIDA",F,0.0222873627237108
chr17,80557458,80557661,204,*,3,0.00044677315692626,0.00802686449235508,0.00701917363471232,0.00388277758347193,0.0173436064898348,0.00710079488767745,FOXK2,F,0.0222873627237108
chr6,106533925,106534382,458,*,9,0.000448523686538389,0.00502608604015377,0.0238664160136227,0.00470391252100666,0.0146966236936779,0.0025657609481082,PRDM1,F,0.0222873627237108
chr11,111895234,111896293,1060,*,9,0.000448835267610291,0.00636071585843595,0.0231343546919187,0.00615402269094394,0.0170774161294946,0.00651325428613004,DLAT,F,0.0222873627237108
chr20,50385486,50386166,681,*,3,0.000449199132945865,0.00394162682425259,0.0168277713812323,0.00519658141518975,-0.0211289333909441,-0.000938060138138777,,F,0.0222873627237108
chr10,44101496,44102227,732,*,9,0.000451410904980719,0.00682517899339385,0.0544042854030103,0.00768754879906164,-0.0163693556726675,-0.00382490096255701,"ZNF485, CAP1P2",F,0.0222873627237108
chr11,104034058,104034754,697,*,5,0.000452809380261795,0.00268293328097382,0.0188444809844623,0.00378570471344792,0.0134982279743265,0.00767319963507513,PDGFD,F,0.0222873627237108
chr8,10872604,10874215,1612,*,9,0.000453683154443637,0.00582225870728729,0.0160724631791133,0.00257043956875567,0.0135910994673873,0.00288927112389103,XKR6,F,0.0222873627237108
chr6,133056278,133056767,490,*,2,0.000454841527528424,0.00273363174345819,0.0121837754920947,0.00322664600544839,-0.0259654317141401,-0.0232242147048821,,F,0.0222873627237108
chr11,2554198,2554801,604,*,7,0.000456740741294931,0.00727332485524105,0.0137634880179967,0.00610314020998395,-0.0323986310706199,-0.00633222430466753,KCNQ1,F,0.0222873627237108
chr17,79319205,79319862,658,*,4,0.000459763961296857,0.00544294104350262,0.0175318913306497,0.00582051376956791,0.00694430281995304,0.0019876063159866,,F,0.0222873627237108
chr10,34925640,34926428,789,*,3,0.000461274334659132,0.00311970194509328,0.0117098145537896,0.00343854594957185,-0.031196056110082,-0.0223661632318144,PARD3,F,0.0222873627237108
chr19,44079105,44079985,881,*,11,0.00046502285376994,0.00855707778447698,0.0163603785499718,0.00615213519039912,0.0261414780936768,0.0103785746466855,"L34079.4, XRCC1, L34079.2",F,0.0222873627237108
chr20,18488185,18488833,649,*,5,0.000467335060046145,0.0051407776788971,0.0279462300863553,0.00671619847665678,0.0139289222874384,0.00826776552982448,SEC23B,F,0.0222873627237108
chr11,69456412,69457121,710,*,6,0.000467370101519068,0.00667840761943075,0.0150427978439014,0.00615213519039912,0.0229464216070833,0.00651426357975358,CCND1,F,0.0222873627237108
chr4,40518663,40519094,432,*,3,0.000468234348119407,0.00464937450974429,0.0136441385691954,0.00545574201214922,0.0265607663012317,0.00984572861305037,RBM47,F,0.0222873627237108
chr9,127018815,127018840,26,*,2,0.000470280475688538,0.00278260191900751,0.00976418636053977,0.00278949721116743,-0.027761042233062,-0.0237965854791842,,F,0.0222873627237108
chr8,141554311,141554380,70,*,2,0.000471579917596374,0.00366397441067229,0.00864787756341542,0.00304021344796789,-0.0139397414302649,-0.00673813782202032,AGO2,F,0.0222873627237108
chr22,20236751,20237341,591,*,7,0.000474324025673779,0.00546766527617978,0.0149474713178274,0.0059633712318887,0.0135561284009211,0.00682278841553454,RTN4R,F,0.0222873627237108
chr1,32180666,32181323,658,*,2,0.000475017730233863,0.00578084374080818,0.0120379043417204,0.00576881020687138,-0.00777723410234946,-0.0027278051904229,,F,0.0222873627237108
chr15,42174516,42174934,419,*,3,0.00047565808193662,0.00157374192492532,0.0160133899344859,0.00275227694039655,0.00538358289298618,0.000703141966698351,SPTBN5,F,0.0222873627237108
chr18,9912783,9914102,1320,*,13,0.000476089453249157,0.00514786156783073,0.0252620865428584,0.00693187034302235,-0.031864171230308,-0.00190922228209312,"VAPA, RP11-474N24.6",F,0.0222873627237108
chr19,15580010,15580721,712,*,7,0.000477297996514348,0.00273363174345819,0.0340826589574122,0.00446696338417922,-0.0275054908950407,-0.0143929036350589,PGLYRP2,F,0.0222873627237108
chr1,235324133,235325040,908,*,10,0.000477632718666958,0.0103839705144546,0.0167898929490999,0.00653470149602472,0.0189598647224462,0.00652827868433315,"RBM34, ARID4B",F,0.0222873627237108
chr19,10957709,10959157,1449,*,8,0.0004783122964535,0.00327469100384214,0.0153542714479591,0.00147557266808397,-0.0420767699234899,-0.0135528601303168,C19orf38,F,0.0222873627237108
chr5,56246561,56247035,475,*,3,0.000479172970285196,0.00204483592541477,0.0151745255114526,0.0031790645115096,0.0134328165089196,0.0107506327895715,MIER3,F,0.0222873627237108
chr7,107300408,107301566,1159,*,10,0.000480291764042098,0.0102577149105041,0.0327636907245614,0.00770834016483529,0.04288965707892,0.00993636567971807,"SLC26A4, SLC26A4-AS1",F,0.0222873627237108
chr17,76567121,76567556,436,*,3,0.000484650583380249,0.0104476457578069,0.00944701868847725,0.00647301951417606,0.0359021109070652,0.0225739754441008,DNAH17,F,0.0222873627237108
chr21,45553170,45554033,864,*,7,0.000489298763708843,0.00548240995961454,0.0447646865614505,0.00735932588151314,-0.0352182339678722,-0.00218277615573454,C21orf33,F,0.0222873627237108
chr22,24551729,24552846,1118,*,6,0.000495694093514423,0.00646868695860325,0.0165067306695478,0.00362968320521565,0.0179241546701721,0.00345158106091395,CABIN1,F,0.0222873627237108
chr18,3450921,3452317,1397,*,13,0.000496085844890374,0.00457921807476349,0.0144452503299542,0.00347520208913667,0.0140666436750105,0.00550267512975567,TGIF1,F,0.0222873627237108
chr19,59086638,59087367,730,*,8,0.000496904058086989,0.00279320357490631,0.0253760322986531,0.00451101045719206,0.00960975920748418,0.00210261489230749,CENPBD1P1,F,0.0222873627237108
chr4,3502575,3503528,954,*,2,0.000496904058086989,0.00377717918865729,0.0117098145537896,0.00405253977451486,0.0181266023308172,0.0123577949098453,DOK7,F,0.0222873627237108
chr4,41258374,41259866,1493,*,9,0.000499783905279862,0.00413812630247234,0.0169667367741066,0.00561077971195376,-0.038005076879424,-0.00779802733871283,"UCHL1, UCHL1-AS1",F,0.0222873627237108
chr15,99395435,99396621,1187,*,6,0.000501068691765688,0.00281285441152409,0.0171976343328439,0.00473618070495779,0.0120829525104304,0.00583225225336109,IGF1R,F,0.0222873627237108
chr2,68545960,68547349,1390,*,14,0.000502259406088093,0.00511205294093277,0.0612633203486396,0.00604396275250274,-0.0196335225583827,-0.00379399553999547,CNRIP1,F,0.0222873627237108
chr9,17906113,17907018,906,*,4,0.000502259406088093,0.00319500189489102,0.0135977461401208,0.00377179809651953,-0.0207069694667062,-0.00515425098672393,,F,0.0222873627237108
chr3,150967481,150967799,319,*,3,0.000502650649467537,0.00304850775431871,0.0140989547166037,0.00394544096215164,-0.0165053444637415,-0.0129462392923036,"MED12L, P2RY14",F,0.0222873627237108
chr4,95128661,95129403,743,*,15,0.000506232581820316,0.00776907085550751,0.0249767269774461,0.00633470907373374,0.0277150447264264,0.0103493983232144,"SMARCAD1, RP11-363G15.2",F,0.0222873627237108
chr22,29137527,29138271,745,*,13,0.000509671092587638,0.00981922667557377,0.0163180442699041,0.00800747390168658,0.0233724974242065,0.00741127920854849,"HSCB, CHEK2",F,0.0222873627237108
chr11,64310371,64310508,138,*,2,0.000510032323302386,0.00517807935979483,0.0071668130542089,0.00320684815153656,-0.0105803681366945,-0.00367126245619476,,F,0.0222873627237108
chr7,75956931,75957376,446,*,7,0.000511742218443381,0.00962679386540693,0.0335614728219963,0.00464880405410888,-0.0685107327089717,-0.0315673146632758,YWHAG,F,0.0222873627237108
chr11,87908192,87908938,747,*,10,0.0005127059358572,0.00726941410801591,0.0560586061308071,0.00584422049855776,-0.0488644731504075,-0.0238755187386103,RAB38,F,0.0222873627237108
chr17,7757646,7759140,1495,*,20,0.000513478292769776,0.00790136259424483,0.0261063116280031,0.00851564268801405,-0.0314105399813348,-0.00406227867078045,"KDM6B, TMEM88",F,0.0222873627237108
chr4,75230391,75231177,787,*,7,0.000513478292769776,0.0046890558936892,0.0130874647101255,0.00480977842672034,-0.0149333536157626,-0.00145101441292978,EREG,F,0.0222873627237108
chr17,80274776,80276134,1359,*,9,0.000514325119412441,0.00175749970654672,0.03417576806208,0.00344542632777007,0.0632170546618597,0.0324630025935726,CD7,F,0.0222873627237108
chr5,129239273,129240272,1000,*,3,0.000516094545260451,0.00393477698401678,0.0161465672902337,0.00546204618218055,-0.0112637094586598,-0.00332534302391892,"CHSY3, CTC-575N7.1",F,0.0222873627237108
chr10,71074291,71074462,172,*,2,0.000516314207480262,0.00439102665091315,0.00877398510683811,0.00344734626288144,0.0256275851796747,0.0117255862263366,HK1,F,0.0222873627237108
chr11,64527240,64527417,178,*,4,0.000517528695142327,0.00302785382266937,0.0117705407563178,0.00347520208913667,0.0137477801921967,0.00540861753316382,PYGM,F,0.0222873627237108
chr12,107078410,107078901,492,*,6,0.000519179910823453,0.00420850322862157,0.0276196143986659,0.00429363829003108,-0.0125888150335615,-0.00675814689872023,"RFX4, RP11-144F15.1, RP11-482D24.2",F,0.0222873627237108
chr16,3777746,3778708,963,*,5,0.000523037507062385,0.00970492674456418,0.0107934179552152,0.00612657825950916,-0.0143913096024448,-0.00595938579448121,CREBBP,F,0.0222873627237108
chr6,32038747,32039176,430,*,5,0.000524638128153407,0.00303977816739868,0.0321476683120549,0.00456291833533161,0.0376365093380076,0.00834544761396434,TNXB,F,0.0222873627237108
chr1,53392492,53393825,1334,*,13,0.000526130235706168,0.00899939352216542,0.0253858795564507,0.00520428833604389,-0.0211189170048555,-0.000779411762167168,"SCP2, ECHDC2",F,0.0222873627237108
chr10,94450531,94451736,1206,*,8,0.000526300428123232,0.00393423302663937,0.0363952438048131,0.00563780346584154,-0.0366391959329788,-0.0105544008845367,HHEX,F,0.0222873627237108
chr11,63828228,63828762,535,*,6,0.000527272795691346,0.00226204592548034,0.0399520719724589,0.00416131721519867,0.0073960237197722,0.00311741259471799,"RP11-21A7A.2, MACROD1",F,0.0222873627237108
chr6,2764974,2765499,526,*,7,0.000529962222537107,0.00279320357490631,0.0356814350398516,0.0038721233310945,0.0173781045547067,0.00852059065064867,,F,0.0222873627237108
chr17,5322342,5323805,1464,*,20,0.000530623091625358,0.0100672187215311,0.0554141620922116,0.00871084566090374,0.012357520669985,0.00250764747090721,"RPAIN, NUP88",F,0.0222873627237108
chr6,86388066,86389033,968,*,10,0.000530908147060636,0.00657548762925704,0.0235159455378464,0.00609506837620194,0.0177195690741112,0.00422067550423645,SNHG5,F,0.0222873627237108
chr19,53289524,53290147,624,*,4,0.000532447568120725,0.00359389517968634,0.0117098145537896,0.00290492406606403,0.00988948869724596,0.00513472561996148,ZNF600,F,0.0222873627237108
chr12,58334833,58335867,1035,*,4,0.000534977995206324,0.00286121793307971,0.0122288066893415,0.00304021344796789,0.0114848532457134,0.00803690891715651,XRCC6BP1,F,0.0222873627237108
chr6,10381196,10382103,908,*,5,0.000536526273904863,0.0051407776788971,0.0212196747504447,0.00584422049855776,-0.0365555008658275,-0.0121883132232419,,F,0.0222873627237108
chr5,1874703,1875611,909,*,6,0.000538159290683601,0.00493827423694075,0.0151564678821835,0.00559201669783852,0.00842738201947546,0.00147098149924087,,F,0.0222873627237108
chr16,4986962,4987319,358,*,5,0.000539174472989772,0.0106931465431809,0.00973675916781557,0.00614461670417004,-0.00554839210666922,0.000218387910759354,PPL,F,0.0222873627237108
chr2,443338,443521,184,*,2,0.000539174472989772,0.009171701929718,0.00701917363471232,0.00425923311361382,0.0249910907554146,0.0145844408631615,,F,0.0222873627237108
chr7,29847991,29848503,513,*,2,0.000541149589306273,0.00619537154664254,0.0128171077435999,0.0062514052515073,0.03106847659419,0.00884951000534373,WIPF3,F,0.0222873627237108
chr16,90085722,90086806,1085,*,6,0.000541692790602425,0.00295839255012482,0.0276200289072288,0.00373459526718738,-0.013433191941067,-0.00108703813542609,"GAS8, DBNDD1",F,0.0222873627237108
chr20,524243,525291,1049,*,11,0.000541950864070747,0.00954329195768493,0.0128970324381421,0.00768547456548836,-0.0308214166376894,0.00308469656449723,CSNK2A1,F,0.0222873627237108
chr5,148809664,148810203,540,*,8,0.000542283088822549,0.00128218248907356,0.0384179083308658,0.00357172367514846,-0.0641973920005108,-0.032817240021781,MIR145,F,0.0222873627237108
chr12,12223661,12224457,797,*,5,0.000542283088822549,0.00239141943610763,0.03344814297128,0.00447937035411547,0.0321884324438413,0.0165506265586164,BCL2L14,F,0.0222873627237108
chr7,123197632,123198305,674,*,8,0.000543159163555062,0.00518550517316788,0.027674472027529,0.00448066378803865,0.0303909431772786,0.0140056744726486,NDUFA5,F,0.0222873627237108
chr2,95846873,95847957,1085,*,4,0.000545301330406188,0.00131070762884247,0.012904171888162,0.00146568657527076,-0.0168511695075686,-0.0116362261167355,ZNF2,F,0.0222873627237108
chr11,33279899,33280348,450,*,4,0.000547310497208658,0.0051407776788971,0.0153501819585996,0.00555008208125006,0.00939418657621992,0.00331145848842292,HIPK3,F,0.0222873627237108
chr2,11605539,11605744,206,*,3,0.000548399995236625,0.00420850322862157,0.0109661448276533,0.00396434490643276,0.0157285263036432,0.00809711697681239,"AC099344.1, E2F6",F,0.0222873627237108
chr2,99280930,99280963,34,*,2,0.000550280362066672,0.00226204592548034,0.0131405131303296,0.00299796186988941,0.00169686078327608,0.00165199600242743,MGAT4A,F,0.0222873627237108
chr7,142918234,142918565,332,*,2,0.000550280362066672,0.00279320357490631,0.0129337919935356,0.00352169204528462,0.0043338210993682,0.00250858750270866,,F,0.0222873627237108
chr17,62971592,62972358,767,*,10,0.000550684954275446,0.00952168407938703,0.0303221063870078,0.00750672792720724,0.00915566826903328,0.00364684093668866,AMZ2P1,F,0.0222873627237108
chr16,55512806,55513961,1156,*,12,0.000551437305898386,0.0046406371944677,0.0482398401265452,0.00633470907373374,-0.014445436585097,-0.00543796885627615,MMP2,F,0.0222873627237108
chr12,65152772,65153561,790,*,12,0.000551722494423146,0.0106059521797962,0.0366564229931829,0.00720719653929058,0.0141479196222578,0.00501120319562899,"RP11-629N8.3, GNS",F,0.0222873627237108
chr2,232321649,232322438,790,*,3,0.000554023043885082,0.00201141380776181,0.0175858268424794,0.00335862354615296,-0.0311594212432694,-0.0254591029879722,NCL,F,0.0222873627237108
chr19,40971204,40972323,1120,*,13,0.000554269575422724,0.00721199210370449,0.014708841106353,0.0071742436322923,0.0152206161402497,0.00397400787002315,"SPTBN4, BLVRB",F,0.0222873627237108
chr5,68530331,68531229,899,*,10,0.000555570424228688,0.00303172351567502,0.030302682803857,0.00391519380956019,0.0127712284067838,0.00788655240035706,CDK7,F,0.0222873627237108
chr4,48832605,48833587,983,*,18,0.000555952921234483,0.00970492674456418,0.0200102989828199,0.00917346897423265,0.0103953519048987,0.00385109774005494,OCIAD1,F,0.0222873627237108
chr22,17639992,17640972,981,*,6,0.000557192464487452,0.00301666862357799,0.0398117215551769,0.00487897993762239,-0.0199018527220289,-0.00751760335424896,"CECR5-AS1, CECR5",F,0.0222873627237108
chr11,133940520,133941205,686,*,2,0.000558160517649087,0.00464937450974429,0.0126904300365009,0.00515065306100469,-0.0129642671601974,-0.0107829812425643,JAM3,F,0.0222873627237108
chr17,8295737,8296856,1120,*,7,0.000560850089101408,0.00877751168828591,0.0289882194282202,0.00481635940314567,-0.00875374472827728,0.000734575015152426,RNF222,F,0.0222873627237108
chr11,128418949,128419512,564,*,4,0.000562018369929455,0.00471122786368823,0.0132622057327462,0.00483703179089418,-0.0367727448544397,-0.0266747172824848,ETS1,F,0.0222873627237108
chr17,46674041,46675892,1852,*,7,0.000563569185774828,0.00319500189489102,0.0263354307523158,0.00443882860331239,-0.0293807823729711,-0.000637353300611725,"HOXB-AS3, HOXB3, HOXB6",F,0.0222873627237108
chr12,26985133,26987065,1933,*,23,0.000565109859306604,0.00691277535911175,0.0613088979287477,0.00499797721114144,-0.0364723907817521,0.00044900801721106,ITPR2,F,0.0222873627237108
chr16,88991518,88992178,661,*,3,0.000566209899866662,0.00301666862357799,0.0134798757438089,0.00394663915705956,0.0188066971457553,0.0163076632623904,CBFA2T3,F,0.0222873627237108
chr6,31797821,31798731,911,*,7,0.000571649795010419,0.00743354071322441,0.03417576806208,0.0061153935669449,0.0196235159601216,0.00448769502593479,HSPA1B,F,0.0222873627237108
chr11,103907262,103908576,1315,*,9,0.00057510495732747,0.009171701929718,0.0265372307210563,0.00769529103515756,-0.0144401918620505,-0.00409408339604704,"DDI1, PDGFD",F,0.0222873627237108
chr5,139076670,139078529,1860,*,7,0.000576249545753807,0.00478802116175631,0.0140446903998739,0.00297158049865503,-0.0506064967646537,-0.0152045509319536,CTB-35F21.1,F,0.0222873627237108
chr7,129073727,129074874,1148,*,8,0.000578510543175889,0.00969059028689333,0.0117705407563178,0.00635006363909465,0.0174002856641708,0.00657250593393307,STRIP2,F,0.0222873627237108
chr17,76136520,76137024,505,*,4,0.000578510543175889,0.0089728500450655,0.00951109236233659,0.00610686965927971,-0.0625520159898285,-0.00893515055579917,TMC8,F,0.0222873627237108
chr12,70760807,70761115,309,*,3,0.000578510543175889,0.00600083503737613,0.0151387754408543,0.00554016017938637,0.00879835414287071,0.00234747104496118,KCNMB4,F,0.0222873627237108
chr17,78560478,78560916,439,*,3,0.000579795100542773,0.00633448734093529,0.0138425532435755,0.00474264331408046,-0.0458185604403355,-0.0185596142881001,RPTOR,F,0.0222873627237108
chr21,33650743,33651673,931,*,10,0.000582691971839157,0.00437433241366155,0.0353887192432348,0.00590843098000595,0.00651291326456378,0.00284493533200521,"MIS18A-AS1, MIS18A",F,0.0222873627237108
chr6,108145374,108146329,956,*,8,0.000583725229639078,0.00332540324976798,0.0319121125754635,0.00482537881613477,0.0208088477470709,0.00736408535884019,SCML4,F,0.0222873627237108
chr11,108535840,108536966,1127,*,4,0.000583774005039416,0.00667919590443982,0.010788009016712,0.00472508236229745,0.024533961952163,0.00777952323989334,DDX10,F,0.0222873627237108
chr1,201708500,201709675,1176,*,12,0.000585607200752784,0.00320218252914934,0.0316342317663282,0.00472508236229745,0.00974437965030017,0.00241849461854009,"NAV1, IPO9-AS1",F,0.0222873627237108
chr4,57522145,57523055,911,*,9,0.000585895641082885,0.00931282800737603,0.0276262196385844,0.00653470149602472,-0.0114164352060692,0.00124713425097449,HOPX,F,0.0222873627237108
chr3,52279403,52280702,1300,*,13,0.000586529305387322,0.0051973927318931,0.0253316501216468,0.0027660306437209,0.0346571806495005,0.00938853440591275,PPM1M,F,0.0222873627237108
chr16,22308170,22309096,927,*,8,0.000593741629566569,0.00720426288040405,0.0470794083699836,0.00738666046093964,0.0125119876914212,0.00491608503777454,POLR3E,F,0.0222873627237108
chr19,36231413,36232218,806,*,5,0.000599911941308735,0.00868326890697365,0.0149687283544164,0.00520428833604389,0.0104485664944571,0.00784709857139444,"IGFLR1, AD000671.6",F,0.0222873627237108
chr17,46102328,46102881,554,*,4,0.000602380635111684,0.00810524372146682,0.0139401679932711,0.0055165116475657,-0.0147284645444056,0.00374746133710845,,F,0.0222873627237108
chr16,85589349,85589984,636,*,5,0.000603726609781335,0.00398591803142409,0.020357573358995,0.00480977842672034,0.0116586385564088,0.00700663162349404,,F,0.0222873627237108
chr22,19137874,19138267,394,*,5,0.000604180225987834,0.00394162682425259,0.0203185280547641,0.00483703179089418,-0.0179495037489359,-0.0115992298679423,,F,0.0222873627237108
chr1,181056650,181056912,263,*,2,0.000612477575170189,0.00439102665091315,0.0139242636374123,0.00535152598554538,-0.0603260741741521,-0.0374825315392034,,F,0.0222873627237108
chr16,3067500,3068128,629,*,6,0.000620660010011755,0.00908698974943723,0.032160579942442,0.00646811656226953,0.0162914902287421,-0.0004378390519785,CLDN6,F,0.0222873627237108
chr15,58429729,58429751,23,*,2,0.000624940977775188,0.00957549806313838,0.00857373976839662,0.00548881360928893,-0.00809128249064983,-0.00683774099263923,ALDH1A2,F,0.0222873627237108
chr10,75118103,75119064,962,*,13,0.000626085483302335,0.00749131882360908,0.0185714862097228,0.00549535874990276,0.0229098018855619,0.00882622819613482,TTC18,F,0.0222873627237108
chr16,72206863,72207328,466,*,2,0.000631325455561938,0.0058163421627309,0.0119930221243463,0.00577543431665198,-0.0192806951485898,-0.0122957127995225,PMFBP1,F,0.0222873627237108
chr2,202483704,202484583,880,*,10,0.000632701233202077,0.00142364470247427,0.0367442197775645,0.00373459526718738,-0.0229439160567367,-0.00597151797197822,ALS2CR11,F,0.0222873627237108
chr1,2125976,2127505,1530,*,11,0.00063466251321787,0.00987227760932812,0.0221009700022898,0.00751619143076,0.0287034357044442,0.00870627910144017,C1orf86,F,0.0222873627237108
chr1,192604413,192604828,416,*,2,0.000635154784948402,0.00428248316783844,0.0110112919717763,0.00432390314995631,-0.0207269941097539,-0.018575597662199,,F,0.0222873627237108
chr17,54670228,54670875,648,*,4,0.000645534786477111,0.00375977360066627,0.0210594895724778,0.00469302708207534,0.00875632744603088,0.00296236724200116,,F,0.0222873627237108
chr1,173638470,173639135,666,*,7,0.000647522031110665,0.00535397696874196,0.0407560364497786,0.00698081925097319,0.018547187356757,-0.00569620522995714,ANKRD45,F,0.0222873627237108
chr19,1406661,1406759,99,*,3,0.000648131821653788,0.00278260191900751,0.0144325856432852,0.00361781985119355,0.0152932587392,0.0100190815965234,,F,0.0222873627237108
chr12,132378066,132378192,127,*,2,0.000648159234311038,0.00548240995961454,0.0156527010973682,0.00651448423782675,-0.013673532823742,-0.0119118678932965,,F,0.0222873627237108
chr19,2819641,2820489,849,*,9,0.000648674448498749,0.00696795378957277,0.0353027736508742,0.00633470907373374,0.0122199602734184,0.00221110938914186,ZNF554,F,0.0222873627237108
chr1,2564329,2565265,937,*,6,0.000650483868304535,0.00393477698401678,0.0273304894414512,0.00467996279328496,0.0276876327152701,0.0142332381423417,"RP13-436F16.1, MMEL1",F,0.0222873627237108
chr4,1857817,1858883,1067,*,4,0.000653405996104491,0.00725262854356705,0.0118564782534789,0.00543117964085625,0.00653977804816707,0.00108583326829398,LETM1,F,0.0222873627237108
chr1,45265622,45267345,1724,*,10,0.000656818880348172,0.00611449499963004,0.0141573913278479,0.00368685753690339,0.0525925178314119,0.0146278574102923,PLK3,F,0.0222873627237108
chr4,187111841,187112763,923,*,11,0.000658494013222416,0.00849946095120693,0.0421482763277684,0.00737061836241711,0.0265338585527921,0.00516203951217189,"CYP4V2, AC110771.1",F,0.0222873627237108
chr8,16884197,16884576,380,*,6,0.000659277963847841,0.00526245030722718,0.0197017790794753,0.00527004844892413,0.0118451314056045,0.00508469739955317,,F,0.0222873627237108
chr4,89204787,89206110,1324,*,12,0.000659291803276601,0.00806056800762723,0.0341533170829006,0.00640163017350447,0.0135544328363849,0.00526382626726905,"RP11-10L7.1, PPM1K",F,0.0222873627237108
chr6,33083989,33085470,1482,*,21,0.000659428233833396,0.000945526216730011,0.122865190030776,0.00573386258462343,-0.0318880150737698,0.00642472523011523,HLA-DPB2,F,0.0222873627237108
chr21,37536083,37536923,841,*,4,0.000662815364122041,0.00452394446244455,0.0121837754920947,0.00396434490643276,-0.0365985556248725,-0.0212285169390138,DOPEY2,F,0.0222873627237108
chr16,88547533,88547861,329,*,4,0.000665225710816679,0.00950066511113301,0.012904171888162,0.00483703179089418,0.0101764033650614,0.00762487198058368,ZFPM1,F,0.0222873627237108
chr1,240655362,240657139,1778,*,7,0.000666496630588491,0.00250633898556934,0.0324171012739925,0.00315163234486574,-0.0168572776458774,-0.00387139048235001,GREM2,F,0.0222873627237108
chr18,78004474,78005665,1192,*,13,0.000669444684173224,0.00899939352216542,0.0402633663088825,0.00738830600509291,-0.00612278235010694,-0.000973331224007526,PARD6G,F,0.0222873627237108
chr19,36119657,36120356,700,*,12,0.000675012883211017,0.00334654847842589,0.0512993818228725,0.00694696534185092,0.0126551506066578,0.00120313885968694,RBM42,F,0.0222873627237108
chr16,72459595,72460114,520,*,6,0.00068250617600947,0.00822733348983907,0.03370800620113,0.00714282015307125,-0.0144331121140967,-0.010274456615862,"AC004158.3, AC004158.2",F,0.0222873627237108
chr2,63285097,63286621,1525,*,11,0.0006938825300039,0.00855707778447698,0.0353163341206447,0.00483703179089418,-0.0374094315289931,-0.0111316156045981,,F,0.0222873627237108
chr1,110081045,110081646,602,*,3,0.000694832826435335,0.00488411299486621,0.0154075518344359,0.00573192110189977,0.00632023204343035,0.00189452801139559,,F,0.0222873627237108
chr11,47869488,47870622,1135,*,11,0.000696772047768581,0.0106414775889858,0.0276726234678091,0.00583074519020007,0.00792948439258248,0.00330601802337631,NUP160,F,0.0222873627237108
chr7,75931838,75933294,1457,*,13,0.00069927457382523,0.009171701929718,0.0638160135888244,0.0105459815777883,0.0149832763929345,0.00321794545414465,HSPB1,F,0.0222873627237108
chr11,66083224,66084469,1246,*,7,0.000703238120818074,0.00772358888682714,0.0236360645043713,0.00646201397681615,-0.0402087434276434,0.0104253361729103,"RP11-867G23.13, CD248",F,0.0222873627237108
chr15,101792098,101792838,741,*,9,0.000703876201178257,0.00445967788654914,0.0183496936462739,0.00565942368610232,0.021809425085325,0.00800673867366597,CHSY1,F,0.0222873627237108
chr17,41277059,41277847,789,*,17,0.000704268722670712,0.00788455875938712,0.0276983942775129,0.00573386258462343,0.0296848307253202,0.00805790495146538,"NBR2, BRCA1",F,0.0222873627237108
chr14,21151223,21152358,1136,*,8,0.000704417541977742,0.0081133233053889,0.048470294766196,0.00922830217341272,0.0423141820288578,0.0135827701491334,"RNASE4, ANG",F,0.0222873627237108
chr9,134249466,134249904,439,*,2,0.000706874050300771,0.00281285441152409,0.012904171888162,0.00352355397014086,0.0461185306520336,0.0158082611944006,,F,0.0222873627237108
chr10,65388604,65389292,689,*,4,0.000707945038301332,0.00419898987193831,0.013913796747682,0.00519658141518975,-0.0526843582018872,-0.00714533493013536,,F,0.0222873627237108
chr14,23305548,23306974,1427,*,8,0.000708230646406366,0.0014832809433267,0.0267375838785102,0.00251170336470308,-0.0642501340159069,-0.0301682278416553,MMP14,F,0.0222873627237108
chr5,58882243,58882939,697,*,3,0.000711346359524826,0.0022355317301439,0.020005032383317,0.00371703937831481,-0.017315853241674,-0.0102040582839672,PDE4D,F,0.0222873627237108
chr4,55093038,55094337,1300,*,11,0.000712500544816598,0.00926874826455248,0.0429769026491202,0.00738666046093964,-0.0312762178171626,-0.00399324435215831,FIP1L1,F,0.0222873627237108
chr6,31598777,31600734,1958,*,33,0.000716050640168497,0.010051155136391,0.0697438128655879,0.00678864945329402,-0.0110166180003864,-0.00150295645112129,PRRC2A,F,0.0222873627237108
chr8,74659490,74660304,815,*,9,0.00071710974721439,0.0101224162814883,0.0355522956208284,0.00733565889996675,0.0280311538324704,0.0117325834736027,"STAU2, RP11-463D19.2",F,0.0222873627237108
chr5,1113320,1113624,305,*,3,0.000717380468993708,0.00667919590443982,0.0152799064524162,0.00638851457676048,-0.0660379611703296,-0.0373980597113667,,F,0.0222873627237108
chr13,41837525,41838093,569,*,9,0.0007207356948286,0.00526594622604136,0.0219990627056515,0.00647301951417606,0.0233260344957028,0.0118915673875341,MTRF1,F,0.0222873627237108
chr5,121647154,121648022,869,*,8,0.000724794670023047,0.00678755456904466,0.0396916474737114,0.00669182791647752,-0.0267918498900496,-0.00863734930138396,"SNCAIP, CTD-2544H17.2",F,0.0222873627237108
chr17,19976435,19977156,722,*,6,0.000728896024633086,0.00855707778447698,0.0152622909881793,0.00584422049855776,-0.0502697480747025,-0.00239650452521357,SPECC1,F,0.0222873627237108
chr17,77783551,77784110,560,*,3,0.000730102899210953,0.00652006112264322,0.0138425532435755,0.00689884274385631,-0.0190990869915554,-0.00323659599649411,,F,0.0222873627237108
chr10,1462906,1463108,203,*,3,0.000732446605386949,0.00250633898556934,0.0145121376449332,0.0031790645115096,0.00650346300670025,0.00598385503350107,ADARB2,F,0.0222873627237108
chr3,111717534,111718457,924,*,11,0.000741496429290536,0.0081560005136945,0.0491954815479838,0.00596759587617085,-0.0526225873941351,-0.0259372213487983,TAGLN3,F,0.0222873627237108
chr17,73150420,73151410,991,*,9,0.000742702658222443,0.0060733094137005,0.0212242208017494,0.00579813960360115,-0.0169736882310375,0.00236859669193222,HN1,F,0.0222873627237108
chr14,22958399,22958402,4,*,2,0.000746543723657792,0.00279320357490631,0.0109661448276533,0.00309359431543752,0.0387103746871577,0.0375183562133891,,F,0.0222873627237108
chr1,15255438,15256481,1044,*,6,0.000747748344489365,0.00172912687809871,0.0532259107868795,0.00474367274966792,0.020929441796407,0.000614018865243223,KAZN,F,0.0222873627237108
chr5,36744889,36745618,730,*,5,0.000747750870743103,0.00700514396888883,0.013913796747682,0.00609368119213631,-0.00967537496128316,0.00181130888646366,,F,0.0222873627237108
chr3,71179703,71180071,369,*,7,0.000755318994509708,0.00376008350681158,0.0335614728219963,0.00446696338417922,0.0285617340105774,0.0163624843900362,FOXP1,F,0.0222873627237108
chr14,33407334,33407765,432,*,4,0.000755434709500952,0.0016839156231492,0.034637996827458,0.00373459526718738,0.0448901802379043,0.0138459613463856,NPAS3,F,0.0222873627237108
chr17,76128683,76129533,851,*,6,0.000756322485431251,0.00398435319640001,0.0357078722224629,0.00584585334922995,0.054250986040342,0.0307362095499176,TMC8,F,0.0222873627237108
chr7,16841311,16841504,194,*,2,0.000756322485431251,0.00295839255012482,0.0138323262776124,0.00383488493053139,-0.00775881500539921,-0.00540613585187433,AGR2,F,0.0222873627237108
chr19,2278451,2278847,397,*,5,0.000757077395778882,0.00252778146198873,0.0162484828407315,0.00388277758347193,0.00922358041277094,0.00489743061934906,C19orf35,F,0.0222873627237108
chr7,101688648,101688675,28,*,2,0.000759659681785755,0.00583474724462085,0.00753413913857507,0.0036121961938919,-0.0346019405611575,-0.0303407964458574,CUX1,F,0.0222873627237108
chr3,11651536,11651881,346,*,3,0.00076790830038939,0.00393477698401678,0.0126492549245726,0.00406023772556319,0.0176819236940842,0.0121248819270552,"RP11-169K17.4, VGLL4",F,0.0222873627237108
chr9,131580109,131580591,483,*,3,0.000774827018039682,0.00478128718786215,0.0158280036680986,0.00542912438814204,0.0116849615284357,0.00605424974112196,,F,0.0222873627237108
chr1,27113219,27114675,1457,*,17,0.00077497686023308,0.00366397441067229,0.101875813590533,0.00646885877851272,0.0232476869112247,0.00435557822605344,PIGV,F,0.0222873627237108
chr9,116102304,116102792,489,*,5,0.000776760162319717,0.008600610894222,0.015361888762599,0.00694696534185092,0.0141704626376117,0.00784409888587473,WDR31,F,0.0222873627237108
chr19,41815869,41816349,481,*,8,0.000778184674521647,0.00385198881983036,0.0454759123213225,0.00584422049855776,0.0112273956320092,0.00371355993002161,"CCDC97, TGFB1",F,0.0222873627237108
chr2,160472418,160473528,1111,*,7,0.000780280101429113,0.00544154199994721,0.0279783055580569,0.00553462677965441,-0.0535145963713663,-0.021607995721632,"AC009506.1, BAZ2B",F,0.0222873627237108
chr15,40530997,40531443,447,*,5,0.000781359708995234,0.00727124869055751,0.0132622057327462,0.00647301951417606,0.0206152349270968,0.00944760634576423,"PAK6, RP11-133K1.2",F,0.0222873627237108
chr6,26216839,26217615,777,*,8,0.000782457771391006,0.00952168407938703,0.0187093423382872,0.00726391314827071,0.0198322854666644,0.0095003719242036,"HIST1H2AE, HIST1H2BG",F,0.0222873627237108
chr2,179060011,179060117,107,*,2,0.000785137695774457,0.00729747038187767,0.00928924739848483,0.00519658141518975,0.00844313526304209,0.0028080992006406,OSBPL6,F,0.0222873627237108
chr7,158854763,158855802,1040,*,4,0.000791303705882537,0.00483416059484986,0.0187892414333604,0.00564096273638841,-0.020948552026586,-0.0070610131288647,VIPR2,F,0.0222873627237108
chr20,61427684,61428215,532,*,8,0.000794064347065474,0.0107632121034197,0.0201456516228523,0.00630405200921943,0.0250224914105467,0.0107150693229215,MRGBP,F,0.0222873627237108
chr17,74565757,74565795,39,*,2,0.000794914779958872,0.00299053574178161,0.0138794694307532,0.00388966661809714,-0.0305735766168389,-0.0202039815416868,ST6GALNAC2,F,0.0222873627237108
chr19,57018614,57019373,760,*,9,0.000797479507045062,0.00456830631217644,0.0419667570401266,0.00577543431665198,-0.0404827683611752,-0.0166078177753903,ZNF471,F,0.0222873627237108
chr6,30043418,30044259,842,*,13,0.000797532391458352,0.00716529954263149,0.0797927510772342,0.0090418947780804,-0.0236190825571461,-0.00878638636217032,RNF39,F,0.0222873627237108
chr5,50679361,50679817,457,*,4,0.000798382042803834,0.00541737163475822,0.0288431390063777,0.00689884274385631,0.0257314669498722,0.00284223431419246,ISL1,F,0.0222873627237108
chr2,110872620,110873741,1122,*,8,0.000799038707694718,0.00501938362295961,0.0386578828740069,0.00615402269094394,-0.025907365328278,-0.00727025673809836,MALL,F,0.0222873627237108
chr6,33039396,33039414,19,*,3,0.000799476865036716,0.00296378436772275,0.0173889269015401,0.00462462630189482,-0.0204750744481292,-0.0163255929440639,HLA-DPA1,F,0.0222873627237108
chr14,21904906,21905552,647,*,5,0.000805372590555091,0.00619537154664254,0.0328881487130045,0.00719958843677896,-0.0215098574830546,-0.000795166017003359,CHD8,F,0.0222873627237108
chr1,67389698,67389884,187,*,3,0.000805372590555091,0.00611449499963004,0.0136738457254983,0.00572550391437922,-0.00672212612920731,-0.00276408042384495,WDR78,F,0.0222873627237108
chr1,9780397,9781268,872,*,5,0.00080946261428941,0.00359389517968634,0.0360489959528927,0.00481635940314567,0.0358656178308781,0.0101964254589558,PIK3CD,F,0.0222873627237108
chr9,131938218,131938815,598,*,3,0.000816406847151841,0.00954329195768493,0.0154003388226023,0.00696368687175604,0.0311069538148628,0.0137023128062356,"RP11-247A12.8, IER5L",F,0.0222873627237108
chr11,67183148,67183616,469,*,5,0.000819976012890211,0.00808045630917019,0.0163250541326141,0.00584422049855776,0.0427972668369238,0.0149782141587528,"CARNS1, PPP1CA",F,0.0222873627237108
chr17,73518035,73518382,348,*,4,0.000821886515940485,0.00702855432523292,0.011537631514985,0.00469302708207534,0.00942867451123042,0.00450483604820068,TSEN54,F,0.0222873627237108
chr5,2008188,2008713,526,*,5,0.000825974085817662,0.00394162682425259,0.0228402810133955,0.00480977842672034,0.0140329517533643,0.00635381017947617,,F,0.0222873627237108
chr1,151431750,151433222,1473,*,8,0.000828250378691946,0.00514292258004265,0.0347323719900215,0.00783310190392338,-0.0218196720579532,-0.00215102454556016,POGZ,F,0.0222873627237108
chr10,134742866,134743011,146,*,3,0.000830925321415844,0.00786050957263436,0.0127912246552201,0.00624577289710031,-0.0223946509689614,-0.00990292091012101,TTC40,F,0.0222873627237108
chr12,15114233,15114904,672,*,8,0.000833743949187702,0.00583474724462085,0.0314722023102723,0.00569462388650911,0.0212482402505822,0.0142776140823315,ARHGDIB,F,0.0222873627237108
chr16,2089851,2089897,47,*,2,0.000834332375406573,0.00416351951106322,0.0119723230417084,0.00454932079661427,0.0218867496456666,0.0192711282665216,NTHL1,F,0.0222873627237108
chr6,32804628,32805223,596,*,4,0.000834973926344478,0.00366112383849611,0.0386426358275047,0.00615213519039912,0.0128392572392231,0.0060640899273591,"TAP2, TAP2",F,0.0222873627237108
chr8,1049167,1049901,735,*,6,0.000839709231091218,0.0096711831944192,0.0203136348276913,0.00713044934753232,-0.020978287837576,-0.00465110963097298,ERICH1-AS1,F,0.0222873627237108
chr11,64335229,64335895,667,*,6,0.000843897997947492,0.00416351951106322,0.0254234899182137,0.00543063756077202,0.0241008952917775,0.0126132644489505,SLC22A11,F,0.0222873627237108
chr12,50496350,50497037,688,*,3,0.000845442231750896,0.007723610935044,0.0114716453274007,0.00628263995508539,0.00615149974549967,0.00208461796244382,,F,0.0222873627237108
chr12,132515752,132516596,845,*,3,0.000845442231750896,0.00485597705511953,0.0133005127486294,0.00378925203030147,-0.0268219515007411,-0.0151707315112971,"EP400, SNORA49",F,0.0222873627237108
chr9,140330621,140330627,7,*,2,0.000845442231750896,0.00367327405048184,0.0157615809584279,0.00483703179089418,0.0195868224234331,0.0177291856736546,ENTPD8,F,0.0222873627237108
chr1,43202523,43203008,486,*,2,0.000846616105005392,0.00426373344106072,0.012904171888162,0.00483703179089418,-0.0152766417226717,-0.0059473496786364,CLDN19,F,0.0222873627237108
chr12,12509705,12510412,708,*,13,0.000847596859887807,0.00819098857079431,0.042182173831312,0.00615213519039912,0.0364840075766063,0.00728480863938458,"LOH12CR1, LOH12CR2",F,0.0222873627237108
chr10,130338570,130339363,794,*,9,0.00085798761089671,0.00873242097058857,0.0212324916011506,0.00646885877851272,-0.0181782682642658,-0.00559706972375706,,F,0.0222873627237108
chr1,247274709,247276096,1388,*,12,0.000859629058409596,0.00226204592548034,0.0466747237023823,0.00388591911978101,-0.0253492936484742,-0.00479452934375584,C1orf229,F,0.0222873627237108
chr3,172428840,172429421,582,*,13,0.000867139873006339,0.010017122345142,0.0583706004968312,0.00971747368468806,-0.0214742689168406,0.000436223301949587,NCEH1,F,0.0222873627237108
chr14,104164402,104165475,1074,*,6,0.000867139873006339,0.0010642582656475,0.0240734727867771,0.00269823668906978,0.0267807434315528,0.00845405471343728,"KLC1, XRCC3",F,0.0222873627237108
chr16,68026874,68027297,424,*,3,0.00086833846919821,0.0101741140170976,0.0112222943907772,0.00643205279381643,0.0144260695715327,0.00687823727055944,"DUS2, DPEP2",F,0.0222873627237108
chr17,33817136,33817217,82,*,3,0.000870339710910512,0.0087579114654153,0.0128245313704715,0.00464987280632898,-0.0683238137782242,-0.0359481392526458,"RP11-1094M14.9, SLFN12L",F,0.0222873627237108
chr21,36421467,36421955,489,*,6,0.000872154004813029,0.00359389517968634,0.0306928764826708,0.00473529663489047,0.0167182407930286,0.00864887749957808,RUNX1,F,0.0222873627237108
chr9,133454368,133455495,1128,*,7,0.000875247528352557,0.00301666862357799,0.0209910472200462,0.00548881360928893,0.00799445690108819,0.00424995836469204,FUBP3,F,0.0222873627237108
chr6,32920102,32921233,1132,*,12,0.000877598833732768,0.0101224162814883,0.0824459340023202,0.0115617228469829,-0.0664634513313665,-0.0167465507442552,"XXbac-BPG181M17.5, HLA-DMA",F,0.0222873627237108
chr5,118788644,118788780,137,*,4,0.000878001660438878,0.00627321346105635,0.0140871088640329,0.00372617592252338,0.00982183825620842,0.00349439287425105,HSD17B4,F,0.0222873627237108
chr1,207038460,207038704,245,*,4,0.00087934920126974,0.0106355042069941,0.0144325856432852,0.00615213519039912,0.0124937318917382,-0.00136429017442955,IL20,F,0.0222873627237108
chr5,76934327,76935080,754,*,8,0.000880398081217161,0.00726986943541262,0.0322545300850453,0.00703981925561053,-0.0154002220709344,-0.00561247762389518,OTP,F,0.0222873627237108
chr4,88312323,88312706,384,*,9,0.000891853334662154,0.00279320357490631,0.0207322437361898,0.00525398470178504,0.0171475983431322,0.00830134977078812,HSD17B11,F,0.0222873627237108
chr7,105029125,105030752,1628,*,9,0.000893844671405103,0.0100621817859963,0.0138425532435755,0.00555008208125006,-0.0360898301363308,-0.0041758283935076,SRPK2,F,0.0222873627237108
chr4,1220951,1222440,1490,*,7,0.000897333415454732,0.00979282566828309,0.012904171888162,0.00689884274385631,-0.0572418659678327,-0.0177433660593109,CTBP1,F,0.0222873627237108
chr15,43803504,43803877,374,*,2,0.00089942007109974,0.00667919590443982,0.0138104127472649,0.00694696534185092,-0.0140139724726141,-0.00216164113515049,MAP1A,F,0.0222873627237108
chr3,110789300,110789788,489,*,4,0.00090008133762316,0.00813385142917779,0.0179469332165215,0.00656783337700227,0.00856480892432047,0.000173490827532076,"PVRL3, PVRL3-AS1",F,0.0222873627237108
chr1,210405212,210405816,605,*,4,0.00090135957062143,0.00478128718786215,0.025575319218388,0.00597372185378085,0.0229779609869695,0.000489898416690879,SERTAD4-AS1,F,0.0222873627237108
chr13,113659340,113659625,286,*,3,0.000904010384179791,0.00464937450974429,0.0138104127472649,0.00547928527178168,0.0215030812090176,0.0140909266355035,MCF2L,F,0.0222873627237108
chr1,28562368,28563296,929,*,6,0.000904481358682181,0.00742131312136146,0.0132622057327462,0.0059070081056199,0.0173143976668511,0.00920679637115703,ATPIF1,F,0.0222873627237108
chr17,37894165,37894944,780,*,7,0.000908952497867488,0.00630447826680934,0.0151883107642376,0.00676307792548395,-0.0576374827871943,-0.0345339633634954,GRB7,F,0.0222873627237108
chr13,36044860,36045352,493,*,6,0.000922212551372527,0.00583474724462085,0.0182503873302475,0.00584422049855776,-0.0244010519265033,-0.0075258299309594,NBEA,F,0.0222873627237108
chr11,8060031,8060468,438,*,5,0.000922981459667044,0.00875054079232067,0.0128970324381421,0.00694696534185092,0.0352294046228455,0.0194632908788227,"TUB, RP11-236J17.6",F,0.0222873627237108
chr13,38923576,38924018,443,*,7,0.00093022020066927,0.00611449499963004,0.0260869467991363,0.00616137040010198,0.0148576923838784,0.00915291133079222,UFM1,F,0.0222873627237108
chr4,1722160,1722180,21,*,2,0.000935942690084264,0.00626092083670734,0.0122403633470174,0.00611485169554667,-0.00341608396759507,-0.00144592424228859,TMEM129,F,0.0222873627237108
chr13,114792210,114792744,535,*,2,0.000938578642854051,0.00464937450974429,0.0153501819585996,0.00579813960360115,-0.0082613561067566,-0.00822048524155694,RASA3,F,0.0222873627237108
chr11,67797684,67798532,849,*,13,0.000940863318872852,0.0073791532775666,0.037670374708058,0.00633470907373374,0.0127129146198764,0.00747123785105746,"NDUFS8, RP5-901A4.1",F,0.0222873627237108
chr7,4743056,4743426,371,*,6,0.000944245577035742,0.007723610935044,0.0141137843494302,0.00612657825950916,-0.0168977312525723,-0.00142889936294407,FOXK1,F,0.0222873627237108
chr16,28304175,28304663,489,*,3,0.000950369027815691,0.00377717918865729,0.0154856439573902,0.00519658141518975,0.0231971163046218,0.0132399403378768,SBK1,F,0.0222873627237108
chr3,113417997,113418004,8,*,2,0.000972142487999134,0.00271054141986284,0.0132622057327462,0.00344734626288144,0.0138040217613181,0.0110826701244356,,F,0.0222873627237108
chr5,140864020,140864834,815,*,9,0.000972463179352521,0.00385198881983036,0.039895934780691,0.00686748214098814,0.0125438043094238,-0.00136070389080705,"PCDHGA1, PCDHGA2, PCDHGA3, PCDHGB1, PCDHGA4, PCDHGB2, PCDHGA5, PCDHGB3, PCDHGA6, PCDHGA7, PCDHGB4, PCDHGA8, PCDHGA9, PCDHGB6, PCDHGA10, PCDHGB7, PCDHGA11, PCDHGA12, PCDHGC3, PCDHGC4",F,0.0222873627237108
chr19,57306631,57307081,451,*,6,0.000976509293505357,0.00720759011009342,0.0312693026422606,0.00742276118572307,-0.0162639218794425,-0.00459498641512235,"AC006115.3, ZIM2",F,0.0222873627237108
chr15,67457967,67458665,699,*,6,0.000977396912089362,0.00722524417837909,0.030025949001883,0.00678864945329402,-0.018149461177546,-0.00984566694869452,SMAD3,F,0.0222873627237108
chr1,41326317,41327272,956,*,4,0.000983585999059021,0.00636619775938028,0.0156777089105834,0.00726391314827071,-0.0512661319759678,-0.0165430035219119,CITED4,F,0.0222873627237108
chr3,197686766,197687829,1064,*,11,0.000984771459230826,0.00828390719741866,0.0411576999695094,0.00807399746112987,-0.0152818987918988,-0.000289755744373527,"LMLN, IQCG",F,0.0222873627237108
chr19,55173997,55174624,628,*,3,0.000995307208330929,0.0082480466870635,0.0116472832933002,0.00614717074714608,0.0206555887779092,0.00533013284684114,LILRB4,F,0.0222873627237108
chr11,393328,394545,1218,*,11,0.000996457946567892,0.00700514396888883,0.0392380175701005,0.0082988901428787,0.0336996743461645,0.0123768144891441,PKP3,F,0.0222873627237108
chr10,6243291,6244010,720,*,6,0.000999253146370941,0.00593434605938866,0.0167682014919343,0.00577543431665198,0.013633132309875,0.00748772774222881,"PFKFB3, RP11-414H17.5",F,0.0222873627237108
chr22,31002892,31003283,392,*,8,0.000999756691759549,0.00501938362295961,0.0267363053749034,0.00579728158069194,-0.010362788270477,-0.00501172885634356,"TCN2, PES1",F,0.0222873627237108
chr1,153362927,153364020,1094,*,6,0.00100076174896774,0.00911341720567627,0.0201388310983718,0.00624008554960893,-0.0677908057643568,-0.0444064809132455,S100A8,F,0.0222873627237108
chr10,60029084,60029458,375,*,4,0.00101120533954202,0.00989964362473218,0.0141211291218841,0.00604396275250274,0.00805371822553144,0.00623509397059326,CISD1,F,0.0222873627237108
chr3,14218869,14220525,1657,*,18,0.00101217060054819,0.0106579159714635,0.0372851894030849,0.00845229961508437,-0.0194332541591066,0.00435734181925801,"LSM3, XPC",F,0.0222873627237108
chr4,100737821,100738139,319,*,4,0.00101886566813662,0.00956814106683189,0.011878582599305,0.0060638953501133,0.010201800261047,0.0065785598518301,DAPP1,F,0.0222873627237108
chr9,139915050,139915388,339,*,2,0.00102819501035811,0.00271054141986284,0.0141594544906556,0.00360273357485279,0.0152739746588895,0.0139669967477175,ABCA2,F,0.0222873627237108
chr5,65439520,65440111,592,*,10,0.00102828807059741,0.00645857182520402,0.0362529105424431,0.00564096273638841,-0.0219992914052105,0.0023554143807318,"SREK1, AC025442.3",F,0.0222873627237108
chr1,231474059,231475345,1287,*,6,0.00102891419914562,0.00286058416783705,0.0421546865476041,0.00426239824026452,-0.0324864305264876,-0.00259270206696231,SPRTN,F,0.0222873627237108
chr19,13067554,13068309,756,*,9,0.0010301860215442,0.0077630370910647,0.0317854283248442,0.00707132199882199,0.0226636834592852,0.012715651339263,GADD45GIP1,F,0.0222873627237108
chr19,51306906,51308546,1641,*,16,0.00103336361970456,0.00182865790653236,0.0609642007162194,0.0050126408233247,0.0255408995928876,0.00774286895836457,C19orf48,F,0.0222873627237108
chr14,75229933,75230530,598,*,8,0.00103800518064175,0.00128137662825127,0.0660765312551724,0.00428181833403651,0.0110033943073611,0.00358931622852567,YLPM1,F,0.0222873627237108
chr18,35145473,35146591,1119,*,18,0.00104278876878149,0.00575686752594527,0.0441264134046284,0.0072650115948773,0.0118683668833214,0.000897412595751845,CELF4,F,0.0222873627237108
chr19,54484823,54486058,1236,*,9,0.00104653443681989,0.00947152831614941,0.0377068776818881,0.00941214203351524,-0.0495665013905338,-0.0135385868635795,"CACNG8, MIR935",F,0.0222873627237108
chr19,52195291,52196034,744,*,4,0.00104766884511059,0.00479775164575097,0.017411509670557,0.0054267428508562,0.0160600791126678,0.00479385931311804,"MIR99B, SPACA6P-AS",F,0.0222873627237108
chr15,68132443,68132796,354,*,3,0.00104883330930755,0.0100347571379896,0.0115864183115548,0.00653470149602472,0.0190626673452176,0.00781757351416206,RP11-34F13.3,F,0.0222873627237108
chr5,95296847,95297236,390,*,2,0.00105913030000454,0.00931282800737603,0.012661351294585,0.00793759919560209,0.00758039522365371,0.00557153679583781,ELL2,F,0.0222873627237108
chr1,31884902,31886160,1259,*,10,0.00107150960254681,0.00295839255012482,0.033829284930432,0.00383488493053139,0.0146201396385336,0.00191962743999245,SERINC2,F,0.0222873627237108
chr1,2030462,2030817,356,*,2,0.00107167350166368,0.00542813222007036,0.0121837754920947,0.00559812788111102,-0.0130515026016519,-0.0106949759813785,PRKCZ,F,0.0222873627237108
chr17,37843264,37844870,1607,*,17,0.00107324561503174,0.00301666862357799,0.0486190862760714,0.00576125458603987,-0.014181701301151,0.00203078387572975,"ERBB2, PGAP3",F,0.0222873627237108
chr13,113299697,113300120,424,*,3,0.00108301881429118,0.00793082797578639,0.0103023840651327,0.00561077971195376,0.0192294438616333,0.0114583191039426,,F,0.0222873627237108
chr14,35873275,35874353,1079,*,10,0.00108371486810723,0.0073851379988042,0.0292217780881583,0.00800747390168658,0.0215324038344412,0.00700366928675227,NFKBIA,F,0.0222873627237108
chr16,85658239,85658855,617,*,3,0.00108952092036291,0.0081133233053889,0.0160958470084883,0.00638851457676048,0.00744610929944889,-0.000128464653200303,GSE1,F,0.0222873627237108
chr6,88299923,88300917,995,*,3,0.00109240683580552,0.00255507319070237,0.0165015646212665,0.00368719595700288,-0.00997215970805854,-0.00258526897826108,ORC3,F,0.0222873627237108
chr16,67290583,67290849,267,*,2,0.00109829780034069,0.00464937450974429,0.0108245768864558,0.00448391027126264,0.00762763427484559,0.00703840951245155,SLC9A5,F,0.0222873627237108
chr15,35838514,35839041,528,*,7,0.0011000806742617,0.0074753162094035,0.0192264992685957,0.005950054557616,0.00831617485911857,0.00258779387341238,DPH6-AS1,F,0.0222873627237108
chr1,94883469,94884541,1073,*,12,0.00110330718103637,0.00752040280824039,0.0514033040279957,0.00612783292604405,0.0136015972784254,0.00379651584569044,ABCD3,F,0.0222873627237108
chr15,44718852,44719935,1084,*,7,0.00111791102926703,0.00878186873366042,0.0224376335585782,0.00708184128396439,0.0159299318139664,0.00903807690723367,"CTDSPL2, RP11-516C1.1",F,0.0222873627237108
chr13,32889994,32890352,359,*,4,0.00111805892047924,0.00565732908094233,0.0219057738368295,0.00608569531439108,0.0101590088842926,0.00593994439269638,BRCA2,F,0.0222873627237108
chr6,152085565,152085641,77,*,3,0.00112087442299377,0.00497602527476261,0.0138794694307532,0.00451101045719206,-0.0341970307229824,-0.0281041687114032,ESR1,F,0.0222873627237108
chr9,139141692,139142049,358,*,3,0.00113222726415007,0.00955642154867207,0.010788009016712,0.00684815247779255,0.0281060754435468,0.0121086114853147,WI2-1959D15.1,F,0.0222873627237108
chr12,8179016,8179489,474,*,5,0.00113488844575188,0.00250633898556934,0.0367760947134828,0.00483703179089418,0.0116268247251974,0.0107790786082691,,F,0.0222873627237108
chr18,60985269,60987098,1830,*,22,0.00114589086026321,0.0105038917197894,0.0456433337168003,0.00545342745304913,0.049426606826547,0.0105013377721788,BCL2,F,0.0222873627237108
chr13,45993412,45993749,338,*,2,0.00114915786722938,0.0106462389276065,0.0144777411645042,0.00952092739770637,-0.0309038744813764,-0.019850048765613,SLC25A30-AS1,F,0.0222873627237108
chr6,33215649,33215868,220,*,6,0.00115031503555562,0.00450810047983388,0.0337827585292135,0.00646885877851272,-0.0325224461245652,-0.0174735617229385,,F,0.0222873627237108
chr6,32405733,32406521,789,*,3,0.00115064830969757,0.00518550517316788,0.0188198151436125,0.00686748214098814,-0.0330147924807874,-0.0186046607663738,,F,0.0222873627237108
chr19,3505943,3506558,616,*,9,0.00115093333983202,0.00713419874865221,0.0151701753639335,0.00564096273638841,0.012426142163492,0.00133711090570458,FZR1,F,0.0222873627237108
chr18,12991623,12991827,205,*,2,0.00115868624857925,0.00464937450974429,0.0108245768864558,0.00450571444660322,0.0203212383012704,0.0100582300269326,CEP192,F,0.0222873627237108
chr3,49170599,49171343,745,*,9,0.00115907536302003,0.00465498489906262,0.0501179667444509,0.00769723879843018,-0.0312679000843207,-0.00768587798160129,,F,0.0222873627237108
chr7,34696454,34696723,270,*,2,0.00116002439928637,0.00542813222007036,0.0143354280195158,0.00628473869351927,-0.0163306752701093,-0.00378668482491873,"NPSR1-AS1, AC005493.1",F,0.0222873627237108
chr19,846117,846354,238,*,3,0.0011701645936304,0.00220628732503673,0.0236201719112143,0.00378925203030147,-0.0474488904691552,-0.0305832469608584,PRTN3,F,0.0222873627237108
chr16,56459720,56460156,437,*,2,0.00117050725050696,0.0103457372108138,0.012661351294585,0.00823816014458836,-0.0254048947212791,-0.012045838237315,,F,0.0222873627237108
chr2,241905733,241906357,625,*,6,0.00119653703764506,0.00562994363126469,0.0203859731873651,0.00615402269094394,0.018546115648064,0.00614252391272198,"AC104809.3, AC104809.4",F,0.0222873627237108
chr17,55888454,55888548,95,*,3,0.00119676511421772,0.00709476540268079,0.0141211291218841,0.00480977842672034,-0.049776734360406,-0.0241763770686289,RP11-60A24.3,F,0.0222873627237108
chr11,107435993,107436729,737,*,11,0.00119899137842034,0.00793718169117998,0.0165067306695478,0.00842696167488409,0.0138772858118586,0.00529617569808568,ALKBH8,F,0.0222873627237108
chr17,79425877,79426432,556,*,4,0.0011990101117219,0.0035470173032759,0.026474104063822,0.00529511591765007,0.0146581355336902,0.00723345774046155,RP11-1055B8.7,F,0.0222873627237108
chr13,51482465,51482542,78,*,2,0.00120302777801977,0.00464937450974429,0.0129337919935356,0.00531921945006965,0.025455420342602,0.00911819288257787,RNASEH2B-AS1,F,0.0222873627237108
chr3,187871479,187871836,358,*,8,0.00120671949486058,0.00447089797587844,0.015085204852663,0.00526925397409221,0.00716136029612937,0.00240516528634679,"LPP, LPP-AS2",F,0.0222873627237108
chr6,32605385,32606634,1250,*,5,0.00120942376512607,0.00201141380776181,0.0232596134211984,0.00368719595700288,-0.0833229749977442,-0.0476210744823179,HLA-DQA1,F,0.0222873627237108
chr17,8021572,8022575,1004,*,12,0.0012126523191787,0.00906443738443661,0.0249353678471393,0.00638851457676048,0.0127861595566532,0.00554021401607823,ALOXE3,F,0.0222873627237108
chr3,97540262,97540665,404,*,5,0.00121729902314497,0.00678755456904466,0.0138425532435755,0.00615213519039912,0.0170295915632393,0.00672894676511056,,F,0.0222873627237108
chr2,131791737,131792772,1036,*,5,0.00122288012860623,0.00447089797587844,0.0147528365041926,0.00553462677965441,0.0139012006935129,0.00193435698340878,ARHGEF4,F,0.0222873627237108
chr13,49549440,49550206,767,*,7,0.00122522682816619,0.00464937450974429,0.0467494045784781,0.00748624831932321,0.0169469429497282,0.00707415770782836,FNDC3A,F,0.0222873627237108
chr2,61108567,61109155,589,*,6,0.00122807834256183,0.00226204592548034,0.0375094514126758,0.00480895076892515,0.0150112060288631,0.00414736395555111,REL,F,0.0222873627237108
chr17,26926457,26926868,412,*,6,0.00123454196433082,0.00319500189489102,0.0214072984255285,0.00521941087748529,0.011205982706092,0.0033290631325527,"SPAG5-AS1, RP11-192H23.4",F,0.0222873627237108
chr6,26103952,26104560,609,*,9,0.00123900257321929,0.00966502251915475,0.0141211291218841,0.00794216434063787,0.0345744729935642,0.0168166516514363,HIST1H4C,F,0.0222873627237108
chr7,157091435,157091575,141,*,3,0.00126048786678389,0.00574752345419718,0.0155862836713425,0.00573386258462343,-0.0255104227977981,-0.0106557088188965,,F,0.0222873627237108
chr2,98701516,98702260,745,*,2,0.00126209318022928,0.0059832886052757,0.0127861596266558,0.00613423286266315,0.0107425617471802,0.0080677288596111,,F,0.0222873627237108
chr17,3960466,3960566,101,*,3,0.00126969300495681,0.00911341720567627,0.0109661448276533,0.00601724743300624,-0.0197506199062759,-0.00977730543724457,ZZEF1,F,0.0222873627237108
chr6,32163810,32165321,1512,*,41,0.00127647330210147,0.00652006112264322,0.0859757266229744,0.00964111257741026,-0.0481706605200207,-0.00578149755810167,NOTCH4,F,0.0222873627237108
chr17,26219919,26221167,1249,*,8,0.00128312581858125,0.00865641154224429,0.0141723771082441,0.00473618070495779,0.0179867680389861,0.00187797226427339,"RP1-66C13.4, LYRM9",F,0.0222873627237108
chr2,3522243,3523215,973,*,4,0.00128567725795789,0.00499582929043898,0.0198405961234798,0.00501606606106688,-0.0144516649616921,0.000141874178932296,"AC142528.1, ADI1",F,0.0222873627237108
chr6,33679137,33679895,759,*,9,0.00128879579613588,0.00898700330270953,0.0421482763277684,0.00653470149602472,0.0195900133888002,0.00752755074070653,UQCC2,F,0.0222873627237108
chr17,80273242,80273685,444,*,4,0.00129130840962763,0.00319500189489102,0.0240343579088258,0.00448066378803865,0.0236256032289754,0.00954838598645727,CD7,F,0.0222873627237108
chr3,197517522,197518344,823,*,11,0.00129258281709034,0.00855707778447698,0.0370470226970448,0.00763519289679162,0.0221271551933917,0.0104811474706753,LRCH3,F,0.0222873627237108
chr16,67449835,67450810,976,*,9,0.00129258281709034,0.0040990736173338,0.0230790197512356,0.00527004844892413,-0.0255912160374432,5.69735582038647e-05,ZDHHC1,F,0.0222873627237108
chr7,1062182,1063357,1176,*,12,0.00129728513496536,0.00537871716228728,0.039277965247469,0.00656200466356072,-0.0288872701264257,0.00714205745458983,"C7orf50, MIR339",F,0.0222873627237108
chr19,39894559,39894767,209,*,4,0.0013008123740054,0.00796913956359507,0.0165399554210784,0.00579813960360115,0.0129761804627171,0.0110916619470847,,F,0.0222873627237108
chr8,1651101,1651197,97,*,2,0.0013008123740054,0.00393477698401678,0.0157247561785571,0.00519658141518975,-0.0144113871909852,-0.00632313014739744,DLGAP2,F,0.0222873627237108
chr15,70390233,70391374,1142,*,10,0.00130729233495474,0.00803993369746606,0.0308679671310555,0.0088075900274432,-0.0240187902965432,0.000755733481367572,TLE3,F,0.0222873627237108
chr7,19748289,19749584,1296,*,11,0.0013107934238425,0.00645168894245468,0.0336546144356369,0.00469302708207534,0.00943290763987486,0.0057980457140431,TWISTNB,F,0.0222873627237108
chr17,59273979,59274624,646,*,2,0.00132107394491142,0.0056371326612029,0.0131903573990985,0.00606588756875421,-0.0304863033231286,-0.0232025134731264,BCAS3,F,0.0222873627237108
chr16,66637919,66638702,784,*,12,0.00132942677797148,0.00501938362295961,0.101974834416555,0.00829283559153749,0.0226226190299577,0.00773994846940451,CMTM3,F,0.0222873627237108
chr4,111119052,111120249,1198,*,15,0.0013344451819912,0.00632367796552354,0.0191648171661298,0.00646811656226953,-0.057235671116889,0.000214313025190735,ELOVL6,F,0.0222873627237108
chr13,39260309,39261169,861,*,10,0.00134029984583321,0.00558132371611049,0.0359677218869182,0.00703978825964992,0.0103217696182472,0.00124717935772353,,F,0.0222873627237108
chr17,9558932,9559558,627,*,3,0.00134221789664653,0.00578184567182739,0.0185708972012834,0.00694696534185092,0.0421822818707822,0.0270668351948815,USP43,F,0.0222873627237108
chr2,190044504,190044983,480,*,6,0.00134657963676498,0.00916603962996027,0.0174867542030648,0.00738830600509291,-0.0145098314515602,-0.00487650865675819,COL5A2,F,0.0222873627237108
chr6,29579306,29581228,1923,*,13,0.00134898713044911,0.00172375577279686,0.0345709394887549,0.00272829966969471,-0.0195629251913071,-0.00446213491568963,GABBR1,F,0.0222873627237108
chr2,203242268,203242417,150,*,2,0.00134898713044911,0.00673589836225417,0.00928924739848483,0.00483703179089418,0.00926808231330277,0.00281841815738396,BMPR2,F,0.0222873627237108
chr12,129276145,129277819,1675,*,7,0.00134993983989667,0.00393477698401678,0.0154003388226023,0.00211181700425083,-0.0501372079594435,-0.0110566242171238,SLC15A4,F,0.0222873627237108
chr4,140476319,140478735,2417,*,12,0.00135002684479867,0.00534375753588842,0.0384196456206285,0.00297158049865503,0.0131220012898711,0.00162203904990904,"RP11-342I1.2, SETD7",F,0.0222873627237108
chr18,57364136,57365520,1385,*,9,0.00135545264097698,0.00450810047983388,0.0410047691690515,0.00584422049855776,-0.0196188618607938,-0.00421018181271197,"RP11-2N1.2, CCBE1",F,0.0222873627237108
chr1,45273495,45274600,1106,*,7,0.00136624697061153,0.00359389517968634,0.0213378192488742,0.00428181833403651,-0.0340434797282348,-0.00475487475608432,BTBD19,F,0.0222873627237108
chr18,55710779,55710995,217,*,4,0.00136847804794522,0.00465538434567839,0.0231639584815522,0.00529511591765007,0.0212356051246325,0.0120052753951853,,F,0.0222873627237108
chr13,44947247,44947611,365,*,3,0.00136847804794522,0.00746015893923364,0.0142074012306239,0.00783310190392338,-0.00981869143787512,-0.00531691308505565,,F,0.0222873627237108
chr14,95660504,95660619,116,*,3,0.00138510480326902,0.0103310338764656,0.0138425532435755,0.00630405200921943,0.0126803612350102,-1.1936557968717e-06,CLMN,F,0.0222873627237108
chr11,64521052,64521142,91,*,3,0.00138629571930194,0.0106579159714635,0.0153501819585996,0.00615213519039912,0.0116967097911095,0.00151148549785248,PYGM,F,0.0222873627237108
chr2,95872892,95873465,574,*,4,0.00139257357533925,0.0060733094137005,0.0153501819585996,0.00635006363909465,0.011980094531656,0.00305256768764048,AC092835.2,F,0.0222873627237108
chr17,77020494,77021038,545,*,4,0.00139308212096707,0.00638842294272717,0.0157654572139537,0.00592336271756028,0.0199208292246788,0.00815040830512191,"C1QTNF1, C1QTNF1-AS1",F,0.0222873627237108
chr12,49488198,49489337,1140,*,7,0.00139570986294073,0.00383199993836109,0.0492713864370185,0.0059633712318887,-0.00719195934493094,-0.00362597175959181,DHH,F,0.0222873627237108
chr6,142959262,142959676,415,*,2,0.00141261042814187,0.00583474724462085,0.0128978975197903,0.00610686965927971,0.029481293752761,0.00221494799526678,,F,0.0222873627237108
chr2,200332380,200332739,360,*,2,0.00141261042814187,0.00511226947842331,0.0164702061327903,0.00635006363909465,0.0169433075855588,0.0165000914065032,"SATB2-AS1, SATB2",F,0.0222873627237108
chr3,156877196,156879058,1863,*,11,0.00141280880733353,0.00513152802998093,0.0375658603290557,0.00501606606106688,0.024840144123317,0.00673725652340599,CCNL1,F,0.0222873627237108
chr15,36871420,36872349,930,*,10,0.00141348919631739,0.00803743006531805,0.039310311230211,0.00777666518841671,0.0166039662341949,0.00442438225014799,C15orf41,F,0.0222873627237108
chr1,39024825,39025469,645,*,3,0.00141632255107763,0.00254204435245391,0.0156528441576216,0.00339678967120866,0.010674675302256,0.00843348650105349,,F,0.0222873627237108
chr5,140419819,140420142,324,*,3,0.00141709725029556,0.00387907022526945,0.0123804820023326,0.00373459526718738,0.0140067795302851,0.00731229425450804,,F,0.0222873627237108
chr16,644081,644494,414,*,3,0.00142105766895956,0.00388423726078231,0.0204540835051892,0.00563780346584154,-0.0176787159905282,-0.00800553451015977,RAB40C,F,0.0222873627237108
chr11,111385024,111385778,755,*,8,0.00142166092575462,0.00946494208794225,0.0143058797227726,0.00762963715293683,-0.033430414995595,-0.00610745511958477,"C11orf88, RP11-794P6.6",F,0.0222873627237108
chr16,375327,375541,215,*,2,0.00142334882691615,0.00846742847693059,0.0104912703829525,0.00615213519039912,-0.0156473736311385,-0.00545006491135633,AXIN1,F,0.0222873627237108
chr18,21017489,21018217,729,*,7,0.00142359631566059,0.00301666862357799,0.0484801022778192,0.00592336271756028,0.0123289370207637,0.00572165373332696,TMEM241,F,0.0222873627237108
chr2,875509,875990,482,*,4,0.00142367836829768,0.00892113033049518,0.0192041908296464,0.00562947002182285,0.0232326233296848,0.00518223047072752,,F,0.0222873627237108
chr14,65637286,65637810,525,*,3,0.00142852506185759,0.00545067515959816,0.0128171077435999,0.00574562424240327,-0.0122561231084934,-0.00628707321548468,,F,0.0222873627237108
chr6,29274096,29274875,780,*,7,0.00143078114474762,0.00760729494360688,0.02431633390768,0.00749395694673888,-0.0149199185797302,-0.00599313566068011,OR14J1,F,0.0222873627237108
chr3,100428642,100429064,423,*,3,0.00144110581085853,0.00498621728657105,0.0239806130712518,0.00672888337300835,0.0200577163835442,0.00330576674987682,TFG,F,0.0222873627237108
chr12,111885466,111885550,85,*,3,0.00144268931558063,0.00546889666834253,0.0145121376449332,0.00525830237452697,0.00774528226044213,0.00200808599495883,SH2B3,F,0.0222873627237108
chr17,79976900,79977640,741,*,4,0.00144279015799641,0.00898700330270953,0.0138425532435755,0.00694696534185092,0.0143681100589405,0.00530540610618069,STRA13,F,0.0222873627237108
chr4,6717287,6718196,910,*,10,0.00144959100736163,0.00706959160320951,0.0404398530106787,0.00760715701217476,-0.0235085867660219,0.000766607435257341,BLOC1S4,F,0.0222873627237108
chr7,158363642,158365160,1519,*,4,0.00145027465139206,0.00443833885422623,0.0148113383523229,0.00480977842672034,-0.021806549864776,-0.00920443903186695,PTPRN2,F,0.0222873627237108
chr8,999121,999168,48,*,2,0.00146053335356948,0.0106586673535043,0.0125565421646375,0.00829283559153749,-0.0169360286815399,-0.0144448492621755,ERICH1-AS1,F,0.0222873627237108
chr12,3982140,3982976,837,*,7,0.00146117386647523,0.00950066511113301,0.0439537240928514,0.0063456851736036,0.0241865898758773,0.0103182054180315,"RP11-664D1.1, PARP11",F,0.0222873627237108
chr19,947936,948452,517,*,2,0.00146378646623597,0.00387507825770703,0.0159697524891946,0.00509745751104738,-0.0421034739592125,-0.0142839680311285,ARID3A,F,0.0222873627237108
chr4,96468962,96470349,1388,*,16,0.0014642928382419,0.00428248316783844,0.0785260204990253,0.00604396275250274,-0.0270372211191991,-0.00756957956492851,"RP11-710C12.1, UNC5C",F,0.0222873627237108
chr15,75090958,75091516,559,*,3,0.00146902568005154,0.00226204592548034,0.0243342117842643,0.00394663915705956,0.0346025330935779,0.0276868179918592,CSK,F,0.0222873627237108
chr1,173834831,173838081,3251,*,26,0.0014710595146718,0.00330940643471326,0.0402347731714087,0.00287822835134332,0.0280173903313222,0.00800186562743252,"ZBTB37, GAS5",F,0.0222873627237108
chr4,155662217,155663311,1095,*,7,0.0014710595146718,0.00301179452705856,0.0484827185989305,0.00531921945006965,0.0179703452039027,0.00163115482935706,LRAT,F,0.0222873627237108
chr20,623187,623421,235,*,3,0.00147352768029325,0.00340369260441691,0.0261733964701111,0.00545574201214922,-0.0294272097115848,-0.0240385917593111,,F,0.0222873627237108
chr10,131321587,131321830,244,*,2,0.00147577439521146,0.0060733094137005,0.0119723230417084,0.00586282818990014,-0.0118190503862898,-0.00699819672752811,MGMT,F,0.0222873627237108
chr19,17137685,17138063,379,*,6,0.00148060264311395,0.00759456023753769,0.0266652728569294,0.00749325651721743,0.00965619596804112,0.000774941737620146,,F,0.0222873627237108
chr14,92572273,92572993,721,*,7,0.00148857045335345,0.00508119058711468,0.0538199528786106,0.00815414463036741,0.00710409522409582,0.00286969983770391,ATXN3,F,0.0222873627237108
chr1,46645968,46646224,257,*,3,0.00149122661211793,0.00480858805351496,0.012288931516823,0.00488257612091555,0.00660068837437966,0.00309624203323533,TSPAN1,F,0.0222873627237108
chr7,100209537,100210745,1209,*,18,0.00149652893435177,0.00157374192492532,0.0857925413495136,0.00555348311009517,0.0189697614065017,0.00536870287235304,MOSPD3,F,0.0222873627237108
chr19,2193179,2193637,459,*,2,0.00150439638352034,0.00851093669454588,0.0118564782534789,0.00703978825964992,-0.0102227970965902,-0.0046308364808717,DOT1L,F,0.0222873627237108
chr17,75954694,75955921,1228,*,4,0.00150565759057824,0.00097488883100385,0.0224376335585782,0.00246780809875022,0.0178130586429306,0.00465214330873283,,F,0.0222873627237108
chr20,10015419,10015964,546,*,10,0.00150671282116314,0.00561811233782662,0.0443065751104201,0.00643205279381643,0.0070439218689481,0.00266001180750657,"ANKEF1, SNAP25-AS1",F,0.0222873627237108
chr12,131484551,131484689,139,*,3,0.00151157363520058,0.00464937450974429,0.0146496493500302,0.00576881020687138,-0.0145779945485512,0.000353920714754301,GPR133,F,0.0222873627237108
chr1,44443853,44445202,1350,*,8,0.00151968052551381,0.00583474724462085,0.0484801022778192,0.00599205537762665,-0.028207985496406,-0.00491620154221242,"ATP6V0B, B4GALT2",F,0.0222873627237108
chr11,6461908,6462452,545,*,4,0.00151968442578148,0.00648870556067108,0.0205277686887907,0.00795026352093561,0.0124267051202766,-0.00216291243302139,HPX,F,0.0222873627237108
chr8,30413794,30413919,126,*,3,0.00152294912653133,0.00582023746271807,0.0117705407563178,0.00544844335618459,0.0356554856352396,0.0203691291009451,RBPMS,F,0.0222873627237108
chr11,1217166,1217528,363,*,3,0.00152334195258211,0.00490645437994507,0.0171506789290954,0.00584422049855776,0.0360178715564934,0.015833966911471,MUC5AC,F,0.0222873627237108
chr6,143998869,143999715,847,*,12,0.00153208195384986,0.0100211833119152,0.0209982488832513,0.00738666046093964,-0.0297748807896479,-0.0108337334619931,PHACTR2,F,0.0222873627237108
chr2,236961065,236961189,125,*,3,0.00153575277167085,0.00324895581347641,0.0256116106424254,0.00529511591765007,-0.0156894511904845,-0.00865460244345047,AGAP1,F,0.0222873627237108
chr1,1375448,1376051,604,*,6,0.0015388333352402,0.00701898043748133,0.0523718434639551,0.0096322759013786,0.00740086357638126,0.00116278630523096,VWA1,F,0.0222873627237108
chr2,179395885,179396214,330,*,4,0.0015422053479926,0.00328045736670284,0.0367448952336144,0.00586282818990014,-0.0521932605226868,-0.0399957972151296,"TTN-AS1, TTN",F,0.0222873627237108
chr11,118781150,118781978,829,*,11,0.00154249855274467,0.00645168894245468,0.0557783774454238,0.00733938657867084,0.060445935555012,0.0167324526524439,"MIR4492, BCL9L",F,0.0222873627237108
chr5,5287980,5288296,317,*,6,0.00155682733824447,0.00750745615879672,0.0375010049388942,0.00741236314002471,-0.0217448801497557,-0.00759376181099121,ADAMTS16,F,0.0222873627237108
chr12,26279160,26279706,547,*,4,0.00157088700554368,0.00748093712281325,0.0153542714479591,0.00733827221399024,0.0126105985079572,0.00781723795575402,"SSPN, RP11-283G6.3",F,0.0222873627237108
chr1,229643508,229644775,1268,*,14,0.00157265431073299,0.00410449253558256,0.069211383365327,0.00733565889996675,0.0129758753480515,0.00465951891374228,"RP4-613A2.1, NUP133",F,0.0222873627237108
chr11,33890917,33892246,1330,*,11,0.00157281797853814,0.00185890720056417,0.0340198970073017,0.00304344990025875,0.0169956598231285,0.00177840128129257,LMO2,F,0.0222873627237108
chr7,148637970,148638192,223,*,4,0.00157475584659492,0.0026487854309493,0.029774144366701,0.00481635940314567,0.0176282727395531,0.00900127401091455,,F,0.0222873627237108
chr6,26124167,26125480,1314,*,8,0.00157631103380115,0.00611449499963004,0.0129853447435716,0.00308916953780523,0.0219406590396599,0.0111610937478685,HIST1H2AC,F,0.0222873627237108
chr22,39238576,39239335,760,*,2,0.00157981150385025,0.00362074021299928,0.0140959056128796,0.00463789569961455,0.00553795174772476,7.5967029660385e-05,NPTXR,F,0.0222873627237108
chr14,20773640,20774219,580,*,6,0.00158255134684487,0.00410449253558256,0.035433841300619,0.00577068235611009,0.0199422827991615,0.00938872823867217,"CTD-2292M16.7, TTC5",F,0.0222873627237108
chr5,95769993,95770238,246,*,3,0.00158347657491262,0.00929862462877052,0.0108245768864558,0.00689884274385631,0.0154924453903049,0.00653072086456981,CTD-2337A12.1,F,0.0222873627237108
chr20,4802684,4803300,617,*,3,0.00158434270975973,0.00611449499963004,0.0190373144068144,0.00662107636713285,-0.00744834011128004,0.000694687035365182,RASSF2,F,0.0222873627237108
chr7,128469799,128470614,816,*,7,0.00158460156506555,0.00901041840163327,0.0157255341588293,0.00882689063870141,0.0245037570344652,0.00535130837070738,FLNC,F,0.0222873627237108
chr10,35105098,35105401,304,*,3,0.00158670913283417,0.00736436176470048,0.0118198039272582,0.00612657825950916,0.00759303584764365,0.00401640529733566,PARD3-AS1,F,0.0222873627237108
chr10,14995476,14996663,1188,*,16,0.0015925008710157,0.00969732553886877,0.0571661273413924,0.00818870925711312,0.0298141749542163,0.00487814498301556,DCLRE1C,F,0.0222873627237108
chr19,37263860,37263997,138,*,3,0.00161945432295427,0.00955353058824962,0.0160074107508266,0.00647301951417606,0.00446909931477781,0.00120233354125442,,F,0.0222873627237108
chr3,12940286,12941126,841,*,7,0.00162092556059301,0.00576954246940716,0.0461467344970502,0.00831028087801397,-0.0193467895931262,-0.00394598453240961,IQSEC1,F,0.0222873627237108
chr17,79680063,79681052,990,*,4,0.00162166068774371,0.0026232351771391,0.0272445364749705,0.00474935545800951,0.0186286841519503,0.00724202116845657,"SLC25A10, SLC25A10",F,0.0222873627237108
chr15,64442561,64442578,18,*,2,0.00162607213785284,0.00422437338147191,0.0162028376627624,0.0055165116475657,-0.048558953725243,-0.0462772213711809,,F,0.0222873627237108
chr14,104314434,104315223,790,*,9,0.00162771397723549,0.00350226905691158,0.0239496373036597,0.00689884274385631,0.00993819193089873,0.0013279532844892,LINC00637,F,0.0222873627237108
chr1,231114438,231115997,1560,*,12,0.0016281460636804,0.0105834075687445,0.0339333432294003,0.00669051739293759,0.0295667400795279,0.0062656930432306,"ARV1, TTC13",F,0.0222873627237108
chr15,49255364,49256042,679,*,8,0.00163386275417009,0.00919058924740269,0.0360020609425245,0.00843204121253261,0.0207143175214129,0.00679587252269093,SHC4,F,0.0222873627237108
chr19,4042688,4043300,613,*,2,0.00163858368183754,0.00632367796552354,0.0132622057327462,0.00653470149602472,-0.0178495341280707,-0.00803915867499377,AC016586.1,F,0.0222873627237108
chr17,78817642,78819092,1451,*,8,0.00163868276189035,0.0107350961239402,0.0135923394186055,0.00658970258019185,0.0107956575644043,-0.0013571807802208,RPTOR,F,0.0222873627237108
chr5,77253378,77253990,613,*,6,0.00165212353436707,0.0077630370910647,0.0258436551137682,0.00738666046093964,-0.04213275287438,-0.0286617261007542,,F,0.0222873627237108
chr12,69139618,69140079,462,*,12,0.00165358957349535,0.00667919590443982,0.0640909574536875,0.00777562084436342,0.018149565480404,0.00487205009486166,SLC35E3,F,0.0222873627237108
chr20,62368956,62369605,650,*,5,0.00165586087619307,0.010307370404647,0.0345672049046246,0.0091408763132686,0.0124163923829897,0.0075402448626566,"RP4-583P15.15, LIME1",F,0.0222873627237108
chr1,16766715,16767647,933,*,11,0.00165626489926952,0.0077015605144449,0.0474104550750338,0.00810031986051864,-0.0108088306674499,0.002512362545766,NECAP2,F,0.0222873627237108
chr6,149637881,149638382,502,*,3,0.00168308798162006,0.00314230556695181,0.0268797713444511,0.0052479408269403,0.0117086234137645,0.00870357055773551,TAB2,F,0.0222873627237108
chr1,76251752,76252438,687,*,9,0.00169476001127745,0.00582023746271807,0.0532242818943329,0.00730467205648043,0.0222707676676347,0.00985833111361705,"ACADM, RABGGTB",F,0.0222873627237108
chr17,75524062,75525361,1300,*,10,0.00169976130128691,0.0101224162814883,0.0232617000958274,0.00696368687175604,-0.0243786007097865,-0.000282997739718687,RP11-13K12.2,F,0.0222873627237108
chr14,105860954,105861940,987,*,4,0.00170420846361698,0.00578456831758485,0.0132622057327462,0.00287822835134332,-0.0773922158118329,-0.0098210983954246,PACS2,F,0.0222873627237108
chr4,187646301,187647197,897,*,8,0.00170677959478156,0.00291383047106641,0.0591215570283,0.00582051376956791,0.0233900243017799,0.00655046385371279,FAT1,F,0.0222873627237108
chr14,78226708,78227771,1064,*,13,0.00170818114518318,0.00471122786368823,0.0551108399345203,0.00615213519039912,0.0239966765803156,0.00759861267532369,"SLIRP, C14orf178, SNW1, AC008372.1",F,0.0222873627237108
chr1,201951076,201951874,799,*,8,0.00171301295963164,0.00362450586467792,0.0516920374198436,0.00686748214098814,-0.0155631485337889,-0.00309980967286183,RNPEP,F,0.0222873627237108
chr3,133191270,133191407,138,*,3,0.00171510812259215,0.00352116758776046,0.0185816993193154,0.00481635940314567,-0.0132113340136496,-0.00128042773588396,BFSP2,F,0.0222873627237108
chr1,150601493,150603058,1566,*,15,0.00171861247876017,0.00600485596573341,0.0570098826493995,0.00643205279381643,-0.0163022088363479,0.00454474276290823,ENSA,F,0.0222873627237108
chr4,54959419,54960259,841,*,7,0.00172013194548559,0.0068507750057221,0.0416566186020094,0.00749986381942714,-0.0341690194075596,-0.011350871427724,FIP1L1,F,0.0222873627237108
chr6,32728862,32729847,986,*,20,0.00172362698566012,0.00465498489906262,0.0745849235955101,0.00996737787809944,0.0438784839501291,0.00518968098390689,HLA-DQB2,F,0.0222873627237108
chr17,78417789,78418426,638,*,7,0.00172362698566012,0.00190273445508382,0.061955028138617,0.00543063756077202,0.0386591924518125,0.0207834659920215,,F,0.0222873627237108
chr1,42128043,42128487,445,*,4,0.00172362698566012,0.00958501249907667,0.0206054754258824,0.00870181073612882,-0.0526835953778722,-0.0176465040095193,HIVEP3,F,0.0222873627237108
chr10,50886878,50887731,854,*,13,0.001728815211523,0.00301666862357799,0.0740835357431041,0.00635006363909465,-0.0491531576065719,-0.00598728193352797,"CHAT, C10orf53",F,0.0222873627237108
chr17,61551779,61552195,417,*,2,0.00173579550404148,0.00953875601018292,0.0109849848818217,0.00694696534185092,-0.0273162976553835,-0.00273458216774394,,F,0.0222873627237108
chr1,41303570,41304435,866,*,4,0.00174035129272049,0.00865641154224429,0.0119930221243463,0.00678864945329402,0.0289529502253428,0.0110953328479255,KCNQ4,F,0.0222873627237108
chr7,2623093,2623763,671,*,3,0.00175066890753933,0.00497602527476261,0.0233245546951745,0.00686748214098814,-0.0091369553794306,-0.00524855385827209,IQCE,F,0.0222873627237108
chr2,239628926,239628974,49,*,2,0.00175621859797103,0.00412882982779631,0.0126734186666236,0.00472508236229745,-0.0125663509484654,-0.00351487673697798,AC113618.1,F,0.0222873627237108
chr6,3069353,3069545,193,*,2,0.00175764948345979,0.00809404750352615,0.0109661448276533,0.00640163017350447,0.0155335708529396,0.00845848970639059,RIPK1,F,0.0222873627237108
chr9,126129566,126129601,36,*,2,0.00176193619598835,0.00453496288220917,0.0135570347422202,0.00538707378728111,0.0150885149315818,0.0121130458274421,CRB2,F,0.0222873627237108
chr6,53212618,53214258,1641,*,16,0.00177614622200332,0.00619537154664254,0.0222089779044952,0.00580748472004271,0.0224550708875786,0.00464246231445668,ELOVL5,F,0.0222873627237108
chr7,32930089,32931388,1300,*,4,0.00177877990179155,0.00319500189489102,0.0267607937348537,0.00473618070495779,0.0120324620528795,0.0073133110026917,"AVL9, KBTBD2",F,0.0222873627237108
chr3,58291814,58292762,949,*,9,0.00179410236883344,0.00465538434567839,0.0538796814255491,0.00749325651721743,0.0108876895068366,0.0029517427263327,RPP14,F,0.0222873627237108
chr19,51814765,51814782,18,*,2,0.00180677894964537,0.00542813222007036,0.019254835912931,0.00677585902823251,0.0365998583590211,0.031258829353591,,F,0.0222873627237108
chr2,179672121,179672691,571,*,4,0.00182206574821081,0.0048396468562237,0.0320107121556429,0.00643205279381643,-0.00860363596401359,-0.00289899252678605,TTN,F,0.0222873627237108
chr2,240152257,240152476,220,*,3,0.00182480853905987,0.00883639386200985,0.0119210452300873,0.00633470907373374,-0.0448399397378565,-0.0203707006507362,HDAC4,F,0.0222873627237108
chr5,139040546,139041014,469,*,5,0.00182499054111346,0.0103836232579096,0.0143354280195158,0.00774141683986481,-0.0680219473037264,-0.0501466319647528,CXXC5,F,0.0222873627237108
chr20,57616897,57617431,535,*,4,0.0018298136942748,0.00727124869055751,0.0281977021298872,0.00903934727444739,0.0340861034404977,0.014112528722902,SLMO2,F,0.0222873627237108
chr16,88747591,88748522,932,*,5,0.00182985407410289,0.00145710181856976,0.0350775500584716,0.00348110590570205,0.0276012710201377,0.0110633309952262,"SNAI3-AS1, SNAI3",F,0.0222873627237108
chr3,195946851,195947062,212,*,3,0.00183874757648711,0.00720757991768481,0.0136527001453296,0.00579728158069194,-0.0777926637090624,-0.0514577145242539,"SLC51A, PCYT1A",F,0.0222873627237108
chr17,74266324,74266574,251,*,2,0.00183883027755671,0.00347009207074843,0.0154856439573902,0.00469302708207534,0.0416627413287165,0.0361440080158461,UBALD2,F,0.0222873627237108
chr11,74178268,74179054,787,*,9,0.00184038199374447,0.00920671459103222,0.0643742398118064,0.00928076414241119,-0.0690897957468482,-0.0226076211928437,"RP11-702H23.4, KCNE3",F,0.0222873627237108
chr1,111990835,111991897,1063,*,9,0.00184399915415649,0.00993869325747522,0.0169152684412999,0.00790650658527671,0.0135659994779559,0.0049560024043089,"ATP5F1, WDR77",F,0.0222873627237108
chr4,119809845,119810092,248,*,7,0.00184886280181236,0.00293708266206338,0.0520357255128462,0.00569462388650911,0.0102512782022146,0.00295320339781248,SYNPO2,F,0.0222873627237108
chr1,241694605,241695616,1012,*,4,0.00184886280181236,0.00691045142855606,0.0140795358325773,0.00415506358402893,0.0277051869454431,0.0116260353417727,KMO,F,0.0222873627237108
chr9,116638760,116638973,214,*,2,0.00185490412679967,0.00464937450974429,0.0132622057327462,0.0054267428508562,0.0211921420274011,0.0107922838046117,ZNF618,F,0.0222873627237108
chr13,41240761,41241501,741,*,4,0.00186104940404323,0.00501938362295961,0.014158294069541,0.00609506837620194,0.0106909672814271,0.0051952629678374,,F,0.0222873627237108
chr7,107531689,107532014,326,*,4,0.00186190321597769,0.00796913956359507,0.0219990627056515,0.00720438752088199,-0.00808667030714086,-0.00206174006142149,DLD,F,0.0222873627237108
chr3,44727195,44727578,384,*,2,0.00186430399810163,0.00273363174345819,0.0144777411645042,0.00368685753690339,-0.0146271321847412,-0.00818369404051784,,F,0.0222873627237108
chr5,98106052,98106612,561,*,5,0.00186658590550276,0.00577929731191839,0.0315469545853255,0.00653663533208973,0.0142687732913581,0.00963417666084923,"RGMB, RGMB-AS1",F,0.0222873627237108
chr10,115613834,115615082,1249,*,17,0.001868836344339,0.00623455407884036,0.0384138191762552,0.00696368687175604,0.0152978754918983,0.00755798997866391,"NHLRC2, DCLRE1A",F,0.0222873627237108
chr21,45148332,45149373,1042,*,7,0.00187111337504788,0.0081133233053889,0.0344290231261654,0.00711441982910817,-0.0179386441113049,-0.00141388712499694,PDXK,F,0.0222873627237108
chr9,100459097,100459834,738,*,4,0.00187206083775291,0.00697857648095357,0.0145796762651062,0.00573386258462343,-0.00786376320140696,-0.00112921781830123,XPA,F,0.0222873627237108
chr8,33580416,33580902,487,*,2,0.0018793227620473,0.00569505186419521,0.01497279868616,0.00653470149602472,-0.0190214183536539,-0.00206292224924071,"RP11-317N12.1, VENTXP5",F,0.0222873627237108
chr17,2206215,2207495,1281,*,12,0.00187998540772717,0.00585831440446754,0.0333504290940876,0.00531921945006965,0.00998530252679261,0.004339668439293,"SRR, SMG6",F,0.0222873627237108
chr17,46047760,46048946,1187,*,13,0.00188051893628438,0.00803743006531805,0.036082772251167,0.00914792017263822,0.0119615761527291,0.00309998895425391,"RP11-6N17.9, CDK5RAP3",F,0.0222873627237108
chr1,156052205,156053080,876,*,6,0.00188167554720689,0.0058163421627309,0.0207296097540405,0.00642660236670149,-0.0168521867272585,0.000541337245329276,LMNA,F,0.0222873627237108
chr19,42444456,42445462,1007,*,5,0.00188261687159274,0.00676475825640226,0.0254887445194546,0.00610686965927971,0.0237655716533284,0.00306213654870893,,F,0.0222873627237108
chr2,61763369,61763847,479,*,3,0.00188592198568445,0.00993739913928264,0.018276633036102,0.0088075900274432,0.0187208536790679,0.012847371022215,XPO1,F,0.0222873627237108
chr11,65341661,65342283,623,*,4,0.00188691309975572,0.00393477698401678,0.0349986441829399,0.00639142285185924,0.0162528894658393,0.00892303951321409,FAM89B,F,0.0222873627237108
chr5,61028265,61028899,635,*,6,0.00188878690869328,0.00600331459002115,0.057375067110722,0.00851494996859713,-0.0167574196163559,-0.00630365793935537,"C5orf64, CTD-2170G1.2",F,0.0222873627237108
chr11,31836673,31837607,935,*,8,0.00191022701685457,0.00400535064510671,0.0470580632612376,0.00647301951417606,0.00681856337681253,0.0035634146022268,"RCN1, PAX6",F,0.0222873627237108
chr8,97165770,97166291,522,*,3,0.00191914961930749,0.0056657442754623,0.0224923984026556,0.00672888337300835,0.00907487433665677,0.0051363911902603,GDF6,F,0.0222873627237108
chr13,27744825,27745469,645,*,6,0.00192319574236814,0.00697857648095357,0.0320107121556429,0.00763519289679162,0.0108727121649478,0.00704991519902953,USP12,F,0.0222873627237108
chr9,130854313,130854713,401,*,2,0.00192741274719429,0.00478128718786215,0.015801249196495,0.00596759587617085,-0.0112977638539173,-0.0111761421149907,"SLC25A25, RP11-379C10.4",F,0.0222873627237108
chr10,132683444,132684286,843,*,4,0.00193089539936615,0.0104186487251068,0.0138425532435755,0.00822151825170692,-0.00255314129963802,0.000377971372141239,,F,0.0222873627237108
chr3,9773022,9774065,1044,*,9,0.00193210453984485,0.00584972986571287,0.073623250311924,0.00818870925711312,0.00906375343151104,0.00185861474441874,BRPF1,F,0.0222873627237108
chr1,2344561,2345894,1334,*,15,0.00194031361936941,0.00958501249907667,0.0431946562144155,0.0125221412219235,0.0202208061394428,0.0114604082373108,PEX10,F,0.0222873627237108
chr7,2962373,2962845,473,*,3,0.0019451920109977,0.0084994319335274,0.0134388152160187,0.00686748214098814,0.0205036561506251,0.0102001670495479,CARD11,F,0.0222873627237108
chr5,139127283,139128295,1013,*,5,0.00194551432180108,0.00985529581648992,0.0140871088640329,0.00739478546390036,-0.0127928170774425,0.000183931035278933,,F,0.0222873627237108
chr8,143808440,143809371,932,*,4,0.00194740556041884,0.00808045630917019,0.0410639867571111,0.00991809883022504,0.0102595066984277,0.00418762654264978,"THEM6, CTD-2292P10.2",F,0.0222873627237108
chr11,33757858,33758529,672,*,11,0.00194823302567031,0.0107413044384052,0.0447991075917698,0.0077652304286424,-0.0523688695665253,-0.0135314446099199,CD59,F,0.0222873627237108
chr12,93963292,93963603,312,*,11,0.00195461709369782,0.00858999842706577,0.0233057302854601,0.00854353015176434,0.0173657871168644,0.00963945292513013,"SOCS2, SOCS2-AS1",F,0.0222873627237108
chr12,132334122,132334767,646,*,5,0.00196351899897758,0.0104027060063694,0.0119723230417084,0.00797297956142293,0.026881467636352,0.0106311304441952,MMP17,F,0.0222873627237108
chr11,94965469,94965610,142,*,3,0.00196529718760593,0.00720759011009342,0.0136441385691954,0.00694696534185092,0.00715888887478704,0.00589423305275674,"RP11-712B9.2, SESN3",F,0.0222873627237108
chr1,228503273,228503693,421,*,2,0.00198035308686866,0.00439102665091315,0.0148094811853476,0.00548881360928893,0.0283658649021541,0.0176374144701887,OBSCN,F,0.0222873627237108
chr5,79288180,79288583,404,*,2,0.00198636084783141,0.00531507538687261,0.0203071949209921,0.00673322292460692,-0.0220088848565105,-0.0167831100723664,THBS4,F,0.0222873627237108
chr17,7311620,7312081,462,*,6,0.00198809591264156,0.00583474724462085,0.0167033937034786,0.00766443257582031,0.0250218335510317,0.0155219952170932,NLGN2,F,0.0222873627237108
chr2,42794680,42795680,1001,*,6,0.00199038815481932,0.00843189559010782,0.0155885477678169,0.00738666046093964,0.0232575660482191,0.0133573454848019,MTA3,F,0.0222873627237108
chr12,67462522,67463281,760,*,4,0.00199990307096281,0.00482564252202806,0.0151516838983346,0.00619482895296526,0.0273237964296737,0.00950862994514604,"RP11-123O10.4, RP11-123O10.3",F,0.0222873627237108
chr17,1686627,1686737,111,*,3,0.00200320106549956,0.00367607149463275,0.0157247561785571,0.0051001070557022,-0.0356530649862202,-0.0188810706017846,SMYD4,F,0.0222873627237108
chr16,88643407,88643966,560,*,3,0.00200378586054846,0.00393477698401678,0.0157945666779753,0.00473618070495779,0.0148889473453881,0.00365967573397833,ZC3H18,F,0.0222873627237108
chr14,25043420,25043758,339,*,3,0.00200378586054846,0.00375977360066627,0.0219057738368295,0.00543063756077202,-0.0368577155885869,-0.0248327185803549,CTSG,F,0.0222873627237108
chr4,147366475,147367017,543,*,3,0.00201014170274492,0.0107350961239402,0.0166717629018123,0.00804522317236029,-0.0120309166284832,-0.00864673313525118,SLC10A7,F,0.0222873627237108
chr16,4525918,4526868,951,*,9,0.00201291675252929,0.00540142013194441,0.0539597731251619,0.00740391287374594,0.0415426491002788,0.0118354433666862,"HMOX2, NMRAL1",F,0.0222873627237108
chr5,178420527,178420865,339,*,3,0.00203113246897889,0.00366397441067229,0.0278729450818052,0.00576125458603987,0.00396526190379054,0.000321453810045854,GRM6,F,0.0222873627237108
chr8,144947335,144947630,296,*,4,0.00203167193786988,0.00501938362295961,0.0241162740041119,0.00653470149602472,0.0275970791753015,0.0180561992235271,EPPK1,F,0.0222873627237108
chr22,41257839,41258266,428,*,2,0.00203203925181713,0.00516621629151086,0.0150427978439014,0.00619482895296526,-0.0187383955331049,-0.0183520753019917,"XPNPEP3, DNAJB7",F,0.0222873627237108
chr19,3760955,3761825,871,*,9,0.00204381114420792,0.00983867300665798,0.0208530767033738,0.0103553446056208,0.0513014052505713,0.0101212347824983,APBA3,F,0.0222873627237108
chr2,65086822,65087288,467,*,3,0.00204859080959895,0.0103457372108138,0.0125637986892333,0.00800747390168658,-0.0464990730470185,-0.0319018375850977,AC007880.1,F,0.0222873627237108
chr17,1437284,1437430,147,*,3,0.00204859080959895,0.00920710903392683,0.0118198039272582,0.00692168786569094,-0.0146270336449431,-0.00887282412740039,PITPNA,F,0.0222873627237108
chr7,144100630,144101019,390,*,4,0.00205521894741805,0.0107350961239402,0.025291182904303,0.00609506837620194,0.00898654623252815,0.00631282240202105,NOBOX,F,0.0222873627237108
chr4,147096785,147097209,425,*,6,0.00205573168569987,0.00691045142855606,0.0285468026340454,0.00797297956142293,0.0162909803090635,0.004480889196455,LSM6,F,0.0222873627237108
chr2,242648702,242648761,60,*,3,0.00205590013900299,0.00879014181348191,0.0144325856432852,0.00684815247779255,-0.00861039652130924,-0.00659740812212991,ING5,F,0.0222873627237108
chr1,101701364,101702782,1419,*,12,0.00205841939364846,0.00577929731191839,0.0226007049431361,0.00416168772659181,0.033261708020436,0.00783874672192897,"S1PR1, RP4-575N6.4",F,0.0222873627237108
chr1,219346607,219347887,1281,*,9,0.00206086678410958,0.00868326890697365,0.0401604476135338,0.00903934727444739,-0.0274563421922632,0.00341161342717221,"LYPLAL1, RP11-135J2.4",F,0.0222873627237108
chr19,40596516,40597369,854,*,9,0.00206170715549465,0.00896703340746286,0.0441976317604559,0.00815574496825358,0.0255799846457374,0.00773979686806908,"AC005614.3, AC005614.5, ZNF780A",F,0.0222873627237108
chr17,15902501,15903687,1187,*,11,0.00208305449169953,0.00785651445838344,0.0278034370538439,0.00714282015307125,0.0172327994699339,0.0061207531050904,"TTC19, ZSWIM7",F,0.0222873627237108
chr7,2057703,2058031,329,*,3,0.00208796254504272,0.00830963510668109,0.0138794694307532,0.00807399746112987,0.0321488612278353,0.0191321439432377,MAD1L1,F,0.0222873627237108
chr2,8816130,8817010,881,*,5,0.00210848127775555,0.0040461588254528,0.024413877106699,0.00610686965927971,-0.028484494128634,-0.0179333984274509,AC011747.7,F,0.0222873627237108
chr19,681420,681815,396,*,3,0.0021108258836132,0.00324103603313223,0.0291228842484065,0.00543117964085625,-0.0299881606693845,-0.0212250416413619,FSTL3,F,0.0222873627237108
chr14,69259241,69259833,593,*,5,0.00211271725231889,0.00899939352216542,0.0299532787683535,0.00869560215957657,0.0177335429543442,0.0108825943569685,ZFP36L1,F,0.0222873627237108
chr1,3528355,3529108,754,*,5,0.00211469944064148,0.00678755456904466,0.0144325856432852,0.00657054099836425,-0.0140926061961374,-0.00457028950815089,,F,0.0222873627237108
chr16,69458177,69458953,777,*,9,0.00211482457341048,0.00310981445016834,0.0586327807717755,0.00689884274385631,0.0181070309899267,0.00827539122165045,CYB5B,F,0.0222873627237108
chr7,157263457,157263638,182,*,2,0.00212101299332875,0.00464937450974429,0.0160112510575168,0.00587751520503472,0.222691014699484,0.111022290219886,AC006372.4,F,0.0222873627237108
chr6,27598733,27599141,409,*,3,0.00212692436676781,0.010569278557846,0.0130674198008828,0.00820486563632379,0.00696203883973428,0.00210942690158985,,F,0.0222873627237108
chr3,47844653,47845672,1020,*,6,0.0021283953140731,0.00454847030922891,0.0549357609353292,0.00800747390168658,-0.0318847273698006,-0.00433308820175646,DHX30,F,0.0222873627237108
chr6,135818824,135819596,773,*,9,0.00213778711988587,0.00575513433710859,0.0568653721027389,0.00795026352093561,0.0231309449148738,0.00860535636842401,"LINC00271, AHI1",F,0.0222873627237108
chr2,56412597,56413137,541,*,5,0.00213895223804164,0.0104186487251068,0.0285679368475447,0.00903934727444739,0.0136550638030146,0.00442936458735305,"RP11-482H16.1, CCDC85A, AC007743.1",F,0.0222873627237108
chr16,67048397,67048678,282,*,3,0.00214493269252701,0.00803743006531805,0.0128239583572442,0.00707232889085549,-0.0306492642279368,-0.0220257087563593,,F,0.0222873627237108
chr4,140004785,140005441,657,*,5,0.00214524655231971,0.00653973614469887,0.0230779657362858,0.00649092771961655,0.0105789000659121,0.00505021258481866,ELF2,F,0.0222873627237108
chr7,1030999,1031588,590,*,4,0.00215318032930677,0.00799994869254472,0.0303573458417252,0.0075697495052468,0.0238432142827614,0.00995174242614286,,F,0.0222873627237108
chr12,125103181,125103252,72,*,3,0.00215770701614914,0.00947003497976866,0.010788009016712,0.00676186600029031,0.0382836531890537,0.00966221439579721,,F,0.0222873627237108
chr13,30982428,30982971,544,*,4,0.00216555801934882,0.00518550517316788,0.0330771473376434,0.00749325651721743,-0.0683132933892098,-0.0221831716755866,,F,0.0222873627237108
chr17,47439802,47440203,402,*,6,0.00218438446030261,0.00480858805351496,0.0408935147891639,0.00651448423782675,-0.0152547047179806,-0.00312225204349559,"RP11-1079K10.3, ZNF652",F,0.0222873627237108
chr11,1456891,1457346,456,*,4,0.00218567292594865,0.0095953764364425,0.0318193018859331,0.00793759919560209,0.0402192510991568,0.021077186189864,BRSK2,F,0.0222873627237108
chr2,25015597,25015796,200,*,2,0.0021932027632872,0.00927969802690398,0.0266767004382986,0.0103101709663774,0.0173384090849398,0.0150522072908158,PTRHD1,F,0.0222873627237108
chr12,56324837,56326222,1386,*,12,0.00219656696324386,0.00578184567182739,0.0543035176029153,0.00680862241777226,0.0519936273890477,0.0140218211694694,"DGKA, WIBG",F,0.0222873627237108
chr5,126987825,126988869,1045,*,5,0.00220577328949779,0.00715335726269617,0.0157654572139537,0.00487897993762239,0.0337075204159364,0.00517396843393438,"CTXN3, CTC-548H10.2",F,0.0222873627237108
chr13,111970082,111970282,201,*,2,0.00220577328949779,0.00619118413085311,0.0127749641987165,0.00619482895296526,-0.0155093368225024,-0.00239076655573489,TEX29,F,0.0222873627237108
chr5,92910534,92911154,621,*,2,0.00221282909195064,0.00501938362295961,0.0150427978439014,0.00611485169554667,0.0336856171008954,0.0191294160900327,NR2F1-AS1,F,0.0222873627237108
chr10,123442007,123442326,320,*,3,0.00221499525020471,0.00596180479992293,0.0161368347769002,0.00694696534185092,-0.0416570704918229,-0.00730842720294859,,F,0.0222873627237108
chr11,75095668,75095765,98,*,3,0.00221554964833538,0.00760898131051004,0.012904171888162,0.00606321272793327,0.012590825448542,0.00910940742377346,,F,0.0222873627237108
chr1,25290947,25292412,1466,*,16,0.00221686150149407,0.00910401384665342,0.0369670508044434,0.00689884274385631,0.104403570005623,0.0522587731711074,RUNX3,F,0.0222873627237108
chr6,100895050,100896392,1343,*,9,0.00221686150149407,0.00713419874865221,0.0370940123845044,0.0074693924348045,-0.0302827113174784,-0.00964517664840595,SIM1,F,0.0222873627237108
chr21,40817303,40818036,734,*,8,0.00222024357408622,0.00518550517316788,0.0446976705655188,0.00777673567126863,0.0222339773191289,0.00668508978294461,"SH3BGR, LCA5L",F,0.0222873627237108
chr16,46782542,46783018,477,*,3,0.00222176103619513,0.00925155097781142,0.0225016108959794,0.00882689063870141,0.0201178510061607,0.00376135547136289,MYLK3,F,0.0222873627237108
chr6,114292051,114292802,752,*,10,0.00222909850907863,0.00899939352216542,0.0266665905171663,0.00902780927014581,-0.00949703910075203,0.0022874180334489,"RP3-399L15.3, HDAC2",F,0.0222873627237108
chr7,116821262,116821592,331,*,2,0.00223191483154983,0.00542406685693723,0.0196235053038109,0.00677667106546497,-0.0155168392994218,-0.0155080193434362,ST7,F,0.0222873627237108
chr1,2995301,2996020,720,*,4,0.00223533991855867,0.00392229162713689,0.0343517358884477,0.00618776414104443,-0.0266622125492397,-0.0116201659516512,PRDM16,F,0.0222873627237108
chr3,100210880,100211622,743,*,9,0.0022511133870099,0.00614067778392895,0.0575918617422887,0.00727202243423394,-0.0168878874582072,0.00104990322683053,TMEM45A,F,0.0222873627237108
chr15,73661735,73662258,524,*,5,0.00226782748115406,0.00600640112895551,0.0336032858736656,0.00792304435633664,0.0289233356368948,0.0071762692316463,,F,0.0222873627237108
chr16,3285187,3286070,884,*,14,0.00227292782674007,0.00980592284659991,0.0410697114976442,0.0103652282728771,0.0229054578187429,0.00320677874634859,ZNF200,F,0.0222873627237108
chr4,2366103,2367137,1035,*,6,0.00227418102946983,0.00254765333196714,0.0355659383858261,0.00472508236229745,0.0302399925231391,0.0128654587936188,ZFYVE28,F,0.0222873627237108
chr1,47069792,47070807,1016,*,8,0.00228395886399324,0.00645168894245468,0.046167524177718,0.00711069860557987,0.013410847349057,3.42181127191273e-05,MKNK1,F,0.0222873627237108
chr4,190474719,190475137,419,*,4,0.00228963772227656,0.00716529954263149,0.0325335743826986,0.00813412476040169,-0.0127804753559841,-0.00697356413841013,,F,0.0222873627237108
chr11,71163428,71164283,856,*,14,0.00229196170638065,0.00952168407938703,0.053181228635029,0.00893840137623366,0.0204038716632492,0.00462809697064065,"NADSYN1, DHCR7",F,0.0222873627237108
chr13,28711810,28712670,861,*,7,0.00229780294694079,0.0102207477425673,0.0213064711574421,0.00904652093791067,0.0161393990350822,0.00807089039249145,"PAN3, PAN3-AS1",F,0.0222873627237108
chr14,105955879,105956753,875,*,9,0.00229791538071449,0.00416376353101076,0.0680205196205481,0.00713044934753232,0.011169342093359,0.00386169318431542,"CRIP1, C14orf80",F,0.0222873627237108
chr9,96080326,96080793,468,*,2,0.00230080946440005,0.00986293109258264,0.0136527001453296,0.00872413607813767,0.0143612009914489,0.0109603526360553,"WNK2, C9orf129",F,0.0222873627237108
chr12,54582532,54583569,1038,*,11,0.00231689697263549,0.0043103858179829,0.0243342117842643,0.00635006363909465,0.0218720062646564,0.00998349252627006,SMUG1,F,0.0222873627237108
chr14,104195181,104195533,353,*,3,0.00231689697263549,0.00738519410902561,0.0259286925257142,0.00819959160943765,-0.0138751615906039,-0.0104046987581539,ZFYVE21,F,0.0222873627237108
chr2,219748503,219749205,703,*,4,0.00232691117240912,0.00507923167154292,0.0288249687899569,0.00687429852009542,-0.0282311991214576,-0.0152690984513357,WNT10A,F,0.0222873627237108
chr5,1800132,1801364,1233,*,11,0.00234496476645247,0.00603225185352744,0.0308679671310555,0.00695516893631614,0.0196933583542892,0.00956769258226622,MRPL36,F,0.0222873627237108
chr12,96336918,96337410,493,*,8,0.00234746616827998,0.0106599018565231,0.0185017040966009,0.00815574496825358,0.0229439131022673,0.00742421114095139,AMDHD1,F,0.0222873627237108
chr3,52187791,52188073,283,*,2,0.00234863439602394,0.00518550517316788,0.0137160098981009,0.00595910663187713,0.00750280964856472,0.00718114252678346,POC1A,F,0.0222873627237108
chr10,88853608,88853758,151,*,2,0.00236652669029731,0.0104476457578069,0.0109661448276533,0.00733565889996675,0.00905623247410807,0.00317053349445451,GLUD1,F,0.0222873627237108
chr8,126444251,126444741,491,*,4,0.00238686519003251,0.00744802276654184,0.0189589898626521,0.00800747390168658,0.017983862949761,0.00968280495199559,TRIB1,F,0.0222873627237108
chr16,46864715,46865867,1153,*,10,0.00238735707055829,0.0101926684572722,0.0561036196659938,0.0095602006489781,-0.0275071950836355,7.57366097392367e-05,C16orf87,F,0.0222873627237108
chr2,204399188,204399512,325,*,3,0.00238918720395956,0.00384620037530588,0.0303648381249562,0.00595296976486249,0.0162570079109432,0.0078484298359508,RAPH1,F,0.0222873627237108
chr17,79428036,79428750,715,*,4,0.0023910925785989,0.00910458742601579,0.0186864199297689,0.00721403307374873,-0.0402625681485675,-0.0111193975451086,"RP11-1055B8.7, RP11-1055B8.8",F,0.0222873627237108
chr5,178683834,178684658,825,*,5,0.0023923329977398,0.00393477698401678,0.0414667093403861,0.00647301951417606,-0.0305126378667937,-0.00578555788052346,ADAMTS2,F,0.0222873627237108
chr13,113862363,113863227,865,*,9,0.00241234128497986,0.00970492674456418,0.0431012866425941,0.00952092739770637,0.00856451638269862,0.00387245742655617,"CUL4A, PCID2",F,0.0222873627237108
chr15,45028083,45028595,513,*,5,0.0024187796822921,0.00384620037530588,0.0569672419205826,0.00707132199882199,0.036500445794199,0.010917716241477,TRIM69,F,0.0222873627237108
chr12,12871924,12872686,763,*,2,0.00242425492766606,0.0103935603448095,0.0191648171661298,0.0105728809618169,0.0217594558625275,0.0153457597141477,CDKN1B,F,0.0222873627237108
chr8,124169118,124170018,901,*,7,0.00242693305846159,0.00901068946569168,0.0636054661277909,0.00733565889996675,0.0135129150258705,0.00623716425130383,,F,0.0222873627237108
chr11,107879052,107879501,450,*,6,0.00243284842922759,0.0046406371944677,0.0265372307210563,0.00689884274385631,-0.0161545736964971,-0.00290172974822557,CUL5,F,0.0222873627237108
chr2,111880694,111881075,382,*,2,0.00245086683574428,0.00853135813744479,0.0139858319383045,0.00827531712782628,-0.0170520390082229,-0.0148525696806355,BCL2L11,F,0.0222873627237108
chr1,202130344,202131184,841,*,5,0.0024579008221919,0.00663535830509409,0.0505672547823121,0.00901407272953047,-0.0520618341452102,-0.0328880680352754,PTPN7,F,0.0222873627237108
chr16,832683,834399,1717,*,13,0.00246279176609388,0.00426421071792977,0.0466404811040719,0.00484351541602786,0.0325762553986807,0.0105018404894952,MSLNL,F,0.0222873627237108
chr7,150690699,150690969,271,*,4,0.00247104344789075,0.00501938362295961,0.0165407860126214,0.00631990716145409,0.0162290571463632,0.0102887119275871,NOS3,F,0.0222873627237108
chr4,780591,781272,682,*,5,0.00248619807164996,0.00281285441152409,0.0410713851530842,0.00556569620807866,0.0212438661547706,0.0134640599334143,CPLX1,F,0.0222873627237108
chr4,2438678,2439478,801,*,6,0.0024911701976834,0.00559196100773847,0.0180196297744767,0.00694696534185092,0.0150689374748567,0.00849581877827636,RP11-503N18.1,F,0.0222873627237108
chr12,122658722,122659211,490,*,6,0.00249120878328056,0.00898656101053127,0.0428952750483451,0.0100478265806805,0.0287154174329547,0.00958700259122277,"LRRC43, IL31",F,0.0222873627237108
chr2,157179350,157179512,163,*,2,0.00249413169015124,0.00483416059484986,0.0181904805042126,0.00615402269094394,-0.042979623786068,-0.0325118562146118,,F,0.0222873627237108
chr2,113012287,113013154,868,*,6,0.00250550850005434,0.00899939352216542,0.0151964659981998,0.00845703993789187,-0.0169701842046464,0.000607673281590327,ZC3H8,F,0.0222873627237108
chr14,99737609,99738493,885,*,6,0.00251198976550219,0.00967033325777948,0.0336032858736656,0.00859497897599778,0.0309978900889011,0.0145984797047275,BCL11B,F,0.0222873627237108
chr2,73052126,73052746,621,*,3,0.00251198976550219,0.00911862777260171,0.0134889546471426,0.00802858629280202,0.0163196555508429,0.0038162589195476,EXOC6B,F,0.0222873627237108
chr3,157814981,157816403,1423,*,7,0.00251319068716202,0.00142009649218188,0.0247444688267584,0.00272334409293927,0.0160912954415925,0.00324970490080107,SHOX2,F,0.0222873627237108
chr3,119298195,119298513,319,*,8,0.00253010335876364,0.0103401942481561,0.0493269108865302,0.00903934727444739,-0.0332768736616956,-0.0121638728603339,"ADPRH, RP11-190C22.9",F,0.0222873627237108
chr7,2402133,2402340,208,*,3,0.00253010335876364,0.0080909791110783,0.0121837754920947,0.0067619185045129,0.0267916992894285,0.00807944424246817,EIF3B,F,0.0222873627237108
chr18,55862037,55862872,836,*,10,0.00253123842277771,0.00664365551180423,0.0637586178936808,0.00859497897599778,-0.00879399380590784,0.000182233295728351,"NEDD4L, RP11-718I15.1",F,0.0222873627237108
chr4,122871528,122872367,840,*,6,0.00253475705571276,0.0101083392544509,0.0438476199442516,0.0115245798365462,0.0118647356003919,0.00523028813643166,TRPC3,F,0.0222873627237108
chr7,42275601,42276004,404,*,5,0.0025354573824162,0.00638853817870331,0.025607281930859,0.00862720818007681,-0.0107201964371149,0.00144609155011352,GLI3,F,0.0222873627237108
chr19,2272716,2273050,335,*,2,0.00253895736379918,0.00782337571618311,0.0183371896073305,0.00867037315374507,0.0319284340836686,0.0313120061645074,OAZ1,F,0.0222873627237108
chr20,9494838,9496625,1788,*,12,0.0025396891477367,0.00478128718786215,0.0318105762096461,0.00408370840712322,-0.029724887927856,0.000606646903185502,"LAMP5, RP5-1119D9.4",F,0.0222873627237108
chr1,47899667,47900320,654,*,6,0.00254205344465275,0.00482313485191005,0.0544315024121438,0.00798570922373849,-0.0644773000895638,-0.0355843221193543,FOXD2-AS1,F,0.0222873627237108
chr4,79696555,79697742,1188,*,7,0.00254556915675501,0.00745958272111125,0.048486838318887,0.00800747390168658,0.00872076850407223,0.00491568942563898,"BMP2K, RP11-109G23.3",F,0.0222873627237108
chr7,2563184,2563816,633,*,5,0.00254604577497258,0.00746702069984515,0.026086630675102,0.00790515504509523,-0.0390610349061395,-0.018406627540231,LFNG,F,0.0222873627237108
chr19,14676202,14676764,563,*,5,0.00255600540507246,0.00803993369746606,0.0348508456991747,0.00793759919560209,0.0113088304242658,0.00389275920703094,TECR,F,0.0222873627237108
chr1,12675777,12675968,192,*,2,0.00256031788265288,0.00659275595980622,0.0132622057327462,0.00673322292460692,-0.017761805113975,-0.0173427595576025,DHRS3,F,0.0222873627237108
chr14,61736525,61736580,56,*,2,0.00256137950859162,0.00428248316783844,0.0148572648413301,0.00545342745304913,0.0159411468513008,0.0126115377584836,PRKCH,F,0.0222873627237108
chr2,170683823,170684455,633,*,8,0.00257146865753448,0.00939083925105496,0.0459354555307779,0.00954965073362849,0.0232061998351469,0.00342650795487145,UBR3,F,0.0222873627237108
chr8,133772657,133773115,459,*,6,0.00257750759411507,0.00467494282866298,0.0473178710043699,0.00774141683986481,0.0439171576909807,0.0169992978195821,TMEM71,F,0.0222873627237108
chr17,80415469,80416629,1161,*,14,0.0025897113936443,0.0077630370910647,0.048486838318887,0.00896869225465428,-0.0948312685545562,-0.00369014289518524,"NARF, RP13-20L14.6",F,0.0222873627237108
chr15,42840397,42841522,1126,*,12,0.00260155362252854,0.00841812870795798,0.0630975294070989,0.00859497897599778,0.0132920310567783,0.00405278225544952,"HAUS2, LRRC57",F,0.0222873627237108
chr19,14072358,14073277,920,*,4,0.00260711550956579,0.00950066511113301,0.0227442706889923,0.00855611455045213,-0.010510223954151,-0.00347888312725192,RFX1,F,0.0222873627237108
chr3,171176909,171177320,412,*,3,0.00261440714495449,0.00907749820169761,0.0132622057327462,0.00807399746112987,0.0155657890779894,0.0118474208639484,TNIK,F,0.0222873627237108
chr5,126205009,126205081,73,*,3,0.00262226072389701,0.00393477698401678,0.017859778836762,0.00562947002182285,-0.0132514869599628,-0.0102523537069698,MARCH3,F,0.0222873627237108
chr3,62355319,62356323,1005,*,8,0.00262480564407909,0.0077015605144449,0.0530221323204936,0.00857868931139076,0.0197493490857707,0.00103589957957737,FEZF2,F,0.0222873627237108
chr2,95831296,95831943,648,*,6,0.00262688373570396,0.00700514396888883,0.052655802351244,0.00862131972933039,0.0158877843471462,0.00816681631816123,ZNF2,F,0.0222873627237108
chr17,58499300,58500186,887,*,9,0.00263737561193921,0.00366397441067229,0.0590161073352509,0.00783310190392338,-0.0210947162121681,-0.00615452525657954,"C17orf64, USP32",F,0.0222873627237108
chr1,25246854,25246922,69,*,2,0.00265238528224455,0.00497602527476261,0.0168452643710699,0.0062389651349716,0.0666469495480996,0.0467672185260415,RUNX3,F,0.0222873627237108
chr8,4439501,4439787,287,*,2,0.00265415956453562,0.00638615327917015,0.0139858783468429,0.00689884274385631,-0.0225894546697245,-0.0163443553637866,CSMD1,F,0.0222873627237108
chr16,30675634,30675880,247,*,3,0.00266440173611348,0.0100211833119152,0.018849510215244,0.00797297956142293,-0.0105382695652477,-0.00386701548347002,FBRS,F,0.0222873627237108
chr1,84944867,84945537,671,*,7,0.00266614084615352,0.00898656101053127,0.0291228842484065,0.00740391287374594,-0.0472264823571073,-0.000165366386368387,RPF1,F,0.0222873627237108
chr11,101454317,101455225,909,*,10,0.00266615449980458,0.00926874826455248,0.0329116127093052,0.00881984892466789,-0.0152972355138057,-0.00561260935975254,"RP11-748H22.1, TRPC6",F,0.0222873627237108
chr11,119455041,119455645,605,*,6,0.00266615449980458,0.00820129495385385,0.0175413815399542,0.00964607015711572,-0.0111140975716495,-0.00165371592908321,,F,0.0222873627237108
chr10,115441840,115442231,392,*,2,0.00266615449980458,0.0106059521797962,0.0118564782534789,0.00790650658527671,0.0461894026820034,0.0128017552981431,CASP7,F,0.0222873627237108
chr19,1254066,1254435,370,*,3,0.00266689885102698,0.00663535830509409,0.0164668015941568,0.00733565889996675,0.0306850930149215,0.0129520276223596,MIDN,F,0.0222873627237108
chr5,175955353,175956568,1216,*,6,0.00267369934017124,0.00410236543003571,0.0454544956049286,0.00574562424240327,0.0261393497114403,0.0106391029786146,RNF44,F,0.0222873627237108
chr17,79953908,79955171,1264,*,5,0.00267390285518346,0.00393477698401678,0.0346907248919744,0.00545574201214922,0.0204109376716976,0.0028891276539494,ASPSCR1,F,0.0222873627237108
chr17,59940447,59941132,686,*,9,0.00267859323536421,0.00970492674456418,0.0255255905701661,0.00866760506914567,0.0220571913744305,0.0136908525610334,BRIP1,F,0.0222873627237108
chr11,105947257,105948098,842,*,8,0.00268440336406395,0.00726941410801591,0.0926099289056684,0.01064172863171,0.0173369249250276,0.00657242958145667,"AASDHPPT, KBTBD3",F,0.0222873627237108
chr11,113934294,113934448,155,*,3,0.00268498086439665,0.0077015605144449,0.0130709264257955,0.00646885877851272,0.0351974460780024,0.0249956074141395,ZBTB16,F,0.0222873627237108
chr10,102045829,102046768,940,*,21,0.00268519084509678,0.00333704771512853,0.0674171105243642,0.00862131972933039,0.0344511419868731,0.0103472244796708,BLOC1S2,F,0.0222873627237108
chr6,151773689,151774260,572,*,5,0.00268692729500812,0.00832781962775228,0.0277692115829163,0.0100127300153252,0.0203447709705124,0.0110985504934899,C6orf211,F,0.0222873627237108
chr4,129730137,129731335,1199,*,10,0.00270417524331983,0.00803743006531805,0.0255160286866696,0.00762676044247056,0.0160306462448294,0.00401725889027322,JADE1,F,0.0222873627237108
chr6,168491618,168491649,32,*,2,0.00270786956112808,0.00526245030722718,0.0162592093685615,0.00646204319848124,0.0218685873904391,0.0128778611821413,,F,0.0222873627237108
chr12,109576929,109577383,455,*,2,0.00270975828550756,0.00517834199062249,0.0193625957942913,0.00653470149602472,0.0119183181805796,0.00506710713860148,ACACB,F,0.0222873627237108
chr7,155172997,155173032,36,*,2,0.00271188875556849,0.00490555931511541,0.0145225155059305,0.005950054557616,0.00889708741391276,0.0075629263694378,,F,0.0222873627237108
chr16,1818428,1818819,392,*,3,0.00272061887436086,0.00688073109129195,0.0178285370993546,0.00733565889996675,0.0255393283186964,0.0131070573767621,MAPK8IP3,F,0.0222873627237108
chr2,27371537,27372132,596,*,9,0.00272594624436053,0.00544294104350262,0.0239496373036597,0.00810711861067621,0.0383388113880903,0.00554461751057845,TCF23,F,0.0222873627237108
chr1,45241523,45242356,834,*,6,0.00272594624436053,0.0069857251287643,0.0418929642589894,0.0104077490179395,0.018035178534776,0.00660495220465396,"RPS8, SNORD55, SNORD46",F,0.0222873627237108
chr7,5567862,5568411,550,*,3,0.00273992449475127,0.00377367080801366,0.0237945221824619,0.00572843370280021,0.0392990119937491,0.0298827421490408,ACTB,F,0.0222873627237108
chr14,101448585,101449311,727,*,2,0.00274000141612199,0.00764523354520819,0.028559219512738,0.00903633674022568,-0.0334221117849085,-0.0144038970212172,"RP11-909M7.3, SNORD114-22",F,0.0222873627237108
chr2,32502341,32502699,359,*,3,0.00276095715639732,0.00497602527476261,0.0164668015941568,0.00573386258462343,-0.0228351487973518,-0.00785269445036811,,F,0.0222873627237108
chr11,114165661,114165730,70,*,3,0.00277286316205354,0.00751290380962609,0.0132964653100351,0.00737447505650131,-0.0147900279618032,-0.00626328376553286,"NNMT, RP11-64D24.2",F,0.0222873627237108
chr3,142681996,142683329,1334,*,9,0.00279294342369522,0.0104350590961644,0.0410343988282558,0.00783310190392338,-0.0336169911018986,0.000996201845615892,"RP11-372E1.6, PAQR9",F,0.0222873627237108
chr9,117692745,117693010,266,*,3,0.00279294342369522,0.00686492416468186,0.0138425532435755,0.00662552901169881,0.0188422411245483,0.0106600362446134,,F,0.0222873627237108
chr4,57773768,57774717,950,*,10,0.00280571351679483,0.00902509663490242,0.0364929529402089,0.00683251469635101,0.019844259867847,0.00936793443274642,REST,F,0.0222873627237108
chr3,196218730,196218811,82,*,3,0.00281414584336323,0.00578456831758485,0.0188198151436125,0.00694696534185092,-0.0163796488411866,-0.0120090988388903,RNF168,F,0.0222873627237108
chr4,148538343,148538954,612,*,8,0.00282340309952956,0.0089728500450655,0.0631770560059154,0.010639073236147,0.0101651325308975,0.00381978656336725,"TMEM184C, RP11-425A23.1",F,0.0222873627237108
chr3,16645732,16646058,327,*,4,0.00284429660368815,0.00818381741091259,0.0292009050750073,0.00893388807765413,-0.019386835169072,-0.0106306822474354,DAZL,F,0.0222873627237108
chr18,77206969,77207537,569,*,3,0.00285462079703009,0.00645168894245468,0.0221110949150491,0.00733938657867084,0.0106437701627115,0.00711039043616113,NFATC1,F,0.0222873627237108
chr2,112917127,112917424,298,*,4,0.00285679363498851,0.00973886895482932,0.0194748056770569,0.0081617461214449,0.0202008388562011,0.00282813334559812,FBLN7,F,0.0222873627237108
chr9,135996055,135997830,1776,*,6,0.00286521248590048,0.00511226947842331,0.0163456611616499,0.00541785909393235,-0.0535102023470182,-0.0142058914586322,RALGDS,F,0.0222873627237108
chr6,26537479,26538671,1193,*,13,0.00287127922426041,0.00692022270727635,0.0536995469721654,0.00816233187188913,0.0150884517935329,0.00739939491092289,HMGN4,F,0.0222873627237108
chr3,192634002,192634364,363,*,5,0.00287444014858847,0.00619118413085311,0.0440023180213632,0.00701863479011689,-0.0236380093816642,-0.00895968518503818,MB21D2,F,0.0222873627237108
chr17,46697700,46699155,1456,*,7,0.00288357048517811,0.00176973620827289,0.0585063003379209,0.00513262590830836,0.0255808631411417,-0.00105869274313116,"HOXB7, HOXB9",F,0.0222873627237108
chr2,232326342,232326668,327,*,2,0.00288940886327359,0.00464937450974429,0.0156532010750855,0.00584422049855776,0.0466747189932243,0.0307923126881698,NCL,F,0.0222873627237108
chr10,8084340,8084742,403,*,2,0.00289691146574703,0.00470502868998476,0.0181244643264911,0.00609506837620194,0.0185757479509286,0.0144650749652533,,F,0.0222873627237108
chr11,55797626,55798206,581,*,3,0.00290631319859599,0.00983867300665798,0.0132622057327462,0.00829283559153749,-0.0285888392879725,-0.0145496820707554,OR5AS1,F,0.0222873627237108
chr22,40814431,40815101,671,*,4,0.0029135260161667,0.00393477698401678,0.0360561772733073,0.00615213519039912,0.0385288361230822,0.0181243503655238,MKL1,F,0.0222873627237108
chr10,112289853,112290331,479,*,7,0.00292589030669835,0.00393477698401678,0.0536240509612146,0.00706281910515125,-0.0287020908679277,-0.0106586507831683,,F,0.0222873627237108
chr3,169529701,169530037,337,*,4,0.00292924904542903,0.00501938362295961,0.0467410437063124,0.00807399746112987,-0.0123268946431428,-0.00125390307041911,LRRC34,F,0.0222873627237108
chr7,49811192,49811765,574,*,3,0.00294943130999533,0.00562943361746036,0.0306134788443226,0.00763519289679162,0.0133115509112832,0.00113539171250998,,F,0.0222873627237108
chr5,71852464,71852862,399,*,3,0.00294943130999533,0.00439102665091315,0.0256140775600713,0.00633470907373374,0.0131264006731347,0.00939902697353001,,F,0.0222873627237108
chr20,60719442,60719824,383,*,5,0.00295918827307082,0.00655356089910966,0.0371638310446063,0.00818695870374463,0.0111373696245768,0.00136651152305995,SS18L1,F,0.0222873627237108
chr12,132840868,132841141,274,*,2,0.00296288637019346,0.00823464621081486,0.0139966214325407,0.00815574496825358,-0.00885285696059701,-0.00245870807030152,GALNT9,F,0.0222873627237108
chr9,139254189,139254689,501,*,2,0.00297146141311476,0.00873717284514008,0.0138794694307532,0.00829283559153749,0.00690830002191678,0.00633761628107168,DNLZ,F,0.0222873627237108
chr8,29209379,29210592,1214,*,6,0.00297155735384045,0.00819098857079431,0.0204523753832512,0.00733565889996675,-0.0284951419418118,-0.0128786658136676,RP4-676L2.1,F,0.0222873627237108
chr16,2809774,2810375,602,*,4,0.00297465810521776,0.00803743006531805,0.0208366153625743,0.00815574496825358,0.0127284049410936,-0.000495975254412889,SRRM2,F,0.0222873627237108
chr6,130340360,130342630,2271,*,13,0.00297840788290191,0.00683784248502275,0.0386426358275047,0.00498969115721626,0.0204263083933313,0.0062830672311296,L3MBTL3,F,0.0222873627237108
chr12,69080414,69081084,671,*,11,0.00298617921273653,0.00862378423926156,0.0619511525544517,0.00909303638102984,0.0274695384248679,0.00846717124553412,"NUP107, RP11-637A17.2",F,0.0222873627237108
chr1,54872721,54873359,639,*,5,0.00298789948683984,0.00973886895482932,0.0217049539052212,0.0080854277773872,0.00944617319292171,0.00502517925246265,SSBP3,F,0.0222873627237108
chr1,211306986,211307839,854,*,8,0.00299194999396159,0.00336801914560968,0.0849256228509704,0.00800747390168658,0.0166248432618772,0.00279859201056921,KCNH1,F,0.0222873627237108
chr17,72829938,72830151,214,*,2,0.00299982919455395,0.00439508123898163,0.0168577778922898,0.00573386258462343,0.0170069911524141,0.0136371248237755,TMEM104,F,0.0222873627237108
chr15,68126065,68126554,490,*,4,0.00300361508276574,0.0106414775889858,0.0284818788720041,0.00843204121253261,-0.011139671770573,-0.000121402103384733,"SKOR1, RP11-34F13.3",F,0.0222873627237108
chr4,154144462,154144800,339,*,2,0.00301077922888488,0.00603225185352744,0.0136340723527492,0.00646885877851272,-0.0313325955182551,-0.0196378102306513,TRIM2,F,0.0222873627237108
chr3,42642146,42642776,631,*,5,0.0030150748282559,0.00488411299486621,0.0491954815479838,0.00753790727508095,0.010627525066486,0.00430032932085535,"NKTR, SEC22C",F,0.0222873627237108
chr5,179285191,179286415,1225,*,13,0.00302812736220963,0.00929862462877052,0.0532032672254517,0.00928851312303044,0.010091453023396,0.00453911616518386,"CTC-241N9.1, C5orf45",F,0.0222873627237108
chr13,114881194,114881968,775,*,7,0.00302940287229777,0.00989964362473218,0.0308553116270674,0.00926898023865512,-0.0237044914807151,-0.00607394768861655,RASA3,F,0.0222873627237108
chr12,322214,323242,1029,*,13,0.0030303042567389,0.00584972986571287,0.0871708680970438,0.00856357535267817,0.0332202132294814,0.000899232037066131,SLC6A12,F,0.0222873627237108
chr12,133134938,133135698,761,*,4,0.00303268641572346,0.00584019799027316,0.0354978978073389,0.0075077556863107,0.0101511383667969,0.00530327609954851,FBRSL1,F,0.0222873627237108
chr7,100465833,100466241,409,*,2,0.00303648062442941,0.00464937450974429,0.0170826614909686,0.0059633712318887,-0.0142538994279113,-0.009508666546726,TRIP6,F,0.0222873627237108
chr2,228736135,228737243,1109,*,9,0.00304943716146463,0.00803743006531805,0.0480325491928277,0.00928851312303044,-0.0135324794890396,-0.00419583800309518,DAW1,F,0.0222873627237108
chr3,18480242,18480297,56,*,2,0.00306993005276267,0.00511656573502288,0.0136441385691954,0.00584422049855776,0.0586283271683387,0.0473585213721151,"TBC1D5, SATB1",F,0.0222873627237108
chr22,42949946,42950376,431,*,2,0.00307421158013912,0.00981922667557377,0.0285488654581623,0.0108408813803216,0.0188503600513196,0.00568996985191839,SERHL2,F,0.0222873627237108
chr12,103696209,103696381,173,*,2,0.00308003560276812,0.00450810047983388,0.0166994941339419,0.00579813960360115,-0.0303246627932373,-0.0245665288263084,C12orf42,F,0.0222873627237108
chr14,74178976,74179953,978,*,4,0.00308421978465117,0.00803743006531805,0.0220006290126299,0.00783310190392338,-0.0197500865563115,-0.0048314086804425,PNMA1,F,0.0222873627237108
chr1,114521572,114522670,1099,*,6,0.00309939217799106,0.00577276995321183,0.0541166407001842,0.00838077373834454,-0.0312956610045708,-0.0141728699721752,OLFML3,F,0.0222873627237108
chr1,1689887,1690840,954,*,3,0.00310631078142197,0.0062271473315393,0.0157255341588293,0.00611485169554667,-0.0385520607887945,-0.0039540420221932,NADK,F,0.0222873627237108
chr6,27880822,27881242,421,*,3,0.0031261889023338,0.00694595691291312,0.0163158636382436,0.00800747390168658,-0.0134372306589913,-0.0093769856734354,,F,0.0222873627237108
chr19,58912724,58913158,435,*,3,0.00314372198245497,0.00717824621297958,0.0190587188505298,0.00783310190392338,0.0242964073971073,0.0128046971813886,ZNF584,F,0.0222873627237108
chr19,40931262,40932276,1015,*,11,0.00314620462103685,0.00720812532563842,0.0790216055061448,0.00783310190392338,0.0227722413280151,0.00852897950834436,SERTAD1,F,0.0222873627237108
chr1,11968589,11968979,391,*,2,0.00314759460893535,0.0104432001374864,0.0122403633470174,0.00814326338240409,0.018851772639632,0.0128682969753519,,F,0.0222873627237108
chr19,17283478,17283811,334,*,4,0.00315339165505091,0.0101224162814883,0.0148479068566351,0.00762963715293683,0.0118889829191019,0.00404448625745163,MYO9B,F,0.0222873627237108
chr8,126963507,126964551,1045,*,3,0.00315450068340643,0.00243149320110549,0.0251558855707592,0.00423790962747317,0.021018149366845,0.00676420380875902,SOD1P3,F,0.0222873627237108
chr16,70558055,70558200,146,*,3,0.00316178803699569,0.00488797788998716,0.0330468672209341,0.00715630417015223,0.0187644619105818,0.0127443664625476,SF3B3,F,0.0222873627237108
chr13,52979688,52980671,984,*,8,0.00317095442515217,0.00619736976136803,0.0493773551218654,0.00612657825950916,0.0168683674356109,0.00309162199899375,THSD1,F,0.0222873627237108
chr6,156983263,156983315,53,*,2,0.00317415418936597,0.00447089797587844,0.0172756172730674,0.00579813960360115,-0.0568319609189917,-0.0278925011690543,RP11-230C9.1,F,0.0222873627237108
chr13,114889950,114891224,1275,*,8,0.00317807654448842,0.00439102665091315,0.0297857208583454,0.00635090823873036,0.0469271010845346,0.00227563844447774,RASA3,F,0.0222873627237108
chr1,85512957,85513892,936,*,7,0.00318271765133115,0.00671409307620592,0.0270835500661451,0.00816485800090156,-0.0187389096808918,-0.00842023136744304,"WDR63, MCOLN3",F,0.0222873627237108
chr21,43429161,43429280,120,*,2,0.00318650153690499,0.00954518343159625,0.012904171888162,0.00815414463036741,0.00765942745152404,0.00286345202835856,ZBTB21,F,0.0222873627237108
chr12,1025529,1026392,864,*,7,0.0031897522535625,0.00744802276654184,0.0353401297760055,0.00798650508364949,-0.0164551207647788,-0.00472631670584354,RAD52,F,0.0222873627237108
chr20,7999698,8000706,1009,*,11,0.00319766870184461,0.00526545123227687,0.055642717534662,0.0075697495052468,0.0125344174687841,0.00557549885822013,"RP5-971N18.3, TMX4",F,0.0222873627237108
chr2,170219405,170221346,1942,*,10,0.00320583047835233,0.00426373344106072,0.0520506718755892,0.00616137040010198,0.0126616816630524,0.00713454163874246,,F,0.0222873627237108
chr1,167190990,167191768,779,*,3,0.00321769933821067,0.00758933259921888,0.0206133470325118,0.00843204121253261,0.00879689472829234,0.00438540792360682,POU2F1,F,0.0222873627237108
chr1,228296932,228297275,344,*,8,0.00322738323482302,0.0081133233053889,0.0255160286866696,0.00963337678714098,0.00900074821576005,0.00332531535523257,MRPL55,F,0.0222873627237108
chr11,2309109,2309813,705,*,3,0.00323477156401697,0.00597703169491865,0.0322545300850453,0.00813412476040169,-0.0227332898436369,-0.00379792680701041,,F,0.0222873627237108
chr19,50733985,50734287,303,*,3,0.00323779423507701,0.00439102665091315,0.0255786091059097,0.00612657825950916,0.0221821629377716,0.0137920214817483,MYH14,F,0.0222873627237108
chr7,90894352,90894714,363,*,2,0.00323845986807694,0.0081802917078379,0.0140871088640329,0.00815574496825358,-0.0148092066734125,-0.0121307276326511,FZD1,F,0.0222873627237108
chr2,220377593,220377885,293,*,4,0.00324549250597985,0.0073851379988042,0.027064882043009,0.0092569529340747,-0.0168791312221351,-0.00452060834348949,AC053503.11,F,0.0222873627237108
chr17,46691820,46693336,1517,*,14,0.00324882653010615,0.00600083503737613,0.090777271602394,0.00814024064096036,-0.0191324619767089,0.000142279357377357,"HOXB7, HOXB8",F,0.0222873627237108
chr16,71792305,71792711,407,*,2,0.00325326813615159,0.00678617860801555,0.0153542714479591,0.00759829868563267,-0.0132047887685289,-0.00838492780371514,"AP1G1, SNORD71",F,0.0222873627237108
chr11,58345226,58345717,492,*,9,0.00325869710976152,0.00727332485524105,0.046236590166193,0.00834569483228236,0.0151274290997935,0.00971987638576896,LPXN,F,0.0222873627237108
chr8,124284176,124285055,880,*,5,0.00329579740414461,0.00727124869055751,0.0298872733881126,0.00707132199882199,-0.0256776510551575,-0.010810660728385,ZHX1,F,0.0222873627237108
chr3,38080203,38081186,984,*,8,0.00329916155718791,0.00709050639483223,0.0439537240928514,0.00911041146786464,0.0449373746592172,0.0146830825669971,DLEC1,F,0.0222873627237108
chr1,2253813,2254245,433,*,3,0.00330580727715576,0.00985033002310453,0.0157826625346477,0.00829283559153749,0.0125811909610314,0.00198125603353289,MORN1,F,0.0222873627237108
chr12,121686502,121686604,103,*,2,0.00330580727715576,0.00544294104350262,0.0152799064524162,0.00644913279499073,0.0195121136763413,0.0138243826579921,CAMKK2,F,0.0222873627237108
chr22,42342938,42343915,978,*,8,0.00330654949546689,0.00863009831868442,0.0684262941627862,0.00921449057266677,-0.00864067020562842,0.000134805910551465,CENPM,F,0.0222873627237108
chr11,94474371,94474755,385,*,3,0.00330690709347423,0.00428248316783844,0.0319026065658998,0.00640163017350447,0.0137691952261341,0.00565939058163768,AMOTL1,F,0.0222873627237108
chr16,3614600,3614909,310,*,2,0.00331092093713004,0.0101224162814883,0.0119421690000001,0.00783310190392338,0.00477850716187722,0.00431705701014756,NLRC3,F,0.0222873627237108
chr7,148937111,148937410,300,*,3,0.00331184483855947,0.00633630608570652,0.0157552243459595,0.00689884274385631,0.00816057564708458,0.00329227006704765,ZNF212,F,0.0222873627237108
chr3,88050165,88050264,100,*,2,0.00331304112410927,0.00561811233782662,0.0169607196585721,0.00680420684994172,-0.0172256313218023,-0.0138923706628686,,F,0.0222873627237108
chr8,110656982,110657539,558,*,6,0.00332240792073987,0.00678755456904466,0.03372230327795,0.00809115483726308,-0.0103444752847825,0.00089316699295003,"RP11-422N16.3, SYBU",F,0.0222873627237108
chr2,46465,46558,94,*,2,0.00332779550993303,0.00918972193422388,0.0158727074976514,0.0092334155822893,-0.0200401463901496,-0.0138913652949151,FAM110C,F,0.0222873627237108
chr16,475440,475948,509,*,5,0.00332976543991948,0.00953946415967267,0.0165204538425159,0.00933315128846005,0.00498207655662069,0.00174934929142153,RAB11FIP3,F,0.0222873627237108
chr12,119771257,119771596,340,*,2,0.00338335558126832,0.00785863573610647,0.0144624156117429,0.00810203412623431,-0.0275162590998643,-0.0241924114426236,,F,0.0222873627237108
chr19,6740812,6741181,370,*,6,0.00338498999388434,0.0103030502365467,0.0338510076372501,0.00862131972933039,-0.0324223830413728,-0.00908800673723356,TRIP10,F,0.0222873627237108
chr21,38738374,38739180,807,*,5,0.00338634229647182,0.00799994869254472,0.0311656290328305,0.00820284081272289,0.0150382405771357,0.00660206291794876,DYRK1A,F,0.0222873627237108
chr3,46735315,46735801,487,*,8,0.00339682419210097,0.00980732760983039,0.0226007049431361,0.00898069899362248,0.0141635491264359,0.00106895528532562,,F,0.0222873627237108
chr17,53498169,53498426,258,*,2,0.0033974239465654,0.00846742847693059,0.0136441385691954,0.00809115483726308,0.0163556091203045,0.0120124645383454,MMD,F,0.0222873627237108
chr2,201981814,201982439,626,*,6,0.00339775139560631,0.00855794765424323,0.0457699018774481,0.00914719040059893,0.0127496697096432,0.00936272910795118,CFLAR,F,0.0222873627237108
chr12,14955832,14956701,870,*,13,0.00339803855631486,0.00991656205305741,0.0243046501131705,0.00879913852615413,0.0150683121582668,0.00793426596122254,"C12orf60, WBP11",F,0.0222873627237108
chr20,62197219,62198014,796,*,3,0.00339882200376022,0.00590139403262625,0.0352411851497067,0.00815574496825358,0.0060285004004571,0.00299581734178493,HELZ2,F,0.0222873627237108
chr6,150390624,150390894,271,*,2,0.00341465274952656,0.00736604748274578,0.0269065911172183,0.00870216196143204,-0.0158786350806819,-0.0143642378018911,,F,0.0222873627237108
chr10,79793353,79794011,659,*,11,0.00342232849321886,0.0101224162814883,0.0404746637406383,0.0108050955095155,0.033274997427221,0.0172119201887935,RPS24,F,0.0222873627237108
chr12,122459934,122460473,540,*,4,0.00342385429291948,0.0081133233053889,0.0489126898980752,0.0106553782073888,0.0081524940199352,0.00562480472588638,BCL7A,F,0.0222873627237108
chr1,39570175,39570747,573,*,3,0.0034278648368945,0.0081133233053889,0.0154911990378167,0.00829635956389518,-0.0268363808136644,-0.00674937618271559,MACF1,F,0.0222873627237108
chr6,133851427,133851542,116,*,3,0.00342923531261482,0.0102215235489976,0.0122403633470174,0.0081617461214449,-0.0117318377401642,-0.00484429236455919,"EYA4, RP3-323P13.2",F,0.0222873627237108
chr13,113344745,113345187,443,*,3,0.0034432013274303,0.00630258708329999,0.0383432547160057,0.00859497897599778,0.0113378112460686,0.00491394619283893,ATP11A,F,0.0222873627237108
chr14,90848892,90849342,451,*,2,0.00344751327423458,0.00657548762925704,0.0160676064754086,0.00753790727508095,0.0164188675415976,0.00827779775079133,,F,0.0222873627237108
chr17,79423649,79423959,311,*,2,0.00345442701825312,0.00727124869055751,0.0143058797227726,0.00768731556548782,-0.0346896271464039,-0.0141905329461798,RP11-1055B8.7,F,0.0222873627237108
chr7,83823911,83824481,571,*,8,0.00345890228323457,0.00386105746239714,0.0480888393200195,0.0074414906091255,0.0283042074556417,0.00910234730018131,SEMA3A,F,0.0222873627237108
chr4,146095813,146096074,262,*,3,0.00345890228323457,0.00776907085550751,0.022819087210878,0.00793759919560209,-0.0110563001911382,-0.00598528525592597,OTUD4,F,0.0222873627237108
chr20,33103246,33104576,1331,*,13,0.00347130398247957,0.00707533418151849,0.0633167579542569,0.00798000025682138,0.0111396398741849,0.00306033439479266,DYNLRB1,F,0.0222873627237108
chr16,86604522,86604854,333,*,2,0.00347309171571706,0.00686492416468186,0.0171768040478244,0.00796942340228443,-0.0158065585943745,-0.0134429451164829,,F,0.0222873627237108
chr4,37892962,37893355,394,*,3,0.00349259502316728,0.00819098857079431,0.0135570347422202,0.00788719163163167,0.011336923873164,0.00580889288882002,TBC1D1,F,0.0222873627237108
chr2,45496827,45497191,365,*,2,0.00349333550021002,0.00801267630828324,0.0141243606082874,0.00807399746112987,-0.0138608730728654,-0.00715327625043066,LINC01121,F,0.0222873627237108
chr6,20533952,20534796,845,*,14,0.00349466753219741,0.00546889666834253,0.10206098747909,0.00863973618229585,0.0295268502506901,0.013999348664274,CDKAL1,F,0.0222873627237108
chr19,17000585,17001305,721,*,5,0.00351277143374205,0.00652006112264322,0.0444020762667593,0.00843204121253261,0.0148299890265523,0.00553227168114086,F2RL3,F,0.0222873627237108
chr11,31846414,31847173,760,*,7,0.00351672855709252,0.0081276451724688,0.0332743954771728,0.00927916883448986,-0.0215574679818232,-0.010682306570909,RCN1,F,0.0222873627237108
chr16,1255917,1256295,379,*,2,0.00351672855709252,0.00674989402303038,0.0136527001453296,0.00695516893631614,0.0229342199608004,0.0151882948215819,CACNA1H,F,0.0222873627237108
chr11,19224117,19224659,543,*,3,0.00351787456411647,0.00985529581648992,0.0162485825973341,0.00862131972933039,-0.013877841964225,-0.00176140445660085,"RP11-428C19.4, CSRP3",F,0.0222873627237108
chr6,31702915,31703503,589,*,4,0.00352686703219024,0.00951867620502023,0.035299091510455,0.0103553446056208,0.0105057659698233,0.0055466642804257,CLIC1,F,0.0222873627237108
chr6,32712930,32713044,115,*,2,0.00353122638150508,0.010515621437423,0.0126492549245726,0.00828122716735818,0.0048978720176095,0.000529507024504994,HLA-DQA2,F,0.0222873627237108
chr6,124123898,124124275,378,*,4,0.00354038495978076,0.00818381741091259,0.0230194639632285,0.00933470078435854,0.00656105796760655,0.00285320268085182,,F,0.0222873627237108
chr17,20989155,20989320,166,*,2,0.00354798979529289,0.00632367796552354,0.0152622909881793,0.00718810220311927,-0.048217833759567,-0.0347847509154727,AC087393.1,F,0.0222873627237108
chr3,61728795,61728802,8,*,2,0.00357426306031571,0.0081133233053889,0.0118198039272582,0.00681708247597869,0.039712641404552,0.0162343035029052,PTPRG,F,0.0222873627237108
chr2,239049550,239050088,539,*,4,0.00357903130599591,0.00748410417431128,0.0262202647507734,0.00810711861067621,0.0147584321388317,0.00964322551155849,KLHL30,F,0.0222873627237108
chr17,78856246,78856675,430,*,3,0.00358903529493991,0.00746015893923364,0.0376931413279767,0.00951092677842195,-0.0162117805232035,-0.012993062795816,RPTOR,F,0.0222873627237108
chr7,1753396,1753909,514,*,7,0.00359011584161062,0.0101579510064198,0.047897454982207,0.0112476027675525,0.0191966436619609,0.000940777002722659,ELFN1,F,0.0222873627237108
chr5,131825644,131825865,222,*,2,0.00359048510227411,0.0101224162814883,0.0203887889446097,0.0105145843473151,0.0191256650622456,0.0107110527904376,IRF1,F,0.0222873627237108
chr14,21493964,21494547,584,*,7,0.00359407287540743,0.00881734636792795,0.0372828018841487,0.00940893680924318,-0.0224878776501165,-0.0110152901521616,"TPPP2, AL161668.5, NDRG2",F,0.0222873627237108
chr5,1884212,1884513,302,*,3,0.00359407287540743,0.0104121286130715,0.0166732081092382,0.00928538235120914,0.0134831998208065,0.00326234774620705,"CTD-2194D22.3, IRX4",F,0.0222873627237108
chr6,31711701,31712014,314,*,6,0.00360228244383638,0.00832781962775228,0.0141934982929194,0.0090418947780804,-0.00811687448688736,-0.00341384671505361,"MSH5, MSH5-SAPCD1",F,0.0222873627237108
chr14,37666810,37667230,421,*,6,0.00361414588435786,0.0093999151120821,0.0290774233264778,0.00934128875931831,0.0138789568891066,-0.000804704566187397,MIPOL1,F,0.0222873627237108
chr2,203103432,203103763,332,*,5,0.00362330714090678,0.00924468992226059,0.0323623467482184,0.00859497897599778,0.0170526917688201,0.00588868330749197,,F,0.0222873627237108
chr5,172196153,172196746,594,*,2,0.00362664023441824,0.00907749820169761,0.0166577790546073,0.00930401755262127,-0.00940329284685093,-0.00880159412155279,"RP11-779O18.3, DUSP1",F,0.0222873627237108
chr22,30935971,30936190,220,*,2,0.00362794013975212,0.00885441672854048,0.0121837754920947,0.00738666046093964,0.0177561091282945,0.0043835095709257,SEC14L6,F,0.0222873627237108
chr1,174417175,174417375,201,*,2,0.00363809209044387,0.00834747564625411,0.0138794694307532,0.00815574496825358,-0.020137474565421,-0.015702028625462,"RABGAP1L, GPR52",F,0.0222873627237108
chr6,32202748,32202844,97,*,2,0.00364288112605963,0.00600640112895551,0.0132622057327462,0.00635006363909465,0.0348044853676822,0.0171450005652012,,F,0.0222873627237108
chr5,172750923,172751331,409,*,4,0.00364344047847155,0.00416351951106322,0.0424743731751278,0.00681708247597869,0.0215456840024173,0.011601408015065,STC2,F,0.0222873627237108
chr7,39988923,39989867,945,*,8,0.00364364852492989,0.00490645437994507,0.0663853764824154,0.00754374788930571,-0.0058276703008867,0.00219611127215995,"CDK13, RP11-467D6.1",F,0.0222873627237108
chr20,44451667,44451973,307,*,4,0.00364736657738762,0.00410449253558256,0.0445465955203926,0.00689884274385631,0.00779322726219683,0.00276698081373197,TNNC2,F,0.0222873627237108
chr14,105635081,105635239,159,*,3,0.00365239341995044,0.00683051414929375,0.021555328847149,0.00818695870374463,0.00694325695805721,0.00424134931250659,"JAG2, RP11-44N21.4",F,0.0222873627237108
chr7,2191228,2191763,536,*,2,0.00366220667759041,0.00571578659117373,0.0186050341334582,0.00694696534185092,-0.00920934680935448,-0.00904092971070619,MAD1L1,F,0.0222873627237108
chr2,38829076,38829176,101,*,3,0.00367123189061067,0.00568321484308149,0.03319840090818,0.00794216434063787,0.0255075964694738,0.0131180974217339,"AC011247.3, HNRNPLL",F,0.0222873627237108
chr2,74709666,74710227,562,*,5,0.00367558780362544,0.00988501801104845,0.0404831539635286,0.0100566994559333,0.00807017191103011,0.00352996713399089,"TTC31, CCDC142",F,0.0222873627237108
chr18,29598296,29599124,829,*,8,0.00368410075450258,0.00838882637875227,0.0557331471671651,0.0101898679864383,0.0125183686917823,0.00454656297505338,"RNF125, RP11-53I6.2",F,0.0222873627237108
chr1,9664205,9664890,686,*,6,0.00370716476687809,0.00849184722919201,0.0274903384099118,0.00893388807765413,0.012706526959536,-0.00381928515058694,TMEM201,F,0.0222873627237108
chr7,155258253,155258411,159,*,3,0.00370787336814891,0.00482564252202806,0.0209693146672121,0.00645148757058368,0.0140792753205226,0.0059631253407411,,F,0.0222873627237108
chr1,156783791,156784152,362,*,5,0.00371333288016403,0.00751290380962609,0.0357078722224629,0.00896869225465428,0.0177665532131651,0.00389396789986274,SH2D2A,F,0.0222873627237108
chr20,17549599,17549955,357,*,5,0.00372100741223432,0.00770856293412101,0.0303659978125649,0.00860699847547149,-0.0402902607911228,-0.0104345399095658,BFSP1,F,0.0222873627237108
chr7,150525013,150525449,437,*,2,0.00373306668723252,0.00877898280395351,0.014067528067248,0.00845703993789187,0.0182185043573688,0.00414330797225226,AOC1,F,0.0222873627237108
chr19,44555960,44556485,526,*,5,0.00373573320726672,0.00359389517968634,0.0449079748622274,0.00615463569437856,-0.00964945934309666,0.000714509793667417,"ZNF223, ZNF223",F,0.0222873627237108
chr8,41503840,41505495,1656,*,13,0.00373707202559627,0.00439508123898163,0.0459404360850955,0.00548881360928893,0.0217622800421838,0.0085862191595733,NKX6-3,F,0.0222873627237108
chr4,156680769,156681475,707,*,4,0.00374262895586588,0.00445134396292699,0.0303895152135553,0.00658970258019185,-0.0275969645578129,-0.0121422723372585,GUCY1B3,F,0.0222873627237108
chr5,170221919,170221963,45,*,2,0.00374981397415058,0.00836968185212987,0.0127861596266558,0.00753790727508095,-0.025841521369296,-0.0151022552574826,GABRP,F,0.0222873627237108
chr6,29621375,29621467,93,*,3,0.00375612493235273,0.00796829631345315,0.019354704326152,0.00730467205648043,0.0329010740444856,0.0245041674066027,,F,0.0222873627237108
chr10,72163475,72163983,509,*,6,0.00375654520400342,0.00876286402131006,0.018328238926683,0.00893189653160139,0.0180344217183516,0.0065032208952149,,F,0.0222873627237108
chr10,74869770,74870311,542,*,3,0.00375939136217769,0.00517807935979483,0.0354542318946161,0.00755062484544557,-0.00962589721054941,-0.0015260743970935,NUDT13,F,0.0222873627237108
chr22,21133553,21133973,421,*,2,0.00376699028040119,0.00633946704877584,0.0153884936427576,0.00725513471362381,-0.00919612940036774,-0.0042973758879577,"SERPIND1, PI4KA",F,0.0222873627237108
chr11,124629580,124629925,346,*,3,0.00377061511389349,0.0095131942353608,0.0199162823520126,0.00829283559153749,-0.0266942761473251,-0.0195687938652411,"RP11-677M14.3, ESAM",F,0.0222873627237108
chr11,824777,824970,194,*,2,0.00377382476869271,0.00734832569468622,0.0132622057327462,0.00728682814478061,0.00829407986281061,0.00789811590462752,"PNPLA2, AP006621.8",F,0.0222873627237108
chr16,8223276,8223313,38,*,2,0.0037904718171655,0.00482564252202806,0.0179155264648304,0.00615213519039912,0.0159452661686463,0.00247007728334498,,F,0.0222873627237108
chr16,31106785,31107370,586,*,3,0.00379227459665617,0.00511226947842331,0.0172120176040958,0.00654962754807449,-0.00993988417024683,-0.00279374252867971,VKORC1,F,0.0222873627237108
chr6,28092048,28092420,373,*,9,0.00379243307834055,0.00583474724462085,0.0645777872370882,0.00853509386662178,0.0115382055110586,0.00633872415507128,"ZSCAN16, ZSCAN16-AS1",F,0.0222873627237108
chr12,6745057,6745568,512,*,6,0.0038065403196314,0.00720812532563842,0.0402633663088825,0.00862376585007536,0.0470925437109703,0.0225355084158565,LPAR5,F,0.0222873627237108
chr21,46237385,46238210,826,*,4,0.00381769824170097,0.00591123709848826,0.0337519831104594,0.00751139077106908,-0.0289507368671084,-0.00425079589703356,SUMO3,F,0.0222873627237108
chr19,30717217,30719149,1933,*,8,0.00382128480194945,0.00943616403610626,0.0280124229801882,0.00584422049855776,-0.020378569426812,-0.000866625019520423,AC005597.1,F,0.0222873627237108
chr4,2813458,2813724,267,*,3,0.00382451149254684,0.00643115266918452,0.0240807197984298,0.00797297956142293,0.00994823443201877,0.00974365640249168,SH3BP2,F,0.0222873627237108
chr4,154169814,154170822,1009,*,7,0.00382760643851906,0.00667919590443982,0.0138794694307532,0.00548881360928893,0.0140349478984439,0.00501549302268899,TRIM2,F,0.0222873627237108
chr7,2959067,2959121,55,*,3,0.00382760643851906,0.00706959160320951,0.0249621624587309,0.00861702194307157,0.00400051293800963,-0.000256913927574135,CARD11,F,0.0222873627237108
chr16,77270057,77270312,256,*,3,0.00383649977986291,0.0054980696187481,0.0230194639632285,0.00689884274385631,0.00948273258404909,0.00822345089852864,"RP11-538I12.3, RP11-538I12.2",F,0.0222873627237108
chr2,3699195,3699563,369,*,5,0.00383871201275302,0.00450810047983388,0.0637934308241203,0.00813412476040169,-0.0164490411618936,-0.0117723013063825,,F,0.0222873627237108
chr10,88295210,88295591,382,*,4,0.0038568963362013,0.00657659304678871,0.0422096333593305,0.0082988901428787,-0.0450860866000452,-0.0227261325353941,,F,0.0222873627237108
chr11,46366419,46367100,682,*,8,0.00387841429112184,0.0106892682639699,0.058422471673987,0.00833481932891676,-0.0571872045985319,-0.0371764902060426,DGKZ,F,0.0222873627237108
chr15,34875825,34876471,647,*,8,0.00388572906324933,0.00838882637875227,0.0608709859116205,0.00983568612658748,0.0119061135319776,0.00187844225699098,"GOLGA8A, GOLGA8B",F,0.0222873627237108
chr22,37770944,37771286,343,*,3,0.00388796454072498,0.00657548762925704,0.0318696042004398,0.00827604577076984,0.0138350647166112,0.00888014269824459,"RP1-63G5.5, ELFN2",F,0.0222873627237108
chr22,43011028,43011819,792,*,8,0.00389484831459217,0.00953946415967267,0.0392380175701005,0.00893189653160139,0.0228125526856971,0.0111272675568863,RNU12,F,0.0222873627237108
chr19,14692863,14693742,880,*,4,0.00390310474421177,0.0104593891328232,0.0331371148065982,0.0111246195157669,-0.033637577698537,-0.0141606084937476,,F,0.0222873627237108
chr17,8024253,8024620,368,*,3,0.00391060894966803,0.00919058924740269,0.0142266219555378,0.00862131972933039,0.0174819732279048,0.00945557474184943,HES7,F,0.0222873627237108
chr22,31317914,31318546,633,*,9,0.00391372192514952,0.00823464621081486,0.0773498281410942,0.010338541308451,-0.0164097074099366,-0.00420908402061107,MORC2-AS1,F,0.0222873627237108
chr11,117198998,117199307,310,*,4,0.00391787323314779,0.00911862777260171,0.0275607202259264,0.00961226226198727,0.0139383349606657,0.0088750745560272,CEP164,F,0.0222873627237108
chr8,67940640,67941178,539,*,10,0.00392400395534692,0.00344416326018865,0.0860765589029879,0.00783310190392338,0.00892852809880776,0.00192704049437983,PPP1R42,F,0.0222873627237108
chr17,4689640,4689893,254,*,6,0.00392543290022772,0.00464937450974429,0.0684192493184456,0.00842197660183628,-0.0197901837091936,-0.0139069060085662,VMO1,F,0.0222873627237108
chr19,4471596,4472180,585,*,6,0.0039350041740279,0.00439102665091315,0.0425684152531958,0.00689884274385631,0.0198078407741516,0.0078647979875614,,F,0.0222873627237108
chr10,88125351,88125472,122,*,3,0.00394692849236611,0.00751290380962609,0.0503325561202267,0.0100165908513005,0.0137059606051633,0.00978952845470342,GRID1,F,0.0222873627237108
chr22,50747822,50747878,57,*,2,0.00395835596562381,0.00697857648095357,0.0132622057327462,0.00694696534185092,0.0111498730504586,0.00509361773542316,DENND6B,F,0.0222873627237108
chr4,15429515,15429572,58,*,3,0.00397087433060809,0.00918754411068189,0.0148479068566351,0.00862680613656963,-0.013114997910283,-0.0118198327708628,"C1QTNF7, RP11-665G4.1",F,0.0222873627237108
chr7,99724443,99725123,681,*,5,0.00397369047279872,0.00954329195768493,0.0227355450826492,0.00882689063870141,0.0112774857213563,0.00782095998974224,"MBLAC1, RP11-506M12.1",F,0.0222873627237108
chr1,156863360,156864023,664,*,4,0.00398525888657984,0.0100211833119152,0.0289118186872646,0.00843422584380015,-0.0339786561371472,-0.0134816425305991,PEAR1,F,0.0222873627237108
chr3,50286969,50287909,941,*,2,0.00399269068137654,0.00289224810258264,0.0140795358325773,0.00383488493053139,0.0239893072119317,0.0109881580155118,GNAI2,F,0.0222873627237108
chr13,39611454,39612495,1042,*,12,0.00400663714557886,0.00621636855798791,0.0689891059892402,0.00753790727508095,0.0142599939794718,0.00716009977750319,"NHLRC3, PROSER1",F,0.0222873627237108
chr12,120222357,120222632,276,*,3,0.00401297847745772,0.00930356698980678,0.0144624156117429,0.0088075900274432,-0.0110811637061267,-0.0063137130849649,CIT,F,0.0222873627237108
chr4,3881390,3881512,123,*,2,0.00402227009435005,0.00761211281733568,0.0185374760545248,0.00856969333330591,-0.00785976357905896,-0.00661087224508292,,F,0.0222873627237108
chr1,186649153,186649519,367,*,5,0.00405203289247531,0.00447904809371194,0.0587865802529394,0.0079090131334474,-0.0141031637893598,-0.00508760805852015,PTGS2,F,0.0222873627237108
chr7,150777854,150778340,487,*,9,0.00405264175998725,0.0077015605144449,0.0639482105058695,0.00933315128846005,-0.0222486850769046,0.00141840654154041,"FASTK, TMUB1",F,0.0222873627237108
chr1,154981829,154982621,793,*,2,0.0040582854605381,0.00393477698401678,0.0157255341588293,0.00516322366910921,-0.00998919718683433,-0.00971010494084415,ZBTB7B,F,0.0222873627237108
chr11,65480023,65480401,379,*,3,0.00406942612665734,0.0081133233053889,0.0199162823520126,0.00914792017263822,0.0272960078245141,0.0131450653218276,KAT5,F,0.0222873627237108
chr5,59783629,59784544,916,*,5,0.00407123874500507,0.00939083925105496,0.0297553223945176,0.00928792044632391,0.0327747882453808,0.0041328088413785,"PART1, PDE4D",F,0.0222873627237108
chr2,241083754,241083864,111,*,3,0.00408594866268526,0.0058163421627309,0.0236201719112143,0.007001177604967,0.0310181610929007,0.015375082197946,OTOS,F,0.0222873627237108
chr22,36424782,36425366,585,*,5,0.00408749105777141,0.00385083568852989,0.0313711148036291,0.00604396275250274,0.00990508002110296,0.00596160417686808,,F,0.0222873627237108
chr2,121494295,121494701,407,*,2,0.00409033845958391,0.00663535830509409,0.0169748416272238,0.00774846425891994,-0.010173322405207,-0.00302085822616039,GLI2,F,0.0222873627237108
chr6,52284943,52285530,588,*,7,0.00409870004211071,0.00741484726298647,0.0263354307523158,0.00935936005827353,-0.00687600463504684,-0.000166206311266966,EFHC1,F,0.0222873627237108
chr2,113829468,113829866,399,*,2,0.00409870004211071,0.00670387162772317,0.0188198151436125,0.00795026352093561,-0.0121540727391398,-0.00824469647940351,IL1F10,F,0.0222873627237108
chr16,24552079,24552869,791,*,2,0.00410190824832033,0.00423997136676752,0.0139242636374123,0.00521941087748529,0.0242039532423738,0.01447085760059,RBBP6,F,0.0222873627237108
chr1,155108334,155108588,255,*,5,0.00410460587088109,0.00486787946949368,0.0279288535616136,0.00722902876786875,0.0111460530748887,0.00560880072627174,SLC50A1,F,0.0222873627237108
chr6,32051857,32052596,740,*,12,0.00412008628494028,0.00886563525730186,0.0613088979287477,0.0118226283916573,0.0226826005084241,0.00675226830510147,TNXB,F,0.0222873627237108
chr12,132549292,132549404,113,*,3,0.0041253111386421,0.00458093780617254,0.0265482059318227,0.00651145174187161,0.0341814758927769,0.02749813021569,EP400,F,0.0222873627237108
chr6,109449575,109449950,376,*,3,0.00413470619177757,0.00755152561646765,0.0206642464523711,0.0088075900274432,-0.0200750839770472,-0.0170959084880421,CEP57L1,F,0.0222873627237108
chr11,1446247,1446911,665,*,6,0.00413729604190083,0.00557755953378899,0.0279363157426371,0.0077217313476196,0.0284727718576998,0.0138451359290347,BRSK2,F,0.0222873627237108
chr2,45028604,45029285,682,*,5,0.00415054566902928,0.00518550517316788,0.0716047654127476,0.00911041146786464,-0.0435516363013149,-0.0131094191097739,,F,0.0222873627237108
chr16,89959984,89960601,618,*,5,0.0041556753882953,0.010424326519576,0.0309604423607142,0.00825916145839125,-0.00826051131469452,-0.00256213820831439,TCF25,F,0.0222873627237108
chr14,21498561,21498887,327,*,2,0.0041629832317215,0.0082015061413025,0.0153365352564988,0.00856969333330591,0.00843486228845736,0.00149464995436993,"TPPP2, NDRG2",F,0.0222873627237108
chr5,63801834,63802741,908,*,11,0.00416430664672709,0.00679969445757076,0.0721149007761042,0.00919363861249473,-0.0207855522243962,-0.00642757032759782,RGS7BP,F,0.0222873627237108
chr1,46958475,46958856,382,*,4,0.00418331396821073,0.00600640112895551,0.015428443419743,0.00733565889996675,-0.00631656317329093,-0.00174652252500802,,F,0.0222873627237108
chr4,146100215,146100633,419,*,3,0.00418507360143387,0.00747725325845502,0.0305401041402116,0.00926008807642814,0.0117638632819019,0.0104367671342571,OTUD4,F,0.0222873627237108
chr6,41068553,41069048,496,*,8,0.00421317485989789,0.00410449253558256,0.049637491924123,0.00829283559153749,0.0190964884767125,0.0116895778238622,ADCY10P1,F,0.0222873627237108
chr12,56842692,56843596,905,*,11,0.00421951112531894,0.00742131312136146,0.0631059881085116,0.00928851312303044,0.0191522221707821,0.00934390415567754,"TIMELESS, MIP",F,0.0222873627237108
chr2,64836235,64836449,215,*,2,0.00423897795992489,0.0067515182620178,0.0149480756062303,0.00747034148382685,-0.00795706597340998,-0.00559427459018645,AC007365.1,F,0.0222873627237108
chr5,427755,428101,347,*,3,0.00425061184872014,0.00657548762925704,0.0300898276259174,0.00815574496825358,0.0152141799353274,0.00202116445002609,AHRR,F,0.0222873627237108
chr2,242447341,242448207,867,*,7,0.0042723783552202,0.00577106646202243,0.0510597831181887,0.00713656288315371,0.0107728910328089,0.0013643869253062,STK25,F,0.0222873627237108
chr1,158390649,158391119,471,*,4,0.00430425082226595,0.0102481153315832,0.0402762592578186,0.00958170549184933,-0.012547851321395,-0.00988086219786743,OR10K2,F,0.0222873627237108
chr19,11404454,11405370,917,*,6,0.00431376834358438,0.00803993369746606,0.0287676180504178,0.00873104112735297,0.0111656419702958,0.0050088248330198,,F,0.0222873627237108
chr5,6687293,6687417,125,*,4,0.0043175276105594,0.00713419874865221,0.0301690637832535,0.00758876866444354,0.0209218790784414,0.00885774707273461,CTD-2044J15.1,F,0.0222873627237108
chr6,139349120,139350067,948,*,10,0.00433066654327185,0.00859998892491698,0.0729242319639615,0.0107285282525982,-0.036015379715602,0.000705803637029898,ABRACL,F,0.0222873627237108
chr3,12883055,12883503,449,*,7,0.00434491403012108,0.00988501801104845,0.0400423998550785,0.00977634437642534,0.0292944293441989,0.0124914279234559,"CAND2, RPL32",F,0.0222873627237108
chr1,35734404,35735167,764,*,6,0.00434491403012108,0.00778252051341549,0.029136418287272,0.00753813060786668,0.0195965788596247,0.00932398951563948,ZMYM4,F,0.0222873627237108
chr4,74486080,74486558,479,*,10,0.0043456582007546,0.00877898280395351,0.0600299092331266,0.00859497897599778,0.00714925699004089,0.00104950639172265,RASSF6,F,0.0222873627237108
chr15,42693448,42694406,959,*,4,0.00435369845552386,0.0100672187215311,0.0162485825973341,0.0103214515048946,-0.0471861147558433,-0.0244516344186487,"CAPN3, RP11-164J13.1",F,0.0222873627237108
chr4,44727930,44728857,928,*,11,0.00435944149434806,0.00636619775938028,0.0666810267674722,0.00721610683579311,0.0151659278598276,0.00735057454048024,GNPDA2,F,0.0222873627237108
chr11,1750302,1750939,638,*,5,0.00437837047446628,0.0079033194791828,0.015109158159385,0.0082988901428787,0.0475548849132654,0.0229752499574806,,F,0.0222873627237108
chr13,111568271,111568383,113,*,2,0.00439203812864534,0.00777770035655104,0.0204566488641179,0.00880371296248033,0.0127082460032319,0.0104444968954522,,F,0.0222873627237108
chr15,26108084,26108412,329,*,7,0.00440219367657302,0.00518550517316788,0.0459699604830662,0.00804093089799964,-0.00812850414336309,-0.000296327033365338,ATP10A,F,0.0222873627237108
chr17,77078518,77079031,514,*,5,0.00441020951089948,0.00426373344106072,0.0414822438850254,0.00725064912558061,0.0189135875158656,0.00860346382392786,ENGASE,F,0.0222873627237108
chr11,120080945,120081259,315,*,4,0.00441697548438535,0.00811207710742401,0.0172052223189538,0.00686748214098814,-0.0233556405064667,-0.00260326502826429,,F,0.0222873627237108
chr13,113408267,113409700,1434,*,5,0.0044233162708492,0.00638853817870331,0.0219289938947986,0.00633245029368407,0.0235079597596434,0.00177018294080094,"ATP11A, ATP11A-AS1",F,0.0222873627237108
chr12,54611596,54611928,333,*,2,0.00443412815967093,0.00819503604041779,0.026148850028108,0.00936282008057866,0.0116000747680192,0.00638642615783253,,F,0.0222873627237108
chr10,101293790,101295400,1611,*,7,0.0044576580829273,0.00716529954263149,0.0565554962744123,0.00783310190392338,-0.0343313117872139,-0.0124092084607754,NKX2-3,F,0.0222873627237108
chr19,35490983,35491951,969,*,6,0.00446326291873497,0.00651447733385356,0.0489254067925814,0.00933470078435854,0.00894322789838699,0.00624048938746623,"GRAMD1A, CTD-2527I21.7",F,0.0222873627237108
chr3,49756497,49757306,810,*,8,0.00447178981270884,0.00277243711441375,0.0707387796230991,0.00615402269094394,-0.0243361247118365,8.17625063774582e-05,"RNF123, AMIGO3, GMPPB",F,0.0222873627237108
chr11,67219241,67219859,619,*,5,0.00447752617300167,0.0070878156695963,0.0298834067533269,0.00819997236998498,0.018549992062635,0.0109399002448309,GPR152,F,0.0222873627237108
chr16,57294356,57294639,284,*,2,0.00447784166116534,0.00958321966938986,0.012765569588324,0.00803479288496432,0.0241919312468456,0.0162465406057815,PLLP,F,0.0222873627237108
chr8,1899943,1900524,582,*,6,0.00448010062288375,0.00482564252202806,0.0496139439047378,0.00772984959372395,0.0543574566400042,9.46771954700061e-05,ARHGEF10,F,0.0222873627237108
chr17,46831306,46832919,1614,*,7,0.00449099995089576,0.00959076191418202,0.0223604927403847,0.00577543431665198,-0.0151833456463388,-0.00225375302802711,,F,0.0222873627237108
chr8,57122990,57123862,873,*,6,0.00449356660993793,0.00937817050818157,0.0404290055524938,0.00816233187188913,0.0137497466742576,0.00270663839043779,PLAG1,F,0.0222873627237108
chr6,62995523,62996702,1180,*,14,0.00449853611267689,0.00748410417431128,0.0410343988282558,0.00867037315374507,-0.03125855318171,-0.0118186708429889,KHDRBS2,F,0.0222873627237108
chr10,112064057,112065016,960,*,11,0.00451201683641722,0.0089031403947204,0.0474614934479511,0.00856357535267817,0.00920500295982446,0.00504180540285648,SMNDC1,F,0.0222873627237108
chr12,27174164,27174596,433,*,2,0.00451534031605281,0.00983867300665798,0.0230881191644319,0.0104926680805867,-0.0485923992181608,-0.0285742908318193,,F,0.0222873627237108
chr8,42009622,42010494,873,*,10,0.00451783688675694,0.00785651445838344,0.0355863391471562,0.00971643748024622,0.0600239100100581,0.00812541214554253,"AP3M2, RP11-589C21.5",F,0.0222873627237108
chr8,126103343,126103681,339,*,2,0.00452277765755317,0.00706132256826935,0.0229193390601098,0.00829283559153749,0.00864762518658478,0.00856634845327254,KIAA0196,F,0.0222873627237108
chr11,58938682,58939818,1137,*,9,0.00453158944970197,0.00464937450974429,0.0597026907769471,0.00694696534185092,-0.0124707952854211,0.00251224026181387,DTX4,F,0.0222873627237108
chr11,1273661,1274140,480,*,5,0.00453385904478307,0.00697414409836187,0.0355522956208284,0.00815574496825358,0.0139688610550991,0.00962710838837522,MUC5B,F,0.0222873627237108
chr12,111179831,111180088,258,*,2,0.00453461498307814,0.00959626208155731,0.0149339056455901,0.00919363861249473,0.0125700864259682,0.0102616184052582,PPP1CC,F,0.0222873627237108
chr19,3810782,3811194,413,*,4,0.00454226272460197,0.00955177259416683,0.0241370036519625,0.00930401755262127,0.0247461637927453,0.000564395736960238,ZFR2,F,0.0222873627237108
chr6,35696870,35697185,316,*,2,0.00454510789729802,0.00746015893923364,0.0276262196385844,0.0088075900274432,-0.0346552362482779,-0.0322828380452249,,F,0.0222873627237108
chr7,35293753,35294658,906,*,8,0.00454761304130029,0.00507923167154292,0.0608225528949501,0.00843204121253261,-0.018625720039496,-0.00742575818034189,TBX20,F,0.0222873627237108
chr13,86370102,86370772,671,*,3,0.00455062556116064,0.00568321484308149,0.0337149043052722,0.00797297956142293,-0.0335586784342771,-0.0236138442979024,SLITRK6,F,0.0222873627237108
chr17,78046704,78046742,39,*,2,0.00455138567531097,0.00621636855798791,0.0211541609695631,0.00763519289679162,-0.0278721511989966,-0.0236593067584873,CCDC40,F,0.0222873627237108
chr9,104197675,104198262,588,*,2,0.00455572971627699,0.00721144210747223,0.0209910472200462,0.00836595465954814,-0.0171714559332747,-0.00790608820572836,ALDOB,F,0.0222873627237108
chr1,37939320,37940813,1494,*,14,0.00456326273914956,0.0105262549611418,0.0678268043347296,0.0101255852947925,0.0191640968203476,0.00492989816064089,"ZC3H12A, LINC01137",F,0.0222873627237108
chr14,102276033,102276351,319,*,7,0.00457009854833868,0.00652006112264322,0.0447160512883301,0.00852567645705697,0.0176386727127637,0.00989345439857074,"PPP2R5C, CTD-2017C7.2",F,0.0222873627237108
chr2,220035759,220036660,902,*,4,0.00458992957031126,0.0102734935342036,0.015866968037807,0.00733565889996675,0.0249965629924874,0.00401797380020352,CNPPD1,F,0.0222873627237108
chr19,17514117,17514600,484,*,2,0.0045991602680054,0.00820993260995665,0.0163726301351181,0.00880662080261423,-0.0206744884071824,-0.014896346034014,BST2,F,0.0222873627237108
chr20,1600623,1601704,1082,*,4,0.00459937606673376,0.00178871933946722,0.0264559055476161,0.00352169204528462,-0.0306619093149381,-0.0174691278818378,"RP4-576H24.4, SIRPB1",F,0.0222873627237108
chr11,98891211,98892033,823,*,11,0.00460456491804157,0.00907749820169761,0.0921843493609576,0.0111654445022713,-0.012864813555115,-0.00387862982814368,CNTN5,F,0.0222873627237108
chr10,115612464,115612802,339,*,2,0.00460898084270995,0.00941366515473596,0.0303221063870078,0.0105880955047521,-0.012596105755837,-0.00806815980089309,DCLRE1A,F,0.0222873627237108
chr1,236017128,236017325,198,*,4,0.00462686500848128,0.00906443738443661,0.0173736063299095,0.0088075900274432,-0.0587226761922181,-0.0382216282394008,LYST,F,0.0222873627237108
chr4,172733566,172734718,1153,*,9,0.0046467687548374,0.0103310338764656,0.0824463696685728,0.00998111735831385,0.0343206621096929,-0.00569155881039612,GALNTL6,F,0.0222873627237108
chr2,8977332,8978042,711,*,9,0.0046472037222758,0.00816617957478422,0.0157654572139537,0.00996737787809944,0.0179149005439714,0.005687876043987,KIDINS220,F,0.0222873627237108
chr12,66135527,66136179,653,*,4,0.00464912360841075,0.0064357309088034,0.03864629745592,0.0080084497025115,0.0116570138220652,0.000960057376151947,,F,0.0222873627237108
chr19,12845367,12845510,144,*,2,0.00464971078269787,0.00534403471128787,0.0159395883426947,0.00646885877851272,0.00695766291247791,0.00635187588054013,C19orf43,F,0.0222873627237108
chr17,6916038,6917185,1148,*,6,0.00465304467489654,0.0081133233053889,0.0209784465540346,0.00689884274385631,0.0469439076716176,0.0123034441718462,"RNASEK, RNASEK-C17orf49, RP11-589P10.7, AC040977.1",F,0.0222873627237108
chr9,82188393,82188559,167,*,2,0.0046617654263479,0.00645168894245468,0.0130709264257955,0.00652861958053431,0.0098452706549072,0.0092302963310523,TLE4,F,0.0222873627237108
chr16,85665049,85665539,491,*,2,0.00467925061482864,0.0073370206135934,0.0153501819585996,0.00797297956142293,0.0172213476251059,0.0114329313412516,GSE1,F,0.0222873627237108
chr14,102358022,102358090,69,*,2,0.00468283952723873,0.00704279708244336,0.0197609899954355,0.0081617461214449,-0.0104212502896495,-0.00929622173242634,PPP2R5C,F,0.0222873627237108
chr1,239549577,239550578,1002,*,12,0.0047005989594578,0.00478802116175631,0.0792141906015302,0.00910915084129377,-0.042721480170489,-0.00430046448162126,CHRM3,F,0.0222873627237108
chr11,64642144,64642558,415,*,4,0.00470687707679991,0.00610717865131749,0.0402184278084618,0.00800747390168658,0.067326454295495,0.0201162829916417,EHD1,F,0.0222873627237108
chr9,35618083,35618412,330,*,2,0.00470687707679991,0.00806056800762723,0.0187093423382872,0.00893388807765413,-0.0597698214958306,-0.028604217633556,CD72,F,0.0222873627237108
chr17,36885900,36886646,747,*,5,0.00473416473737916,0.00447089797587844,0.055642717534662,0.00783310190392338,0.00751971222468478,0.00353483734895511,"MLLT6, CISD3",F,0.0222873627237108
chr1,117636534,117637084,551,*,3,0.00474130124874653,0.00832781962775228,0.0212824545099843,0.00933315128846005,-0.0150560537991956,-0.00234255886194116,TTF2,F,0.0222873627237108
chr12,53490352,53491219,868,*,4,0.00474953958597165,0.00691277535911175,0.0290028462385027,0.00879891731653114,-0.040998955145098,-0.00788655999989382,,F,0.0222873627237108
chr3,42694783,42695035,253,*,3,0.00475103022756906,0.0065865923954915,0.0214744613542633,0.00814020910458008,-0.0355059892611531,-0.0234563207619049,RP4-613B23.1,F,0.0222873627237108
chr2,391060,391183,124,*,2,0.00475355976945741,0.00582023746271807,0.0220740050763843,0.00729073297388244,0.029827324940426,0.00560310939629105,AC105393.1,F,0.0222873627237108
chr16,31212822,31213481,660,*,3,0.00475958180836939,0.00488411299486621,0.031946646231367,0.0070810213483102,-0.00853098430109522,-0.00346585113145743,"C16orf98, PYCARD",F,0.0222873627237108
chr12,102455961,102456487,527,*,5,0.00476626214550022,0.00697414409836187,0.0447196608569372,0.00876298441248614,-0.016962768600599,-0.00136031904594201,,F,0.0222873627237108
chr12,110149962,110150261,300,*,4,0.00478591301250594,0.0077556721337631,0.0166183929213883,0.00856357535267817,-0.00709665077290056,-0.00343556975879115,,F,0.0222873627237108
chr13,113107223,113107357,135,*,2,0.00479743666683164,0.00803993369746606,0.0161398616954723,0.0086207425052162,0.0146036715091339,0.0090730556474814,,F,0.0222873627237108
chr13,100310162,100310841,680,*,5,0.00480881662667136,0.0069830212630926,0.0466404811040719,0.00879207856557001,-0.0269798277719842,-0.0185812854798945,CLYBL,F,0.0222873627237108
chr2,233792732,233793311,580,*,4,0.00482363597871624,0.0056371326612029,0.0442017994508471,0.00818870925711312,-0.00449322871236946,-0.00188865613900992,NGEF,F,0.0222873627237108
chr7,88424985,88425148,164,*,6,0.00482568058424913,0.00713419874865221,0.0483488015199659,0.00921449057266677,0.0103781438970498,-1.31561322469498e-06,"ZNF804B, C7orf62",F,0.0222873627237108
chr1,77747374,77747387,14,*,3,0.00482568058424913,0.00695971099778956,0.0425550501230107,0.00922518304513542,-0.0272612105216901,-0.0203859478308117,,F,0.0222873627237108
chr12,133656595,133656953,359,*,7,0.00482575950817658,0.00911341720567627,0.024327251873233,0.0089385457029535,0.0205604559246579,0.00898520239098576,ZNF140,F,0.0222873627237108
chr6,52008713,52009064,352,*,4,0.00483566521146656,0.010408061350829,0.0247954017477699,0.00988857012151095,-0.00985359623908433,-0.00456428872577458,,F,0.0222873627237108
chr9,139922545,139923402,858,*,5,0.00483838415892349,0.00501938362295961,0.056831942025953,0.00828122716735818,-0.00752973728613535,-0.00135667139669849,"C9orf139, ABCA2",F,0.0222873627237108
chr14,105159666,105159746,81,*,2,0.00483969202286863,0.00750745615879672,0.0130674198008828,0.00721610683579311,0.00451550704806114,0.00121719228676048,INF2,F,0.0222873627237108
chr14,104171695,104172224,530,*,5,0.00484389535076371,0.0101224162814883,0.0165570388864822,0.0106640859978265,-0.0830941491179751,-0.0326794103579044,XRCC3,F,0.0222873627237108
chr1,178693595,178694013,419,*,6,0.00484558835078496,0.00755152561646765,0.028034306964024,0.00818870925711312,-0.0265017087288336,-0.00857193529201634,RP11-428K3.1,F,0.0222873627237108
chr7,72838601,72838776,176,*,3,0.00485815505549147,0.00486787946949368,0.0367739073096225,0.0072940264086212,-0.0414821883623375,-0.0316684469189896,,F,0.0222873627237108
chr17,57915665,57915773,109,*,4,0.00486077810127393,0.00593434605938866,0.0532242818943329,0.00903934727444739,0.0311345497727538,0.0158392606834174,VMP1,F,0.0222873627237108
chr12,77459091,77459485,395,*,6,0.0048684554503904,0.00821457145226123,0.0524995324696076,0.00975283222130653,0.00665518123499287,0.0037151900655608,E2F7,F,0.0222873627237108
chr14,65345381,65345681,301,*,2,0.00487113494553272,0.00888469148245615,0.0182670734216433,0.00933315128846005,-0.0191631610828668,-0.0112414042498034,SPTB,F,0.0222873627237108
chr6,28972876,28973828,953,*,15,0.00487126471969842,0.00548854060066242,0.100120052133706,0.00936282008057866,-0.0131708409971751,0.00360115643743544,ZNF311,F,0.0222873627237108
chr16,2033493,2034198,706,*,8,0.004873336672378,0.00725371097929725,0.026492620083212,0.00818695870374463,0.0133129789746571,0.00185084137662329,NOXO1,F,0.0222873627237108
chr4,512739,513008,270,*,3,0.00488804512287635,0.00578456831758485,0.0371638310446063,0.00815574496825358,-0.0212557442546198,-0.0146210186243658,PIGG,F,0.0222873627237108
chr22,46374411,46374836,426,*,2,0.00488911185522305,0.00849628262624285,0.0290028462385027,0.00972419481915983,-0.0101155687037277,-0.00492930957643283,,F,0.0222873627237108
chr16,1271998,1272498,501,*,3,0.00490884054506759,0.00579172919600822,0.0175858268424794,0.0071054555380096,0.0149387516183436,0.00292433051729428,TPSG1,F,0.0222873627237108
chr8,145822783,145823386,604,*,5,0.00491100866501207,0.00993612467735158,0.0343413390231678,0.0108920746290112,0.0188539966034831,0.00396452061197887,ARHGAP39,F,0.0222873627237108
chr9,71735648,71735701,54,*,3,0.00491408363894001,0.00480858805351496,0.0347015131587473,0.00710310864902758,-0.0260368633107774,-0.0129174882449411,,F,0.0222873627237108
chr19,1237242,1238538,1297,*,10,0.00492654022938504,0.00750745615879672,0.0514419325394605,0.00668684648489698,-0.0142352747994918,0.00260289382502595,"AC004221.2, C19orf26",F,0.0222873627237108
chr17,65850328,65850811,484,*,5,0.0049277353966098,0.00638853817870331,0.0621875832150776,0.0093703024219091,-0.0229575323740959,-0.0153730105798015,BPTF,F,0.0222873627237108
chr3,195636243,195637027,785,*,4,0.00492822328515841,0.00901041840163327,0.0276262196385844,0.00829283559153749,0.00806115390566005,0.0055122594243895,"TNK2-AS1, TNK2",F,0.0222873627237108
chr15,96906437,96907209,773,*,4,0.00493787414588144,0.0104291040082513,0.0335958359370045,0.00914792017263822,0.00699723178386721,0.00441184406581371,RP11-522B15.3,F,0.0222873627237108
chr3,196359202,196359441,240,*,2,0.00494570513230945,0.00497602527476261,0.0185605178005375,0.00634509941272033,0.0115587925923008,0.00617634226451658,LINC01063,F,0.0222873627237108
chr12,109644646,109644685,40,*,2,0.00495292545882831,0.00747725325845502,0.0151907371643106,0.00800747390168658,-0.0129295668663227,-0.00675682569900238,ACACB,F,0.0222873627237108
chr20,40627194,40628070,877,*,3,0.00495675898924799,0.00630076632016141,0.0155083793529789,0.00577543431665198,0.0347128867385771,0.0053583118701093,"RP5-1121H13.4, RP5-1121H13.1",F,0.0222873627237108
chr21,34697528,34697899,372,*,3,0.00497492890203668,0.00803993369746606,0.0298603011474603,0.00971489820500324,0.0114031963602659,0.00662249727134827,IFNAR1,F,0.0222873627237108
chr5,74063626,74063690,65,*,2,0.00498167865208332,0.00510316909786701,0.0186792040869294,0.00645148757058368,0.0123408556435761,0.0108217109682435,NSA2,F,0.0222873627237108
chr1,119528018,119528848,831,*,6,0.00499320771099645,0.00688517985511152,0.0491205191010906,0.00903934727444739,-0.0308615061895801,-0.0134088450227599,TBX15,F,0.0222873627237108
chr21,31972533,31972923,391,*,4,0.00499368882295718,0.0104476457578069,0.0212610292863376,0.0096322759013786,-0.019213642983312,-0.00431795086465683,,F,0.0222873627237108
chr10,103347662,103348258,597,*,12,0.00499482232934231,0.00898637713659898,0.049585034855757,0.00954564260449682,0.019608524698296,0.00731718023485807,"DPCD, POLL",F,0.0222873627237108
chr18,29264051,29264431,381,*,3,0.00499537232388399,0.00717824621297958,0.0268332421080045,0.0088075900274432,-0.0288341862861314,-0.0124274948053801,B4GALT6,F,0.0222873627237108
chr3,50367341,50368106,766,*,3,0.00501097243315003,0.00527841668785234,0.0324859152275954,0.00745345654293682,-0.0201125745976198,-0.00627063262295657,RASSF1,F,0.0222873627237108
chr12,113913695,113913998,304,*,3,0.00502657148163063,0.00478128718786215,0.0303039618320644,0.00686748214098814,-0.0160489444159374,-0.00549566170314622,RP11-82C23.2,F,0.0222873627237108
chr6,152002859,152003038,180,*,3,0.00503436034723436,0.00691961842114198,0.0177925428446565,0.00766765576980444,-0.0555322446338532,-0.0196459150728542,ESR1,F,0.0222873627237108
chr12,49931501,49931989,489,*,2,0.00504428466350521,0.00657443225436839,0.0238930834347151,0.00800747390168658,-0.013477498572405,-0.00859924473889226,,F,0.0222873627237108
chr2,157291262,157292411,1150,*,9,0.00504805835575083,0.00511226947842331,0.0487314283739341,0.00727202243423394,-0.0707559471975898,-0.027145760728146,GPD2,F,0.0222873627237108
chr7,139320346,139320507,162,*,3,0.00506914233412333,0.00662915270206939,0.0157826625346477,0.00760262030798345,0.0563354953525364,0.046979498955845,HIPK2,F,0.0222873627237108
chr16,23690492,23691827,1336,*,3,0.0050756234354395,0.00514878486571286,0.0262181795845262,0.00686748214098814,0.0238430195966275,0.01027832659525,PLK1,F,0.0222873627237108
chr2,97360893,97361264,372,*,6,0.00508503965001248,0.00944293689356744,0.0430218785757635,0.00958361737762098,-0.0221606962480801,0.000264892424697303,FER1L5,F,0.0222873627237108
chr20,35274281,35274941,661,*,9,0.00509068904112324,0.00890937145173226,0.0577821122460933,0.0102789305879538,0.0491198102806706,0.00865570038387585,SLA2,F,0.0222873627237108
chr2,145277596,145278113,518,*,10,0.00509259194524226,0.00892113033049518,0.0520357255128462,0.0103314146576685,0.0184186948610701,0.00681240529066246,"ZEB2-AS1, ZEB2",F,0.0222873627237108
chr2,70313947,70314817,871,*,8,0.00509701250981691,0.00803743006531805,0.0697331480980421,0.0115320351111121,0.0184429146015298,0.0110019933773373,"PCBP1, PCBP1-AS1",F,0.0222873627237108
chr2,64681080,64681735,656,*,5,0.00511527723100098,0.010408061350829,0.0192264992685957,0.00730467205648043,0.00743314922206212,0.00424833089717739,LGALSL,F,0.0222873627237108
chr16,17254551,17254950,400,*,3,0.0051339911725362,0.010569278557846,0.0138794694307532,0.00928055717162002,-0.0187866979541114,-0.00707578080399488,XYLT1,F,0.0222873627237108
chr19,10172119,10172899,781,*,5,0.00513811024048422,0.00582556328535933,0.027152103275763,0.00798570922373849,-0.0176050633586872,1.10679932531499e-05,C3P1,F,0.0222873627237108
chr18,12656824,12657166,343,*,4,0.00513917494051829,0.0101997059039904,0.0297553223945176,0.00930401755262127,-0.0240861402970646,-0.0169246672832563,SPIRE1,F,0.0222873627237108
chr2,240213173,240213875,703,*,2,0.00514522988383993,0.00488411299486621,0.0187719950530646,0.00624577289710031,0.0130332223682299,0.00891516740619225,HDAC4,F,0.0222873627237108
chr16,188138,188651,514,*,3,0.00515072546762737,0.00932681368319707,0.0532242818943329,0.0119514882292743,-0.0066906748776322,0.001128200223073,NPRL3,F,0.0222873627237108
chr5,140090684,140091102,419,*,5,0.00515914028734928,0.00506359661631708,0.043433687782528,0.00769723879843018,0.0245540182377537,0.0143558241710291,VTRNA1-1,F,0.0222873627237108
chr16,14726998,14727239,242,*,2,0.00516215583922802,0.00796913956359507,0.0203171119014991,0.00893388807765413,0.00878070175778967,0.00807637631338357,BFAR,F,0.0222873627237108
chr1,228467988,228467995,8,*,2,0.00517217298381969,0.0077630370910647,0.0107934179552152,0.00612657825950916,0.0207924990361593,0.0117915316266482,OBSCN,F,0.0222873627237108
chr19,4371730,4371934,205,*,3,0.00517432841474647,0.00811816441877806,0.0268408743436484,0.00862131972933039,-0.00658409991249631,-0.00107347387414092,SH3GL1,F,0.0222873627237108
chr17,79798629,79799549,921,*,6,0.00518744443640688,0.00897722072117261,0.0385296934772183,0.00740407034015687,-0.049192167215785,-0.0392164345573488,,F,0.0222873627237108
chr4,8388438,8388670,233,*,2,0.00523150920328977,0.00841100382361748,0.0142266219555378,0.00832239193235808,0.00543844656335768,0.00304414615645893,ACOX3,F,0.0222873627237108
chr14,54955474,54956552,1079,*,8,0.00523173800721453,0.00586674264971813,0.0524197746144929,0.00903934727444739,0.0153236783957436,0.00676664407839606,GMFB,F,0.0222873627237108
chr1,58324995,58325449,455,*,2,0.00523642486693278,0.00615126844210351,0.0232909086682273,0.00766443257582031,-0.0264741386922831,-0.0127050391752832,DAB1,F,0.0222873627237108
chr11,59327876,59328007,132,*,3,0.00525075328388725,0.0100211833119152,0.0127387774550819,0.00794216434063787,0.0135315845506175,0.0130734226101902,,F,0.0222873627237108
chr2,97427445,97427975,531,*,4,0.00525234022159277,0.00597703169491865,0.0572419816814066,0.00914719040059893,-0.0551442189916559,-0.0180354215158946,CNNM4,F,0.0222873627237108
chr2,60763331,60763626,296,*,3,0.00525349807710016,0.00953946415967267,0.0180621721908296,0.00856357535267817,0.0542850820731728,0.0251632559860907,BCL11A,F,0.0222873627237108
chr5,10567643,10567905,263,*,2,0.00526269557209514,0.00803743006531805,0.0163180442699041,0.00862131972933039,-0.0141601183908487,-0.00231032520060054,ANKRD33B,F,0.0222873627237108
chr17,20771377,20771879,503,*,2,0.0052631358487604,0.00559196100773847,0.0207454958230643,0.00694696534185092,-0.0200190367930272,-0.00878593914243997,"RP11-344E13.3, CCDC144NL",F,0.0222873627237108
chr14,23340787,23341587,801,*,7,0.00526919155270374,0.00910609580603988,0.042390311385321,0.00910915084129377,0.0129805567717428,0.00526505707538459,LRP10,F,0.0222873627237108
chr2,200715629,200716175,547,*,5,0.00526933673081181,0.00755152561646765,0.0342278352776887,0.0088075900274432,0.019504564540836,0.00866956538841478,FTCDNL1,F,0.0222873627237108
chr5,133512410,133513511,1102,*,12,0.00528065098897378,0.00811207710742401,0.0716047654127476,0.0101848155226011,0.0189791510732143,0.0046173615989772,"SKP1, CTD-2410N18.5",F,0.0222873627237108
chr17,1478065,1478889,825,*,6,0.00528115087271341,0.00920671459103222,0.0315351033736121,0.00840966047297204,-0.0383707666815544,-0.0166622618712636,SLC43A2,F,0.0222873627237108
chr6,27099813,27100593,781,*,4,0.00528766651655226,0.0079314007834536,0.0377640929299169,0.00951092677842195,0.0140776025782507,0.0130038696204914,HIST1H2BJ,F,0.0222873627237108
chr1,6093770,6094993,1224,*,6,0.00531606829827824,0.00899939352216542,0.0292927389144293,0.00843204121253261,0.0124402044923601,0.0015745851107287,KCNAB2,F,0.0222873627237108
chr16,19422243,19422554,312,*,3,0.00532220768210451,0.00691277535911175,0.0289882194282202,0.00819997236998498,-0.0127674335268786,-0.00196421955267884,"TMC5, CTA-363E6.5",F,0.0222873627237108
chr9,123631254,123631825,572,*,5,0.00532635880761097,0.00447089797587844,0.0599794572820972,0.00806716989374841,0.00657807857273438,0.00145384308978637,PHF19,F,0.0222873627237108
chr4,175205159,175205820,662,*,6,0.00532662415566688,0.00923964116761788,0.0508171937539304,0.0109050837608241,0.0170274302878947,0.00864368460293898,"CEP44, FBXO8",F,0.0222873627237108
chr19,53661755,53662723,969,*,9,0.00532783901984845,0.00377367080801366,0.0889104620498635,0.00845852332571066,0.017532854226981,0.00370672872163749,"ZNF347, ZNF665",F,0.0222873627237108
chr20,1310846,1310884,39,*,2,0.00533149355954788,0.00679969445757076,0.0188065366355857,0.00800747390168658,0.0403102847599835,0.0360563205987922,SDCBP2-AS1,F,0.0222873627237108
chr11,6256665,6256799,135,*,3,0.00533627334950528,0.00548240995961454,0.0275302382431409,0.00749325651721743,0.0044850664674158,0.00399642354192111,CNGA4,F,0.0222873627237108
chr4,56501978,56502898,921,*,13,0.0053612333400754,0.00726941410801591,0.0523761217003429,0.00893388807765413,-0.0190828062383219,-0.00123298454307975,NMU,F,0.0222873627237108
chr11,34936781,34938234,1454,*,16,0.00539743283402131,0.0105164445472356,0.0210711532220401,0.0103553446056208,-0.0233871377431231,0.000174892922812554,"PDHX, APIP",F,0.0222873627237108
chr20,57416221,57417152,932,*,4,0.00540176891574344,0.00632367796552354,0.0373958420117028,0.0088075900274432,0.0273436412748875,0.00721716353490461,"GNAS, GNAS-AS1",F,0.0222873627237108
chr6,16266038,16266723,686,*,2,0.0054195833665804,0.00619537154664254,0.0189994887140638,0.0075060644795935,-0.00677510694470385,-0.00216730461822379,GMPR,F,0.0222873627237108
chr8,140950007,140950075,69,*,3,0.00542254516351334,0.00770300151356533,0.0198098380340279,0.00856357535267817,-0.012906139806854,-0.00491790734046112,TRAPPC9,F,0.0222873627237108
chr17,31204231,31204705,475,*,5,0.00543145292334185,0.00789502111962551,0.0339557990549728,0.00937357344473193,0.0163662397813798,0.00559579003492616,AC084809.2,F,0.0222873627237108
chr2,120770279,120771169,891,*,7,0.00544045000776069,0.00498407879861384,0.0718842916826626,0.00822151825170692,0.00506402293938735,0.001753684927063,EPB41L5,F,0.0222873627237108
chr6,31857100,31857895,796,*,2,0.00544235070934143,0.00549924314224841,0.0202967929802093,0.00689884274385631,0.00628359231614328,0.000428453579205124,EHMT2,F,0.0222873627237108
chr15,69841201,69841259,59,*,3,0.00545177737025872,0.00754532527552838,0.0297437449138474,0.00864613084449893,-0.011288276860571,-0.00411447456092429,RP11-279F6.1,F,0.0222873627237108
chr5,42994709,42995527,819,*,6,0.00545830543694585,0.00787277100613775,0.0428991392951536,0.00878924100471901,0.0246202981718485,0.0155011744351474,,F,0.0222873627237108
chr11,70395380,70395513,134,*,2,0.00546086260806079,0.00846742847693059,0.0144624156117429,0.00848767345811581,-0.0119952424957132,-0.00781831376640213,SHANK2,F,0.0222873627237108
chr1,145713717,145714143,427,*,5,0.00548780192304102,0.00709050639483223,0.0540754991725743,0.00893388807765413,0.0109515787970025,0.00557810049013922,CD160,F,0.0222873627237108
chr6,30175074,30175792,719,*,6,0.00548939928103781,0.00854347931939863,0.0549357609353292,0.00987640657558442,-0.050098516431474,-0.0141251131191477,TRIM26,F,0.0222873627237108
chr19,38878553,38878920,368,*,4,0.00550402103987188,0.00511330377360123,0.0533807928060561,0.00826999838854925,0.0221410644239873,0.0162998835548197,GGN,F,0.0222873627237108
chr10,81107848,81108060,213,*,3,0.00551736529030289,0.00788455875938712,0.0182099465701004,0.00793759919560209,0.00835329269497154,0.00187544715809102,PPIF,F,0.0222873627237108
chr13,114917297,114917640,344,*,4,0.00552963381986753,0.00811207710742401,0.0185888467089704,0.00903934727444739,-0.00870318442503026,-0.00425219574328076,,F,0.0222873627237108
chr21,47649172,47649776,605,*,4,0.00553534650183725,0.00989105675306131,0.0201388310983718,0.00923189952298863,-0.0334663232791153,-0.00244155102572709,MCM3AP-AS1,F,0.0222873627237108
chr14,54422052,54422925,874,*,4,0.00553660015937706,0.0100796791788932,0.0428815149279495,0.0112790998157435,-0.00615792987259754,-0.00255813781709008,BMP4,F,0.0222873627237108
chr3,183873429,183873645,217,*,2,0.00553988310103425,0.00663535830509409,0.0226959244569244,0.0080084497025115,-0.00509769861395366,-0.000934384889617862,"EIF2B5, DVL3",F,0.0222873627237108
chr13,46549535,46550203,669,*,3,0.00554198703836879,0.0052374508826943,0.035629359793485,0.00764233850993677,-0.0198835602452783,-0.0139623412412535,ZC3H13,F,0.0222873627237108
chr19,50832552,50832861,310,*,6,0.00555055495638798,0.0105302421033616,0.0559588312439661,0.0103745417075304,0.0214808194184035,0.0110085059628299,KCNC3,F,0.0222873627237108
chr4,6536914,6537220,307,*,3,0.00555055495638798,0.00803993369746606,0.0168357924141802,0.00868648116481141,0.0177044905975694,0.00405441957623657,PPP2R2C,F,0.0222873627237108
chr17,74705685,74705806,122,*,2,0.00555924221999929,0.00625176762983799,0.0230079226129754,0.00776060650171274,0.00924623283528792,0.00606835743982526,MXRA7,F,0.0222873627237108
chr5,76382885,76383494,610,*,10,0.00556503847852063,0.00657548762925704,0.0492477876336257,0.00995435473217771,-0.0182076952365041,0.00143705430583508,"ZBED3-AS1, ZBED3",F,0.0222873627237108
chr12,50426531,50427095,565,*,4,0.00556846481593232,0.0103543186136076,0.0153884936427576,0.00970696824458776,-0.0560600477365506,-0.0259443085039488,RACGAP1,F,0.0222873627237108
chr10,15355978,15356129,152,*,2,0.00556920977758516,0.009171701929718,0.012904171888162,0.00805821911939817,-0.0619566105049185,-0.0347576419647412,FAM171A1,F,0.0222873627237108
chr11,46143434,46143993,560,*,3,0.00558062415702099,0.00923255169629675,0.0188198151436125,0.00859497897599778,0.00989664316563395,0.00428283246741218,,F,0.0222873627237108
chr1,179556363,179556766,404,*,3,0.00558088717217648,0.00750586906523107,0.019646658419921,0.0086771032705448,-0.00866024145219224,0.0014788049510979,RP11-545A16.3,F,0.0222873627237108
chr3,15373710,15374586,877,*,8,0.00558402601767394,0.0107508850110127,0.0569776628666369,0.0110474792316377,0.0116534067390858,0.00455420383094954,SH3BP5,F,0.0222873627237108
chr10,103875497,103875969,473,*,3,0.00558919684360588,0.00441774907479959,0.0263466988893585,0.00637810016895616,-0.0272474962887838,-0.008079167967619,LDB1,F,0.0222873627237108
chr19,56147306,56148037,732,*,2,0.00560224725629099,0.00519164903158559,0.015043575031028,0.00624577289710031,0.00751113977695839,0.00731398268622024,"ZNF580, ZNF581",F,0.0222873627237108
chr2,85921438,85921963,526,*,3,0.00561036547253308,0.00760729494360688,0.0328433783429008,0.0093789119192903,0.0557124004006152,0.0477234785580575,GNLY,F,0.0222873627237108
chr8,145043296,145043333,38,*,2,0.00564244050700187,0.00768913267907785,0.0159007470644327,0.00827531712782628,0.0137499273484643,0.00174646166241582,PLEC,F,0.0222873627237108
chr4,120549556,120550423,868,*,7,0.00564344277829582,0.00981922667557377,0.0691702821735394,0.011940548274252,-0.0122755457422785,0.000902323508792247,PDE5A,F,0.0222873627237108
chr12,57848560,57849270,711,*,4,0.00565868746103557,0.00503048004400098,0.0320565726425249,0.00740407034015687,-0.0297499724175017,-0.000564786715146176,INHBE,F,0.0222873627237108
chr17,48194500,48195107,608,*,5,0.00566625201326088,0.00890937145173226,0.023293100103618,0.0091408763132686,-0.0109969916433769,0.00176831980550757,SAMD14,F,0.0222873627237108
chr1,204839606,204839875,270,*,4,0.00569183874713653,0.00862728339481688,0.0156532010750855,0.00900418596668077,0.027044564193341,0.0141357775403843,NFASC,F,0.0222873627237108
chr12,122257644,122257870,227,*,2,0.00569183874713653,0.00803743006531805,0.0144325856432852,0.00815574496825358,0.0174553189801259,0.00491542737531958,SETD1B,F,0.0222873627237108
chr5,171708977,171709304,328,*,2,0.00569183874713653,0.00750659418133859,0.0263784936367636,0.0088075900274432,-0.023767029936745,-0.0195760939766751,UBTD2,F,0.0222873627237108
chr12,124119250,124119657,408,*,2,0.00570673849763293,0.00777167976199609,0.0239318884969409,0.00898069899362248,-0.0126559198661423,-0.00459091171685416,GTF2H3,F,0.0222873627237108
chr1,1406266,1406845,580,*,2,0.00571605237311387,0.00490098348946829,0.0138782366952508,0.00579728158069194,0.0107047216745673,0.00248396938673165,,F,0.0222873627237108
chr6,7313384,7313731,348,*,7,0.00572153275337751,0.0103552301478646,0.0347107775204651,0.00962382939050784,0.0183531810981513,0.00390578580759101,SSR1,F,0.0222873627237108
chr3,181443971,181444757,787,*,6,0.00572237908730216,0.00428248316783844,0.0562665134457882,0.00794216434063787,-0.0448184565691052,-0.01440791116981,SOX2-OT,F,0.0222873627237108
chr2,217530276,217530592,317,*,2,0.00572237908730216,0.00847593897234976,0.0140989547166037,0.00829567599826002,0.00986700081467973,0.00690132589860726,,F,0.0222873627237108
chr22,18043394,18043745,352,*,2,0.00573730057653352,0.00845786086908269,0.0231854892761535,0.0093968872605604,-0.00948469148814424,-0.0092841103650142,SLC25A18,F,0.0222873627237108
chr19,12779890,12780830,941,*,9,0.00574624776415728,0.00393423302663937,0.0570120201013397,0.00694696534185092,0.0115769933589647,0.00821224632636654,"WDR83, CTD-2192J16.24, WDR83OS",F,0.0222873627237108
chr10,62492157,62492301,145,*,2,0.00577617457517007,0.0059780447464284,0.0171868193190933,0.00720513188753317,0.00667443691546649,0.00307722319738852,ANK3,F,0.0222873627237108
chr13,37572869,37574825,1957,*,17,0.00577642393997456,0.00243149320110549,0.0589598849708661,0.00344929905969956,0.0209530023905003,0.00754437802173598,"EXOSC8, ALG5",F,0.0222873627237108
chr6,27759817,27760147,331,*,3,0.00578039566836078,0.00801267630828324,0.016259928162165,0.00865971767257208,0.0161169479245995,0.00797273823082281,,F,0.0222873627237108
chr11,76572061,76572255,195,*,3,0.00578680730444307,0.00748410417431128,0.0320937755702939,0.00889985167038003,0.00531617121104951,0.00356650310956274,ACER3,F,0.0222873627237108
chr3,10334717,10334760,44,*,4,0.00581585825045362,0.00785651445838344,0.021033713110058,0.00828072457256222,-0.0602637206293621,-0.0594157101264713,GHRLOS,F,0.0222873627237108
chr22,46508454,46509615,1162,*,11,0.00583462727264801,0.00211155084803074,0.0521455311840154,0.00475182957803256,-0.0176105669921655,-0.00121103545799734,"FLJ27365, MIRLET7A3, MIR4763, MIRLET7B",F,0.0222873627237108
chr12,39836148,39836712,565,*,4,0.00583942186720784,0.010656556883064,0.0164263937839211,0.0100421187195029,0.00887118233870102,0.00233790747488889,KIF21A,F,0.0222873627237108
chr3,169481968,169482358,391,*,2,0.00585084738332084,0.0107350961239402,0.0151791911065926,0.00986903889292721,0.0141894100398473,0.00500967450712072,TERC,F,0.0222873627237108
chr7,4746964,4747261,298,*,5,0.00585864505501037,0.00760257183370359,0.0219990627056515,0.00921449057266677,-0.0208796536278653,-0.0144908651897237,FOXK1,F,0.0222873627237108
chr6,41168801,41169049,249,*,6,0.00587483861223196,0.00488797788998716,0.0544315024121438,0.00813412476040169,-0.0520808203872417,-0.0313848095572964,TREML2,F,0.0222873627237108
chr20,20347593,20348331,739,*,2,0.00587847629778096,0.00416351951106322,0.0165754755159069,0.00548881360928893,-0.00719478918016035,-0.00423532428647062,,F,0.0222873627237108
chr7,1199841,1200435,595,*,9,0.00591281839118195,0.00774999660949829,0.094085407187388,0.010842277294323,0.00969135173033531,0.00143646032281267,"AC091729.9, ZFAND2A",F,0.0222873627237108
chr3,128778699,128780164,1466,*,9,0.00592534644811981,0.00330779108333789,0.0662437589486105,0.00646885877851272,-0.0705594358540163,-0.0388319364816326,GP9,F,0.0222873627237108
chr1,225616198,225617030,833,*,5,0.00597176309067476,0.00650379186987926,0.0305977452107544,0.0070810213483102,0.0218707820700097,0.0129577440938419,LBR,F,0.0222873627237108
chr11,8285031,8285736,706,*,11,0.00597405271242393,0.00470502868998476,0.119481510717178,0.0107920612059254,0.0105728820165163,0.00441111929941293,LMO1,F,0.0222873627237108
chr8,70906736,70907000,265,*,3,0.00600248788959653,0.0064357309088034,0.0298603011474603,0.00807399746112987,0.0112481015651101,0.00912343329642407,,F,0.0222873627237108
chr5,122434472,122435202,731,*,6,0.00601732333221455,0.00531507538687261,0.0446115343803392,0.00764460571068501,0.00895358131146487,0.00109693347606793,PRDM6,F,0.0222873627237108
chr15,78592154,78592306,153,*,2,0.00602019313316011,0.00900043887354015,0.0132622057327462,0.00814024064096036,0.0215742303262196,0.0139376329758295,,F,0.0222873627237108
chr16,20417044,20417094,51,*,2,0.00602472183360223,0.0100178356353153,0.0137287900939543,0.0088075900274432,-0.0186267937106088,-0.0155402537734144,,F,0.0222873627237108
chr20,55835350,55836224,875,*,3,0.00602512288561297,0.00855707778447698,0.0371638310446063,0.00999862005318561,-0.017149361698178,-0.00862264286465882,BMP7,F,0.0222873627237108
chr4,70860724,70861449,726,*,2,0.00602631344235642,0.00627676469973497,0.0201348340120355,0.00763519289679162,-0.0184521967115338,-0.0184082545285967,,F,0.0222873627237108
chr10,90750898,90751623,726,*,10,0.00604425973236468,0.00938649449436884,0.0562665134457882,0.0110891179118476,0.0161350295521406,0.00780504449329631,"FAS, ACTA2",F,0.0222873627237108
chr5,76250351,76250527,177,*,2,0.00605124569870021,0.00894095450728671,0.0178433947982026,0.00933315128846005,-0.00788469573445207,-0.00745689970249165,CRHBP,F,0.0222873627237108
chr1,156737458,156738798,1341,*,5,0.0060552571670444,0.00819747945189002,0.0411611305680634,0.010964547436645,0.0163578407719132,0.0095745813604476,PRCC,F,0.0222873627237108
chr7,90895894,90896701,808,*,4,0.00606109806360523,0.00415772560477915,0.0439325645914392,0.00692922545455437,0.0422611001834751,0.0278329717813004,FZD1,F,0.0222873627237108
chr3,50374929,50376475,1547,*,27,0.00606263536639777,0.00946951793554788,0.0878951285690019,0.0101313118502715,0.0197335054087301,0.00305794404599762,RASSF1,F,0.0222873627237108
chr3,158518888,158519176,289,*,4,0.00606263536639777,0.00657443225436839,0.0570513862884369,0.00956887082173616,-0.0069700481651177,-0.00403228219146541,"MFSD1, RP11-379F4.9",F,0.0222873627237108
chr16,31723470,31723830,361,*,2,0.00608942328645643,0.00899939352216542,0.0180621721908296,0.00937357344473193,-0.0167117059896138,-0.000812081268804388,,F,0.0222873627237108
chr12,56367210,56367262,53,*,3,0.00609487069050979,0.00676475825640226,0.0138425532435755,0.00653122804761825,0.0151712393362197,0.014428403233402,,F,0.0222873627237108
chr17,80059408,80059540,133,*,2,0.00609919308901506,0.00788766465246306,0.0297496962212317,0.00925075105733908,0.00791376394646615,0.00370265147203569,CCDC57,F,0.0222873627237108
chr17,62207299,62208049,751,*,8,0.00610073238098115,0.0089728500450655,0.0668109382471436,0.00995435473217771,0.00795216204265898,0.00257049175358779,ERN1,F,0.0222873627237108
chr1,48937016,48937653,638,*,5,0.00612183082745726,0.00630076632016141,0.0346012971084667,0.00903503749650349,-0.0602749292177886,-0.0156229681988659,SPATA6,F,0.0222873627237108
chr1,108743240,108743728,489,*,5,0.00612533944436908,0.00865641154224429,0.025181687877621,0.0088041896498508,0.0163552868897842,0.0110490548427066,"RP11-483I13.5, SLC25A24",F,0.0222873627237108
chr6,3458177,3458577,401,*,2,0.0061531841608697,0.00711789337499187,0.0205758528497454,0.00823816014458836,0.0424256143791237,0.0161233827336496,,F,0.0222873627237108
chr19,11266500,11267029,530,*,6,0.00615746612146983,0.00850502087074457,0.0532997150688401,0.00893388807765413,0.0193130403314086,0.00396073245251532,,F,0.0222873627237108
chr2,220381734,220381812,79,*,3,0.00616265407280369,0.0106579159714635,0.0153501819585996,0.00868899724468762,0.00939912406543313,0.00577017576605094,ASIC4,F,0.0222873627237108
chr11,18433500,18434354,855,*,7,0.00616614383970219,0.00504581060164405,0.0930470680481644,0.00993514445820407,-0.042268818082146,-0.0308606068273671,LDHC,F,0.0222873627237108
chr15,26915257,26915752,496,*,4,0.00616646584639097,0.00531039488503672,0.0436168566032482,0.00803479288496432,0.0244865110394525,0.00890343235420856,GABRB3,F,0.0222873627237108
chr14,21248497,21249405,909,*,2,0.00616646584639097,0.00464937450974429,0.0164985062496045,0.00590843098000595,-0.0144741362953242,-0.0117258931996205,RNASE6,F,0.0222873627237108
chr5,176036806,176037510,705,*,5,0.00616708701214041,0.0104198682535777,0.0421546865476041,0.00981085324499424,0.00816948387608829,0.00234618436405889,GPRIN1,F,0.0222873627237108
chr11,1082797,1083483,687,*,7,0.00617414400275941,0.00800356783150534,0.0491952652203452,0.0108564390856375,0.0320122366513781,0.0139408711996797,MUC2,F,0.0222873627237108
chr12,122251088,122251152,65,*,2,0.00619173529916401,0.00749131882360908,0.0216382960245329,0.00862131972933039,-0.0504333500977094,-0.0298367118762025,SETD1B,F,0.0222873627237108
chr18,43683922,43684932,1011,*,18,0.00620475199238729,0.010761658433879,0.0986534049012717,0.0113231137698092,-0.0599744336797348,0.0015271764744852,"HAUS1, ATP5A1",F,0.0222873627237108
chr12,4757717,4757759,43,*,3,0.00620475199238729,0.00869457094639649,0.0278504015907194,0.0102341532805454,0.0176125201891284,0.0144158365549991,"RP11-500M8.7, AKAP3",F,0.0222873627237108
chr17,37355961,37357067,1107,*,10,0.00621088991396796,0.00594863718234228,0.0733382206988929,0.00958561761152945,0.0101487743206091,0.00450015607460111,RPL19,F,0.0222873627237108
chr17,29421530,29422806,1277,*,14,0.00621677518360401,0.00927088210725856,0.0273552217761265,0.00930401755262127,-0.0177356919068381,0.00300346035093247,"NF1, RP11-848P1.5",F,0.0222873627237108
chr12,109826364,109826649,286,*,6,0.00622246671489692,0.00738176754711223,0.0666376595743682,0.0105236734533615,-0.0219645745732674,-0.0109710163698584,MYO1H,F,0.0222873627237108
chr14,101317620,101317819,200,*,3,0.00622556616204207,0.00527841668785234,0.036082772251167,0.00774550311577962,-0.0119572044995581,-0.00554394084516933,"MEG3, RP11-123M6.2",F,0.0222873627237108
chr1,226187478,226188006,529,*,4,0.00623698525270367,0.00936336391003114,0.0479952133500766,0.0111805059539556,-0.0260398213657482,-0.0076313598910104,,F,0.0222873627237108
chr1,145438031,145439013,983,*,16,0.0062617906526397,0.00711789337499187,0.0709244023708802,0.0134586237620876,0.0314512751984592,0.00837520503994339,TXNIP,F,0.0222873627237108
chr4,160188727,160188736,10,*,2,0.00626773296693317,0.0078888858749423,0.0207123915842921,0.00893189653160139,-0.0159595673437301,-0.0122081750853001,RAPGEF2,F,0.0222873627237108
chr17,1792008,1792197,190,*,3,0.0063007118917745,0.0101325453909318,0.0270536051317598,0.00962382939050784,-0.0119411971252752,-0.0110733807580959,RPA1,F,0.0222873627237108
chr19,41724653,41724898,246,*,2,0.00630353494734023,0.00660625026755703,0.0243494614367282,0.00806127048185419,-0.00537011943942206,-0.00459190733855186,,F,0.0222873627237108
chr1,47136757,47137226,470,*,3,0.00630679640514958,0.00803993369746606,0.028157904707858,0.0090418947780804,-0.0172952473699926,-0.00619085309829096,"TEX38, ATPAF1, EFCAB14",F,0.0222873627237108
chr19,45926585,45927190,606,*,9,0.0063148255212055,0.0103545363604618,0.0931010004331954,0.0194743207309273,0.0165400515044365,0.00514031616095056,ERCC1,F,0.0222873627237108
chr8,52321814,52322171,358,*,6,0.00631494371559182,0.00693814295841989,0.0488198615484544,0.00909953684188107,0.0189887075443769,-0.000187622566876877,PXDNL,F,0.0222873627237108
chr12,133430564,133431064,501,*,5,0.00631749171012358,0.00880198862436864,0.0515953914027937,0.0108573482390047,-0.0190877230276095,-0.00809091625456246,CHFR,F,0.0222873627237108
chr11,31843388,31843886,499,*,2,0.00631749171012358,0.00764523354520819,0.0263955431532721,0.00896869225465428,0.0239627508105773,0.00855003910347504,RCN1,F,0.0222873627237108
chr19,7764345,7764362,18,*,2,0.00631880554575778,0.00927416500442803,0.012904171888162,0.00807399746112987,0.0121748239135949,0.00673715416225415,FCER2,F,0.0222873627237108
chr17,33446536,33447236,701,*,12,0.00632021713576449,0.0081133233053889,0.0795362837682094,0.011273174081759,0.0251898123110705,0.0089391176646984,"RAD51L3-RFFL, RAD51D",F,0.0222873627237108
chr5,92918068,92918072,5,*,2,0.00632124226652445,0.00911341720567627,0.0222947596712231,0.00985534697486283,0.0330454564079717,0.0319668132948524,NR2F1-AS1,F,0.0222873627237108
chr11,192096,192141,46,*,2,0.0063242511904729,0.00838349337131943,0.0162825446194005,0.00888460135199946,0.00688432568657026,0.00686109999335047,BET1L,F,0.0222873627237108
chr16,3661890,3662233,344,*,3,0.00632704755095971,0.00800356783150534,0.0177925428446565,0.00694696534185092,0.0297707223092221,0.0203721428394292,DNASE1,F,0.0222873627237108
chr4,570361,571120,760,*,4,0.00633575018461041,0.00497481254092704,0.0208915303835685,0.00673322292460692,0.033338477428949,0.0154898903968417,,F,0.0222873627237108
chr6,26521005,26521747,743,*,5,0.00635193157309209,0.00841100382361748,0.0401417587538628,0.0106553782073888,0.0136933202788625,0.00846321607070389,,F,0.0222873627237108
chr20,3024107,3024368,262,*,4,0.00635701512162951,0.00819098857079431,0.0204734215283249,0.00893189653160139,0.00951697533702445,0.0052145069471963,GNRH2,F,0.0222873627237108
chr4,1808376,1808586,211,*,2,0.00636048453620149,0.00638853817870331,0.0233454244934147,0.00788719163163167,0.00792876162447564,0.00639423321953153,FGFR3,F,0.0222873627237108
chr5,174115485,174115735,251,*,5,0.00636505675375754,0.0081802917078379,0.0168680158684577,0.00928792044632391,0.0144396737521838,0.00194462956212664,,F,0.0222873627237108
chr17,1530856,1531232,377,*,2,0.00637449666533762,0.0107481280531681,0.0369297626372891,0.0123839407300921,-0.0104486684480731,-0.00320878292981607,SLC43A2,F,0.0222873627237108
chr5,82770250,82770440,191,*,2,0.00641080428024283,0.00805719320646073,0.0134889546471426,0.00783310190392338,0.0104371434241814,0.0027062652360182,VCAN,F,0.0222873627237108
chr6,26272333,26273182,850,*,7,0.00641258691113802,0.00578456831758485,0.0298387161788755,0.00738666046093964,0.0224765033589202,0.0136036418163818,"HIST1H2BI, HIST1H2APS4",F,0.0222873627237108
chr4,87813585,87814065,481,*,7,0.00642951356253736,0.00497602527476261,0.0516400291998996,0.00862680613656963,0.016508373274901,0.000386695128067849,C4orf36,F,0.0222873627237108
chr1,3704244,3704559,316,*,4,0.00643305496996953,0.00808045630917019,0.061158668902069,0.0111160808366003,0.0409890938192264,0.0301882999852154,LRRC47,F,0.0222873627237108
chr13,114908876,114909333,458,*,3,0.00645050368537683,0.00645168894245468,0.0343413390231678,0.00843204121253261,0.0647726473731307,0.0569401860853851,,F,0.0222873627237108
chr3,50426605,50426640,36,*,2,0.00645793122822816,0.00873532989488074,0.0163603785499718,0.00911041146786464,0.0154377729021291,0.00199390898220514,CACNA2D2,F,0.0222873627237108
chr19,42916673,42916966,294,*,2,0.00646019298447355,0.00929862462877052,0.0143354280195158,0.00883347653120237,0.00765418708377996,0.00275748770540973,"LIPE-AS1, LIPE",F,0.0222873627237108
chr3,107244719,107244746,28,*,2,0.00646722115278488,0.00703456340797928,0.0240060426591002,0.00832226235401664,-0.0215197615047704,-0.0129792278909425,BBX,F,0.0222873627237108
chr6,27114655,27114943,289,*,2,0.00656301453763472,0.00652006112264322,0.0225781247136511,0.00795082730791904,0.0132676325980285,0.0119602025332032,HIST1H2AH,F,0.0222873627237108
chr6,31240651,31241000,350,*,2,0.00662423537897274,0.0092643771375531,0.0337976547290088,0.01064172863171,-0.00706670039950508,-0.00659024804724007,,F,0.0222873627237108
chr16,14725618,14725637,20,*,2,0.00663990871279855,0.00970492674456418,0.031345019649115,0.0108868176674674,-0.0200377966800445,-0.0198163893057092,PARN,F,0.0222873627237108
chr2,241567835,241568880,1046,*,4,0.00664107059696843,0.00760729494360688,0.0343354402783819,0.00921449057266677,0.0118175414596765,0.00715096812681185,GPR35,F,0.0222873627237108
chr17,1134906,1134911,6,*,3,0.00668269624368138,0.00673589836225417,0.0346689927031359,0.00862131972933039,-0.0249740161601598,-0.0197293910521402,,F,0.0222873627237108
chr7,2445843,2446566,724,*,2,0.00668269624368138,0.00951410160980052,0.0267363053749034,0.0104605547485944,0.00820564253861461,0.00435840169074037,CHST12,F,0.0222873627237108
chr1,227173653,227174512,860,*,3,0.0066858319800044,0.00705921826678247,0.0186502585446777,0.00694696534185092,-0.0520856350548413,-0.0165411928280124,ADCK3,F,0.0222873627237108
chr5,40680416,40680670,255,*,3,0.00669400241287477,0.00951503546076973,0.0648875758269476,0.0131212532191636,0.00795067394842784,0.00491010145068563,PTGER4,F,0.0222873627237108
chr13,31191332,31191512,181,*,2,0.00675855866210719,0.00811816441877806,0.0187141928259608,0.00898268922230319,0.0101886202903747,0.00579140774330778,HMGB1,F,0.0222873627237108
chr13,100002990,100003011,22,*,2,0.00680405738159122,0.00900938996737031,0.0162020112825152,0.00921449057266677,-0.00748503673521339,-0.00654643243718145,UBAC2,F,0.0222873627237108
chr11,34072820,34073162,343,*,6,0.00682780535079909,0.00950066511113301,0.0410639867571111,0.0116006942544001,0.0186358319054714,0.00645457163095045,,F,0.0222873627237108
chr16,31505062,31505237,176,*,3,0.00685355041967803,0.00573491988219666,0.041064780441363,0.00815574496825358,0.0133594796759083,0.00609521314804629,C16orf58,F,0.0222873627237108
chr19,50143224,50143951,728,*,9,0.00685807267035915,0.00908952373280176,0.064880053467331,0.0113910708868803,0.0125958847780725,0.00558203300013331,RRAS,F,0.0222873627237108
chr8,142427930,142428317,388,*,4,0.00685807267035915,0.00830778007541822,0.0364716358728483,0.00928851312303044,-0.0132947331073862,0.00217477328842022,PTP4A3,F,0.0222873627237108
chr6,137113776,137114243,468,*,5,0.00687514323514611,0.00914349285661736,0.0534389148912365,0.00930401755262127,0.00615025111084087,0.00226861648890992,,F,0.0222873627237108
chr7,157648006,157648749,744,*,5,0.00688631008078273,0.0101172833252837,0.0224291481931328,0.0114690945752873,-0.030388279281797,-0.0126379827954789,"AC011899.9, PTPRN2",F,0.0222873627237108
chr11,86510915,86512100,1186,*,8,0.00689113466116731,0.00729592906337571,0.0512233753193314,0.00873104112735297,-0.0185757261577098,-0.00635731875098975,PRSS23,F,0.0222873627237108
chr17,34901364,34901867,504,*,2,0.0069003041830844,0.00828390719741866,0.0130709264257955,0.0077982156746556,0.0110853555643938,0.00552975904539265,GGNBP2,F,0.0222873627237108
chr9,71789541,71789653,113,*,2,0.00690203146134875,0.00899939352216542,0.0169949769809609,0.00930401755262127,0.0148320972904188,0.00870276217585739,TJP2,F,0.0222873627237108
chr7,142982262,142982463,202,*,2,0.00690203146134875,0.00770825182501546,0.0260000574275978,0.00900418596668077,-0.0126389969516697,-0.0108958414442456,"TMEM139, AC073342.12",F,0.0222873627237108
chr2,238790781,238790852,72,*,2,0.00690393486664754,0.00734513252448613,0.026753257124244,0.00867037315374507,-0.00777575320801649,-0.000389678235845958,RAMP1,F,0.0222873627237108
chr1,2230601,2230923,323,*,4,0.00691785521947222,0.00989964362473218,0.0290057582901814,0.00951092677842195,0.0327681074827575,0.0220232753042558,SKI,F,0.0222873627237108
chr8,55087084,55087818,735,*,4,0.00692697498783807,0.00645168894245468,0.0550652749866199,0.00926448605931215,0.0134114996698759,0.00667179421196179,,F,0.0222873627237108
chr8,144593057,144593087,31,*,2,0.00693073673385575,0.0073851379988042,0.0260235714044969,0.00868648116481141,-0.0193900385544167,-0.0168095009383735,ZC3H3,F,0.0222873627237108
chr7,4803811,4804431,621,*,3,0.00698068122851893,0.00820993260995665,0.020356337756243,0.00905617041341522,-0.0396575790467203,-0.0191552073495841,FOXK1,F,0.0222873627237108
chr2,209119030,209119250,221,*,3,0.00698086393015424,0.00929862462877052,0.0244580990371686,0.00922771704609587,0.0113301879054278,0.00752315748823197,IDH1,F,0.0222873627237108
chr19,11484815,11485746,932,*,12,0.00698163307404578,0.0106759337981408,0.0630523946009031,0.0144110810426662,0.015711564790099,0.00383867288169286,"SWSAP1, CTD-2342J14.6",F,0.0222873627237108
chr2,19558368,19558808,441,*,6,0.00700098506178713,0.00966502251915475,0.0405017379710132,0.0105347973280277,-0.00869381077606476,-0.00130829433608761,OSR1,F,0.0222873627237108
chr14,69658046,69658356,311,*,3,0.00702522394284255,0.00751290380962609,0.0314879044199895,0.00889985167038003,0.00786127676525258,0.00511514593770316,"EXD2, RP11-363J20.1",F,0.0222873627237108
chr4,84035837,84035953,117,*,2,0.00702867080654448,0.00748093712281325,0.0164581904466693,0.00820284081272289,0.0105711093726831,0.00743236170164108,PLAC8,F,0.0222873627237108
chr1,26605913,26606110,198,*,4,0.00704637668413536,0.0102506357514471,0.0429133349508461,0.0116567357090979,-0.0252864812843616,-0.0126856972028058,SH3BGRL3,F,0.0222873627237108
chr2,69968414,69968602,189,*,3,0.00705641000173219,0.0107566084230687,0.0127717014422968,0.00862376585007536,-0.0283118865547651,-0.00968518322843599,ANXA4,F,0.0222873627237108
chr8,132916052,132916406,355,*,7,0.00706999970859647,0.00989964362473218,0.0232522891581521,0.0096377938563872,0.013089621833936,0.00427428334723927,EFR3A,F,0.0222873627237108
chr1,117317838,117318232,395,*,6,0.00707499250969727,0.00657548762925704,0.0763786120958104,0.0107285282525982,-0.0186547630890386,-0.0101822389501847,FTH1P22,F,0.0222873627237108
chr11,601579,601753,175,*,3,0.00709672786593461,0.00764523354520819,0.0345920811137375,0.0092569529340747,-0.00890343920879599,-0.00511876819426878,PHRF1,F,0.0222873627237108
chr14,102785246,102785544,299,*,2,0.00710059490794725,0.00583474724462085,0.0149873271833969,0.00675259187422368,0.0112331576214803,0.00908270517875946,ZNF839,F,0.0222873627237108
chr10,126606107,126606550,444,*,3,0.00714828811427629,0.00808512412032394,0.0535381974122749,0.0107920612059254,0.00929229708546307,0.00336007071103384,RP11-298J20.4,F,0.0222873627237108
chr9,131873514,131873891,378,*,3,0.00715349242480325,0.0073879204935621,0.0426781558514527,0.00951162684157347,0.00721539738105598,0.00234709763235726,PPP2R4,F,0.0222873627237108
chr17,73552110,73552159,50,*,3,0.00717013928934157,0.00963104573743792,0.0140871088640329,0.00896869225465428,0.00878150037370851,0.000605012199316153,LLGL2,F,0.0222873627237108
chr20,21085004,21086336,1333,*,6,0.007175008322877,0.00464937450974429,0.0232873217291792,0.00543117964085625,-0.0161258759993318,-0.00491848071188507,LINC00237,F,0.0222873627237108
chr3,15902307,15902540,234,*,3,0.007175008322877,0.0051973927318931,0.0383861016288583,0.00774949764876456,-0.0122691640243882,-0.010929084163565,,F,0.0222873627237108
chr7,4267364,4267412,49,*,3,0.007175008322877,0.00846742847693059,0.0212949499999932,0.00862050150980959,-0.0132227843733646,-0.00560858565846108,SDK1,F,0.0222873627237108
chr13,111318490,111318640,151,*,3,0.00717783788474745,0.00667840761943075,0.0196235053038109,0.00797297956142293,-0.0661090370183436,-0.0370410490780559,CARS2,F,0.0222873627237108
chr1,249120106,249120642,537,*,8,0.00719243894470684,0.00591525336169832,0.0635370654255144,0.0090418947780804,0.0146109488391137,0.00728401658641562,"MIR3124, SH3BP5L",F,0.0222873627237108
chr1,2066006,2066446,441,*,4,0.00721219686654178,0.00979795620097899,0.0232008983851516,0.00893388807765413,0.0094438585085308,0.0004045376973838,PRKCZ,F,0.0222873627237108
chr9,90621637,90622205,569,*,3,0.00721765316143458,0.00697414409836187,0.0331765954316001,0.00896869225465428,0.0151283406981823,0.0124213669665732,,F,0.0222873627237108
chr4,174091002,174091422,421,*,2,0.00721843219635663,0.0101144710236594,0.0153501819585996,0.00953366104796263,-0.0218921202232248,-0.00888862733926563,GALNT7,F,0.0222873627237108
chr17,78635363,78635634,272,*,3,0.007241397277158,0.00717831965100877,0.0368934656387624,0.00928851312303044,-0.0195409544280816,-0.0137200301861658,RPTOR,F,0.0222873627237108
chr19,16187889,16188274,386,*,2,0.00724673966271495,0.00751290380962609,0.0284005536896928,0.00893388807765413,0.0154479201650811,0.00385018619202229,TPM4,F,0.0222873627237108
chr19,3387811,3388047,237,*,3,0.00725004203703737,0.00754525879617457,0.0218419073650148,0.00862376585007536,-0.0415485417155204,-0.0225791531788164,NFIC,F,0.0222873627237108
chr2,122493570,122494379,810,*,5,0.00727669466346838,0.00589939274502216,0.0439754719308827,0.00873104112735297,0.0102113752010183,0.00695665141053869,NIFK,F,0.0222873627237108
chr10,93392399,93393086,688,*,10,0.00727687393645196,0.0101926684572722,0.105260788600856,0.0205664516106153,-0.011289993515293,-0.00359788494125065,PPP1R3C,F,0.0222873627237108
chr17,36859570,36860216,647,*,4,0.00728300232197242,0.00842276601198198,0.016007784063678,0.00815574496825358,0.0101939967318115,0.00731635946046617,"CTB-58E17.1, CTB-58E17.3",F,0.0222873627237108
chr8,56368017,56368202,186,*,3,0.00732700409278727,0.00616586496563791,0.0386105896399784,0.00856357535267817,-0.0193188082286686,-0.0132913649000174,XKR4,F,0.0222873627237108
chr8,104185332,104185501,170,*,2,0.00735147035707716,0.00841100382361748,0.0186206440136866,0.00914792017263822,0.0492413257891124,0.0340702346233864,"BAALC, RP11-318M2.2",F,0.0222873627237108
chr11,82782794,82783685,892,*,14,0.00735784482239656,0.010081988137294,0.0920306425319987,0.0109926729307207,0.0214799298842485,0.00564499778257282,"RAB30-AS1, RAB30, RP11-113K21.4",F,0.0222873627237108
chr8,67348888,67349092,205,*,2,0.0073658477177526,0.00670387162772317,0.0255255905701661,0.00815574496825358,0.00922620434390797,0.00428681787567931,ADHFE1,F,0.0222873627237108
chr3,193310532,193311744,1213,*,15,0.00737214528055664,0.0106414775889858,0.0737946854619973,0.0108922776843233,0.0116929564511178,0.00319523852769574,"OPA1, ATP13A4, RP11-175P19.2",F,0.0222873627237108
chr13,33112842,33113343,502,*,10,0.00738557223823811,0.00989105675306131,0.0547072436529436,0.00928851312303044,0.0313717857988038,0.012884393128272,N4BP2L2,F,0.0222873627237108
chr12,1714851,1714918,68,*,2,0.00738557223823811,0.0103839705144546,0.0129853447435716,0.00860046096430752,-0.0238813337223122,-0.0191971104350607,WNT5B,F,0.0222873627237108
chr1,26797145,26797619,475,*,4,0.00738738314266458,0.00785651445838344,0.0582615463596054,0.010842277294323,-0.0410633523553589,-0.022485155339127,DHDDS,F,0.0222873627237108
chr17,27309113,27309486,374,*,4,0.00739324594822885,0.00803993369746606,0.0290633898835026,0.00922830217341272,-0.0465711618537906,-0.0181201879827137,"PIPOX, SEZ6",F,0.0222873627237108
chr10,100155983,100156205,223,*,2,0.00740090503938446,0.00857041830724166,0.028559219512738,0.00979319790353657,0.0197024576051872,0.00396380737189023,PYROXD2,F,0.0222873627237108
chr7,63386328,63387147,820,*,5,0.00740717258538383,0.00377717918865729,0.0552419665472473,0.0071054555380096,-0.012728468939625,-0.00208342592023785,RP11-73B2.6,F,0.0222873627237108
chr7,157214710,157215172,463,*,4,0.00740801110668769,0.00630076632016141,0.0559919104815688,0.00933088507289546,-0.0122185969011478,-0.00357383519764981,,F,0.0222873627237108
chr2,189156874,189157510,637,*,10,0.00741074579047437,0.00981922667557377,0.10952834421161,0.0168984660652571,-0.0206692837074951,-0.0105067483740272,GULP1,F,0.0222873627237108
chr14,23587687,23588162,476,*,2,0.00741693567990887,0.0101049487411511,0.0343344450532903,0.0114508836024583,-0.0312565635465891,-0.0244129974280936,CEBPE,F,0.0222873627237108
chr4,124319883,124321007,1125,*,6,0.00743731950379269,0.00470502868998476,0.0440133532691512,0.00689884274385631,-0.0230757865319872,-0.00132577137137271,SPRY1,F,0.0222873627237108
chr20,305874,307540,1667,*,10,0.007466563246936,0.00267238793878616,0.0612633203486396,0.00615213519039912,0.0123945003078621,0.00207903423481806,"SOX12, RP5-1103G7.4",F,0.0222873627237108
chr2,27665017,27665543,527,*,9,0.00747910922687207,0.00560474796029248,0.126607060700626,0.0122202295132601,-0.038206640565659,-0.0195432267456215,"NRBP1, KRTCAP3",F,0.0222873627237108
chr3,52868999,52869738,740,*,5,0.00749282605762919,0.0077630370910647,0.0335185824832484,0.00809115483726308,-0.00897416517281613,-0.00131008170582936,"RP5-966M1.6, MUSTN1, TMEM110-MUSTN1",F,0.0222873627237108
chr3,52407081,52407344,264,*,2,0.0074963383168468,0.00953946415967267,0.014947370055405,0.00914792017263822,-0.0127439046794622,-0.0010384199891794,DNAH1,F,0.0222873627237108
chr4,117626700,117627109,410,*,3,0.00751339561680182,0.0107576580619676,0.0308553116270674,0.010272730949981,-0.0162316626540323,-0.000921043608366164,,F,0.0222873627237108
chr13,108866993,108867154,162,*,4,0.00756877098495202,0.00752040280824039,0.0417313708099644,0.0100619862011543,0.0514036892031514,0.0307201538413326,LIG4,F,0.0222873627237108
chr8,144442847,144443217,371,*,2,0.00761936978401633,0.00718151987854254,0.0261536916895804,0.00859497897599778,0.0196548452718954,0.00463907870136684,,F,0.0222873627237108
chr5,149980486,149980682,197,*,4,0.00762267213094407,0.00890937145173226,0.0266767004382986,0.00971635126721456,0.0175175569258771,0.00784490752025063,SYNPO,F,0.0222873627237108
chr7,1624987,1625357,371,*,2,0.00763574236275085,0.00937817050818157,0.0337827585292135,0.0107285282525982,-0.00979553118645582,-0.00420613657926278,PSMG3-AS1,F,0.0222873627237108
chr8,65290109,65290484,376,*,3,0.00763904908974003,0.00906102817179266,0.0304895378405682,0.0100165908513005,-0.0233883408677706,-0.00367041291739843,LINC00966,F,0.0222873627237108
chr1,223853928,223853949,22,*,2,0.00763904908974003,0.00946085561184147,0.0330185655278568,0.0107602101380133,-0.0211403961408239,-0.013744337683401,,F,0.0222873627237108
chr17,81028049,81028496,448,*,5,0.00767289101124558,0.00546889666834253,0.0637410724259825,0.00901407272953047,0.0253623815338334,0.0127490988980516,,F,0.0222873627237108
chr19,4652104,4652549,446,*,4,0.00767289101124558,0.0103170359428758,0.0201243699517908,0.010485967841495,0.0121563611821636,0.00787590587343587,"TNFAIP8L1, C19orf10",F,0.0222873627237108
chr2,88649907,88650305,399,*,4,0.00767329187343385,0.00936336391003114,0.0336827702020017,0.00971635126721456,-0.0185894343876479,-0.00673328037037642,,F,0.0222873627237108
chr8,81785255,81785835,581,*,4,0.00771514791116502,0.0100672187215311,0.0264728212615487,0.0107920612059254,-0.0236242794599495,-0.00202907528743698,ZNF704,F,0.0222873627237108
chr6,26188969,26189234,266,*,3,0.00772944323378952,0.0106586673535043,0.0173635564874806,0.0101485426912525,0.010005682014356,0.0073119984894853,HIST1H4D,F,0.0222873627237108
chr8,96036568,96036803,236,*,2,0.00773172468672553,0.00630076632016141,0.0239038852107506,0.00783310190392338,-0.03023747021536,-0.016338967083085,NDUFAF6,F,0.0222873627237108
chr20,3189677,3190600,924,*,12,0.00773243734654821,0.0106756020374492,0.112038095066757,0.0112790998157435,0.0191587912066656,0.0101808914010806,ITPA,F,0.0222873627237108
chr2,158300475,158300485,11,*,2,0.00773451811436197,0.00667919590443982,0.0175654592854735,0.00783310190392338,0.0107440031392959,0.0105464337086437,CYTIP,F,0.0222873627237108
chr11,32449821,32450244,424,*,4,0.00774967852345881,0.00630447826680934,0.047461240311282,0.00895149151113021,0.00758741386936623,0.00207626180890066,WT1,F,0.0222873627237108
chr14,102050490,102051071,582,*,5,0.00778094234656437,0.00471122786368823,0.0625283946537507,0.00829283559153749,0.0337652311249766,0.0146754389070641,,F,0.0222873627237108
chr12,6949114,6949472,359,*,4,0.00779360669799493,0.00577354054347509,0.0442874699092411,0.00833682157145017,0.0338861053039445,0.0222194459450702,GNB3,F,0.0222873627237108
chr18,70534298,70535005,708,*,5,0.00779620093690176,0.00981922667557377,0.0298834067533269,0.00827604577076984,-0.0400773150803289,-0.0259580614958775,NETO1,F,0.0222873627237108
chr1,179923514,179923973,460,*,8,0.00782846412158009,0.0102651973731099,0.0737761823309536,0.0145148718795949,0.0157557490042583,0.00414046815161051,"CEP350, RP11-533E19.5",F,0.0222873627237108
chr17,48350468,48350867,400,*,7,0.00784266634941909,0.0105189709949852,0.0727831368645691,0.011823512100984,-0.0145243436520487,-0.00163440393326118,TMEM92,F,0.0222873627237108
chr13,44359415,44360259,845,*,5,0.00784478566557999,0.00525160272560943,0.0651026372591205,0.00903633674022568,-0.0107892329190209,-0.00281748685688645,ENOX1,F,0.0222873627237108
chr2,25599488,25600752,1265,*,5,0.00786758107862733,0.00823464621081486,0.0367735136208333,0.00692042782914996,0.0238416648543687,0.0105628969248154,DTNB,F,0.0222873627237108
chr6,112115117,112115430,314,*,4,0.00787471933249504,0.0101032353087255,0.0194320852641042,0.0108110724799313,0.0339913884116847,0.0173702528094609,FYN,F,0.0222873627237108
chr5,66459046,66459594,549,*,4,0.00789272586287586,0.00664365551180423,0.0374412492987516,0.0086771032705448,0.00972330227688578,0.00542648190282769,MAST4,F,0.0222873627237108
chr2,207629829,207630597,769,*,14,0.00792831866797809,0.00835628535197991,0.0959755654458984,0.0118992460682407,0.0139681601319451,0.00181201222816094,"FASTKD2, MDH1B",F,0.0222873627237108
chr1,153931224,153931566,343,*,4,0.00794877341985992,0.0077015605144449,0.038772750145876,0.00978615716517075,0.024980348914723,0.00679036463503378,,F,0.0222873627237108
chr2,29337946,29339091,1146,*,13,0.00796244363218367,0.00916603962996027,0.0208836271924236,0.00777673567126863,0.0105205270161987,0.00317113519890012,CLIP4,F,0.0222873627237108
chr7,2261337,2262479,1143,*,6,0.00797184204866859,0.00803743006531805,0.0153439578586491,0.0060691011204823,-0.017003878110935,-0.00291858973761181,MAD1L1,F,0.0222873627237108
chr5,1489818,1489889,72,*,3,0.00797742493844005,0.00988763892199741,0.0266406903772882,0.0101485426912525,0.0758965861184489,0.0484576980174081,LPCAT1,F,0.0222873627237108
chr11,131707651,131707728,78,*,3,0.0079813166732054,0.00766691152587017,0.0364426140736601,0.00930401755262127,0.00537543228121185,-0.000532462481571757,NTM,F,0.0222873627237108
chr17,79228937,79230322,1386,*,5,0.00800797341738047,0.00319500189489102,0.0373791901935982,0.00579728158069194,-0.0487290530792454,-0.0272928658144506,SLC38A10,F,0.0222873627237108
chr10,125853676,125853893,218,*,4,0.00801386630526373,0.00857041830724166,0.0454759123213225,0.00969879422288455,-0.00691799696005488,-0.00057772477379819,,F,0.0222873627237108
chr7,107383707,107384711,1005,*,12,0.00803123969832275,0.00835628535197991,0.101283835101289,0.010842277294323,0.0111119818628423,0.00499551733747886,"CBLL1, AC002467.7",F,0.0222873627237108
chr19,18343302,18343636,335,*,2,0.00804535219406561,0.00803743006531805,0.0276629986001143,0.00927568938480858,0.00924216001457492,0.00563331512720212,PDE4C,F,0.0222873627237108
chr11,45361748,45361886,139,*,3,0.00808607973985636,0.00703456340797928,0.0273791269516576,0.00851307583562964,0.00735032660253154,0.00653430474605704,,F,0.0222873627237108
chr14,101518520,101518815,296,*,4,0.00809458534656851,0.00849946095120693,0.0467494045784781,0.0112622373673243,0.0112796626111127,0.00185942463771635,MIR487A,F,0.0222873627237108
chr17,46907742,46908209,468,*,3,0.0081013288199916,0.0059780447464284,0.0332998259892308,0.00818870925711312,0.0206459694767038,0.00696513216571399,,F,0.0222873627237108
chr5,40679165,40679182,18,*,2,0.00810336550457896,0.0058163421627309,0.0219984911519728,0.00726391314827071,0.0150577331220074,0.0104562323493882,,F,0.0222873627237108
chr7,3207719,3208493,775,*,2,0.00816773244464346,0.00458093780617254,0.0159652131468702,0.00579728158069194,0.0327592221945019,0.0234109544407525,AC091801.1,F,0.0222873627237108
chr16,87749116,87749372,257,*,2,0.0081784767571324,0.0104546357393577,0.015801249196495,0.00996737787809944,0.0284742529890824,0.00988366765657128,KLHDC4,F,0.0222873627237108
chr16,62068447,62068673,227,*,2,0.0081794828524327,0.00955353058824962,0.0364158511304163,0.0109926729307207,-0.0112810831976149,-0.0105512348355457,CDH8,F,0.0222873627237108
chr1,197169700,197170353,654,*,5,0.0081962421653699,0.00615126844210351,0.05946637888263,0.00954217420722684,0.0122110846734049,0.00637639076518169,,F,0.0222873627237108
chr8,330109,330175,67,*,2,0.00820540152271889,0.00803743006531805,0.0244634709177986,0.00919943623564846,0.0414998346471541,0.0232329557889219,FAM87A,F,0.0222873627237108
chr17,74136758,74137418,661,*,5,0.00823809412077656,0.00574752345419718,0.0488137096596849,0.00860699847547149,-0.0127716621859159,0.00251972190300829,"RNF157-AS1, FOXJ1",F,0.0222873627237108
chr11,7259254,7259389,136,*,2,0.00824469422315963,0.0097259961315746,0.0163180442699041,0.00960291691169069,-0.0115258330202197,-0.00577704392329537,,F,0.0222873627237108
chr8,588740,588849,110,*,3,0.00825221827453642,0.00667919590443982,0.0324330191867346,0.00855255581897779,-0.0193720111118002,-0.00943348212195498,ERICH1,F,0.0222873627237108
chr20,57604840,57605092,253,*,2,0.00825221827453642,0.0101607778640737,0.0165754755159069,0.0100056881565784,-0.0372236837910498,-0.0298679231306142,ATP5E,F,0.0222873627237108
chr1,40349894,40350052,159,*,3,0.00828315402059547,0.00983867300665798,0.0240807197984298,0.00937786835257559,-0.00797427076594792,-0.00315661566269254,,F,0.0222873627237108
chr2,114514412,114514736,325,*,7,0.00829196437113909,0.00767653371755271,0.0215731036353307,0.00976876288926491,0.0142640348768558,0.00899566886699435,,F,0.0222873627237108
chr5,140800398,140800929,532,*,8,0.00829784648106281,0.00630076632016141,0.081227200165837,0.010964547436645,0.0293858523262577,0.00849499303308518,"PCDHGA1, PCDHGA2, PCDHGA3, PCDHGB1, PCDHGA4, PCDHGB2, PCDHGA5, PCDHGB3, PCDHGA6, PCDHGA7, PCDHGB4, PCDHGA8, PCDHGA9, PCDHGB6, PCDHGA10, PCDHGB7, PCDHGA11",F,0.0222873627237108
chr9,125874627,125875269,643,*,3,0.00830768969884786,0.00855707778447698,0.0522381385314492,0.0112129059300616,-0.0133544690229331,-0.00616526884128651,"MIR600HG, STRBP",F,0.0222873627237108
chr11,121440849,121440892,44,*,3,0.00832145215833906,0.00942880994088097,0.0314879044199895,0.00979333508547179,0.0163511413340713,0.0116715156097388,SORL1,F,0.0222873627237108
chr13,93878969,93879303,335,*,5,0.00835868838906154,0.00768913267907785,0.0315890079016112,0.00952638623496613,0.0254642343730998,0.00922132382417782,GPC6,F,0.0222873627237108
chr2,242663243,242663858,616,*,3,0.00836830571351424,0.00827456166823576,0.0414386525625192,0.0102517078266578,-0.0262662033765532,-0.0151037644306743,ING5,F,0.0222873627237108
chr2,175259947,175260967,1021,*,16,0.00838073668663161,0.00827456166823576,0.105155603704585,0.0114578263848144,0.0151267374852811,0.00406597407665061,"SCRN3, CIR1",F,0.0222873627237108
chr1,109241986,109242775,790,*,3,0.00838747405530828,0.00638853817870331,0.0290137242037543,0.00829283559153749,-0.0435725135074671,-0.0104955890691334,PRPF38B,F,0.0222873627237108
chr1,155005957,155006360,404,*,4,0.00839981325449388,0.0104198682535777,0.0436805192237426,0.0117179975171251,0.013673630564115,0.00908925857520815,"DCST1, DCST2",F,0.0222873627237108
chr7,97832830,97833388,559,*,5,0.00840913808197275,0.0101751433294748,0.0381594069356019,0.0105145843473151,0.0251167940261661,0.0102536323434322,LMTK2,F,0.0222873627237108
chr6,15244878,15245231,354,*,2,0.00841551270146024,0.00983867300665798,0.0381454771719095,0.0113231137698092,0.00614093815380887,0.00201434119387472,RP11-560J1.2,F,0.0222873627237108
chr1,178310534,178310650,117,*,3,0.00844203489964816,0.0101172833252837,0.0325947551451255,0.0102769480090795,0.0410380295127398,0.0190665380306622,RASAL2,F,0.0222873627237108
chr19,45943203,45943663,461,*,3,0.0084732480770609,0.00711789337499187,0.0170411560357557,0.00815414463036741,0.0101633221170264,0.00435522657962895,ERCC1,F,0.0222873627237108
chr4,42154840,42156182,1343,*,10,0.00848286082096714,0.00734513252448613,0.0509040042506722,0.00794216434063787,-0.0165877669424263,0.00181768714804707,BEND4,F,0.0222873627237108
chr4,26321873,26322695,823,*,7,0.00848286082096714,0.00991855910687278,0.0650086635471869,0.0138246339102888,0.0167063576399279,0.00703427947184798,RBPJ,F,0.0222873627237108
chr1,2838805,2839247,443,*,6,0.00849671221451536,0.00907749820169761,0.0671115358586624,0.0111160808366003,0.0364576844103605,0.00483048580827825,,F,0.0222873627237108
chr1,205181237,205181581,345,*,3,0.00849865206911133,0.00643115266918452,0.0366020600399711,0.00859497897599778,-0.0615102237097146,-0.0417445057743732,,F,0.0222873627237108
chr7,100798330,100798809,480,*,3,0.00851280772316371,0.00734832569468622,0.0344290231261654,0.00922608781071347,0.0144693678392083,0.00591492566743659,AP1S1,F,0.0222873627237108
chr3,150479084,150480280,1197,*,6,0.00854268312938896,0.00491111700685024,0.0708800092629729,0.0088701634043938,0.0255131920233627,0.0102645758861105,"SIAH2-AS1, SIAH2",F,0.0222873627237108
chr6,34523925,34524597,673,*,6,0.00860227436360013,0.00683051414929375,0.0491954815479838,0.00970372462445598,0.0345846961834888,0.00726446549575303,SPDEF,F,0.0222873627237108
chr11,22687589,22687660,72,*,3,0.00860227436360013,0.00855707778447698,0.0569175502787547,0.0113878973963652,-0.014129294427635,-0.0053975499613975,GAS2,F,0.0222873627237108
chr6,164340525,164340614,90,*,2,0.00860343381003032,0.00832781962775228,0.0260646916082629,0.00945694200402065,-0.00928760383731086,-0.00705066015214517,,F,0.0222873627237108
chr6,19839553,19839767,215,*,2,0.00861809353170575,0.0106469199450098,0.0126279161119832,0.0082988901428787,0.0229658158347166,0.0209720800800862,ID4,F,0.0222873627237108
chr7,112758502,112758954,453,*,7,0.00863658152604385,0.00754525879617457,0.0734430443554757,0.010842277294323,0.0112543816741269,0.00526137388504703,"RP11-736E3.1, LINC00998",F,0.0222873627237108
chr11,117857137,117857630,494,*,4,0.00868369820690514,0.00514292258004265,0.0495752955425027,0.00816388691601834,0.0652995171158288,0.0203664897935829,IL10RA,F,0.0222873627237108
chr16,3559551,3559687,137,*,3,0.00870484082698375,0.00919058924740269,0.0168831207936022,0.00934128875931831,0.0528520458541844,0.0320033436666493,"LA16c-306E5.3, CLUAP1",F,0.0222873627237108
chr15,43809865,43810131,267,*,2,0.00870681335355125,0.00884952682929891,0.0333426422175074,0.0102341532805454,-0.0436969055308694,-0.024407706760212,MAP1A,F,0.0222873627237108
chr2,190525813,190526349,537,*,11,0.00871207422848071,0.00952168407938703,0.0949456232867456,0.0120141441870999,0.011717647214191,0.00611218059181092,ASNSD1,F,0.0222873627237108
chr4,1632273,1632337,65,*,2,0.00871890147582943,0.00819098857079431,0.0258118513827771,0.00933470078435854,-0.0136598389914868,-0.0103598312863314,FAM53A,F,0.0222873627237108
chr19,37825307,37826008,702,*,7,0.00873743714394542,0.00393477698401678,0.0856131073510105,0.00829283559153749,0.0350555213075701,0.0108315954698274,HKR1,F,0.0222873627237108
chr19,2227429,2227699,271,*,2,0.00873919674797732,0.00759456023753769,0.0182307716423105,0.00853661945216651,0.024800116107466,0.0177894233727249,DOT1L,F,0.0222873627237108
chr18,55400078,55400167,90,*,3,0.00875876256638838,0.0102366324411973,0.020328694771685,0.0107950124315111,-0.0235962034044527,-0.00727093302970054,"RP11-35G9.3, RP11-35G9.5, ATP8B1",F,0.0222873627237108
chr10,118380175,118380396,222,*,4,0.00877859326715163,0.0101926684572722,0.0323698712318801,0.011203401692598,-0.0157817990633611,-0.00942248490260156,,F,0.0222873627237108
chr6,25875233,25875671,439,*,2,0.00878786056762095,0.00930067334443381,0.0244876009941365,0.0101946538277496,-0.0134001733154332,-0.0065496165364452,SLC17A3,F,0.0222873627237108
chr11,2321770,2321955,186,*,8,0.0088043478199495,0.00490555931511541,0.0635371898174161,0.00867975812367885,-0.0217273529217774,-0.0108875994098197,C11orf21,F,0.0222873627237108
chr12,47610220,47610371,152,*,2,0.00881589027172675,0.00565732908094233,0.0208915303835685,0.00698575650632972,0.0205582293845702,0.0150348622626455,"PCED1B, PCED1B-AS1",F,0.0222873627237108
chr13,21010146,21010418,273,*,4,0.00881918196325672,0.00733777019803334,0.0642680529900753,0.0105681246950061,-0.0210196168307342,-0.0131769783264395,CRYL1,F,0.0222873627237108
chr17,80369345,80369450,106,*,2,0.00883707767731527,0.00828390719741866,0.0195052453165973,0.00914792017263822,0.00221529986228364,0.00185262729594687,OGFOD3,F,0.0222873627237108
chr6,14755316,14755359,44,*,3,0.00888128034735795,0.0102859102484491,0.0199162823520126,0.0104197261158336,0.0159608818511491,0.0142815987470124,,F,0.0222873627237108
chr5,93732017,93732370,354,*,3,0.00891758894602626,0.00970492674456418,0.0546285912152225,0.0125221412219235,-0.0175027648789462,-0.0148968053261379,KIAA0825,F,0.0222873627237108
chr4,111535334,111535597,264,*,3,0.00893994895149376,0.00896703340746286,0.0443017562088229,0.0109426008853705,0.018001486136637,0.00313818878440351,RP11-380D23.2,F,0.0222873627237108
chr2,97001401,97001960,560,*,6,0.00895628569877704,0.0106441269969802,0.0539597731251619,0.0118989434115841,0.00713530168967787,0.00274887726129522,NCAPH,F,0.0222873627237108
chr1,164545783,164546143,361,*,3,0.00896016959448293,0.008511888582259,0.0509160153402368,0.0110244711552749,-0.0181823434823251,-0.00752970182111075,PBX1,F,0.0222873627237108
chr8,110099750,110100005,256,*,2,0.00896016959448293,0.00776158906604656,0.0164599864271692,0.00847408163513694,0.020500754678261,0.006290099882166,TRHR,F,0.0222873627237108
chr12,48963631,48963683,53,*,2,0.00898675199385298,0.00969059028689333,0.0234978115347745,0.0103751418627241,-0.0143834279749414,-0.00963808497254903,LALBA,F,0.0222873627237108
chr16,89778301,89778914,614,*,3,0.0090004482449325,0.00919163738544625,0.0220123293332846,0.00973155939149341,-0.00807628421158488,-0.00576047939716654,"VPS9D1-AS1, VPS9D1",F,0.0222873627237108
chr2,113594343,113594654,312,*,4,0.00903528116374011,0.00847593897234976,0.0343767127011301,0.0100955822447547,-0.0198859432518574,-0.00785423673214394,IL1B,F,0.0222873627237108
chr11,115581830,115581894,65,*,2,0.0090369647901441,0.00713419874865221,0.0257228895994396,0.00850779025385698,0.00502621742169485,0.00395917679267444,AP000797.3,F,0.0222873627237108
chr17,4693765,4694156,392,*,3,0.0090376933309243,0.00778252051341549,0.0370042178750501,0.00944982153028304,0.0191418631651417,0.0135448875366991,,F,0.0222873627237108
chr5,149379133,149379650,518,*,3,0.00904422354637883,0.00969732553886877,0.0502842930857247,0.0124970917626962,0.0100869047035562,0.00558947157383847,TIGD6,F,0.0222873627237108
chr10,131660591,131660649,59,*,2,0.00905705230244333,0.00819098857079431,0.0279153792596433,0.00942662856910712,-0.0136098785135641,-0.0127285642447182,EBF3,F,0.0222873627237108
chr8,145618658,145618932,275,*,2,0.00905791170689853,0.0102507092920571,0.0138794694307532,0.00910915084129377,-0.00604449545707841,-0.000852683259604303,CPSF1,F,0.0222873627237108
chr16,88772396,88772664,269,*,4,0.0090701544763569,0.00718151987854254,0.0428952750483451,0.00953366104796263,-0.00987076954751394,-0.00356963795052889,RNF166,F,0.0222873627237108
chr19,1848191,1848907,717,*,8,0.00908984561762191,0.00970492674456418,0.0778922444127253,0.0146362673376119,0.0103552519884593,0.00397010807349764,REXO1,F,0.0222873627237108
chr3,137481938,137482006,69,*,3,0.00909852094038342,0.0104997125610139,0.0167671552743589,0.00951092677842195,0.00288706361647438,0.000467930201809329,,F,0.0222873627237108
chr2,21265912,21265939,28,*,2,0.00910843980689001,0.0077015605144449,0.0272429668103283,0.00903934727444739,0.0160707420108173,0.00637535317473427,APOB,F,0.0222873627237108
chr8,59572451,59572928,478,*,6,0.00914599777013942,0.0103170359428758,0.0149339056455901,0.00927676574725477,0.0161435958190656,0.00873532167152245,,F,0.0222873627237108
chr17,78327565,78327823,259,*,3,0.00914980923764349,0.0104752342046213,0.0155885477678169,0.00989895994934285,-0.0158512997790876,-0.00554967558638342,"RNF213, CTD-2047H16.4",F,0.0222873627237108
chr20,57394000,57394097,98,*,2,0.00915365506676261,0.00865641154224429,0.0138425532435755,0.00821582810984492,0.0594830194222148,0.0329413523857485,GNAS-AS1,F,0.0222873627237108
chr5,174150712,174151106,395,*,4,0.00920330142305043,0.00772514895568533,0.0568527631580788,0.0104605547485944,0.00544929183053408,0.00196420553576215,,F,0.0222873627237108
chr17,75537017,75537444,428,*,3,0.00920868171678828,0.00811816441877806,0.0297437449138474,0.0096322759013786,-0.0117589814793996,-0.00388314206771706,,F,0.0222873627237108
chr2,228582486,228582820,335,*,8,0.0092123283485395,0.0093784047539643,0.0474119052969475,0.011273174081759,0.00906607396393039,0.00146508275495822,SLC19A3,F,0.0222873627237108
chr15,64338757,64338947,191,*,3,0.00924156523470904,0.00735918371083356,0.0247954017477699,0.00889985167038003,0.0106068087656699,0.00917618109338855,DAPK2,F,0.0222873627237108
chr8,135469436,135469552,117,*,2,0.00924715623573818,0.00652006112264322,0.021308012152028,0.00790650658527671,-0.0230806875102874,-0.0174858521408559,,F,0.0222873627237108
chr7,70294264,70294525,262,*,3,0.00924967662759905,0.00715335726269617,0.0320107121556429,0.0090418947780804,-0.00573383068834693,0.00117925972270692,,F,0.0222873627237108
chr1,93302028,93302167,140,*,2,0.00925514778714601,0.00854347931939863,0.0324839084613186,0.00992085089312852,-0.0171637555759212,-0.0123754438467675,RPL5,F,0.0222873627237108
chr9,139695076,139695174,99,*,2,0.00927014635686584,0.0089728500450655,0.0157255341588293,0.00904917839842127,0.0109724871912656,0.00811908772841841,"CCDC183, RP11-216L13.19, RP11-216L13.18",F,0.0222873627237108
chr18,10453624,10454085,462,*,3,0.00927213105252741,0.00785651445838344,0.0216298941784867,0.00878659198472182,0.00771826482201299,0.00244853003677936,,F,0.0222873627237108
chr2,219906749,219907225,477,*,2,0.00929596703185088,0.0096711831944192,0.0236596006725534,0.0103751418627241,-0.0224570962776667,-0.00657369019728149,,F,0.0222873627237108
chr1,65730339,65731107,769,*,7,0.00933589788487794,0.00751290380962609,0.0697562528045525,0.00997053715055382,-0.0379601326445316,-0.0202716027334727,DNAJC6,F,0.0222873627237108
chr17,53316111,53316308,198,*,3,0.00934716075003129,0.00617618337168552,0.0277947595951643,0.00814024064096036,0.0125710975453718,0.0106131304472915,,F,0.0222873627237108
chr17,79432935,79433150,216,*,3,0.00935778980819243,0.0077015605144449,0.0169152684412999,0.00859497897599778,0.0108822502461154,0.00608463378546091,RP11-1055B8.7,F,0.0222873627237108
chr8,103137820,103137859,40,*,2,0.00937215861952741,0.0104063217901738,0.0387389227145623,0.0120525226517976,-0.0113625377821902,-0.00108866331360191,,F,0.0222873627237108
chr7,38725419,38725630,212,*,2,0.00937215861952741,0.0085480050896333,0.0149687283544164,0.00862680613656963,0.0205966291158879,0.0117903925897517,FAM183B,F,0.0222873627237108
chr12,29301525,29301719,195,*,2,0.00937639078586328,0.00855707778447698,0.017836892867851,0.00919363861249473,-0.0114015565742757,-0.000798476264193326,RP11-946L16.1,F,0.0222873627237108
chr7,54955929,54956598,670,*,7,0.00941092205729638,0.0081133233053889,0.0733936412212859,0.012132014628435,0.0167265856577423,-0.00526579825102019,,F,0.0222873627237108
chr14,105154557,105155145,589,*,6,0.00942090680845595,0.00691961842114198,0.0742294158120131,0.0103085156137196,-0.0434083623771287,-0.00907742286551547,,F,0.0222873627237108
chr2,242626846,242626874,29,*,2,0.0094428421713057,0.00955177259416683,0.0237601289230572,0.0103143596435562,-0.00677926770100322,-0.00345385969178059,,F,0.0222873627237108
chr12,57030113,57030799,687,*,4,0.00944604474632503,0.00669542780156395,0.0515000045752638,0.00928792044632391,0.0117977327618524,0.00151254788342967,BAZ2A,F,0.0222873627237108
chr1,233085383,233086060,678,*,2,0.00945845498159536,0.00744865091617288,0.0199295098779704,0.00850832556568661,-0.0234939219221323,-0.00903029762668347,,F,0.0222873627237108
chr11,46318223,46318527,305,*,2,0.00946683632119227,0.00819747945189002,0.0315469545853255,0.00957704383140756,-0.0170396288125465,-0.0058861397102824,CREB3L1,F,0.0222873627237108
chr20,3387877,3388900,1024,*,9,0.00946901265766869,0.00755152561646765,0.0549357609353292,0.0090418947780804,0.0150839566905891,0.00722101926842939,C20orf194,F,0.0222873627237108
chr19,10712866,10713016,151,*,3,0.00949640540643063,0.00735647777043718,0.0495960365689304,0.00979333508547179,0.0372659794810759,0.0205337487519392,,F,0.0222873627237108
chr22,27068716,27068761,46,*,4,0.00950305958340479,0.0100356189714383,0.0156777089105834,0.00975792818416617,0.00763408163464149,0.00602251172171879,"MIAT, CTA-211A9.5",F,0.0222873627237108
chr6,162472409,162472522,114,*,2,0.00950805249029014,0.00875092002547573,0.0247979628635445,0.00970696824458776,-0.0141313052101373,-0.00860387322528072,PARK2,F,0.0222873627237108
chr8,142189535,142190095,561,*,8,0.00950961998039529,0.00987455053310451,0.0773498281410942,0.0131104531468217,0.0137464020686254,-0.00201872416250601,DENND3,F,0.0222873627237108
chr17,79435897,79435967,71,*,2,0.00954337717304476,0.00784232679502422,0.0282762957830835,0.00918021830790975,0.00991113366193053,0.00241635078279706,,F,0.0222873627237108
chr17,76887876,76887989,114,*,2,0.00958581619643697,0.0104752342046213,0.0148799195596675,0.00958361737762098,-0.0138126644731948,-0.0062582835596845,"TIMP2, DDC8",F,0.0222873627237108
chr17,79963651,79963691,41,*,2,0.00961899479237854,0.0077015605144449,0.0216496185855933,0.00878813526975931,0.0197933905527848,0.0112823637031286,ASPSCR1,F,0.0222873627237108
chr10,134703355,134703407,53,*,3,0.0096486834123822,0.00843153530385796,0.0338384975874356,0.0103101709663774,0.00736818642657677,0.00113224987534688,TTC40,F,0.0222873627237108
chr5,180287559,180288206,648,*,5,0.00965165979190066,0.0106059521797962,0.0452286918780924,0.0101848155226011,0.0290659801854244,0.00879445920398924,ZFP62,F,0.0222873627237108
chr3,169490563,169490789,227,*,5,0.00967291200335784,0.00583513523429811,0.0460145666753548,0.00817722518051848,0.00986247456174819,0.00825187543858706,MYNN,F,0.0222873627237108
chr19,54876446,54876795,350,*,6,0.00968346569653462,0.00803743006531805,0.0549357609353292,0.0102294937488457,-0.0197235194754321,-0.00678943016503945,LAIR1,F,0.0222873627237108
chr4,112709384,112709411,28,*,2,0.00969249665949916,0.00748093712281325,0.0241802082702003,0.00868648116481141,-0.00230694774819874,-0.00182953965122771,,F,0.0222873627237108
chr16,69598170,69598417,248,*,3,0.00972204440922539,0.00803993369746606,0.0376021862896626,0.0096830029394063,0.0269551290680914,0.0169957544093723,,F,0.0222873627237108
chr8,142526160,142526477,318,*,2,0.00972591175860591,0.00911862777260171,0.0229364472163509,0.00990433741118505,-0.013145962894645,-0.000672986407733389,AC138647.1,F,0.0222873627237108
chr17,78865087,78865755,669,*,7,0.00973526465223973,0.00534403471128787,0.0878267266979179,0.0101485426912525,0.0404724906917685,0.0154178527586022,RPTOR,F,0.0222873627237108
chr10,102381293,102381881,589,*,4,0.00974888591376425,0.00630076632016141,0.0576011752237697,0.00933315128846005,-0.0172636263584714,-0.000548787281324681,,F,0.0222873627237108
chr9,124991047,124991432,386,*,3,0.00975469553336577,0.00748410417431128,0.0443542501804293,0.00969879422288455,0.0126580623286354,0.00594198419729529,LHX6,F,0.0222873627237108
chr5,57786356,57787167,812,*,3,0.00980481647813032,0.00651746477884369,0.0257293671744456,0.00815574496825358,-0.0551999406981836,-0.015279708557073,,F,0.0222873627237108
chr8,145501862,145502297,436,*,4,0.00985520262774449,0.00704820119185386,0.0455790081592732,0.00914792017263822,0.0174722998706591,0.0105116354229111,BOP1,F,0.0222873627237108
chr22,37678450,37678791,342,*,5,0.0098755270235005,0.00748410417431128,0.0711098594558641,0.0110193428058272,0.0193944111548823,0.0119419548311619,CYTH4,F,0.0222873627237108
chr3,52723104,52723544,441,*,2,0.00989199769166179,0.00920710903392683,0.0328239786548377,0.0105496148887395,0.0264550915239878,0.00747636690995324,"GNL3, SNORD19",F,0.0222873627237108
chr19,18545062,18545568,507,*,3,0.0098965695041508,0.00898832904678792,0.0234688032154537,0.00910690051108227,-0.0095094898257444,-0.00532455265863922,"SSBP4, ISYNA1",F,0.0222873627237108
chr17,44898510,44899394,885,*,3,0.00993132940832281,0.00577106646202243,0.0227355450826492,0.00686748214098814,0.0276869962945958,0.0111878166780783,WNT3,F,0.0222873627237108
chr5,96078678,96079433,756,*,3,0.00993384174118054,0.00910401384665342,0.0405017379710132,0.0107836756099801,-0.0581125471888995,-0.0429070326785343,CAST,F,0.0222873627237108
chr19,12662277,12662910,634,*,9,0.00993884630437287,0.00958501249907667,0.0602564872653741,0.0148077975862624,0.011917321647673,0.00747093375457322,"ZNF709, ZNF564, CTD-2192J16.20",F,0.0222873627237108
chr6,32339554,32340208,655,*,2,0.00998721015387389,0.00806056800762723,0.0305375392208313,0.00939095511924212,-0.0361600609701922,-0.0188235330544839,C6orf10,F,0.0222873627237108
chr18,72996319,72996632,314,*,2,0.0100157044391221,0.0107616904649677,0.0215160664841933,0.0110836269561303,-0.0234124156065523,-0.0155194498087852,TSHZ1,F,0.0222873627237108
chr1,93251184,93251218,35,*,3,0.0100173016946333,0.0074753162094035,0.0162453026206471,0.00813412476040169,0.0045728660299241,0.00060108841910203,EVI5,F,0.0222873627237108
chr21,47007554,47008098,545,*,2,0.0100516981480128,0.00796829631345315,0.0302545636891113,0.00928851312303044,0.0288724567829458,0.00851661681849503,,F,0.0222873627237108
chr5,159846083,159846553,471,*,6,0.0100688240788979,0.0102651973731099,0.0549499891983658,0.0112000342175281,0.0220599793243942,0.0106974590475482,SLU7,F,0.0222873627237108
chr19,18896581,18896853,273,*,3,0.0101018379339756,0.0106059521797962,0.0202253563870392,0.00968138733849169,0.0106683155607709,0.00356633930114839,COMP,F,0.0222873627237108
chr17,41570101,41570164,64,*,3,0.0101412522087119,0.00899939352216542,0.033420050268679,0.00998111735831385,-0.0153207248951885,-0.00921711432772491,DHX8,F,0.0222873627237108
chr9,140128686,140129022,337,*,2,0.0101554132336301,0.00818337270107197,0.0276262196385844,0.00940327573618563,0.0296222315733135,0.0246045610898101,SLC34A3,F,0.0222873627237108
chr7,25935147,25935223,77,*,2,0.0101645991317544,0.0103457372108138,0.0136441385691954,0.00894255908994742,0.0139334230259293,0.0071848175898038,,F,0.0222873627237108
chr12,6876188,6876321,134,*,2,0.0101746137478513,0.00993869325747522,0.0179525172609531,0.0100828705799149,0.0164958504616664,0.01315496600209,"PTMS, MLF2",F,0.0222873627237108
chr5,38445220,38446192,973,*,9,0.0101803764112014,0.00571578659117373,0.129702726922048,0.0124786946466285,-0.0225620242013412,-0.00698851539770732,EGFLAM,F,0.0222873627237108
chr7,129913258,129913310,53,*,2,0.0101816196462507,0.00806072921554254,0.0196811807150729,0.00898268922230319,-0.00490134612238663,-5.82969385843415e-05,CPA2,F,0.0222873627237108
chr3,123752504,123753249,746,*,5,0.0102209752026204,0.00969059028689333,0.0284127089327103,0.00973892021617021,-0.0166314671352867,-0.00446325604004593,,F,0.0222873627237108
chr9,124975560,124976219,660,*,4,0.0102236050372847,0.0103735708797521,0.0549357609353292,0.0127059962917504,0.0144695474094986,0.00177113825731367,LHX6,F,0.0222873627237108
chr5,95018471,95018729,259,*,2,0.0102300862714474,0.00954329195768493,0.0287516333888392,0.010639073236147,-0.0199503353578279,-0.0130494853451721,"RFESD, SPATA9",F,0.0222873627237108
chr15,45693742,45694626,885,*,12,0.0102664878410311,0.0106016730216767,0.0614392361074628,0.0135650625908931,0.0141341507898149,0.00514198161707849,"SPATA5L1, GATM",F,0.0222873627237108
chr11,63706246,63706312,67,*,2,0.0102712398479786,0.0101224162814883,0.0373958420117028,0.0116614423294671,0.00663386087520823,0.00504743162794484,,F,0.0222873627237108
chr19,31770188,31770476,289,*,2,0.0102847304666086,0.00796913956359507,0.030303606294799,0.00930401755262127,0.0067439761525635,0.000984090754039824,TSHZ3,F,0.0222873627237108
chr10,6220910,6221273,364,*,4,0.0103734822811956,0.0101224162814883,0.0430902087883768,0.0113231137698092,0.0113737187371414,0.00165154766713921,PFKFB3,F,0.0222873627237108
chr1,43832826,43832951,126,*,3,0.0103768277215903,0.0100707228619455,0.026664435258085,0.0111508416155196,0.0050481989306894,0.00347258812152013,ELOVL1,F,0.0222873627237108
chr17,34244992,34245111,120,*,2,0.0104183867811114,0.00899939352216542,0.0269747672516823,0.0100387671922905,-0.0124910246428401,-0.0109404404345258,"LRRC37A9P, RDM1",F,0.0222873627237108
chr11,117297095,117297328,234,*,3,0.0104662756354209,0.00775854018974047,0.0286755822380108,0.00933315128846005,0.0267536154237599,0.0157700954006598,,F,0.0222873627237108
chr17,10101010,10101195,186,*,2,0.0104808594812375,0.00862264583399959,0.0255302054141693,0.00968138733849169,0.0157425376964953,0.00659517452930205,GAS7,F,0.0222873627237108
chr14,37130212,37130762,551,*,3,0.0104883180986187,0.0081133233053889,0.0440369809224518,0.0103016388199063,-0.00567014971819474,-0.000188379434131233,PAX9,F,0.0222873627237108
chr11,111472630,111473729,1100,*,8,0.0105047392881721,0.00611449499963004,0.0524564628149631,0.00783310190392338,0.0185938316855576,0.00707220041348282,SIK2,F,0.0222873627237108
chr12,9141740,9141775,36,*,2,0.0105132530583328,0.00970492674456418,0.0182067924443495,0.00990766473073145,-0.0588314236077424,-0.0483869899318203,"KLRG1, RP11-259O18.4",F,0.0222873627237108
chr1,34630796,34631096,301,*,7,0.0105277521341504,0.0102651973731099,0.0662248636652275,0.0121417309899847,0.00970895838170464,0.00206186733085539,CSMD2,F,0.0222873627237108
chr12,54403178,54403314,137,*,3,0.0105303329437407,0.00846742847693059,0.0421063991764629,0.0106659172463295,0.00802086960042964,0.00227674770401024,"RP11-834C11.12, HOXC6, HOXC8",F,0.0222873627237108
chr7,2142553,2143172,620,*,3,0.0105484634086032,0.00983867300665798,0.0449528202871077,0.0123091643424157,-0.0121865938817628,-0.00579777638844214,MAD1L1,F,0.0222873627237108
chr11,134201447,134201954,508,*,8,0.0105534100302782,0.0081133233053889,0.0502639078437904,0.0107920612059254,0.0154429471052895,0.00280491901226754,GLB1L2,F,0.0222873627237108
chr6,31789535,31790106,572,*,8,0.0105900821332978,0.00611449499963004,0.0586772606899951,0.00962382939050784,0.0144280772909079,0.00961290032520571,,F,0.0222873627237108
chr16,1704944,1705338,395,*,2,0.0106564963344433,0.0077015605144449,0.0169152684412999,0.00847408163513694,-0.00381176274506967,-0.00247913437977787,"CRAMP1L, LA16c-431H6.6",F,0.0222873627237108
chr19,4818359,4818615,257,*,2,0.0106603593212794,0.0097259961315746,0.0211062379637818,0.0102704283822896,-0.00761787873911346,-0.00453401978946982,TICAM1,F,0.0222873627237108
chr9,124498782,124498961,180,*,2,0.0106984727097284,0.00734513252448613,0.0169106036706619,0.00816485800090156,-0.027706174519356,-0.0268844128984791,DAB2IP,F,0.0222873627237108
chr19,4543487,4543498,12,*,2,0.0107137857168803,0.0103310338764656,0.0169152684412999,0.0102341532805454,-0.0771674356183155,-0.0699418950107243,SEMA6B,F,0.0222873627237108
chr7,25898206,25898770,565,*,7,0.0107464709704102,0.00748093712281325,0.0634849791975302,0.0106378374119485,-0.0438272796355724,-0.0149227333663348,,F,0.0222873627237108
chr3,52351355,52351680,326,*,3,0.0107540055763809,0.00775854018974047,0.0448111341792112,0.0100696064045071,0.00451973592438615,0.0021303684505722,DNAH1,F,0.0222873627237108
chr13,50024281,50024293,13,*,2,0.0107897462691108,0.0081276451724688,0.0313263654595399,0.00951092677842195,0.0174110151599712,0.0157536129169567,SETDB2,F,0.0222873627237108
chr2,114736966,114737129,164,*,3,0.0108176533282227,0.00855707778447698,0.0384410860343522,0.0102185982246783,-0.0125657811591732,-0.00272636337882148,,F,0.0222873627237108
chr10,1939618,1939683,66,*,3,0.0108382004119765,0.00871562190527652,0.0418929642589894,0.0107069618596926,0.023245916051145,0.0142159086020307,,F,0.0222873627237108
chr11,73053649,73053830,182,*,2,0.0108595717313579,0.0105807974838347,0.0417765396377316,0.0124317547892985,-0.0128524619721931,-0.0127755549289196,ARHGEF17,F,0.0222873627237108
chr1,248845076,248845209,134,*,2,0.0108719084222751,0.0103728557529675,0.018966267956943,0.0105277648328978,0.0135349193636145,0.00566420371697296,OR14I1,F,0.0222873627237108
chr10,101731833,101732382,550,*,2,0.0108793066407283,0.00758462745856997,0.027986508168958,0.00896869225465428,-0.0190167867104999,-0.0041189008347346,DNMBP,F,0.0222873627237108
chr7,151542050,151542452,403,*,4,0.0108876674370822,0.0058163421627309,0.0476355570559576,0.00862720818007681,0.0139215579881656,0.00688626614020914,PRKAG2,F,0.0222873627237108
chr16,1458434,1458494,61,*,2,0.0109138733306669,0.00954329195768493,0.0189589898626521,0.00988310619119276,0.00805208856210056,0.00302978804966544,UNKL,F,0.0222873627237108
chr12,102224849,102224911,63,*,2,0.010965883548583,0.00626092083670734,0.0203071949209921,0.00763519289679162,0.0124439722969752,0.00997362007696166,,F,0.0222873627237108
chr16,81129991,81130346,356,*,8,0.0109939639459876,0.0107350961239402,0.0492580490799143,0.0153656362559035,0.00861185661392605,0.00208339025666581,GCSH,F,0.0222873627237108
chr6,41888715,41889049,335,*,10,0.0110219457117264,0.0106579159714635,0.0838204311441672,0.0156715249314907,0.0230943079466804,0.00719154832895787,"BYSL, MED20",F,0.0222873627237108
chr17,8062204,8062512,309,*,2,0.0110405769804159,0.0106247157847784,0.0163456611616499,0.010272730949981,0.0126499052631774,0.00914613717027546,"RP11-599B13.6, VAMP2",F,0.0222873627237108
chr3,194014481,194014745,265,*,5,0.0110854696847257,0.00528866679514935,0.0650204102109842,0.00896869225465428,-0.0110199391999062,-0.00600426620912771,LINC00887,F,0.0222873627237108
chr5,95066568,95066845,278,*,8,0.0110875873603626,0.00869457094639649,0.0514419325394605,0.0119624267399609,-0.045356239521064,-0.00233587563129737,"RHOBTB3, CTD-2154I11.2",F,0.0222873627237108
chr1,51443114,51443457,344,*,5,0.0111488110765663,0.00798307120640477,0.0582467025341886,0.0108110724799313,0.0129602398408433,0.00645508154136407,,F,0.0222873627237108
chr17,7230819,7231188,370,*,2,0.011153119236574,0.00985339662656093,0.0289725150858926,0.0109050837608241,0.0214500028669806,0.0135090683099232,NEURL4,F,0.0222873627237108
chr14,105938134,105938447,314,*,2,0.011158474073662,0.010424326519576,0.0241842621820219,0.011086551720539,0.00580468826080505,0.00404586897569836,,F,0.0222873627237108
chr14,101435802,101436540,739,*,2,0.0111886200215139,0.00803743006531805,0.0306134788443226,0.00936548967401922,-0.00947381573316752,-0.00638797778496081,"RP11-909M7.3, SNORD114-13",F,0.0222873627237108
chr11,71709751,71709978,228,*,6,0.0111899493067157,0.00565845070934802,0.0888281810541663,0.0101313118502715,-0.0194549700703415,-0.00260966678511907,IL18BP,F,0.0222873627237108
chr6,32190528,32190556,29,*,2,0.0111962900682634,0.0051407776788971,0.0132622057327462,0.00579813960360115,0.0329032987954535,0.0288961325041135,NOTCH4,F,0.0222873627237108
chr9,134429327,134429878,552,*,2,0.0112026114360052,0.00679969445757076,0.0255228486459087,0.00822421699842657,0.00997341476442737,0.00694681354726978,,F,0.0222873627237108
chr2,85637673,85637851,179,*,4,0.0112112479011994,0.00755152561646765,0.0591646208742726,0.0104856152478342,-0.0320764965545181,-0.006587755770069,CAPG,F,0.0222873627237108
chr19,58513526,58513648,123,*,2,0.0112213449312395,0.0106414775889858,0.0149668205757902,0.00969879422288455,-0.0124178288431413,-0.0104462265339947,"CTD-2368P22.1, ZNF606",F,0.0222873627237108
chr6,108093511,108093747,237,*,3,0.0112231665207892,0.00827456166823576,0.0371427747963995,0.010059245469448,-0.0116304528001512,-0.00831102601104794,SCML4,F,0.0222873627237108
chr16,1661904,1662073,170,*,2,0.0112298026386234,0.00985033002310453,0.0214072984255285,0.0103644783142375,0.00694574024151974,0.00331646306959185,IFT140,F,0.0222873627237108
chr6,135501811,135502390,580,*,4,0.0112511160072749,0.00366397441067229,0.0346907248919744,0.00615213519039912,0.0225480935225909,0.0129273937378362,,F,0.0222873627237108
chr17,59485779,59485894,116,*,2,0.0112643776177013,0.00797315695366582,0.0284734604829067,0.0092569529340747,-0.0189796100991632,-0.0086169151726427,"TBX2, RP11-332H18.4",F,0.0222873627237108
chr2,164592851,164593411,561,*,5,0.0112753818154849,0.00523557536578793,0.0522076937182012,0.00857711121179837,-0.0192571600871373,-0.0130469379999891,,F,0.0222873627237108
chr20,48601423,48601882,460,*,2,0.0113097482128346,0.00939083925105496,0.0323892974325966,0.0106659172463295,-0.0123160935720404,-0.0109361325505339,SNAI1,F,0.0222873627237108
chr18,13641735,13642414,680,*,4,0.0113415202602005,0.00531507538687261,0.0569541194262624,0.00859497897599778,-0.0722082572202426,-0.0480733426522473,LDLRAD4,F,0.0222873627237108
chr1,226270442,226270724,283,*,2,0.0113425907186238,0.00838882637875227,0.0322019814780614,0.00973892021617021,0.0241585368225518,0.0174100290625282,,F,0.0222873627237108
chr8,12612631,12613561,931,*,8,0.0113433724065621,0.00803993369746606,0.0973765367158438,0.0149305229277715,0.00789415876192323,0.00237168188521515,LONRF1,F,0.0222873627237108
chr20,37554591,37555079,489,*,9,0.0113597837854758,0.0101224162814883,0.0718450127933991,0.0137550822086008,0.0199855845759429,0.00592122986235786,FAM83D,F,0.0222873627237108
chr4,48136234,48136452,219,*,3,0.0114409858954555,0.00707533418151849,0.0429769026491202,0.00933470078435854,0.0706486579188349,0.0605654976994381,TXK,F,0.0222873627237108
chr11,124615853,124616459,607,*,3,0.0114409858954555,0.0101224162814883,0.0378449990785622,0.0120065371781704,0.0119858608356284,0.00600600996936297,"NRGN, RP11-677M14.2",F,0.0222873627237108
chr4,159093841,159094517,677,*,7,0.0114709602032637,0.00892113033049518,0.0382712259098446,0.0103214515048946,0.0191939453249651,0.00259711527984758,"RP11-597D13.9, FAM198B",F,0.0222873627237108
chr17,8093380,8093767,388,*,9,0.0114731285223686,0.00676475825640226,0.0948064364775834,0.010842277294323,0.00537661764464998,0.00327953257072415,C17orf59,F,0.0222873627237108
chr17,32683418,32683481,64,*,3,0.0115310697634609,0.0101926684572722,0.0409218121075096,0.0115320351111121,0.0181916933476842,0.00127584120093915,CCL13,F,0.0222873627237108
chr19,55677993,55678419,427,*,7,0.0115472280963833,0.00985339662656093,0.0269471817138731,0.0116432724637289,0.0099317437906844,0.0031895348903024,"CTD-2587H24.5, DNAAF3",F,0.0222873627237108
chr1,236767997,236768366,370,*,5,0.0115552743409668,0.00683051414929375,0.0428940546265083,0.00903677411438415,0.0110595037139597,0.00340208226954689,,F,0.0222873627237108
chr13,31019673,31020218,546,*,4,0.0115711523196487,0.0102651973731099,0.0290952763158239,0.0106318013135446,-0.0527223282774779,-0.0327718535970659,,F,0.0222873627237108
chr22,29729206,29729347,142,*,4,0.0115819321680633,0.00957549806313838,0.0277692115829163,0.0108110724799313,-0.0121981623884718,-0.00928036010879937,"AP1B1, SNORD125",F,0.0222873627237108
chr1,40996996,40997216,221,*,7,0.0116004645836853,0.00645857182520402,0.0444322367631335,0.00783310190392338,0.015726832800505,0.00845220612223021,,F,0.0222873627237108
chr11,64811775,64811900,126,*,3,0.0116148557708763,0.0106469199450098,0.0321476683120549,0.0103908574464728,-0.0107658985480157,-0.00378031403350295,SAC3D1,F,0.0222873627237108
chr3,47040214,47040357,144,*,3,0.0116724324566452,0.00979505173999481,0.0254887445194546,0.0102785842675926,-0.0230289734159446,-0.0189118764067631,NBEAL2,F,0.0222873627237108
chr19,39264646,39264720,75,*,2,0.0116941730390121,0.0107350961239402,0.0149339056455901,0.00972419481915983,0.0253602942529125,0.0137280376659592,,F,0.0222873627237108
chr11,373572,373615,44,*,2,0.0117129051960453,0.00881744386430766,0.0339188038323496,0.0102432765955452,0.0100668598707155,0.00589182408286743,B4GALNT4,F,0.0222873627237108
chr10,17685563,17685698,136,*,3,0.0117290014503034,0.00678755456904466,0.0435142547508364,0.00921449057266677,0.0250481546589941,0.0157097409277978,RP11-390B4.5,F,0.0222873627237108
chr2,5831394,5831722,329,*,2,0.0117663755326392,0.00806056800762723,0.0289882194282202,0.00933470078435854,-0.0160788144251194,-0.00980933271985558,AC107057.2,F,0.0222873627237108
chr8,58906736,58907821,1086,*,8,0.0117824177947981,0.00983867300665798,0.0757645255826728,0.0118417140821129,-0.0201469159990875,-0.00501493315536586,FAM110B,F,0.0222873627237108
chr10,49514273,49514337,65,*,2,0.0117840450062741,0.00744802276654184,0.028034306964024,0.0088075900274432,0.00966742339263049,0.00896676706507582,,F,0.0222873627237108
chr1,44482420,44482918,499,*,3,0.0117963061298699,0.0102481153315832,0.0384196456206285,0.0112062364998455,0.0217874755333636,0.00235913272002786,SLC6A9,F,0.0222873627237108
chr2,223916502,223916952,451,*,7,0.0118127158846092,0.00720812532563842,0.110671300438104,0.0136703038468604,-0.0106772130859296,-0.00455263626032013,KCNE4,F,0.0222873627237108
chr1,47134311,47134527,217,*,5,0.0118219574133556,0.00617451076572377,0.0389472368201412,0.00815574496825358,-0.00782518055728387,-0.000430026498363573,"TEX38, ATPAF1, EFCAB14",F,0.0222873627237108
chr7,6189539,6189918,380,*,4,0.0118448510133324,0.00877920922661475,0.0529339608083054,0.0117594848896974,-0.02034057814151,-0.00822088950375413,USP42,F,0.0222873627237108
chr4,7862646,7862659,14,*,3,0.0118583918306973,0.00692837800474714,0.048486838318887,0.00937357344473193,0.0207930884436945,0.0161383632630316,AFAP1,F,0.0222873627237108
chr8,52722237,52722539,303,*,3,0.0118762142231666,0.0102343030789105,0.0553062957004108,0.0141496090341568,-0.0124743634110824,-0.00885064619086669,,F,0.0222873627237108
chr6,33869169,33869760,592,*,2,0.0119074999732603,0.0100672187215311,0.0237469123197021,0.0107603742791757,-0.0207018722176026,-0.00642283736641774,RP3-468B3.2,F,0.0222873627237108
chr15,25951068,25951163,96,*,2,0.0119677724315109,0.0105487480828666,0.0203760347608307,0.0108110724799313,-0.0132549120132982,-0.0113097778204365,ATP10A,F,0.0222873627237108
chr13,20734680,20735242,563,*,6,0.0119991368433588,0.0100211833119152,0.029153320474335,0.0107920612059254,0.016113632832821,0.00811016938940549,GJA3,F,0.0222873627237108
chr11,1413093,1413315,223,*,4,0.0120093453715214,0.009171701929718,0.0871534369432248,0.0152124599846094,-0.0738487956034737,-0.0485765069440832,BRSK2,F,0.0222873627237108
chr5,158636635,158636842,208,*,4,0.0120241256023133,0.00929862462877052,0.0343413390231678,0.011364145037143,0.00800322919260189,0.0045481655872143,RNF145,F,0.0222873627237108
chr1,32707133,32707389,257,*,5,0.0121028850707438,0.00744802276654184,0.0690647677830292,0.011273174081759,-0.0488968688208877,-0.0258306929703527,MTMR9LP,F,0.0222873627237108
chr14,68283524,68283748,225,*,3,0.0121197223206942,0.0089728500450655,0.0523754337375576,0.0115448557197716,0.0115625771130313,0.00887315425076592,,F,0.0222873627237108
chr14,91766264,91766373,110,*,2,0.012165760283937,0.00679483932055225,0.0172052223189538,0.00793759919560209,0.00994028703639804,0.00214208999223264,CCDC88C,F,0.0222873627237108
chr2,231693469,231693479,11,*,2,0.0121908158728332,0.00803743006531805,0.0144325856432852,0.00816233187188913,0.0192116088207526,0.0165009713514792,,F,0.0222873627237108
chr1,32757294,32757834,541,*,9,0.0122053017923663,0.00891133527637605,0.0609642007162194,0.0131104531468217,0.0241164649460484,0.00432028482093042,HDAC1,F,0.0222873627237108
chr15,70767183,70767649,467,*,4,0.0122254412604388,0.0077015605144449,0.0414421898846289,0.0102294937488457,-0.0614927392510908,-0.0284093174832604,,F,0.0222873627237108
chr12,48597758,48597881,124,*,2,0.0122402550015768,0.00985033002310453,0.0259456391475525,0.0107285282525982,-0.00785957125901737,-0.00626494105788383,,F,0.0222873627237108
chr2,240161619,240161794,176,*,2,0.012243924908662,0.00983867300665798,0.0367612778480057,0.011273174081759,-0.0254299297974007,-0.0173805239689925,HDAC4,F,0.0222873627237108
chr12,19459704,19460387,684,*,2,0.0122613381418277,0.00819098857079431,0.0309875369969948,0.00954564260449682,-0.0116251516137444,-0.00929297787720035,PLEKHA5,F,0.0222873627237108
chr3,11643368,11643630,263,*,3,0.0122690223653581,0.00793082797578639,0.0351410298055488,0.00969879422288455,-0.0400541373497205,-0.0136923344241287,VGLL4,F,0.0222873627237108
chr13,48893727,48894382,656,*,3,0.0123089686732875,0.00970492674456418,0.0541611756970224,0.0125110634355709,-0.0256726296243932,-0.00399064372083983,"RB1, PPP1R26P1",F,0.0222873627237108
chr13,103532159,103532435,277,*,7,0.0124005158875028,0.00900094954306391,0.0828604591739543,0.0146067746411297,-0.0182916677307419,-0.00992464698297184,,F,0.0222873627237108
chr2,240291068,240291657,590,*,5,0.0124426723763117,0.00804762130966309,0.0521237025498768,0.0107285282525982,0.0393627206416465,0.0010627188419139,HDAC4,F,0.0222873627237108
chr22,50523686,50523801,116,*,6,0.0125058139000639,0.00583513523429811,0.0743834779628631,0.00933315128846005,-0.0136715320078038,-0.00376046637354986,MLC1,F,0.0222873627237108
chr2,86094886,86095320,435,*,3,0.01251281191178,0.00899939352216542,0.0343354402783819,0.010774670719224,-0.0119947876351317,-0.011356658217022,ST3GAL5,F,0.0222873627237108
chr2,239014798,239014989,192,*,2,0.0125138361595648,0.00862264583399959,0.0330468672209341,0.0100336558634495,0.0332876137983572,0.0161605485452088,ESPNL,F,0.0222873627237108
chr2,242051650,242051808,159,*,4,0.0125295617137356,0.0077015605144449,0.0644869939659867,0.0110931244617454,-0.00959863633061042,-0.00491978678611058,PASK,F,0.0222873627237108
chr16,30106682,30106897,216,*,3,0.0125542932625124,0.00870440932327085,0.0595218936067223,0.0116607745606993,0.0189638050810504,0.00319958312752682,YPEL3,F,0.0222873627237108
chr11,1213284,1213459,176,*,2,0.0125696531513262,0.00813893246936174,0.0301278190676839,0.00946926108229909,0.0157130745775242,0.015179202061039,MUC5AC,F,0.0222873627237108
chr12,334129,334268,140,*,2,0.0126143880957036,0.0106586673535043,0.0221716424168754,0.0110793743578409,0.0193080437142314,0.00483355740369529,SLC6A13,F,0.0222873627237108
chr18,61254421,61254447,27,*,2,0.0126272044005662,0.0100672187215311,0.0272973146016668,0.0109926729307207,-0.00655120921342578,-0.00532213850629354,SERPINB13,F,0.0222873627237108
chr6,132945515,132945592,78,*,3,0.0126273780157807,0.0100211833119152,0.0311656290328305,0.0112364607965109,-0.0241006542275871,-0.0140068976558906,,F,0.0222873627237108
chr16,30960753,30960864,112,*,2,0.0126273780157807,0.00846398659855996,0.0182503873302475,0.00915282612561376,0.00792854910394532,0.00458070215284796,"AC135048.13, ORAI3",F,0.0222873627237108
chr16,2737220,2737356,137,*,3,0.0126326888434031,0.0081133233053889,0.0373385536914374,0.00985534697486283,-0.0160518382727153,-0.0110246398664735,KCTD5,F,0.0222873627237108
chr2,25527266,25527366,101,*,3,0.0126453061801795,0.00748093712281325,0.0302301230997441,0.00903633674022568,-0.066576644023997,-0.042592082743242,DNMT3A,F,0.0222873627237108
chr12,52996658,52996663,6,*,2,0.0126721970663527,0.0101144710236594,0.0348689730654556,0.0114892388715596,-0.0119282987363454,-0.0112749322312982,RP11-641A6.2,F,0.0222873627237108
chr1,209848306,209849185,880,*,9,0.0126787602464718,0.00955165020239315,0.0832407008991629,0.012566688253286,-0.0365404067096802,-0.0193674142376005,"G0S2, RP1-28O10.1",F,0.0222873627237108
chr8,56437683,56437720,38,*,3,0.0127024625088696,0.00983867300665798,0.0666759293199777,0.0140218874215252,-0.0116924252837803,-0.0101799259976194,XKR4,F,0.0222873627237108
chr10,115998493,115999021,529,*,6,0.0127417715143784,0.00865641154224429,0.0162579504968706,0.00953366104796263,0.0176041833140449,0.00787019712234696,VWA2,F,0.0222873627237108
chr11,1669581,1669926,346,*,3,0.0127698756623055,0.00838882637875227,0.0190729973841443,0.00856969333330591,0.0351364439192983,0.0171063145709303,,F,0.0222873627237108
chr4,178531944,178532195,252,*,2,0.0128198013330645,0.0101224162814883,0.0289149412145936,0.0111508416155196,-0.0193161808483451,-0.01884773892092,RP11-130F10.1,F,0.0222873627237108
chr22,41986251,41986335,85,*,3,0.0128295690798052,0.00735360550912248,0.0421482763277684,0.00942662856910712,0.0165450676575835,0.0123120777392218,,F,0.0222873627237108
chr17,48474564,48475044,481,*,7,0.0128511987826142,0.0106414775889858,0.0628145119828582,0.0119221536493297,0.00456519714235587,0.00140468784819383,"RP1-117B12.4, LRRC59",F,0.0222873627237108
chr19,5507274,5507540,267,*,5,0.0128657607653229,0.00984862079889954,0.0466708882091818,0.0128656107260475,-0.014127947061075,-0.00630748416773639,,F,0.0222873627237108
chr2,220159595,220159976,382,*,3,0.0129240756269297,0.00751290380962609,0.0465903018497897,0.00990531311272451,0.00780125230566409,0.00209873083206021,PTPRN,F,0.0222873627237108
chr16,853349,853533,185,*,2,0.0129415631267319,0.00778680757973702,0.02836451607655,0.00914792017263822,0.0142489434407147,0.0130934191615099,,F,0.0222873627237108
chr2,207023887,207024348,462,*,11,0.0129793042118576,0.00922685050141506,0.0591646208742726,0.015114875442088,0.0109145109401736,0.00494358378129094,"EEF1B2, NDUFS1",F,0.0222873627237108
chr1,41826446,41826829,384,*,2,0.0130173114453205,0.00967033325777948,0.0336642830006136,0.0109643396501213,0.00854817829545557,0.00764397022482243,,F,0.0222873627237108
chr3,11762192,11762372,181,*,4,0.0130495268405622,0.0106414775889858,0.0743973630573488,0.0166665229435568,0.0165602658888843,0.00743112495110555,"VGLL4, AC090939.1",F,0.0222873627237108
chr19,18529121,18529339,219,*,2,0.0130821015664015,0.00952168407938703,0.0305375392208313,0.0107203847034868,0.0198399406260671,0.00707115902109548,,F,0.0222873627237108
chr5,76937348,76937980,633,*,5,0.0130853927365406,0.00958321966938986,0.0525825913186651,0.0108741633627459,-0.0195009311629666,-0.00512894075136278,,F,0.0222873627237108
chr1,154733240,154733492,253,*,3,0.0130936993462678,0.00938186988727339,0.0390518841773862,0.0114300700205068,-0.0109709158486152,-0.00702221170694993,KCNN3,F,0.0222873627237108
chr13,113512905,113512959,55,*,2,0.0131269487340478,0.00713419874865221,0.0269074642379411,0.00856357535267817,0.0260124245475069,0.00864056663127533,ATP11A,F,0.0222873627237108
chr18,63417385,63417392,8,*,2,0.0131370979874954,0.00934810796436345,0.0153648464356805,0.00919363861249473,0.00429741447245502,0.0038007628913487,,F,0.0222873627237108
chr3,186503527,186503643,117,*,2,0.0131563427047462,0.0089728500450655,0.031656499147427,0.0102704283822896,0.0313637671064265,0.0292697252350508,EIF4A2,F,0.0222873627237108
chr7,1071777,1071921,145,*,3,0.01321174423284,0.00901041840163327,0.0557002383610639,0.0118363397252792,-0.00384914953863913,-0.00148564314809208,"AC073957.15, C7orf50",F,0.0222873627237108
chr5,14108721,14108781,61,*,2,0.0132126214552356,0.00713419874865221,0.017836892867851,0.00815414463036741,0.0145391940727287,0.00879508917425926,,F,0.0222873627237108
chr19,46088275,46088450,176,*,7,0.0133035689140442,0.00668912716805132,0.0799806215439966,0.0103085156137196,0.00869643898870483,0.00512860835371382,OPA3,F,0.0222873627237108
chr16,70286329,70286779,451,*,5,0.0133065421928645,0.00953946415967267,0.0704381342377526,0.0154140236796716,-0.0116364782938519,-0.00859047007056644,AARS,F,0.0222873627237108
chr2,748603,749191,589,*,2,0.0133434861207285,0.00795994752176507,0.0243636448828361,0.00912503137787203,-0.0253421889258509,-0.0207578444885328,AC116609.3,F,0.0222873627237108
chr16,88554846,88555157,312,*,2,0.0133442278112683,0.0106355042069941,0.0418896873084554,0.0125166208256942,0.00398141236662408,0.00327927751958429,ZFPM1,F,0.0222873627237108
chr9,27109111,27109492,382,*,3,0.0134278824627951,0.00714248796104737,0.0510921772823258,0.00966323124157109,-0.0126136194459124,-0.00490111248731722,TEK,F,0.0222873627237108
chr2,157176601,157177008,408,*,3,0.013435900504736,0.0077015605144449,0.0431052871817091,0.00987640657558442,-0.0210062722807379,-0.013624647758148,,F,0.0222873627237108
chr1,180991757,180992117,361,*,6,0.0134968321571063,0.00754614562020015,0.0879374805671721,0.0118992460682407,0.0125532233290526,0.00774237191977213,STX6,F,0.0222873627237108
chr7,116594421,116594693,273,*,6,0.0135363561332218,0.0081133233053889,0.0509004434632276,0.010964547436645,-0.0161172228753439,-9.23129065271457e-05,"ST7, ST7-OT4",F,0.0222873627237108
chr9,139911684,139911817,134,*,2,0.013569242780137,0.00983867300665798,0.0270150644214612,0.0108010095096853,0.00557691348925682,0.000234108467614069,ABCA2,F,0.0222873627237108
chr9,125027400,125027731,332,*,3,0.0136283168471796,0.00957549806313838,0.0376021862896626,0.0111260152678813,0.0284648769465789,0.0202407818006629,MRRF,F,0.0222873627237108
chr6,133036545,133036651,107,*,3,0.013652888473966,0.00952168407938703,0.0525028561143054,0.0123583806749918,-0.0091860506870628,-0.00453211689420681,,F,0.0222873627237108
chr1,17765897,17766512,616,*,11,0.0136645667949509,0.0105748121013957,0.104140261338857,0.0142375731260231,0.014976876868139,0.00501926460961333,RCC2,F,0.0222873627237108
chr1,2101479,2102170,692,*,2,0.0136675365021526,0.00750661177635966,0.02656383549452,0.0088075900274432,0.0283422529257265,0.0080170219709082,PRKCZ,F,0.0222873627237108
chr20,54824490,54824646,157,*,3,0.0137136372048171,0.00992203397976225,0.0261217695138332,0.0107950124315111,-0.0275862392305645,-0.0139989154135737,MC3R,F,0.0222873627237108
chr1,247578953,247579312,360,*,3,0.0137683499005369,0.0089728500450655,0.0277711872212662,0.0102704283822896,-0.0136305923346562,-0.00726215924470329,,F,0.0222873627237108
chr12,25705861,25705953,93,*,2,0.0138091281597518,0.0106605887136363,0.0249767269774461,0.0113122642725525,-0.0169466668653306,-0.00533678132254634,IFLTD1,F,0.0222873627237108
chr1,151300581,151300868,288,*,4,0.0138187435183073,0.0103839705144546,0.0616558787103882,0.0137391821471483,0.0152311986989077,0.00464385086795173,RP11-126K1.9,F,0.0222873627237108
chr1,12270775,12270887,113,*,2,0.01384326802767,0.00889128306531481,0.026145964135926,0.00988685317830917,0.00262820555541118,0.00138914065162981,,F,0.0222873627237108
chr7,109600399,109600733,335,*,4,0.0138636514007,0.00958321966938986,0.065481961121285,0.0138598404380379,-0.0235558076748378,-0.00799972609195798,,F,0.0222873627237108
chr5,140473857,140474401,545,*,8,0.014035969583172,0.00969059028689333,0.0835131640508074,0.0121026793337371,-0.0158230327325946,-0.00457484451756767,PCDHB2,F,0.0222873627237108
chr5,87963342,87963592,251,*,4,0.0140411431302172,0.00636071585843595,0.0664652343289745,0.00972419481915983,-0.0217354612260794,-0.00655915854942762,LINC00461,F,0.0222873627237108
chr14,56584987,56586572,1586,*,7,0.014059406981606,0.00970492674456418,0.0220188511230558,0.00815574496825358,-0.0258476892759294,-0.00314077024324733,PELI2,F,0.0222873627237108
chr8,90996382,90997072,691,*,6,0.0140619655613112,0.00777168868389647,0.0555020534296571,0.0116006942544001,0.0211335229395312,0.00718421210969218,NBN,F,0.0222873627237108
chr12,113659121,113659579,459,*,6,0.0140641010170486,0.00723920746635896,0.0960365518127082,0.0121884788114579,0.016936647543434,0.00686433501777404,TPCN1,F,0.0222873627237108
chr7,2606716,2606824,109,*,3,0.0140769985773699,0.00953946415967267,0.0381594069356019,0.0111160808366003,0.0127516690605548,0.00832176169275452,IQCE,F,0.0222873627237108
chr3,52828292,52828583,292,*,2,0.0140869354069464,0.00843501506937555,0.0168577778922898,0.00901407272953047,0.00916774142024601,0.00638614745154936,,F,0.0222873627237108
chr6,1555080,1555389,310,*,3,0.0140872019402205,0.00877898280395351,0.0590288419559809,0.0117096047802841,0.00385578839660167,0.00155573357221742,,F,0.0222873627237108
chr8,49468684,49468988,305,*,6,0.0141238829202098,0.0106586673535043,0.0287676180504178,0.0104998192155446,-0.0256422622534661,-0.00823374813065012,"RP11-770E5.1, RP11-567J20.2",F,0.0222873627237108
chr9,120177435,120177471,37,*,2,0.0141318989365812,0.00784878254816607,0.0297857208583454,0.00921689332119483,0.0100172829536294,0.00794387775843907,,F,0.0222873627237108
chr2,218874842,218875016,175,*,3,0.0141490626986843,0.0093449183995037,0.0449528202871077,0.0113231137698092,-0.00689043641416179,0.000878184439943121,,F,0.0222873627237108
chr8,126441753,126442060,308,*,3,0.0141530338634973,0.00908698974943723,0.044913712611329,0.0112456033234921,0.00592337676912195,0.00507570897285368,,F,0.0222873627237108
chr22,29426511,29426649,139,*,3,0.0142374580260931,0.0090881875734315,0.0182099465701004,0.00941214203351524,0.0064926533253041,0.00408042886501707,"ZNRF3, ZNRF3-AS1",F,0.0222873627237108
chr11,6191109,6191635,527,*,3,0.0142402584199343,0.00918754411068189,0.0503994859983955,0.0118363397252792,-0.0139949237927257,-0.00444750142185568,"RP11-290F24.3, OR52B2",F,0.0222873627237108
chr1,202935683,202937114,1432,*,11,0.0142530751961375,0.00302785382266937,0.0962375754478087,0.00815574496825358,-0.0149867160178839,0.00130572748221938,CYB5R1,F,0.0222873627237108
chr17,33568598,33568791,194,*,2,0.0142536459936938,0.00985339662656093,0.0321925363262262,0.0110931244617454,0.0662955161040084,0.0578845291349003,RP11-799D4.4,F,0.0222873627237108
chr8,42552688,42553592,905,*,3,0.0142540656909927,0.0057316396486227,0.0407274516056964,0.00815574496825358,-0.0097545752636452,0.00117867601329772,CHRNB3,F,0.0222873627237108
chr12,133335468,133335488,21,*,2,0.0143022462194134,0.0107508850110127,0.025925553569471,0.0114730134777566,-0.00752038561546731,-0.00716219000347823,ANKLE2,F,0.0222873627237108
chr5,122759264,122759329,66,*,4,0.0143162597167462,0.00841812870795798,0.0264281229461662,0.00800747390168658,0.0102221177791714,0.00802350361296567,CEP120,F,0.0222873627237108
chr8,8751498,8752348,851,*,2,0.0143315408449587,0.00585114805256565,0.0192264992685957,0.00721610683579311,-0.0169782459934554,-0.00389474718536131,,F,0.0222873627237108
chr15,42783372,42783487,116,*,3,0.0143483825398629,0.0102562049577013,0.0239806130712518,0.00903934727444739,0.0129218181151579,0.0110568545354805,SNAP23,F,0.0222873627237108
chr6,167704769,167704808,40,*,2,0.0143678939146243,0.0100211833119152,0.0260646916082629,0.0108711468627608,-0.00523293046106033,-0.00472096799873178,UNC93A,F,0.0222873627237108
chr2,95787034,95787112,79,*,2,0.0143912109980013,0.00713419874865221,0.0212181898845668,0.00829283559153749,0.019826421939962,0.016586309394589,MRPS5,F,0.0222873627237108
chr6,42892994,42893093,100,*,2,0.0144034426356175,0.00701898043748133,0.0144777411645042,0.00753790727508095,0.0165125076164937,0.0160343910501726,PTCRA,F,0.0222873627237108
chr19,34012536,34012935,400,*,7,0.0145175129244818,0.0058163421627309,0.0616402634427506,0.00903503749650349,0.00920871281925394,0.00347164594726448,PEPD,F,0.0222873627237108
chr19,46105466,46105602,137,*,5,0.0146312526754357,0.010017122345142,0.0552211080487355,0.0109050837608241,0.0120238553236591,0.00800800471269877,"OPA3, GPR4",F,0.0222873627237108
chr11,61063062,61063144,83,*,3,0.0147513282355267,0.00582023746271807,0.0290774233264778,0.00763519289679162,-0.0175390024495033,-0.0141675671401538,,F,0.0222873627237108
chr7,73588011,73588538,528,*,4,0.0147902226560733,0.0102065267645826,0.0538199528786106,0.0125476578824526,0.00675964175486651,0.00301274275537509,,F,0.0222873627237108
chr1,16318931,16318994,64,*,2,0.0149119791835962,0.00937817050818157,0.0243636448828361,0.0102341532805454,0.0189289466150103,0.0110239588615693,TBC1D3P6,F,0.0222873627237108
chr6,26033786,26034145,360,*,8,0.0149367647177406,0.00811816441877806,0.0797119221729623,0.011296692677747,0.0240434776919104,0.0108935601132039,HIST1H2AB,F,0.0222873627237108
chr19,15488783,15488902,120,*,2,0.0149439337707301,0.0102506357514471,0.0403680587215467,0.0119493461592979,0.00901767321433583,0.00778402322974939,AKAP8,F,0.0222873627237108
chr14,97061349,97061527,179,*,2,0.0150492664877222,0.0101049487411511,0.0360020609425245,0.0115426586073392,-0.0165886535209316,-0.00621468662040542,RP11-433J8.1,F,0.0222873627237108
chr6,31110228,31110647,420,*,4,0.0150637628755916,0.0088148776318336,0.0638936931446193,0.0123078847069104,0.0129037327281958,0.00274733845302383,CCHCR1,F,0.0222873627237108
chr1,245133209,245133216,8,*,2,0.0150643234792377,0.00703456340797928,0.0266554701860553,0.00845852332571066,0.0177928199956752,0.0159501761069883,"EFCAB2, RP11-156E8.1",F,0.0222873627237108
chr1,155910958,155911361,404,*,4,0.0150758734022491,0.00930067334443381,0.0256862154799317,0.0103143596435562,-0.0210568811597329,-0.0100751710870787,,F,0.0222873627237108
chr18,77623282,77623598,317,*,7,0.0150852209967421,0.00806072921554254,0.119307251055095,0.016892464339047,-0.0178635045995619,-0.00910458837990867,,F,0.0222873627237108
chr10,1206641,1206690,50,*,2,0.0151159038883483,0.0107300334268606,0.0360489959528927,0.0122818589901145,0.00458280717602566,0.00457427571734143,LINC00200,F,0.0222873627237108
chr19,814917,815164,248,*,3,0.0152166205024526,0.0101032353087255,0.040536778933115,0.0117594848896974,-0.0393678615766255,-0.0226425700495139,LPPR3,F,0.0222873627237108
chr14,94462309,94462607,299,*,4,0.0152580138204038,0.0106441269969802,0.0361514129462513,0.0125221412219235,-0.0285443464958498,-0.0148714321398659,,F,0.0222873627237108
chr1,168105857,168106157,301,*,3,0.0152580138204038,0.00670387162772317,0.015096817566628,0.0071054555380096,0.0101428938218725,0.00751444350724885,GPR161,F,0.0222873627237108
chr12,50418837,50419555,719,*,11,0.0152709206091687,0.00898803633434915,0.0725299783461162,0.0124489023197516,0.0173777350157594,0.00960639233195384,RACGAP1,F,0.0222873627237108
chr8,146176323,146176538,216,*,6,0.0152958699695389,0.00501938362295961,0.0750654251235953,0.00905975769964816,0.0103742923879041,0.00383333681727819,,F,0.0222873627237108
chr13,21520468,21520519,52,*,2,0.0153605398138147,0.0089728500450655,0.0305740500149368,0.0102294937488457,0.00480175331523607,0.00355424078291417,HNRNPA1P30,F,0.0222873627237108
chr13,100608123,100608447,325,*,3,0.0153894167888716,0.0104350590961644,0.0389918717895664,0.0125180902193681,-0.0105915019546721,-0.00744562928498886,,F,0.0222873627237108
chr1,22416488,22416735,248,*,2,0.0153894167888716,0.0089728500450655,0.0328184389552917,0.0103045568385854,0.0123649344336488,0.0103664518483374,CDC42,F,0.0222873627237108
chr11,71752705,71752997,293,*,5,0.0153924636317768,0.00775664144180048,0.0595212971480736,0.0109491848537363,-0.0245423567831665,-0.0116199605902399,NUMA1,F,0.0222873627237108
chr19,1050977,1051160,184,*,3,0.0154653409138171,0.00973886895482932,0.0448160515425221,0.0120219952220753,-0.00918364395627025,-0.00427262344943824,ABCA7,F,0.0222873627237108
chr16,73092823,73093309,487,*,3,0.0154886221337352,0.0077015605144449,0.042753201710028,0.00985534697486283,0.0264375945564497,0.0145398264900728,ZFHX3,F,0.0222873627237108
chr11,123430949,123431162,214,*,2,0.0156885578012549,0.0106414775889858,0.0326065576337496,0.0119221536493297,-0.0127742895985606,-0.00437487725646114,GRAMD1B,F,0.0222873627237108
chr7,8483249,8483569,321,*,3,0.0157024285703484,0.0100672187215311,0.036082772251167,0.0110574360841392,0.00408245860205984,0.0011347795808443,NXPH1,F,0.0222873627237108
chr16,73125573,73125600,28,*,2,0.0157059964560992,0.0103935603448095,0.029552043810537,0.0114519810067253,-0.0255380887727901,-0.0186864660144713,,F,0.0222873627237108
chr1,43389643,43389725,83,*,3,0.0157602048221092,0.00706460171923452,0.0218096320130037,0.00848767345811581,0.00999852718087511,0.00703320769354767,,F,0.0222873627237108
chr6,28829171,28829746,576,*,12,0.0158612135201412,0.00785372186515664,0.15493388791956,0.0237868633544074,-0.0127599419538821,-0.00584076904312346,"RPL13P, XXbac-BPG308K3.6",F,0.0222873627237108
chr3,111804830,111805077,248,*,6,0.0158686373948758,0.00665485656854417,0.09696575192475,0.0116502991678991,-0.00919351150892279,-0.00340133151168147,,F,0.0222873627237108
chr9,139565087,139565154,68,*,2,0.0158697100552288,0.00906102817179266,0.033420050268679,0.0104077490179395,0.0216655028951951,0.0169080713882926,"EGFL7, MIR126",F,0.0222873627237108
chr14,35591473,35592116,644,*,10,0.0158874130564756,0.00930067334443381,0.0755877845397076,0.0132976372230178,0.0124802396828273,0.00646197310360452,"KIAA0391, KIAA0391, PPP2R3C",F,0.0222873627237108
chr2,11102112,11102188,77,*,3,0.0159092447110363,0.00881734636792795,0.0404290055524938,0.0105145843473151,-0.0117444947901288,-0.00417884799783571,,F,0.0222873627237108
chr21,42797588,42797953,366,*,4,0.015988488503502,0.0089728500450655,0.0684932766727415,0.0129961406520549,-0.00927083493749559,-0.00182911017519693,MX1,F,0.0222873627237108
chr5,122429414,122429517,104,*,3,0.0160492578882189,0.0095131942353608,0.0570513862884369,0.0124707545157071,0.00719199613264623,0.0033787394986014,PRDM6,F,0.0222873627237108
chr8,144814058,144814911,854,*,2,0.0160556157079702,0.00411647008125281,0.0131903573990985,0.00482537881613477,0.0133150231787781,0.0106086999626308,FAM83H,F,0.0222873627237108
chr6,99968879,99969244,366,*,3,0.0160833665829121,0.0088738556467175,0.0472384252811993,0.0112896203490502,0.0108285596064155,0.0081118699625793,"TSTD3, USP45",F,0.0222873627237108
chr1,3547523,3547534,12,*,2,0.0161296322267542,0.00907749820169761,0.0350482174273275,0.0105145843473151,0.00883757033805488,0.00541342412741303,WRAP73,F,0.0222873627237108
chr3,141173927,141174337,411,*,2,0.0162094111873408,0.00951503546076973,0.0355838671933108,0.0108920746290112,0.0170731359090024,0.00673390874028786,,F,0.0222873627237108
chr6,80340561,80340650,90,*,2,0.0162680731387069,0.00855795837360288,0.0331051636964379,0.0099765058293202,0.00482962500597092,0.00458973396430119,,F,0.0222873627237108
chr12,67662516,67662589,74,*,2,0.0162966591078537,0.00803743006531805,0.0277010246303769,0.00927490368556205,0.0127613203902672,0.00680448034860755,,F,0.0222873627237108
chr10,134476336,134476628,293,*,3,0.016303304911422,0.0101224162814883,0.068686307761644,0.0149430539063344,-0.0144217609772123,-0.00855096604816722,INPP5A,F,0.0222873627237108
chr12,126926867,126926925,59,*,3,0.0163157725737134,0.0104596207526563,0.0678268043347296,0.0156908564650737,-0.0152472652949369,-0.0124103357482413,,F,0.0222873627237108
chr20,44829602,44829821,220,*,3,0.016362402974682,0.00820129495385385,0.0453037016717212,0.010584194449976,0.00937524659684302,0.00102133257843331,CDH22,F,0.0222873627237108
chr13,49796387,49796489,103,*,3,0.0163688699646169,0.0101224162814883,0.0264559055476161,0.0112313951149988,-0.0196230460675626,-0.00844817811797105,MLNR,F,0.0222873627237108
chr1,9653338,9653617,280,*,2,0.0163870098420215,0.00898803633434915,0.0344961637033461,0.0103707375054479,-0.0377059145864304,-0.0206445893265372,TMEM201,F,0.0222873627237108
chr19,917068,917109,42,*,2,0.0163892317817445,0.00751290380962609,0.0164668015941568,0.00825240913546798,-0.0193488845456312,-0.0171967178134781,,F,0.0222873627237108
chr1,45956773,45957456,684,*,10,0.0164181297147163,0.0102175789487499,0.0837123182100768,0.0139349073346475,0.010599789059316,0.00541578519078765,TESK2,F,0.0222873627237108
chr8,10283795,10283858,64,*,2,0.0164574883203065,0.00954329195768493,0.0359544014417493,0.0109628195292942,-0.00958860116294325,-0.0092595750888636,MSRA,F,0.0222873627237108
chr4,99850251,99850288,38,*,4,0.0164665562566528,0.0100541472554802,0.0516400291998996,0.0116697207108554,0.014752241694962,0.00715935195035306,"RP11-571L19.7, EIF4E",F,0.0222873627237108
chr19,39897430,39897500,71,*,5,0.0164793155183415,0.0102867838576263,0.028456047239609,0.0101677613764998,0.0117625926691157,0.00884330774449155,ZFP36,F,0.0222873627237108
chr12,110720061,110720126,66,*,2,0.016490959551133,0.00993869325747522,0.0307086937552812,0.0111160808366003,0.0106543008544132,0.00972614215889254,ATP2A2,F,0.0222873627237108
chr4,903473,903575,103,*,3,0.0165185797738852,0.00904522088333574,0.0620563115003452,0.0121779819372369,0.0113111479824966,0.00214286984643168,GAK,F,0.0222873627237108
chr2,30369314,30369584,271,*,6,0.0165295929729311,0.00946951793554788,0.0939332155230614,0.018442621878781,0.0123360236948851,0.00806981693090771,,F,0.0222873627237108
chr11,44590889,44591098,210,*,2,0.0166366474522749,0.0100356189714383,0.035299091510455,0.0114180140511183,-0.0479060476713103,-0.0202747063763753,CD82,F,0.0222873627237108
chr8,1892416,1892956,541,*,2,0.0166504507153911,0.00868326890697365,0.0330519294185903,0.0100943742725611,0.0144003085366859,0.00802041260116187,ARHGEF10,F,0.0222873627237108
chr11,74110106,74110223,118,*,3,0.0167438825201788,0.0101224162814883,0.0550925330160141,0.0135184228437935,0.0162925442118874,0.0110733023616454,RP11-702H23.4,F,0.0222873627237108
chr4,186007379,186007412,34,*,2,0.0171472653735443,0.0104198682535777,0.0221320298940187,0.0108882685709929,0.0235332285714928,0.0169660249175587,RP11-386B13.3,F,0.0222873627237108
chr17,80005395,80005586,192,*,2,0.017163830587876,0.0081133233053889,0.0305375392208313,0.00944753906180024,0.00819398859466691,0.00375042028759381,,F,0.0222873627237108
chr12,56120816,56121015,200,*,2,0.0171921655853798,0.00984322273787668,0.0379269569435792,0.0113231137698092,-0.0429932488314948,-0.0113386742962033,CD63,F,0.0222873627237108
chr12,132093736,132093798,63,*,2,0.0171943392711491,0.00937817050818157,0.016117998960811,0.00933470078435854,0.0140762759823788,0.0135169173719137,,F,0.0222873627237108
chr6,15663442,15663538,97,*,5,0.0172030161714843,0.00542710392824192,0.0274952289964774,0.00618980391945387,0.0128246624217253,0.00711470561200455,,F,0.0222873627237108
chr5,14452105,14452155,51,*,2,0.0172077098899756,0.0104752342046213,0.0398117215551769,0.0122227166701615,-0.004279014248878,-0.00181892194275624,TRIO,F,0.0222873627237108
chr7,2039898,2040232,335,*,3,0.0173499589895117,0.00983867300665798,0.0375777223609712,0.0117623945257411,0.0199601366389391,0.00510539358403128,MAD1L1,F,0.0222873627237108
chr16,2097837,2097910,74,*,2,0.0173691209648879,0.00785863573610647,0.0149480756062303,0.00816485800090156,-0.00605180691089667,-0.00115144558767625,"TSC2, NTHL1",F,0.0222873627237108
chr19,41106295,41106351,57,*,2,0.0173882574782658,0.00764523354520819,0.0150218913143908,0.00809115483726308,-0.010318484002683,-0.00705803640066906,LTBP4,F,0.0222873627237108
chr3,58163815,58164168,354,*,3,0.017435655442248,0.0106579159714635,0.068686307761644,0.0161817000693379,0.00492771003893633,0.00222421964491752,,F,0.0222873627237108
chr7,56160528,56161020,493,*,9,0.017511416903164,0.00989105675306131,0.105324839589459,0.0122036833477438,-0.0167686973997324,-0.00720255550806898,PHKG1,F,0.0222873627237108
chr19,39010018,39010100,83,*,2,0.0176416269755527,0.0106864907944781,0.0225016108959794,0.0111207115103112,0.0175183749847276,0.0104805337165121,RYR1,F,0.0222873627237108
chr21,31311797,31311842,46,*,2,0.0177062681669136,0.0102867838576263,0.0394026660111211,0.0119514882292743,-0.0145383580644185,-0.0142610833022882,GRIK1,F,0.0222873627237108
chr21,34602869,34603264,396,*,4,0.017722868056362,0.0104476457578069,0.0341049095305454,0.0108743606196225,0.0138514071846295,0.00677339179784461,IFNAR2,F,0.0222873627237108
chr15,65281804,65281881,78,*,5,0.017725627864064,0.00726941410801591,0.0421392558282993,0.0101827450562775,0.0234030097773131,0.0133663925237063,SPG21,F,0.0222873627237108
chr2,173508040,173508156,117,*,2,0.0177690584767806,0.0106016730216767,0.0410047691690515,0.0124227189727018,0.0238290376064715,0.0218475732092948,,F,0.0222873627237108
chr7,114561804,114561850,47,*,2,0.0179836288273071,0.0106469199450098,0.0322506160812186,0.0118999589488047,0.0173399800973572,0.0158332930379343,,F,0.0222873627237108
chr16,11876381,11876426,46,*,3,0.0180100027587664,0.00741484726298647,0.042182173831312,0.00951092677842195,0.0217243494469237,0.0183348103131788,ZC3H7A,F,0.0222873627237108
chr1,214153294,214153472,179,*,4,0.018048563665824,0.00803993369746606,0.0386329785168499,0.00989895994934285,-0.0158328937075761,-0.00546535770422896,PROX1-AS1,F,0.0222873627237108
chr17,72860402,72860448,47,*,2,0.0182756675102534,0.0095953764364425,0.0335448385547227,0.0109032619823676,0.0104393998919248,0.00438499794240727,FDXR,F,0.0222873627237108
chr16,12183835,12183938,104,*,3,0.0183407766861064,0.00981643800353812,0.0135923394186055,0.00859497897599778,-0.0237187926293007,-0.0143294618183956,"SNX29, RP11-276H1.3",F,0.0222873627237108
chr16,68378352,68378420,69,*,3,0.0183419677530884,0.0101712877508909,0.0466404811040719,0.012961425409641,-0.029274558179229,-0.00865139812042222,PRMT7,F,0.0222873627237108
chr1,197115894,197116190,297,*,7,0.0183904337298436,0.00907749820169761,0.0604407035573571,0.012162995690333,0.0179309352317019,0.00971381112676747,,F,0.0222873627237108
chr7,42006083,42006120,38,*,2,0.0184328069446099,0.00933740567669317,0.0360403862679498,0.0107950124315111,0.0143325450858116,0.00506789998100155,GLI3,F,0.0222873627237108
chr11,491086,491289,204,*,3,0.0184384255973241,0.00980732760983039,0.0353163341206447,0.0114250250880133,0.00571630738776341,0.00409725676174829,PTDSS2,F,0.0222873627237108
chr15,72104228,72104318,91,*,2,0.0184496404062592,0.00979505173999481,0.0154335148679141,0.00937357344473193,0.00869499286163766,0.00756175812263266,NR2E3,F,0.0222873627237108
chr16,81110875,81111074,200,*,5,0.0184706322305616,0.0107350961239402,0.042447764021485,0.0121762376361687,0.0130383455485701,0.00329660131005619,"RP11-303E16.7, RP11-303E16.8",F,0.0222873627237108
chr1,7811352,7811409,58,*,2,0.0186048230064669,0.00803578595955768,0.0250855625243166,0.00919363861249473,-0.0144450990339351,-0.00913999824373207,CAMTA1,F,0.0222873627237108
chr6,160114178,160114232,55,*,2,0.0187324565003985,0.00956628074071671,0.0364929529402089,0.0109926729307207,-0.00615705329346504,-0.00382182588028906,SOD2,F,0.0222873627237108
chr3,49377976,49378124,149,*,3,0.0187486393834921,0.0101997059039904,0.0292348906672197,0.0111324092529511,0.00993261478594727,0.00674423960055115,USP4,F,0.0222873627237108
chr6,134176481,134176500,20,*,2,0.0187885464848859,0.0091191616536544,0.027775294418832,0.0102704283822896,0.00703525134110607,0.00608392633394692,RP3-323P13.2,F,0.0222873627237108
chr16,81327958,81328089,132,*,2,0.0188635353382793,0.00967733191256352,0.03555655203465,0.0110474792316377,-0.024316035377265,-0.0101371625204532,,F,0.0222873627237108
chr2,2124618,2124815,198,*,2,0.0189150267568024,0.0102651973731099,0.0395142340247708,0.0119271316184849,-0.0166473250306714,-0.00799654750997309,MYT1L,F,0.0222873627237108
chr2,96971423,96971527,105,*,4,0.0191161873515542,0.0101049487411511,0.0849012462491602,0.0174706897134182,0.0147678788108622,0.00949073070152175,,F,0.0222873627237108
chr10,72575514,72575517,4,*,2,0.0193902372258905,0.00958482641737584,0.0361765257303801,0.0110159653177804,0.00950405018057561,0.00350182798174191,,F,0.0222873627237108
chr1,162346594,162346613,20,*,2,0.0194221863760983,0.010017122345142,0.0160921618553279,0.00972419481915983,0.0124365364966498,0.00523175910916907,"NOS1AP, RP11-565P22.6, C1orf226, C1orf111",F,0.0222873627237108
chr12,120426529,120426550,22,*,2,0.0194794251309956,0.00808045630917019,0.0140871088640329,0.00811100682316487,0.00992928930075981,0.00849192414264391,,F,0.0222873627237108
chr5,40835740,40835760,21,*,3,0.0195745616945229,0.0102989300388106,0.0668109382471436,0.0152109937909657,-0.005004961974686,-0.00169764309834719,,F,0.0222873627237108
chr12,6451298,6451316,19,*,2,0.0198487577645686,0.00803743006531805,0.0291228842484065,0.00932188207726097,0.0159221563500529,0.014011861447192,,F,0.0222873627237108
chr19,8642301,8642370,70,*,4,0.0199013530902265,0.00955177259416683,0.0585475853352004,0.0125476578824526,0.00838571845501451,0.00623991687160778,MYO1F,F,0.0222873627237108
chr5,307799,307899,101,*,3,0.0202591022322974,0.00950066511113301,0.0339188038323496,0.0112197927282811,-0.012657104850341,-0.00563485424921806,"PDCD6, AHRR",F,0.0222873627237108
chr12,54891634,54891636,3,*,2,0.0203217686791039,0.0104350590961644,0.039310311230211,0.0121525528743317,0.00904702624093178,0.00866957541781405,NCKAP1L,F,0.0222873627237108
chr1,36056491,36056577,87,*,2,0.0204237263422452,0.0105363442418773,0.040848958325926,0.0123286653876163,0.0062063765484186,0.000318368759921639,TFAP2E,F,0.0222873627237108
chr16,1376523,1376555,33,*,2,0.0204713787593977,0.0106579159714635,0.0291262831313306,0.0116866570800797,0.00532481898475179,0.00422617075449327,UBE2I,F,0.0222873627237108
chr22,35652408,35653622,1215,*,9,0.000409241154313937,0.0107924729438758,0.0134860180921609,0.00609506837620194,-0.00843180133105748,0.00123372170236919,HMGXB4,F,0.022298379103651
chr3,158450550,158450833,284,*,3,0.00263887505335227,0.0107924729438758,0.0158027275667924,0.00900461797260603,-0.0657883759888652,-0.016457078185239,"MFSD1, RP11-379F4.4",F,0.022298379103651
chr7,130419042,130419675,634,*,17,0.00310199981381289,0.0107924729438758,0.0553984782037392,0.0107285282525982,0.0190169493751428,0.00471234127100336,,F,0.022298379103651
chr7,2548788,2549030,243,*,3,0.0140858594300136,0.0107924729438758,0.0467134615248946,0.012831352149352,-0.0119026244244036,-0.00414430604302925,,F,0.022298379103651
chr8,11617293,11617305,13,*,2,0.0196187189585138,0.010787946013743,0.0256587021715768,0.0114730134777566,0.0211633778657163,0.0115015938230525,GATA4,F,0.022298379103651
chr7,134143249,134144288,1040,*,14,0.00109451195035268,0.010809655465575,0.0370347565337149,0.00862131972933039,0.0181557359286624,0.00645951823134388,AKR1B1,F,0.0223140804535385
chr10,14541114,14541266,153,*,3,0.00324126431954931,0.0108084098750531,0.0119421690000001,0.00738666046093964,0.0145729307929969,0.00702870331067935,,F,0.0223140804535385
chr19,3189496,3189957,462,*,3,0.00446959765453911,0.0108293017223555,0.0150427978439014,0.00815414463036741,-0.0290907018467824,-0.0153776125966663,NCLN,F,0.0223249482607391
chr4,76995173,76995494,322,*,3,0.00801111907710117,0.0108293017223555,0.027328694879602,0.0096322759013786,-0.0137742589371704,-0.00832527244035068,ART3,F,0.0223249482607391
chr9,126154367,126154423,57,*,2,0.0159288071632795,0.0108293017223555,0.0313265949606975,0.01201381178306,-0.0118650342696186,-0.0052562712115638,DENND1A,F,0.0223249482607391
chr19,51891210,51891526,317,*,3,0.00338805867893436,0.0108645385138275,0.0132622057327462,0.00914792017263822,0.0360124525302579,0.0256306623174106,LIM2,F,0.0223580008214295
chr13,101326339,101327638,1300,*,10,0.00356339495374532,0.0108645385138275,0.015267101048881,0.00862720818007681,0.00875474975501273,0.00321496636476838,TMTC4,F,0.0223580008214295
chr7,100894787,100895380,594,*,3,0.00752277196338886,0.0108645385138275,0.0132622057327462,0.0088075900274432,0.0119663763434318,0.00737476694333246,FIS1,F,0.0223580008214295
chr10,124895243,124896232,990,*,12,0.00877202472886721,0.0108645385138275,0.0883250499919947,0.0172030466153433,-0.0118467460774051,0.000202511847183664,HMX3,F,0.0223580008214295
chr9,972520,972622,103,*,2,0.00586591630650723,0.010876039818018,0.0132622057327462,0.00894046278714204,-0.00534720831792809,-0.00325268900466291,,F,0.0223717833182464
chr1,94057587,94057789,203,*,2,0.006824759896843,0.0108897838825319,0.0130674198008828,0.0088075900274432,-0.0128384938941411,-0.00740277902917698,"RP5-1033H22.2, BCAR3",F,0.0223802839986544
chr22,35795952,35795970,19,*,2,0.0201641347606292,0.0108897838825319,0.0431555508346909,0.0130105352979419,-0.0175847988779325,-0.00906585962998035,,F,0.0223802839986544
chr7,158270995,158271081,87,*,2,0.0160027225565445,0.0109080385121694,0.0397343165787007,0.0127506611508028,-0.00446988813833171,-0.00287227484998032,PTPRN2,F,0.0223980314599528
chr2,219081547,219081765,219,*,5,0.0186012717207483,0.0109080385121694,0.0196659316349271,0.00933470078435854,0.0101303270649071,0.00636382416290139,,F,0.0223980314599528
chr7,150019477,150020401,925,*,11,1.66039024322024e-05,0.0109209745735745,0.0296743155527408,0.00448066378803865,0.0236289322655374,-0.00323826405265797,"LRRC61, ACTR3C",F,0.0224147107047758
chr2,234366916,234366977,62,*,2,0.0107275889136673,0.0109347499494002,0.0201466907865154,0.0110159653177804,-0.0116405667593171,-0.00391013244264643,DGKD,F,0.0224330971428884
chr18,12420862,12421072,211,*,2,0.0101378442734243,0.010951549558783,0.0414970039844286,0.0129794649934201,-0.0502505484990015,-0.0409919695457632,SLMO1,F,0.0224576689983499
chr17,38296011,38297856,1846,*,14,0.000610814151190364,0.0109818971319135,0.0138425532435755,0.00634009226647783,0.0155940392439211,0.00590317879645856,CASC3,F,0.0225099889715323
chr7,100860599,100862016,1418,*,15,6.95839016707713e-05,0.0111347878545633,0.0222927862047649,0.00480977842672034,0.0148960644530707,0.00623456701226072,"ZNHIT1, PLOD3",F,0.0225152374575333
chr19,2511109,2511707,599,*,4,0.000175448284813209,0.0111347878545633,0.010788009016712,0.00358835602860845,0.00816889748600358,0.00420597287738148,GNG7,F,0.0225152374575333
chr11,93474015,93475054,1040,*,18,0.000222508983872689,0.0111481273798241,0.0523699336961144,0.00722256820670286,0.0245641325365319,0.0103125020137199,"C11orf54, TAF1D",F,0.0225152374575333
chr10,45872735,45873196,462,*,2,0.000403605947182596,0.0111074583244694,0.00798710548832524,0.00548881360928893,0.00901409526829888,0.00717851350199528,ALOX5,F,0.0225152374575333
chr4,1339547,1340602,1056,*,12,0.000669602206459501,0.0111536724961411,0.0332386072643073,0.00689884274385631,0.0269341499684675,0.00668345222997461,,F,0.0225152374575333
chr1,107683187,107684059,873,*,6,0.000834332375406573,0.0111391735471079,0.0162116740689407,0.00646885877851272,0.0106527827127279,0.00319146380810309,NTNG1,F,0.0225152374575333
chr14,60972853,60973904,1052,*,6,0.000837938279292805,0.0111347878545633,0.0227355450826492,0.00772984959372395,-0.0194607503702475,-0.00451206135801988,C14orf39,F,0.0225152374575333
chr19,35782638,35783292,655,*,4,0.00109333373938372,0.0111391735471079,0.0167145372470074,0.00815574496825358,0.0374184744054596,0.0180200485571919,MAG,F,0.0225152374575333
chr3,125876169,125876246,78,*,3,0.00160765972400712,0.0110819279879037,0.0141934982929194,0.00673322292460692,-0.00982101519184697,-0.00194166275704348,ALDH1L1,F,0.0225152374575333
chr7,107770791,107771148,358,*,3,0.0017930965192354,0.0111391735471079,0.0222089779044952,0.00869560215957657,-0.0173652509855939,-0.0103784920994112,LAMB4,F,0.0225152374575333
chr5,150632246,150632662,417,*,8,0.00244625812173279,0.0110738446100305,0.0147082262452102,0.00968205897070909,0.0130261945638102,0.0068172610041277,GM2A,F,0.0225152374575333
chr1,220219163,220219906,744,*,8,0.00287961765201395,0.0111347878545633,0.025219528486391,0.00933315128846005,0.0144472323782988,0.00789308937106992,EPRS,F,0.0225152374575333
chr16,12898446,12898504,59,*,2,0.00351882926842195,0.011144142684869,0.0360500898113825,0.0127662314938526,0.00776707461851822,0.00505531239982426,,F,0.0225152374575333
chr12,22094034,22095477,1444,*,13,0.00404031555086975,0.0111391735471079,0.0529406272123687,0.00827697734806369,-0.0220243760793765,4.4253652331337e-05,ABCC9,F,0.0225152374575333
chr8,143858414,143858791,378,*,8,0.00414625650153319,0.0110410872978468,0.0572585708411351,0.0120062574316874,-0.00982248632485827,-0.0020541481519682,LYNX1,F,0.0225152374575333
chr19,42578905,42579074,170,*,3,0.00470240050137373,0.0111481273798241,0.0165347412843668,0.00937357344473193,-0.0306427962045092,-0.0113715456164796,ZNF574,F,0.0225152374575333
chr6,32726567,32726626,60,*,2,0.00492821235768654,0.0111196727779851,0.0115405716428096,0.00783310190392338,0.0107241357635582,0.0056552700213347,HLA-DQB2,F,0.0225152374575333
chr12,49627624,49628356,733,*,4,0.00625991422981089,0.0110819279879037,0.0322676572682938,0.00893388807765413,-0.06061374562157,-0.0306884476669135,"TUBA1C, RP11-977B10.2",F,0.0225152374575333
chr12,56212243,56212418,176,*,3,0.00631706348386973,0.0110541135356439,0.0623857288365828,0.0162192539470089,-0.0108543485613463,0.00157689550988062,"ORMDL2, RP11-762I7.5",F,0.0225152374575333
chr10,5734571,5735135,565,*,4,0.0075590415417439,0.0111074583244694,0.0570098826493995,0.0142573511198798,-0.0435367390024602,-0.0196581478889161,FAM208B,F,0.0225152374575333
chr17,74722752,74723419,668,*,9,0.00774842125559339,0.0110763551975327,0.0443274256344385,0.011248381657263,-0.0139771353388836,-0.00315358033369684,"METTL23, JMJD6",F,0.0225152374575333
chr4,24474861,24475075,215,*,2,0.0078115725688586,0.0111370281025706,0.012904171888162,0.00873864896560715,0.00538764899213337,0.00334949901241632,,F,0.0225152374575333
chr9,136344455,136344656,202,*,3,0.00782149196582029,0.0111332983745416,0.023802428231984,0.00945694200402065,0.00380150051036768,0.00137100613288334,,F,0.0225152374575333
chr22,50639024,50639996,973,*,7,0.00809094351949486,0.0111074583244694,0.0350744211039377,0.00933315128846005,0.00855070292778267,0.00431171778964781,SELO,F,0.0225152374575333
chr7,158217673,158217861,189,*,3,0.00852985414962381,0.0111347878545633,0.0244634709177986,0.0118588746071268,-0.0103345395030081,-0.00703241146090191,PTPRN2,F,0.0225152374575333
chr10,104574906,104575064,159,*,2,0.00879028927191492,0.0111074583244694,0.0198712352658555,0.0110462705109406,0.0133939643470761,0.00239975493974598,WBP1L,F,0.0225152374575333
chr2,136876652,136877278,627,*,6,0.00896323743993077,0.0111244648281245,0.0481480268419239,0.0110616738209468,0.0116773636903357,0.00800920718945184,,F,0.0225152374575333
chr10,81070469,81070954,486,*,3,0.00977704460511952,0.0111196727779851,0.0369979524292342,0.0115648078318993,0.0116844047147333,0.00350569048541738,ZMIZ1,F,0.0225152374575333
chr9,131799192,131799655,464,*,5,0.0108595717313579,0.0111347878545633,0.0412241878511498,0.0108187031855603,0.0140989142289203,0.00686324551358213,FAM73B,F,0.0225152374575333
chr6,12957651,12957800,150,*,3,0.0125182242436005,0.0111502971164222,0.0249808634004205,0.0103869913423625,0.0107667049829027,0.00752926418501889,PHACTR1,F,0.0225152374575333
chr13,113893660,113893787,128,*,3,0.0128494717382614,0.0111196727779851,0.0256404613693631,0.0119597960139938,-0.0124377534506168,-0.00691418532661536,CUL4A,F,0.0225152374575333
chr1,24191740,24192033,294,*,3,0.014096026312858,0.0111391735471079,0.0259775684313508,0.0121031598097877,-0.0205144984704058,-0.00557029269843664,FUCA1,F,0.0225152374575333
chr19,59031341,59031463,123,*,4,0.0162327340390696,0.0111074583244694,0.0328050689650208,0.0126875826281584,-0.0108293877704484,-0.000333204982116414,ZBTB45,F,0.0225152374575333
chr14,73924401,73924605,205,*,2,0.0167282053783787,0.0111196727779851,0.018276633036102,0.010842277294323,0.0126454008044401,0.00868590291072517,NUMB,F,0.0225152374575333
chr16,84693279,84693437,159,*,2,0.0185087380857502,0.0111347878545633,0.0391000736978409,0.0130105352979419,-0.00784090614611366,-0.00704356158859315,KLHL36,F,0.0225152374575333
chr16,54964332,54965492,1161,*,10,1.5118850727089e-06,0.0111951816792792,0.010286402887336,0.00250235874407538,-0.0177065186182798,-0.00800566515903221,IRX5,F,0.0225877500852732
chr16,71660463,71660908,446,*,3,0.000284117266991129,0.0112283962738689,0.00877398510683811,0.00633470907373374,-0.00995973974639602,-0.00149941900979424,"MARVELD3, RP11-432I5.2",F,0.0225877500852732
chr4,16227539,16227813,275,*,2,0.00453461498307814,0.0112149652757763,0.0128171077435999,0.00864613084449893,0.0141892019537135,0.00831261380726046,TAPT1,F,0.0225877500852732
chr13,50702410,50703026,617,*,7,0.00571574263386627,0.0112185415669324,0.0399983142239258,0.0125476578824526,0.0566184914084728,0.0186775681648428,DLEU1,F,0.0225877500852732
chr12,8185024,8185526,503,*,7,0.00666984255334477,0.0112265129511805,0.0439904015596044,0.0100318138589245,0.0126067702774573,0.00353737772805895,FOXJ2,F,0.0225877500852732
chr17,40695519,40695900,382,*,3,0.00783690735033459,0.0112283962738689,0.0221827379340784,0.0109050837608241,0.00972718069574063,0.00451781809545234,"NAGLU, RP11-400F19.8",F,0.0225877500852732
chr16,2578056,2578331,276,*,2,0.0127644773283254,0.0112283962738689,0.0209982488832513,0.011273174081759,0.00868768664689323,0.00294654157595436,"AMDHD2, CEMP1",F,0.0225877500852732
chr5,10353332,10353435,104,*,4,0.0141174168955218,0.0112265129511805,0.0283446931441085,0.0126839978108169,0.00749804497912673,0.00308765096499922,CTD-2256P15.2,F,0.0225877500852732
chr10,127511350,127513190,1841,*,15,0.00180060683188834,0.0112627089199053,0.0560444862329441,0.0107602101380133,0.00923631983134175,0.00382867211147107,"BCCIP, UROS",F,0.0225884734883717
chr6,159466427,159466542,116,*,3,0.00366346070372126,0.0112504452303703,0.015801249196495,0.00653470149602472,0.0362995859780773,0.0205502261892738,RP1-111C20.4,F,0.0225884734883717
chr8,124780351,124781210,860,*,11,0.00371494565542324,0.011262348593553,0.0535678382547685,0.0115139733449499,-0.0265220233323557,-0.00121266211651609,FAM91A1,F,0.0225884734883717
chr12,2920853,2922039,1187,*,11,0.00498118011974626,0.0112488411017786,0.035003224813548,0.010351918668788,0.0235232429281154,0.00530187343077717,"ITFG2, RP4-816N1.6",F,0.0225884734883717
chr14,36003745,36004683,939,*,5,0.00690855105739772,0.0112627089199053,0.0512667690426485,0.0183324844304606,-0.0274159435116734,-0.0033475016477831,INSM2,F,0.0225884734883717
chr17,39254427,39254439,13,*,2,0.0127680368550864,0.0112627089199053,0.0157019027753522,0.010321436437083,0.0609939130614824,0.0360098818570001,,F,0.0225884734883717
chr16,87812658,87813021,364,*,3,0.0130271910975529,0.0112627089199053,0.0281977021298872,0.00985534697486283,-0.0111683924439484,-0.00384477415435098,RP4-536B24.4,F,0.0225884734883717
chr2,44588835,44589694,860,*,13,1.68199982936471e-07,0.0115502222352059,0.00701917363471232,0.00372617592252338,0.00960572925613389,0.00474919605918005,"CAMKMT, PREPL",F,0.0225948237868279
chr14,24836084,24838008,1925,*,14,2.1393521974109e-06,0.0115302915031397,0.00300886375950608,0.00174421710237524,0.032477124199254,0.00493392647449541,NFATC4,F,0.0225948237868279
chr18,61637441,61638155,715,*,4,0.000132664707472434,0.0115502157008887,0.00701917363471232,0.0047266266916838,-0.00885577595708495,0.00172032737869791,"HMSD, SERPINB8",F,0.0225948237868279
chr3,121379745,121380533,789,*,6,0.000727431807717292,0.0115020912045975,0.0111428198694594,0.00843204121253261,-0.0250821924813573,-0.00278071619826231,HCLS1,F,0.0225948237868279
chr15,43785974,43786615,642,*,3,0.00083398514132592,0.0115019683509275,0.0151745255114526,0.00993322001567161,-0.0216269781353696,-0.0117333790161633,TP53BP1,F,0.0225948237868279
chr6,33256540,33257756,1217,*,36,0.00119401240975719,0.011375143612772,0.0533464833820708,0.0121762376361687,0.0194889517627031,0.00580689210296024,"PFDN6, WDR46",F,0.0225948237868279
chr13,23422746,23422850,105,*,3,0.00122261117505772,0.0115585839269251,0.00947814688790453,0.00548881360928893,0.0242641419288473,0.0031187224947824,,F,0.0225948237868279
chr11,62211788,62212431,644,*,6,0.00123574767066373,0.0115502222352059,0.0148485410620303,0.00843204121253261,-0.0255315437203565,-0.0127849273382373,AHNAK,F,0.0225948237868279
chr16,72042348,72042925,578,*,9,0.00128388762869324,0.0113419782214761,0.0178226360204061,0.00656783337700227,0.0244347353670042,0.0101177167629882,DHODH,F,0.0225948237868279
chr17,78450357,78451573,1217,*,5,0.00141107191399836,0.0115502222352059,0.0148479068566351,0.00791346474029669,-0.0101027189329911,-0.00464174196344554,NPTX1,F,0.0225948237868279
chr11,119598909,119599622,714,*,7,0.00155187467267138,0.0113419782214761,0.0157676428658888,0.00790650658527671,0.0143108823593674,0.00386535880045019,PVRL1,F,0.0225948237868279
chr16,67753033,67753757,725,*,13,0.0015550935108321,0.0113126940546332,0.0444509731369948,0.00958561761152945,0.0125864783982128,0.00535764571331721,GFOD2,F,0.0225948237868279
chr3,125093330,125094322,993,*,7,0.00156796867553095,0.0112736133939422,0.0481611972288913,0.0115946817327705,-0.0159928044986828,-0.00356519179576156,ZNF148,F,0.0225948237868279
chr15,68128261,68129069,809,*,3,0.0016281460636804,0.0113419782214761,0.0109661448276533,0.00783310190392338,0.00733546740510694,0.00100900590916196,"RP11-34F13.3, RP11-34F13.2",F,0.0225948237868279
chr4,1330936,1330999,64,*,2,0.00168036626827608,0.0114195938711329,0.00973675916781557,0.00656783337700227,-0.00527444166810931,-0.00432074792009152,MAEA,F,0.0225948237868279
chr17,79885240,79886116,877,*,11,0.00224941690078964,0.0115495911089096,0.0342801358671283,0.0119859244285906,-0.00918691723085102,-0.000335134201958966,"MAFG-AS1, MAFG",F,0.0225948237868279
chr8,141608316,141608646,331,*,4,0.00267246467823449,0.0113901778392136,0.011878582599305,0.00865608273317473,-0.0400485396497869,-0.0304745609066182,AGO2,F,0.0225948237868279
chr13,41345183,41345689,507,*,11,0.00313918052894011,0.0115495911089096,0.0444509731369948,0.0111160808366003,0.0117967425365649,0.0040898301932923,MRPS31,F,0.0225948237868279
chr20,37352085,37353158,1074,*,10,0.00346849541000389,0.0115618348902751,0.0418532860508509,0.0102704283822896,-0.0268430772151704,-0.00702033385824633,SLC32A1,F,0.0225948237868279
chr2,26467533,26468406,874,*,14,0.00360811564544094,0.0115502222352059,0.0657672199251824,0.0136359971657748,0.0246819658432026,0.00555159897933799,"HADHB, HADHA",F,0.0225948237868279
chr7,102937535,102938279,745,*,10,0.00370483791907501,0.011375143612772,0.058176516784407,0.0108010095096853,0.0101202677641497,0.00408821545668564,PMPCB,F,0.0225948237868279
chr14,39639031,39639590,560,*,7,0.00415247747853917,0.0115195201801337,0.0190075420464762,0.0118001791701707,0.0112635734249409,0.0048841791511955,TRAPPC6B,F,0.0225948237868279
chr6,3118573,3119541,969,*,10,0.00419003136886499,0.0114893648500586,0.0398966297921054,0.0111961382900017,-0.0126926040928986,0.000161705241072494,BPHL,F,0.0225948237868279
chr6,31922132,31922863,732,*,8,0.00423850281779203,0.0113901778392136,0.0238927963944469,0.00970372462445598,0.0235720151134189,0.000883818803311204,NELFE,F,0.0225948237868279
chr7,84815088,84815881,794,*,6,0.00486251267646279,0.0115618348902751,0.055178591142273,0.0138437174595258,-0.0209057529183572,0.00118030912886914,SEMA3D,F,0.0225948237868279
chr6,17393822,17394417,596,*,4,0.00523228515340042,0.0114723772160083,0.0251558855707592,0.00958170549184933,-0.0152351929710253,-0.00656930860332496,CAP2,F,0.0225948237868279
chr12,123349952,123350361,410,*,3,0.00550666790297514,0.0113232099760165,0.0187093423382872,0.00832226235401664,-0.0122601334335437,-0.00500249988967435,"RP11-463O12.3, VPS37B",F,0.0225948237868279
chr14,23356251,23356614,364,*,3,0.00575800022205189,0.0115495911089096,0.0241397864353632,0.0102769480090795,-0.0181879309395097,6.2826646408734e-05,REM2,F,0.0225948237868279
chr12,132885871,132886954,1084,*,6,0.00576480812505238,0.0113907545778116,0.0359946524754409,0.0117854985506727,0.0194523269848884,0.00952410944893815,GALNT9,F,0.0225948237868279
chr3,164914150,164914621,472,*,8,0.00691688204468482,0.0113419782214761,0.0579872376366475,0.0113511435704486,-0.0386792212489974,-0.0138208138148679,SLITRK3,F,0.0225948237868279
chr12,109535320,109535460,141,*,6,0.00740710563843283,0.0115502222352059,0.0543565589677276,0.0113231137698092,0.00872593353781701,0.00177491161242991,UNG,F,0.0225948237868279
chr17,54857409,54857860,452,*,6,0.00755692789831693,0.0115502222352059,0.0347427099768669,0.0113231137698092,0.0106322825334894,0.00467510335218759,,F,0.0225948237868279
chr19,36235836,36236844,1009,*,12,0.0078034357381024,0.0114723772160083,0.0856683921564304,0.0113231137698092,0.0226905111317829,0.0081462809910612,"PSENEN, AC002398.9, AD000671.6, U2AF1L4",F,0.0225948237868279
chr6,43044876,43045187,312,*,3,0.00840863285464969,0.0115502157008887,0.0263354307523158,0.0110437685812132,-0.0269133760206241,-0.010582348921474,PTK7,F,0.0225948237868279
chr10,101281603,101281981,379,*,4,0.00867187704686277,0.0114417307124623,0.0272445364749705,0.00984040227645022,-0.0212071648809081,-0.000854278379704712,,F,0.0225948237868279
chr11,58981043,58981095,53,*,2,0.00894030713430729,0.0114478258177291,0.0452368350152847,0.0140776128827993,0.0184064095417547,0.0173649525610007,,F,0.0225948237868279
chr7,65842437,65842487,51,*,2,0.00899972254554785,0.0113290569879287,0.0142129036806791,0.00968138733849169,0.017995135008708,0.0162626141418734,"TPST1, LINC00174",F,0.0225948237868279
chr16,1875963,1876114,152,*,3,0.0105804730633099,0.0114780346361297,0.0507451913768265,0.0161255848298091,-0.00840835438721291,-0.00230279934539228,HAGH,F,0.0225948237868279
chr7,32497799,32498107,309,*,2,0.0112476242683489,0.011375143612772,0.0159441945470222,0.0104926680805867,-0.0402337452542714,-0.0305564238716931,,F,0.0225948237868279
chr12,109748034,109748043,10,*,2,0.0112880408139167,0.0113099497000057,0.0299754671898573,0.0123207468679742,0.00369522755680897,0.00110442958681966,,F,0.0225948237868279
chr3,44379424,44379533,110,*,3,0.011301062715737,0.0113704113156955,0.0482734938527173,0.0138658494885617,0.0143941068249498,0.0102112595278534,RP11-424N24.2,F,0.0225948237868279
chr7,152456815,152457432,618,*,4,0.0118446400148955,0.0115495911089096,0.0359028794926303,0.0119063682034203,0.00634036086779297,0.00177782953506008,ACTR3B,F,0.0225948237868279
chr6,30582174,30583082,909,*,8,0.0122739126263473,0.0114723772160083,0.0892028250586166,0.0141791308825945,0.0363751013886455,0.0173816778004241,PPP1R10,F,0.0225948237868279
chr1,177139876,177140322,447,*,6,0.0128543186634526,0.0113901778392136,0.0253186451731142,0.0111160808366003,-0.0191177225008136,-0.00679925923442201,,F,0.0225948237868279
chr3,154042025,154042375,351,*,9,0.0129371409817551,0.0114053549885505,0.101362489756187,0.0215653968461776,0.0126351339830491,0.00508016881127255,DHX36,F,0.0225948237868279
chr2,101257313,101257510,198,*,2,0.0130673379664866,0.0115019683509275,0.0189589898626521,0.011165139107041,0.0158868537271105,0.00253766248319165,,F,0.0225948237868279
chr7,819621,820397,777,*,6,0.0131195916443218,0.0114723772160083,0.0697274387981724,0.01343825359911,-0.0199931992620017,-0.0120507074838304,HEATR2,F,0.0225948237868279
chr1,213554366,213554497,132,*,3,0.0134259093428085,0.0113329432202019,0.0364158511304163,0.0119909959675256,-0.0130204045726618,-0.0058041550272793,,F,0.0225948237868279
chr9,131681980,131682162,183,*,2,0.0135259614800707,0.011330369650823,0.0446976705655188,0.0138481328421859,0.0090132837055803,0.000185119853208182,,F,0.0225948237868279
chr6,31496029,31496071,43,*,2,0.0137320314743492,0.0113658184319313,0.0449079748622274,0.013917229253638,-0.0142302980523881,-0.013413167867566,RPL15P4,F,0.0225948237868279
chr13,113728825,113728877,53,*,2,0.0138701184222765,0.0115615753296071,0.0139137938466446,0.00952638623496613,-0.00893758435181968,-0.0048061257296092,MCF2L,F,0.0225948237868279
chr14,21093801,21094001,201,*,3,0.0141092034401164,0.0115495911089096,0.0309976455853471,0.0118761356392329,-0.00868067946503717,-0.00204967375125995,,F,0.0225948237868279
chr2,231578304,231578467,164,*,2,0.0146314184335106,0.0115019683509275,0.0336642830006136,0.0129794649934201,0.00152987313414645,0.000440672157743571,CAB39,F,0.0225948237868279
chr7,87228749,87228808,60,*,2,0.0147093738065132,0.0115020912045975,0.0280928374709952,0.012299761225593,0.0132673529304464,0.0082645321570454,ABCB1,F,0.0225948237868279
chr20,21284343,21284574,232,*,3,0.0152114698426179,0.0115020912045975,0.0752268511278925,0.0186807694034161,0.0131803335559502,0.00967630889807062,XRN2,F,0.0225948237868279
chr8,118662568,118662804,237,*,2,0.0152930950089433,0.0113126940546332,0.0190984682491332,0.0110931244617454,-0.021277081395802,-0.0133030414923063,,F,0.0225948237868279
chr11,5878955,5878958,4,*,2,0.0156942666822654,0.0114956875164242,0.0363607170033463,0.0133194651563747,-0.0128962131325487,-0.0112159334962465,"TRIM5, OR52E8",F,0.0225948237868279
chr16,4401344,4401729,386,*,5,0.015899954791192,0.0114568489253204,0.0259181573231912,0.0123914389101595,0.0172024906431553,0.00221801779969511,"PAM16, CORO7-PAM16",F,0.0225948237868279
chr8,55047225,55047255,31,*,2,0.0162050986075875,0.0115495911089096,0.0163180442699041,0.0107259239364166,-0.00109016078643842,-0.000867493952653176,,F,0.0225948237868279
chr7,75947820,75947899,80,*,2,0.018938471373807,0.0115495911089096,0.0375431115695562,0.0135369374704747,0.0112810992023736,0.0106900009753649,,F,0.0225948237868279
chr13,52419380,52419483,104,*,3,0.0201323229823373,0.011452654507752,0.0406795760012281,0.0123207468679742,0.0174863326103408,0.0160761405162991,,F,0.0225948237868279
chr19,11669574,11670027,454,*,4,3.78631000143972e-05,0.0118724381201622,0.00462367366275525,0.00320684815153656,0.0172093184813129,0.010697563466468,ELOF1,F,0.0226505302439964
chr1,32110078,32111545,1468,*,13,0.000103858104872535,0.0117441481162881,0.0122288066893415,0.00728682814478061,0.0226998430190614,0.00569492526627962,"RP11-73M7.6, RP11-73M7.9, PEF1",F,0.0226505302439964
chr11,306324,306639,316,*,4,0.000136032738846216,0.0117441481162881,0.00702158268925885,0.00473618070495779,-0.0163339504290825,-0.00918703733810483,,F,0.0226505302439964
chr8,27468684,27469338,655,*,6,0.000223715297946732,0.0116668264030081,0.0186864199297689,0.00615213519039912,-0.0576957932710838,-0.0478018981766213,CLU,F,0.0226505302439964
chr11,57102758,57103751,994,*,13,0.000290624585116791,0.0116818174943672,0.0301239936247331,0.00543221829548696,0.0139243321108775,0.00409097491621038,SSRP1,F,0.0226505302439964
chr19,49956353,49957206,854,*,5,0.00033086584640472,0.0116668264030081,0.00944701868847725,0.00640163017350447,0.0103179384954897,0.00811283334230951,"ALDH16A1, PIH1D1",F,0.0226505302439964
chr11,118955609,118956240,632,*,7,0.000377015801781433,0.0116703394975743,0.00996714305942744,0.00738604834445818,0.0150679631946633,0.0084479120637144,HMBS,F,0.0226505302439964
chr11,10325567,10326342,776,*,7,0.000408531156588358,0.0118114019925991,0.0132622057327462,0.00927916883448986,0.0164941442515293,0.00486847051240934,ADM,F,0.0226505302439964
chr14,103415458,103416122,665,*,4,0.000463610823959913,0.0118497116720727,0.0165204538425159,0.00653470149602472,0.0326708896525129,0.0194524633234042,CDC42BPB,F,0.0226505302439964
chr5,205209,205947,739,*,7,0.000534151869553953,0.0118597918674036,0.0153501819585996,0.00783310190392338,-0.018037376639106,-0.00825232947836983,CCDC127,F,0.0226505302439964
chr7,142959801,142960561,761,*,7,0.000641806972970969,0.0118022630348338,0.0283475596298425,0.00831028087801397,-0.0121037171438529,0.00119892177121265,"GSTK1, AC073342.12",F,0.0226505302439964
chr1,151170306,151171662,1357,*,14,0.000683848402695793,0.0117073325891765,0.0362495353638732,0.00852006263547954,0.0179414117743706,0.00497653685114205,PIP5K1A,F,0.0226505302439964
chr19,45429771,45430113,343,*,4,0.0012927805692807,0.0117744126252721,0.0221848867917881,0.00543063756077202,0.018563485725889,0.00872584676725691,APOC1P1,F,0.0226505302439964
chr10,102819893,102820327,435,*,4,0.00137377599824544,0.0118358112125282,0.0171823078837818,0.0074469757306741,0.015273817067224,0.00909080967967674,RP11-108L7.15,F,0.0226505302439964
chr9,123605229,123605666,438,*,5,0.00153576504843964,0.0118114019925991,0.0390130322725762,0.00923743220915435,-0.0286855274948863,-0.00982173731502509,"PSMD5-AS1, PSMD5",F,0.0226505302439964
chr20,62461159,62461890,732,*,5,0.00169217975740019,0.0116545772610495,0.0188444809844623,0.00615213519039912,0.0135452581776749,0.00353294423109382,ZBTB46,F,0.0226505302439964
chr22,32145425,32146705,1281,*,12,0.00179481021846026,0.0116818174943672,0.0132622057327462,0.0082988901428787,0.0176254794455089,0.0055635924145952,PRR14L,F,0.0226505302439964
chr2,172543677,172544446,770,*,11,0.00194927623496113,0.0118022630348338,0.0514478207736779,0.0105758356249066,-0.0269385407639912,0.0018782568366928,DYNC1I2,F,0.0226505302439964
chr6,30483882,30484429,548,*,11,0.00199778840727338,0.0118022630348338,0.0503485583582283,0.0107119071819769,0.0160051296774985,0.00958769190579106,XXbac-BPG249D20.9,F,0.0226505302439964
chr8,119123707,119124051,345,*,2,0.00245393583753538,0.0117073325891765,0.0106591027648992,0.0071054555380096,0.0130842312872131,0.00932549797912296,EXT1,F,0.0226505302439964
chr16,79155958,79156020,63,*,2,0.00279674069533855,0.0118022630348338,0.010788009016712,0.00738666046093964,-0.00762729627271552,-0.00592304093910373,WWOX,F,0.0226505302439964
chr6,33866781,33867588,808,*,6,0.00291065706806607,0.0117772580195344,0.0173736063299095,0.011273174081759,0.0338022087951658,0.00964868955754513,RP3-468B3.2,F,0.0226505302439964
chr6,150039330,150039767,438,*,9,0.00324183032173411,0.0118218323369584,0.0248917522913445,0.00945984208754877,0.0192188807785776,0.00778847598486436,LATS1,F,0.0226505302439964
chr7,899806,900037,232,*,3,0.00353767734285772,0.0116481790002171,0.0120773702505077,0.00817079134267033,0.00670433022020622,0.00341926341342643,SUN1,F,0.0226505302439964
chr20,48099146,48099890,745,*,9,0.00386532203071821,0.0116668264030081,0.0150434916612726,0.0111699659580034,-0.0120673864727266,-0.00376827283489891,KCNB1,F,0.0226505302439964
chr1,78148262,78148830,569,*,9,0.00394056714464613,0.0118070550288198,0.0417765396377316,0.0102789305879538,0.02475382453149,0.00930580053150296,ZZZ3,F,0.0226505302439964
chr17,113701,114061,361,*,3,0.00398065237274954,0.0118158628471484,0.0161368347769002,0.00951092677842195,-0.00927318306356306,-0.0064029359167956,RPH3AL,F,0.0226505302439964
chr12,57481370,57481903,534,*,3,0.00489467172291803,0.0118597918674036,0.0239496373036597,0.0100460549871846,0.00964685030778748,0.00705540498175964,TMEM194A,F,0.0226505302439964
chr11,128775513,128776216,704,*,9,0.0054576307687034,0.0118597918674036,0.0493839448320159,0.0117623945257411,-0.0558499862544261,-0.0103436886032695,"KCNJ5, C11orf45",F,0.0226505302439964
chr20,36322069,36322585,517,*,10,0.00557584154800035,0.0118724381201622,0.0270482488564839,0.0117730413355408,0.0121868031425391,0.00385713373343878,CTNNBL1,F,0.0226505302439964
chr4,146018691,146019494,804,*,12,0.00620709598449893,0.0117953995887572,0.0731820652709479,0.0121466815097587,0.0150097972466783,0.00857221081874902,"ABCE1, ANAPC10",F,0.0226505302439964
chr6,70576168,70576871,704,*,10,0.00631123078088704,0.0118218323369584,0.0755355115139782,0.0098728172974198,0.013557481832618,0.00495719155108453,COL19A1,F,0.0226505302439964
chr3,193097361,193097879,519,*,3,0.00631749171012358,0.0117178833048787,0.0425290984526591,0.0146322172607846,-0.0183798991677242,-0.0118578194944943,,F,0.0226505302439964
chr1,9127501,9127841,341,*,2,0.00646254370212319,0.0117953995887572,0.0148123886454973,0.0101485426912525,-0.0429295534957178,-0.028467724464586,SLC2A5,F,0.0226505302439964
chr1,20833814,20834078,265,*,2,0.00711726693114253,0.0118692544220487,0.0462193347000477,0.0149218845874985,0.0108875180311128,0.00372473676606486,MUL1,F,0.0226505302439964
chr5,83678235,83678903,669,*,4,0.0073520369474723,0.0117435494413617,0.0302666115518106,0.00915964759425054,-0.0102506146185176,0.00246677433024108,EDIL3,F,0.0226505302439964
chr7,95950588,95951129,542,*,3,0.00740063544006869,0.0118497116720727,0.0612048816549683,0.0172993132106499,0.0136418103293503,0.00875445893201504,SLC25A13,F,0.0226505302439964
chr13,112287351,112287380,30,*,2,0.0081248315031275,0.0118692544220487,0.0140446903998739,0.00971635126721456,-0.0156677562775013,-0.00973698034310128,"RP11-65D24.2, RP11-65D24.1",F,0.0226505302439964
chr12,111484977,111485005,29,*,2,0.00833826152722287,0.0118350228566245,0.0138425532435755,0.00952092739770637,0.00670573398674934,0.00321940925617004,CUX2,F,0.0226505302439964
chr11,47376985,47377212,228,*,2,0.00871605139235806,0.0116745565561568,0.0138425532435755,0.00949691042690399,0.0279422493822447,0.00460378048040294,SPI1,F,0.0226505302439964
chr6,32410690,32411144,455,*,5,0.00872162480270167,0.0117855224645931,0.0274076720491085,0.0120172681478317,0.028683143102333,0.00901828920757026,HLA-DRA,F,0.0226505302439964
chr14,50999636,51000058,423,*,6,0.00951667322195605,0.0116339271528418,0.0523120873391476,0.0102223396150161,-0.0289127853014462,-0.000435933451553912,"ATL1, MAP4K5",F,0.0226505302439964
chr11,32605728,32605793,66,*,2,0.010266165745649,0.0118511852247552,0.0470580632612376,0.0149566231171078,-0.00418419901689705,-0.00244090059211383,EIF3M,F,0.0226505302439964
chr11,68201131,68201305,175,*,3,0.0103734822811956,0.0117904231457177,0.0310269844122556,0.0122504454583304,0.00618227675881844,0.00408852719040909,LRP5,F,0.0226505302439964
chr19,3136430,3136710,281,*,3,0.0108382004119765,0.0118358112125282,0.0497782254733074,0.0149232007485299,-0.0526750923288455,-0.0349480128914743,GNA15,F,0.0226505302439964
chr12,94975761,94975980,220,*,2,0.0112089094348161,0.0116747557711597,0.0170826614909686,0.010964547436645,-0.00793430296602771,-0.00724141365106495,TMCC3,F,0.0226505302439964
chr11,34642303,34642463,161,*,2,0.0114460131635416,0.0117898873011626,0.0148123886454973,0.0101485426912525,-0.0118579675153531,-0.00272881073863973,,F,0.0226505302439964
chr12,122396633,122396687,55,*,3,0.0124953094046439,0.0117638486461576,0.0327160344041427,0.0118636063094967,-0.00702352767532721,-0.00312310203791048,WDR66,F,0.0226505302439964
chr19,14552013,14552177,165,*,4,0.0139407965061953,0.0118218323369584,0.057685749394194,0.0146296541671061,0.0112280377870718,0.00556699113053294,PKN1,F,0.0226505302439964
chr13,99853809,99853889,81,*,2,0.013952910071941,0.0118358112125282,0.01764561202386,0.0111450450697936,0.0228758479808942,0.0204733594415615,UBAC2,F,0.0226505302439964
chr12,109889431,109889508,78,*,2,0.0139709271481792,0.0118724381201622,0.0153589491857035,0.0104716297712397,0.0223470832404458,0.0114487163426643,"MYO1H, KCTD10",F,0.0226505302439964
chr17,58228344,58228482,139,*,2,0.0145191464894436,0.0118114019925991,0.0283695437250858,0.0126280365338696,-0.00124476543299845,-0.000625490745609483,CA4,F,0.0226505302439964
chr7,1896154,1896384,231,*,3,0.0148616768157215,0.0116175518884834,0.0775587974184435,0.0192221147053148,0.00500195103193757,0.00425098234896163,MAD1L1,F,0.0226505302439964
chr3,151034474,151034669,196,*,2,0.0149439337707301,0.0118022630348338,0.0199439777988043,0.0114690945752873,0.0257306001368244,0.0215133996860083,"MED12L, GPR87",F,0.0226505302439964
chr1,3125906,3126154,249,*,3,0.0153879110709161,0.0117898873011626,0.0353163341206447,0.0126839978108169,0.00490442147656978,0.000382814564618787,PRDM16,F,0.0226505302439964
chr17,33390736,33390854,119,*,3,0.01582687513212,0.0117772580195344,0.039277965247469,0.0125221412219235,0.0123940905470122,0.0100171399284134,"RFFL, RAD51L3-RFFL",F,0.0226505302439964
chr12,64782908,64783110,203,*,3,0.0158697100552288,0.0118358112125282,0.0650274690412384,0.0184771910728133,-0.00700705052840656,-0.00202636005263409,"RPS11P6, C12orf56",F,0.0226505302439964
chr19,7660657,7660977,321,*,4,0.0181232072950225,0.0118661734782155,0.0596261389595947,0.0189698290784451,0.00363686343358171,-0.000948306011400802,CAMSAP3,F,0.0226505302439964
chr6,29430900,29431410,511,*,4,0.00156035887139894,0.0118879197681111,0.0251680528801843,0.00753790727508095,0.0237383155983316,-0.00391548001806469,OR2H1,F,0.0226510013304486
chr8,21776848,21777063,216,*,4,0.00266615449980458,0.0118907265736309,0.0177463856216888,0.00810183053309207,0.00716856842055146,0.00137188251691999,,F,0.0226510013304486
chr2,45228334,45228716,383,*,4,0.0119106364871006,0.0118823246899785,0.0525342788966259,0.0135203133335462,-0.0127868817575102,-0.00758811957070969,,F,0.0226510013304486
chr18,47340935,47341300,366,*,2,0.0167799229935809,0.011892140488071,0.0419136344187371,0.0145890311097386,0.017044875766828,0.016299209151507,"SCARNA17, RP11-886H22.1",F,0.0226510013304486
chr11,75946229,75947361,1133,*,9,0.000251570229120986,0.0119119212482301,0.0191606376429207,0.00680862241777226,0.020243636689494,0.00753410266762676,,F,0.0226516199481453
chr5,147443067,147443536,470,*,5,0.00207046585285611,0.0119043850187132,0.0150316208948972,0.00898069899362248,0.0146083364537634,0.00942564827870638,SPINK5,F,0.0226516199481453
chr8,23312661,23312916,256,*,2,0.0103734822811956,0.0119043850187132,0.015892558252374,0.0107285282525982,0.026534686168487,0.0204364752166457,ENTPD4,F,0.0226516199481453
chr7,134671876,134671987,112,*,2,0.0122397448385515,0.0119119212482301,0.0325776537792896,0.0134657121132151,0.024968983187726,0.0152742911195794,AGBL3,F,0.0226516199481453
chr4,41869086,41869611,526,*,7,0.00632449914370593,0.0119170154897368,0.0214739276004822,0.0115245798365462,-0.0238614660326702,-0.00459650830520037,,F,0.0226520576064099
chr17,55038112,55038735,624,*,10,8.58366781939527e-05,0.0119420497478408,0.00865430693856774,0.00373459526718738,-0.032180562047987,0.00540318985999145,COIL,F,0.0226811279264661
chr16,28943677,28944403,727,*,2,0.00117148927089602,0.0119399173222013,0.0129337919935356,0.00903934727444739,0.0175497181801355,0.0173456585190455,"CD19, RABEP2",F,0.0226811279264661
chr1,1142405,1142932,528,*,4,0.000376355028520351,0.0119834064790979,0.0130709264257955,0.00792304435633664,0.0174901916620748,0.00716217168103638,,F,0.022714502450751
chr19,38924045,38924436,392,*,10,0.00209722997781865,0.011988887056892,0.0154601856015551,0.00882223527702525,-0.019175074877223,-0.000784984200967671,RYR1,F,0.022714502450751
chr3,111852156,111852325,170,*,3,0.00702176687105746,0.0119840020852852,0.0148479068566351,0.00968205897070909,0.0420405347798184,0.0188531530047856,RP11-757F18.5,F,0.022714502450751
chr4,7070401,7070649,249,*,3,0.0134743432614615,0.0119704246288767,0.0344787843427233,0.0114898574861207,0.0105516782709543,0.00143465632194585,,F,0.022714502450751
chr16,725416,725581,166,*,4,0.014882563695111,0.011988887056892,0.0283317653175634,0.010842277294323,-0.00929024648774943,0.00192331303503731,,F,0.022714502450751
chr10,102759192,102759220,29,*,2,0.0195749415362904,0.0119845056230717,0.0192264992685957,0.0114714536802852,0.00972566609149551,0.00502781183350551,LZTS2,F,0.022714502450751
chr16,84733982,84734316,335,*,3,0.000214423632335801,0.0120132889362854,0.00702158268925885,0.00548881360928893,0.0182315052227011,0.00627218853730406,USP10,F,0.0227386882455386
chr5,151138064,151138551,488,*,10,0.00232063839942166,0.0120260659542112,0.0510597831181887,0.0096322759013786,-0.00823925241170885,0.00287100006130128,"CTB-113P19.3, ATOX1",F,0.0227386882455386
chr8,135725096,135726091,996,*,5,0.003573716330224,0.0120245955361138,0.0307932030055302,0.0122504454583304,0.0324442389249241,0.00674080238007972,ZFAT,F,0.0227386882455386
chr3,23852449,23853015,567,*,4,0.00646600323337017,0.0120164007573793,0.0366476955392919,0.0106931353458223,-0.0350117138515472,-0.00768773000973794,UBE2E1,F,0.0227386882455386
chr1,92764349,92764833,485,*,10,0.0162054471569921,0.0120245955361138,0.0778922444127253,0.0184076985189994,0.00762421640927358,0.00491114969735178,"RPAP2, GLMN",F,0.0227386882455386
chr16,74641227,74641419,193,*,4,0.00866846019129357,0.0120410104521218,0.018779042218538,0.00896869225465428,0.0164536765897561,0.00992987175104119,,F,0.0227472138000277
chr20,25371822,25371852,31,*,2,0.0164966801731705,0.0120445925698776,0.0245193760919291,0.0122993427458399,0.0168318832012592,0.0137439187039078,,F,0.0227472138000277
chr2,7947960,7948150,191,*,2,0.0166354382823069,0.0120452285228405,0.0240096903843545,0.0122271118029288,-0.0245341490578549,-0.0211172759057365,,F,0.0227472138000277
chr2,99439533,99439997,465,*,4,0.00817104153284634,0.0120634227367122,0.027779681719632,0.011217507658065,-0.0387747955929966,-0.0271812409547131,KIAA1211L,F,0.0227723387453865
chr2,17699243,17700224,982,*,11,0.000184092086329322,0.0121110334127215,0.0130709264257955,0.00548881360928893,-0.0142918750456434,-0.00219824086433404,RAD51AP2,F,0.0227738169677224
chr19,58962093,58963005,913,*,8,0.00046749479949643,0.012113108144524,0.0162028376627624,0.00812426367588576,-0.0365602527853,-0.00351599898816105,ZNF324B,F,0.0227738169677224
chr12,30848063,30848360,298,*,3,0.000571649795010419,0.012113108144524,0.00886571626191301,0.00628827492528196,0.0090421709705767,0.00676561016393506,IPO8,F,0.0227738169677224
chr2,219824761,219825300,540,*,4,0.00132201722701422,0.012072642439357,0.03417576806208,0.010004581676204,-0.0191025648128863,-0.00746102743339496,"CDK5R2, AC097468.7",F,0.0227738169677224
chr2,27255524,27256120,597,*,10,0.00189350723768115,0.012113108144524,0.0320347001630469,0.00929450655155104,0.0239147609905935,0.00517999784650206,TMEM214,F,0.0227738169677224
chr1,223407010,223407095,86,*,2,0.00348503097172507,0.0120937083815025,0.0115405716428096,0.00802347278893552,0.017528375294488,0.00520959204437266,SUSD4,F,0.0227738169677224
chr1,36553577,36554906,1330,*,6,0.00351202007685903,0.0120778299152192,0.0343737131850711,0.00794902539491376,0.0173134680741213,0.00798378751549188,"TEKT2, ADPRHL2",F,0.0227738169677224
chr12,14968223,14968227,5,*,2,0.00519353159649597,0.0120979401091434,0.0128947738968651,0.00896869225465428,-0.0128386839315059,-0.0124534986201524,C12orf60,F,0.0227738169677224
chr4,1302238,1302456,219,*,2,0.00897144259620638,0.012113108144524,0.0164599864271692,0.0109926729307207,-0.0180944362062876,-0.0120346606990867,MAEA,F,0.0227738169677224
chr10,74855378,74855561,184,*,3,0.0120313515417961,0.012113108144524,0.0214744613542633,0.0122073323362997,0.0216294839477969,0.0177212444630366,P4HA1,F,0.0227738169677224
chr2,161349579,161349835,257,*,3,0.00581848609334963,0.0121597616532243,0.0203882717704529,0.0118363397252792,0.0107842654685692,0.00639475600129449,RBMS1,F,0.0228523042853373
chr7,35494118,35494808,691,*,5,0.00104912891869801,0.0121747030602209,0.0179791443646548,0.00769723879843018,-0.0144007265912632,-0.00460311644608162,,F,0.0228550624315283
chr3,15248316,15248442,127,*,2,0.00491100866501207,0.0121759523067687,0.012904171888162,0.0090418947780804,0.00724826306529898,0.0055038878701328,CAPN7,F,0.0228550624315283
chr6,467681,467810,130,*,2,0.00581953069432958,0.0121759523067687,0.0155084297127377,0.0106432988925391,0.0386516416716477,0.0215121985010605,,F,0.0228550624315283
chr3,169684821,169685318,498,*,7,2.52205135206353e-05,0.0121836871346202,0.0109661448276533,0.00339942118042318,0.0113992779272482,0.00564861278947815,SEC62,F,0.0228603670370372
chr6,100915191,100915805,615,*,5,0.00910983175548288,0.0121965020412286,0.0527980826286127,0.0131416292765566,-0.0105335498256957,-0.00781058998936621,,F,0.0228751953306491
chr1,160681404,160682008,605,*,4,0.000116790413544716,0.0122905260509995,0.0117098145537896,0.00432390314995631,0.0231286587907541,0.0146558888211904,CD48,F,0.0228856376727328
chr19,17970314,17971045,732,*,12,0.000166281095749663,0.0122901590821927,0.0119723230417084,0.00577543431665198,0.00964521061136388,0.00453929576413411,RPL18A,F,0.0228856376727328
chr12,105379893,105380444,552,*,6,0.00021335861908536,0.0122858715342686,0.00701917363471232,0.00544541088928985,0.0180615483785257,0.010822826921834,C12orf45,F,0.0228856376727328
chr6,170861603,170864036,2434,*,25,0.000420660284896343,0.0122498900469181,0.0577300832995561,0.00519658141518975,0.0302048275937296,0.00647584209757115,"TBP, PSMB1",F,0.0228856376727328
chr6,31706344,31708299,1956,*,39,0.00050611277485438,0.0122440569438596,0.0654573984863995,0.011596247111769,-0.0343143548536171,0.00279431703719093,"MSH5, MSH5-SAPCD1, CLIC1",F,0.0228856376727328
chr20,49547111,49548197,1087,*,8,0.000781719218553325,0.0122194239801167,0.0158027275667924,0.00680420684994172,0.0115875197893342,0.00569306380881549,"RP5-914P20.5, ADNP",F,0.0228856376727328
chr14,61119891,61120662,772,*,6,0.000944195761698678,0.0122169228192532,0.0315351033736121,0.0119869878404732,0.0097720334861239,0.00249584921725794,SIX1,F,0.0228856376727328
chr17,40259264,40259547,284,*,2,0.00159841496624503,0.0122366715007218,0.00864787756341542,0.00598217720508954,-0.0216779545430939,-0.00534448993000017,DHX58,F,0.0228856376727328
chr5,81600712,81601203,492,*,2,0.00162689665747271,0.0122606689340797,0.0121837754920947,0.00850779025385698,-0.030766048120991,-0.0228169004166996,ATP6AP1L,F,0.0228856376727328
chr8,145729106,145730562,1457,*,11,0.00239913575831079,0.0122857703627445,0.0379018612552697,0.00670075494295508,0.015566594701735,0.00616794574000875,"GPT, CTD-2517M22.14",F,0.0228856376727328
chr8,785815,786096,282,*,3,0.00508503965001248,0.0122780579390292,0.0325335743826986,0.0114434336488826,-0.0135823613866019,-0.00785513893217482,ERICH1-AS1,F,0.0228856376727328
chr17,59668571,59669047,477,*,8,0.00702282233701203,0.0122366715007218,0.0523120873391476,0.011572501418761,-0.0222141617321999,-0.00358511683764973,,F,0.0228856376727328
chr2,239333713,239333832,120,*,2,0.00815142086319722,0.0122313942238403,0.0153589491857035,0.0105971569558389,0.00366971108440917,0.00357378324412483,,F,0.0228856376727328
chr14,104151986,104152124,139,*,3,0.0102978156890519,0.0122873985874234,0.0151564678821835,0.00661411629211488,-0.0148281587548376,-0.00196623441572881,"KLC1, RP11-73M18.2",F,0.0228856376727328
chr12,19282261,19282374,114,*,3,0.0110337997679521,0.0122081688427465,0.0189276329641085,0.010842277294323,0.0235398557004969,0.0117730530675646,,F,0.0228856376727328
chr6,33871422,33871471,50,*,2,0.0149821534072217,0.0122440569438596,0.0303909150465329,0.0135170876372747,-0.0150941339323765,-0.0130827710674594,RP3-468B3.2,F,0.0228856376727328
chr1,19536960,19537115,156,*,4,0.0179055654945524,0.0122660917057151,0.0355863391471562,0.0109926729307207,0.00995210970631952,0.00728578558187577,RP1-43E13.2,F,0.0228856376727328
chr13,113384392,113384582,191,*,2,0.018668443548151,0.0122657134965849,0.0410697114976442,0.0150166529099376,-0.0267761002073501,-0.0161575544577855,ATP11A,F,0.0228856376727328
chr8,144462007,144462776,770,*,8,0.000277893946343957,0.012338974627911,0.0223678599181476,0.00633470907373374,0.0286985541892451,0.0153987571047094,RHPN1,F,0.022895667916336
chr3,122283003,122285010,2008,*,17,0.00152356080574343,0.0123072687432113,0.0384290890515251,0.00695459785267904,-0.0169392162017442,0.00223904680300122,"DTX3L, PARP9",F,0.022895667916336
chr10,60094189,60095403,1215,*,12,0.00257188351602736,0.012338974627911,0.012661351294585,0.00968205897070909,0.0210872494153819,0.00311509962977359,UBE2D1,F,0.022895667916336
chr14,104345945,104346591,647,*,3,0.00555812290767188,0.0123448008567787,0.0144325856432852,0.0103751418627241,-0.0403281596791319,-0.0215664439060275,CTD-2134A5.4,F,0.022895667916336
chr6,35182216,35182508,293,*,2,0.00745455992499092,0.012321595912434,0.0150130187614874,0.0104476640640477,0.00594006750236295,0.000128929979206695,SCUBE3,F,0.022895667916336
chr7,148580458,148580496,39,*,2,0.00866372675575366,0.0123450766884088,0.020801048346995,0.0119514882292743,-0.002300906964793,-0.000881375254831673,EZH2,F,0.022895667916336
chr4,39408416,39408665,250,*,3,0.0126776345218062,0.0123450766884088,0.039526247667081,0.01252716621592,-0.014661310278751,-0.0120860353956661,KLB,F,0.022895667916336
chr6,45345446,45345784,339,*,7,0.0131748011256234,0.012321595912434,0.0849012462491602,0.0224225749977506,-0.0123386945267258,9.36890696721301e-05,"RUNX2, SUPT3H",F,0.022895667916336
chr14,94849703,94849747,45,*,2,0.0141908024341875,0.0123294801336529,0.0178039552952964,0.0113910708868803,-0.0253671393142729,-0.00906471671701537,SERPINA1,F,0.022895667916336
chr1,32739049,32739114,66,*,2,0.0160260780766174,0.0123425663296983,0.0156777089105834,0.0107920612059254,0.0618932302143193,0.0558150889394269,LCK,F,0.022895667916336
chr1,37500195,37500790,596,*,6,0.00132800296400444,0.0123684801567646,0.0327675964420844,0.0101485426912525,-0.0147715185830944,-0.00821948014788671,,F,0.0229220601583343
chr3,4344443,4345438,996,*,17,0.00166317640506282,0.0123691512084806,0.0163603785499718,0.0109130962702278,-0.0214814059714261,-0.00215446391809765,"SETMAR, SUMF1",F,0.0229220601583343
chr6,31474137,31474262,126,*,4,0.0140528266319162,0.0123762185940219,0.038677708050141,0.0141567246400076,0.0246329301630689,0.00579681950229988,MICB,F,0.0229260342053938
chr1,119530600,119531122,523,*,6,0.000595954483619687,0.0123955842228235,0.0165399554210784,0.00859497897599778,-0.023223245434536,-0.00730760009557353,TBX15,F,0.0229380115808235
chr20,30062696,30063609,914,*,10,0.00401302810050066,0.0123916777413565,0.0155236989496522,0.0109476797847379,-0.010825025428246,-0.00151276640267401,"REM1, DEFB124",F,0.0229380115808235
chr15,65596249,65596987,739,*,4,0.00407879583692473,0.012419006620175,0.0252938223630778,0.00690823562812971,0.0215239361602935,0.0130817675582212,,F,0.0229380115808235
chr10,135113191,135113459,269,*,5,0.00453386268649196,0.0124111046152401,0.0163180442699041,0.00979319790353657,0.0370809415798694,0.00687947001670179,TUBGCP2,F,0.0229380115808235
chr7,127031314,127032512,1199,*,6,0.00483268395354672,0.0124111046152401,0.0310597526897533,0.00827604577076984,0.0142755852949584,0.00593947745273406,ZNF800,F,0.0229380115808235
chr1,185286075,185286807,733,*,8,0.0115711523196487,0.0124220882986551,0.0744978939628022,0.0148133332044923,0.0143880032961739,0.00689425083940907,IVNS1ABP,F,0.0229380115808235
chr12,53773602,53773828,227,*,5,0.0130602137229307,0.0124075241659683,0.0270499593791901,0.0105546864586779,0.0123387480739584,0.00731680038231481,,F,0.0229380115808235
chr15,31358057,31358323,267,*,2,0.0159758788882865,0.012419006620175,0.0179469332165215,0.0114748632131583,-0.00830862963873302,-0.00594072987453875,TRPM1,F,0.0229380115808235
chr19,45999794,46000819,1026,*,7,0.000101608131167999,0.0124401505024764,0.00701917363471232,0.00615213519039912,0.0162494862516783,-0.000484543984078889,"PPM1N, RTN2",F,0.0229386423382331
chr17,48183258,48183477,220,*,5,0.000363491497469397,0.0124754934232253,0.0163603785499718,0.00371703937831481,0.0232802995784217,0.00368540508667363,PDK2,F,0.0229386423382331
chr5,178053194,178054469,1276,*,12,0.00145529380212059,0.0124776541437099,0.0252938223630778,0.00692441205526274,0.0211885063501312,0.00398937077128843,CLK4,F,0.0229386423382331
chr2,127782651,127783370,720,*,6,0.00158881309693949,0.0125357192937091,0.0136600376921907,0.00891687160838522,0.010310794852914,9.95715225789451e-05,"RP11-521O16.2, RP11-521O16.1",F,0.0229386423382331
chr8,42623718,42623946,229,*,5,0.00452619920993867,0.0125357192937091,0.0125077749322433,0.00896869225465428,0.0374412351669549,0.0184517955466592,CHRNA6,F,0.0229386423382331
chr8,692834,693245,412,*,2,0.00458825127022795,0.0125058210006644,0.0148479068566351,0.0104064574682179,-0.014620128101379,-0.00543775649741568,ERICH1-AS1,F,0.0229386423382331
chr18,9478569,9479570,1002,*,3,0.00460244751356637,0.0124378573429173,0.015096817566628,0.00862435575225795,0.0116210166158334,0.000295837769323071,RALBP1,F,0.0229386423382331
chr7,6745725,6746208,484,*,3,0.00482948287856481,0.0124459202586679,0.024516204278264,0.0125163428859515,0.00954648858667212,0.00598765118112955,"AC073343.13, ZNF12",F,0.0229386423382331
chr1,193028375,193029121,747,*,12,0.00685142769968018,0.0125058210006644,0.0928415620725388,0.0146990034168759,-0.0106751365158513,0.00162496945873527,"TROVE2, UCHL5",F,0.0229386423382331
chr1,171640102,171640387,286,*,4,0.00691519168040836,0.0125030117593061,0.0148113383523229,0.0103711990510553,0.0326400334804505,0.00772167005154639,,F,0.0229386423382331
chr16,55067613,55067650,38,*,2,0.00758595810638388,0.0125357192937091,0.0132622057327462,0.00936548967401922,-0.00689473272667829,-0.00642989959860896,,F,0.0229386423382331
chr8,144620690,144621219,530,*,5,0.00853849150976843,0.0125180328862877,0.0538186853119856,0.0155370866671647,0.00510282280197383,0.00402764153176629,ZC3H3,F,0.0229386423382331
chr4,185939339,185939973,635,*,7,0.00916074291588419,0.0125318941617624,0.0785150064522635,0.0223458746469408,0.0102395273456147,0.00200654686228339,,F,0.0229386423382331
chr1,28994987,28995279,293,*,6,0.0112691602257053,0.0125357192937091,0.0455790081592732,0.0127059962917504,0.0254319054776863,0.00996425117715822,GMEB1,F,0.0229386423382331
chr22,50009422,50009711,290,*,2,0.0125036878682667,0.0125318941617624,0.0426781558514527,0.0156339830741543,-0.0230864553730511,-0.0126850033874044,C22orf34,F,0.0229386423382331
chr17,38465281,38465510,230,*,7,0.0131613154548402,0.0125058210006644,0.0527608878342007,0.0155331905646497,-0.0529158257717639,-0.0288901821606607,RARA,F,0.0229386423382331
chr2,163174891,163175403,513,*,8,0.0134855686766818,0.0125180328862877,0.0463852162956618,0.0165129462040949,0.0131347660918971,0.00509502352813326,"GCA, IFIH1",F,0.0229386423382331
chr9,11618265,11618283,19,*,2,0.0150870868396346,0.012501003781673,0.0144176168494739,0.0102704283822896,0.0187718342361646,0.00518116367259136,,F,0.0229386423382331
chr11,58036997,58037105,109,*,2,0.0165958847150449,0.0125318941617624,0.0239959637212897,0.0126256603099572,-0.0234613648003083,-0.0193985021868895,,F,0.0229386423382331
chr9,139420471,139420642,172,*,2,0.0167931269177946,0.0125318941617624,0.0228537587209318,0.0124408151341562,0.0246385191622677,0.0119803133794252,NOTCH1,F,0.0229386423382331
chr9,89561175,89561390,216,*,2,0.0175056741053636,0.0124563394083386,0.0318306198907854,0.0140218874215252,0.00743832154662875,0.00610316082317728,GAS1,F,0.0229386423382331
chr7,87936282,87936414,133,*,4,0.0187646099333166,0.012443974293066,0.0276156148309643,0.0149305229277715,-0.0232112445995044,-0.00897753593358087,,F,0.0229386423382331
chr9,100000026,100000033,8,*,2,0.0199288045727532,0.0124750403665337,0.0492713864370185,0.0162122248193402,-0.0317833061753122,-0.0293362446937298,RP11-498P14.5,F,0.0229386423382331
chr6,30181173,30182563,1391,*,41,2.49420143889552e-07,0.0125487636740359,0.0408302311567343,0.00753790727508095,0.0162809850720274,0.00566086785682305,TRIM26,F,0.0229534927061999
chr6,52929483,52929956,474,*,10,0.00200714549053508,0.012555874272215,0.0161736787007897,0.00921449057266677,0.0200520568811071,0.00687139453154176,FBXO9,F,0.0229574819339244
chr8,104512858,104513186,329,*,4,0.00914175216687999,0.0125687296877702,0.042370678568882,0.0134358668244602,-0.00842166024442244,-0.00424085206086352,"RIMS2, RP11-1C8.4",F,0.022962955730069
chr1,82268801,82269526,726,*,5,0.0109318985075286,0.012564202304042,0.0628090472604025,0.010842277294323,0.0195831982457282,0.00724105907564736,LPHN2,F,0.022962955730069
chr7,47694443,47694857,415,*,6,0.00365494815757797,0.0125952956173036,0.0249924164768288,0.0106976671410055,-0.0235699801241388,0.00475546625775941,C7orf65,F,0.022984440317313
chr6,144607911,144608500,590,*,5,0.00646600323337017,0.0125925260759232,0.015109158159385,0.0107285282525982,-0.0515473962598183,-0.0322669192875557,UTRN,F,0.022984440317313
chr20,31170822,31170984,163,*,2,0.0168074004471238,0.0125864217538012,0.0292348906672197,0.0137654424305482,-0.00895157000033521,-0.00527016398808529,"RP11-410N8.1, C20orf112",F,0.022984440317313
chr22,21336337,21336741,405,*,7,0.00399468185596005,0.0126249709751283,0.0445061386322694,0.0120062574316874,-0.00556097780718407,-0.00050122394852418,LZTR1,F,0.0230115420082867
chr4,1523074,1523326,253,*,3,0.0089890286227141,0.0126178514479802,0.027674472027529,0.0103101709663774,-0.0125179491042353,-0.000738582610654764,,F,0.0230115420082867
chr11,60146039,60146078,40,*,2,0.0143167735395132,0.0126249709751283,0.0152372462635325,0.0107057252479882,0.00852516584975421,0.007950595674596,"MS4A6E, MS4A7, MS4A14",F,0.0230115420082867
chr12,117477424,117478480,1057,*,5,4.30212123439413e-06,0.0126380312401316,0.00893367035126136,0.00151613249197583,-0.0696890006768021,-0.0232308617553322,TESC,F,0.0230263346969065
chr7,56101905,56101998,94,*,2,0.0170706936776751,0.0126609538752254,0.0167682014919343,0.0113122642725525,0.00958423432327105,0.0067214875805427,PSPH,F,0.0230590779025908
chr12,56040025,56040601,577,*,6,0.00196477089885259,0.0127170513767647,0.0363178930896687,0.00862680613656963,-0.0155797078895596,-0.00647584053999527,"RP11-644F5.16, OR10AE3P",F,0.0231160453792322
chr16,1727942,1728344,403,*,7,0.00394696422967639,0.0127078489994069,0.0444322367631335,0.0101485426912525,0.033612576730603,0.00825030621588567,"LA16c-431H6.6, HN1L",F,0.0231160453792322
chr16,84690433,84691023,591,*,3,0.00531832501516963,0.0127078489994069,0.0138425532435755,0.0100843200074645,0.0530630298507935,0.0212648108353971,KLHL36,F,0.0231160453792322
chr2,220173100,220173591,492,*,3,0.00626520746515078,0.0127170513767647,0.0162897654310379,0.0105728809618169,-0.00960392214980213,-0.00556357667603537,PTPRN,F,0.0231160453792322
chr15,74657911,74658573,663,*,6,0.0126363704126186,0.0127078489994069,0.0489115448516471,0.013196236383006,-0.013065947444617,-0.0034902355917948,"CTD-2311M21.3, CYP11A1",F,0.0231160453792322
chr17,5389158,5390301,1144,*,15,0.00202844511732876,0.0127345139149979,0.0672951599759829,0.0103455093712707,0.0162457451239556,0.00660101695289065,"MIS12, DERL2",F,0.0231297313970925
chr19,47745212,47745582,371,*,2,0.014568402682913,0.0127345139149979,0.0460639205397725,0.0162988308538734,0.00664514408797245,0.00313831222183059,,F,0.0231297313970925
chr6,99872786,99873943,1158,*,17,2.36740826406154e-06,0.0128263664205953,0.0153501819585996,0.00379511326656272,0.0161526263739424,0.0060291488363495,"RP11-98I9.4, PNISR",F,0.0231383527992461
chr11,82611204,82612766,1563,*,15,3.49428816621326e-05,0.0129380010069222,0.00956554448383203,0.00219431121665218,0.0262127831952392,0.00821931213095382,"C11orf82, PRCP",F,0.0231383527992461
chr12,56322667,56323816,1150,*,6,8.58366781939527e-05,0.0129278354165937,0.0149873271833969,0.00541785909393235,0.0729081295259245,0.0490745629274628,"DGKA, WIBG",F,0.0231383527992461
chr6,73329475,73330358,884,*,7,0.000248219865776923,0.012877991046606,0.014879230603711,0.00595296976486249,-0.0124830730179606,0.00203051236183676,,F,0.0231383527992461
chr5,126853169,126853954,786,*,10,0.000335215846101436,0.0129328287274601,0.0297437449138474,0.00678864945329402,-0.0117590858766511,0.00222823776172146,PRRC1,F,0.0231383527992461
chr7,99678668,99679415,748,*,8,0.000346497146460334,0.0129328287274601,0.0297363197750931,0.00694696534185092,0.0121759502182955,0.00516111685788612,ZNF3,F,0.0231383527992461
chr8,146032931,146033520,590,*,4,0.00120959949902976,0.0129328287274601,0.012904171888162,0.00909206643887871,-0.012907132235533,-0.00324833746272823,ZNF517,F,0.0231383527992461
chr14,39644019,39644376,358,*,6,0.00137531577504121,0.0129078295786216,0.016259928162165,0.00676307792548395,0.0173417677189115,0.00905404367409479,RP11-407N17.4,F,0.0231383527992461
chr13,115079492,115079979,488,*,5,0.00148392789550376,0.0129380010069222,0.0144777411645042,0.00733941942159688,0.0133777543229353,0.00452439129590651,,F,0.0231383527992461
chr11,62340881,62341260,380,*,2,0.00148621521187674,0.0129278354165937,0.0156532010750855,0.0109810486885917,0.00489907966050687,0.00227295738691674,"EEF1G, MIR3654",F,0.0231383527992461
chr1,153958797,153959405,609,*,6,0.00159748955815974,0.0128263664205953,0.0290219648735525,0.00677585902823251,-0.0590592070875567,-0.0125145606995618,RAB13,F,0.0231383527992461
chr16,87734816,87735724,909,*,6,0.00172461562076188,0.0128851282182901,0.0342481152754613,0.00690725835255214,0.036838152327422,0.0214419191422278,"KLHDC4, FLJ00104",F,0.0231383527992461
chr6,158902197,158902287,91,*,3,0.00248874907313688,0.0128165352978619,0.0107793043749143,0.0079225200082265,-0.00834384415100897,0.00104037550619174,TULP4,F,0.0231383527992461
chr19,4342461,4342589,129,*,2,0.00269354693181734,0.0129361075939099,0.0112910808626367,0.00800747390168658,0.0110028452987509,0.00563091133273304,"AC007292.7, STAP2",F,0.0231383527992461
chr7,157041139,157041214,76,*,2,0.00439231026753802,0.0128851282182901,0.011878582599305,0.00839973399064059,-0.0126858853124041,-0.0115778553077627,UBE3C,F,0.0231383527992461
chr1,51435387,51436073,687,*,8,0.00504199417982569,0.0129328287274601,0.0764927332392677,0.0118226283916573,0.0111932208501397,0.00118915471730604,CDKN2C,F,0.0231383527992461
chr1,44715942,44716296,355,*,5,0.00525681842482823,0.012877991046606,0.0189663807532586,0.0108901001317473,-0.0120788610526863,-0.00286434107386087,ERI3,F,0.0231383527992461
chr7,4133290,4133359,70,*,2,0.00533256821730805,0.0129361075939099,0.011537631514985,0.00815574496825358,0.00478400613612606,0.000633922597357672,SDK1,F,0.0231383527992461
chr21,35445161,35445342,182,*,2,0.00602852040074214,0.0129030484749028,0.0109661448276533,0.00789943488321068,-0.0154247579699852,-0.00450193463509996,,F,0.0231383527992461
chr11,64512032,64512970,939,*,6,0.00640000864641827,0.0128851282182901,0.0242342135518009,0.00910915084129377,0.0165161357644401,0.00806509347601938,RASGRP2,F,0.0231383527992461
chr7,158103293,158103895,603,*,3,0.0077900669789493,0.0127606585687538,0.0276520557789021,0.0122608590118507,-0.00921972255793313,-0.0033939559082878,PTPRN2,F,0.0231383527992461
chr7,50344242,50344724,483,*,4,0.00790475878436555,0.0129078295786216,0.0402955957379335,0.0155166395501002,0.00623536522212638,0.00141838133132598,IKZF1,F,0.0231383527992461
chr7,129410417,129410657,241,*,4,0.00818141610909669,0.0128813311836794,0.0154964900544481,0.00893189653160139,0.0242620508016947,0.00939813186403415,,F,0.0231383527992461
chr19,49238364,49238653,290,*,3,0.00859445541578296,0.0129187932529159,0.0249848018574915,0.01064172863171,0.0193818159602374,0.00257882675766337,RASIP1,F,0.0231383527992461
chr17,76501381,76501582,202,*,3,0.00884817789249609,0.0128792407866036,0.0253316501216468,0.0117787184599449,-0.0158098006827221,0.0034589236018675,DNAH17,F,0.0231383527992461
chr1,52869541,52870655,1115,*,13,0.00937738710219171,0.012770879826723,0.0762479210611487,0.0105681246950061,0.0201502099242036,0.00734243487266765,"PRPF38A, ORC1",F,0.0231383527992461
chr4,3244206,3244256,51,*,3,0.00963466185628139,0.0129274997797958,0.015193297743626,0.0108743606196225,-0.0130297370953104,-0.00755497170492399,HTT,F,0.0231383527992461
chr1,161015776,161016165,390,*,8,0.0107495476125695,0.0128263664205953,0.03555655203465,0.0118674015178257,0.015745582396991,0.00969241714888897,,F,0.0231383527992461
chr1,21995880,21996376,497,*,6,0.0110503407705776,0.0128661548091483,0.0259243321911276,0.0116614423294671,0.00612618100810764,0.00152430334093047,,F,0.0231383527992461
chr2,240196078,240196284,207,*,3,0.0115637571728603,0.0129228370720754,0.0585684791293402,0.0198271845100625,0.0214478961277688,0.00554471643483567,HDAC4,F,0.0231383527992461
chr3,49459855,49460521,667,*,9,0.0115681694881947,0.012789270191267,0.0418532860508509,0.0163534567153997,-0.0487686231434039,-0.0335100657373944,"NICN1-AS1, AMT, NICN1",F,0.0231383527992461
chr9,36166097,36166504,408,*,4,0.0121605871238463,0.0128440040519588,0.0296309774333563,0.0106553782073888,0.0111453015480261,0.00600924163102196,,F,0.0231383527992461
chr6,34102147,34102530,384,*,2,0.0123666552026257,0.0128950970520456,0.0434550659837805,0.0162600339294919,0.0124209610396309,0.00068584651721848,GRM4,F,0.0231383527992461
chr17,80986746,80986949,204,*,3,0.0128442977237552,0.0129220386614573,0.0708697643045772,0.0210517395529577,-0.020997037139932,-0.0123755139821382,B3GNTL1,F,0.0231383527992461
chr12,72058294,72058485,192,*,2,0.0140202964833415,0.0127751342236126,0.0460145666753548,0.0163349117495148,0.0160651566346443,0.00666913307293246,"THAP2, ZFC3H1",F,0.0231383527992461
chr13,45911642,45911764,123,*,2,0.0152539398535869,0.0128263664205953,0.0189522144624203,0.0118999589488047,0.0494905277577029,0.0200768136882239,"TPT1, SNORA31",F,0.0231383527992461
chr20,55837483,55837619,137,*,2,0.0155239454410188,0.0129078295786216,0.0439067934882668,0.0163399133185603,-0.0177572215791957,-0.0140261677003217,BMP7,F,0.0231383527992461
chr14,100658902,100658948,47,*,2,0.0166115481887083,0.0127772098513457,0.0153501819585996,0.0107920612059254,-0.024786696151069,-0.00725905899223661,,F,0.0231383527992461
chr2,242029187,242029287,101,*,3,0.0169638954222958,0.0127871674692897,0.0326121840085198,0.0130736159317104,0.0280283060772107,0.00134378496649668,"SNED1, MTERFD2",F,0.0231383527992461
chr14,57264639,57264919,281,*,2,0.0179486854931818,0.0129274997797958,0.0383861016288583,0.015675665541131,-0.0121361193896531,-0.0121262727592843,,F,0.0231383527992461
chr11,119204876,119205214,339,*,9,0.0109118259977274,0.0129454454791757,0.0569541194262624,0.0134134207838328,0.016702621521977,0.00564041098003239,,F,0.0231427791157472
chr19,57105613,57105832,220,*,2,0.0135093300337761,0.012977166981589,0.0279462300863553,0.0139680480195891,-0.0277310312318207,-0.017386425201764,,F,0.0231905858147581
chr6,31547704,31550241,2538,*,35,0.000205954313296995,0.0130096563688258,0.0416830683928125,0.00703978825964992,0.0546714549493174,0.0164987943711437,LTB,F,0.0232041247451635
chr14,94406618,94407033,416,*,2,0.00273520100425018,0.0130096563688258,0.0123804534480438,0.0088075900274432,-0.00586102849242087,-0.00443494842460307,"RP11-131H24.4, ASB2",F,0.0232041247451635
chr11,796069,796607,539,*,6,0.00334955804183327,0.0130096563688258,0.0287499491195255,0.00955161647456465,0.0253838903960334,0.00713177803157158,SLC25A22,F,0.0232041247451635
chr16,8891458,8892216,759,*,6,0.008075928108991,0.0130008344101019,0.0281092728998822,0.0108882685709929,0.0107709260197891,0.00370482942104069,"PMM2, TMEM186",F,0.0232041247451635
chr16,89335087,89335133,47,*,2,0.00917162013217626,0.0130096563688258,0.0132622057327462,0.00941214203351524,0.0134397240515262,0.00452680087892238,"AC137932.1, ANKRD11",F,0.0232041247451635
chr6,33132086,33134078,1993,*,29,9.04741613138231e-05,0.0130941935474007,0.0222791844390277,0.00624577289710031,0.0418779997644383,0.0176332485362768,COL11A2,F,0.0232126605825067
chr5,122110725,122111354,630,*,6,0.00038706807859462,0.0130941935474007,0.00701917363471232,0.00659898310114167,0.0103777471312996,0.00427496703992695,SNX2,F,0.0232126605825067
chr14,58893467,58894515,1049,*,11,0.00163386275417009,0.0130941935474007,0.0185851413247593,0.0107259239364166,0.0192424052851793,0.00888141504381526,"RP11-517O13.1, KIAA0586, TIMM9",F,0.0232126605825067
chr8,17941557,17942583,1027,*,12,0.00173708744236903,0.0130941935474007,0.0238664160136227,0.00873211446422743,0.025444043141699,0.00708908708302497,"CTD-2547L16.1, ASAH1",F,0.0232126605825067
chr21,44298959,44300005,1047,*,11,0.0022455340900522,0.0130212977820621,0.0197380669327787,0.0105880955047521,-0.00629838922724598,0.00274232550195968,"NDUFV3, WDR4",F,0.0232126605825067
chr22,21321253,21321585,333,*,4,0.00378316832212809,0.0130941935474007,0.0157247561785571,0.00969879422288455,0.0249312899287533,0.00996293578934565,AIFM3,F,0.0232126605825067
chr5,109024799,109024990,192,*,7,0.00455138891771944,0.013048960237456,0.0132622057327462,0.0108110724799313,-0.00853708715414958,-0.000176506420046283,,F,0.0232126605825067
chr7,50935274,50935286,13,*,2,0.00582557172978359,0.0130527596019649,0.0125637986892333,0.00893388807765413,-0.0109532757220033,-0.00862670158824402,RP4-724E13.2,F,0.0232126605825067
chr12,54408664,54410727,2064,*,30,0.00702867080654448,0.0130941935474007,0.0576257605949489,0.0110265377493888,-0.0237495896516062,-0.00144625884309706,"RP11-834C11.12, HOXC6, HOXC4",F,0.0232126605825067
chr1,160068836,160069052,217,*,2,0.0107367131667678,0.0130543388822925,0.0113761336854926,0.00807399746112987,0.0156363476074781,0.00828869438547582,,F,0.0232126605825067
chr6,90348009,90348123,115,*,2,0.0138741219325008,0.0130941935474007,0.0198430101273953,0.0122504454583304,0.0156881297662371,0.0116678385095839,LYRM2,F,0.0232126605825067
chr21,47393688,47394080,393,*,3,0.0141958039621261,0.0130527596019649,0.0322506160812186,0.015714743605509,-0.00856926539137727,0.000690424642653523,,F,0.0232126605825067
chr1,234878498,234878533,36,*,2,0.0175946686769176,0.0130527596019649,0.0205182824552457,0.0123645033684757,-0.0151650723887997,-0.00535196056075554,,F,0.0232126605825067
chr11,124981869,124981942,74,*,2,0.0176617938766831,0.0130861502368766,0.0148479068566351,0.0106432988925391,0.011474687204288,0.00421388055071929,,F,0.0232126605825067
chr11,31531233,31531557,325,*,7,0.0179840295433765,0.0130941935474007,0.0559919104815688,0.0140173729839711,0.0194387172465582,0.00789090922773241,ELP4,F,0.0232126605825067
chr13,111589040,111589090,51,*,2,0.0199312452645103,0.013048960237456,0.0245806038572393,0.013295026849817,0.0290176928049494,0.0200248818832462,,F,0.0232126605825067
chr5,180670343,180671896,1554,*,21,3.88377737201097e-06,0.0131396557370617,0.012985098768529,0.0035302375096915,-0.0514542538801026,0.00432494105302026,"GNB2L1, SNORD95",F,0.0232313503293457
chr8,142219444,142220329,886,*,3,7.45947968967218e-06,0.0131379254543771,0.00702158268925885,0.00207786704437362,-0.0791828585347357,-0.029181320835193,SLC45A4,F,0.0232313503293457
chr11,72928926,72929983,1058,*,15,0.0046467687548374,0.0131179602575611,0.035210667042147,0.00972389980737402,-0.0426155019714254,-0.0107385882528622,P2RY2,F,0.0232313503293457
chr7,5465326,5465619,294,*,3,0.0101671491503476,0.0131256243810095,0.0491276138981287,0.0162988308538734,0.0157787068973177,0.00848374588398878,RP11-1275H24.2,F,0.0232313503293457
chr19,6372363,6373156,794,*,5,0.0104312911939069,0.0131286698829952,0.0676993491575315,0.0236419966923067,0.0083143645982578,0.00538196866496785,ALKBH7,F,0.0232313503293457
chr14,51955524,51955716,193,*,3,0.012625321927449,0.0131379254543771,0.0718294914012497,0.0216971439566164,-0.0170485440204626,-0.00674507612941559,FRMD6-AS2,F,0.0232313503293457
chr18,19926966,19927125,160,*,2,0.0142929276949257,0.0131253487571926,0.0155885477678169,0.0110244711552749,-0.0169199045610677,-0.0149995525700323,,F,0.0232313503293457
chr5,16737972,16738125,154,*,4,0.0113976340838439,0.0131694294880988,0.0382608053530071,0.0109032619823676,0.0129683634429498,-0.00394663904136486,MYO10,F,0.0232751548865564
chr14,38066873,38067219,347,*,2,0.012943217830522,0.0131748827576311,0.027986508168958,0.014205667195358,-0.00499005709499395,-0.000440887990034139,"TTC6, FOXA1",F,0.0232759594090623
chr19,14141534,14142769,1236,*,9,1.42805503391194e-06,0.0132364251586082,0.00557949991359677,0.00278949721116743,0.0349594796163501,0.0121442134013963,"RLN3, IL27RA, CTB-55O6.4",F,0.0232798630598495
chr10,23003653,23004020,368,*,4,0.00077978250361584,0.0132389060620982,0.0108245768864558,0.00615097783200481,0.0189563849407682,0.010561327250021,,F,0.0232798630598495
chr7,4797831,4798827,997,*,6,0.00126239132917464,0.0132023348782048,0.0311988685123273,0.00904652093791067,-0.0122885326052962,-0.00666939274138874,FOXK1,F,0.0232798630598495
chr5,147161924,147162461,538,*,7,0.00227718644928299,0.0132414027945105,0.03555655203465,0.00970175429545357,0.0126786741568036,0.00167129035303624,JAKMIP2,F,0.0232798630598495
chr17,37823631,37824529,899,*,8,0.00346986869665509,0.0132470768968437,0.0132622057327462,0.00637971134076026,0.0112229997190255,0.00164372063025957,PNMT,F,0.0232798630598495
chr12,4647560,4648274,715,*,11,0.00351365320057919,0.0132176372193712,0.0523754337375576,0.0105145843473151,0.0173012803734386,0.00735414030758328,"RAD51AP1, C12orf4",F,0.0232798630598495
chr12,47472743,47473421,679,*,5,0.00354820016059522,0.0132407350094742,0.0515000045752638,0.00933315128846005,0.0233668371258884,0.00568440881048739,"PCED1B, AMIGO2",F,0.0232798630598495
chr18,657227,657522,296,*,6,0.00418935540285543,0.0132176372193712,0.0200754795971295,0.00942875495017763,0.0122984667269171,0.00689896650118545,"C18orf56, RP11-806L2.5",F,0.0232798630598495
chr17,11923892,11924127,236,*,7,0.00677742267461009,0.0131928204682215,0.0326065576337496,0.0103143596435562,0.00955431029483181,0.00465867490295424,RPL21P122,F,0.0232798630598495
chr7,94954202,94954455,254,*,3,0.0109906366393615,0.0132470768968437,0.0738728641951828,0.0224097521437187,-0.0173079096796125,-0.00280866907395005,PON1,F,0.0232798630598495
chr15,42130650,42130735,86,*,3,0.0112784464780274,0.013231999266919,0.0275607202259264,0.0104926680805867,-0.0116390844480331,-0.00322586740640141,"PLA2G4B, JMJD7-PLA2G4B",F,0.0232798630598495
chr7,132766399,132766510,112,*,2,0.01323122378435,0.0132470768968437,0.0453401929643455,0.0170910507237564,0.0136799687531891,0.00572433019351738,CHCHD3,F,0.0232798630598495
chr16,22826113,22826243,131,*,3,0.0142794119196421,0.0131847690334354,0.0474614934479511,0.0170325607310327,-0.016011098632333,-0.012762160742418,HS3ST2,F,0.0232798630598495
chr9,123639924,123639954,31,*,3,0.0173431815393537,0.0132111477454935,0.0180373279600724,0.0122033194497385,0.038516779455373,0.0282603648800496,,F,0.0232798630598495
chr13,76122768,76123086,319,*,2,0.000295198663273061,0.0132615089454884,0.00879808182809309,0.00619482895296526,-0.0207566459362371,-0.0106845047933354,COMMD6,F,0.0232876497583483
chr16,30075192,30075547,356,*,3,0.0102142682370868,0.0132615089454884,0.0138425532435755,0.00984040227645022,0.00870544128494718,0.00257191705796166,ALDOA,F,0.0232876497583483
chr4,107958491,107958572,82,*,2,0.0173688604243497,0.0132681504292763,0.0208728390413952,0.0125898978635466,0.00578706991279515,0.00340848806401025,DKK2,F,0.0232905301730643
chr19,44455140,44455454,315,*,8,0.0193015802978335,0.0132800332048994,0.0909638141696838,0.0219781962900491,0.0214485502555744,0.0119703237231107,ZNF221,F,0.0233026053636837
chr5,173315151,173315978,828,*,11,0.000166919152300731,0.0133612514978794,0.0138425532435755,0.00713044934753232,0.0248029917080234,0.0107249660039959,CPEB4,F,0.0233834454060971
chr21,46895183,46896174,992,*,4,0.00160765972400712,0.0133377643401681,0.0149339056455901,0.00921449057266677,0.0142814428882747,0.00684004627148618,COL18A1,F,0.0233834454060971
chr14,64931743,64932348,606,*,7,0.00262361520726623,0.0133612514978794,0.03864629745592,0.0105745573116553,0.0192542971672957,0.00869287948454953,"AKAP5, ZBTB25",F,0.0233834454060971
chr1,12018611,12018622,12,*,2,0.00375654520400342,0.0133504298658369,0.0104335473882922,0.00733938657867084,0.00960553625466698,0.00466802601560734,PLOD1,F,0.0233834454060971
chr17,3474461,3474950,490,*,7,0.00470673975116082,0.0133377643401681,0.0326434236611508,0.0113231137698092,0.0183978050736463,0.00677411427765613,"TRPV1, SHPK",F,0.0233834454060971
chr1,2239646,2239768,123,*,2,0.00511688166299022,0.0133612514978794,0.0166515379563643,0.0116093171555218,-0.0165036937003644,-0.0142987927700363,SKI,F,0.0233834454060971
chr11,71146764,71146831,68,*,2,0.016829760378425,0.0133612514978794,0.0125565421646375,0.00896869225465428,0.00715198534171602,0.00232026425270021,DHCR7,F,0.0233834454060971
chr10,115932823,115934433,1611,*,12,0.00111830137864882,0.0133723857854604,0.0435142547508364,0.00813412476040169,0.0386914347206153,0.00424441769033828,"C10orf118, MIR2110",F,0.0233853550893312
chr8,82633454,82634603,1150,*,10,0.00143722679353061,0.0133691266582411,0.0495503915356463,0.0109491848537363,-0.0363380610407147,-0.0024243398261249,ZFAND1,F,0.0233853550893312
chr3,188888486,188888497,12,*,2,0.0147269685347188,0.0133829804720423,0.0180408355994735,0.0119963264558495,-0.0142073501400544,-0.0108765101888294,TPRG1,F,0.0233950976194823
chr1,163039155,163039184,30,*,2,0.0193690528750448,0.0134070339540706,0.0130674198008828,0.00937357344473193,-0.00268628147363928,-6.19996698089931e-05,RGS4,F,0.0234283516413159
chr8,59465778,59466299,522,*,4,0.00457572739185783,0.0134510639985612,0.0748511376472312,0.0223734907268175,0.016541739570945,0.00609546328898838,SDCBP,F,0.0234910209208388
chr7,5553266,5553627,362,*,5,0.0173820173650951,0.0134529853544937,0.0467709872528017,0.0156072464978226,0.00768563434354535,0.00267280913506228,FBXL18,F,0.0234910209208388
chr15,100890243,100890996,754,*,10,0.00972208964497242,0.0134588001651199,0.0656639776339875,0.0132930240741482,-0.0894606048222639,-0.0250769200043,SPATA41,F,0.0234923659553835
chr6,14211743,14212256,514,*,5,0.00690203146134875,0.0134704375719166,0.026218035977941,0.0115245798365462,-0.0360262818372396,-0.0131212117209942,,F,0.0235038695288182
chr10,70748213,70749155,943,*,13,0.00168715077060533,0.0134918652840799,0.0252766495182518,0.00800747390168658,0.0161974213770434,0.00820070792602502,KIAA1279,F,0.0235324406846292
chr19,42927074,42927676,603,*,4,1.16372103832711e-05,0.0136032006701436,0.00689268899370422,0.00365976146781372,0.00897071063349676,0.00651942175168396,"LIPE-AS1, LIPE",F,0.0235397986432608
chr3,185826362,185827485,1124,*,15,0.00016459774629984,0.0135258628224257,0.0160071544749222,0.00761771172228993,0.0113236070623684,0.00618889907699242,"ETV5, DGKG",F,0.0235397986432608
chr13,37633341,37634133,793,*,12,0.000817075082691363,0.0135344701049025,0.0399155590738103,0.00738666046093964,0.0139378028254076,0.00306520411596258,SUPT20H,F,0.0235397986432608
chr11,94277138,94277826,689,*,4,0.000995739549862256,0.0135258628224257,0.0115195786324741,0.00737447505650131,0.00656570551288634,0.00124014128533362,"PIWIL4, FUT4",F,0.0235397986432608
chr10,70715529,70716464,936,*,11,0.00109256340340108,0.0136528789755176,0.0424998082192461,0.00856357535267817,0.00993254322778836,0.00293746476977593,DDX21,F,0.0235397986432608
chr2,234599988,234600423,436,*,4,0.00118820745409195,0.0135678633446143,0.0220738007114009,0.00893388807765413,0.0242619419971643,0.00349881673855221,"UGT1A8, UGT1A10, UGT1A9, UGT1A7, UGT1A6",F,0.0235397986432608
chr7,150811345,150811775,431,*,2,0.00130695351857469,0.0135103564630195,0.0111823143383165,0.00804786219813376,-0.0123213067802045,-0.00891072652491287,AGAP3,F,0.0235397986432608
chr19,50528096,50529112,1017,*,10,0.00225463071554307,0.0136255451220706,0.0164263937839211,0.00856969333330591,0.0183071499154227,0.00574410617557347,"ZNF473, VRK3",F,0.0235397986432608
chr17,71187853,71188271,419,*,3,0.00233042432666678,0.0136423492378115,0.0163199890655794,0.0108187031855603,0.0231124460236201,0.0178939280588191,RP11-143K11.5,F,0.0235397986432608
chr10,105978651,105979969,1319,*,6,0.00321073328564293,0.0135731356084358,0.0142266219555378,0.00694696534185092,0.0191527079770632,-0.00284489604782819,WDR96,F,0.0235397986432608
chr10,2006740,2006950,211,*,4,0.00409540485963475,0.0136461351497247,0.0132622057327462,0.00928851312303044,0.0462255897808896,0.0134022169659993,,F,0.0235397986432608
chr11,105481802,105481988,187,*,3,0.00426661000834166,0.0136461351497247,0.0132622057327462,0.00979825460748688,0.0132781032107474,0.0053685685034235,GRIA4,F,0.0235397986432608
chr7,130130995,130131921,927,*,26,0.00461862351773819,0.0135049261635333,0.0957097515564521,0.0210895816384294,0.0172687110389301,0.0038477319567712,MEST,F,0.0235397986432608
chr2,230785697,230786076,380,*,2,0.00463374844865674,0.0135626825890908,0.0208060696958207,0.0127694909954178,0.0126234644912852,0.00763440615140696,TRIP12,F,0.0235397986432608
chr11,63448356,63448992,637,*,9,0.00537590451866623,0.0135622970021526,0.0584226545885732,0.0111769486358889,-0.04014002448347,-0.00566950131100986,RTN3,F,0.0235397986432608
chr7,152160885,152161197,313,*,6,0.00553988310103425,0.0136295869698298,0.0343633689160386,0.010011641155328,0.0148888975387307,0.00452038812890419,LINC01003,F,0.0235397986432608
chr2,239974554,239975220,667,*,5,0.00625991422981089,0.0136505168876296,0.0297129715131421,0.011634368819456,-0.0154084493566667,-0.000595006431142675,HDAC4,F,0.0235397986432608
chr1,226373204,226373844,641,*,2,0.0069344184038683,0.0135747246888285,0.0351910947740129,0.0160545387199724,0.0131260481997214,0.0106604731205369,ACBD3,F,0.0235397986432608
chr3,9920535,9920698,164,*,4,0.00729577773433693,0.0136387487230861,0.0257228895994396,0.010503754288275,0.0237940708754918,0.00594736087385558,CIDEC,F,0.0235397986432608
chr17,13972631,13973192,562,*,9,0.00749924662655079,0.013638336565466,0.0814965072689464,0.0127789131157575,0.00694256954058094,0.002859129239035,"COX10, COX10-AS1",F,0.0235397986432608
chr5,134733519,134733905,387,*,3,0.00775023172628567,0.0136387487230861,0.0322063138398578,0.011342736584517,0.016280834739,0.0057651790387861,H2AFY,F,0.0235397986432608
chr1,161676266,161676581,316,*,3,0.00838747405530828,0.0136628893563955,0.0359030936539488,0.0137849200544211,0.0345708877015407,0.0125787532979934,,F,0.0235397986432608
chr6,116600728,116601663,936,*,12,0.0101645991317544,0.0135622970021526,0.036082772251167,0.0172649994040902,0.0136291460188935,0.00663717356060114,"DSE, RP1-93H18.1, TSPYL1",F,0.0235397986432608
chr2,3381578,3382031,454,*,10,0.0113762207606977,0.0136628893563955,0.11257988353242,0.0184041385303931,0.011294624685531,0.00379723822397475,TSSC1,F,0.0235397986432608
chr4,17513834,17514207,374,*,6,0.0129679107846507,0.0135705644793427,0.0312889274007736,0.0159545806510695,-0.0255710410401701,0.00579989867567003,QDPR,F,0.0235397986432608
chr2,88752056,88752836,781,*,8,0.0134527530995958,0.0136461351497247,0.0767610789206934,0.021192619532352,0.0239046147718404,0.00369667648725991,FOXI3,F,0.0235397986432608
chr12,133022423,133022550,128,*,2,0.0153230651009856,0.0136387487230861,0.0358172534236573,0.0162522405814852,0.0164843392665384,0.00800034548235229,,F,0.0235397986432608
chr5,76939333,76939772,440,*,5,0.015449956583589,0.0135860759429839,0.0305375392208313,0.0165078916344369,-0.00740451489757182,-0.00540242663051699,,F,0.0235397986432608
chr15,40544855,40545326,472,*,10,0.0156189853066075,0.0136349440074329,0.0669842364053281,0.0176421435934525,-0.00626848546620006,0.00193354782382457,"PAK6, RP11-133K1.2, C15orf56",F,0.0235397986432608
chr2,232379626,232379717,92,*,3,0.0158686373948758,0.0136096899330229,0.0818616124634461,0.0241192956938944,0.013713520754588,0.00803455400105406,,F,0.0235397986432608
chr6,53531538,53531701,164,*,2,0.0160318427226116,0.0136349440074329,0.0305401041402116,0.0152278651101182,-0.015732826407273,-0.0139921079937821,,F,0.0235397986432608
chr10,70939271,70939636,366,*,2,0.0166885049513004,0.0135676304649174,0.0377025703867969,0.0164571951698419,0.0207559855816712,0.0178018467167404,,F,0.0235397986432608
chr11,93464721,93464739,19,*,2,0.0193817399073941,0.0136096899330229,0.0371221191560029,0.0164167990973851,-0.0307936252381477,-0.0244151158075188,"TAF1D, SNORD6",F,0.0235397986432608
chr16,87469002,87469329,328,*,3,0.00423850281779203,0.0136744925407164,0.0372826812982471,0.0125180902193681,-0.0354687048404117,-0.0244377982319854,ZCCHC14,F,0.0235510768351022
chr13,45694580,45695040,461,*,10,0.00795367378118608,0.0136810384842111,0.0275636384223553,0.012528636046369,0.00732233364797988,0.00335070070404391,GTF2F2,F,0.0235536400077527
chr10,74385779,74386252,474,*,7,0.00566879085151138,0.0137017423143592,0.0287028041132858,0.00946926108229909,0.0153989933818485,0.00782906152961365,MICU1,F,0.0235769163178607
chr12,9102068,9102628,561,*,8,0.0151663526420309,0.0137046838034032,0.0648605322073677,0.0154336447047388,0.0103613109102656,0.00502251016458736,M6PR,F,0.0235769163178607
chr6,111926749,111927323,575,*,6,0.000299700413645861,0.0137361767202448,0.0175122356578278,0.00644134700049186,-0.0168801071567408,-0.000159034831689301,TRAF3IP2,F,0.0236049354192547
chr9,133710056,133710827,772,*,4,0.000804396291844492,0.0137272211821777,0.0119120682883923,0.00783310190392338,0.0103685064273612,0.00443301955920597,ABL1,F,0.0236049354192547
chr8,142445768,142445786,19,*,2,0.0107448683973085,0.0137361767202448,0.013998411107379,0.0103101709663774,0.00721337858566795,0.00344897678749545,"CTD-3064M3.7, MROH5",F,0.0236049354192547
chr16,23080440,23080572,133,*,3,0.0116120985787348,0.013753905786292,0.028559219512738,0.0155448171597474,-0.018261669153356,-0.0138918772803668,USP31,F,0.0236266836026418
chr2,8723906,8724685,780,*,5,0.00561748740860678,0.0137652482249091,0.0297437449138474,0.00926415364449841,-0.0460104046807041,-0.0166154779219314,AC011747.4,F,0.0236374487401923
chr17,13017963,13018217,255,*,3,0.0143858578570784,0.0137718866568069,0.032811676992731,0.0144765348175656,0.0116371394888284,0.00616748162800664,,F,0.0236401312793033
chr19,59010761,59011427,667,*,5,0.00229221186522094,0.0137793818069445,0.0293514263807727,0.00972419481915983,-0.00887640640647625,-0.000985700548337742,SLC27A5,F,0.0236442818993886
chr17,46670029,46671635,1607,*,15,0.000517160338965903,0.0138305915047954,0.0379947971292834,0.00792304435633664,0.0306509566794954,0.00467423696106206,"HOXB-AS3, HOXB3, HOXB5",F,0.0236972276077382
chr19,35535021,35535447,427,*,2,0.00118772810707765,0.0138305915047954,0.00956554448383203,0.00690568737892852,0.0178871366193347,0.0043562719400092,HPN,F,0.0236972276077382
chr16,239231,239291,61,*,2,0.0122981860274964,0.0138305915047954,0.0131903573990985,0.00951092677842195,0.022984484359032,0.0059997274684172,LUC7L,F,0.0236972276077382
chr2,10566553,10566602,50,*,2,0.0153517592612837,0.0138305915047954,0.0163204424121321,0.0116567357090979,-0.00843045655370056,-0.00069260613929395,HPCAL1,F,0.0236972276077382
chr1,41444651,41445206,556,*,11,0.000647841489625424,0.0138452951601475,0.0279462300863553,0.00753790727508095,-0.0127086431107144,-0.00457915261357023,CTPS1,F,0.023707006670144
chr19,56988205,56988398,194,*,2,0.0113531838548086,0.0138464801680893,0.0219289938947986,0.013337399482168,-0.0109755962449776,-0.0035194205262364,ZNF667,F,0.023707006670144
chr8,124085042,124085669,628,*,6,8.30305996549816e-05,0.0139099250269998,0.0122261821304003,0.00579728158069194,0.0153956744578497,0.00709817586581259,TBC1D31,F,0.023714737835105
chr5,176830358,176830915,558,*,3,0.00104100437210293,0.0138722424690829,0.0133953701155872,0.00634911720477315,-0.0105958885616556,-0.00265167708160432,"GRK6, F12",F,0.023714737835105
chr17,78193874,78194236,363,*,7,0.00395835596562381,0.0139102007092728,0.0289374385548238,0.00914475913799303,0.0121971493259144,0.00130861489469379,"SLC26A11, SGSH",F,0.023714737835105
chr1,1158648,1159412,765,*,4,0.00401122137623203,0.0138861301062428,0.0144317075027138,0.0109926729307207,-0.0141646429460601,-0.00754399194220881,SDF4,F,0.023714737835105
chr11,972871,972922,52,*,2,0.00593986797976799,0.013893971620945,0.0177012608434182,0.0121692794790762,-0.0140956914564564,-0.0057380647804669,AP2A2,F,0.023714737835105
chr1,165326269,165326345,77,*,3,0.00895982135393584,0.0138908602184437,0.0322506160812186,0.0116006942544001,0.00385042545202496,0.00067814231415439,,F,0.023714737835105
chr12,11151224,11151522,299,*,3,0.0089979013651489,0.0139102007092728,0.0190373144068144,0.0128686101690381,-0.0270923002434957,-0.0108348472138374,"PRR4, TAS2R14",F,0.023714737835105
chr19,38714549,38715198,650,*,6,0.0105279885350266,0.013893971620945,0.0482734938527173,0.0110462705109406,0.0386835046294232,0.018282852991633,DPF1,F,0.023714737835105
chr4,79861272,79861398,127,*,3,0.0126780927761199,0.0139121030202935,0.0318767930941724,0.0162376094822854,-0.0158531595862563,-0.0124166557529016,,F,0.023714737835105
chr6,32952568,32952826,259,*,4,0.0141473580800093,0.0138970093970227,0.0278725596306637,0.0114797628432407,0.0156947004871072,0.00780093561945244,,F,0.023714737835105
chr15,65579119,65579557,439,*,7,0.0148989024139413,0.0139008486637721,0.0266767004382986,0.0163014203774109,0.0113360051043775,0.00680626948621702,PARP16,F,0.023714737835105
chr8,142188198,142188219,22,*,2,0.0166009654974289,0.0138970093970227,0.037054052584006,0.0167908875633053,-0.0102449847761996,-0.00520373401769581,DENND3,F,0.023714737835105
chr2,216877947,216877984,38,*,2,0.0143226898425517,0.0139785827253849,0.0160420673947161,0.0115437318896294,0.00728328924345435,0.00659502298851611,"MREG, PECR",F,0.0238193412923957
chr6,39759941,39760776,836,*,7,0.00956384035950988,0.0140205698873514,0.0364079154891291,0.0102294937488457,0.0126071596121118,0.0014353162625772,DAAM2,F,0.0238821484877087
chr14,69620432,69620847,416,*,5,0.0031349264833234,0.0140338799254609,0.0538566542149226,0.013027899189478,-0.0389309165489374,-0.013315419615011,,F,0.0238960800047061
chr4,187630021,187630516,496,*,4,0.00679706233747246,0.0140602169916263,0.0414822438850254,0.0107522850763158,-0.0128783713063007,-0.00744568601771709,FAT1,F,0.0239321749013171
chr1,23750101,23750579,479,*,3,0.00256950650319842,0.0140944467006174,0.0227946085354157,0.00933470078435854,-0.0173672644197788,-0.00635886822739608,TCEA3,F,0.02394667576971
chr11,560589,561364,776,*,12,0.00324950834423372,0.0140944467006174,0.0532242818943329,0.00946721859697852,0.00913399688303514,0.00559801727248046,"RASSF7, C11orf35",F,0.02394667576971
chr12,115117351,115117551,201,*,2,0.0107182967330603,0.0140858814077916,0.0157247561785571,0.0113876815366202,-0.0157727123219381,-0.0150403091564854,TBX3,F,0.02394667576971
chr17,41437877,41438402,526,*,5,0.0107208767496785,0.0140816811252058,0.0401514003515824,0.0122227166701615,0.0387103050504335,0.0195072662457944,,F,0.02394667576971
chr17,43224158,43224582,425,*,7,0.0117370114180469,0.0140816811252058,0.0860146048646809,0.0128752138494216,0.0297651324813107,0.00288220985873613,,F,0.02394667576971
chr19,14183619,14183792,174,*,5,0.0118600607283438,0.0141085126217221,0.0517401788520679,0.021284666602109,-0.0102916657932096,-0.00326731661367526,hsa-mir-1199,F,0.023961831976426
chr14,90527378,90528371,994,*,12,6.67508058270628e-05,0.0141467977382539,0.0295898031246748,0.00596759587617085,-0.0131664120106063,-0.00300907455332115,KCNK13,F,0.0239918561788231
chr11,101785507,101786117,611,*,10,7.88245144525066e-05,0.0141375851410628,0.00800056101357408,0.00596759587617085,-0.0238546190626291,-0.00190809369699449,"KIAA1377, ANGPTL5",F,0.0239918561788231
chr3,120314841,120315618,778,*,9,0.000691141669366829,0.0141467977382539,0.0157247561785571,0.00676186600029031,0.0138924357468551,0.00686018267852352,NDUFB4,F,0.0239918561788231
chr6,26544588,26544615,28,*,2,0.0140626707279885,0.0141467977382539,0.0180621721908296,0.0123645603541165,-0.0181535555559254,-0.0165234518088865,HMGN4,F,0.0239918561788231
chr7,16685473,16686311,839,*,11,0.00406493044717678,0.0141775495394781,0.0531100866204414,0.0108092857095075,-0.00908461361559387,0.00216688679943429,BZW2,F,0.0240090357110361
chr4,140201433,140202327,895,*,8,0.00417038163802526,0.0141775495394781,0.0622917113607473,0.011165139107041,-0.028942834809396,-0.0134847409395786,"MGARP, NDUFC1",F,0.0240090357110361
chr9,136653337,136653622,286,*,2,0.0102722963853636,0.0141775495394781,0.0144793829665096,0.0107950124315111,0.0107215092099368,0.00636331187914785,VAV2,F,0.0240090357110361
chr10,27149660,27149668,9,*,2,0.0179839531943357,0.0141678431113171,0.0513235609562731,0.0191415107181519,0.00965020313521338,0.00912359330940469,ABI1,F,0.0240090357110361
chr11,82996473,82997910,1438,*,11,0.000648790755782676,0.0141942369267706,0.0327512068841726,0.00519658141518975,0.0158991003372335,0.00186994535488627,"RP11-727A23.10, CCDC90B",F,0.0240119402038747
chr5,110408740,110409196,457,*,8,0.00435399731350794,0.0142102012458404,0.0216843357375564,0.0103214515048946,0.00958001288988226,0.00367075516823182,TSLP,F,0.0240119402038747
chr10,97416393,97417411,1019,*,11,0.00811676014996544,0.0142102012458404,0.0544538208171785,0.0141610388372643,-0.0158809600007855,0.00187982789640524,ALDH18A1,F,0.0240119402038747
chr2,60983774,60984209,436,*,3,0.00899051635150031,0.0142102012458404,0.0756844756573061,0.0238164056784686,0.00822596077513362,0.0055103031802092,PAPOLG,F,0.0240119402038747
chr1,2158622,2158638,17,*,2,0.00993384174118054,0.0141942369267706,0.0201466907865154,0.0130360713692534,0.00440584884578846,0.0016044457202192,,F,0.0240119402038747
chr5,1794232,1794420,189,*,2,0.0118330740543098,0.0142022544017226,0.0547693542677384,0.019605487088913,0.0241435928720969,0.0240301966395378,,F,0.0240119402038747
chr11,94706512,94707155,644,*,13,0.00749323230618947,0.0142258275432383,0.044417496055613,0.0164747916875743,0.0237100549829991,0.00546502635319457,"KDM4D, CWC15",F,0.0240122069115116
chr7,27281872,27282351,480,*,7,0.00992790817888042,0.0142155438816725,0.114781026421616,0.0313361036449147,0.0122018056201158,0.00823902435915427,"EVX1, EVX1-AS",F,0.0240122069115116
chr6,36209708,36209753,46,*,2,0.0100923252301723,0.0142247969724339,0.0150924488016514,0.0110911756617832,0.00620281426192354,0.000967182917478784,,F,0.0240122069115116
chr15,76351361,76351942,582,*,5,0.00475220178608314,0.0142434062758906,0.0131405131303296,0.00920604836129064,0.0107293748527324,0.00482111281682115,NRG4,F,0.0240331677633415
chr11,112831501,112832547,1047,*,14,0.00815081377884326,0.0142869426462172,0.0771152847018941,0.0192832395560596,0.00802643272916004,0.00130318206967537,"NCAM1, RP11-629G13.1",F,0.0240978963793674
chr10,125806958,125807047,90,*,2,0.0147885516084605,0.0143072297465825,0.0219990627056515,0.0136734205407186,-0.00585402485840036,-0.00232625550967291,CHST15,F,0.0241233775995057
chr14,65005951,65006777,827,*,14,0.00529092100389289,0.0143225744047418,0.0544432344181723,0.0125915730119484,0.0307278670217328,0.00199588700751131,"HSPA2, RP11-973N13.4",F,0.024131776050247
chr12,48357234,48357772,539,*,10,0.00615574078154818,0.014322332470907,0.0580637140961036,0.011764694489011,0.0212138098243262,0.00314991457112989,TMEM106C,F,0.024131776050247
chr3,126236504,126236769,266,*,3,0.0070809655994184,0.0143432894118007,0.0172968783577081,0.00944982153028304,0.0124965013598249,0.000666764965740807,UROC1,F,0.0241543532213203
chr12,31812481,31812794,314,*,6,0.0126273780157807,0.0143463476508851,0.0138425532435755,0.0109511250612101,0.0136542836266661,0.00809628075894684,METTL20,F,0.0241543532213203
chr6,39281183,39281885,703,*,6,0.00453461498307814,0.0143658951021688,0.0266665905171663,0.00933088507289546,-0.0215364767347164,-0.00293629471178127,KCNK17,F,0.0241785231264186
chr16,30788293,30788580,288,*,2,0.0095261542641712,0.0143731145282768,0.0154155622754145,0.011296692677747,-0.00774171098945287,-0.00247594177281574,,F,0.0241819343779571
chr8,110342871,110342914,44,*,2,0.0200172889910851,0.0144292085098205,0.0293026917873581,0.0156908564650737,-0.0113899126058131,-0.0104919961817461,NUDCD1,F,0.0242675420838693
chr2,177003996,177004015,20,*,2,0.013692724500258,0.0144517494069139,0.0536995469721654,0.0197687913415859,-0.0127942516956486,-0.0119801263125167,HOXD3,F,0.0242966776129956
chr16,81970170,81970779,610,*,4,0.00110465425749833,0.0144722276419509,0.0157589839628127,0.00861928130853474,-0.00921862631073156,-0.00532870714818709,PLCG2,F,0.0243223255606515
chr13,108519554,108519880,327,*,3,0.0149367647177406,0.014492966419831,0.0132622057327462,0.0100886326664405,-0.020116361427973,-0.00995863845345368,,F,0.0243483927190307
chr22,29702766,29703180,415,*,8,0.00523150920328977,0.0145329752042203,0.0264953325916916,0.0102100552887562,-0.0187767768802276,-0.00144963358588458,GAS2L1,F,0.02440680329104
chr6,44354646,44355950,1305,*,12,0.00782551680582018,0.0145408399953163,0.0579049258752795,0.010321436437083,0.019016837513241,0.0051049991302825,CDC5L,F,0.0244112083122524
chr19,49990455,49991852,1398,*,14,0.00378033265598693,0.0145537609900096,0.0930661489406482,0.010272730949981,0.0219594290571376,0.00735859333663625,"CTD-3148I10.15, RPL13A",F,0.0244240954704413
chr2,135675569,135677154,1586,*,8,0.00222240471470845,0.0145676685453223,0.0132622057327462,0.00609506837620194,0.0255203104940326,0.00830844209070873,"CCNT2, CCNT2-AS1",F,0.0244259913704777
chr19,5622140,5622738,599,*,4,0.00810363249920757,0.0145676685453223,0.0684262941627862,0.0180251076851823,0.012261241355449,0.00799256185002208,SAFB2,F,0.0244259913704777
chr10,102132984,102133232,249,*,5,0.0107675405483886,0.0145758707362159,0.0477164927496777,0.0178827333632044,0.00790671332694458,0.00462979449756305,,F,0.0244259913704777
chr6,28806292,28806931,640,*,16,0.0109102806988607,0.0145720734323175,0.110640162325919,0.0163260834341252,0.0202174786568756,0.00698826533636371,XXbac-BPG308K3.5,F,0.0244259913704777
chr2,159313148,159314016,869,*,7,0.00615582020736795,0.0145853956987733,0.0450469994927596,0.015114875442088,0.00604354730439628,0.00346680567288589,"PKP4, CCDC148",F,0.024433161068053
chr14,42076492,42076710,219,*,2,0.0113823906096206,0.0146011449827529,0.0470309481165044,0.0191027317028775,-0.0107390579123044,-0.000553027822457829,,F,0.024450748717972
chr19,3868624,3869174,551,*,6,0.0120509210595027,0.0146079598822212,0.0618664839896563,0.0117179975171251,-0.0245427450497096,-0.00522368725431663,ZFR2,F,0.0244533677827118
chr20,30311239,30311963,725,*,6,0.00482943403528492,0.0146211780340098,0.05146042756516,0.0102865887226286,0.0123105072075259,0.0053052326432849,BCL2L1,F,0.0244667000015751
chr16,59788728,59789485,758,*,6,0.00425485290902834,0.0146321951515704,0.0196235053038109,0.0114138766866694,0.0393463908161197,0.00335487526660766,"RP11-105C20.2, APOOP5",F,0.0244675521798432
chr6,30306659,30306767,109,*,2,0.0117044363494443,0.0146275543267144,0.0132622057327462,0.00973892021617021,-0.0178530285430326,-0.016422646879298,"TRIM39, TRIM39-RPP21",F,0.0244675521798432
chr17,43237975,43238278,304,*,7,0.00661945682245666,0.0146433679445441,0.0463852162956618,0.0107981207047249,0.0291633824635798,0.0105807673634696,"HEXIM2, AC002117.1",F,0.0244774459862677
chr2,27601088,27601647,560,*,6,0.00651585801564312,0.014663445971802,0.0268992370576206,0.00976594936493303,0.00905089410277504,0.00172847053473235,ZNF513,F,0.0245022130931761
chr19,6042039,6042257,219,*,2,0.00544985367260516,0.0146724588544747,0.0119930221243463,0.00874145787700533,0.0153033934725769,0.00732519654075092,RFX2,F,0.024508479514092
chr8,145027741,145028505,765,*,11,0.00446381951553995,0.0147093118083372,0.0509193108258062,0.0122656351643761,-0.0543979618283013,-0.0153998819892922,PLEC,F,0.0245612280715047
chr17,3539210,3539754,545,*,9,0.00878484909071436,0.0147280555237767,0.0535739163384426,0.0119515228610721,0.012308081320972,0.00446739100763654,"SHPK, SHPK",F,0.0245837113169277
chr2,162093969,162095095,1127,*,7,0.00223089687898638,0.0147563401146561,0.0138425532435755,0.00896869225465428,0.0207174017474507,0.0063915330554096,AC009299.2,F,0.0246132793388086
chr4,1804816,1805090,275,*,2,0.0104586935502713,0.0147563401146561,0.0198297984365889,0.0132389533386897,0.00749358586793392,0.00467949319623195,FGFR3,F,0.0246132793388086
chr7,108209641,108210905,1265,*,13,6.23239674531053e-05,0.0147914464094719,0.0327272759032823,0.00716001276491508,0.00979366003542802,0.00430833891410768,"DNAJB9, PNPLA8, THAP5",F,0.0246370214366536
chr1,178062811,178063828,1018,*,10,0.00138399684581487,0.0147957453731126,0.0174943041741566,0.0131381026817507,-0.0171721186355869,-0.00311956370210764,"RASAL2, RASAL2-AS1",F,0.0246370214366536
chr19,56705433,56705497,65,*,2,0.00180038568047085,0.0148005100075188,0.00823931326838979,0.0059633712318887,0.0275915927403165,0.00595432515738192,ZSCAN5B,F,0.0246370214366536
chr7,129251834,129252859,1026,*,4,0.00320288058587608,0.0147888068898167,0.0287676180504178,0.00867037315374507,0.0106068533908471,0.00571122948507662,NRF1,F,0.0246370214366536
chr10,574361,574732,372,*,4,0.00477428404625498,0.0148023160789686,0.012904171888162,0.010321436437083,0.0188576436657165,0.0102310756571915,DIP2C,F,0.0246370214366536
chr14,74551642,74551855,214,*,4,0.0167946806379881,0.0147835854146107,0.0670216160266309,0.0182890680230187,0.00782591797385573,0.00502037219218783,LIN52,F,0.0246370214366536
chr2,61244620,61245510,891,*,16,0.00183651318881677,0.0148456625305156,0.0689676626016624,0.00893189653160139,0.012813648133084,0.00521652924099482,"PEX13, PUS10",F,0.0246762167070621
chr4,76860890,76861805,916,*,4,0.00419577156439999,0.0148389785547223,0.035629359793485,0.012132014628435,-0.028319571845432,-0.000901925261861255,NAAA,F,0.0246762167070621
chr10,5708674,5708825,152,*,4,0.00786725059944175,0.0148470601703217,0.033850640068216,0.0104077490179395,0.0078201197848097,0.00250035304276559,,F,0.0246762167070621
chr8,38239417,38239909,493,*,2,0.0120002686327158,0.0148456625305156,0.0484807500747938,0.019557989490165,-0.000878098856875176,-0.000836120213332073,"RP11-350N15.5, WHSC1L1",F,0.0246762167070621
chr7,111202222,111203008,787,*,10,0.00584853258592634,0.0148626146701947,0.082043626296358,0.0120446892612076,0.0147482973515207,0.00739316704815294,IMMP2L,F,0.0246844495431871
chr15,41244615,41244853,239,*,2,0.0155716497708229,0.0148586449717665,0.0136826841564728,0.0101898679864383,0.0126834168230768,0.00747426745023283,,F,0.0246844495431871
chr3,41240163,41240987,825,*,6,0.000872751572306891,0.0149220957360254,0.0152372462635325,0.00750672792720724,-0.0262350942240452,-0.00275196175817316,CTNNB1,F,0.0247297419131804
chr3,134204268,134205717,1450,*,24,0.00181415485643641,0.0149275882456564,0.0466708882091818,0.0108096723837806,0.0148558666165068,0.00377442213344972,"CEP63, ANAPC13",F,0.0247297419131804
chr3,50311009,50311213,205,*,3,0.00183628732411559,0.0149341793228008,0.0131849858162747,0.00797297956142293,-0.0232506130642283,-0.0129710188697545,SEMA3B,F,0.0247297419131804
chr6,30585023,30586053,1031,*,29,0.00418013465718943,0.0149139648483258,0.092056820691519,0.0303239036215013,0.0170847725041557,0.005548110921238,"MRPS18B, PPP1R10",F,0.0247297419131804
chr10,53459102,53459998,897,*,13,0.00465403603030106,0.0149376774751506,0.066420761014493,0.0121692794790762,0.0227948138794247,0.00722243897707978,"PRKG1, CSTF2T",F,0.0247297419131804
chr13,41185353,41185714,362,*,2,0.0046617654263479,0.0149186497107057,0.0132622057327462,0.00977634437642534,-0.0134851993136144,-0.0123082468362858,FOXO1,F,0.0247297419131804
chr4,141074780,141075097,318,*,2,0.0135339161349814,0.0149257071697776,0.0554143697349646,0.0205166462399183,-0.00186260919314071,-0.000544240132417925,MAML3,F,0.0247297419131804
chr7,791718,791760,43,*,3,0.0162941973187492,0.0149053921552261,0.0469114428680723,0.0163458932194332,-0.0129505689859778,-0.00672236869455208,HEATR2,F,0.0247297419131804
chr22,41613692,41613790,99,*,2,0.0193938964445276,0.0149376774751506,0.0168577778922898,0.0122441123148183,-0.0239984816685709,-0.0146189731988795,L3MBTL2,F,0.0247297419131804
chr15,56034801,56034817,17,*,2,0.00684834477162121,0.0149647288281873,0.0118564782534789,0.00864613084449893,-0.0038073785553344,-0.000747255219722218,PRTG,F,0.0247657221580911
chr5,77590568,77591744,1177,*,13,0.000329348416087143,0.0149983407062855,0.0466673061085332,0.00774141683986481,0.0228929682564531,0.00840983850886635,AP3B1,F,0.024803718987632
chr7,157294107,157294502,396,*,5,0.000404635990404798,0.0149983407062855,0.010788009016712,0.00651448423782675,0.0297721113009055,0.010320311819792,AC006372.5,F,0.024803718987632
chr5,38557085,38557634,550,*,7,0.0074428371399694,0.0150152443602822,0.0590288419559809,0.0124183453106116,-0.0111159415998837,-0.00235861822400509,"LIFR-AS1, LIFR, MIR3650",F,0.0248179889535352
chr10,134574192,134574373,182,*,3,0.00894919837797182,0.0150176278443337,0.0217401866727236,0.0109915450315727,-0.0179187751558696,-0.00198974757076957,INPP5A,F,0.0248179889535352
chr1,38396334,38397927,1594,*,9,0.00238509712541443,0.0150248388156868,0.012459870674024,0.00559201669783852,-0.0160155989724144,0.00534250886026623,INPP5B,F,0.0248210976816791
chr16,15766327,15766942,616,*,2,0.000156311292995987,0.0150397005983973,0.00701917363471232,0.00482537881613477,-0.0618676249764381,-0.0267963670071137,NDE1,F,0.0248368388960058
chr16,21963795,21965022,1228,*,12,0.00344921298502829,0.0150625845959415,0.036701608450809,0.00925075105733908,0.0150021568174513,0.00588573126794806,UQCRC2,F,0.0248658122875929
chr5,1462820,1463850,1031,*,6,0.00232063839942166,0.0150790288009929,0.0276262196385844,0.00794216434063787,0.053651269554956,0.0120390826276474,LPCAT1,F,0.0248665145631104
chr6,91004932,91005756,825,*,6,0.00618241865408194,0.0150726559497427,0.0767853442934299,0.0198577110132219,0.00952004777909321,0.00396533379476554,BACH2,F,0.0248665145631104
chr2,236402993,236403031,39,*,3,0.0171577748777012,0.0150790288009929,0.078256037585647,0.025385913436883,-0.00619705733963116,-0.00195822154883993,AGAP1,F,0.0248665145631104
chr8,101962701,101963845,1145,*,10,0.0116531870551835,0.0151271530769668,0.0411559125110013,0.00914719040059893,0.00858918083011985,0.00429770176188537,YWHAZ,F,0.0249370449130741
chr17,6554634,6555093,460,*,8,0.00908829121388547,0.0151342327311112,0.043990480951203,0.0139518697127558,0.0132689504367159,0.00668586594815019,"C17orf100, AC004706.1, MED31",F,0.0249398874128751
chr6,157744005,157745216,1212,*,4,5.36555431525257e-06,0.0151793761106315,0.00701917363471232,0.00423016713303899,0.0116050160683098,0.000313327947452386,"RP5-933K21.3, TMEM242",F,0.0249561971119252
chr6,100060917,100061504,588,*,6,0.00651407414968361,0.0151660323764095,0.0486393201002064,0.0109810486885917,-0.0257576262429384,-0.0152459721066602,PRDM13,F,0.0249561971119252
chr2,139537131,139537197,67,*,2,0.00705127570546141,0.0151660323764095,0.0307023803109032,0.0166109823650692,0.00600590043145521,0.00341326543572032,NXPH2,F,0.0249561971119252
chr1,155291224,155292227,1004,*,5,0.0070999458119082,0.0151742503218732,0.0165570388864822,0.00797297956142293,-0.0123905699375241,-0.0032706367210689,"RUSC1, RUSC1-AS1",F,0.0249561971119252
chr19,34850565,34850788,224,*,3,0.00855596412641174,0.0151660323764095,0.0169096373459059,0.0126839978108169,0.0112284016135728,0.00687320985627376,GPI,F,0.0249561971119252
chr5,145718098,145718597,500,*,6,0.0109486079333188,0.0151816419192794,0.0559612433236674,0.0111915868735242,-0.0122563363868354,-0.00278561850431351,"RBM27, POU4F3, CTC-359M8.1",F,0.0249561971119252
chr1,248854887,248855040,154,*,2,0.0117665449521868,0.0151816419192794,0.0115864183115548,0.00851307583562964,0.0153005695246369,0.00279872069143544,,F,0.0249561971119252
chr11,44971593,44972791,1199,*,13,0.000168904432718721,0.0152294568340069,0.035571352234856,0.0109926729307207,0.00989097111888779,-7.84250575224742e-05,TP53I11,F,0.02500721338255
chr15,75251581,75251733,153,*,2,0.0116074054505934,0.0152251278218628,0.0139694574191857,0.0105459815777883,-0.0150371631894329,-0.0120836613213285,SCAMP5,F,0.02500721338255
chr4,90815958,90815973,16,*,2,0.0116372568435209,0.0152341559730072,0.0142266219555378,0.0108187031855603,-0.0208846988776144,-0.0108325312980486,MMRN1,F,0.02500721338255
chr6,97372856,97372970,115,*,2,0.0168627933376866,0.0152251278218628,0.0142564259957279,0.010823060223262,0.00961313266129557,0.00607144833921553,KLHL32,F,0.02500721338255
chr4,110736273,110737452,1180,*,13,0.000246403274842214,0.0153516762249369,0.0335692960468756,0.00867037315374507,0.0229099314870666,0.00674894186329927,"GAR1, RP11-602N24.3",F,0.0251475180708888
chr8,109144928,109145172,245,*,2,0.00123433890551084,0.0153520278882407,0.0109661448276533,0.00814326338240409,0.026236751503959,0.0140448195918306,,F,0.0251475180708888
chr17,39968362,39969397,1036,*,18,0.00179973234690169,0.0153423176621799,0.0185544687026392,0.0103016388199063,-0.0192012981796999,0.000466248081104672,"FKBP10, LEPREL4",F,0.0251475180708888
chr4,681280,682184,905,*,4,0.0049772793667541,0.0153437545670905,0.0157247561785571,0.00875269973449379,-0.0619631845238247,-0.013652415175094,MFSD7,F,0.0251475180708888
chr14,21944788,21945296,509,*,14,0.00762391975011248,0.0153307175638956,0.101167145605054,0.0180871674807744,0.0141342572593794,0.00766989466056315,"TOX4, RAB2B",F,0.0251475180708888
chr2,71453672,71454542,871,*,11,0.00850098025219907,0.015350915233645,0.0320107121556429,0.0110029160487235,0.0144452469793874,0.00757389637894882,PAIP2B,F,0.0251475180708888
chr20,48729304,48729853,550,*,5,0.0129555564001478,0.0153954526341281,0.0881237806679877,0.0223940069781958,0.0108040755813297,0.00365317376305341,"UBE2V1, TMEM189-UBE2V1, TMEM189",F,0.0252097830229025
chr8,65492792,65492936,145,*,3,0.0155239454410188,0.015421482992572,0.0777802958557885,0.0257478528103274,0.00830315701328495,0.00681092939835943,"BHLHE22, RP11-21C4.1",F,0.0252435312113912
chr19,48964041,48964062,22,*,2,0.00459802709111373,0.0154279094515295,0.0159520778988791,0.0118992460682407,-0.0157370627997796,-0.0108743891349571,KCNJ14,F,0.0252451772016069
chr15,72668114,72669149,1036,*,13,0.00627543923693733,0.0154393970201453,0.0737969254897601,0.0118111375884812,-0.0157740872475104,-0.00133049025561082,"HEXA-AS1, RP11-106M3.2, HEXA",F,0.0252551007807575
chr20,3801081,3801622,542,*,5,0.0148539453057667,0.015495262336841,0.0759842711026094,0.0256787763643624,0.00945322293562807,0.00401918146230788,AP5S1,F,0.0253375831118921
chr6,31560441,31560871,431,*,4,0.000209776732805264,0.0156160914196717,0.00689268899370422,0.00546204618218055,0.0330457051283622,0.0219129925493409,NCR3,F,0.0254191323807798
chr12,108154206,108154917,712,*,5,0.000272198048797143,0.015558161713118,0.00928924739848483,0.00818695870374463,-0.0186656648764328,-0.00256684675454172,PRDM4,F,0.0254191323807798
chr10,134222053,134222507,455,*,5,0.00191832477410715,0.0155760566359756,0.010788009016712,0.00875269973449379,-0.0449175212762578,-0.00518249472842921,PWWP2B,F,0.0254191323807798
chr17,42276323,42276931,609,*,3,0.00344921298502829,0.0155778008615541,0.0120773702505077,0.00930026383626806,0.00809875248027199,0.0062596593637845,"CTB-175E5.7, ATXN7L3",F,0.0254191323807798
chr1,206730120,206730504,385,*,5,0.00700498910099747,0.0155905320266744,0.0141594544906556,0.0101950061129745,0.0163818500449539,0.00667962611003604,RASSF5,F,0.0254191323807798
chr8,9910873,9911669,797,*,7,0.00866362061043676,0.0155760566359756,0.0340198970073017,0.00971635126721456,-0.0455268343326716,-0.00559501180105526,RP11-1E4.1,F,0.0254191323807798
chr3,49027156,49027828,673,*,10,0.00940939621889343,0.0156060506139709,0.0249767269774461,0.0133420004804568,0.0158056665403402,0.00393647477573956,"P4HTM, RP13-131K19.2",F,0.0254191323807798
chr10,98063967,98064362,396,*,4,0.011440504098757,0.0156102003080268,0.0243636448828361,0.0137550822086008,0.0524354685661251,0.0257519269127826,"DNTT, RP11-35J23.1",F,0.0254191323807798
chr17,45772333,45772800,468,*,7,0.0122395134455867,0.0156102003080268,0.0671378272568735,0.0144110810426662,-0.0238890494329262,0.00627843092168227,TBKBP1,F,0.0254191323807798
chr14,23451327,23452111,785,*,8,0.0139300540991494,0.0156160914196717,0.0696860277113805,0.0167467243039617,0.0127861250944525,0.00504219527987972,"RP11-298I3.4, RP11-298I3.5, AJUBA",F,0.0254191323807798
chr3,52255554,52255762,209,*,3,0.0141530338634973,0.0156068017106369,0.0237601289230572,0.0105277648328978,0.0188322479819518,0.0127319409813491,"TLR9, TLR9",F,0.0254191323807798
chr2,242518104,242518158,55,*,2,0.0157995785446354,0.0155790798412386,0.0211458119925771,0.0141370976250798,-0.0180666560599724,-0.011552249198418,,F,0.0254191323807798
chr22,29601559,29601763,205,*,3,0.0190462208576875,0.0155724796084381,0.0639706942983935,0.0235722703525276,-0.0283108158509103,-0.00858740850069759,,F,0.0254191323807798
chr10,135090997,135091210,214,*,2,0.01421587461279,0.015641294728223,0.0128947738968651,0.00948404425847884,0.0390480245057022,0.0194612157864175,,F,0.0254512611982301
chr11,368473,369414,942,*,21,0.00474953958597165,0.0156530174289003,0.0926059615350871,0.0257348716038859,0.0162810480677287,0.00278464921418175,,F,0.0254525496391022
chr7,45196501,45197251,751,*,3,0.00905791170689853,0.0156494682578488,0.0549595548239162,0.0225609742985651,0.0316814281164364,0.0145622149095695,,F,0.0254525496391022
chr11,67383651,67384040,390,*,6,0.00535579778651872,0.015668609405016,0.0290727625258676,0.0134586237620876,0.0239998510888503,0.00797766259702018,DOC2GP,F,0.0254690101218707
chr6,36646127,36646259,133,*,5,0.0163743771468839,0.0156781511395412,0.0376021862896626,0.0137898403882174,-0.0192345808042377,-0.00221694954531723,CDKN1A,F,0.0254756280030856
chr9,125703099,125703840,742,*,3,0.00495572257314873,0.0156880761658577,0.018071294313867,0.00815574496825358,0.0151651196950406,0.00463186533547044,RABGAP1,F,0.0254828638662013
chr3,49044522,49044803,282,*,5,0.0170873609853686,0.0157168485708846,0.020363736193746,0.0112000342175281,-0.0200690866314528,-0.000665831268206612,"P4HTM, WDR6",F,0.0255206986731553
chr1,185013658,185014530,873,*,7,0.000872149774685319,0.0157287377447946,0.0184928173540017,0.00906032647079814,-0.0290982664904387,-0.00309152367580373,RNF2,F,0.0255311020137708
chr9,35908995,35909996,1002,*,4,0.000785467173031397,0.0157721133455466,0.0139242636374123,0.00733565889996675,0.00976593643034707,0.00410116484117376,LINC00961,F,0.0255658655935295
chr4,129208725,129209608,884,*,6,0.00368973240981616,0.0157721133455466,0.0292540772048412,0.00847165362286421,0.0104037712780695,0.004286055917144,PGRMC2,F,0.0255658655935295
chr10,93558071,93558674,604,*,6,0.0118441953135563,0.0157721133455466,0.0542419356639589,0.0276457426848009,0.00580762994675699,0.002673151668686,TNKS2,F,0.0255658655935295
chr7,98311382,98311436,55,*,2,0.0201408768610726,0.0157693439858785,0.0167133850583116,0.0124408151341562,0.0121997436468021,0.00807955948034886,,F,0.0255658655935295
chr15,101169751,101170019,269,*,3,0.00984818424883749,0.0157836010780403,0.0344290231261654,0.0123132607004202,-0.0420779531812318,-0.021043209527743,ASB7,F,0.0255755846278474
chr2,159825833,159826472,640,*,4,0.00308044066813317,0.0158208944839711,0.0209560466348219,0.0111508416155196,0.0132808513424365,0.00508588324898644,TANC1,F,0.025627097604123
chr11,119207060,119207576,517,*,2,0.000233199088502715,0.0158792971586295,0.00821882087572262,0.0059633712318887,-0.00606940368009823,-0.00325214116697198,"RNF26, RP11-334E6.10",F,0.0257021308554569
chr22,22337034,22337468,435,*,11,0.0063005184089379,0.0158837733738469,0.018028558280833,0.0138512460463591,0.0369248803339847,0.00752061556228075,TOP3B,F,0.0257021308554569
chr4,90757452,90759203,1752,*,17,0.0075707744620504,0.0158792971586295,0.0906219089908141,0.0118992460682407,0.0265660104238504,0.000587358952577336,"RP11-67M1.1, SNCA",F,0.0257021308554569
chr17,16341601,16342776,1176,*,16,0.000437706698253141,0.0159014647628612,0.0489126898980752,0.00942662856910712,0.0172986465049363,0.00657393128218447,FAM211A-AS1,F,0.0257186232970031
chr17,66031448,66031871,424,*,10,0.0119000372419126,0.0159050107570043,0.0640934990780379,0.0162376094822854,0.0182928813336338,0.00528592368168323,KPNA2,F,0.0257186232970031
chr8,82434468,82434543,76,*,3,0.00449356660993793,0.0159607307768458,0.010788009016712,0.00836595465954814,0.0800860300851289,0.0446904870025111,RP11-257P3.3,F,0.0257997650912082
chr10,104628846,104629869,1024,*,11,9.5222412342034e-06,0.0159664503327094,0.0115405716428096,0.00278598303774997,-0.0133336923779741,0.00127105534902641,"C10orf32-ASMT, AS3MT",F,0.0258000552392185
chr15,82339920,82340327,408,*,4,0.00704105810030655,0.0159919962241335,0.0538199528786106,0.0126180091545675,-0.0103956108787431,-0.00338671385179228,,F,0.0258234141524929
chr8,77585222,77585448,227,*,4,0.0180798661737971,0.0159895331449571,0.0486939716458685,0.0182804003978946,0.00643375216268616,-9.00876715201858e-05,ZFHX4-AS1,F,0.0258234141524929
chr12,56732427,56733052,626,*,6,0.00503210695007023,0.0160065346576593,0.0394522755637714,0.0105460588071392,0.0501441310709517,0.0184992299821444,IL23A,F,0.0258379313347381
chr12,111618925,111619455,531,*,8,8.2276039216596e-05,0.0160319959957127,0.0163180442699041,0.00531921945006965,-0.047760356294662,-0.0228016884152344,CUX2,F,0.0258611033432746
chr1,161102325,161103008,684,*,8,0.00176089408846064,0.0160319959957127,0.0404398530106787,0.00904652093791067,0.0106657299183425,0.00390991304427599,DEDD,F,0.0258611033432746
chr2,112812751,112813174,424,*,7,0.0139971021044044,0.0160596145093142,0.0596548259775996,0.0201432780635966,-0.0168148061287563,-0.0024956466851594,TMEM87B,F,0.0258966844771039
chr20,60641703,60642115,413,*,2,0.000106010971845954,0.0160794735785666,0.00701917363471232,0.00474367274966792,-0.00849539396559596,-0.00247595296030691,,F,0.0259161398307402
chr19,40896064,40896506,443,*,4,0.00353468107092821,0.0160828095578353,0.0311392034675695,0.00863776041495999,0.023388995990451,0.0130314180362299,HIPK4,F,0.0259161398307402
chr17,78074910,78075184,275,*,5,0.0121155670151139,0.0161097534523746,0.0325335743826986,0.0144865630641569,0.018485625100616,0.00985968288389221,,F,0.0259505782869971
chr11,113930767,113931305,539,*,4,3.51319791613883e-06,0.0161711677535065,0.00753413913857507,0.00228046102476094,0.0223220609334513,0.0125384521369915,ZBTB16,F,0.0260247332874815
chr1,212208516,212209499,984,*,15,0.00223758942387302,0.0161725527451088,0.0447286653057822,0.011273174081759,0.0235984826581153,0.0061128855634452,"DTL, INTS7",F,0.0260247332874815
chr7,86848751,86849303,553,*,10,0.00941261844297914,0.0161632131752744,0.0719522637628822,0.0179664432105925,0.0108391678458437,0.0028177765380101,TMEM243,F,0.0260247332874815
chr14,75642944,75643727,784,*,10,0.00747216703927134,0.0161957452780546,0.0754604149086447,0.0147913855519246,0.0186674066460211,0.00641645272328217,TMED10,F,0.0260530520759587
chr14,45603067,45603864,798,*,9,8.74759429075528e-05,0.0162192940497931,0.0138104127472649,0.0045942608014929,0.0132565836005198,0.00527883168982992,FKBP3,F,0.0260593609976158
chr21,34775459,34776637,1179,*,5,0.00516661011582443,0.0162332416263869,0.0287829010521473,0.0120119379707076,0.0147512060797039,0.00060276716708633,IFNGR2,F,0.0260593609976158
chr11,1475775,1475899,125,*,3,0.00925975982611763,0.0162229157342001,0.0140015099272462,0.0109735536605679,0.0400522197349314,0.0187411153807617,BRSK2,F,0.0260593609976158
chr2,99347854,99348232,379,*,5,0.010479072811657,0.0162324079866773,0.0336032858736656,0.0114056224304048,0.00725236979208784,0.004990754204895,,F,0.0260593609976158
chr6,36236936,36237037,102,*,2,0.0131019101391993,0.0162332416263869,0.0178813164806112,0.013196236383006,-0.032922943403631,-0.0263322551068222,PNPLA1,F,0.0260593609976158
chr1,147142184,147142673,490,*,7,0.0141651474828954,0.0162229157342001,0.0896706814256874,0.0225636582431059,-0.00981467531576118,0.000357454645081137,ACP6,F,0.0260593609976158
chr2,176969612,176972068,2457,*,12,0.000133510803688933,0.0162391365612249,0.0108245768864558,0.00652293529218514,-0.0531136134933664,-0.0146860086238554,HOXD11,F,0.0260598411321931
chr3,13678918,13679636,719,*,7,0.00126352074994397,0.0162597135319484,0.014118823361388,0.0060638953501133,-0.0313548136209142,0.0010005415171982,FBLN2,F,0.0260659159787551
chr6,106433444,106433985,542,*,3,0.00635768766599485,0.0162588909572558,0.049585034855757,0.0196270169247445,-0.0147909569282773,-0.0125329405415413,,F,0.0260659159787551
chr6,158506818,158507063,246,*,2,0.0143699781067557,0.0162597135319484,0.0244128004520416,0.0155569572125071,-0.0160149530975843,-0.00806291279015536,SYNJ2,F,0.0260659159787551
chr3,55520834,55521529,696,*,9,0.00923922589008256,0.0163416877253197,0.0390971169327712,0.0202040673169309,0.021310120416697,0.000959089920447834,WNT5A,F,0.0261883137428816
chr12,121890163,121891131,969,*,7,0.00276891667223701,0.0163572725278327,0.0189589898626521,0.00914792017263822,-0.0080885790231553,-0.00269617056263327,KDM2B,F,0.0262042718135936
chr19,49588236,49589224,989,*,8,0.000538159290683601,0.0163819374243021,0.0138794694307532,0.00694696534185092,0.0108811452279463,0.00479596787750262,SNRNP70,F,0.0262347601736503
chr1,153963072,153963593,522,*,7,0.000126474558557631,0.0163935786636391,0.00668530391036088,0.00635006363909465,0.014672387585818,0.00595372057782069,RPS27,F,0.026244378080635
chr6,30434109,30434552,444,*,16,0.00212101299332875,0.0164153749082204,0.069341031206555,0.0116567357090979,0.0200831631638698,0.0066552220950747,TMPOP1,F,0.026253403404766
chr10,17269643,17270601,959,*,12,0.00384007699123317,0.0164072449206006,0.0745835741989403,0.0122009096382951,0.0290530452406066,0.00872056241621285,"VIM, VIM-AS1",F,0.026253403404766
chr1,208136667,208136952,286,*,3,0.015065533191212,0.0164161285623102,0.0188444809844623,0.0111160808366003,0.00661193360424783,0.00231076020397647,,F,0.026253403404766
chr5,150399143,150400672,1530,*,12,6.600597012803e-05,0.0164409934867253,0.0107934179552152,0.00614136111076511,-0.0532734438168711,-0.0163430418706326,GPX3,F,0.0262841423507311
chr16,1031428,1031653,226,*,3,0.0119714117098953,0.0164677546277922,0.0184798463746166,0.00970696824458776,0.0191390846647052,0.0116747468166226,"AC009041.2, RP11-161M6.2",F,0.0263178906319932
chr14,78174638,78175470,833,*,4,0.000480291764042098,0.0164737114068196,0.019033284734496,0.0155448171597474,0.0338846123578558,0.0142611950684397,SLIRP,F,0.0263183787380991
chr10,31320338,31321547,1210,*,11,0.00423850565861632,0.0164820346370449,0.0162028376627624,0.0113250510082306,0.0119310789153064,0.00481115648524363,ZNF438,F,0.0263226458520981
chr14,50698787,50698997,211,*,3,0.0126725262931122,0.0165009754207589,0.0143063327438957,0.011364145037143,0.0074817408538623,0.00363387227516325,,F,0.0263438609991341
chr13,37679324,37679978,655,*,6,0.00977900181500196,0.0165181188599446,0.0672789708818593,0.0194298400300246,0.0237571994419762,0.00738685563416567,CSNK1A1L,F,0.0263621931222625
chr17,40687822,40688572,751,*,11,0.00710924301217676,0.0165251853231044,0.0530221323204936,0.0148606154922603,-0.0317675138353613,-0.00375059903372944,"NAGLU, RP11-400F19.8",F,0.0263644357826986
chr13,112860420,112860456,37,*,2,0.013145565673514,0.0165673202977569,0.0170817335412969,0.0129488202559238,0.0325299208575403,0.0173742653392309,,F,0.0264226063789911
chr4,154216535,154217026,492,*,5,0.0021047819436663,0.0165750207373761,0.0136971611771471,0.0108882685709929,-0.0153117261485144,-0.00291350140378042,TRIM2,F,0.026425837580952
chr20,1783401,1783963,563,*,4,0.00346845392288646,0.0165925460384509,0.0151791911065926,0.0107285282525982,-0.0120785138566832,-0.00328181460706901,,F,0.0264447251543689
chr6,28889996,28891451,1456,*,38,0.000141406195059167,0.0166412187018834,0.0916178504306369,0.0146821632379485,0.0287238208089557,0.00539306231365823,TRIM27,F,0.0264542936399359
chr4,184930219,184930976,758,*,13,0.000836503821603153,0.0166591517628904,0.0628991711927202,0.0127465379289123,-0.022790664448272,-0.00277963407404659,STOX2,F,0.0264542936399359
chr14,76044228,76045025,798,*,7,0.000893844671405103,0.016608650543934,0.0261247733638666,0.00749325651721743,0.0120508987716061,0.00287396958961399,"FLVCR2, AC007182.6",F,0.0264542936399359
chr1,155828926,155829549,624,*,7,0.000955942683315525,0.0166221656402636,0.0159441945470222,0.00926898023865512,-0.013338278501196,0.00510542119051097,"SYT11, GON4L",F,0.0264542936399359
chr6,5145019,5145614,596,*,6,0.00133111155702017,0.0166221656402636,0.0186792040869294,0.00859497897599778,-0.00959051039048586,-0.0042089545083702,LYRM4,F,0.0264542936399359
chr7,105751994,105752389,396,*,3,0.00445554453133881,0.0166588775584803,0.0224327605575159,0.0146691353945099,0.0116245053661732,0.00721348697153534,SYPL1,F,0.0264542936399359
chr7,150864885,150865930,1046,*,11,0.00608112911464884,0.0166588775584803,0.0551824175934317,0.0113231137698092,-0.0270300355531246,0.000634484619519014,GBX1,F,0.0264542936399359
chr17,65242892,65243119,228,*,2,0.00614080030263615,0.0166610356980743,0.0133200399681213,0.0102100552887562,0.0404720107129608,0.038814767216555,,F,0.0264542936399359
chr5,177708304,177708528,225,*,3,0.0118448510133324,0.0166591910079314,0.0170074461773376,0.0127380145819816,0.018023904518058,0.00684056446688167,COL23A1,F,0.0264542936399359
chr9,140094281,140094581,301,*,2,0.0153425695721527,0.0166412187018834,0.0590667343931144,0.0228918197833006,-0.014399528665963,-0.00295180110977144,TPRN,F,0.0264542936399359
chr17,47307743,47308155,413,*,4,0.0154351666887418,0.0166249549918289,0.0240093950382247,0.0111160808366003,0.00529109955598861,0.0030568379443197,PHOSPHO1,F,0.0264542936399359
chr20,43280135,43280957,823,*,6,0.000768556039935796,0.0166859049209219,0.0118564782534789,0.0105432152742069,0.0125436622344361,0.00597101399480493,ADA,F,0.0264695179897878
chr8,54154426,54154528,103,*,3,0.014261525731623,0.0166929889712511,0.0165997715934471,0.01343825359911,0.0146280506576926,-0.00195381215769005,"RP11-162D9.3, OPRK1",F,0.0264695179897878
chr5,528962,529258,297,*,2,0.0143609074966372,0.0166819929757213,0.0530065805101445,0.0221398200979475,0.0217644701737708,0.0114983290359099,,F,0.0264695179897878
chr7,24612418,24612635,218,*,3,0.0153835359958851,0.0166933593162995,0.0675716917761764,0.0245542851154751,0.00922813540800371,0.00661718039759776,,F,0.0264695179897878
chr1,33231070,33231313,244,*,7,0.0157848686132511,0.016711897392747,0.0830926251556309,0.0172770227719836,0.0270497006596797,0.00413350715406335,KIAA1522,F,0.0264898931783603
chr2,23724130,23724231,102,*,2,0.0157108891646534,0.0167259190754648,0.0170817335412969,0.0130238418043668,-0.00918077600410627,-0.000768528425915238,KLHL29,F,0.0265030980382577
chr3,173115001,173116248,1248,*,13,0.000386489810847218,0.0167774741418054,0.0357707680499046,0.00740598354673187,-0.0257711486629861,-0.00733399590079448,NLGN1,F,0.0265488678213311
chr13,28543113,28543520,408,*,8,0.000662344003291403,0.0167717912088443,0.0115405716428096,0.00713656288315371,0.011273184331649,0.000365080986233811,CDX2,F,0.0265488678213311
chr1,115211984,115212949,966,*,11,0.00477937515605626,0.0168062283884842,0.0992382254356807,0.0334370091928829,-0.0196114712304794,0.00139383761743101,DENND2C,F,0.0265488678213311
chr15,74422275,74423449,1175,*,15,0.00568909759203797,0.0168095073035781,0.0772625646009972,0.0295389881579064,-0.0311707750901018,-0.00268658407018754,ISLR2,F,0.0265488678213311
chr8,87526527,87526955,429,*,8,0.00662655768966767,0.0168062283884842,0.0440278983155184,0.0126753724376683,-0.00955453660805955,0.000968460350715202,"CPNE3, RMDN1",F,0.0265488678213311
chr2,67624840,67624930,91,*,2,0.00667718686479218,0.0167932400136479,0.0293907639127608,0.0174706897134182,0.0142298709903712,0.00417567047924188,ETAA1,F,0.0265488678213311
chr3,46924956,46925181,226,*,2,0.00900754347355282,0.0168118125843044,0.0136441385691954,0.0103644783142375,0.0106179644604654,0.0041389612247022,PTH1R,F,0.0265488678213311
chr15,79723997,79724519,523,*,4,0.00902304496950128,0.0167701201861406,0.0784928183470314,0.0247062391614304,-0.00436934261048522,-0.00165804205444109,,F,0.0265488678213311
chr12,6976409,6976660,252,*,8,0.0135856626726217,0.0168062283884842,0.080583997407607,0.0231221925032197,0.00624259266255623,0.00186720497443479,TPI1,F,0.0265488678213311
chr11,32454718,32454768,51,*,3,0.0195102206343558,0.0168062283884842,0.057685749394194,0.0213044224985649,0.00675216085839908,0.00376509097242604,WT1,F,0.0265488678213311
chr11,44326516,44327572,1057,*,5,0.00337264960071977,0.0168464030545446,0.0156532010750855,0.0118226283916573,0.0107176087363971,0.00746054065235107,ALX4,F,0.0265764563092867
chr7,70258649,70258753,105,*,2,0.0103992378330974,0.0168354326090518,0.0150619967175913,0.0115913047655642,-0.0140110023860753,-0.0098148419689989,,F,0.0265764563092867
chr19,30938840,30939155,316,*,2,0.0180528266173389,0.0168464030545446,0.0290474795427623,0.0174169810541966,-0.0146482382160393,-0.00384149457585159,ZNF536,F,0.0265764563092867
chr10,69835125,69835323,199,*,8,0.0125036878682667,0.0168664395251274,0.0573257190086135,0.0154246198881585,0.0189483521833481,0.00945976111532095,,F,0.0265990548149402
chr6,33358411,33359192,782,*,18,0.00402589141404432,0.0169020729940357,0.100477921757543,0.0185286033682165,0.0246953220953573,-0.00258981314433658,,F,0.0266462267884985
chr4,71571171,71571736,566,*,4,0.0048808601718502,0.0169089142286018,0.0352068006266638,0.00937357344473193,0.00912628428477752,0.00790613611069535,RUFY3,F,0.0266479910533329
chr12,122242145,122243328,1184,*,10,0.0057620372303833,0.0169498225365592,0.0419855087245048,0.0163319173346314,0.0074056986587648,0.00321272454898757,SETD1B,F,0.0267034247472112
chr12,97301535,97301661,127,*,3,0.00750515374328168,0.0169853225686011,0.0123530431633975,0.00920604836129064,0.0118690691950197,0.00973419094251382,NEDD1,F,0.026750303416292
chr8,133687344,133687491,148,*,2,0.0179441744902989,0.0169933578524117,0.0150427978439014,0.0116006942544001,0.00930907938232585,0.000263559147548269,LRRC6,F,0.0267539105877894
chr8,30240920,30241280,361,*,5,0.0107448683973085,0.0170139579299368,0.030025949001883,0.0109050837608241,-0.0229263515592012,0.0013652352779988,RBPMS-AS1,F,0.0267772903277173
chr4,87927655,87927884,230,*,3,0.0112375683170687,0.017032021185937,0.0645663197905361,0.0251628624807529,0.010208596395985,0.00938118457024006,AFF1,F,0.0267966630617934
chr6,15509286,15509388,103,*,3,0.0139171307494354,0.0170406906893733,0.0240421978242361,0.0123355101825488,-0.0220096555922842,-0.0154318744847742,JARID2,F,0.0268012484094601
chr7,862427,862831,405,*,5,0.00101049908624311,0.0170521516100289,0.0164320803732205,0.00797297956142293,-0.0225776896723534,-0.00757354559063694,SUN1,F,0.0268102194624931
chr16,30042330,30042541,212,*,3,0.00272594624436053,0.0171311219028177,0.0152622909881793,0.00800747390168658,-0.0126765381997281,-0.00514327054658743,FAM57B,F,0.0269252901456031
chr4,84205065,84206199,1135,*,9,0.00407702689570883,0.0171468377503258,0.0274952289964774,0.0104926680805867,-0.0363179934223525,0.00546867774356569,COQ2,F,0.0269318122776617
chr15,83735291,83735344,54,*,2,0.0124661671909055,0.0171468377503258,0.0344290231261654,0.0191373886504297,0.00970563227546618,0.00774165812692823,"RP11-382A20.5, RP11-382A20.6, BTBD1",F,0.0269318122776617
chr5,176513704,176514432,729,*,8,0.00374363941238783,0.0171599619888805,0.0214797916634293,0.0105662428984925,0.0142170007547432,0.00427098517056255,FGFR4,F,0.026936782070367
chr7,99697978,99698554,577,*,6,0.00693654037531585,0.0171615701960015,0.0302295547229337,0.012887676370907,0.0122779578762754,0.00623240665806532,MCM7,F,0.026936782070367
chr3,32148863,32149153,291,*,2,0.00455072892246314,0.0172192586891611,0.0138274016768025,0.0105758356249066,-0.0133997558722444,-0.00396071943768683,GPD1L,F,0.0270000295338125
chr2,110370440,110371141,702,*,3,0.00744831961295757,0.0172192586891611,0.0832407008991629,0.0300473056680648,0.00970468964384992,0.00497357856175577,SEPT10,F,0.0270000295338125
chr10,105215188,105215423,236,*,3,0.00822027254454515,0.0172192586891611,0.0141723771082441,0.011364145037143,0.0145116208751469,0.00323733442315718,"RP11-225H22.4, CALHM1",F,0.0270000295338125
chr8,97247777,97248069,293,*,7,0.0185323956963355,0.0172286027166509,0.0541954209825056,0.0145935715238998,0.0128757555803522,0.00401202329438418,"KB-1043D8.6, UQCRB",F,0.0270055883040873
chr2,173940203,173940639,437,*,8,0.00373409870314709,0.0172639173276888,0.031656499147427,0.0103085156137196,-0.0394470994095641,-0.0122467712536008,MLTK,F,0.0270483197608502
chr1,29475256,29475685,430,*,2,0.0087620449487022,0.0172674800620588,0.0376184338802038,0.0200369217128716,0.00835584716270799,0.00240224745317524,SRSF4,F,0.0270483197608502
chr11,133735024,133735550,527,*,3,0.00114499533638409,0.017291585832906,0.0115052397639161,0.00810031986051864,0.0240738324327372,0.00423045078032243,RP11-259P6.3,F,0.027076972166726
chr12,7032793,7033911,1119,*,9,1.89476187423843e-05,0.0173379623349264,0.0119723230417084,0.00237698837889887,-0.018149563459279,-0.00105939697190609,"ENO2, ATN1",F,0.02713134764575
chr5,10457034,10457079,46,*,2,0.00417038163802526,0.0173379623349264,0.010788009016712,0.00794216434063787,-0.080571361559224,-0.070265364894192,ROPN1L,F,0.02713134764575
chr19,12405853,12406247,395,*,5,0.00141107191399836,0.0173517245498749,0.012661351294585,0.00718968417597272,0.0180573088359449,0.00304699216267026,,F,0.0271346478269871
chr12,76952947,76953136,190,*,2,0.0172969917908741,0.0173517245498749,0.0180196297744767,0.0137450345243783,0.00530342117287158,0.00223359493938799,OSBPL8,F,0.0271346478269871
chr8,1150991,1151560,570,*,3,0.0119850221541948,0.017361865895549,0.0647534837354468,0.0265141581525972,0.0104313941553,0.002247452373995,CTD-2281E23.2,F,0.0271413929088861
chr8,68658943,68659103,161,*,2,0.0154922660343276,0.0173876438150374,0.0357020735471173,0.0196604389039245,-0.00869664928427549,-0.00276307969306366,,F,0.0271725695458487
chr2,65659148,65659751,604,*,5,0.00891957100588444,0.0174013526116683,0.0325335743826986,0.0159843160086466,0.00927263677898345,0.00529735274572059,SPRED2,F,0.0271824662816876
chr12,126467963,126468463,501,*,3,0.00952952214444756,0.017405650515781,0.0172052223189538,0.0112197927282811,0.0183403714366061,0.00220491826176452,RP5-916L7.2,F,0.0271824662816876
chr4,925410,925854,445,*,3,0.00447178981270884,0.0174370616354804,0.0257041863884057,0.0164782159553346,0.0193544343120851,0.011640769578628,GAK,F,0.0272219125904299
chr8,43405687,43405739,53,*,2,0.0151291891708042,0.0174425997787938,0.0224731979795446,0.0155716927580081,0.00651015605445748,0.00202496588470502,,F,0.0272219125904299
chr15,73075372,73077442,2071,*,13,0.000161004315388639,0.0175064591628317,0.00956554448383203,0.00246780809875022,0.0144358475206369,0.00506178787053457,"ADPGK-AS1, ADPGK",F,0.0272289261677738
chr10,98273188,98274264,1077,*,9,0.000446963874761705,0.0175064591628317,0.0121837754920947,0.00754520431602563,0.0101553053925722,0.00424546023978103,TLL2,F,0.0272289261677738
chr6,33140396,33141040,645,*,7,0.00111661358298283,0.0174812630673726,0.0161941257167362,0.00766391991558536,0.0329331548967008,0.017956873592897,COL11A2,F,0.0272289261677738
chr20,30864848,30865502,655,*,10,0.00306322768516567,0.017466343913117,0.0756005305087569,0.0119859244285906,0.017957954511228,0.00477668604386178,KIF3B,F,0.0272289261677738
chr17,60005454,60005984,531,*,4,0.00749105396351988,0.0175031177531227,0.0258842890069312,0.0108573482390047,-0.0163639275076846,-0.000564041645554042,,F,0.0272289261677738
chr14,65879893,65880369,477,*,4,0.00939599689158502,0.0174790050040411,0.0541166407001842,0.0209755782292299,0.0136749591468585,0.00453145924999159,FUT8,F,0.0272289261677738
chr3,12851369,12851742,374,*,4,0.0094327127513137,0.0175231032262869,0.0172120176040958,0.0139480844684067,-0.0175713754564311,-0.00587921426179412,CAND2,F,0.0272289261677738
chr7,27150031,27150042,12,*,2,0.0110503407705776,0.0174821848778779,0.0132504463602097,0.0100701976127097,-0.0095147083471061,-0.00838624382145814,"HOXA-AS2, HOXA3",F,0.0272289261677738
chr1,3342578,3342726,149,*,3,0.0120342228033641,0.017495510436079,0.0151313981396708,0.0119514882292743,-0.00817718824707836,-0.00402320602010398,PRDM16,F,0.0272289261677738
chr19,38700334,38700487,154,*,2,0.0135189762431742,0.0175202790864454,0.0142567767470425,0.0111753183419505,-0.00738141988849045,-0.00459434217705195,,F,0.0272289261677738
chr10,104154074,104154605,532,*,10,0.0140275046521924,0.0174995028737631,0.074161449315356,0.0314949226325277,0.010219732077027,0.00248421041603302,NFKB2,F,0.0272289261677738
chr17,72740485,72740524,40,*,2,0.016638286224453,0.017512151471682,0.0198430101273953,0.0146448319056122,-0.037791828472977,-0.0243259675876505,RAB37,F,0.0272289261677738
chr5,43037411,43037666,256,*,4,0.0175806418734981,0.017455857013984,0.0926674468263484,0.0330408434288508,-0.0177370276632947,-0.0125101651521339,CTD-2201E18.3,F,0.0272289261677738
chr10,30024742,30026143,1402,*,12,0.000921498702983344,0.017609695773433,0.0301690637832535,0.00809115483726308,-0.0187327370336525,-0.0043888949636891,SVIL,F,0.0273452328165647
chr1,33336611,33336618,8,*,2,0.00972531500778119,0.0176079479660216,0.0124662240002179,0.00933315128846005,0.0139309284450276,0.00923508364778366,FNDC5,F,0.0273452328165647
chr8,74888924,74889068,145,*,2,0.00645580827948337,0.01769347942683,0.0118564782534789,0.00893189653160139,0.00829081820803859,0.00653833657438356,TMEM70,F,0.0274661778969158
chr13,113477810,113477850,41,*,2,0.0115042111419312,0.0177445707158907,0.0141211291218841,0.0110931244617454,-0.0152352402695282,-0.00854060216280877,ATP11A,F,0.0275271371831789
chr8,144303111,144303218,108,*,2,0.0164934151321108,0.0177397312162062,0.0196026263701537,0.0146384544803705,0.0193829174582858,0.00908773961692005,,F,0.0275271371831789
chr4,2395549,2396482,934,*,6,0.00143722679353061,0.0177741558041796,0.0155149329638005,0.00893189653160139,0.012990939137798,0.00137872445374141,ZFYVE28,F,0.0275522311596851
chr5,107007565,107008089,525,*,7,0.00339950490614004,0.0177741558041796,0.0157247561785571,0.00925075105733908,0.0141401502899597,0.00740386272360734,,F,0.0275522311596851
chr19,1592158,1592898,741,*,5,0.00955187420901891,0.0177784957343469,0.017169552644607,0.0104077490179395,0.00712941212285857,0.00238115082337303,"MBD3, UQCR11",F,0.0275522311596851
chr12,10022229,10022688,460,*,4,0.00473818675441026,0.0177854319954156,0.0145121376449332,0.0103455093712707,0.0200407170181198,0.0138066895004555,"RP11-290C10.1, CLEC2B",F,0.0275538113115936
chr7,91875786,91876047,262,*,3,0.0121482096120982,0.0177944077723196,0.0855738777440123,0.0303892413545828,0.0073253835248749,0.0031374337486699,ANKIB1,F,0.0275585490507789
chr6,30640154,30641220,1067,*,40,0.00213593688387905,0.0178011527507791,0.0250555693482057,0.0184983882650564,0.0179280509148322,0.00377197230901666,DHX16,F,0.0275598299070406
chr1,168025549,168025552,4,*,2,0.0193366400324535,0.0178122599923698,0.0157654572139537,0.0123695306278503,0.0345193129220287,0.0312295512754219,"DCAF6, GCSHP5",F,0.0275678613441231
chr7,126446519,126446875,357,*,3,0.0150721544391169,0.0178342739938008,0.0165997715934471,0.0138826951171731,0.0259744710578944,0.00427636077480427,GRM8,F,0.0275927621226347
chr4,39639289,39639723,435,*,6,0.000672510879149095,0.0179293509592511,0.0104912703829525,0.00822777198919889,-0.0134323575343459,0.00208754240336855,SMIM14,F,0.027730650088752
chr3,187387189,187387999,811,*,7,0.00351560679079349,0.0179450704018252,0.0275465195074886,0.0114690945752873,-0.0251338972786487,-0.0112865938706038,SST,F,0.027745747961919
chr12,133424221,133424566,346,*,5,0.0120896867387291,0.0179585682278425,0.0490625924632749,0.024831289158551,0.0415145204531571,0.0177497760011782,CHFR,F,0.0277574020036716
chr14,51410689,51411647,959,*,10,0.00425061184872014,0.018031677300083,0.0402633663088825,0.00914719040059893,-0.0063233167471843,0.000783166765342177,PYGL,F,0.0278426794384903
chr1,154600456,154600788,333,*,7,0.00982113292694972,0.0180296828448952,0.0198716860788253,0.0180773150757717,0.0252488427639382,0.0123827858568838,ADAR,F,0.0278426794384903
chr8,141522359,141522522,164,*,3,0.0162112348953249,0.018031677300083,0.053771404283795,0.0221692462618758,0.0141007722189691,0.00451281639591156,CHRAC1,F,0.0278426794384903
chr6,108488335,108488751,417,*,3,0.00690715445913398,0.0180503718562012,0.0196235053038109,0.015595537589309,-0.0215141704000558,-0.0139351254806118,NR2E1,F,0.0278623075022636
chr3,25824257,25824554,298,*,2,0.00139549349792143,0.0180787811045029,0.0118198039272582,0.00882223527702525,0.00658010821169876,0.00506603216310601,"OXSM, NGLY1",F,0.0278784382793609
chr16,79634410,79635425,1016,*,10,0.00320288292026127,0.0180701172851793,0.0542444624722045,0.0123091643424157,0.0185591624059937,0.00562666500174186,MAF,F,0.0278784382793609
chr2,172950171,172950449,279,*,4,0.0190212559228041,0.0180787811045029,0.0164581904466693,0.0129703490251073,0.014237168338758,0.00185335997769923,DLX1,F,0.0278784382793609
chr6,70506028,70506998,971,*,9,0.000299420791332283,0.0180934882528089,0.0140871088640329,0.00914719040059893,0.0187651634056174,0.00886708969228492,LMBRD1,F,0.0278918817587988
chr20,62693429,62694422,994,*,10,0.00208577122415731,0.0181004953292343,0.0344899863433003,0.0104197261158336,0.0184334956882484,-0.00171078349015826,TCEA2,F,0.0278934502806897
chr17,19881077,19881329,253,*,4,0.0105576369459069,0.0181085092498402,0.0304933761778839,0.0118992460682407,0.00825447751817977,6.0765066124225e-05,AKAP10,F,0.0278965688311299
chr4,775219,775700,482,*,4,0.014997827148916,0.0181204838553843,0.0229418956265897,0.0137550822086008,-0.0132534035533151,-0.00219157374718729,RP11-440L14.1,F,0.0279057848262317
chr12,105500642,105501904,1263,*,16,6.30810955994332e-05,0.0181297042113122,0.00653322631734575,0.00548881360928893,0.0275795409716995,0.00578076332225424,"KIAA1033, RP11-61E11.2",F,0.0279107545494482
chr20,62551654,62551913,260,*,3,0.00518744443640688,0.0181417840544337,0.0138782366952508,0.0110979716903061,0.00382813239539337,0.0013529344366647,DNAJC5,F,0.0279201217255445
chr2,242211290,242212528,1239,*,11,0.00119401240975719,0.018204088278637,0.0350894148837088,0.00754374788930571,0.026416237283308,0.00351655235919874,HDLBP,F,0.0279237282982914
chr6,35285967,35286360,394,*,3,0.00218881740619305,0.0181993283635285,0.0171976343328439,0.00783310190392338,0.0195412548615798,0.0119078761171978,DEF6,F,0.0279237282982914
chr1,25254746,25255314,569,*,3,0.00311158437376847,0.0181632327589006,0.0127717014422968,0.00928502564490212,0.0163008094844806,0.0116954707260368,RUNX3,F,0.0279237282982914
chr19,35645556,35646150,595,*,9,0.00407263261499022,0.0181831856783272,0.0359180205141872,0.0110437685812132,0.0113392119355336,0.00496023000094283,FXYD5,F,0.0279237282982914
chr14,24630327,24630512,186,*,5,0.00533749160912918,0.0181993283635285,0.018779042218538,0.0103101709663774,0.00710886928755993,0.00214569711414394,"RP11-468E2.4, IRF9",F,0.0279237282982914
chr2,43823104,43823708,605,*,13,0.00736517718619723,0.01819710253892,0.0601790651137199,0.0245033574529064,0.0108476313328767,0.00367890530427046,THADA,F,0.0279237282982914
chr5,118609258,118609467,210,*,2,0.0138066244121333,0.0181570448852371,0.0588052069492341,0.0246731076233149,0.0246734061315456,0.00845716498160406,TNFAIP8,F,0.0279237282982914
chr11,118306353,118306465,113,*,2,0.0140854654700965,0.0181570448852371,0.0399694070851769,0.0212786209960534,0.00737276371043437,0.00730897236005865,,F,0.0279237282982914
chr2,197034813,197035590,778,*,2,0.0155950308110429,0.0181909080613345,0.0321925363262262,0.0192951261148836,0.0218265934746399,0.0128865504773022,STK17B,F,0.0279237282982914
chr8,103668147,103668528,382,*,4,0.0168074136105699,0.0181790956941402,0.0825196711645644,0.0303791860402418,0.00862157640322554,0.00145090682408982,,F,0.0279237282982914
chr1,93912688,93912802,115,*,2,0.00956935164600843,0.0182139199631582,0.0482681729472708,0.0229906660120792,-0.0139730745351592,-0.013065852936952,,F,0.0279296099007006
chr16,2827738,2828104,367,*,3,0.014568402682913,0.0182255441186578,0.0177246419544024,0.0147308896668061,0.00813752379989339,0.00672061537435392,,F,0.0279382353392329
chr2,153575114,153575717,604,*,5,0.0125547079593847,0.0182452620730289,0.0752314387795884,0.0314299327083538,0.0238771529877499,0.00559396292348407,ARL6IP6,F,0.0279553725765445
chr12,54982590,54982717,128,*,4,0.0157167141707933,0.0182487293606818,0.0851640665781351,0.0266913354502331,-0.0090533257194471,-0.00471938608864729,,F,0.0279553725765445
chr18,20512860,20513147,288,*,8,0.0172047087544756,0.0182671220486728,0.0607806412024845,0.0206386133553306,-0.0232679990805167,0.000989489987415831,"RBBP8, RP11-739L10.1",F,0.0279743463928541
chr7,5463140,5463911,772,*,10,0.0017325020215463,0.0182793588759786,0.0571308338845537,0.0110462705109406,0.0422482441847449,0.013692885540419,TNRC18,F,0.0279838837230218
chr14,58711355,58711972,618,*,9,0.0037759223494882,0.0182966176640205,0.0608709859116205,0.0118363397252792,0.0171482273157805,0.00513523080474737,"PSMA3, C14orf37",F,0.0279919015970248
chr1,147380334,147380445,112,*,3,0.0174236037551832,0.0182953441424962,0.0410063173487179,0.0194196935534435,0.0103938986827262,0.00503963774419417,GJA8,F,0.0279919015970248
chr5,137089619,137090964,1346,*,13,0.00311538837573326,0.0183328689536234,0.0448892444312481,0.00942662856910712,0.0317922871204938,0.00687181586652719,HNRNPA0,F,0.0280381513027994
chr2,45159434,45159972,539,*,6,0.0122239383801981,0.0183727793081666,0.0469615463140033,0.0161400128925939,-0.0223456426610387,-0.0162301644652969,RP11-89K21.1,F,0.0280899649501418
chr10,98480743,98481036,294,*,3,0.00123365076000182,0.0184043996344577,0.0104236103305758,0.00838106880756935,0.0188079405481398,0.00882747714484963,,F,0.0281198455044847
chr8,123792334,123793107,774,*,4,0.0107675405483886,0.0184043996344577,0.0700956937704444,0.0276513520823966,0.00832181968173905,0.00352009977857643,"RP11-44N11.3, RP11-44N11.2",F,0.0281198455044847
chr12,110337835,110338662,828,*,15,0.0038568963362013,0.0184386932432758,0.0195980949069249,0.011364145037143,0.00894709202562806,0.00385744775892318,TCHP,F,0.0281537686668641
chr19,48833062,48833535,474,*,3,0.0133496467174468,0.0184368324138859,0.0149668205757902,0.010922781270044,0.0207149665687209,0.0124659578662712,EMP3,F,0.0281537686668641
chr17,78878278,78878844,567,*,5,0.00141106478696646,0.0184725535723301,0.015187395909009,0.00893189653160139,-0.0260015145453438,-0.0103235226301832,RPTOR,F,0.0281688918117278
chr10,133784674,133784930,257,*,5,0.00931729961990831,0.0184848901388533,0.0163456611616499,0.0117831950158546,-0.0142616948865528,-0.0082761247825589,BNIP3,F,0.0281688918117278
chr12,69754056,69754254,199,*,2,0.0117790845474593,0.0184848901388533,0.0150218913143908,0.0118561011318541,0.0116806436352907,0.0115365178160066,YEATS4,F,0.0281688918117278
chr11,69260136,69260314,179,*,3,0.013730174178123,0.0184815460351212,0.0328050689650208,0.0136533531315567,-0.0759495940930707,-0.0281888184092569,,F,0.0281688918117278
chr4,100815442,100815590,149,*,3,0.0161316959824494,0.0184848901388533,0.0424749304528777,0.0208433238389087,0.00833803564890266,0.00631371817483461,LAMTOR3,F,0.0281688918117278
chr1,1086777,1086836,60,*,2,0.0167048166647594,0.0184848901388533,0.014879230603711,0.0117623945257411,0.0119801716751242,0.00716104976650556,,F,0.0281688918117278
chr17,40924757,40925790,1034,*,9,9.78678369373032e-05,0.0184918677380386,0.0159441945470222,0.00540572847646808,0.0220725597375609,0.00739337378392698,VPS25,F,0.0281703068551016
chr20,18568287,18569196,910,*,11,0.0059402833481343,0.0185193527055038,0.056831942025953,0.0147707920719533,0.0172671351895094,0.00842261626018972,DTD1,F,0.0282029514550462
chr5,2252878,2253242,365,*,5,0.00564195136736714,0.0185320559001327,0.0340864908511127,0.0112364607965109,0.0187332310115327,-0.0005707052677411,,F,0.028213071045086
chr8,117886537,117887318,782,*,14,0.000670937935922944,0.0185845370731823,0.0340826589574122,0.00689884274385631,0.0211170127741816,0.00782246182160314,"RAD21-AS1, RAD21, MIR3610",F,0.0282837219443824
chr17,77721259,77722518,1260,*,8,0.000265409551069229,0.0185997216381145,0.0142091823068122,0.00584422049855776,0.036680043004917,0.00537758532520963,,F,0.0282975836879122
chr12,50450889,50451678,790,*,9,5.92255260505264e-06,0.018627125273203,0.00616029891809167,0.00330920918918793,0.0366161422328453,0.0118171725121831,ASIC1,F,0.0283207712691173
chr7,138143748,138144067,320,*,2,0.0161385160805219,0.018627125273203,0.0460145666753548,0.0229704136104513,-0.0895667499470729,-0.0601979991126744,,F,0.0283207712691173
chr12,93323219,93323573,355,*,8,0.00490629817942672,0.0186744143666405,0.0525028561143054,0.0121779819372369,0.0080476969109502,0.000199007529991816,,F,0.0283834032981217
chr7,5257609,5257805,197,*,3,0.00391060894966803,0.0186971960781499,0.0160071544749222,0.0109491848537363,-0.00622011295585123,0.000713745450474349,WIPI2,F,0.0284059924900865
chr20,44509606,44510001,396,*,10,0.00805331166717143,0.0187014758373642,0.0552419665472473,0.0133222948404657,0.0120894082200908,0.00535599172695705,ZSWIM1,F,0.0284059924900865
chr6,33152642,33154189,1548,*,10,0.00680687349039675,0.0187260179967193,0.0532242818943329,0.0119928703583373,0.011573377667451,-0.00349069346469939,COL11A2,F,0.0284339960256673
chr21,30364895,30366036,1142,*,11,0.00170183158712985,0.0187407314660988,0.0140479032621255,0.00919363861249473,0.0100636775377906,0.0042824312496434,LTN1,F,0.0284470620722367
chr5,43041146,43041808,663,*,2,0.00926536806222997,0.0187488218066283,0.0589598849708661,0.0253526116019794,0.0199022548713385,0.0171406905335973,"AC025171.1, CTD-2201E18.3, ANXA2R",F,0.0284500694537204
chr22,38577578,38578138,561,*,11,0.0025233604634084,0.0187643783481496,0.0329116127093052,0.00913817981280372,0.0159276238384538,0.00897360437020233,PLA2G6,F,0.0284644006408251
chr12,123011310,123012351,1042,*,16,0.000121753983881845,0.0188005275242589,0.0130733754343061,0.00610686965927971,0.0205720112199946,0.00909792321365325,"KNTC1, RSRC2",F,0.0285099500750484
chr11,62554067,62554234,168,*,3,0.017758273466712,0.0188099718174773,0.0361970920832345,0.0140218874215252,0.00774183158578278,0.00463261837084215,"TAF6L, TMEM223, RP11-727F15.12",F,0.028514986573565
chr6,30033694,30034882,1189,*,18,0.000833756005239119,0.0188379798741885,0.0138794694307532,0.0102939668699635,-0.0221347504087799,0.00615039539415806,PPP1R11,F,0.0285363216800561
chr10,134279136,134279409,274,*,3,0.00892209299751057,0.0188424284230561,0.0154062234045435,0.0105491582107194,0.0141403050555046,0.00946334849295464,,F,0.0285363216800561
chr1,67519677,67520258,582,*,6,0.00935945468813929,0.0188379798741885,0.0234085288847164,0.0148077975862624,0.0185685800988095,0.00472621866622803,SLC35D1,F,0.0285363216800561
chr5,111496047,111497173,1127,*,13,0.00028289174168548,0.0189051587107266,0.0375779822984771,0.0117623945257411,0.0285826546688573,0.00590931978046337,"EPB41L4A-AS1, EPB41L4A",F,0.0286220169427353
chr20,57594082,57594513,432,*,5,0.00618963751568963,0.0189323272081589,0.0364079154891291,0.0106546708489906,-0.0320117596275293,-0.00712505687981884,TUBB1,F,0.0286538341918739
chr1,55229957,55230770,814,*,11,0.00093022020066927,0.0189626078189714,0.0202266655419273,0.00843204121253261,0.0287664494973986,0.00991883864572762,PARS2,F,0.0286795547107645
chr13,110789675,110790937,1263,*,8,0.00702489445942825,0.0189677965448045,0.057375067110722,0.018103216553349,0.010257131161805,5.04539658157163e-05,,F,0.0286795547107645
chr3,183749212,183749227,16,*,2,0.0125972952284823,0.0189626078189714,0.015096817566628,0.0119928596205186,-0.0134273783872686,-0.00400445355261891,,F,0.0286795547107645
chr4,110354820,110354923,104,*,3,0.0160293817074909,0.0189743756830327,0.0270782011259777,0.0175946809517348,0.0024978479196473,0.00160284687936806,SEC24B-AS1,F,0.0286801907029806
chr17,1549681,1549896,216,*,2,0.00245393583753538,0.0190175128420743,0.0109661448276533,0.00821582810984492,0.00769898545853709,0.00166490741991659,RILP,F,0.0287360666143868
chr9,35811884,35812293,410,*,4,0.0012298192354624,0.019039925858411,0.0129337919935356,0.00577543431665198,0.00942476960268925,0.0071932046905899,SPAG8,F,0.0287562156606182
chr11,66024375,66025173,799,*,16,0.00356197450298226,0.0190516326092299,0.0804712979595761,0.013221189519929,0.0133802714547421,0.00506930175806911,KLC2,F,0.0287562156606182
chr12,56237041,56237315,275,*,2,0.0145191464894436,0.0190516326092299,0.0307523640955423,0.019489939766947,0.0256028965217325,0.0122080832083944,,F,0.0287562156606182
chr7,87257538,87257786,249,*,5,0.0175039472828479,0.0190555468174077,0.0353027736508742,0.0164653007141107,0.00821549128559025,0.00492732625294031,"RUNDC3B, ABCB1",F,0.0287562156606182
chr6,24403062,24403712,651,*,11,0.00144933352469667,0.0190832170403929,0.0179791319548638,0.00933315128846005,0.0105901161479104,0.00326248463431023,MRS2,F,0.0287886432643699
chr19,2840764,2841332,569,*,8,0.00177635406536485,0.019099099994379,0.0279363157426371,0.0134620086395542,0.0100780943515363,0.00346956300375697,,F,0.0288032735342692
chr11,108337942,108338461,520,*,10,0.00604189498772667,0.0191241986205521,0.0544432344181723,0.0112364607965109,0.0144128650990898,0.00748630252931837,C11orf65,F,0.0288083823084058
chr21,18884682,18885644,963,*,9,0.00727276536694612,0.0191272317151795,0.0386622624519818,0.00930401755262127,0.0132532468508301,0.00523322833920537,CXADR,F,0.0288083823084058
chr1,205602864,205603464,601,*,4,0.00835970789637257,0.0191272317151795,0.0466708882091818,0.0178935508585221,-0.0440381027229612,-0.0229333198827336,,F,0.0288083823084058
chr8,61325803,61325952,150,*,3,0.0196766888834014,0.0191241986205521,0.0355327372798059,0.0181347443792325,-0.0324717879397374,-0.0210671126893418,RP11-163N6.2,F,0.0288083823084058
chr18,3247294,3247815,522,*,9,0.00778094234656437,0.0191402404588863,0.0529339608083054,0.0171736389755846,0.00873034105655991,0.00224279964741649,MYL12A,F,0.0288186549683263
chr19,39109456,39110397,942,*,11,0.000340081392084597,0.0191604611927785,0.00988915539433796,0.00828122716735818,0.0118568599084099,0.00335249218189163,"EIF3K, MAP4K1",F,0.0288397762685099
chr2,198365397,198365610,214,*,3,0.00374738252448601,0.019186857939233,0.0130674198008828,0.00987640657558442,0.00811492351185276,0.00509882322204985,"HSPE1, HSPE1-MOB4, HSPD1",F,0.0288701768733467
chr15,89630450,89631334,885,*,6,0.0016481759691631,0.019202314596119,0.0175122356578278,0.00646885877851272,0.0121769195167975,0.00388692060002646,"ABHD2, RP11-326A19.3",F,0.0288841017681287
chr6,144328917,144330345,1429,*,21,3.05556889235643e-07,0.0192156752789131,0.0143870587755538,0.000777182104040071,0.0250115352899675,0.000758877092464312,PLAGL1,F,0.0288948659263475
chr6,32549631,32549849,219,*,2,0.000735700066601707,0.0192371295150612,0.00760076808210923,0.00569462388650911,-0.117234620536286,-0.0490087919625277,HLA-DRB1,F,0.028899132952142
chr8,13424928,13425120,193,*,2,0.00906087828415864,0.0192362720895672,0.0209034937733581,0.0158705516980233,0.00300033488895612,0.001899239111811,"C8orf48, RP11-145O15.3",F,0.028899132952142
chr3,97595595,97595630,36,*,2,0.0173820173650951,0.0192362720895672,0.0434416066556465,0.0230069505598138,-0.018933938170874,-0.00400166073396907,,F,0.028899132952142
chr8,145133133,145133899,767,*,14,0.00870187536974126,0.0192513715646427,0.0745849235955101,0.0170514659070688,0.012910314075036,0.00311001613930933,"EXOSC4, CTD-3065J16.9",F,0.0289112019917901
chr15,35044812,35044947,136,*,2,0.0204112683278398,0.019279888586055,0.0248749773522536,0.0174706897134182,-0.0064842838406074,-0.00560694103297493,GJD2,F,0.0289446941151703
chr1,10601389,10601833,445,*,4,0.00810336550457896,0.0193170283204826,0.0371638310446063,0.0116607745606993,-0.00943962423245148,-0.000606027683273641,PEX14,F,0.028981765750157
chr1,151042743,151043263,521,*,10,0.0151555261556793,0.0193170283204826,0.0230194639632285,0.0207910193460831,0.0171846927992286,0.0100396443425756,"GABPB2, CDC42SE1",F,0.028981765750157
chr11,113644397,113644828,432,*,11,0.00301820351646145,0.0193682297944972,0.0537777024938113,0.0105277648328978,0.0158608157281704,0.0032854370612415,ZW10,F,0.0290398731979953
chr12,123756720,123756791,72,*,4,0.0163158917003172,0.0193624434258983,0.0433890379898729,0.0114578263848144,0.0110021938922294,0.00707958067584626,CDK2AP1,F,0.0290398731979953
chr19,46170946,46171507,562,*,5,0.00792902101430193,0.0193959403794193,0.02836451607655,0.0117069125514127,-0.0407228952403533,0.00486581432871271,GIPR,F,0.0290627073188404
chr1,223888431,223888905,475,*,3,0.0117860693786362,0.0193932300407204,0.0277692115829163,0.0125915730119484,0.0315809098844632,0.0109212868985111,,F,0.0290627073188404
chr19,4361555,4362037,483,*,4,0.00547430000642348,0.0194536522111267,0.0299532787683535,0.010321436437083,0.0167491001453454,0.00243049204773635,SH3GL1,F,0.0291398064802885
chr1,119543057,119543883,827,*,7,0.00258139708445423,0.0195262211885125,0.0132741200564817,0.00903633674022568,-0.0282845544463329,0.000974919863458246,"RP4-712E4.1, RP4-712E4.2",F,0.0292109258191142
chr14,31090535,31091012,478,*,4,0.00958841715047672,0.0195262211885125,0.0279034879507222,0.0167065461803508,-0.0232927098008702,-0.00209100234808629,,F,0.0292109258191142
chr17,46114811,46115450,640,*,4,0.0138999942012161,0.0195148031166693,0.0608342834839324,0.0250718179223819,-0.00561655701725661,-0.000504482892697328,COPZ2,F,0.0292109258191142
chr7,96642510,96642794,285,*,4,0.0155373309746898,0.0195262211885125,0.0283317653175634,0.0183134951755165,0.00872498883471456,-0.000935510120888813,DLX6-AS1,F,0.0292109258191142
chr19,10680117,10680229,113,*,2,0.00840899009242321,0.0196075250610096,0.00760076808210923,0.00573386258462343,0.0131864345565817,0.00738394635800338,,F,0.029313722057503
chr5,112196507,112197029,523,*,7,0.0153344323346538,0.0196041863645835,0.104783706255335,0.0311952691577475,0.0163258140695227,0.00418827087328094,"CTC-554D6.1, CTC-487M23.8, SRP19",F,0.029313722057503
chr14,62217806,62218168,363,*,3,0.00186974490631017,0.0196698315032881,0.0129853447435716,0.00847408163513694,0.0124842578858242,0.0026326442084525,"RP11-618G20.1, HIF1A-AS2",F,0.0293503227274937
chr11,46638289,46639265,977,*,14,0.00434491403012108,0.0196761235892711,0.0622917113607473,0.0151093098368907,0.00921808984531897,0.00447958777800619,"ATG13, HARBI1",F,0.0293503227274937
chr22,30162856,30163365,510,*,13,0.00745849853766374,0.0196750699816256,0.0313956488911707,0.0155331905646497,0.00926707278988248,0.00300558933347859,"UQCR10, ZMAT5",F,0.0293503227274937
chr14,94360096,94360154,59,*,2,0.00955528812227561,0.0196750699816256,0.0137045395908425,0.0108010095096853,-0.0189211170525603,-0.00845426139090261,,F,0.0293503227274937
chr19,56652066,56652683,618,*,9,0.0109315617342769,0.0196750699816256,0.0649924924175148,0.0174875569071863,0.00816625326790451,0.00362284371142838,ZNF444,F,0.0293503227274937
chr21,43816086,43816263,178,*,2,0.0137558013173431,0.0196750699816256,0.0140446903998739,0.011203401692598,-0.0138458647509607,-0.013420567477161,TMPRSS3,F,0.0293503227274937
chr11,128554939,128555317,379,*,4,0.017450575103931,0.0196509910945944,0.0499880941035151,0.0209182278499008,-0.0508923849978284,-0.0405965926707403,RP11-744N12.3,F,0.0293503227274937
chr7,56119212,56119841,630,*,10,0.0123179311479585,0.0196844806488779,0.0862645689463201,0.019605487088913,0.0100870452115067,0.00220144265752202,"CCT6A, PSPH",F,0.029353386609614
chr22,31555670,31556567,898,*,13,0.00343966047486566,0.0197188410556298,0.049811140236605,0.0132234185398083,-0.0263775022235931,0.00132832211052159,"RNF185, MIR3928",F,0.0293952121626338
chr7,4652671,4652842,172,*,4,0.0102438723668021,0.0198174200280898,0.0384346373675997,0.010584194449976,-0.0309717220099022,-0.0109591027081411,,F,0.0295327120226605
chr12,56360065,56361238,1174,*,11,0.000869423271348573,0.0198766333508107,0.033829284930432,0.0092569529340747,-0.03703153653483,-0.000143369256538007,"CDK2, PMEL, RP11-973D8.4",F,0.0296114784116204
chr1,28919300,28919387,88,*,3,0.00629166899018049,0.0198919920079418,0.0204427971986725,0.0100165908513005,-0.0207158472564033,-0.0188512364060986,"RAB42, TAF12",F,0.0296154113749952
chr1,51701583,51702078,496,*,6,0.0103089699768138,0.0198919920079418,0.0697331480980421,0.015647444845717,0.0229583818706055,0.00540337933993097,RNF11,F,0.0296154113749952
chr11,6633238,6633911,674,*,10,0.000438339202387565,0.0199378376464025,0.0140446903998739,0.00914719040059893,-0.0110290949992333,0.00207944228215408,TAF10,F,0.0296552251419024
chr11,3239953,3240399,447,*,6,0.00341026496794601,0.0199252422959188,0.0138425532435755,0.00870216196143204,0.124448313981053,0.0294939590976895,"MRGPRG-AS1, MRGPRG",F,0.0296552251419024
chr4,46391436,46392253,818,*,11,0.00599071328061558,0.0199378376464025,0.0646232040258038,0.0225191629336014,-0.0237580838015557,-0.00453706961739832,GABRA2,F,0.0296552251419024
chr11,1296469,1297558,1090,*,8,0.00141746733688072,0.0199732009949863,0.0350485757494452,0.00922830217341272,0.0408594157420233,0.0170031030045119,TOLLIP,F,0.0296983387719193
chr18,21032322,21033656,1335,*,9,0.000643208033159525,0.0199836192206218,0.0117705407563178,0.00923847207702751,-0.0219209486379748,0.00339472812200989,RIOK3,F,0.0296989909548656
chr1,211433282,211434133,852,*,6,0.0032640188542822,0.0200055260093222,0.0392935923420026,0.0102872529326401,0.0178734598596561,0.00547330087258023,RCOR3,F,0.0296989909548656
chr1,40254529,40255492,964,*,11,0.0045263491399401,0.0200055260093222,0.0421482763277684,0.0136974124034215,0.0173478564096557,0.000671324610376687,"RP1-118J21.25, BMP8B",F,0.0296989909548656
chr7,4754502,4755415,914,*,6,0.00762448743441438,0.0200055260093222,0.0210420761326342,0.0124940696769941,-0.0913587251567766,-0.0574217077466891,FOXK1,F,0.0296989909548656
chr2,197664308,197664530,223,*,4,0.0117884597817153,0.0200055260093222,0.0203668240260954,0.011364145037143,0.0155610240287242,0.0096510171843075,GTF3C3,F,0.0296989909548656
chr2,97405809,97406466,658,*,8,0.00369410102544695,0.020018048921058,0.0492092234732505,0.0113231137698092,-0.0153834531543472,0.00780534600176335,,F,0.0297081114803592
chr12,123707536,123707827,292,*,3,0.0035065256061495,0.0200397287619831,0.012702019043549,0.0100039946964943,-0.0407863729089499,0.00942980778076465,MPHOSPH9,F,0.0297308113553856
chr10,102414910,102415086,177,*,2,0.00548249223497794,0.0200669527155098,0.00821882087572262,0.00612657825950916,0.0183001421177207,0.00287835882971005,,F,0.0297617193618246
chr4,670694,671489,796,*,2,0.0160066848667055,0.0200939536505831,0.0197609899954355,0.0156908564650737,0.0177838518358495,0.0125829142219176,MYL5,F,0.0297922770298521
chr3,150996078,150997160,1083,*,6,0.000102512366315955,0.020122145340973,0.00998491651993348,0.00483703179089418,-0.0416265111494363,-0.0151677151993365,"MED12L, P2RY14",F,0.029815090949065
chr3,150481783,150481914,132,*,2,0.0151027728087419,0.0201192502851334,0.0208065314707284,0.0162423991193412,0.0204582247638446,0.0152980128679733,,F,0.029815090949065
chr10,60027792,60028041,250,*,3,0.00797352866120333,0.0201330746064104,0.0305146285870063,0.0144047487285384,0.00851668584524894,0.00283193272884741,,F,0.0298217965782613
chr10,116286411,116287249,839,*,10,0.00143376881241055,0.0201480604170444,0.0401604476135338,0.00914719040059893,0.0270811676273291,0.00929784299921558,ABLIM1,F,0.0298345047256521
chr16,88908488,88908622,135,*,3,0.00348687438269176,0.020165162208973,0.0109661448276533,0.0090418947780804,0.0170757695026409,0.0055317256496951,GALNS,F,0.0298503370652216
chr14,102030727,102031503,777,*,5,0.00705771730766691,0.0202019116177743,0.0521270316898224,0.0141142098204225,0.0211270055348926,0.00269473172060116,,F,0.0298952343196615
chr19,52598983,52599256,274,*,6,0.0127072433869626,0.0202393421629902,0.0509193108258062,0.0177890229637304,0.0101822929857323,0.00716168633179425,"ZNF432, ZNF841",F,0.0299316025573342
chr15,90437601,90437891,291,*,6,0.0140963839492917,0.0202359525638839,0.0142849735750622,0.013909752323031,0.01812294871249,0.00636492012947053,C15orf38-AP3S2,F,0.0299316025573342
chr5,134369605,134370530,926,*,10,0.00339303126263432,0.0203000946098604,0.0411559125110013,0.0115607929330844,-0.00784089014337097,0.00115441916950403,"C5orf66, PITX1",F,0.0300023930809647
chr12,12849443,12850082,640,*,4,0.0102140930046991,0.0202999021400444,0.0679596148591248,0.0307353444009684,0.0186772385806492,0.0112526051692306,,F,0.0300023930809647
chr17,36908169,36909310,1142,*,13,0.00350856035395198,0.0203310117298034,0.0228892047341603,0.00941214203351524,0.00900743664183188,0.00642184869059025,PSMB3,F,0.030002930376614
chr17,80828586,80829946,1361,*,8,0.00397512672432334,0.0203310117298034,0.0630264474980509,0.0117296726074548,0.0523862311702896,0.020689491126051,TBCD,F,0.030002930376614
chr19,51876119,51876788,670,*,3,0.00700509220855427,0.0203326708757985,0.0259736963088242,0.0191208715208686,-0.0358457175923009,-0.00828637114203248,,F,0.030002930376614
chr17,57228573,57229691,1119,*,4,0.00856185614051616,0.0203206916802877,0.0180196297744767,0.00879207856557001,-0.0159241783177939,-0.00580935343376809,"SKA2, MIR301A",F,0.030002930376614
chr10,589143,589375,233,*,3,0.012070068253105,0.0203310117298034,0.0366931084170031,0.0190366689119233,-0.00704785220166715,-0.00522124764548667,DIP2C,F,0.030002930376614
chr10,131264597,131265796,1200,*,19,6.49292726555011e-06,0.0203546397004273,0.010788009016712,0.00501606606106688,0.017232325223858,0.00224408062167218,MGMT,F,0.0300258337297719
chr19,55896449,55897501,1053,*,10,0.00543681484283592,0.0204155195637007,0.063157530012517,0.0161575945081546,0.00901573489426596,0.00318094059660479,RPL28,F,0.0300870489266311
chr18,32621083,32621748,666,*,9,0.0154667483689889,0.0204155195637007,0.0514419325394605,0.0144294741719108,0.0154051164187795,0.00778349392019517,MAPRE2,F,0.0300870489266311
chr12,110778514,110778935,422,*,4,0.0163057165426625,0.0204110338750694,0.0313238167034499,0.0168775900686426,-0.0128309408069445,-0.0073115646810889,ATP2A2,F,0.0300870489266311
chr6,100676745,100676774,30,*,2,0.0194027027065422,0.020434446088036,0.0319199033712847,0.0207805562024502,0.0173675052373568,0.0154993750263509,,F,0.030105414562475
chr6,32825040,32825499,460,*,8,0.0127837186316088,0.0204530609096374,0.112769189802418,0.0251620795867972,0.0166351352699256,0.00217374062594136,PSMB9,F,0.0301233095054338
chr12,51610927,51611826,900,*,6,0.00344200018989997,0.0205132177388658,0.0132622057327462,0.0073846650314058,-0.0392998791701684,-0.00391768394600672,POU6F1,F,0.0301642106125348
chr3,186856928,186857593,666,*,8,0.00391060894966803,0.0204929661173319,0.0497479079462215,0.0108576447230719,0.0267528553787971,0.00619694191600982,RPL39L,F,0.0301642106125348
chr11,65585364,65585931,568,*,5,0.00430857251173383,0.0205123783877555,0.0228402810133955,0.011217507658065,0.00879473612740264,0.00453194680248364,,F,0.0301642106125348
chr14,48095792,48096041,250,*,2,0.0086551610661727,0.0205132177388658,0.0132622057327462,0.0105129127903379,0.0189430599180728,0.00755315842356691,"MDGA2, MDGA2",F,0.0301642106125348
chr10,50123030,50123344,315,*,3,0.011926434750159,0.0205123783877555,0.0228402810133955,0.0158804760776369,0.0220390037769552,0.00355460659017285,"WDFY4, RP11-523O18.7, LRRC18",F,0.0301642106125348
chr6,86352429,86352627,199,*,3,0.0101243877190103,0.02057319588064,0.0273282315012133,0.0118801033572107,0.00956196936149414,0.00771048603649469,SYNCRIP,F,0.0302428577071151
chr14,74100086,74100355,270,*,2,0.00220443424486471,0.0206456558186261,0.00976418636053977,0.00749759682198982,-0.0113285208961054,-0.00255220200654639,RP3-414A15.10,F,0.0303397977744845
chr15,59225658,59226409,752,*,10,0.000533348435386929,0.0207642336076705,0.0146678249374575,0.00694696534185092,0.0110736965292937,0.00419192248352857,"RNF111, SLTM",F,0.0304467997200635
chr4,97047135,97047512,378,*,2,0.0046094912259218,0.0207642336076705,0.012288931516823,0.00942662856910712,0.0148914926231833,0.00903949653009811,,F,0.0304467997200635
chr15,89456239,89456966,728,*,7,0.00771657068944624,0.0207628561466899,0.035571352234856,0.0153264845610467,0.00886007017739755,0.0018709340580654,MFGE8,F,0.0304467997200635
chr15,77857909,77858130,222,*,3,0.00909124473223991,0.0207642336076705,0.0132622057327462,0.0108573482390047,0.017288153088362,0.00406787092565793,,F,0.0304467997200635
chr17,40718810,40719654,845,*,13,0.00936948738750056,0.0207642336076705,0.0472184151077167,0.0146067746411297,0.0152085791853303,0.00422503954459499,MLX,F,0.0304467997200635
chr4,46994748,46995203,456,*,3,0.0126978059883307,0.0207642336076705,0.0371638310446063,0.016228695414281,-0.025572371720899,-0.00605858919801823,GABRA4,F,0.0304467997200635
chr1,153514264,153514482,219,*,4,0.0180960520867824,0.0207642336076705,0.0361372581785056,0.0145460712400221,0.00638606906902256,0.0024666961387627,,F,0.0304467997200635
chr19,55962686,55963317,632,*,5,0.00203814787412953,0.0208189409674757,0.0139945010668247,0.00879891731653114,0.0157437001070875,0.00881914623341289,,F,0.0305174089032213
chr5,72596188,72597316,1129,*,9,0.00346849541000389,0.020884989859403,0.0185318651082712,0.0108886647151097,0.0311122216057451,0.00182130904113504,,F,0.0306045933842793
chr3,150126535,150127151,617,*,3,0.0171743767513531,0.0209595061872963,0.053305005184146,0.0252104346442746,0.00430149547828566,0.00116555222795262,TSC22D2,F,0.0307041271828371
chr3,119041529,119041955,427,*,2,0.00448646959500786,0.0210006629637724,0.0219044271768125,0.0170993621879259,0.00822787561105909,0.00466295731694445,"ARHGAP31, ARHGAP31-AS1",F,0.0307547444724176
chr15,74467432,74467891,460,*,4,0.00328672881532682,0.0210844003275536,0.0186792040869294,0.00914719040059893,0.015079943294357,0.0075338943142855,"ISLR, RP11-665J16.1",F,0.0308579674184214
chr12,54144380,54144521,142,*,2,0.015548916008029,0.0210788635778877,0.0375807908681981,0.0230430715865179,-0.0074027262542522,-0.00141536566261158,RP11-686F15.3,F,0.0308579674184214
chr3,171527797,171528828,1032,*,6,5.43142827119056e-06,0.0211428244734209,0.00609462147240171,0.00304545662777429,-0.028952336102231,-0.00709523509972534,PLD1,F,0.0309143276523457
chr6,3228943,3229530,588,*,5,0.00110103886070492,0.0211428244734209,0.0157255341588293,0.00762676044247056,0.0165484391711396,0.00703923009423965,TUBB2B,F,0.0309143276523457
chr16,57218991,57219487,497,*,2,0.00129354958175625,0.0211428244734209,0.0148485410620303,0.0121675183897418,-0.0142920536008141,-0.00392486171619532,FAM192A,F,0.0309143276523457
chr14,103541561,103542242,682,*,4,0.00303703251017825,0.0211839303009708,0.0197511999669725,0.00990774687630834,0.0103654996272546,0.00156555265587667,,F,0.0309549932261127
chr1,196577387,196578534,1148,*,6,0.00359596818987933,0.0211839303009708,0.0141594544906556,0.00483703179089418,-0.023004098255834,-0.00485763971859164,KCNT2,F,0.0309549932261127
chr17,79004850,79005662,813,*,6,0.00623698525270367,0.021205714401585,0.04332366690191,0.0175696819819572,-0.0562869796745512,-0.0347127220999261,BAIAP2-AS1,F,0.0309771053852513
chr1,27247775,27248618,844,*,15,0.000707670164827572,0.0212191794792301,0.012904171888162,0.00937357344473193,0.0164839377129817,0.0047524977206808,NUDC,F,0.0309870551379036
chr11,64563983,64564812,830,*,5,0.000845442231750896,0.0212640152551456,0.0211553404656592,0.00697354036798044,-0.0437148309362448,-0.0136629948115249,MAP4K2,F,0.0310427959383113
chr12,111284527,111285754,1228,*,11,0.0127804652273243,0.0212831426856713,0.0553759903130499,0.0176569034878724,-0.00993186649696942,0.00109072653992504,CCDC63,F,0.0310609826033129
chr9,130497263,130497778,516,*,3,0.00590555220637331,0.0213098431630165,0.0133834472869123,0.010842277294323,-0.0143969350477002,-0.00197775753377425,TOR2A,F,0.0310902066447894
chr6,112364920,112364987,68,*,3,0.00553491900054628,0.0213274482500311,0.0127861596266558,0.00893388807765413,0.00987853598418827,0.00731183372801488,,F,0.0311061467273395
chr3,147125712,147127012,1301,*,24,0.00104906723912909,0.0213575633942121,0.0512237380541456,0.0119283786498932,-0.0346822604386622,-0.00732487217970401,ZIC1,F,0.0311403170716486
chr3,57993846,57994273,428,*,10,0.00898753758899921,0.0213988379751689,0.0453337440519948,0.0207128248984489,-0.00877940326529715,-0.000780740838699954,FLNB,F,0.0311907319093464
chr22,46663418,46664402,985,*,13,0.000520356244046937,0.0214069944508367,0.0140795358325773,0.00864613084449893,0.0203392678610916,-0.00101375832973162,TTC38,F,0.0311928576838381
chr13,50569769,50570677,909,*,6,0.00137348116608961,0.0214754776561132,0.0254237853704136,0.00758876866444354,-0.0775953635163774,-0.0279537284120931,"TRIM13, MIR3613",F,0.0312828587564965
chr3,100119813,100120349,537,*,5,0.0125899359383213,0.0214954007567095,0.0443542501804293,0.0210882775110463,-0.00613443063495024,0.00178185135937272,"LNP1, TOMM70A",F,0.0312923042588297
chr7,18535232,18535499,268,*,5,0.0177709196475104,0.0214954007567095,0.0410639867571111,0.0162502393064371,-0.0119979303216098,-0.00191703823031137,HDAC9,F,0.0312923042588297
chr4,3516065,3516637,573,*,3,0.0177063920712898,0.0215043673428116,0.0922444368935733,0.0369072018570461,0.0104412420347546,0.00667824558748927,LRPAP1,F,0.0312955745985855
chr16,14013678,14014103,426,*,7,0.00340280075269779,0.0215681419269282,0.0432616946871776,0.00985985098861266,0.0108425708656132,0.00359337831324503,ERCC4,F,0.0313460704132571
chr19,6822454,6822469,16,*,2,0.00477737419518764,0.0215528361604543,0.011878582599305,0.00916187983082448,-0.00848616835539562,-0.00384903213995935,VAV1,F,0.0313460704132571
chr1,16693479,16694269,791,*,7,0.00864443160763792,0.0215627693881586,0.030592074396344,0.0175946809517348,0.0103994561268412,0.0059528969967132,SZRD1,F,0.0313460704132571
chr21,37507199,37507598,400,*,4,0.0137046370392612,0.0215606121838644,0.0392765802095101,0.0270331000181006,-0.00307892204750383,0.000109794072486616,"CBR3, CBR3-AS1",F,0.0313460704132571
chr16,9057781,9058197,417,*,4,0.0171502660340143,0.0215727197067831,0.0677450743902467,0.023571479425938,0.0131933774278869,0.0026204614862159,"RP11-77H9.8, USP7",F,0.0313460704132571
chr1,156182601,156183160,560,*,8,0.0014710595146718,0.0215895639895913,0.0132622057327462,0.0102341532805454,0.0120382144752382,0.00415517181902351,"PMF1-BGLAP, PMF1",F,0.0313607609168829
chr6,146864885,146865487,603,*,4,0.00191175595722922,0.0216534260637969,0.0401514003515824,0.0196199951262654,-0.0272265634027046,-0.0232425436546278,RAB32,F,0.031443718484285
chr3,149768455,149768762,308,*,5,0.00797992822899209,0.0216660849458261,0.0184989268385908,0.0125155043007834,0.0563330480743368,0.00567513527647932,"RP11-167H9.4, RP11-63E16.1, PFN2",F,0.0314522935139377
chr1,43123399,43123793,395,*,4,0.0103699483098523,0.0217088461036545,0.035433841300619,0.0198334837227272,0.0133000165074052,0.00645102506423762,,F,0.031504548552421
chr17,73760363,73761562,1200,*,11,0.000301635301505813,0.0217346763745494,0.0118292036350426,0.00843204121253261,0.0160066705907015,0.00431736678820035,GALK1,F,0.0315125740586165
chr11,19138045,19139135,1091,*,13,0.00127890144258986,0.0217346763745494,0.0269363703698522,0.0118588746071268,0.0228409151885145,0.00578651088734613,ZDHHC13,F,0.0315125740586165
chr6,158652500,158652830,331,*,3,0.0107675394399323,0.0217346763745494,0.012904171888162,0.0106659172463295,0.0107119304113118,0.0063213989264133,,F,0.0315125740586165
chr6,33287809,33290913,3105,*,65,0.000186341643280311,0.0217769899622509,0.0308679671310555,0.00694696534185092,0.0310239538258379,0.00252377148915454,DAXX,F,0.0315150535283413
chr12,113228545,113229319,775,*,3,0.00452216389112013,0.0217721019596221,0.0150152211643914,0.0102789305879538,0.0213272682826033,-0.00110524323197188,RPH3A,F,0.0315150535283413
chr11,536758,536817,60,*,2,0.0132345802024228,0.0217723768318411,0.0693427538383383,0.0303791860402418,-0.00227568509709078,-0.00152941213425527,HRAS,F,0.0315150535283413
chr6,11279656,11279727,72,*,3,0.014748753997979,0.0217723768318411,0.0170074461773376,0.0139288745205218,-0.00867837230432511,-0.0035766538649669,NEDD9,F,0.0315150535283413
chr14,105750534,105750676,143,*,2,0.015789782365369,0.0217635785963484,0.0151519612645855,0.0125668585324842,-0.0238619365988828,-0.0161132033876763,BRF1,F,0.0315150535283413
chr19,12984170,12984645,476,*,2,0.0168871343729934,0.0217769899622509,0.0702315856938526,0.0305018361175399,-0.0189470375467095,-0.0113101639133283,MAST1,F,0.0315150535283413
chr5,1020718,1021202,485,*,3,0.00191175595722922,0.021794876969023,0.015361888762599,0.00973824110821085,0.0289053252388767,0.0136695871887916,NKD2,F,0.0315311407408326
chr10,29890938,29891284,347,*,3,0.000755318994509708,0.0218018259139734,0.00928924739848483,0.00783310190392338,-0.0230827643285473,-0.00716769838062781,"SVIL, MIR938",F,0.0315313985345883
chr8,53627369,53627771,403,*,3,0.0023392661651646,0.0218158440831364,0.0307981195215565,0.0124183453106116,0.0124145640848859,0.00919912471987037,RB1CC1,F,0.0315320874907406
chr1,226012347,226012507,161,*,2,0.0057620372303833,0.0218158440831364,0.0112917818838669,0.00864613084449893,-0.00974869729441552,-0.00458771085677828,EPHX1,F,0.0315320874907406
chr11,43379844,43381076,1233,*,11,0.00199771137115979,0.0218230776506973,0.0223218497266276,0.00952092739770637,-0.018827110367414,0.00352340685653717,"TTC17, RP11-484D2.2",F,0.0315327560097106
chr11,45868030,45869049,1020,*,14,0.00530971880477648,0.0218664714643269,0.0653953869256447,0.026188654981098,0.0121279609493782,0.0016809922670375,CRY2,F,0.0315856568267278
chr6,30655346,30656692,1347,*,19,0.00368206280666212,0.0218994398901833,0.0808491342888465,0.0140117235785795,0.0401383582595441,0.00709296326541251,"PPP1R18, NRM",F,0.0316234702538244
chr5,495102,495305,204,*,3,0.00899972254554785,0.0219303626590595,0.0151696743093965,0.011823512100984,0.00997449201956313,0.00437906741463427,SLC9A3,F,0.0316583071615748
chr13,25254867,25254963,97,*,2,0.0154600684209975,0.0219617589653865,0.0313265949606975,0.0215551416208441,0.00305227085360413,0.000212184024132639,ATP12A,F,0.0316938058573922
chr15,78369834,78370247,414,*,7,0.00130561735556694,0.0220048120567646,0.00870017254474193,0.00859497897599778,0.00971395855893738,0.00336208792311629,"SH2D7, TBC1D2B",F,0.0317415367172092
chr11,68622903,68623521,619,*,3,0.007407726111761,0.0220152809956164,0.0150989021871822,0.012594025214462,-0.0200749335661968,-0.00210877984893067,,F,0.0317415367172092
chr12,56136812,56136943,132,*,2,0.0182297063542987,0.0220128668577631,0.018276633036102,0.0156908564650737,-0.0178664577512721,-0.0051940801269662,,F,0.0317415367172092
chr6,31854251,31854429,179,*,4,0.00968686732680684,0.0220442575431697,0.00962981262093971,0.00749759682198982,-0.00917877290176217,0.000526382967428768,EHMT2,F,0.0317734779877875
chr5,112257968,112258649,682,*,7,0.000963301374092129,0.0221023870320285,0.0353887192432348,0.00903934727444739,0.013936970138671,0.00276461335179374,REEP5,F,0.0317847804883937
chr12,131708081,131708300,220,*,3,0.00119041369901272,0.022070622547492,0.00732068503964798,0.00639142285185924,0.0120628803405,0.000587905506765425,,F,0.0317847804883937
chr17,80372775,80373482,708,*,8,0.00260374133247967,0.0220793928161343,0.0181810914418542,0.016778333495757,-0.0201321500693262,-0.00585295857584178,OGFOD3,F,0.0317847804883937
chr5,114880381,114880796,416,*,7,0.00267372713245447,0.0221023870320285,0.0174033545698363,0.00968138733849169,0.00945030878238817,0.00396835399450714,FEM1C,F,0.0317847804883937
chr15,51057859,51058114,256,*,8,0.00582003575099084,0.0220824207202834,0.0636690456780953,0.011823512100984,0.0175426364473436,0.00775976359680202,SPPL2A,F,0.0317847804883937
chr1,94344135,94344521,387,*,7,0.00664688595791312,0.0220938271280016,0.0357020735471173,0.024131661570774,0.0204677500414832,0.00691166448045811,DNTTIP2,F,0.0317847804883937
chr8,42234243,42234975,733,*,8,0.00775760800942947,0.0220867222425362,0.0508846492661043,0.0131331315223019,-0.0240848690415325,-0.0152598512184063,DKK4,F,0.0317847804883937
chr14,23234972,23236155,1184,*,9,0.00837004490271916,0.0221067004513436,0.0689363384007758,0.0215204853990564,0.0232275212184334,0.00805271428716127,"OXA1L, CTD-2555K7.2",F,0.0317847804883937
chr17,19247837,19248565,729,*,9,0.00111463722271277,0.0221457475909568,0.0473262327833006,0.0120106119646625,0.0214916492351077,0.00269811043087835,"B9D1, MIR1180",F,0.0318310946083598
chr8,86019138,86019863,726,*,13,0.00606019042774581,0.0222175265344996,0.0389111958028446,0.0127245400617175,0.0121183732925276,0.00731843992526149,LRRCC1,F,0.0319145654136844
chr6,84233917,84234250,334,*,6,0.0106986281804549,0.022214337312078,0.0530642613099867,0.0151466659986472,-0.0185039394548906,-0.00584717511607001,PRSS35,F,0.0319145654136844
chr15,75249203,75249890,688,*,8,0.00532973320671313,0.0222350939791226,0.0280579750234899,0.0104970724776317,0.00517485802052485,0.000917983177441386,"SCAMP5, RPP25",F,0.0319299514834333
chr17,17990805,17991639,835,*,8,0.00312112551576124,0.0223678588271659,0.0155885477678169,0.0110808837022267,0.0177836542075973,0.000705664598031206,DRG2,F,0.0321107023915265
chr3,158288680,158289160,481,*,12,0.00191692715854178,0.0224850521308542,0.0319026065658998,0.0109926729307207,0.00953323582198882,-0.00227218662678864,"MLF1, RP11-538P18.2",F,0.0322391895854027
chr1,156561143,156561646,504,*,6,0.00267379549632067,0.0224821490221565,0.0193273898309306,0.00872321598505014,0.0120678355113818,0.00522433057340867,APOA1BP,F,0.0322391895854027
chr2,241498962,241500091,1130,*,4,0.0163743771468839,0.0224821490221565,0.0354542318946161,0.00946721859697852,-0.00859488717563939,-0.00020876926345802,"DUSP28, ANKMY1",F,0.0322391895854027
chr1,100598378,100598753,376,*,8,0.0168427170046507,0.0224821490221565,0.0628550283114741,0.0185301944822634,0.0114769605590464,0.00521297630339954,"TRMT13, SASS6",F,0.0322391895854027
chr1,117112616,117113342,727,*,7,0.00150565759057824,0.0225049378219214,0.0289586653169014,0.00800747390168658,0.0229946198228354,0.0037254641788101,CD58,F,0.0322577702175094
chr7,150026554,150027050,497,*,4,0.0148865772424497,0.0225367752688295,0.0410639867571111,0.0135203133335462,-0.0129142987889014,-0.00622727840336154,"LRRC61, ZBED6CL",F,0.032293465362135
chr4,141294522,141295273,752,*,12,0.00271383177758962,0.0225677189972828,0.036701608450809,0.0128014636095641,0.0130481156298895,0.0064022395370058,"SCOC, RP11-425I13.3",F,0.0323278583113952
chr15,91566346,91566802,457,*,2,7.56176923678253e-05,0.0225903751665816,0.0076574440625293,0.00579813960360115,-0.0185568609496161,-0.0154741557227339,AC068831.10,F,0.0323304785343487
chr11,123524633,123525237,605,*,5,0.00236370200745196,0.0225813470046048,0.0144350480401406,0.011364145037143,0.0138422489911125,0.000379355756973963,SCN3B,F,0.0323304785343487
chr1,45308248,45308976,729,*,5,0.00553491900054628,0.0225876602102182,0.0199634569398129,0.0096322759013786,-0.0103291922911465,-0.00361241977925884,PTCH2,F,0.0323304785343487
chr2,9614471,9614744,274,*,7,0.0145390368851702,0.0226284770849063,0.0370020418150008,0.0158701075338492,-0.00714169155064715,-0.000601088618293386,IAH1,F,0.0323750592271609
chr1,233430241,233430398,158,*,2,0.00794925131144771,0.0226755544695896,0.0127861596266558,0.0100318138589245,-0.0237359344095849,-0.0123675801640077,PCNXL2,F,0.0324324499892134
chr17,26645466,26646884,1419,*,15,0.000869423271348573,0.0227464836730607,0.0441970601829297,0.00755754487862965,0.0100871806322897,0.00336809155527402,TMEM97,F,0.0324939798973754
chr1,3773312,3773958,647,*,10,0.0130464711916019,0.0227464836730607,0.0957539625061719,0.0257734069671807,0.00683227201897345,0.00292732458654725,"DFFB, CEP104",F,0.0324939798973754
chr13,113007441,113007492,52,*,2,0.0138509019811665,0.0227464836730607,0.012661351294585,0.0098609130203062,0.0169114495769986,0.00647243436856559,,F,0.0324939798973754
chr12,58166298,58166652,355,*,5,0.0182160178038527,0.022737958473713,0.0381227459840608,0.0229958757663183,0.00506185975003129,0.00171806354881204,"METTL21B, METTL1",F,0.0324939798973754
chr11,1410385,1411020,636,*,5,0.00211665057484893,0.0227684880154381,0.0256862154799317,0.00933315128846005,-0.0123563070992222,-0.0046457163252628,,F,0.0325075028576048
chr4,140216885,140217312,428,*,7,0.0166524357754311,0.0227699107411438,0.0206133470325118,0.0146990034168759,0.0307838038007223,0.00962735804640375,NDUFC1,F,0.0325075028576048
chr6,25137864,25138632,769,*,5,4.64111966219343e-06,0.0228179886958165,0.007812197136308,0.00247098116637069,-0.0308824208997849,0.00183366984182909,CMAHP,F,0.0325462092975244
chr19,36869860,36870265,406,*,6,0.0123666552026257,0.0228179886958165,0.0675044692701446,0.0167467243039617,-0.012346450043988,-0.00112721773197427,"ZFP14, CTD-3162L10.4",F,0.0325462092975244
chr7,66385241,66385256,16,*,2,0.0189937640844918,0.0228179886958165,0.038408755165727,0.0246512627231472,-0.0210112281822537,-0.0201573250692128,,F,0.0325462092975244
chr19,3879687,3879858,172,*,3,0.000513478292769776,0.0228670653718479,0.00701917363471232,0.00623723034917562,0.0315169604193659,0.0116893701656296,,F,0.0326061641924753
chr20,60586720,60587364,645,*,3,0.0151562031521376,0.0228740258571649,0.0156777089105834,0.011364145037143,0.0148103278907832,0.00615271761034172,TAF4,F,0.0326061641924753
chr6,26250347,26250936,590,*,7,0.00924715623573818,0.0229025769071493,0.0188742798376472,0.0121110186122205,0.0125749097049919,0.00646099554098516,HIST1H3F,F,0.0326368729059345
chr19,12991665,12992867,1203,*,13,0.000159765642803477,0.0230249370832748,0.0316731668408091,0.00469302708207534,-0.0287486814527554,-0.000552814048764609,"CTD-2265O21.7, DNASE2",F,0.032706998306635
chr7,92461971,92462981,1011,*,5,0.000349912873390735,0.0229790702840995,0.0122288066893415,0.00815574496825358,0.00860145927767696,0.00148088768632175,CDK6,F,0.032706998306635
chr2,200819113,200820956,1844,*,17,0.0020989021292913,0.0230203503098195,0.0617907297041033,0.00988310619119276,0.0207243192116803,0.00448721198280274,"C2orf69, C2orf47, TYW5",F,0.032706998306635
chr11,69633659,69634709,1051,*,14,0.00358086553416165,0.0230208203839636,0.0729169618226984,0.0154619015758972,-0.0181798117574775,-0.00490912104649767,FGF3,F,0.032706998306635
chr14,74111075,74111894,820,*,9,0.00369360911406096,0.0230290417538021,0.0235631985872337,0.011364145037143,-0.0287670514839254,0.00291348937473762,DNAL1,F,0.032706998306635
chr12,131749965,131750193,229,*,3,0.00908087452879435,0.0230249370832748,0.0129853447435716,0.0111207115103112,0.024418059554617,0.0122686202556374,,F,0.032706998306635
chr10,131640006,131640303,298,*,3,0.0116388964388591,0.0229790702840995,0.0629246639148937,0.0271975896850756,0.0111851904929832,-0.00104551460229448,EBF3,F,0.032706998306635
chr7,158220708,158221401,694,*,7,0.0117045550236328,0.0230208203839636,0.0307086937552812,0.0201956384590026,-0.0381649669417099,-0.0074109146106181,PTPRN2,F,0.032706998306635
chr19,1992866,1993100,235,*,4,0.0184911217226826,0.0230123351110542,0.0468486200187632,0.013086786270304,0.0154641742791396,0.00439756693230733,BTBD2,F,0.032706998306635
chr2,55845619,55845736,118,*,3,0.0185580641043471,0.0229981009044438,0.0621398599041968,0.0294031847192626,0.0282667319927299,0.026590938236875,SMEK2,F,0.032706998306635
chr18,60384370,60384542,173,*,2,0.0187510500939908,0.0229965599286163,0.0707678585290618,0.0320013617613314,-0.00880498943658931,-0.000883357063812346,PHLPP1,F,0.032706998306635
chr8,110346293,110347022,730,*,10,0.00547813668138584,0.0230908638889698,0.0549730606016321,0.011399768453525,0.0320535966295989,0.00713802366706894,"ENY2, NUDCD1",F,0.0327848027838209
chr4,3442962,3443025,64,*,2,0.0131713177281288,0.023116691764928,0.0645663197905361,0.0311669898962546,0.01185116099915,0.00733550221897661,,F,0.0328114701460743
chr12,105096609,105096644,36,*,2,0.0125866080226255,0.023151707482388,0.0143225508533281,0.0119909959675256,-0.0100714706794579,-0.00720730102529121,CHST11,F,0.0328411519176
chr14,101508789,101508916,128,*,2,0.0163743771468839,0.0231480742319417,0.0173960259202392,0.0155569572125071,-0.0294846638248671,-0.0198846135488729,,F,0.0328411519176
chr17,37558343,37558857,515,*,4,0.00312239939816812,0.0231645482784426,0.0132622057327462,0.012162995690333,0.00943758443964002,0.00150227285897348,"CTB-131K11.1, FBXL20",F,0.0328477582765786
chr9,132387471,132387805,335,*,2,0.00758756292217796,0.0231704715350141,0.0154062234045435,0.0133391191172412,-0.0244873042976259,-0.0129061838510841,NTMT1,F,0.0328477582765786
chr5,169010289,169011174,886,*,10,0.00482948287856481,0.02320695707417,0.0525056495674465,0.0119909959675256,0.0204764463616703,0.00708634546222159,SPDL1,F,0.0328694644447719
chr4,183063194,183063637,444,*,5,0.00520324997163098,0.02320695707417,0.0263466988893585,0.00919943623564846,0.00586596723590566,0.001356804440842,AC108142.1,F,0.0328694644447719
chr2,9143142,9143163,22,*,2,0.0143678939146243,0.0232050055924595,0.0274366220283656,0.0207003360219644,0.00175607198680831,0.000239979243228328,MBOAT2,F,0.0328694644447719
chr7,72993507,72993765,259,*,4,0.0144523482217254,0.0232264082614551,0.0484500318816088,0.0194249269082417,0.0112242059861122,0.00616689099906406,,F,0.0328870122449366
chr16,30933467,30933937,471,*,2,0.00525681842482823,0.0232526406406838,0.0237940377359679,0.0190823501721244,0.00752291845959548,0.00595409914987427,FBXL19-AS1,F,0.0329141481652476
chr16,70380558,70381052,495,*,7,0.000258658549998416,0.0233203739119393,0.0119723230417084,0.00611093917703504,0.0137927945420836,0.00736835226194392,"RP11-529K1.3, DDX19A, RP11-529K1.2",F,0.0329999943202375
chr20,45279830,45280414,585,*,7,0.00821812301652794,0.0233617303743826,0.0284818788720041,0.0119514882292743,-0.0214695977882953,-0.00375338565530848,SLC13A3,F,0.033048474590978
chr1,92545650,92546479,830,*,10,0.00268817893134164,0.0233967822547485,0.0661561091697485,0.0136685376583048,0.025478154114473,0.00837781691291357,BTBD8,F,0.0330779644688414
chr11,47470633,47470900,268,*,8,0.0127514134653319,0.0233967822547485,0.0718450127933991,0.0172996050491358,0.0166828974713776,0.00503860619519275,RAPSN,F,0.0330779644688414
chr4,122853963,122855067,1105,*,8,0.00128751891282024,0.0234576732056307,0.0421482763277684,0.0129794649934201,-0.0243786357243234,-0.0119515310274554,TRPC3,F,0.0331439272204558
chr15,83418952,83419719,768,*,6,0.00461422165965128,0.0234576732056307,0.0385104337123363,0.010842277294323,0.0203294830129293,0.0068479174720038,"RP11-752G15.8, RP11-752G15.6",F,0.0331439272204558
chr17,48277799,48278086,288,*,2,0.00852151355041542,0.023509619298876,0.0162028376627624,0.0145335960685302,0.0129082364012834,0.00840902689272607,COL1A1,F,0.0332072481270444
chr6,30302509,30303645,1137,*,9,0.000279199372165812,0.0236127848968912,0.0172120176040958,0.00856357535267817,-0.0774670453438391,-0.0176618928524945,"TRIM39, TRIM39-RPP21",F,0.0333125535488707
chr18,72265663,72266155,493,*,3,0.00174914823803687,0.0236100477319993,0.0140446903998739,0.0102294937488457,0.0119162602943461,0.00561151898230268,"ZNF407, LINC00909",F,0.0333125535488707
chr1,111024858,111025075,218,*,2,0.0100225590208877,0.0236100477319993,0.0132622057327462,0.0107950124315111,0.0172595876454166,0.00237029462664473,CYMP,F,0.0333125535488707
chr17,37008959,37009198,240,*,2,0.0129155836786508,0.0236127848968912,0.0710950383487055,0.0328206684545665,0.0252794915484179,0.021623895653188,"RPL23, SNORA21",F,0.0333125535488707
chr11,118986793,118987153,361,*,3,0.00962905153838668,0.023657575009242,0.0335448385547227,0.0139837619728222,-0.0725104203205075,-0.0377286807019335,C2CD2L,F,0.0333555333993461
chr11,88070661,88071458,798,*,11,0.0138057307990287,0.0236565456164211,0.0646232040258038,0.0204760371646912,0.0230549296036478,0.00511700686374211,CTSC,F,0.0333555333993461
chr14,76843657,76843980,324,*,2,0.00366878308679078,0.0236963472392219,0.0131961570945224,0.0106318013135446,0.00599810913497902,0.00413235571262426,ESRRB,F,0.0333899815712728
chr3,25831282,25831834,553,*,6,0.0040777796119423,0.0236928313102457,0.0253499183854064,0.00936282008057866,0.0177637190968835,0.00758478038439982,"OXSM, NGLY1",F,0.0333899815712728
chr21,44592374,44592883,510,*,3,0.00475223905629187,0.0237241307768051,0.0188198151436125,0.00989547238117586,0.023501156338556,0.0131762241717532,CRYAA,F,0.0334089135251229
chr7,157211098,157211777,680,*,6,0.0134715699056804,0.0237241307768051,0.0371967660905692,0.0175870258490136,-0.0157120476685955,-0.003156576858865,,F,0.0334089135251229
chr1,210110998,210111162,165,*,5,0.0105168345547541,0.0237683754312258,0.0439829138939201,0.0116474867718312,0.0164029824609186,0.00803874683401095,,F,0.0334611016877928
chr3,37218771,37219077,307,*,2,0.00487087163430706,0.0237972648728251,0.016007784063678,0.0143578394484824,0.0131915116424741,0.00382968513020097,LRRFIP2,F,0.0334916477826371
chr1,113161296,113161863,568,*,6,0.000127502659588591,0.0238135895172567,0.00944701868847725,0.00898159051911905,0.0174090155717472,0.00739698852772714,"CAPZA1, ST7L",F,0.0335044973963337
chr17,41856489,41856855,367,*,8,0.00936102644861638,0.0238423197297884,0.0456330480537975,0.0164933162820063,0.0141600395084114,0.00483458612367622,,F,0.0335347879739126
chr10,112404346,112404997,652,*,8,0.000542365029846506,0.0238977858545424,0.01570133543363,0.00783310190392338,-0.012033308108352,-0.00468898093918916,RBM20,F,0.0336015318449008
chr20,52493220,52493238,19,*,2,0.0196248445094253,0.023904203350259,0.0150218913143908,0.0128738590501508,0.024127059558072,0.0103662432520226,,F,0.0336015318449008
chr11,67033594,67033801,208,*,5,0.00755785185215841,0.0239161585135569,0.0267040474093394,0.0118992460682407,0.0112166234913412,0.00418210824204465,,F,0.0336081925762326
chr17,73513132,73513338,207,*,2,0.010340690094868,0.0239953639453524,0.0374255979130917,0.0252227675564497,0.0103653213108359,0.00564451385559802,TSEN54,F,0.0337093242514348
chr6,125622976,125623058,83,*,3,0.0152755532557756,0.0240331618628545,0.0123693623328878,0.0105761036399962,0.00586423954624084,0.00560243165690499,HDDC2,F,0.0337420665647614
chr17,26733294,26733583,290,*,6,0.0178275403620895,0.0240298864615119,0.0662248636652275,0.0216658291772795,-0.0173124851573033,-0.00114334815104917,"CTD-2350C19.2, SLC46A1",F,0.0337420665647614
chr1,151030968,151030981,14,*,2,0.0164714362430977,0.0240551025118136,0.0227442706889923,0.0188970788351878,0.00381954660974188,0.00345795597081698,"MLLT11, CDC42SE1",F,0.0337626921029282
chr6,89855447,89855994,548,*,8,0.00710980543522453,0.0240627392305961,0.0175419560542497,0.0164937896342201,0.0212732576555366,0.00506249899665937,PM20D2,F,0.0337632348890889
chr17,73851399,73852271,873,*,11,0.00730519488365668,0.0240874122333099,0.0806405335135142,0.0184502433063751,0.0167128275878082,0.00688608445846257,WBP2,F,0.0337673325618676
chr8,33456955,33457822,868,*,9,0.00743812531772723,0.0240874122333099,0.0144319363493302,0.0137550822086008,0.0195365356162218,-0.00111081028483488,DUSP26,F,0.0337673325618676
chr6,169091848,169091863,16,*,2,0.00926341140719461,0.0240788744324896,0.0175858268424794,0.0159862042866039,-0.00362969462750284,-0.00210283353063051,,F,0.0337673325618676
chr5,146460987,146461855,869,*,5,0.00378316832212809,0.0241139332196846,0.0324859152275954,0.00827531712782628,-0.0227884709797028,-0.00657621032578386,PPP2R2B,F,0.0337943385507287
chr3,195491863,195491945,83,*,3,0.0022130253047755,0.0241729517858428,0.0155505088259558,0.00658214414740667,0.0169681517397988,0.00828558702039521,MUC4,F,0.0338566726215549
chr1,164528441,164529170,730,*,7,0.00475426187787184,0.0241729517858428,0.0238927963944469,0.0108398303551262,0.0172214901649108,0.00492728024514275,PBX1,F,0.0338566726215549
chr6,32015083,32015737,655,*,11,0.00409294532993302,0.0241809947203891,0.0174867542030648,0.0152474168667886,0.0186229218699006,0.00983707308928613,TNXB,F,0.0338577547843812
chr5,1807188,1807759,572,*,6,3.40741730724193e-05,0.0242048553028281,0.010788009016712,0.00622782222379648,-0.0439019762653487,-0.00905452241820858,NDUFS6,F,0.0338660242026501
chr6,159064992,159065402,411,*,5,0.00366918716042211,0.0241963182860085,0.0132741200564817,0.0112622373673243,0.0116606611867117,0.00684498979122568,DYNLT1,F,0.0338660242026501
chr1,32479956,32480239,284,*,3,0.0180452780067771,0.024208716892983,0.0419136344187371,0.0211938989401911,0.017324881120126,0.00590597695025338,KHDRBS1,F,0.0338660242026501
chr1,15478618,15479474,857,*,11,0.00208145199334049,0.0242455291061202,0.0197079777070428,0.00993226011380168,-0.0118414291703957,0.00233968443761519,"TMEM51, TMEM51-AS1",F,0.0338768163958002
chr16,968682,969468,787,*,5,0.0086084124236409,0.0242417969742421,0.0293895646220935,0.0225191629336014,0.0248097306513051,0.0002778482047612,LMF1,F,0.0338768163958002
chr2,137523644,137523892,249,*,2,0.0130148658403496,0.0242307928470137,0.0161465672902337,0.0146384544803705,0.00644964388337618,0.00548398303415397,THSD7B,F,0.0338768163958002
chr5,140430875,140431149,275,*,5,0.0168646176305938,0.0242417969742421,0.0624350023672124,0.0167063798482135,0.0266220675066152,0.00871753707760468,PCDHB1,F,0.0338768163958002
chr1,39957129,39957400,272,*,8,0.0145932005694779,0.0243045087348471,0.0486370976471382,0.0248594715378749,-0.0148264713652681,-0.000390803850306321,BMP8A,F,0.0339490393455858
chr2,7005923,7006627,705,*,8,0.0117253691633883,0.0243837497012739,0.0525825913186651,0.0444196310910216,-0.0211465070591516,-0.00538297225340204,"RSAD2, CMPK2",F,0.034039305263439
chr2,178976295,178976361,67,*,2,0.0191527297284578,0.0243807623204907,0.0240393673153653,0.0197318195643138,-0.013291773687476,-0.0119036365962508,,F,0.034039305263439
chr12,132892417,132892613,197,*,2,0.00478223266627781,0.0243912275351589,0.0128171077435999,0.0102341532805454,0.0120885292406303,0.0110632213192938,GALNT9,F,0.0340395404948262
chr6,41554529,41554543,15,*,2,0.00891303517542375,0.0244082238003332,0.0130007372934998,0.0105407057026871,-0.0197618326717084,-0.00793591590004161,FOXP4,F,0.0340530551941737
chr6,30851753,30854233,2481,*,34,0.00439560812747521,0.0244267020601558,0.074606397946472,0.0116502991678991,0.0447504460419526,0.00980474966456675,DDR1,F,0.0340686287793188
chr2,220042096,220042941,846,*,10,0.00398013665188765,0.0244580195757363,0.0404763720266944,0.0177630246597553,0.0180375366804614,0.00467101426021656,"FAM134A, CNPPD1",F,0.0341020949593424
chr10,134661502,134662206,705,*,5,0.000338818556086175,0.0244988663136718,0.00689268899370422,0.00652861958053431,0.0381841300671902,0.0162968680615961,TTC40,F,0.0341181879254694
chr2,28112817,28113747,931,*,13,0.000480059360355345,0.0244988663136718,0.0226389345305883,0.010842277294323,0.0170001978304083,0.00458225582950905,"MRPL33, BRE, RBKS",F,0.0341181879254694
chr2,193059230,193059717,488,*,4,0.00295286110313426,0.0244988663136718,0.0186050341334582,0.010823060223262,-0.0159447886908286,-0.00551290613143646,TMEFF2,F,0.0341181879254694
chr13,33002388,33002597,210,*,6,0.019935246595976,0.0244856597443636,0.144353201998279,0.0556575221250381,0.0261422960032021,0.010936285559106,RP11-298P3.4,F,0.0341181879254694
chr3,32543926,32544699,774,*,8,3.5595767121173e-05,0.0246010559722932,0.00689268899370422,0.00615213519039912,0.0146483708523904,0.00743492460478545,CMTM6,F,0.0341481721797226
chr22,27053195,27053934,740,*,15,0.000367484205949409,0.0245368328788925,0.0118564782534789,0.00867037315374507,0.00711120520299237,0.000982593880842231,MIAT,F,0.0341481721797226
chr11,120983418,120983944,527,*,4,0.0024383526354778,0.024573987219157,0.0118564782534789,0.0090418947780804,0.00959265383141927,0.00325348314102827,TECTA,F,0.0341481721797226
chr3,116163694,116164576,883,*,8,0.00381533015764509,0.0245749784110586,0.0256587021715768,0.00879891731653114,-0.0144964873470002,-0.00820106680870396,LSAMP,F,0.0341481721797226
chr6,139695356,139697121,1766,*,22,0.00685473783588737,0.024598605436298,0.0803615104954722,0.0135203133335462,0.0107517076296007,0.00314079988190317,CITED2,F,0.0341481721797226
chr11,64107158,64107720,563,*,5,0.00773858097752787,0.0245613428955369,0.0430322169972,0.0176358631945876,0.0521373608313262,0.0223483885774056,CCDC88B,F,0.0341481721797226
chr11,5640318,5640527,210,*,2,0.00939903551491832,0.0246010559722932,0.0138104127472649,0.0112975243823759,-0.0387457821204655,-0.0204477249153309,"TRIM6-TRIM34, HBG2, AC015691.13",F,0.0341481721797226
chr10,97514120,97514275,156,*,2,0.0161183285711994,0.0245613428955369,0.0519269580758881,0.0299739710915376,-0.014440205464982,-0.0101290564994697,"ENTPD1, ENTPD1-AS1",F,0.0341481721797226
chr20,1373873,1374086,214,*,4,0.0171337792552161,0.0245749784110586,0.0380789953506639,0.0143889722120684,-0.0198444626574566,-0.00677818137882383,,F,0.0341481721797226
chr8,145747659,145747746,88,*,3,0.0173156975830025,0.024598605436298,0.0256336505602482,0.0114714536802852,0.0141166291816947,0.00631803360002468,LRRC14,F,0.0341481721797226
chr22,18632997,18633123,127,*,2,0.0177003406652298,0.0245749784110586,0.0700307571454623,0.0337912820580762,0.0231787570922577,0.0167215815757366,USP18,F,0.0341481721797226
chr8,90913896,90914592,697,*,6,0.00609706551909077,0.0246180334905385,0.0166805746979914,0.0109926729307207,-0.0322912918806657,-0.00363695203601049,OSGIN2,F,0.0341615560087717
chr7,129781429,129781681,253,*,3,0.00584853258592634,0.0246328770917755,0.012628069054905,0.0100039946964943,-0.0353400868612272,-0.0210384011701325,RP11-775D22.2,F,0.0341715837046642
chr10,3862735,3862796,62,*,2,0.00918706273662001,0.0246472728503257,0.0132162446268132,0.0107259239364166,-0.00835895362540506,-0.00609726429893975,,F,0.0341715837046642
chr1,70820063,70820790,728,*,12,0.00985556797799836,0.0246456427833143,0.0737709429627749,0.0157065615679591,0.0089263302796887,0.00469150781091742,"HHLA3, ANKRD13C",F,0.0341715837046642
chr1,27675934,27676205,272,*,2,0.00927532969193487,0.0247423663880146,0.0591861109870892,0.0319047724782981,-0.0113857021779925,-0.00377009947611529,SYTL1,F,0.0342932143657691
chr9,72873345,72874251,907,*,5,1.69949358269851e-06,0.0247968590839047,0.00190316084991784,0.00182453606141666,0.0202214481792457,0.00979816424277251,"SMC5, SMC5-AS1",F,0.0343307214199627
chr13,46425508,46426263,756,*,11,0.00689949025354424,0.0247982014760364,0.079802721580533,0.0162293026915738,-0.0195758382953433,-0.00713450833314838,SIAH3,F,0.0343307214199627
chr11,64108790,64109158,369,*,4,0.0106807974876903,0.0247989149359576,0.0544732111887022,0.0158398244174095,-0.0465781446779869,-0.0256164011627701,CCDC88B,F,0.0343307214199627
chr10,99258496,99258985,490,*,8,0.014039962706881,0.0247989149359576,0.092492312783916,0.0405798771497351,0.00793062672187893,0.00250660520185676,"UBTD1, MMS19",F,0.0343307214199627
chr20,60966991,60967344,354,*,2,0.00171162687671273,0.0248113983624071,0.0104091426079931,0.00800747390168658,0.0116647126268491,0.00653196145217477,CABLES2,F,0.0343377955939762
chr19,15343235,15343786,552,*,6,0.00581848609334963,0.0248224197532819,0.0296533152309931,0.0180366749689544,-0.0131211253960681,-0.00402659838390269,EPHX3,F,0.0343428427780848
chr1,39339048,39339553,506,*,9,0.0100537304649151,0.0248644747745983,0.0303936191680438,0.0225937279425666,0.00825385400527167,0.00294104695081445,"RP5-864K19.4, MYCBP, GJA9",F,0.0343908105213259
chr7,20834283,20834362,80,*,2,0.00826031898964051,0.0248726915443468,0.015361888762599,0.0136912468394795,0.0158443788665145,0.00709239051085989,,F,0.0343919609625959
chr1,150946674,150947589,916,*,7,0.000941354230287591,0.0249524320115802,0.0244791105998982,0.00843204121253261,0.00734323412633198,0.0030583331784536,"RP11-316M1.3, CERS2",F,0.0344102682493126
chr12,63025490,63025948,459,*,5,0.00204468071431613,0.0249524320115802,0.0127717014422968,0.00920604836129064,-0.035664854732051,-0.0117283162530443,,F,0.0344102682493126
chr17,42200988,42201844,857,*,12,0.00269653680226197,0.0249230292209437,0.0138398119840854,0.0120912256822906,0.0131741813055783,0.00494213014408349,HDAC5,F,0.0344102682493126
chr3,154796701,154798079,1379,*,17,0.00320288292026127,0.0249524320115802,0.0298838961904465,0.0101898679864383,-0.0296245864919013,-0.00382700844242416,MME,F,0.0344102682493126
chr5,131408121,131408382,262,*,3,0.0035868869667228,0.0249040898184802,0.0197843804811583,0.00936548967401922,0.0127554490965119,-1.23725927993658e-05,,F,0.0344102682493126
chr2,63277672,63278831,1160,*,16,0.00518744443640688,0.024920742543168,0.0324859152275954,0.0250305262554546,0.0149349981360116,0.00466611013819811,OTX1,F,0.0344102682493126
chr2,70056267,70056711,445,*,9,0.0064580441103327,0.0249524320115802,0.0256887899797417,0.0198983829309128,-0.0162457124662909,0.000936182159744845,,F,0.0344102682493126
chr20,21695334,21695773,440,*,3,0.00864188644161622,0.0249455444521567,0.0167900635184153,0.0129466117228509,-0.0166492949152708,-0.00703978376681671,PAX1,F,0.0344102682493126
chr11,75525637,75526289,653,*,11,0.0128247652633879,0.0249524320115802,0.0501179667444509,0.0255490654832548,0.013600174499454,0.00630465626856807,"UVRAG, RP11-535A19.2",F,0.0344102682493126
chr3,47323868,47324909,1042,*,16,0.000361644005648242,0.0249675532269984,0.0116941661509395,0.00942007424818736,0.0143387198077338,0.00336755191823663,"KLHL18, KIF9",F,0.0344209281758826
chr8,128746395,128748481,2087,*,28,2.47404003291096e-05,0.0250161902191626,0.00864787756341542,0.00527004844892413,0.0363706104214916,0.00836818269560525,MYC,F,0.0344471903757068
chr17,58212421,58212962,542,*,4,0.000169879922416929,0.0250081284521941,0.0136441385691954,0.00635006363909465,-0.0150819711074746,-0.00109867221728904,CTD-2319I12.4,F,0.0344471903757068
chr15,65186032,65186445,414,*,3,0.00497825937629447,0.025010376077922,0.0127861596266558,0.00995234859251485,0.00605218884583673,0.0032025231816201,AC069368.3,F,0.0344471903757068
chr6,31860192,31860763,572,*,14,0.0123966282920308,0.0250027938949354,0.0680311228087368,0.0229657430343467,-0.0218006836696895,-0.00697384863638441,EHMT2,F,0.0344471903757068
chr12,7261691,7262137,447,*,11,0.00608603884695946,0.0250387313858022,0.0422614973291594,0.0119514882292743,-0.0283805110083133,0.00265385222445679,"C1RL-AS1, C1RL",F,0.0344578522646812
chr11,66247464,66248366,903,*,8,0.0119532609112201,0.0250387313858022,0.0879107776978388,0.0199195489740034,0.0218167513737153,0.00355689667290621,"DPP3, CTD-3074O7.5",F,0.0344578522646812
chr4,128553669,128554168,500,*,9,0.00520030217779545,0.025061218110136,0.0571329869081649,0.0127928023260679,-0.0178761059412972,8.05904117920096e-05,INTU,F,0.0344786093763378
chr4,183370059,183370703,645,*,7,0.0107540055763809,0.0251982384364858,0.05286515789048,0.0316614533080805,-0.00969778030620095,-0.00508082111283893,TENM3,F,0.0346568802122606
chr8,11759663,11760342,680,*,7,0.00908829121388547,0.0252538989443977,0.0428991392951536,0.0165841962824875,-0.0152180574330484,-0.00488270917617697,,F,0.03469245055577
chr1,46914023,46914672,650,*,4,0.0130754114819414,0.0252521316616491,0.0161368347769002,0.0102704283822896,-0.0191484819487914,-0.0112014284221763,RP5-1109J22.2,F,0.03469245055577
chr17,48171802,48172203,402,*,7,0.0132649665288302,0.0252521316616491,0.0304124606119494,0.0205060442949622,-0.0182643475045875,0.00276263457021573,PDK2,F,0.03469245055577
chr1,53662243,53662423,181,*,2,0.0154538139005683,0.0252521316616491,0.0163456611616499,0.0152278651101182,0.0220191609210819,0.0157742753513196,CPT2,F,0.03469245055577
chr6,109760819,109760831,13,*,2,0.0113273785536546,0.0252923950773225,0.0164599864271692,0.0153656362559035,-0.0161938204235158,-0.0130295398159078,PPIL6,F,0.0347248478405339
chr1,182573453,182573989,537,*,10,0.0152053362331104,0.0252879226506721,0.0506817876997298,0.0274218500521731,0.0269920417610333,0.00596268873459023,RGS16,F,0.0347248478405339
chr19,9938554,9938857,304,*,4,0.00623320554022163,0.0253054947887506,0.0221127204054053,0.0110931244617454,0.0123227821698875,0.00726091007573323,UBL5,F,0.0347325933484266
chr17,79829883,79830134,252,*,3,0.0149367647177406,0.0253396165732113,0.054274452578767,0.0271417492853418,0.00558825978748528,0.00285390127222055,,F,0.0347691792520462
chr1,35324574,35326118,1545,*,17,0.00216374788403977,0.025419002379303,0.02046028837664,0.00941214203351524,0.0228876165481426,0.0061184496476419,SMIM12,F,0.0348678333079276
chr19,7599072,7600102,1031,*,11,0.000659428233833396,0.0254377164073719,0.0132622057327462,0.0133113940647343,0.0181973756146049,0.00613222308478407,"CTD-2207O23.10, PNPLA6",F,0.0348832288896145
chr6,56954677,56954784,108,*,4,0.0136645667949509,0.0254743360025818,0.0188198151436125,0.0106587212876223,0.0125343314313756,0.00372166287554341,ZNF451,F,0.0349231624268541
chr11,2293048,2293641,594,*,17,0.00953518017734206,0.0255337600620591,0.138436061782263,0.0428558545348501,-0.012225701369236,0.000298689931024538,,F,0.034994326253387
chr12,53715297,53715787,491,*,9,0.0105518108867285,0.0255523664926769,0.0718842916826626,0.0253078495354386,0.0137752113607421,0.00634237314626315,AAAS,F,0.0350095236117671
chr6,31047558,31047822,265,*,9,0.00665505841022878,0.0256242971907752,0.0216989023542613,0.0145501526881707,0.00894736960588026,0.00298134272924076,,F,0.0350977505933648
chr7,77165728,77166225,498,*,4,2.52523061349528e-05,0.0257470360932652,0.007812197136308,0.00431863681132514,0.0164565945969016,0.00590362766348856,,F,0.0352244262885828
chr5,114632168,114632793,626,*,8,0.000435679658712549,0.0257374013605391,0.0197907353621208,0.00716631653849727,0.0271823433881153,0.011711057026927,CCDC112,F,0.0352244262885828
chr1,28099550,28100114,565,*,7,0.0162544793776246,0.0257470360932652,0.0943218861266925,0.0487276632354214,0.00644149190960787,0.00267017207873276,STX12,F,0.0352244262885828
chr10,35931892,35932219,328,*,3,0.0166308384043104,0.0257408269760483,0.0675716917761764,0.0380144727608515,0.00599846723094354,0.000914750889101731,,F,0.0352244262885828
chr19,55791408,55792075,668,*,10,0.000266017741449317,0.0257674988432495,0.0149480756062303,0.00697354036798044,-0.0190399599223557,0.00201741960042174,HSPBP1,F,0.0352398624180901
chr7,100800362,100800736,375,*,2,0.00202144722889799,0.0257734531664193,0.0114716453274007,0.00896869225465428,-0.0141138720999772,-0.00937067941708569,AP1S1,F,0.0352398624180901
chr5,176024005,176024225,221,*,2,0.00106309170594691,0.0257837297995605,0.010286402887336,0.00798000025682138,-0.0082680615797074,-0.0065658148307081,GPRIN1,F,0.0352435660923256
chr8,86132422,86133288,867,*,12,0.000371076092099771,0.0257989439693764,0.0281977021298872,0.00811241952204769,0.0197028977733142,0.00534036262477422,"CA13, C8orf59",F,0.0352540146905475
chr5,172482723,172483751,1029,*,12,0.00171861247876017,0.0258758380977913,0.0145221347806019,0.0110563783695002,0.0363937993128804,0.00575907828618398,CREBRF,F,0.0353438566866483
chr4,26585218,26585760,543,*,10,0.00627420315048909,0.0258802857416877,0.0497695899801474,0.0122608590118507,0.0177928298766404,0.00796819609989121,TBC1D19,F,0.0353438566866483
chr16,58232150,58232216,67,*,3,0.0080751593524411,0.0258874586983374,0.0368817386939587,0.0164316236135304,0.0129628685159575,0.00991334739776471,RP11-459F6.1,F,0.0353438566866483
chr2,219536449,219537140,692,*,11,0.0101520299708045,0.0259262763046731,0.12070950531839,0.0240457821258076,-0.0129175512052894,0.00187808537596119,"STK36, RNF25",F,0.0353864797042387
chr22,17591807,17592017,211,*,2,0.0112923749441625,0.0259916740402259,0.0136031653872801,0.0112313951149988,-0.031331640992769,-0.0146091068137951,IL17RA,F,0.035465346031448
chr11,124056244,124056323,80,*,2,0.0168691817474924,0.0260547482845306,0.0199162823520126,0.0181450160362663,-0.0104144423287984,-0.00702334068853094,OR10D3,F,0.0355409967079844
chr13,99158698,99158901,204,*,3,0.00631749171012358,0.0260853026573528,0.0129337919935356,0.0109050837608241,-0.0121545530684504,-0.002902958489254,STK24,F,0.0355722560688995
chr2,232572668,232573146,479,*,4,0.000510520426757448,0.0261386834866901,0.0169152684412999,0.00656200466356072,0.00843377259327019,0.00285975902099808,PTMA,F,0.035613765066564
chr8,145162300,145162592,293,*,4,0.00311582353240653,0.0261386834866901,0.0109661448276533,0.0101904691016853,0.0108983051371769,0.0019570664596682,"MAF1, SHARPIN",F,0.035613765066564
chr1,229479015,229479087,73,*,2,0.019139986862758,0.0261386834866901,0.0159697524891946,0.0149218845874985,0.0127308541266253,0.00775044536336056,CCSAP,F,0.035613765066564
chr3,112934087,112934149,63,*,2,0.00551744210939395,0.0261641928653679,0.012904171888162,0.010485967841495,-0.0133668534628283,-0.0127500914209989,BOC,F,0.0356380948154485
chr6,168859941,168859997,57,*,3,0.00531463312232993,0.0261761548055786,0.0118198039272582,0.00904917839842127,0.0153927556737753,0.0056361159937622,SMOC2,F,0.0356439628449063
chr5,1491377,1491600,224,*,5,0.0148377427734688,0.0262266734047493,0.0569805577171196,0.0157543764190848,0.0304758921334788,0.00689973801144235,LPCAT1,F,0.0357023145413381
chr8,6484293,6484687,395,*,4,0.00907505031821095,0.0263107574224861,0.0165570388864822,0.0131142702034445,-0.0156714860857524,-0.010950230900556,"MCPH1, CTD-2541M15.1",F,0.0358063113140029
chr15,25338790,25339012,223,*,2,0.00551883579031775,0.0263518165490031,0.0132462423980818,0.0108329192944303,-0.0155167895691735,-0.0124758711473978,SNHG14,F,0.0358517118517988
chr5,161494274,161495049,776,*,10,0.00431061554707805,0.0264449688516348,0.0378449990785622,0.0119790112144666,0.0271848749539723,0.00328162726098859,GABRG2,F,0.0359678143069683
chr11,720454,720859,406,*,3,0.0141473580800093,0.0264526012457304,0.0157654572139537,0.0135650625908931,0.00787000956936956,0.00282458373987859,"EPS8L2, AP006621.9",F,0.0359678143069683
chr7,3026309,3026459,151,*,3,0.00956423102830193,0.0264822015522237,0.0176622782425285,0.00992777769568335,-0.0114148190319809,-0.00184072550348476,CARD11,F,0.0359975518472579
chr22,27016806,27017201,396,*,3,0.00603644710939267,0.0265120960202864,0.0260830760127659,0.0194652749770315,-0.00940631130563641,-0.00320448078716836,,F,0.0360276717731175
chr16,1515536,1516140,605,*,3,0.00687514323514611,0.0266007404764865,0.0164263937839211,0.0172775159633245,0.00844853591745254,0.00350608607678438,CLCN7,F,0.0361270482353449
chr1,6445632,6446095,464,*,4,0.0147505233343681,0.0265938438893395,0.0549357609353292,0.0215819766017795,-0.0130898834380778,-0.000941280139628631,ACOT7,F,0.0361270482353449
chr5,180657761,180658112,352,*,2,0.000805446396209975,0.0266187532176678,0.00789543307350259,0.00612657825950916,0.0190926453523832,0.0189707670785817,TRIM41,F,0.0361409719343088
chr12,46383466,46383601,136,*,2,0.00352411816272004,0.0266665889963754,0.0131405131303296,0.0108004531248105,0.0167493840954202,0.00874422367749017,SCAF11,F,0.0361953672270825
chr17,80888632,80889693,1062,*,6,0.00291180139858677,0.0267075924648084,0.056831942025953,0.0139368158483357,-0.010910927720598,-0.00610399081011955,TBCD,F,0.0362404598218569
chr12,104530941,104531175,235,*,2,0.0140504559016584,0.0267205771534432,0.020150269708939,0.0185286033682165,0.00615362386602171,0.00164221999906836,NFYB,F,0.0362475175658564
chr19,14225647,14225959,313,*,3,0.00354382522498884,0.0267780576416243,0.0141211291218841,0.0105491582107194,0.0136075923240812,0.00330234658904832,PRKACA,F,0.0363043419030697
chr22,22005669,22006201,533,*,3,0.0115636013293806,0.0267780576416243,0.0172246582942758,0.0159464512328003,0.00816319027810969,0.00699426351990301,,F,0.0363043419030697
chr14,93214896,93215447,552,*,9,0.0127641300493147,0.026789032016666,0.0828670968859828,0.0178085529366371,-0.0236412341414923,-0.000241166137306124,LGMN,F,0.0363086502041949
chr8,120844660,120845432,773,*,9,0.000688673379187068,0.0268122922549458,0.0139954811945579,0.00842197660183628,0.0123232455600514,0.00340971962843539,TAF2,F,0.0363296028604256
chr1,110881368,110882527,1160,*,12,0.000553442767442419,0.0268680188479826,0.0281208190068997,0.00798711959270366,0.00982813265899714,0.00511946565503838,"RBM15, RP5-1074L1.1",F,0.0363934800453697
chr12,111051697,111052267,571,*,8,0.0114395382553967,0.0268750650367246,0.0428952750483451,0.0219918571042188,0.0112822353202121,0.00432551825443792,TCTN1,F,0.0363934800453697
chr19,41082291,41082756,466,*,10,0.00617634108201922,0.0268870672131285,0.0330564066446357,0.0186180423274624,0.0151213414214606,0.00360443966487498,SPTBN4,F,0.0363991488405638
chr17,8191300,8192371,1072,*,15,0.00121338399346295,0.0269911908012412,0.0249848018574915,0.0100566994559333,0.0132729769413907,0.00344264917234225,"RANGRF, SLC25A35",F,0.0365294901369893
chr7,64023434,64023824,391,*,8,0.0097456445205806,0.0270339752187932,0.0463852162956618,0.0150518647164553,0.02134468010488,0.00867542235467899,ZNF680,F,0.0365669061562347
chr12,98897752,98897917,166,*,3,0.0125519384481583,0.0270345410985433,0.0189349819102532,0.0141764218791079,0.00759592015037343,0.0063349144175682,,F,0.0365669061562347
chr17,55752319,55752472,154,*,3,0.00867400096976728,0.0270628653278056,0.012904171888162,0.0115139733449499,-0.0107634053318515,-0.00357188771274157,MSI2,F,0.0365839662791265
chr19,49866856,49867114,259,*,6,0.0113097482128346,0.0270628653278056,0.0245806038572393,0.0137550822086008,-0.0218564689021094,-0.00369323809052637,DKKL1,F,0.0365839662791265
chr11,20409255,20410216,962,*,5,0.000532855568667767,0.0271910402328677,0.0109661448276533,0.0105145843473151,0.0175630137696032,0.00224833750808791,PRMT3,F,0.0367146054985402
chr21,43639440,43640131,692,*,5,0.00112301970000917,0.0271904865788632,0.0117098145537896,0.0110255585393787,-0.00930547596914616,-0.00043583769173923,ABCG1,F,0.0367146054985402
chr11,47607760,47608722,963,*,7,0.0023050020824494,0.0271775923625616,0.0201937951318638,0.00989886839925212,-0.0481836206933,-0.00687999759163144,FAM180B,F,0.0367146054985402
chr2,176948544,176949630,1087,*,11,0.0036073611369921,0.0271713968205558,0.0336618809506657,0.00893189653160139,-0.0229050111388497,-0.00608972732837368,EVX2,F,0.0367146054985402
chr9,139760589,139760673,85,*,3,0.000399729681488653,0.0272385524623158,0.00668530391036088,0.00541785909393235,-0.0048167321588713,-0.00109860407137073,EDF1,F,0.0367680982078275
chr2,85106954,85107751,798,*,8,0.000829406214504317,0.0272763463132008,0.0125048336720324,0.00644134700049186,-0.0211067770190839,-0.000838182130285742,TRABD2A,F,0.0367977823813952
chr11,268950,269468,519,*,4,0.00190382023458318,0.0272763463132008,0.012288931516823,0.00859305317722423,0.0125207717935257,0.00584739080647025,,F,0.0367977823813952
chr15,74988357,74988951,595,*,11,0.00374535213579259,0.027284286129848,0.0172097955632579,0.0176284731084776,0.0129195723780163,0.00504560555861376,EDC3,F,0.0367978339144807
chr16,71843015,71843100,86,*,4,0.0157825210953517,0.0272972062529057,0.053143503911008,0.0268280613314015,0.0063131670994428,0.00514204884411521,AP1G1,F,0.0368046003241985
chr6,32764865,32765402,538,*,18,0.00163805102124887,0.0273697006729582,0.0642709927772461,0.00913132982525881,-0.0546838636431472,-0.000238834841775509,,F,0.0368725719368067
chr12,96184965,96185437,473,*,3,0.00770372091430474,0.0273792900488464,0.0281574915935098,0.0192763351896086,0.0183200240707828,0.010180321241975,,F,0.0368725719368067
chr2,32264720,32265121,402,*,9,0.0106671889217179,0.0273692520934592,0.0341002068634143,0.0118449009164394,0.0122403409854198,0.00624477052047174,DPY30,F,0.0368725719368067
chr18,51751263,51751750,488,*,4,0.0143788935362982,0.0273792900488464,0.0256587021715768,0.0123285715620905,-0.0251975975075446,-0.00164881271333181,,F,0.0368725719368067
chr15,37403088,37403304,217,*,5,0.00463374844865674,0.0274459188089098,0.0147912846691391,0.0112641304711576,-0.0238699287133141,-0.00910075964891542,,F,0.0369409375413564
chr8,22457446,22457658,213,*,3,0.00690414538496181,0.0274459188089098,0.0168346266417727,0.0137346023951021,-0.00984001408165051,-0.00151874457335099,"AC037459.4, C8orf58",F,0.0369409375413564
chr1,41157553,41158439,887,*,7,0.00752453195212431,0.0274552933527436,0.0411569838378056,0.0165884850438788,0.0145907776259881,0.00341840890625526,"NFYC, NFYC-AS1",F,0.0369428781114495
chr17,72869660,72869935,276,*,3,0.00132697604251658,0.0274806607293631,0.0126376979125158,0.00921449057266677,0.0193890734691518,0.011912865092025,,F,0.0369663307384876
chr3,37034825,37035399,575,*,20,0.000481328922583063,0.027497161007952,0.0132462423980818,0.00930401755262127,0.0168163613266349,0.00461872995964009,MLH1,F,0.0369753579367167
chr11,102826090,102826570,481,*,5,0.0114120592665202,0.027503250996948,0.0298474376711882,0.0202264891064772,-0.0129187933585277,-0.00562538721606751,MMP13,F,0.0369753579367167
chr10,61122100,61122716,617,*,11,0.00373573320726672,0.0275446163743279,0.0231825443314425,0.0180216269482645,-0.0236454157596096,-0.00242507432392062,FAM13C,F,0.0369989265806879
chr12,7858592,7858848,257,*,6,0.00628741099693401,0.0275446163743279,0.0164581904466693,0.0122033194497385,0.0111023409567624,0.00469752903109253,,F,0.0369989265806879
chr21,35831954,35832180,227,*,8,0.0150175034363231,0.0275429471575467,0.0901464912960966,0.0390603507303344,-0.0253733569181136,-0.00824581027901454,KCNE1,F,0.0369989265806879
chr10,135122580,135123764,1185,*,14,9.63709267242351e-05,0.0275633106355969,0.0144624156117429,0.00783310190392338,0.00763262742160308,0.00105511527442949,"ZNF511, TUBGCP2",F,0.0370026917353632
chr6,33238957,33240388,1432,*,39,0.000103570972005844,0.0275633106355969,0.0229562532878792,0.0117623945257411,0.0250619961819822,0.00617663463342582,"RPS18, VPS52",F,0.0370026917353632
chr10,102748541,102749041,501,*,5,0.000691140523016373,0.0275886863441886,0.0138425532435755,0.00970696824458776,-0.0107459898800442,-0.00531019710729057,C10orf2,F,0.0370107806829844
chr7,150065170,150066156,987,*,12,0.00174338179548724,0.0275784663912105,0.0270951313576237,0.0109898440298632,-0.00715859191120658,0.0016991409445703,"REPIN1, ZNF775, RP4-584D14.5",F,0.0370107806829844
chr11,71823834,71824165,332,*,8,0.0068665895487555,0.0275931781256864,0.0343402457423618,0.0112850810781823,0.014192480401304,0.00594678709870666,,F,0.0370107806829844
chr10,120000926,120001266,341,*,4,0.00345497614308332,0.0276273280758197,0.0126174590937941,0.00790650658527671,0.0275550545864825,0.0175521731798263,RP11-245J24.1,F,0.0370459161673171
chr1,3689151,3689683,533,*,6,0.0135597939108809,0.0277214049121339,0.0144261820900454,0.0134326092543981,0.0143846202618404,0.00236323330009998,SMIM1,F,0.0371613651916545
chr13,77566064,77567402,1339,*,7,0.000102845504777485,0.0278018447077581,0.00689268899370422,0.0062465688192748,-0.0109881932401497,0.00275934033485062,"CLN5, FBXL3",F,0.0372584721738215
chr19,54024182,54024834,653,*,8,0.00779593524382034,0.0279071005707004,0.0521243960229317,0.0263442641493526,0.0115411329626871,0.00418386531979881,ZNF331,F,0.0373780176467506
chr19,10624868,10624954,87,*,2,0.00996561777991514,0.0279071005707004,0.0162825446194005,0.0157417084616609,-0.00641093292188422,-0.00530981454860958,S1PR5,F,0.0373780176467506
chr6,18387077,18387809,733,*,10,0.000252872231416376,0.027943358260413,0.0119421690000001,0.00677660437203102,-0.0132411663270789,-0.00315503858744049,RNF144B,F,0.037405064506681
chr5,32710614,32711881,1268,*,11,0.000609717516411391,0.027943358260413,0.0178960484845209,0.0122504454583304,0.0157767882753056,0.00329454116654259,NPR3,F,0.037405064506681
chr5,43066306,43066538,233,*,3,0.0065553513085245,0.0281067144186693,0.0144793829665096,0.0147308896668061,0.00683513822611417,0.00557886113404497,"ZNF131, CTD-2201E18.3",F,0.037612922140156
chr8,23144983,23145529,547,*,6,0.00822918050036156,0.0281194633858042,0.0166994941339419,0.011248381657263,-0.0343437106428484,0.00302392924459267,R3HCC1,F,0.037617815849721
chr7,99775134,99775862,729,*,12,0.00993329851243475,0.0281265266885825,0.0777802958557885,0.0228908933188876,-0.0346465379333234,-0.012996078856715,STAG3,F,0.037617815849721
chr17,1051817,1051843,27,*,2,0.0172122506385696,0.0281461289650497,0.0142181487894779,0.0125317145704042,0.0190288803066998,0.0105132844911016,ABR,F,0.0376332249756636
chr7,98579466,98579722,257,*,4,0.00942520227748193,0.0282124886487293,0.0162028376627624,0.0145409774193373,-0.0136881744721811,-0.00533170003842937,TRRAP,F,0.037700304056566
chr3,39424697,39424819,123,*,4,0.0149625279487554,0.0282124886487293,0.0153366343000367,0.0177503119207949,0.00968762056997296,0.00805323634946104,,F,0.037700304056566
chr16,58059105,58059985,881,*,9,0.00480005970042621,0.0282334065755,0.0646111138327763,0.021435841069803,0.0136648195131372,0.00509815031662894,MMP15,F,0.0377174338560251
chr11,27721350,27723290,1941,*,24,0.000535787279716392,0.0282896424179694,0.0480735624667367,0.0111377065769652,0.0250982154507343,0.00439171997973096,"BDNF, RP11-587D21.4",F,0.0377384316071279
chr5,172198714,172199667,954,*,22,0.00139972192090541,0.0282896424179694,0.0473477407222496,0.0124970917626962,0.0195944180413018,0.00698211939268048,RP11-779O18.3,F,0.0377384316071279
chr4,38869118,38869779,662,*,13,0.00209722997781865,0.0282681077722771,0.03864629745592,0.0111466444551768,-0.01975737396174,-0.00215337009119149,"FAM114A1, MIR574",F,0.0377384316071279
chr10,6019526,6020387,862,*,8,0.00651585801564312,0.0282896424179694,0.0589263181232429,0.0110180494088406,-0.0324910400286616,-0.00322022023594894,IL15RA,F,0.0377384316071279
chr2,227656057,227656417,361,*,5,0.0129845255845815,0.0282808262520512,0.0331220872288611,0.0147897006849463,0.00993004965957426,0.00639482457303161,IRS1,F,0.0377384316071279
chr22,28838631,28839249,619,*,3,0.00186568049100096,0.0283081557541099,0.00928924739848483,0.0082988901428787,-0.00920942772955932,-0.00315982547515611,TTC28,F,0.0377424539923781
chr14,23822265,23822408,144,*,2,0.0169178413574556,0.0283088666084124,0.0132622057327462,0.0111508416155196,-0.00723088427726906,-0.00601797773575323,,F,0.0377424539923781
chr6,34203153,34203887,735,*,4,0.0062563702673253,0.0283775437636693,0.0353163341206447,0.0103214515048946,-0.0159273919882569,0.00225445359855375,,F,0.0378231886970257
chr12,105630720,105630771,52,*,2,0.00142282919559411,0.0284565815533173,0.0128635722373312,0.0105129127903379,-0.0245100041926989,-0.00804241892273799,C12orf75,F,0.0379068364684779
chr8,146023573,146024039,467,*,3,0.00196469721823795,0.0284534788619685,0.0108245768864558,0.00893388807765413,0.00637816753846182,0.000744363312600466,,F,0.0379068364684779
chr11,65029192,65030075,884,*,11,0.0040788605105606,0.0285640086822875,0.0443362797019235,0.0175616252956099,0.00659382255241792,0.00244723180904618,POLA2,F,0.0380390587456143
chr11,59521665,59522087,423,*,4,0.00597362169718759,0.0286656675020288,0.0228537587209318,0.013221189519929,0.0149125045824912,0.0068965446298259,"STX3, AP000640.10",F,0.038163525888207
chr1,228613073,228613260,188,*,6,0.0100797650505482,0.0286810905330805,0.0185895119784017,0.0177890229637304,0.0150051343191905,-0.000895762692399567,,F,0.0381731462167922
chr1,223537199,223537435,237,*,3,0.00190482475134796,0.0287744926237254,0.00928924739848483,0.00803479288496432,0.0171414505556636,0.0094107266438024,SUSD4,F,0.0382755818762323
chr12,122238836,122239035,200,*,3,0.010023630850314,0.0287728965165323,0.037132530503849,0.0160683717784884,0.00699896865852616,0.00198698398212923,"RP11-347I19.8, RHOF, AC084018.1",F,0.0382755818762323
chr10,130844121,130844884,764,*,7,0.0050021520880903,0.0287992574660591,0.0308191500216133,0.010842277294323,-0.014992976571785,-0.00544471308890648,,F,0.0382975848142311
chr1,151032723,151033007,285,*,3,0.00288042445251239,0.0288766896153236,0.0182523477675678,0.00951092677842195,-0.0339573977903939,-0.0176051429683115,"MLLT11, CDC42SE1",F,0.0383861355408217
chr1,111150133,111150185,53,*,2,0.0189251332521895,0.0288823317446939,0.0364079154891291,0.028170316607663,-0.00163278631356335,-0.00145560559563026,KCNA2,F,0.0383861355408217
chr10,75910297,75910788,492,*,4,0.0125519384481583,0.0289023918704167,0.0567055871750149,0.0351646077934575,0.0159956155136822,0.00690599510739363,AP3M1,F,0.0384018370729046
chr1,86888585,86888728,144,*,4,0.019384612373139,0.0289403142923526,0.029592062379925,0.0163673417014347,-0.0163441708318892,-0.00376505531288665,,F,0.0384412560352214
chr20,8112956,8113630,675,*,6,0.00154301772700087,0.0289664019881218,0.0127717014422968,0.00912695597028126,-0.0176226018068196,-0.00134296736680542,PLCB1,F,0.0384649369999097
chr14,74769367,74769859,493,*,6,0.00760781889081396,0.0289748266453512,0.0493320841000387,0.0107285282525982,0.0119271881856242,0.00594007453705157,"VRTN, ABCD4",F,0.0384651561252567
chr12,107711489,107712210,722,*,9,0.00140527348863378,0.0289946435834357,0.0160553800013731,0.00836134916397031,-0.0641504509197818,-0.00898634022057571,BTBD11,F,0.0384804944907552
chr19,44037225,44038009,785,*,7,0.0013761367398422,0.0290234428541468,0.0298214048469226,0.0141791308825945,0.0101344247922861,0.00442043982330675,ZNF575,F,0.0385077417013566
chr12,62860029,62860780,752,*,10,0.0036209192989982,0.0290792054893411,0.0616251365142311,0.0127952720504484,0.0145122765588958,0.00827998898974389,MON2,F,0.0385541812807504
chr7,1983503,1983984,482,*,3,0.00967198940206644,0.0290699667193588,0.0161987201601587,0.014958826300767,0.0444269803729299,0.0251142978258851,MAD1L1,F,0.0385541812807504
chr5,111506035,111506418,384,*,3,0.0109025414315491,0.029083280832999,0.0222089779044952,0.0197474379551442,-0.0331737547824298,-0.0193280869918297,EPB41L4A,F,0.0385541812807504
chr12,28123718,28124233,516,*,4,0.000707670164827572,0.0291909753301295,0.0216741201111038,0.00816233187188913,-0.00823199634216015,-0.00497355327126812,PTHLH,F,0.0386859340103623
chr16,30616285,30616649,365,*,2,0.0104508676822107,0.0292014584631781,0.0120775353908385,0.0096633181509661,-0.0936750290182219,-0.0478407605774834,"RP11-146F11.5, ZNF689",F,0.0386888170876302
chr11,117102463,117102988,526,*,6,0.00578565832318195,0.0292595206088504,0.0237884863678884,0.0248009650783049,0.019295992486616,0.00698060941818102,PCSK7,F,0.0387408897087272
chr4,7106023,7106195,173,*,2,0.0178009241128078,0.029251869420599,0.0297765160584366,0.0250876214661981,0.0140793131288574,0.0093420499198596,,F,0.0387408897087272
chr19,38826365,38826477,113,*,3,0.019455807794372,0.0292657182725579,0.0444611456870487,0.0337661954315567,-0.00642919843769111,-0.00045637156875572,CATSPERG,F,0.0387408897087272
chr4,164254082,164254508,427,*,4,0.0056312542064591,0.0294355918575287,0.0357707680499046,0.0328444536914776,-0.0233799921165029,-0.00450347972735572,NPY1R,F,0.0389546891959395
chr11,84028382,84028582,201,*,3,0.0146719037843733,0.0294444336408771,0.0152827103990052,0.0160213979716262,-0.0183421583586214,-0.00901415840013279,DLG2,F,0.0389553203027172
chr5,154238169,154238496,328,*,3,0.01282756038836,0.0295006927026513,0.0325947551451255,0.0221375186306846,0.0092069603902824,0.0068529372619429,"CNOT8, FAXDC2",F,0.0390186668322202
chr8,1404885,1404980,96,*,2,0.0168810668916047,0.029556669129538,0.0218043461428617,0.0205499216928621,-0.015964651684836,-0.0114516846535096,,F,0.0390816036729865
chr9,138852884,138853493,610,*,4,0.0123360971002796,0.0296116896146656,0.0294129732479604,0.0117981041822963,0.0134499856477008,0.00937462864389425,UBAC1,F,0.039143241139795
chr9,84304944,84305087,144,*,2,0.00775612449693374,0.0296756941836608,0.0119723230417084,0.00954564260449682,0.0173340963306448,0.0118837288401477,RP11-154D17.1,F,0.0391888087097706
chr13,114774837,114775105,269,*,3,0.00983210875836936,0.0296862213322359,0.0285162126600989,0.013961253519846,-0.0132670738049535,-0.010996173962419,RASA3,F,0.0391888087097706
chr1,87794052,87794589,538,*,9,0.0155239454410188,0.0296770198648145,0.0743973630573488,0.0220716281239747,-0.0137581434224416,0.000873320645721835,LMO4,F,0.0391888087097706
chr17,61777804,61777871,68,*,2,0.0163572118020393,0.0296882364457957,0.0495503915356463,0.0337664963198348,0.00680910459606286,0.0060480108930795,LIMD2,F,0.0391888087097706
chr6,41862737,41862842,106,*,2,0.0198952043528879,0.0296882364457957,0.0543093497579929,0.0353014973283433,-0.0267179535028676,-0.0116928773776596,USP49,F,0.0391888087097706
chr19,4474970,4475274,305,*,7,0.00446115548208865,0.0297568024410883,0.023374297477086,0.0112000342175281,-0.0258264593288773,-0.00921490680070313,HDGFRP2,F,0.0392348326636886
chr5,133860686,133861951,1266,*,9,0.0122638582554159,0.0297385178976412,0.0393479324855084,0.00940893680924318,0.0118290624818833,0.00454131338998302,JADE2,F,0.0392348326636886
chr1,226411070,226411270,201,*,4,0.0181661438442486,0.0297568024410883,0.0467139479607914,0.0278442995940173,-0.00439755148153492,-0.00112417581286662,,F,0.0392348326636886
chr19,46918347,46918365,19,*,2,0.0187463312655351,0.0297568024410883,0.0170981351648023,0.0172770227719836,-0.00870809875883205,-0.00689099500724361,,F,0.0392348326636886
chr5,172152187,172152291,105,*,3,0.00790650554629398,0.0299268310283805,0.0127861596266558,0.0113231137698092,-0.0105875999961923,-0.00842936620803632,,F,0.0394478494478256
chr12,49716596,49717669,1074,*,15,0.000798382042803834,0.029962696784359,0.0180714909153532,0.0100460549871846,0.0105815284797176,0.00415336561077433,"TROAP, RP11-161H23.9",F,0.03948394989382
chr6,28317393,28318006,614,*,7,0.00626945476861475,0.0300160493709165,0.0335897116412086,0.0132234185398083,0.0201373390469237,0.00884511772004402,"ZKSCAN3, ZSCAN31",F,0.0395430670213177
chr15,50646099,50647051,953,*,7,0.00185895791497032,0.0300472715085898,0.0173375867461485,0.0139666864678677,0.0383994103157552,0.0109409603127047,GABPB1,F,0.0395730043595879
chr6,31794759,31795678,920,*,16,0.00156966411054018,0.0301263000929134,0.0562714668697966,0.0101677613764998,0.0179841745150189,0.0080856007614862,HSPA1B,F,0.0396587366979668
chr7,112120730,112120877,148,*,6,0.0142402584199343,0.0301293988484876,0.0816297975084797,0.0146990034168759,-0.0151224620074846,-0.00879318936936346,IFRD1,F,0.0396587366979668
chr1,84971011,84971910,900,*,10,0.000111223927004357,0.0302935749274728,0.0109661448276533,0.00878423555001722,0.0112002581941157,0.00444899348292228,GNG5,F,0.039853622102738
chr4,7638222,7638280,59,*,2,0.0200329980764991,0.0302945720944154,0.0535744099520325,0.0355645122232767,0.00787841709956028,0.000909382163966521,SORCS2,F,0.039853622102738
chr20,17950611,17950694,84,*,2,0.0187754114439278,0.0305920097060892,0.0363914757501586,0.0291792435949018,0.00585037020575326,0.00308173869448896,"MGME1, OVOL2",F,0.0402335467950458
chr12,56617737,56618648,912,*,17,0.000959556852750006,0.0306169125833783,0.0382952329115241,0.011558408764779,-0.0149265022875449,0.00193361702043815,NABP2,F,0.0402549299550515
chr17,8125848,8126456,609,*,4,0.0122615480076363,0.0307059910298408,0.035210667042147,0.0258742084325258,-0.0054363819455952,0.0015343548480434,LINC00324,F,0.0403606548760848
chr4,77871894,77872417,524,*,2,0.00114821175343507,0.0307318047496189,0.012288931516823,0.0100318138589245,-0.0105477764619801,-0.003553712290284,SEPT11,F,0.0403831869974535
chr11,66176589,66176608,20,*,2,0.0180847961269195,0.0308651801208291,0.0863333559003027,0.0438212160306123,0.00315702983604711,7.9245722324723e-05,,F,0.0405470081305221
chr20,34241828,34242006,179,*,2,0.0075419205160433,0.0309394146071739,0.0128239583572442,0.0105849070365217,-0.0161678717194985,-0.0125106109654184,"CPNE1, RP1-309K20.6, RBM12",F,0.0406123539729626
chr16,19078614,19078982,369,*,5,0.00985176627730068,0.0309410847962361,0.0134889546471426,0.010964547436645,0.00920985971300433,0.00441441883937981,"COQ7, RP11-626G11.5",F,0.0406123539729626
chr11,27679469,27679632,164,*,2,0.0102462190458281,0.0309394146071739,0.0122261821304003,0.00990766473073145,-0.0127363702633979,-0.0105084114514948,"BDNF-AS, BDNF",F,0.0406123539729626
chr10,116581183,116581829,647,*,7,0.0079477285256819,0.0309527689984361,0.0180639119258075,0.0119597960139938,0.0237886604471935,0.0122743589277974,FAM160B1,F,0.0406162426671505
chr3,159756648,159756996,349,*,5,0.0153691066382196,0.0310374515052614,0.0520707735110149,0.0185568371244643,-0.0215032316807273,-0.00606237063018017,IL12A-AS1,F,0.0407158906084513
chr7,3411356,3411503,148,*,2,0.0124587779707463,0.0310647413564806,0.0133953701155872,0.011443289394488,0.011716847783064,0.00652208002142246,SDK1,F,0.0407402141642158
chr17,61819520,61820015,496,*,5,0.00705470979292133,0.0311286167171233,0.0132622057327462,0.0118992460682407,0.0159315217115466,0.0064837086348828,RP11-51F16.8,F,0.0408124910055302
chr19,8670193,8670586,394,*,2,0.000140569240590004,0.0311954967375203,0.00616029891809167,0.00367101632509354,-0.00403735746841083,-0.000503865517628044,ADAMTS10,F,0.0408656619709233
chr6,31055396,31055502,107,*,5,0.00339375311114569,0.0311954967375203,0.012661351294585,0.0088075900274432,0.0149992805214177,0.010190966797202,,F,0.0408656619709233
chr16,70472477,70472993,517,*,5,0.00602561248882067,0.0311916896254651,0.0138425532435755,0.0135284846277881,0.00939201201899424,0.00682586989023034,ST3GAL2,F,0.0408656619709233
chr2,112641039,112641397,359,*,2,0.00210148276054743,0.0312182767635242,0.0135923394186055,0.0115881777161058,0.0236880371229509,0.0186596931396774,ANAPC1,F,0.0408840030617919
chr12,121454133,121454451,319,*,8,0.00077978250361584,0.0312940348620061,0.0090283943522315,0.00783310190392338,0.012563358174754,0.00531935181850452,C12orf43,F,0.0409601799753689
chr2,5633431,5633557,127,*,2,0.0105928547215439,0.0312924230386241,0.0154601856015551,0.0151281114931418,-0.013343569299724,-0.00489012880898604,,F,0.0409601799753689
chr6,14282477,14282882,406,*,5,0.0103656590095132,0.0313153067749002,0.0508219538725044,0.015114875442088,0.0176445727289462,0.00282170035552583,LINC01108,F,0.0409765056619022
chr4,155471484,155471827,344,*,9,0.00951674269353708,0.0313502151728205,0.0549357609353292,0.0125658885222138,0.0104655037399433,0.00621809656824488,PLRG1,F,0.0410106606909621
chr8,23020966,23021690,725,*,8,0.000341994438659321,0.031440050811054,0.010788009016712,0.00997053715055382,-0.0107941534397069,-0.00110705419143168,TNFRSF10D,F,0.041093549432242
chr19,18746981,18746992,12,*,3,0.00882905820365873,0.0314247843758346,0.0260029614891492,0.0112865836832565,0.02682755777573,0.0165069682358385,,F,0.041093549432242
chr19,18548929,18549723,795,*,9,0.0113559248118273,0.0314356538958684,0.0521455311840154,0.026972194255143,-0.0184823706497714,-0.00312266442768695,ISYNA1,F,0.041093549432242
chr15,77223542,77224987,1446,*,10,0.00320504692531326,0.031469949745484,0.030421167542086,0.00922608781071347,0.0262374618537748,0.00752023084265614,RCN2,F,0.0411095528652788
chr16,2961000,2961939,940,*,6,0.00514356062514323,0.031469949745484,0.0275701829012256,0.0147308896668061,-0.0256383954708338,-0.000257296497595338,FLYWCH1,F,0.0411095528652788
chr16,74700334,74701487,1154,*,12,0.00433134800733573,0.0315172265242668,0.0284005536896928,0.0196929361159229,0.0111002140584975,0.00553581595393474,"RP11-144N1.1, RFWD3",F,0.041159765542207
chr1,3274631,3275283,653,*,4,9.22584372581856e-05,0.0315664211765351,0.00818918156577078,0.00590843098000595,0.0274076199908013,0.00622799435292898,PRDM16,F,0.0412100124860628
chr17,80560479,80561461,983,*,8,0.000520700592401213,0.0315822492082367,0.0254502621339731,0.010774670719224,-0.0249127205645316,-0.00616356464257942,"FOXK2, RP13-638C3.4",F,0.0412100124860628
chr3,42922735,42923116,382,*,3,0.0136132439797554,0.0315822492082367,0.0145770007250363,0.0156070558383626,-0.00753957306994502,-0.00136694589720686,"ACKR2, RP11-141M3.5, KRBOX1, KRBOX1",F,0.0412100124860628
chr22,39152448,39152758,311,*,3,0.0131572997076984,0.0315982103861416,0.0356475545092757,0.0149015799070465,0.0169111789008687,0.0121956077035829,SUN2,F,0.0412192901311657
chr4,100484573,100485070,498,*,9,0.00872470967885907,0.0316159044857783,0.0490371516557292,0.0280256672914615,0.00939076311521882,0.00437494812049044,"MTTP, TRMT10A",F,0.0412308225119769
chr13,46038825,46039332,508,*,7,0.000153005748263406,0.0316693538451496,0.0161785823102422,0.00564096273638841,0.0140731091866629,0.00592145506805706,COG3,F,0.0412774085801459
chr1,154975574,154976216,643,*,5,0.00593501598261593,0.0316693538451496,0.0132622057327462,0.0118111375884812,0.0121084321212239,0.00766811202623594,ZBTB7B,F,0.0412774085801459
chr6,32036530,32036532,3,*,2,0.0183146198770977,0.0316864554752792,0.0130007372934998,0.0109643396501213,0.00738129001366927,0.00516762793480724,TNXB,F,0.0412881430185717
chr8,88886051,88886432,382,*,9,0.00171437580103202,0.0317413549329806,0.0171976343328439,0.010338541308451,-0.0130318791343985,-0.00712128550591472,DCAF4L2,F,0.0413298461154565
chr1,249152378,249153132,755,*,9,0.007477387407312,0.0317405300197692,0.0218419073650148,0.0155017031524465,0.0172619226193688,0.00645986296064271,ZNF692,F,0.0413298461154565
chr1,45476960,45477636,677,*,5,0.0115426667042,0.031745084722995,0.0145875928388651,0.00862720818007681,0.011479463032945,0.00554987503371326,HECTD3,F,0.0413298461154565
chr11,70281091,70281968,878,*,6,0.000879291711686523,0.0318888941082316,0.0169152684412999,0.00785459354044171,0.0149320579423268,0.001728580767046,CTTN,F,0.0414938629855396
chr1,62119764,62120090,327,*,5,0.00192615430263397,0.0319028738229687,0.0121837754920947,0.00970648470536975,0.0196233881861683,-0.0026132317910128,RP11-430G17.1,F,0.0414938629855396
chr5,1551883,1552259,377,*,4,0.0106967846746856,0.031921851927753,0.0303666897461018,0.0154956321673698,-0.0161257853245629,-0.00467130735748178,,F,0.0414938629855396
chr1,36689298,36689477,180,*,4,0.0118013985269059,0.031921851927753,0.0274952289964774,0.0172993132106499,0.0261821766272997,0.0152965015374158,,F,0.0414938629855396
chr17,7145933,7146447,515,*,7,0.0122828606214583,0.0319245246032185,0.083291433389891,0.0268651024638257,0.00929052105106863,0.00657700045302169,"GABARAP, CTD-2545G14.7",F,0.0414938629855396
chr22,38712788,38713608,821,*,6,0.0127024625088696,0.031921851927753,0.0488591698263709,0.0155763524820915,0.0147318286309092,0.00330804728573692,CSNK1E,F,0.0414938629855396
chr13,33859636,33860083,448,*,9,0.00893616414280785,0.0319342274439256,0.0172097955632579,0.0188317071242149,0.0257896456385979,0.01229775875137,STARD13,F,0.0414948931937393
chr8,144797963,144798544,582,*,11,0.00959071217934905,0.0319694437724227,0.0882467301436402,0.0266821941444806,0.0260554170908319,0.00506881481304423,MAPK15,F,0.0415290654527677
chr10,1443320,1444586,1267,*,5,0.00222391726923175,0.0320090082812385,0.0154155622754145,0.00873807901209713,0.0753471443797216,0.0184306974637556,ADARB2,F,0.0415688654672972
chr6,46889624,46889760,137,*,3,0.0173879827754951,0.0320882422175087,0.0138425532435755,0.0135080685323784,0.0122872821530322,0.00251779246488996,GPR116,F,0.041660146085012
chr17,74696737,74696872,136,*,3,0.0147824357319623,0.0321303738141957,0.0138274016768025,0.0137184416524674,0.020913526882693,0.0118762911344308,MXRA7,F,0.0416915995688797
chr9,94185698,94185786,89,*,2,0.0159034352025441,0.0321303738141957,0.0342027059725555,0.0289664339954738,0.0036110063930119,0.00267084663265932,NFIL3,F,0.0416915995688797
chr6,169026352,169027218,867,*,8,0.0106974801037605,0.0321512555933883,0.0232008983851516,0.0146391633592622,-0.0163073088871584,0.00145250520224678,SMOC2,F,0.0417070744563814
chr11,68080928,68081226,299,*,3,0.0142469150639738,0.0322019004080773,0.0169461013048551,0.0135436106285222,-0.0583711669406628,-0.0359216460898007,LRP5,F,0.0417611390143181
chr19,19049950,19050451,502,*,2,0.000981279620939302,0.0322389854171166,0.0121837754920947,0.00991809883022504,0.0187806973794012,0.0124776890049176,HOMER3,F,0.0417975932871692
chr12,71314144,71315264,1121,*,9,0.00308003560276812,0.0323046747333524,0.0654709213950837,0.0111961382900017,-0.0141777754686707,-0.00583684943117468,PTPRR,F,0.0418711022079661
chr1,244623953,244624785,833,*,7,0.00364279934085252,0.032348361339726,0.014158294069541,0.0110897280887078,0.0156164670702778,0.00446637174607108,C1orf101,F,0.0419160597548982
chr7,11012967,11013562,596,*,11,0.00484911524816102,0.0323684778610043,0.0684265436756721,0.0235084540465972,0.0192883642981871,0.00707479928961623,PHF14,F,0.0419304593598601
chr12,57118673,57119153,481,*,5,0.00123109861447168,0.0324541974200924,0.0128245313704715,0.0154492790307327,0.0108066502279584,0.00520650754529175,NACA,F,0.0420298101739072
chr1,111506021,111507160,1140,*,19,0.000876511989315802,0.0325084037127475,0.0590817517960297,0.00990774687630834,-0.0134910408067306,0.00403377191385807,"RP11-96K19.5, LRIF1",F,0.0420766081407074
chr7,2239803,2240376,574,*,5,0.0131787321816068,0.0325084037127475,0.0366558599856754,0.0153264845610467,-0.010505247278052,-0.00382049204716515,MAD1L1,F,0.0420766081407074
chr5,180632251,180632555,305,*,4,0.0124222900967928,0.032532081428865,0.0152813169695789,0.0109491848537363,0.00865059832556471,0.00583806660739897,"TRIM7, CTC-338M12.1",F,0.0420955552137328
chr5,14872934,14873039,106,*,2,0.0144474911506319,0.0326059200862477,0.0167898929490999,0.0175696746532935,-0.00720519363565533,-0.000793657463090305,,F,0.0421704553218049
chr7,1705139,1705405,267,*,4,0.0178009241128078,0.0326080759316769,0.0179155837772399,0.015501182400809,0.0129289803641074,0.00484339577993704,,F,0.0421704553218049
chr7,86688487,86689099,613,*,5,0.000538159290683601,0.0328164537225911,0.0136441385691954,0.0100516626799099,0.00946670842289165,0.00166632201708085,KIAA1324L,F,0.0424065964877777
chr4,140221967,140222272,306,*,4,0.00195249725087987,0.0328179887786023,0.015801249196495,0.00829283559153749,0.011025958729196,0.00668630524969764,NDUFC1,F,0.0424065964877777
chr22,38239648,38240259,612,*,4,0.00304749616882948,0.0328164537225911,0.0148485410620303,0.0102746394960101,0.0125367635348925,0.00620873799706564,ANKRD54,F,0.0424065964877777
chr12,54685904,54686506,603,*,4,0.00046946070295307,0.0328756522968217,0.0138782366952508,0.0059633712318887,-0.0132512734150627,-0.00329082703593855,"RP11-968A15.8, NFE2",F,0.0424599861536355
chr1,162467363,162468226,864,*,10,0.00340706750609008,0.032877541350657,0.0311002899188397,0.00851307583562964,0.0259256546637014,0.00603477456744703,UHMK1,F,0.0424599861536355
chr6,31869057,31870990,1934,*,34,0.00635640451326656,0.0329335993850106,0.0850770496584208,0.0133113940647343,-0.0411631218581512,0.000763892381356005,"C2, ZBTB12",F,0.0425205911660644
chr4,154073371,154074387,1017,*,15,0.00149850956597071,0.032989039259316,0.0353694990572393,0.0101848155226011,-0.0434908680953511,-0.00322797183232348,TRIM2,F,0.0425803646980695
chr10,79470767,79471700,934,*,6,0.000641348998500143,0.0330116435273882,0.0121837754920947,0.00803765237699301,0.0151651421368775,-0.00236161792251309,,F,0.04258593460029
chr12,32832336,32832968,633,*,5,0.00523787742309469,0.0330116435273882,0.0328018255500023,0.0254484198820469,0.00810553768857031,0.00392471933475975,DNM1L,F,0.04258593460029
chr2,238767409,238767502,94,*,2,0.0155233526026507,0.0330402368763183,0.0474853609178574,0.0355904145212574,0.00921030345809948,0.00339846421825443,,F,0.0426110172065949
chr7,139257600,139257879,280,*,3,0.00122522682816619,0.0331162136492392,0.0169096373459059,0.00784283507099021,-0.0140974193675145,-0.0108829105357978,HIPK2,F,0.0426883148610126
chr1,2013748,2014628,881,*,6,0.0013346865156794,0.0331433618074593,0.010788009016712,0.01216669094495,-0.0244753029295089,-0.00594231411971887,PRKCZ,F,0.0426883148610126
chr18,74961138,74961798,661,*,16,0.00746592458915791,0.0331433618074593,0.0380391615184245,0.0136533465462287,-0.0144155183997724,0.000425536867852677,,F,0.0426883148610126
chr4,85402497,85403223,727,*,4,0.00806841756994955,0.0331433618074593,0.0363379415784291,0.0114508836024583,-0.00826559415909251,-0.00341943802748287,,F,0.0426883148610126
chr12,53612551,53612734,184,*,3,0.0101903548668692,0.0331460052689331,0.012661351294585,0.0115437318896294,0.0461764266281197,0.0345266295459531,RARG,F,0.0426883148610126
chr5,177660036,177660509,474,*,4,0.0100551194442567,0.03316585211851,0.0181355245662428,0.0122581391481922,0.0183469951385357,0.0103972559740882,,F,0.0427020661641971
chr4,1713366,1713374,9,*,2,0.0177408528548147,0.0332981785803621,0.0123530431633975,0.0102100552887562,0.0145690705564079,0.00955575828730243,SLBP,F,0.0428605908371328
chr4,57410776,57411219,444,*,5,0.00232208131661092,0.033416927746094,0.0130674198008828,0.0101898679864383,-0.0156941067786767,0.000314596452975641,THEGL,F,0.0429896774899336
chr2,75788038,75788295,258,*,5,0.0192106568730186,0.033416927746094,0.106924620161084,0.0455902589436469,-0.0101927929874758,-0.00382168791027633,EVA1A,F,0.0429896774899336
chr7,150674375,150675025,651,*,5,0.00385599041436036,0.0334781672855291,0.0273765182512172,0.012566688253286,-0.0247156830778962,-0.00751328690225596,KCNH2,F,0.0430446783679484
chr10,47008185,47008316,132,*,3,0.0120342228033641,0.0334781672855291,0.0265295572371264,0.016118679224202,-0.0262834785262494,-0.0109059712797648,,F,0.0430446783679484
chr10,99789971,99790761,791,*,7,0.00550230832022865,0.0335966761699545,0.0301690637832535,0.0147920135469556,-0.0255136013864322,-0.0120190926295237,CRTAC1,F,0.0431851286015672
chr10,21814313,21814538,226,*,4,0.0124889804410969,0.0336814137721141,0.0218763751631677,0.0113332128625952,-0.035185450349774,-0.00232128804424141,SKIDA1,F,0.0432821037353023
chr10,91173811,91174309,499,*,8,0.00581585825045362,0.0336964214531739,0.0263955431532721,0.0135523299770231,-0.0227731971251521,0.00434857083526445,LIPA,F,0.0432894440572223
chr15,78441237,78441812,576,*,9,0.00352699014295906,0.0337485400123325,0.0157615809584279,0.0149258882247084,0.0107853147430249,0.00558786887152228,IDH3A,F,0.0433441613449183
chr8,10755744,10756220,477,*,5,0.0131249414426402,0.0337576279145413,0.0565385948900164,0.0167668059661059,-0.0147818216141742,-0.0032702373215695,XKR6,F,0.0433441613449183
chr2,242576809,242577535,727,*,7,0.00840727105606695,0.033872206904794,0.0453638706341917,0.0118001791701707,-0.0118855740866411,0.00227745471361586,"ATG4B, THAP4",F,0.0434792909469751
chr7,138554322,138554496,175,*,3,0.0132340269536949,0.0339098606716532,0.0164263937839211,0.0113968049111573,-0.0110215332984493,-0.0031177531433116,KIAA1549,F,0.0435156299663513
chr3,196159244,196159742,499,*,7,0.002705585626,0.033931112827579,0.0129853447435716,0.0121797990377396,0.0191941452861733,0.00586121726379142,"UBXN7-AS1, UBXN7",F,0.0435309070077233
chr11,61197477,61197882,406,*,6,0.0056895160444989,0.0339891026766224,0.0321304415392201,0.0194786503354242,-0.0154175053736848,0.0022261531360267,"RP11-286N22.8, SDHAF2, CPSF7",F,0.0435932941792979
chr20,30175458,30176335,878,*,4,0.000900156901499925,0.0340220869857747,0.00973675916781557,0.00713044934753232,0.0136792761822712,-0.00020763638487608,,F,0.0436235845519694
chr2,85131951,85132396,446,*,5,0.000900654084573697,0.0340669214561862,0.0175773306170212,0.0107599676522535,0.0217394130705429,0.00733073084706013,TRABD2A,F,0.0436594830587484
chr1,151162157,151162618,462,*,5,0.00486094439035201,0.0340782093447606,0.0165067306695478,0.0173306001588457,0.0114660730243693,0.00651090031389199,VPS72,F,0.0436594830587484
chr2,163695111,163695408,298,*,3,0.00972591175860591,0.0340690628440312,0.0509511113123917,0.0304750486216946,-0.0202115516168521,-0.0115111194569626,KCNH7,F,0.0436594830587484
chr8,70745540,70746654,1115,*,10,0.00249015983208098,0.0341989209007389,0.0292925991969162,0.00798570922373849,0.0179315989856141,0.00569619461808288,"RP11-159H10.3, SLCO5A1",F,0.0438020832328771
chr19,19729048,19730175,1128,*,12,0.00262600814245782,0.0342162465980015,0.0144624156117429,0.0108545752305982,0.0483136222450082,0.00806477791024322,PBX4,F,0.0438122244726128
chr14,97879637,97879656,20,*,2,0.00343370335384285,0.0342343217376379,0.00981074810398195,0.00794216434063787,-0.0207924864899182,-0.00408269217136994,,F,0.0438233194975756
chr17,41322169,41323222,1054,*,13,1.47679521229126e-05,0.0343153729003647,0.0113761336854926,0.00612783292604405,0.0147685092455737,0.00311808679340434,"NBR1, RP11-242D8.1",F,0.0439150018128603
chr22,41074172,41074275,104,*,2,0.0127986052109034,0.034426692314741,0.012985098768529,0.0110563783695002,0.0550028812459541,0.0294940293240661,,F,0.0440453588213595
chr20,5108045,5108292,248,*,2,0.00766617274225744,0.0345103269783345,0.025219528486391,0.0245294932721877,0.0109685811602578,0.00681898541062453,CDS2,F,0.044140234204368
chr17,30668751,30669494,744,*,8,0.00896825530230808,0.034543358910576,0.0386426358275047,0.0156908564650737,-0.0135250105161856,0.000478835922894292,"RP11-227G15.3, C17orf75",F,0.0441703521270051
chr11,43602420,43603214,795,*,10,0.00462155244514255,0.0345816243808726,0.0302295547229337,0.0104034000877754,0.0255908645789967,0.000638169668487841,"HSD17B12, MIR129-2",F,0.0442071437666
chr17,8869864,8869961,98,*,3,0.0141548351994747,0.0346293185602862,0.0141211291218841,0.0149305229277715,-0.0686613445182017,-0.0417290649310745,CTB-41I6.1,F,0.0442559650206511
chr2,47629792,47631145,1354,*,12,0.000344608157251183,0.0346825745824622,0.0393067759681069,0.0075697495052468,0.0113688139765803,0.00405387311216838,MSH2,F,0.0443118655227782
chr7,67319320,67319485,166,*,3,0.0167729234480887,0.0347246981152586,0.0340198970073017,0.0180159239529996,-0.0267159429809148,-0.012760305254224,,F,0.0443535159415137
chr19,6737157,6738068,912,*,16,0.00220812528689989,0.034770902825065,0.0407847473818724,0.0118020072072244,0.0172434117747484,0.00625573317151448,"TRIP10, GPR108",F,0.0443919433564599
chr14,69261079,69261661,583,*,5,0.00883366217941809,0.0347738478343065,0.0263955431532721,0.0232207616289422,0.00862963404284498,0.00711316231407687,ZFP36L1,F,0.0443919433564599
chr10,709564,710082,519,*,5,0.000627278705112938,0.0348327226713906,0.0123693623328878,0.00851307583562964,-0.0165337392267011,-0.00779750260949714,"PRR26, RP11-809C18.5, DIP2C",F,0.044430564086734
chr11,64545585,64546534,950,*,13,0.0041978137770453,0.0348279141942157,0.0487931561342988,0.0107339678821933,0.0119337510191376,0.00342009926207257,"AP001462.6, SF1",F,0.044430564086734
chr10,8095960,8096818,859,*,25,0.00505018028130649,0.0348160479192302,0.067729830573176,0.0279522678314407,0.0192204076845726,0.00448878048875336,GATA3,F,0.044430564086734
chr19,5904119,5905215,1097,*,10,0.00120587936562153,0.0348874591230851,0.0119930221243463,0.00996737787809944,0.0139894843057583,0.00785199533274066,"AC104532.2, VMAC",F,0.0444760189258711
chr6,133136339,133136347,9,*,2,0.0196361351341724,0.0348874591230851,0.0248795780189372,0.0244329015226806,0.0118180511853018,0.00971823715708595,RPS12,F,0.0444760189258711
chr6,137242738,137243669,932,*,8,0.00721034810386707,0.0349536024531596,0.0255841097873145,0.0213632807036883,0.0114365879200063,0.00236209015173913,SLC35D3,F,0.0445481463120866
chr19,643164,643555,392,*,3,0.000510180027367751,0.0350053434478202,0.010286402887336,0.00416632683464524,0.0387555450807481,0.0128633965653165,FGF22,F,0.0446018835667576
chr2,15731293,15731364,72,*,3,0.0162258715586539,0.0350342184778068,0.015801249196495,0.0187021131807851,-0.00818638546022465,-0.00514976266517564,DDX1,F,0.0446264648389349
chr6,137540615,137540814,200,*,5,0.00744857379329417,0.0351509768670483,0.0138022234001394,0.0106107612297158,0.0106886195489382,0.00483230100338078,,F,0.0447507105713078
chr18,42259560,42260234,675,*,8,0.0100358692182342,0.0351478255186955,0.0336447795048268,0.0200467282431349,0.0264440956406717,0.00870991908016253,"SETBP1, RP11-456K23.1",F,0.0447507105713078
chr16,69795965,69796165,201,*,3,0.0142050611595952,0.0351847371030275,0.0146743761398976,0.0166525959423927,0.0193131214518432,0.0127188967413074,,F,0.04478144867144
chr12,104609432,104610064,633,*,8,0.000490633079045654,0.0352192377306908,0.0141211291218841,0.00825240913546798,-0.0334815115072129,-0.00373778815543297,TXNRD1,F,0.0448131120524117
chr6,43252858,43253387,530,*,5,0.00662498444554262,0.0352797280523517,0.0170526126672195,0.0108110724799313,0.0160277860943519,0.00368183404267829,TTBK1,F,0.0448655635007651
chr5,138727711,138727887,177,*,2,0.00965724295809306,0.0352797280523517,0.0138794694307532,0.0125381940705987,0.01483343275128,0.00148843248581344,PROB1,F,0.0448655635007651
chr12,22198364,22198725,362,*,3,0.0118368456939024,0.0353139710719376,0.0399520719724589,0.0263678117519705,-0.0162616994490075,-0.0100784573499396,,F,0.0448968504728401
chr1,28415294,28415421,128,*,3,0.0118673442063082,0.0353948659656807,0.0324330191867346,0.0283777864833772,0.0171872361333017,0.00654797271666771,,F,0.0449874156119473
chr10,121356070,121356865,796,*,11,0.0120606824207708,0.0354246397136621,0.0349494784015921,0.0336816007769125,0.0106731597948002,0.00381383709535049,TIAL1,F,0.0450129733005524
chr18,47018095,47019340,1246,*,13,0.00268237917896055,0.0355138186256652,0.0399580072140359,0.00962192617348428,-0.0337673756880147,0.00110455284575827,"MIR1539, RPL17, SNORD58B",F,0.0451139807255109
chr3,13611751,13612134,384,*,4,0.00755203876531106,0.0355540190701716,0.0200102989828199,0.0112622373673243,0.00688092990392986,0.00589369592127115,FBLN2,F,0.0451527316088871
chr8,26372472,26372879,408,*,3,0.00721268232715707,0.03559396865936,0.0237537241081377,0.0108110724799313,-0.00845511298609629,-0.00555805834541965,DPYSL2,F,0.0451911428698581
chr1,228604566,228605010,445,*,5,0.00146895972142058,0.0356670070629973,0.029287491853064,0.00928538235120914,0.0234448776225091,0.00917672986050602,,F,0.0452591967009205
chr13,26829095,26829199,105,*,2,0.0118247466626113,0.0356670070629973,0.0119723230417084,0.00974414463150809,0.0257947641001069,0.0169492599940905,CDK8,F,0.0452591967009205
chr1,226308960,226309722,763,*,4,0.00229354635643107,0.0357397477846716,0.012459870674024,0.0106546708489906,-0.0180672341081957,-0.00625148594181865,,F,0.0453267988652548
chr17,73566348,73566478,131,*,2,0.0147638895303734,0.0357397477846716,0.0153598405290422,0.0157082136417146,-0.00303428911672277,-0.00207134397989706,LLGL2,F,0.0453267988652548
chr16,84086981,84087045,65,*,2,0.0141428991688722,0.0357499384286883,0.0186206440136866,0.0200976095435443,-0.0151164910651331,-0.00966542004154758,,F,0.0453273790531994
chr16,30968679,30969135,457,*,4,0.00388539079496364,0.0357942710301944,0.036402296269785,0.0202470017096118,0.00803993732662038,0.00597814573435402,SETD1A,F,0.0453588898469701
chr11,9482144,9482677,534,*,11,0.0123561253136519,0.0357902556181281,0.0719522637628822,0.0201342522130109,0.0368263454312396,0.00710785349933764,ZNF143,F,0.0453588898469701
chr12,21680220,21680409,190,*,2,0.0177521857149225,0.0359273202312234,0.0931348450702009,0.0509270197599142,0.00500918032138153,0.00367265083327981,C12orf39,F,0.0455151061797626
chr8,42697887,42698971,1085,*,11,0.0035065256061495,0.0359384630004232,0.0294590910682675,0.0122581391481922,-0.0261253159694533,0.00446894023591503,THAP1,F,0.0455168404114688
chr11,63529520,63529891,372,*,2,0.0135259614800707,0.0360004288262763,0.0154856439573902,0.0159864257356025,-0.0059961092134091,-0.0055735565155553,C11orf95,F,0.0455705346681079
chr19,51142285,51142613,329,*,4,0.0141732303059545,0.0360004288262763,0.0141331328283809,0.0182313088233395,-0.0118103419808822,-0.00461208970740277,SYT3,F,0.0455705346681079
chr9,131534396,131534538,143,*,3,0.00480677184751921,0.0360201153949292,0.0132622057327462,0.00918310613505891,0.0062324405301436,0.00476174756883917,ZER1,F,0.0455830645092895
chr6,30522217,30523800,1584,*,25,0.000411072325184765,0.036046872268915,0.0477415452407653,0.00912695597028126,-0.0189120804434677,-0.00286853015138862,GNL1,F,0.0456045325064757
chr6,33280390,33282495,2106,*,50,0.00158273902773071,0.0360848232108047,0.0836092544145646,0.0176097127923793,0.0385977166799221,0.0081394096968318,"TAPBP, ZBTB22",F,0.045640147119152
chr3,129289845,129290604,760,*,5,0.0020939923847254,0.0361163449249124,0.0263354307523158,0.00800747390168658,0.0112288185298485,0.00462049880148128,PLXND1,F,0.0456676129012536
chr17,16256389,16256568,180,*,2,0.0146758786918175,0.0361627432597595,0.0650996293025191,0.0444225853386689,-0.00217461746785767,-0.00175150651491924,CENPV,F,0.0457138695333062
chr16,77232522,77233012,491,*,2,0.00126204804919656,0.0362102170770938,0.0145352576556666,0.0142573511198798,-0.0113383084050964,-0.00566795600229891,MON1B,F,0.0457614602247017
chr4,668276,668877,602,*,5,0.00467203601584892,0.0362403017578045,0.0204734215283249,0.0176470507381385,-0.0149855194911977,-0.000807603967429466,MYL5,F,0.0457746366384853
chr8,42292332,42292924,593,*,4,0.00522155368716573,0.0362403017578045,0.0136441385691954,0.0127059962917504,-0.00991056312416039,-0.0064197557197398,SLC20A2,F,0.0457746366384853
chr5,157098338,157099032,695,*,8,0.00648787971376543,0.036334953474877,0.0332661315753907,0.0198678415829127,-0.0157367386058528,-0.00163534097944903,"C5orf52, SOX30",F,0.0458817457517631
chr2,105488809,105488924,116,*,3,0.0178083317336594,0.0364466520014897,0.0151914404015578,0.016938033357195,0.0145606859005286,0.00467582364663942,"RP11-13J10.1, LINC01159",F,0.0460103167175216
chr16,5083743,5084545,803,*,8,0.010005183175098,0.0365217326311559,0.0748059671838298,0.0277643121494819,0.0143886774737058,0.00586822099867697,"RP11-165E7.1, ALG1, NAGPA",F,0.0460926040279927
chr15,101587506,101587971,466,*,5,0.00798386944701866,0.0365758971578504,0.0259181573231912,0.0140139906523193,0.0227514317028339,0.00274337839815644,"LRRK1, RP11-505E24.3",F,0.0461484565332184
chr1,115259226,115259668,443,*,4,0.00300882559570025,0.0366226655063597,0.0181090506488873,0.00977350798113167,-0.0106766040774878,0.00317506774739996,"NRAS, CSDE1",F,0.0461824406344753
chr11,63933573,63934014,442,*,6,0.00394056714464613,0.0366226655063597,0.0234688032154537,0.01220138378619,0.00734228593830409,0.00177740837788344,MACROD1,F,0.0461824406344753
chr3,5020742,5021469,728,*,9,0.00740717258538383,0.0366414284059239,0.0267265253282069,0.0206697960146033,0.009364879722568,0.00522633189032498,"BHLHE40, BHLHE40-AS1",F,0.0461935928766615
chr6,28831388,28833340,1953,*,42,0.000328838626502586,0.0366556986654007,0.0145320561174844,0.0106546708489906,-0.0368259102074429,0.00264111016857091,XXbac-BPG308K3.6,F,0.0461974389623812
chr11,36615033,36615351,319,*,2,0.0120854083833012,0.0366841591760545,0.0476106151543383,0.0383109928675633,0.00470211545205923,0.000221182327373004,RAG2,F,0.0461974389623812
chr3,42003964,42003982,19,*,2,0.0163007291869537,0.0366771616865217,0.0174794933409189,0.0193075501838254,0.01006596591287,0.00701868345656578,,F,0.0461974389623812
chr6,10555262,10555264,3,*,2,0.0201784784777455,0.0366841591760545,0.0255345607422459,0.0255484078748216,-0.0135998333629545,-0.00874408825883089,GCNT2,F,0.0461974389623812
chr8,27348001,27348650,650,*,5,0.0084997306293173,0.0367088337399884,0.0483192127370629,0.0247892027695258,-0.0182527969845053,0.00122836867618521,EPHX2,F,0.0462160147951138
chr10,11207437,11207527,91,*,2,0.0102282957074645,0.0367548501043081,0.0152372462635325,0.0155584084398179,0.0101288526077183,0.00352062112483708,CELF2,F,0.0462489427008275
chr4,8642306,8642369,64,*,3,0.0184697151648987,0.0367548501043081,0.0267607937348537,0.0156097845488111,0.0174460985772456,0.0130066714137768,,F,0.0462489427008275
chr15,40226086,40226279,194,*,6,0.0171056167152472,0.0367941900690474,0.058043540991177,0.0304730737694007,0.0110837450038686,0.0046567338467558,,F,0.0462859381824834
chr11,65150083,65150416,334,*,5,0.00438214685062666,0.0368254991094352,0.0121837754920947,0.0122420711773742,-0.0295227568356304,-0.00108398270211211,SLC25A45,F,0.0463128137598271
chr17,74533239,74533504,266,*,3,0.0106499489450785,0.036858725714601,0.0312359668295093,0.0271626991455961,-0.0118772430979294,-0.00538045150859107,"PRCD, CYGB",F,0.0463251429777935
chr4,72053397,72053759,363,*,2,0.0133587285742256,0.036865144916406,0.0460234232020693,0.0377346097341572,0.0101901068287496,0.00698905908473799,SLC4A4,F,0.0463251429777935
chr3,13663398,13663538,141,*,3,0.0158555861640246,0.0368503515009093,0.0140795358325773,0.0154246198881585,0.0377901849895191,0.0297629681800976,FBLN2,F,0.0463251429777935
chr17,76866648,76866918,271,*,3,0.00255333067877687,0.0368886705231401,0.010788009016712,0.00903934727444739,-0.0121933288575663,-0.00705066834868736,TIMP2,F,0.0463422008703166
chr18,5544089,5544661,573,*,8,0.00535974523214884,0.0369112140645631,0.0145035660127063,0.0114250250880133,-0.0245500181536463,-0.00349944972805798,EPB41L3,F,0.0463580161539025
chr1,2820995,2821075,81,*,2,0.00558105482593889,0.0369654930554752,0.0109661448276533,0.00900418596668077,0.0178085386323391,0.0147945138225754,,F,0.0464136697652596
chr12,42719544,42721010,1467,*,13,0.00742145989215405,0.037089426768738,0.0290028462385027,0.0105962060187386,0.0225101873744172,0.00670719086535043,"PPHLN1, ZCRB1",F,0.046556727887335
chr14,105881034,105881968,935,*,4,0.000477297996514348,0.0371048008312101,0.011537631514985,0.00482537881613477,0.0216832607924643,0.00255302767304054,TEX22,F,0.0465634754704784
chr6,3749715,3749968,254,*,3,0.00477235977941084,0.0371446451886871,0.0127861596266558,0.010272730949981,-0.0152954953117118,-0.00125554543919067,PXDC1,F,0.046575824621356
chr1,16532990,16533434,445,*,4,0.00854689171486658,0.0371416459225415,0.0229736338211541,0.0101848155226011,0.00630140561871605,0.00430537795591484,ARHGEF19,F,0.046575824621356
chr5,98265241,98265264,24,*,2,0.0200631203385837,0.037138563864566,0.0168577778922898,0.018670414036281,-0.00138448161196551,-0.000943270607727888,CTD-2007H13.3,F,0.046575824621356
chr12,54778750,54779367,618,*,4,0.0121005415244559,0.0372235058018483,0.0588570716230446,0.0310233199695086,-0.0323991646679573,-0.0106746740267273,"RP11-753H16.3, RP11-753H16.5, ZNF385A",F,0.0466621444197059
chr17,73775296,73776120,825,*,13,0.00312248255512917,0.03727206909954,0.015801249196495,0.0106546708489906,0.0118306386570552,0.00574518517915035,H3F3B,F,0.0467104482767917
chr4,88343636,88344185,550,*,7,0.00434928955154166,0.037342669688205,0.0163180442699041,0.0147707920719533,0.0197721076351352,0.00688410243644886,NUDT9,F,0.0467681077347913
chr4,184718046,184718401,356,*,3,0.00457270114022027,0.037342669688205,0.0187093423382872,0.00915964759425054,-0.0117872587483121,-0.00176735999500952,,F,0.0467681077347913
chr20,49708657,49708799,143,*,2,0.00747247453173008,0.0373482054253143,0.0119930221243463,0.00985534697486283,0.00829008017723602,0.00496644201698478,,F,0.0467681077347913
chr8,17433926,17435088,1163,*,14,7.81351725181139e-05,0.037619961155963,0.0123879231099362,0.0075254796404692,-0.0270906284058393,0.00290626824103244,PDGFRL,F,0.0470957416944408
chr17,61904446,61905253,808,*,12,0.000331303474917203,0.0376483923680404,0.0175261592158355,0.00798473031052987,0.0145749150216534,0.00445689046564626,"PSMC5, FTSJ3",F,0.0471186679005547
chr20,30795591,30795840,250,*,4,0.00944760551391071,0.0377243693126564,0.0371221191560029,0.0168119384043226,0.0065836463627062,0.00419730383586437,"POFUT1, PLAGL2",F,0.0472010714371415
chr1,28585395,28585863,469,*,6,0.0166139982872281,0.0377417290855478,0.0777469289124925,0.039781957599896,-0.0134353815012516,-0.000159437207227193,,F,0.0472101080718227
chr2,211089678,211089815,138,*,2,0.00954952248977467,0.0377616442559125,0.010788009016712,0.0086771032705448,-0.0185529663442761,-0.0172919712524286,"AC006994.2, ACADL",F,0.0472223354725523
chr2,46843518,46844529,1012,*,10,0.000184522519726554,0.0378126877441427,0.0180621721908296,0.00487115800741015,0.0172399421500762,0.00607564454767343,"CRIPT, PIGF",F,0.0472734729730127
chr7,136553088,136553327,240,*,6,0.00720159254277331,0.0378236879704383,0.0359677218869182,0.0158943537374394,0.0169090760873175,0.00453961583386935,hsa-mir-490,F,0.0472745343205398
chr12,26112454,26112746,293,*,3,0.00815245033023511,0.0378513044134476,0.0165754755159069,0.0135184228437935,0.0359679812477586,0.0143144194264423,"RASSF8, RASSF8-AS1",F,0.0472963575673264
chr17,79669775,79670585,811,*,12,0.000652446932733046,0.0379585442857662,0.0311728846039573,0.0105210480516086,0.010559394994821,0.00213696489450892,"HGS, MRPL12, SLC25A10, SLC25A10, RP13-1032I1.7",F,0.0474049184067613
chr14,38064849,38065582,734,*,7,0.00609725778726167,0.0379573316449924,0.0275536850626268,0.0151403357764851,0.0164740499330815,-2.12068915250319e-05,"TTC6, FOXA1",F,0.0474049184067613
chr1,165322606,165323232,627,*,3,0.0057620372303833,0.0380007069875216,0.0326160339816463,0.0180423247734349,0.00942345472330275,0.00333391979358147,LMX1A,F,0.0474448505203453
chr20,10415809,10415919,111,*,6,0.0177922495769314,0.0381154743938556,0.0889104620498635,0.0357133796578779,0.0100830733870782,0.00776172552276256,,F,0.0475753857550751
chr6,149886883,149887318,436,*,5,0.0183773914712045,0.038157612407016,0.0816521907077117,0.0475898316965652,0.0118904443117893,0.00802064413341311,,F,0.0476152199837817
chr6,159278649,159278754,106,*,2,0.00839750962775266,0.0382054303255792,0.0138425532435755,0.012611647314301,0.0103907044939296,0.0059799084775376,OSTCP1,F,0.0476621186783344
chr6,41702426,41703872,1447,*,7,0.00108882315037719,0.0382964354228518,0.0149339056455901,0.0198577110132219,-0.00999900032483515,0.000130278892118668,TFEB,F,0.0477500668712773
chr1,10855553,10856466,914,*,4,0.00174915772672927,0.0382964354228518,0.0112183875654644,0.00807399746112987,0.0114221432479746,0.00276067382075874,CASZ1,F,0.0477500668712773
chr1,149815087,149815294,208,*,3,0.00769399135145254,0.0383612424438331,0.011878582599305,0.0109058194971697,0.0109109583200312,0.00718349074090412,HIST2H2BD,F,0.0478180690741249
chr3,15642818,15643617,800,*,14,0.00596878410450491,0.0385657854149263,0.0281977021298872,0.0127465379289123,0.0126697600999139,0.00589464470485166,"BTD, HACL1",F,0.0480601719768027
chr1,145515913,145516730,818,*,14,0.00329967721669044,0.0385970181452287,0.0688334888741797,0.0127928023260679,0.0155361164287896,0.00422454320427729,"PEX11B, GNRHR2",F,0.0480862261910996
chr16,25026271,25026956,686,*,9,0.00887142079249571,0.0386309427237821,0.0807213788727127,0.0271007698499855,0.00957664648294562,0.00482923224546787,ARHGAP17,F,0.0481027540814581
chr2,206949648,206950008,361,*,3,0.0116143645670736,0.0386309427237821,0.0303294690259449,0.0213008806254507,0.0159161935731925,0.0108119593562025,"AC007383.3, INO80D",F,0.0481027540814581
chr16,14576504,14576651,148,*,2,0.00772995681121507,0.0386821188443831,0.0128597667955898,0.0109058194971697,-0.0212954375506117,-0.0144266362208315,PARN,F,0.0481266226157372
chr10,131577638,131577741,104,*,3,0.00991207859895742,0.0386821188443831,0.036082772251167,0.0167763790501397,-0.00265044722178509,0.000187958179164245,,F,0.0481266226157372
chr6,25153422,25153566,145,*,3,0.0102970976918568,0.0387017826274288,0.0128171077435999,0.0118735302199345,0.0132338648538773,0.0046468046163749,CMAHP,F,0.0481266226157372
chr7,96653747,96653979,233,*,3,0.0156179534768854,0.0386948194796274,0.0338954475195642,0.0228918197833006,0.0149115128364705,0.00265371192993276,DLX5,F,0.0481266226157372
chr5,94955575,94956175,601,*,8,0.015624388716422,0.0386821188443831,0.0818454862278247,0.0170993621879259,-0.0338442460887451,-0.00240704657663544,GPR150,F,0.0481266226157372
chr3,97483221,97483242,22,*,2,0.0189033403252514,0.0387227531663546,0.0136441385691954,0.012132014628435,0.0149249046224599,0.0123220569128927,,F,0.0481398455674622
chr17,66286298,66287507,1210,*,13,0.00159129230937082,0.0388453421800816,0.0228595104773935,0.00824290088127962,0.0278624279694051,0.00637148718018258,"ARSG, SLC16A6",F,0.0482793590959808
chr11,107798913,107799660,748,*,12,0.00360104893762128,0.038955066779913,0.0300898276259174,0.0113878973963652,0.0114129276987041,0.00166345922327883,"RAB39A, SLC35F2",F,0.0484028137657564
chr12,96794220,96794611,392,*,8,0.00465812832333392,0.0390519871973965,0.0260646916082629,0.0168339546072,0.0222969376935743,0.00583994745526654,CDK17,F,0.0485102972468059
chr3,14692858,14693299,442,*,8,0.00453131869517345,0.0390780521510037,0.0536995469721654,0.013407086701,0.0146987541695512,0.00329759412503753,CCDC174,F,0.0485297303645932
chr2,31456217,31457608,1392,*,14,0.000240690358256501,0.0391020239502382,0.0157654572139537,0.00825240913546798,0.016485932232981,0.00337285933445788,"EHD3, CAPN14",F,0.0485402426202894
chr9,139843753,139844462,710,*,3,0.0015633516277229,0.039107363176149,0.0110975730721718,0.00881984892466789,0.0102415817668439,0.00183020690482526,LCN12,F,0.0485402426202894
chr7,27168609,27169208,600,*,6,0.00344767691656448,0.0391183296302813,0.0137045395908425,0.011273174081759,0.0290662972395475,0.00213936311892317,"HOXA-AS2, HOXA3, HOXA4, RP1-170O19.22",F,0.0485409168900133
chr5,161274695,161276001,1307,*,14,0.00021769025106138,0.0391779824204632,0.0188045025680606,0.00803479288496432,0.0189984801698492,0.000708837154062429,GABRA1,F,0.0486019883143573
chr17,79792777,79793088,312,*,8,0.0177021712195725,0.0392009966503039,0.063192193014686,0.0162600339294919,-0.00516967712992611,-0.000814915365811408,PPP1R27,F,0.0486175875900041
chr11,72504617,72505386,770,*,12,0.0018025197038491,0.0392279143875437,0.0160553800013731,0.0096322759013786,0.00761907247483536,0.00220802862177222,"ARAP1, STARD10",F,0.0486250724787839
chr5,137368293,137369060,768,*,9,0.00495252364302857,0.0392279143875437,0.0249196917064808,0.0111160808366003,0.0147379099002397,0.0067317252521563,"RP11-325L7.1, FAM13B",F,0.0486250724787839
chr19,57791287,57791959,673,*,9,0.00587366597959576,0.0392533544768293,0.0407956244488431,0.0122818589901145,0.00894938910256344,0.00475362591167137,"ZNF460, CTC-444N24.6",F,0.0486436593397004
chr10,134145188,134145729,542,*,9,0.00616708543908604,0.0392922525382117,0.0729169618226984,0.015172011443546,0.00858535836811457,0.00309139947028771,"LRRC27, STK32C",F,0.0486789093031264
chr7,151092759,151093196,438,*,5,0.00825006796358285,0.0394405129918734,0.0292549502181566,0.0136757180992054,0.0106223289802347,0.00284030836899174,WDR86,F,0.0488495928199879
chr5,2112109,2112561,453,*,7,0.00733608643947627,0.0395197073596823,0.0265372307210563,0.0164065572988459,-0.0180696351816831,-0.0049690083302468,,F,0.048908657234664
chr3,160166877,160167977,1101,*,14,0.00783917927853655,0.0395197073596823,0.0462345007539836,0.0212086933392611,0.0328382277726494,0.00353276089780342,"RP11-432B6.3, TRIM59",F,0.048908657234664
chr1,115125355,115125395,41,*,2,0.0135171493201003,0.0395197073596823,0.0176622782425285,0.0200963398843373,-0.0156920637820079,-0.0110867867157181,,F,0.048908657234664
chr16,68057128,68058281,1154,*,8,0.000235200632040465,0.039575650619419,0.0179173666770331,0.00914792017263822,-0.0158167162993359,0.00136395322125296,"DUS2, DDX28",F,0.0489648791005936
chr7,30633504,30634781,1278,*,15,0.0108382004119765,0.0395943561442998,0.0492580490799143,0.029482170139136,0.00778735193791667,0.00363618028389216,"GARS, AC005154.6",F,0.0489750110395762
chr3,114866835,114867274,440,*,5,0.00793587345564627,0.0396444891063164,0.0352825926930436,0.0276960599061754,0.0299686172780819,0.00951521391813177,,F,0.0490109863998182
chr5,159707484,159707559,76,*,2,0.0136078853150555,0.039638663173024,0.0134798757438089,0.0120064868544259,0.0257181700249365,0.00703357978939617,CCNJL,F,0.0490109863998182
chr6,31802397,31803718,1322,*,27,0.000209702711261206,0.0396824644536221,0.0209560466348219,0.0161458661313918,0.0195976839769191,0.00688720282916489,"C6orf48, SNORD48",F,0.0490449142676535
chr2,108993602,108994311,710,*,5,0.00851962499667562,0.0396974210013871,0.0198279318627862,0.0162293026915738,-0.0454052839173951,-0.012647324916741,,F,0.049050381958997
chr2,98280029,98280854,826,*,13,0.00751785171564289,0.0397641833441866,0.0184566825187306,0.0214835345109395,0.0110933280483447,0.00334312235623284,"LINC01125, ACTR1B",F,0.0491198413352459
chr6,138428131,138428995,865,*,10,0.00659572037744375,0.0398366036666245,0.020998578497965,0.0162293026915738,0.0265919077407154,0.00516654647025837,PERP,F,0.0491962512000717
chr20,23030102,23030533,432,*,6,0.00741419936434934,0.039875382541431,0.0197054505447001,0.0285218462105547,-0.00938581213301699,-0.00531668651811048,THBD,F,0.0492310860274242
chr2,164999854,165000000,147,*,2,0.0114344739827053,0.0399015674923776,0.0143870587755538,0.0143478461097135,-0.0203705516543841,-0.0165949560455352,AC092684.1,F,0.0492503577556328
chr12,49350941,49351708,768,*,9,0.00564207348997866,0.0399185474319167,0.0270951313576237,0.0215631081790166,-0.0168167491814987,0.00133656522970618,"RP11-302B13.5, ARF3",F,0.0492503752124671
chr22,17850431,17850911,481,*,5,0.00822027254454515,0.0399227327522146,0.0467709872528017,0.0125915730119484,-0.0134169989087892,-0.0074031158944339,CECR2,F,0.0492503752124671
chr17,47840643,47841033,391,*,5,0.0106426413405649,0.0399383781441848,0.0151496894050294,0.0158087465956107,0.0177982795102433,0.0121357659609739,FAM117A,F,0.0492566279177618
chr8,134582241,134582582,342,*,3,0.0117121535219236,0.0399590526429363,0.0150316208948972,0.0174598721377594,0.0110535579989954,0.00654247532943659,ST3GAL1,F,0.0492690781461887
chr5,153417925,153418932,1008,*,17,0.00295317104589677,0.0399805206200764,0.0705656369398135,0.0169642056720952,0.0128436005243085,0.00473292296643628,"MFAP3, FAM114A2",F,0.0492824998749857
chr2,32289415,32289715,301,*,3,0.00140211670160831,0.040008197550692,0.012904171888162,0.00898159051911905,0.019880706455574,0.00825122898406889,SPAST,F,0.0492836750806116
chr6,30418508,30418908,401,*,13,0.00259335158607312,0.0400238048432195,0.0298603011474603,0.0122504454583304,0.0152839096326691,0.00520900476662952,,F,0.0492836750806116
chr12,57145497,57146150,654,*,7,0.00584090825255131,0.0399938799782626,0.0436805192237426,0.0272044930924641,0.0109929303309266,0.00545331926235535,"HSD17B6, PRIM1",F,0.0492836750806116
chr13,98086427,98086635,209,*,3,0.01251281191178,0.0400238048432195,0.0138794694307532,0.0150609113500809,-0.00880326546730734,-0.00265909796177911,RAP2A,F,0.0492836750806116
chr5,141061863,141062571,709,*,8,1.19037801743512e-05,0.0400451333824118,0.0111997290407275,0.00780378589913196,-0.0381369107370483,-0.00846691197884209,,F,0.0492838758355951
chr19,45901453,45901649,197,*,3,0.0148291680947002,0.0400451333824118,0.0187093423382872,0.02399943378823,-0.0240807395703321,-0.00676381196423373,PPP1R13L,F,0.0492838758355951
chr17,57696515,57696993,479,*,8,0.000416006284785095,0.0401934505139027,0.0109661448276533,0.00896021150630075,0.0100751940335065,0.00477576817879273,,F,0.049453341887251
chr1,146697187,146697547,361,*,3,0.0154152090476761,0.0402389575514998,0.0899038233876501,0.0531509161571863,-0.0116595982390039,0.00257314431054887,"RP11-337C18.10, FMO5",F,0.0494962560267656
chr2,30453395,30453758,364,*,2,0.00179021483041206,0.0402831972070314,0.0121180087208437,0.0100828705799149,-0.0100958091179011,-0.00238979370946289,,F,0.0495375889604292
chr17,28256424,28257236,813,*,13,0.00377148453102361,0.0403603056063502,0.064655410166905,0.0141520199764925,0.0132713384013562,0.00527408015734163,"EFCAB5, SSH2",F,0.049619309189222
chr5,141072814,141072866,53,*,2,0.0129154917867943,0.0404540400781271,0.0157445541596265,0.0172739319922744,0.0427723435792252,0.0413141619591874,,F,0.0497214211253201
chr1,54411251,54411942,692,*,9,0.0109249404386881,0.0404655848998695,0.0404290055524938,0.0140421583837702,0.0189593329999034,0.00598555641419984,"LRRC42, HSPB11",F,0.0497224878307895
chr19,39341095,39341829,735,*,4,0.0113810607249627,0.0406314133842379,0.0873938615376121,0.0347365536868803,0.0109019738782502,0.00739625169861799,HNRNPL,F,0.0499130815432329
chr12,132551078,132551592,515,*,5,0.00432538899019802,0.0406562558832776,0.0138794694307532,0.010336162561784,0.0169272350508264,0.00486554763848006,EP400,F,0.049930428177327
chr7,73153629,73153975,347,*,4,0.00677769027071527,0.0407285057089358,0.0391686913068913,0.0212711781897308,-0.0104301482852944,0.00052219358010938,,F,0.0500059718129486
chr19,843307,843541,235,*,2,0.00333305126675186,0.0407934174723273,0.012904171888162,0.0111458436735577,0.000949365780232747,0.000333145180425022,PRTN3,F,0.05005927408923
chr19,7553823,7554201,379,*,7,0.0114840906548178,0.0407934174723273,0.0179469332165215,0.0200293167533945,-0.021623641552246,0.00225267549153505,PEX11G,F,0.05005927408923
chr6,43612346,43613395,1050,*,10,0.000546860549026378,0.0408800595160101,0.011733498160019,0.00953366104796263,-0.0435807580997504,-0.0199051059076444,RSPH9,F,0.0501011874310538
chr17,73105631,73106517,887,*,9,0.0050021520880903,0.0408785698272436,0.0239806130712518,0.0206678864972642,0.00947020675298398,0.00427513182194649,ARMC7,F,0.0501011874310538
chr5,180325254,180325579,326,*,2,0.010507686714883,0.0408465618089642,0.0132622057327462,0.0118001791701707,-0.0166018268169659,-0.0114310305578052,,F,0.0501011874310538
chr6,30875586,30875892,307,*,12,0.0124415581518813,0.0408813640193267,0.0153589491857035,0.0192951261148836,0.011107122047745,0.00650053636250893,,F,0.0501011874310538
chr5,115911468,115911760,293,*,2,0.0173918322430503,0.0408785698272436,0.0344776974897362,0.0337086823024753,0.00768560116383463,0.00607121177157089,CTB-118N6.2,F,0.0501011874310538
chr17,43299826,43299929,104,*,2,0.0124184724705562,0.0409796410515963,0.0179469332165215,0.0206678864972642,0.00674249049668257,0.0032776936482046,FMNL1,F,0.0502084157793433
chr2,113931518,113931565,48,*,4,0.0112007283653478,0.0410621339766382,0.0286509831775065,0.0234824303319164,-0.00886522564100194,0.000156162522094567,"PSD4, AC016683.5",F,0.0502962540581809
chr16,58767863,58768411,549,*,8,0.0116800964817499,0.0411026750507833,0.0465658834873713,0.0325441623461372,0.0146933924719331,0.00696107547172357,"RP11-410D17.2, GOT2",F,0.050332673602813
chr5,42468779,42468836,58,*,2,0.00614420359420545,0.0411254408681221,0.0112917818838669,0.00922771704609587,0.0312042365664382,0.011429644256221,"GHR, SERBP1P6",F,0.050347312860895
chr3,43327362,43328001,640,*,5,0.00220249186795121,0.0411456999936834,0.0127183248714926,0.00901407272953047,0.0312372495003326,0.00779288300126308,,F,0.0503588764443057
chr5,1076166,1077845,1680,*,11,0.00272904707082636,0.0412058040401488,0.0286014506078479,0.00937357344473193,0.00804012637057272,0.000407583428089119,SLC12A7,F,0.0504191879703029
chr6,167369491,167370276,786,*,7,0.000108109893576561,0.04125748700657,0.00833207855104537,0.00696368687175604,-0.00755105318990822,0.00155604424907139,"RP11-514O12.4, RNASET2",F,0.0504691665325969
chr7,27701988,27703436,1449,*,12,0.0027320139007154,0.0413243693878339,0.0544732111887022,0.0200486311620282,-0.0145397824956071,0.000959040148222662,HIBADH,F,0.0505377069955731
chr6,30311626,30314256,2631,*,45,9.38720085939507e-05,0.0414961527047515,0.0145043311355533,0.00783331431455619,-0.0330871570311481,-0.000833008939539767,"TRIM39-RPP21, RPP21",F,0.050734466564985
chr17,42785378,42786055,678,*,8,0.0015434329980636,0.041573085937625,0.0334030086154415,0.00918862520795492,-0.039078751062801,0.000203114694487212,DBF4B,F,0.0508018528500445
chr6,31509147,31509891,745,*,16,0.0123709263382368,0.041573085937625,0.124893676818354,0.0538925024934574,0.0351092015036185,0.00809508265962998,"DDX39B, ATP6V1G2-DDX39B",F,0.0508018528500445
chr7,2647852,2648785,934,*,8,0.000759057724098461,0.0416363564260128,0.0132622057327462,0.00903934727444739,-0.0623047769998218,-0.0196940536618559,IQCE,F,0.0508658215834054
chr13,51416639,51416749,111,*,2,0.0174986000587055,0.041649963641852,0.0189450858509735,0.0217790056546023,-0.0278023320878127,-0.0136208145816279,"DLEU7-AS1, DLEU7",F,0.050869100624208
chr2,214016113,214016940,828,*,6,0.00236224634900361,0.0417634943394592,0.012288931516823,0.0116284191578332,0.0212149134498837,0.00789807006373365,IKZF2,F,0.0509943872938808
chr14,93581049,93581139,91,*,2,0.0126725262931122,0.0418553508532589,0.0590161073352509,0.047082335770036,-0.0160642533065879,-0.0078156651586586,ITPK1,F,0.0510931504386964
chr8,30890980,30892479,1500,*,22,1.93460917597204e-06,0.041948026385068,0.0143063327438957,0.00548881360928893,0.0224575659649323,0.00540235800570931,"WRN, PURG",F,0.0511794495350436
chr8,74332522,74332829,308,*,3,0.004873336672378,0.041948026385068,0.0127861000263415,0.0109926729307207,-0.0139943563588361,-0.00320929143874649,"STAU2-AS1, STAU2",F,0.0511794495350436
chr16,15595854,15596423,570,*,9,0.0137354851507745,0.041975330505402,0.0595212971480736,0.0243743560918364,-0.0238405186454912,-0.00139195777808793,"RP11-1021N1.1, C16orf45",F,0.05118594243615
chr20,31331814,31332353,540,*,6,0.0142285889948658,0.041975330505402,0.0646231367022209,0.0302305660334403,0.0371221472402279,0.0149851449671041,,F,0.05118594243615
chr19,3097565,3097728,164,*,4,0.0151103582503458,0.0420287199731968,0.0306134788443226,0.0184082489526221,0.0119498957218513,-0.00107750222691355,GNA11,F,0.0512376306060675
chr16,89557368,89557752,385,*,6,0.0164671042076786,0.0422770981334877,0.0743161386086894,0.0222855798451563,0.0102728190831652,0.00637835789868171,SPG7,F,0.0515269421637404
chr12,42538191,42539512,1322,*,11,0.00048945155279682,0.0423274111351666,0.00823931326838979,0.00860699847547149,-0.0154783766549644,0.00108621758373761,GXYLT1,F,0.0515612748251297
chr6,109416520,109417087,568,*,5,0.000610249878681411,0.0423274111351666,0.0157247561785571,0.0088075900274432,0.0160113898829862,0.00442753389968698,CEP57L1,F,0.0515612748251297
chr16,31054123,31054411,289,*,2,0.00264625953556973,0.0425012587054417,0.0126376979125158,0.0107259239364166,-0.0126794946820005,-0.0117337595620098,STX4,F,0.0517595088366218
chr6,32177664,32178155,492,*,6,0.0181484590219001,0.0426423668490836,0.0675998454618274,0.0502476540320799,0.0309814972389035,0.00111532900116072,NOTCH4,F,0.0519177784094594
chr5,130970657,130971738,1082,*,17,0.00623294451286631,0.042677826617026,0.0572585708411351,0.0209307657678221,0.0104130468766103,0.00456763664736373,"RAPGEF6, CTC-432M15.3",F,0.051941698446773
chr17,79981084,79981292,209,*,7,0.0182886855147382,0.0426843203684347,0.134032975088949,0.0890574779706007,-0.0082429702651376,0.00222893975657615,"LRRC45, STRA13",F,0.051941698446773
chr16,73097057,73097142,86,*,2,0.0189477261009576,0.0427215958043217,0.0138794694307532,0.0132930240741482,0.00767628516662913,0.00273552918102734,,F,0.0519734774453307
chr1,2234291,2234751,461,*,3,0.000953722060669501,0.0428748496193751,0.00869892185275927,0.00829283559153749,0.0343243522159742,0.0105213192700088,SKI,F,0.0521462979047871
chr3,61550379,61550635,257,*,3,0.00138148878083872,0.0428898615505634,0.00797358697155507,0.00785261945173627,0.0114468078572976,0.00456287625153494,PTPRG,F,0.052150936094249
chr10,334430,334773,344,*,5,8.07110356949628e-06,0.0429065191235693,0.0014053545146879,0.00210071691068071,0.00826352431181232,0.00327312474153165,DIP2C,F,0.0521575723201416
chr11,62559380,62559882,503,*,9,0.00385780360509617,0.0429459504240146,0.0244580990371686,0.017944303765261,0.0149059589605176,0.00661205216026291,"TMEM223, NXF1",F,0.0521782653599363
chr8,124286482,124287276,795,*,9,0.0164220665213117,0.042943672879238,0.0564048956341296,0.0370256664769518,0.00891334781331046,0.0048513844589856,ZHX1,F,0.0521782653599363
chr17,79875458,79876123,666,*,5,0.00278685447029187,0.0430474630115865,0.0132622057327462,0.0122227166701615,0.0282404588291703,0.0163568098825061,SIRT7,F,0.052267119197209
chr5,57878882,57879443,562,*,9,0.0151575319017812,0.0430527526820901,0.0621965764082809,0.0239447392331189,-0.0104325437167763,0.00139874471064543,RAB3C,F,0.052267119197209
chr8,91013176,91013204,29,*,2,0.0199325433609163,0.04304244499217,0.0850770496584208,0.0566867192875817,0.0115202827745438,0.010494121438225,NBN,F,0.052267119197209
chr19,10304422,10305125,704,*,3,0.000157982477242687,0.043155185489722,0.00689268899370422,0.00615476825717164,0.028554713108793,0.0156340703423483,DNMT1,F,0.0523778209084273
chr12,72079240,72080006,767,*,6,0.00294743202924881,0.043272072830491,0.012904171888162,0.0115320351111121,0.0272863962316374,0.0062019952557921,"RP11-293I14.2, TMEM19",F,0.0525060039529955
chr13,50655696,50656957,1262,*,8,0.00174149712045741,0.0433259099815021,0.0118564782534789,0.00922395507668546,0.0168335082236006,0.0075012003778305,"DLEU1, DLEU2",F,0.052543948641629
chr13,107143980,107144353,374,*,4,0.00428810253016221,0.0433259099815021,0.0173635564874806,0.0112325351910427,-0.0490623712430832,-0.0347875746543061,EFNB2,F,0.052543948641629
chr20,33999335,34000172,838,*,11,0.00402119855299453,0.0433549902366268,0.0222390627659826,0.0168984660652571,0.0192690758811538,0.00311443250032884,UQCC1,F,0.0525655270846059
chr8,136468992,136469119,128,*,2,0.00789978659136976,0.0433880547313314,0.0128970324381421,0.0111458436735577,0.0056242773389454,0.00254057177030534,RP11-343P9.1,F,0.0525919237073947
chr16,67260661,67261564,904,*,16,0.000971725148577119,0.0435655274191344,0.0301232686352669,0.0103553446056208,0.0113050478262861,0.00469108848273004,"TMEM208, LRRC29, AC040160.1",F,0.0527795684679784
chr1,24229682,24230384,703,*,2,0.00425177619398056,0.0435549133201714,0.0338954475195642,0.0344915822235717,-0.0457079093949982,-0.0194909452258708,CNR2,F,0.0527795684679784
chr10,96305254,96306281,1028,*,13,0.00261867004766691,0.0436451602445795,0.0156527010973682,0.0127952720504484,0.0175834425324299,0.00805954594740207,HELLS,F,0.0528622916148262
chr7,1045025,1045411,387,*,4,0.0048607296802205,0.0436580201415961,0.0187141928259608,0.0117945357602355,-0.00617396366395839,-0.00491118665327781,C7orf50,F,0.0528641185125878
chr7,157461081,157461368,288,*,5,0.0153316913380384,0.0436882495124491,0.0513157219393681,0.0203417110125674,-0.00957065278710068,-0.00188346102360123,PTPRN2,F,0.0528869711410126
chr12,120524653,120525338,686,*,6,0.0105919931108415,0.043703789398564,0.0294283544794056,0.0173275296603606,-0.043967452006963,-0.0087805751569958,CCDC64,F,0.0528920341031997
chr5,149828673,149829393,721,*,10,9.22786286553972e-05,0.0437845020210916,0.0115405716428096,0.00676307792548395,0.0112095095755281,0.0046569288346438,RPS14,F,0.0529621885486295
chr4,109541525,109542144,620,*,14,0.0125683466256168,0.0437738230315203,0.0782974800652393,0.0300537650858387,0.0152907471179066,0.00735483222843384,"RPL34, RPL34-AS1",F,0.0529621885486295
chr16,69221552,69222573,1022,*,4,1.53272653304908e-05,0.0439122926729531,0.00518642384558885,0.0052479408269403,0.0277751074248248,0.00605871837185539,"CIRH1A, SNTB2",F,0.0530791619378865
chr2,190305524,190306096,573,*,10,0.00133518546411731,0.0439153985283823,0.0278504015907194,0.00822731229964776,0.0142400413250529,0.00911711435516078,,F,0.0530791619378865
chr10,104677561,104677600,40,*,2,0.0135940252581383,0.0439153985283823,0.0164581904466693,0.0193086730834433,-0.00446271904154091,-0.00289242209520836,,F,0.0530791619378865
chr11,35160330,35161183,854,*,9,0.00358463430713382,0.0439843648858256,0.0156527010973682,0.0118803608591231,-0.0144344347178556,-0.00123936187607722,CD44,F,0.0531487252914607
chr4,122791314,122792031,718,*,11,0.00228692599498487,0.0440930485141476,0.0166515379563643,0.010420600481539,0.0138562511213874,0.00788011332381154,"RP11-63B13.1, BBS7",F,0.053261261016319
chr12,121022424,121022439,16,*,2,0.0188080954579597,0.0441003698687838,0.022655099607338,0.0256329560474319,-0.00758411623421589,-0.00186211519501894,,F,0.053261261016319
chr1,67896138,67896816,679,*,6,0.00342960899966143,0.044126676582021,0.0176687199288446,0.0101934390182938,0.0110718793625837,0.00436766959562007,,F,0.0532654050913613
chr7,75616848,75617028,181,*,2,0.0164948542318221,0.044126676582021,0.0170074461773376,0.0202534440427966,-0.0116787362596354,-0.00590503063253389,TMEM120A,F,0.0532654050913613
chr2,87034831,87035982,1152,*,11,0.00520759464611282,0.0441508470964158,0.0454390439673039,0.0179896081227928,0.0151833638772123,0.00717967776845888,CD8A,F,0.0532807709064547
chr22,39715096,39715143,48,*,3,0.0178554134635538,0.0441678000361806,0.016007784063678,0.0165078916344369,0.0227328510333031,0.0126083265757063,"RPL3, SNORD43",F,0.0532874209244801
chr17,79451656,79451985,330,*,2,0.00188455235159247,0.0442628027515156,0.0121837754920947,0.0103085156137196,0.0146440463838544,0.0109041103520073,,F,0.0533882083433846
chr2,207139066,207139471,406,*,9,0.000453159573862282,0.0443742895987382,0.0130674198008828,0.00862680613656963,-0.0215746194045481,0.000100811622441068,ZDBF2,F,0.0534949693661206
chr3,12329070,12329590,521,*,8,0.0117111498252675,0.0443739380059791,0.104253369266043,0.0351865074360455,0.00854120599572598,-0.000344746733308436,PPARG,F,0.0534949693661206
chr14,73493421,73494092,672,*,12,0.00850882943740117,0.0443968001778104,0.0600627130782683,0.0199627266569664,0.0256086623706867,0.00835444908867623,ZFYVE1,F,0.0535082552867659
chr1,12185845,12186307,463,*,3,0.00432503568116231,0.0446630924856273,0.0222294820286982,0.0098970960819032,-0.0522909965305348,-0.0258245097861879,TNFRSF8,F,0.0538152708164466
chr1,159915569,159916077,509,*,4,0.0141363640017501,0.0447048410602461,0.0166577790546073,0.0253075212976239,-0.0285368578487543,-0.0139963329929105,,F,0.0538516411840575
chr11,64085532,64086020,489,*,7,0.0137158206380538,0.0448062891120626,0.0764855230829565,0.0539303878891238,0.00849602179929297,0.00433230099612631,"PRDX5, TRMT112",F,0.0539598883876068
chr2,177052687,177053568,882,*,12,0.0032120838675469,0.0450450601530533,0.0584197950871709,0.0293699506981382,-0.0359638953989209,-0.0120699755796537,"HOXD1, HOXD-AS1",F,0.054219396519196
chr12,56320701,56321427,727,*,11,0.00571574263386627,0.0450450601530533,0.0214728854883252,0.0221802170493419,0.00932599418126817,0.00367093160995832,"DGKA, WIBG",F,0.054219396519196
chr1,109400731,109401072,342,*,2,0.00507879958625078,0.0451045858758617,0.0130674198008828,0.011584042003418,0.030416362892278,0.00663334387013437,"SPATA42, AKNAD1",F,0.0542629957178734
chr19,39421160,39421712,553,*,14,0.00658162608667163,0.0451045858758617,0.064824148418637,0.0210517395529577,0.0113044963017752,0.00380598394747043,"MRPS12, SARS2, CTC-360G5.8",F,0.0542629957178734
chr10,89622531,89623360,830,*,28,0.00603009776597152,0.045324029221085,0.181779343385292,0.0768620672845457,0.0109164987803266,0.00336870646525304,"PTEN, KLLN",F,0.0545129142775292
chr2,74741573,74741941,369,*,5,0.00797352866120333,0.0453889923445127,0.0230194639632285,0.0119245304078531,0.00621292267535548,-0.000260693261566133,TLX2,F,0.0545769525815636
chr1,44870688,44871429,742,*,8,0.00338302261865286,0.045487455973075,0.0110158855832054,0.0127920977450539,-0.0242517177919121,0.000462455707573271,RNF220,F,0.0546671180558994
chr10,99399946,99400533,588,*,12,0.0124934272129057,0.0454769625375284,0.0708800092629729,0.0272249904727752,0.0274263041142037,0.00661121380921261,"PI4K2A, PI4K2A",F,0.0546671180558994
chr13,48611439,48611561,123,*,4,0.019712252292146,0.0457069209952856,0.0502120437567023,0.0514809113740126,0.023318250279845,0.0124140219595984,SUCLA2,F,0.0549167004837578
chr10,135050326,135050704,379,*,10,0.0159685903772538,0.0457478142716004,0.0609642007162194,0.0200652483564086,-0.0311064604378073,-0.0151786076673843,,F,0.054951656193666
chr6,74078997,74079722,726,*,10,0.00133111155702017,0.0458071320135953,0.0563527754627092,0.0149790469695025,0.00911602516355958,-0.00246231668804694,"OOEP-AS1, OOEP",F,0.0550013731262115
chr17,8066184,8066669,486,*,5,0.0118324836293456,0.0458128250711992,0.0145035660127063,0.0217458992861137,0.0144074461521697,0.00571686866737546,"RP11-599B13.6, VAMP2",F,0.0550013731262115
chr22,50311962,50312613,652,*,10,0.00898248758243675,0.0461297692181519,0.0239650839769961,0.0320562615458575,0.0117762181914742,0.00276269282743245,"CRELD2, ALG12",F,0.0553533458513099
chr22,42347906,42348013,108,*,3,0.012515252885732,0.0461297692181519,0.0138104127472649,0.0157999410482476,0.0156552499778677,0.00633732017329058,,F,0.0553533458513099
chr1,181002669,181003203,535,*,4,0.00955187420901891,0.0461979861052406,0.0173269300861351,0.0161372205154162,0.0419493184216075,0.0215631329209149,MR1,F,0.0554209225378943
chr5,173005622,173005657,36,*,2,0.0198225946058969,0.046314032254984,0.0154856439573902,0.0174873570048407,0.016030214612879,0.00343656367548961,,F,0.0555458275074582
chr6,31936154,31939322,3169,*,60,0.00020169799330364,0.0463352642577423,0.023802428231984,0.00708184128396439,-0.0146710898593558,8.33378227547481e-05,"SKIV2L, STK19, DXO",F,0.0555569839465257
chr2,236720733,236721802,1070,*,9,0.00780516159975979,0.0465415722216251,0.0982621824999909,0.0393867431402235,0.0298889379943216,-0.00230712476497594,AGAP1,F,0.0557899876026018
chr2,109607038,109607272,235,*,2,0.0106975764496852,0.0465594086417308,0.0140118021756481,0.0139160327206835,0.0557228675370567,0.0289095601907553,,F,0.0557970061874782
chr17,78322484,78322547,64,*,2,0.0186517774467615,0.0465834118220314,0.0176827967444154,0.0214589357958923,-0.0136483723680511,-0.00750508333174582,RNF213,F,0.0558114095331104
chr3,150263353,150264278,926,*,3,2.03816492644984e-05,0.046614541410111,0.00928924739848483,0.0088075900274432,0.0136282325864144,0.00459642429621698,SERP1,F,0.0558343413958042
chr14,58764383,58764945,563,*,8,0.00511183321149795,0.0468525848512295,0.0132462423980818,0.0108942766112891,0.0148710900442994,0.0104426068360485,"C14orf37, RP11-349A22.5",F,0.0561050366809401
chr17,27181503,27182342,840,*,11,0.00477428404625498,0.0469770081741045,0.060203293546593,0.0114889683932702,0.0211155995347386,0.00526708857831379,"ERAL1, FAM222B",F,0.0562395699400526
chr8,22925391,22926911,1521,*,14,0.000711621232687454,0.047095989558568,0.00949024037157629,0.00474367274966792,-0.0258888355747376,0.000224089492131548,"RP11-875O11.2, TNFRSF10B",F,0.0563538927723564
chr14,50065056,50065245,190,*,6,0.0114636688109583,0.0470967040304941,0.0346209720152595,0.0146508439414093,0.0185457643577459,0.00732792269429142,"RPS29, AL139099.1",F,0.0563538927723564
chr20,30326562,30327429,868,*,12,0.00279117664893578,0.0471191011385222,0.0160420673947161,0.0145845603333216,0.0117924903426961,0.00665918133960562,TPX2,F,0.0563662096075257
chr6,16762984,16763125,142,*,2,0.00654924619666527,0.0471323323466707,0.012904171888162,0.011273174081759,0.00972173230380892,0.00530876821448582,,F,0.0563675582276439
chr12,8234546,8235314,769,*,10,0.00112695784760455,0.0472045566009861,0.0238806131127856,0.0104034000877754,0.0139526926085486,0.00615205753480372,NECAP1,F,0.0564394403313973
chr1,181452827,181452839,13,*,2,0.0194252805140112,0.0474001584500108,0.0795608842382218,0.059120986130821,0.0027693921425522,0.000860223193862183,CACNA1E,F,0.0566587622950976
chr6,32938824,32941389,2566,*,73,0.000114171554597002,0.0474192038385125,0.0532924677699711,0.0221272468417703,0.0243015411540329,0.00462577465111757,"BRD2, XXbac-BPG181M17.6",F,0.0566669828780993
chr3,63849527,63850092,566,*,7,0.00505693724419734,0.047480088210236,0.0155885477678169,0.0140488110461817,-0.0103740563986995,-0.000495018275353947,THOC7,F,0.0566961197565014
chr16,67193897,67194232,336,*,7,0.0108296265420633,0.0474748955790632,0.0724120538891571,0.0470570227847829,0.0152306707249106,0.00794585130798755,"FBXL8, TRADD",F,0.0566961197565014
chr3,9834304,9834899,596,*,9,0.0109926581138808,0.0474801088791831,0.0381167176159841,0.0349833861873139,0.00809367749562909,0.00292178503150711,"ARPC4, ARPC4-TTLL3, TADA3",F,0.0566961197565014
chr9,4679326,4679784,459,*,4,0.011497123395664,0.0475571907726204,0.0243342117842643,0.0258085028000558,0.00558252140863465,0.00272015991528549,"CDC37L1, RP11-6J24.6",F,0.0567736061082013
chr6,167412320,167412981,662,*,7,0.00720241661602227,0.0477283709112721,0.0218819709641044,0.0211266638215548,0.00509496436597347,0.00284734342182155,"FGFR1OP, RP11-517H2.6, RP1-167A14.2",F,0.0569633581070718
chr2,233469404,233469415,12,*,2,0.00893614367690262,0.0479103357406678,0.0130674198008828,0.0116607745606993,0.00977958140766977,0.00599234065349319,AC073254.1,F,0.0571658810003305
chr15,86338346,86338692,347,*,7,0.0139509959513245,0.0479430571534115,0.0433988869819274,0.0157838561833609,0.00998802078265691,0.00618506950457306,,F,0.0571902707898149
chr4,159593506,159593775,270,*,4,0.010376944008059,0.0480009612120514,0.079664609028434,0.0334875611872553,0.0107630065504174,0.00599918798293436,ETFDH,F,0.057244680246997
chr5,422114,422213,100,*,2,0.0170610213824721,0.0480195738157008,0.0117705407563178,0.00974020798835249,0.0169051790289125,0.00360370148629974,AHRR,F,0.0572522158883049
chr14,20881440,20882083,644,*,10,0.00766039087630766,0.0480863624740511,0.0168341178733982,0.0187547609817052,0.0246890709082043,0.00719738207920858,TEP1,F,0.0573025051283664
chr19,15090242,15090275,34,*,2,0.0113730540380324,0.0480845671345314,0.015801249196495,0.0185900516786405,-0.00846239307210328,-0.00516304235333935,SLC1A6,F,0.0573025051283664
chr12,49961253,49962501,1249,*,14,0.000509718715535293,0.048230350394322,0.0325335743826986,0.00859497897599778,0.015921496159342,0.00474839189315157,"PRPF40B, MCRS1",F,0.0574446909939533
chr2,198298917,198299934,1018,*,7,0.000884572600754909,0.0482270764191017,0.0138425532435755,0.0107285282525982,0.00837203805612906,0.00321975877283171,SF3B1,F,0.0574446909939533
chr1,156023859,156025002,1144,*,12,0.00429846681905737,0.0484171948363451,0.0531258003417516,0.0113231137698092,0.0102340930119464,0.00422763834118828,LAMTOR2,F,0.0576524869222345
chr16,1499092,1499445,354,*,2,0.0165656480239112,0.0484581854652486,0.0396054271690831,0.0408150832482166,-0.0100539155866823,-0.00759005750118719,CLCN7,F,0.0576865464498115
chr2,151343868,151344076,209,*,2,0.0196542929522639,0.0484754882552689,0.0731554620463933,0.0577765036276009,0.0220353214680631,0.018136368163101,RND3,F,0.0576923968322994
chr12,114843188,114843807,620,*,7,0.00287534787223323,0.0485609666796645,0.0219724785098548,0.0191212214501229,0.00533705299420571,-0.000302424654645009,TBX5,F,0.0577793617340821
chr7,148684508,148684625,118,*,3,0.0164448230054783,0.0485952573095128,0.0155236989496522,0.0149542687209689,0.0183542862297279,0.0134048663890185,,F,0.0578053929221969
chr11,2005425,2005585,161,*,3,0.00755203876531106,0.0486616954895928,0.0153903580976187,0.0109926729307207,0.00836909510907691,0.00207387065289592,"MRPL23, MRPL23-AS1",F,0.0578548674738406
chr11,67169531,67169813,283,*,3,0.0174862494904545,0.0486616954895928,0.0451281476445638,0.0264185261408872,0.0100688726514752,0.00777593090372639,PPP1CA,F,0.0578548674738406
chr3,169385983,169386691,709,*,6,0.000126598596449507,0.0486858360214025,0.012904171888162,0.00610686965927971,0.0141860668088449,0.00185350031095009,,F,0.0578687948830197
chr10,102881114,102881545,432,*,6,0.0056424019078737,0.0487863884046241,0.0145875928388651,0.0143591202623208,-0.0130408275290372,4.73265056506355e-05,TLX1NB,F,0.0579587272449833
chr1,35226707,35227272,566,*,4,0.011703877678511,0.0487795229203224,0.0216496185855933,0.0151283785508416,0.0180361672877015,0.00652090403741729,"GJB4, SMIM12, RP1-34M23.5",F,0.0579587272449833
chr4,1957019,1957097,79,*,2,0.0150247372318605,0.0488227330220102,0.0152622909881793,0.0172030466153433,-0.00825314920125675,-0.00680717034819894,WHSC1,F,0.0579871123905895
chr2,241075960,241076777,818,*,23,0.00378316832212809,0.0489257591206011,0.0629282734478559,0.0255492636715068,0.0291531440919129,0.0053875138945194,MYEOV2,F,0.0580946609445792
chr20,47894490,47895529,1040,*,20,0.000994869350745852,0.0490618484824503,0.0423934413242089,0.00914792017263822,0.0189843059456727,0.00669261454814555,"ZFAS1, SNORD12C, ZNFX1",F,0.0582414041251009
chr8,854690,854757,68,*,3,0.0184075456716796,0.0493583135340766,0.0221320298940187,0.0248009650783049,0.0103094779473969,0.00273563855920526,ERICH1-AS1,F,0.0585784062508142
chr17,42297002,42297085,84,*,5,0.0144156813975185,0.0495797873607221,0.0189589898626521,0.0209307657678221,0.0110929877151532,0.00407203801780865,UBTF,F,0.0588262598060848
chr1,25572862,25572975,114,*,2,0.0179805284263539,0.0496062596468306,0.0446115343803392,0.0446467223881604,0.00993876166444391,0.00683217509349485,C1orf63,F,0.0588426773243225
chr15,74833297,74833399,103,*,4,0.0163507919818285,0.0496978936739953,0.0533956114646312,0.0458233152714647,0.0156427601026492,0.00700511727960659,,F,0.0589363613037423
chr6,31587470,31591345,3876,*,55,7.69095928700265e-07,0.0497214421630008,0.0109661448276533,0.00261406065275426,-0.0679205947653715,0.0024030257734834,"PRRC2A, SNORA38",F,0.0589376702425743
chr2,203035481,203036837,1357,*,6,0.000534977995206324,0.0497243088647358,0.0290645620809559,0.00730467205648043,-0.0486473068505242,-0.0269864956774498,AC079354.1,F,0.0589376702425743
chr6,27356234,27356690,457,*,9,0.00475223905629187,0.0497869424646732,0.0148485410620303,0.0163408423881523,0.0148454577812434,0.00411843102690184,ZNF391,F,0.0589968933989779
chr13,70681804,70682127,324,*,4,0.0165798724515305,0.0498138081901407,0.0210342750868698,0.0312110736305305,-0.0250361916865333,-0.0137736127433649,"ATXN8OS, KLHL1",F,0.0590137127299632
chr2,161126482,161127261,780,*,6,0.0044810905341558,0.0499992470408278,0.0407907215536008,0.0206152662088097,-0.0182594528005481,-0.00134788963443511,ITGB6,F,0.0592183350633609
chr8,61590588,61590787,200,*,4,0.0107355142324022,0.0500429519365799,0.0307597564049972,0.0130613893046365,0.0149168577936306,0.0095428383179722,,F,0.059255028519871
chr5,134990285,134990806,522,*,4,0.00374738252448601,0.0502000435594008,0.0204540835051892,0.0103884830459305,0.040036479005975,0.0138285367250783,,F,0.0594259285348576
chr17,78518180,78518472,293,*,3,0.0187478749894442,0.0502442552987197,0.0400891426921691,0.0407341577500214,0.0223195813085999,0.0100470862014708,,F,0.0594631504259562
chr10,22609629,22610048,420,*,7,0.00851605939626058,0.0502777751382841,0.0342358418318591,0.0139862191466159,0.0129037262228487,0.00394365693600586,COMMD3-BMI1,F,0.0594877029519789
chr3,194783274,194783413,140,*,3,0.00626717010339026,0.0502963286273332,0.0111428198694594,0.0103455093712707,0.0311967061446461,0.0135057892714144,,F,0.0594945396031218
chr7,811206,811786,581,*,5,0.0143489973052417,0.0503124796045186,0.0328855561079547,0.0211938989401911,-0.0222970683403312,-0.00910888929266588,HEATR2,F,0.0594985316196656
chr6,50808627,50808813,187,*,4,0.00685807267035915,0.0503326033153631,0.0126279161119832,0.0113876815366202,0.0171106806478409,0.00368413802476273,TFAP2B,F,0.0595072184919132
chr17,34309129,34309577,449,*,3,0.000340367750044448,0.0504402658994761,0.00760076808210923,0.00733565889996675,0.0347215330371479,0.0128250726854096,,F,0.0596193701253453
chr19,2085286,2085297,12,*,2,0.02038745236291,0.0504548952018383,0.0117098145537896,0.00971643748024622,0.0211752045230657,0.0166957151709286,MOB3A,F,0.0596215292958541
chr7,155286660,155287373,714,*,5,0.00905641009315454,0.050574416280737,0.0161997020912551,0.022594479698855,-0.00958795139345359,-0.00284749398713531,CNPY1,F,0.0597324515900056
chr7,20824905,20825465,561,*,5,0.0114409858954555,0.050574416280737,0.125603208483561,0.0783056132568068,-0.029752812311141,-0.00830703853490634,SP8,F,0.0597324515900056
chr15,43622652,43623282,631,*,14,0.00977669328763951,0.0506029710610784,0.0862746313175845,0.0393867431402235,0.0103593648559147,0.0047383573492536,"ADAL, LCMT2",F,0.0597358773717217
chr20,36011999,36012016,18,*,3,0.0195389655694044,0.0506029710610784,0.0307277568395199,0.0175388789487221,0.0225916104994816,0.0122364946480474,SRC,F,0.0597358773717217
chr17,8906204,8907074,871,*,5,0.00528766651655226,0.0506405491329941,0.0389630873532941,0.0205983271077867,0.004642037654636,0.00248602617644045,,F,0.0597650880163086
chr1,47694919,47695475,557,*,5,0.00425091962752826,0.0507135259530989,0.0140118021756481,0.0109050837608241,-0.0486255246484262,-0.0189910018929055,"RP1-18D14.7, TAL1",F,0.0598324288269473
chr7,38948777,38949140,364,*,5,0.0204270379616668,0.0507233044897548,0.0942519044035861,0.0554912043159006,0.0266908858651042,0.00960201179944059,VPS41,F,0.0598324288269473
chr19,14785593,14785849,257,*,5,0.00924932307787498,0.0507970427294092,0.0196811807150729,0.0123091643424157,-0.04698130217324,-0.0272963829000566,EMR3,F,0.0599042360068014
chr8,24855843,24855940,98,*,2,0.0189773273346801,0.0508413709918786,0.0166183929213883,0.0206933594066824,-0.0139827109617917,-0.00344089751476012,CTD-2168K21.1,F,0.0599413328377667
chr19,47291295,47291836,542,*,4,0.00789272586287586,0.0508864283589489,0.0147528365041926,0.0225609742985651,0.0121056753995601,0.00657149181604346,SLC1A5,F,0.0599792702778095
chr7,98568096,98568687,592,*,4,0.00560603213333647,0.050923305047445,0.0289118186872646,0.012132014628435,-0.0207966845701858,-0.0153108495300702,TRRAP,F,0.0600075484832873
chr19,45146246,45146289,44,*,2,0.0138994836120347,0.0512984999292006,0.0286722730319724,0.0331732012692914,-0.019872689212992,-0.0127143906780452,CTB-171A8.1,F,0.0604343825373861
chr1,150336129,150337482,1354,*,16,0.00703054924685308,0.0514534602785301,0.0601645272117143,0.0162376094822854,0.0153783711030878,0.00702407016288066,RPRD2,F,0.0606016096401403
chr5,141704548,141705539,992,*,15,0.000346497146460334,0.051468003028043,0.0156715631432692,0.0081696198312567,0.0236958603886081,0.00219582016092713,"AC005592.2, SPRY4",F,0.0606034108980015
chr1,61542546,61542689,144,*,5,0.0153835359958851,0.0515017455061087,0.0151323816592907,0.0169076999867318,0.00811761977176154,0.00536716392792404,NFIA,F,0.0606278131501386
chr18,5890838,5891001,164,*,2,0.0153219093747938,0.0516490207226172,0.0481659831697701,0.0479133836724518,-0.0141851391184487,-0.0120145943167792,"RP11-945C19.4, TMEM200C",F,0.0607858199406692
chr2,208030304,208031878,1575,*,11,6.10385639148249e-05,0.0518015095500403,0.0122261821304003,0.00610686965927971,0.00885790457189401,0.00279612748456754,KLF7,F,0.0609498812467251
chr1,68151571,68152310,740,*,5,0.00144134805734405,0.0518502273613805,0.00893367035126136,0.010842277294323,0.021577414343423,0.00255198224830642,GADD45A,F,0.0609917930846045
chr1,220445979,220446194,216,*,5,0.00313918052894011,0.0518676887599237,0.00864787756341542,0.00942662856910712,0.0203324651002092,0.00752284077871037,,F,0.0609969258977184
chr17,36903811,36904473,663,*,5,0.0025570754656351,0.0522018488567508,0.0122702014066261,0.0107285282525982,0.0109420762362407,0.00481498318726206,PCGF2,F,0.0613707991032061
chr14,77279317,77279728,412,*,5,0.0110403326691128,0.0522119617880401,0.0136031653872801,0.0117152005037598,-0.0251150719346674,0.00246535457426188,ANGEL1,F,0.0613707991032061
chr3,61546275,61546526,252,*,4,0.00642611551448453,0.0523163152373384,0.015361888762599,0.0122504454583304,0.00876163978396975,-0.00255935106920127,,F,0.0614779409690348
chr19,47852304,47853009,706,*,10,0.00609725778726167,0.0525891103277128,0.0535268524753526,0.0186807694034161,0.0106229432585612,0.00613542342478728,DHX34,F,0.0617829179606857
chr11,60282420,60282972,553,*,10,0.000408934203027223,0.0526366014052747,0.0267996619516193,0.00843204121253261,0.00799096339380423,-0.00177000949285842,MS4A13,F,0.0618231154462458
chr17,7117616,7117995,380,*,4,0.0046125692128955,0.0527318958714925,0.0196794874435702,0.0107920612059254,0.00710913996093919,0.00261270417204707,DLG4,F,0.061919424879864
chr1,71546487,71547110,624,*,9,0.00379618028240169,0.0528295935088383,0.0484801022778192,0.0102364856205173,0.0199165756436911,0.0110929898205645,"ZRANB2-AS2, ZRANB2",F,0.0620185069247946
chr17,3500274,3500417,144,*,6,0.0118673442063082,0.052888768568177,0.0310419232240893,0.0197687913415859,-0.0128294416416598,-0.0034591135343293,"TRPV1, SHPK",F,0.0620723274248992
chr6,100053305,100053438,134,*,2,0.00756419167005334,0.0529965573623731,0.012661351294585,0.0109926729307207,-0.0150868925239744,-0.00706869442187913,,F,0.0621831614100709
chr12,123258347,123258997,651,*,9,0.00137136111292345,0.0531819713558495,0.0143870587755538,0.0107727725987513,-0.0572305266656871,-0.00601960048322211,CCDC62,F,0.0623849976332975
chr5,625069,625704,636,*,5,0.00682658874977996,0.0534047489762348,0.034637996827458,0.0175838997206021,-0.0156508539458625,-0.010154531639535,CEP72,F,0.0626305504866093
chr9,20621460,20621888,429,*,4,0.0134825776439407,0.0535133307243147,0.0154244211765319,0.0220757280318373,0.0120969594984757,0.00700450900092335,MLLT3,F,0.0627262978059737
chr18,11149763,11149841,79,*,2,0.0167219740477381,0.0535133307243147,0.0323036487646005,0.0370922168700591,-0.0249597968261029,-0.0184459765261943,,F,0.0627262978059737
chr11,123229032,123229073,42,*,2,0.013633973138632,0.0535896966757991,0.0133420901169676,0.0125180902193681,0.00847202116842152,0.00306553657479181,,F,0.0628000043832905
chr7,2672400,2673408,1009,*,5,0.00393239713637662,0.0537160790728365,0.0190385594250204,0.0146545768888491,-0.0291051040255091,-0.0207234832940602,TTYH3,F,0.062924861539201
chr6,42788563,42789053,491,*,3,0.00855701880243132,0.0537232659394167,0.0227529453398916,0.0256338367113586,-0.017156932594684,-0.0122776382333301,GLTSCR1L,F,0.062924861539201
chr1,55353149,55353327,179,*,4,0.013468074031262,0.0538748026604805,0.03344814297128,0.0187617090770919,-0.0139945714025226,-0.00386014783933899,"RP11-67L3.5, RP11-67L3.4",F,0.0630864862936529
chr20,42142005,42142596,592,*,9,0.00325326813615159,0.0540072625992503,0.028441520468899,0.0162409749311183,0.00999397369382105,0.00172651852837284,L3MBTL1,F,0.0632256968136523
chr20,43936981,43937721,741,*,7,0.00483975313943406,0.054040826744853,0.0134124198619185,0.0106546708489906,0.0180950349534519,0.00211279566394939,"RBPJL, MATN4",F,0.0632490902615683
chr17,26683554,26685074,1521,*,16,0.00266615449980458,0.0540942492716667,0.0536995469721654,0.0131762592437241,0.019109009456762,0.00305407995188945,"TMEM199, CTB-96E2.3, POLDIP2",F,0.0632957082558171
chr17,8079312,8079772,461,*,5,0.0138484653690845,0.0541400359123104,0.0937858085700891,0.0614027103169454,0.00701156850821735,0.00397873663630383,TMEM107,F,0.063333370319927
chr5,140998609,140998928,320,*,7,0.00306503793973069,0.0541939151236368,0.0121837754920947,0.0110265377493888,0.017529303985038,0.00925042873189026,"AC008781.7, DIAPH1",F,0.0633645650843025
chr13,99096365,99096806,442,*,5,0.0136872353389116,0.0541939151236368,0.020902764706715,0.0267448609053287,-0.00885436004737261,-0.000541661985348774,FARP1,F,0.0633645650843025
chr3,35785735,35785958,224,*,4,0.0133005293658955,0.0542362602316087,0.0332717683782475,0.0200467282431349,-0.0181713305647252,-0.00616332683012358,ARPP21,F,0.0633981586090868
chr12,14924032,14924197,166,*,6,0.0159541289768754,0.0542715435888124,0.0355552559668555,0.0224002828959372,0.0225470264820924,0.0118352140984482,HIST4H4,F,0.0634234826833373
chr16,691570,692027,458,*,4,0.00200945383200993,0.0543830163576047,0.0136713824375509,0.0109050837608241,-0.00883393439372238,-0.00276995020543511,"FAM195A, AL022341.1",F,0.0635378091262833
chr10,131769581,131769966,386,*,3,0.0165244125040612,0.0544610169629155,0.0516330545893353,0.0449636999608362,0.0125903324525563,0.00465214968524739,,F,0.0636129811879352
chr12,114877721,114878570,850,*,7,0.00204468071431613,0.0545354319596686,0.0209754938563984,0.0125606143525935,-0.0204537425385372,-0.00624610447176343,,F,0.0636839284443772
chr1,168147599,168147929,331,*,2,0.0168657991014471,0.0545712284158565,0.0170817335412969,0.0219918571042188,0.0227663978280899,0.000162357375303811,,F,0.0637097545080581
chr1,181058973,181059499,527,*,4,0.0035868869667228,0.0546008927218634,0.0229985069790621,0.011823512100984,0.00614199754960632,0.00293692575811761,IER5,F,0.0637284103773729
chr14,74353254,74353913,660,*,7,0.0127685160741564,0.0547097861629027,0.0598077533877272,0.0177191833246209,0.00887213083342472,0.00290186730295731,"PTGR2, RP5-1021I20.4, ZNF410",F,0.0638395074318812
chr4,148604791,148605466,676,*,8,5.75259344033729e-05,0.0547410735496348,0.007812197136308,0.011273174081759,0.0165922784930702,0.00593392897536643,PRMT10,F,0.0638600149099823
chr2,27439738,27441263,1526,*,10,3.9286815867843e-06,0.0547844351802978,0.0120032555420654,0.00408370840712322,-0.0251468959405935,-0.00496278977342781,"ATRAID, CAD",F,0.063878596553492
chr8,90770146,90770456,311,*,3,0.00483949870792444,0.0547844351802978,0.0170914133690415,0.0257896566234024,-0.00902859282841065,-0.0022401169040629,RIPK2,F,0.063878596553492
chr8,54755419,54757132,1714,*,19,0.00511619137256968,0.0548281259172108,0.0170074461773376,0.00952092739770637,0.0173953601692389,0.00367194678435822,ATP6V1H,F,0.0639135375210139
chr5,2466167,2466293,127,*,2,0.015015087932005,0.0550988386846285,0.0138398119840854,0.0135857576191798,0.0112169992800685,0.00705411870218259,,F,0.0642130359745533
chr2,70485225,70485756,532,*,6,0.0112558164765991,0.055269407742419,0.0399155590738103,0.0149050040323756,-0.00617883005978285,-0.000276555754518411,PCYOX1,F,0.0643957047426683
chr12,133140305,133140633,329,*,2,0.00361031468409801,0.0553144041684784,0.0115405716428096,0.00964396049258152,0.0211526344902625,0.00767469890952011,FBRSL1,F,0.0644320110586804
chr13,111267979,111268714,736,*,9,0.00150867056069713,0.0554327873727305,0.0469654068966279,0.0155036094418227,0.0177271456026235,0.00360540748128537,CARKD,F,0.0645537611389862
chr10,3536731,3537285,555,*,3,8.06846670948656e-05,0.0557730159769936,0.00928924739848483,0.00868899724468762,-0.0113996465998542,0.000106844443895378,RP11-482E14.1,F,0.0649337338512148
chr3,194408845,194409431,587,*,4,0.0141856785149883,0.0558180139261256,0.0364079154891291,0.0241233105011487,0.0232521179850463,0.00574134920268755,FAM43A,F,0.0649698802434309
chr12,122326914,122327043,130,*,2,0.00152351669469408,0.0560172961117087,0.00727784058168756,0.00584422049855776,-0.0124959144435088,-0.003673339691008,"PSMD9, RP11-87C12.2",F,0.0651855442259438
chr6,168768014,168768172,159,*,3,0.0112007283653478,0.0561820189904723,0.0127749641987165,0.0140137095733979,0.00937128159436837,0.00217210231487344,,F,0.0653608949384535
chr6,11538528,11538767,240,*,4,0.0133574342347142,0.0562565395390657,0.0151313981396708,0.0229657430343467,0.00542110091986155,0.00194204587002825,TMEM170B,F,0.0654312449134438
chr6,33285456,33285827,372,*,12,0.0034967123581451,0.0567508548040849,0.012288931516823,0.0135523299770231,-0.0124656669467439,0.00277036107369513,ZBTB22,F,0.0659896955861732
chr12,124901842,124901909,68,*,2,0.0171689314126542,0.0567694976280278,0.0218763751631677,0.0278087805502453,-0.0316061901437504,-0.0171664003114272,NCOR2,F,0.0659948952705256
chr11,47270235,47270908,674,*,15,0.00805200218706137,0.0569246961859215,0.0640934990780379,0.0297446755807173,0.007860234455425,0.00320553901293858,"NR1H3, ACP2",F,0.0661587996350976
chr17,7689494,7690159,666,*,4,0.00666119392023068,0.0569739485217852,0.0286381630761945,0.0224002828959372,-0.010609214445257,-0.00295883872659675,DNAH2,F,0.0661995205254375
chr6,34855408,34855980,573,*,10,0.00821316157948523,0.0570035455697803,0.0402184278084618,0.0140488110461817,0.00749937025424099,0.0027496788741984,TAF11,F,0.0662173888048059
chr18,60903834,60904418,585,*,4,0.00401632500172259,0.057052390549667,0.0171976343328439,0.0105962060187386,-0.0668329762902668,-0.0365175042996129,BCL2,F,0.0662576016932168
chr6,29974512,29975675,1164,*,26,0.00228931189945276,0.0571842080842059,0.0940980306429645,0.0276147797827,-0.0322629953281906,-0.0072259914946805,"HLA-J, ZNRD1-AS1, HCG4P3",F,0.0663941304034273
chr7,112579927,112580216,290,*,5,0.0182610629177232,0.0572363170057009,0.0504853713791367,0.0518528448328227,0.00973763258585174,0.00372425861766046,C7orf60,F,0.0664380678702764
chr6,1607922,1608396,475,*,4,0.00956384035950988,0.0572786461345403,0.0812313805836932,0.0574254365417464,0.00635556283820668,0.00291427050838171,,F,0.0664706342009854
chr5,134872124,134872957,834,*,9,0.00558700149485889,0.0575646937658683,0.0573054155956019,0.028769527478655,-0.0136944167147357,0.000761889092615678,,F,0.0667859439132159
chr15,99670731,99671598,868,*,5,0.00189376792147392,0.0576672424716665,0.0132622057327462,0.0121037948601305,-0.0069557905188139,-0.00241917256460655,"SYNM, RP11-6O2.4",F,0.066882460605425
chr6,138188320,138188928,609,*,11,0.00453131869517345,0.0576766076425567,0.0357020735471173,0.0189698290784451,-0.0100655736777239,0.00305770955149873,"TNFAIP3, RP11-356I2.4",F,0.066882460605425
chr1,118471375,118473064,1690,*,18,0.00344611241342347,0.0577847473810406,0.0523051417982534,0.0104077490179395,0.014720228111502,0.00438752298537169,"WDR3, GDAP2",F,0.0669911796249704
chr7,23636744,23637556,813,*,11,0.00542482087296321,0.0578030641803149,0.0233419730459345,0.0230614603576496,-0.0102764160098362,0.00118403010296188,CCDC126,F,0.0669957366569752
chr1,13881331,13881542,212,*,4,0.00496378029931589,0.05802520590581,0.0141594544906556,0.0106260270153535,0.00739233275719631,-0.002007244408232,RP4-597A16.3,F,0.06723647273037
chr5,53814625,53815303,679,*,3,0.00272420602964605,0.0582529567885634,0.0138398119840854,0.0107134963748943,0.0282117696325168,0.0156615689034092,SNX18,F,0.0674668042189356
chr3,142166203,142166531,329,*,2,0.0147395253815549,0.0582529567885634,0.0720265347880582,0.0649182160035285,0.0121290977896674,0.00511315872946621,XRN1,F,0.0674668042189356
chr1,147374589,147374967,379,*,4,0.00522190822900629,0.0582886288750599,0.0227220940600432,0.0119245304078531,-0.00683894603584767,-0.00123348523685238,GJA8,F,0.067491333831714
chr3,119963305,119963930,626,*,4,0.00510305366193281,0.0586119364515787,0.0141211291218841,0.0237940746361259,0.0318754289594981,0.00536686664124659,GPR156,F,0.067848816319911
chr6,143928514,143928643,130,*,2,0.0164651549474708,0.0586422321828803,0.0266665905171663,0.0332238912471693,-0.0272579332755261,-0.0266349523851959,PHACTR2,F,0.0678670167186068
chr5,64064390,64065005,616,*,9,0.00662760613031441,0.0588454503675441,0.019215948061542,0.0209716173456102,0.0156209904060343,0.0062529088457011,"CWC27, SREK1IP1",F,0.0680683711777577
chr1,2106620,2106732,113,*,2,0.00883827572503757,0.0588318650618449,0.0115329336061832,0.00958561761152945,-0.0346109208765808,-0.0245192072338109,PRKCZ,F,0.0680683711777577
chr19,47778045,47778150,106,*,4,0.0116799804905418,0.0588864799962753,0.0343869850230304,0.0442748859954177,0.0208159612445288,0.0154597430893189,PRR24,F,0.0680820102638168
chr6,32062885,32063114,230,*,4,0.0172587598669776,0.0588803908258214,0.155859976954151,0.10416611741832,0.0119516371004107,0.0086568505192475,TNXB,F,0.0680820102638168
chr12,125348871,125349072,202,*,2,0.0146081336251853,0.0589123847838831,0.0136441385691954,0.0133008646386317,0.0122197509133488,0.00251450822193189,SCARB1,F,0.0680950548370671
chr17,42263806,42264871,1066,*,16,0.00113304760438059,0.0589862555094873,0.0308764590021913,0.0114690945752873,0.0119784120664181,0.00555813750457784,"TMUB2, ASB16-AS1",F,0.0681297102945641
chr6,43484373,43485109,737,*,11,0.0122103365261011,0.0589846991866139,0.0637199493318174,0.0323531512797805,0.0176277458646119,0.00631132185264959,"POLR1C, YIPF3",F,0.0681297102945641
chr7,75368924,75369197,274,*,5,0.015802293085721,0.0589862555094873,0.0292549502181566,0.0168984660652571,0.0137829874626034,0.00597657299975868,,F,0.0681297102945641
chr17,38218601,38219085,485,*,6,0.00837109434815706,0.0590309177869896,0.0138425532435755,0.0280221829950969,0.0135707803261974,0.00433639341267458,THRA,F,0.0681643898175082
chr3,42304966,42305516,551,*,6,0.0072388761743893,0.059066457266194,0.0140795358325773,0.0143732853319389,-0.00910296522534865,0.000735198172755556,CCK,F,0.0681885204483553
chr4,39979310,39979791,482,*,7,0.00355807687799013,0.0593429517135605,0.046747320683158,0.0160021052217054,0.00847789395951813,0.00263429142773546,PDS5A,F,0.0684907375786992
chr11,67051977,67052992,1016,*,5,0.00121292605858865,0.0594362149611599,0.0138274016768025,0.00882689063870141,-0.0724086537556464,-0.0452751797831906,ADRBK1,F,0.0685813808409617
chr6,24911193,24911615,423,*,11,0.0116620640536167,0.0595015332975106,0.0757645255826728,0.022235433070383,0.0096298105619223,0.000113095078610255,FAM65B,F,0.0686397425232864
chr1,228286306,228286482,177,*,2,0.00841854612647055,0.0596426197639947,0.0127861596266558,0.011296692677747,0.0033829347858273,0.00205933181813256,ARF1,F,0.0687854582072618
chr2,155554688,155554961,274,*,5,0.0191848981355808,0.0597742336478339,0.105189736180667,0.0808159213072658,0.0211196534168064,0.00489235636262751,KCNJ3,F,0.0689201797717163
chr17,38657875,38657949,75,*,4,0.00676229492524304,0.0598998909335076,0.0138794694307532,0.016740677068902,0.0135669474033957,0.00653797984219587,,F,0.0690479683359765
chr2,170430203,170430473,271,*,4,0.0120020882470779,0.0600193946154585,0.0296309774333563,0.0199154754009317,0.0153907648280544,0.00946894751774805,FASTKD1,F,0.0691686020104405
chr12,11801908,11802873,966,*,6,0.00158255134684487,0.0602024698889745,0.0122261821304003,0.00849669254204193,0.00827721461317707,0.00400974054212745,ETV6,F,0.0693624201565944
chr6,33995939,33996203,265,*,5,0.00632101071744737,0.0602804900684681,0.0112910808626367,0.013031182836427,-0.0100496750745145,-0.000461215776854318,GRM4,F,0.0694351328837141
chr6,75914030,75914122,93,*,3,0.0173065587294627,0.0604191198960807,0.0163456611616499,0.0169928178111688,-0.00572853942074264,-0.00236224665110872,COL12A1,F,0.0695776066656894
chr19,45281006,45281526,521,*,6,0.00861281682665321,0.0609030234936494,0.0252938223630778,0.0156908564650737,-0.0203207217505894,-0.0100954550039218,CBLC,F,0.0701175229690791
chr12,48298622,48299289,668,*,7,0.00411315934239722,0.0612760616201569,0.015649385864408,0.0152124599846094,0.00887731545588964,0.00589839427749606,VDR,F,0.0705165828916924
chr20,57463106,57463455,350,*,9,0.0167665849147947,0.061279925051037,0.0906219089908141,0.0629287735496181,-0.0252004399589985,0.00325516330524883,"GNAS, RP1-309F20.3",F,0.0705165828916924
chr13,113623233,113623844,612,*,5,0.00940686983058516,0.0613433096503085,0.0390629875138614,0.040558229826158,0.00857007217061518,0.00425830751290645,MCF2L,F,0.0705546537519107
chr1,3712988,3713158,171,*,6,0.0187038318871411,0.0613433096503085,0.0158810576968915,0.0144331309726905,-0.014275655675069,-7.23950209587434e-05,LRRC47,F,0.0705546537519107
chr11,66444738,66444806,69,*,3,0.0194729168200199,0.0613844538392524,0.0309691775694317,0.041568158635632,0.0100635012514469,0.00451527559184158,RBM4B,F,0.0705845435875058
chr19,19516022,19516395,374,*,2,0.0135941041763246,0.0615310182573635,0.0188742798376472,0.0253085983223192,0.0143620350964744,0.00986475019533491,GATAD2A,F,0.070735608991494
chr5,150137888,150138895,1008,*,13,0.00218848505410216,0.0616109390380725,0.0328142066760817,0.0121692794790762,0.0269454008649062,0.00899109853422586,DCTN4,F,0.0707760281507934
chr12,13152456,13153012,557,*,3,0.00518102972938656,0.0616117711237527,0.0385594373903351,0.0235263996365647,-0.0236266354108216,-0.0152821754804723,"HTR7P1, HEBP1",F,0.0707760281507934
chr11,57414401,57414908,508,*,5,0.0134879623417046,0.0616117711237527,0.0286278930094854,0.0187991923322173,-0.0337382362366568,-0.0193454847933944,"AP000662.4, YPEL4",F,0.0707760281507934
chr17,46687865,46688845,981,*,14,0.000197927271124047,0.0616807381164986,0.0128970324381421,0.0079924349540085,0.012749904401612,0.00569959440232747,"HOXB7, HOXB8",F,0.0708377798787999
chr2,1287787,1287978,192,*,3,0.00666171237362364,0.0618081653528943,0.0122288066893415,0.0123372705967199,-0.0203313914988787,-0.00838574881062707,SNTG2,F,0.0709666237791985
chr5,59995354,59995433,80,*,2,0.015391978882069,0.0619819039726256,0.0147190274854588,0.0169790914187973,-0.0151254897451065,-0.00536444335545206,DEPDC1B,F,0.0711485646538126
chr1,111888719,111888734,16,*,2,0.0159288071632795,0.0620208459116727,0.010788009016712,0.00896869225465428,-0.00443020121388368,-0.000464923352890508,,F,0.0711757218853277
chr6,30686511,30687221,711,*,8,0.00574793034976417,0.0621948524046898,0.0909638141696838,0.0626723090752258,-0.0232261650481869,-0.00523051068795658,,F,0.0713578289353635
chr3,29322342,29322890,549,*,7,0.00192573738021641,0.062338446381362,0.012288931516823,0.0116614423294671,0.0110230168799075,0.00380845121871652,"RBMS3, RBMS3-AS3",F,0.0714873540502346
chr3,45801044,45801144,101,*,2,0.00602631344235642,0.062338446381362,0.0118564782534789,0.0101898679864383,-0.0146335871242401,-0.00642329620375981,SLC6A20,F,0.0714873540502346
chr20,32031303,32031951,649,*,9,0.00534384729082562,0.0624493998016931,0.0165964568202435,0.0162836746049472,0.00741076305557676,0.000803596419823108,SNTA1,F,0.0715969608263134
chr11,1858605,1858737,133,*,2,0.0141865219414394,0.0625677036695145,0.0153501819585996,0.0187639144014354,0.00486587451150389,0.00442784472765601,SYT8,F,0.0717149387125102
chr19,2739684,2740392,709,*,11,0.0115991061268349,0.0627554519045339,0.0332743954771728,0.0315455307430877,0.0134987666686119,0.00396996654265915,"AC006538.4, SLC39A3",F,0.0719124359053677
chr3,113251061,113251716,656,*,6,0.00111571237303147,0.0631661592972412,0.0257001948985526,0.00893189653160139,0.0251100087714698,0.012157646339418,SIDT1,F,0.0723652653990781
chr1,6550346,6551105,760,*,8,0.00845334817505815,0.0635226593372478,0.0266833951829814,0.0190534817028251,-0.0346895372729787,-0.00127512662584074,PLEKHG5,F,0.0727557856698384
chr15,99191055,99191230,176,*,2,0.0169675866551273,0.0636005503009605,0.0150218913143908,0.017946375412522,0.0111965754487731,0.00744068124856403,,F,0.0728270869809621
chr3,186524395,186524777,383,*,8,0.010408049077848,0.0637598003772966,0.041975102803532,0.0152847697869616,0.0102840214139507,0.00498620298726617,RFC4,F,0.072991492221502
chr20,18547762,18548475,714,*,13,4.81414233886219e-06,0.064041099079649,0.00944701868847725,0.00480977842672034,0.010203836746923,0.00484047625926175,LINC00493,F,0.0732955021906919
chr3,137906106,137906843,738,*,5,0.00703508483060118,0.0640617735883438,0.0118564782534789,0.0141197412894057,-0.0186240611183353,-0.00170623923893615,ARMC8,F,0.0733011497790951
chr15,41198534,41198914,381,*,4,0.00494158848588347,0.0641050069112801,0.0132622057327462,0.0107285282525982,-0.0442175747664406,-0.00763666161675686,,F,0.0733326006351834
chr7,75189069,75189413,345,*,6,0.0130419523929205,0.0641899106798134,0.014185680937098,0.0193185315465777,0.0179130032621982,0.00416579561492355,HIP1,F,0.0734116930343544
chr3,107148372,107149061,690,*,5,0.0116343196092577,0.0643139329095846,0.0163733338992859,0.0208890900635915,-0.0243193357125034,0.000716083885587337,,F,0.0735354739896724
chr3,67049254,67049586,333,*,2,0.00283577883653563,0.0643559670986319,0.010788009016712,0.00899469665011863,0.0151894950325064,0.013480517939503,KBTBD8,F,0.0735654734360159
chr9,98783308,98783545,238,*,2,0.0038220238609717,0.0644324172161209,0.0122288066893415,0.0107602101380133,-0.0127299263868461,-0.00659203750814908,LINC00092,F,0.0736347894418343
chr20,3184938,3185384,447,*,9,0.0147505233343681,0.0644566574253992,0.050634790614942,0.0320759469376024,0.0161646291848181,0.00555029915945916,DDRGK1,F,0.0736425116700826
chr16,74330485,74330896,412,*,6,0.0162709842651104,0.0644708009617622,0.0470580632612376,0.0338339756280045,0.0090251752967639,0.00599092723365859,"PSMD7, AC009120.4",F,0.0736425116700826
chr10,98740656,98740667,12,*,2,0.0178418097484011,0.0644997654360356,0.0136340723527492,0.0134620086395542,-0.0260047247826752,-0.0192434736342613,LCOR,F,0.0736575300724908
chr7,37955508,37955824,317,*,5,0.00765788241945138,0.0645591565768788,0.0150218913143908,0.0209054521602973,-0.0146973390722279,-0.00666628338647695,"EPDR1, SFRP4",F,0.0737072792788734
chr9,35605622,35605990,369,*,3,0.00472819806654059,0.0649225015540081,0.0118564782534789,0.0122778370972379,-0.0133332752184996,-0.00187033904944723,TESK1,F,0.0741039435629941
chr14,50160168,50160307,140,*,2,0.0141147722331546,0.0649462384249754,0.0301373521864662,0.038587640785779,0.00550175806312048,0.00547766853055544,KLHDC1,F,0.0741128724197771
chr17,7387175,7387363,189,*,3,0.01554120393691,0.0652709563227429,0.0563744912821606,0.0432992704996107,0.00789585085184048,0.0069101838628693,ZBTB4,F,0.074465174815045
chr1,6480167,6480594,428,*,5,0.00693073673385575,0.0655085590811395,0.0319003576321007,0.0150290434264472,-0.00798889925495125,-0.00123611017009552,HES2,F,0.0747179426012409
chr22,39548724,39549491,768,*,4,0.00266643338802801,0.0656089010041828,0.0230233546632951,0.0219554901777442,0.0256646917805022,0.0103974027278526,,F,0.0748140675750439
chr14,74318162,74318444,283,*,7,0.0179111576635777,0.0657817054757537,0.0424998082192461,0.0224832640887439,-0.0127813000938396,-0.000249155762499824,,F,0.0749927545656267
chr13,22248760,22249362,603,*,4,0.0137892502563027,0.0658073098986142,0.018460151637177,0.0221602666099498,0.013961001569554,0.00763142649975162,FGF9,F,0.075003583504123
chr3,33757893,33758023,131,*,2,0.00421816424100043,0.066179777951879,0.0128635722373312,0.0116284191578332,-0.0339883082441498,-0.0232936648402669,CLASP2,F,0.0753912000787427
chr11,67196182,67196506,325,*,2,0.015398675768788,0.066179777951879,0.0321329503675323,0.0409059389632984,0.00770205831195894,0.00575895265601241,RPS6KB2,F,0.0753912000787427
chr6,116422381,116422486,106,*,2,0.0124406718941957,0.0663705685612426,0.0132622057327462,0.0128128477406292,0.00695087464999662,0.00105716104862424,NT5DC1,F,0.0755900557079253
chr15,89010551,89011204,654,*,10,0.0103210740142451,0.066476140232289,0.0572419816814066,0.0299438273549177,0.0172310631616201,0.00744642024983767,"MRPS11, MRPL46, RP11-97O12.7",F,0.0756917811886967
chr10,1778742,1780263,1522,*,15,0.00842353428030119,0.0665627590270284,0.0226235599457113,0.0180257063745713,0.0125853520242826,0.00039227307152726,ADARB2,F,0.0757718818843488
chr6,30509642,30510662,1021,*,7,6.64235508081269e-05,0.0666221074875305,0.00701917363471232,0.00887871335056238,0.0248801977288001,0.00972637208722111,GNL1,F,0.0758209077637902
chr17,42907485,42908410,926,*,6,0.00647251835338889,0.0666576417432535,0.0230881191644319,0.0178535441577538,-0.0220721960935208,-0.00782601231793051,GJC1,F,0.0758428139746718
chr10,134371960,134372383,424,*,2,0.0146101192899683,0.0667259241924586,0.0178666278782209,0.0246640043361696,-0.0053920463811481,-0.00154768434219532,INPP5A,F,0.0759019611539521
chr13,96705123,96705395,273,*,2,0.0117860693786362,0.0667458920026416,0.0324859152275954,0.0414834339445606,-0.0198088440079875,-0.0146187225758058,UGGT2,F,0.0759061340796831
chr7,134932449,134932683,235,*,3,0.0149581096784214,0.0668942210180971,0.025181687877621,0.0209944245145692,0.0155796634742474,0.00141261381404919,STRA8,F,0.0760562468948433
chr13,74707400,74708579,1180,*,12,0.000513478292769776,0.0670824513193845,0.0138794694307532,0.00951092677842195,0.0210198804350319,0.00798488671372925,KLF12,F,0.0762516416388513
chr1,156674970,156675950,981,*,9,0.00836400628275285,0.0671008056060212,0.0291262831313306,0.0239252447970964,0.0126063468437689,0.00414461947266073,CRABP2,F,0.076253892559112
chr2,119066331,119066603,273,*,2,0.00738738314266458,0.067354969717189,0.0136441385691954,0.0136757180992054,-0.0160353422779831,-0.0103341778456592,,F,0.07650538877389
chr5,172670879,172671068,190,*,2,0.0134936818978889,0.067354969717189,0.0246713177471623,0.0329849629619996,-0.0133444242949734,-0.0099347053634371,,F,0.07650538877389
chr14,74252745,74254319,1575,*,11,2.47749026276317e-06,0.0674479501547271,0.00877398510683811,0.00300400524040728,0.0180307577911398,0.00565273416034816,"RP5-1021I20.1, ELMSAN1",F,0.0765923198904082
chr5,56204834,56205270,437,*,8,0.00698360877251675,0.0676679016410336,0.0127742685161292,0.0162293916997085,0.0205879869559786,0.00748158631505256,"SETD9, AC008937.3",F,0.0767672150894747
chr14,65209844,65210088,245,*,4,0.0140789815899367,0.0676679016410336,0.0280947746639798,0.0175870258490136,0.0131701784865651,0.00763293927891245,PLEKHG3,F,0.0767672150894747
chr5,2755540,2755820,281,*,2,0.0164529004559073,0.0676679016410336,0.0156532010750855,0.0200467282431349,0.0232521468960199,0.00672766364892791,,F,0.0767672150894747
chr1,100315661,100315715,55,*,3,0.0201740125088419,0.0676450526799163,0.153879119098298,0.109563243667367,0.00491802644890235,0.0011536691579742,AGL,F,0.0767672150894747
chr8,144778750,144779376,627,*,7,0.00357998276717191,0.0677313250240457,0.0221754263368885,0.0134586237620876,-0.00978988365805577,-0.00340214715664438,"ZNF707, RP11-429J17.2",F,0.0768204531507503
chr2,39346883,39347277,395,*,2,0.0117141040217676,0.0677552208571627,0.0236618861400522,0.0319036489177128,0.0120593405720366,0.00817100723079747,SOS1,F,0.0768288442979807
chr14,77732015,77732641,627,*,6,0.00256833949232954,0.0679919967079777,0.0192755019500038,0.00995234859251485,0.0326450163350283,0.00969420447491208,"MIR1260A, NGB",F,0.0770785610197303
chr2,85109001,85109418,418,*,5,0.00746418379836889,0.0680882249017792,0.018464312625931,0.0155384820604226,0.0170022361998344,0.0101185037870519,TRABD2A,F,0.0771688642899941
chr7,112062297,112062419,123,*,3,0.0154490974853004,0.0681915399350374,0.0140871088640329,0.0160899362211665,0.0167083163437529,0.0135371670943902,,F,0.0772671536441531
chr13,114265778,114265942,165,*,2,0.0157788459584616,0.0682211045637569,0.0140477392734013,0.0154246198881585,-0.0226383389124635,-0.0131533704061838,TFDP1,F,0.0772818496602812
chr6,52926119,52926964,846,*,13,0.00198326948166457,0.0683270150111295,0.0586327807717755,0.0134345732691042,0.0249948702799228,0.00619134154685102,"FBXO9, ICK",F,0.0773830031388205
chr19,19431259,19431847,589,*,14,0.00689858611501531,0.0683890268754652,0.0487311697568305,0.0264575560501023,0.00962801802686336,0.00277821473320185,"MAU2, SUGP1",F,0.0774344026644886
chr12,45580922,45581327,406,*,2,0.00119899137842034,0.0685279897356512,0.00976418636053977,0.00816485800090156,-0.0128920558064598,-0.0119236611116993,PLEKHA8P1,F,0.0775728848320194
chr5,132763857,132764399,543,*,3,0.00985995157112421,0.0686413809820404,0.0192248023681075,0.0315634874093462,0.0216796942321624,0.0108083505475165,FSTL4,F,0.0776823599595047
chr2,88849457,88849830,374,*,4,0.00505506161753084,0.0687679548244209,0.0161187474339542,0.0115247438653219,-0.0225176022850709,-0.0151154353636313,AC104134.2,F,0.0778066971859398
chr6,42946962,42947317,356,*,9,0.00891568120082221,0.06885865205346,0.0251069778697179,0.0271626991455961,0.0224112098231311,0.00413493734341452,,F,0.077890391696129
chr13,21476760,21477337,578,*,6,0.0140854858684049,0.0688979889198854,0.0165997715934471,0.0199236683537345,0.00752627822323233,0.00452555682373184,XPO4,F,0.0779159627003172
chr7,65540429,65541137,709,*,7,0.00549035826058365,0.0690549261521318,0.0109661448276533,0.0166612571059048,-0.00969191312931056,0.000845590095201591,ASL,F,0.0780604520436266
chr16,816088,816177,90,*,3,0.0165151609951915,0.0690760409859964,0.048486838318887,0.0570951855192567,0.00599312061323998,0.00431139535214794,MSLN,F,0.0780604520436266
chr1,228594250,228594464,215,*,4,0.0167597188050357,0.0690760409859964,0.0463852162956618,0.0449636999608362,0.00625804474488136,0.00287258164069285,TRIM11,F,0.0780604520436266
chr19,55798418,55798650,233,*,3,0.00887640047255564,0.0693142710223401,0.0157445541596265,0.0202135068966685,0.0120648641454402,-0.00117846015975028,BRSK1,F,0.0783106647625031
chr16,57519987,57520519,533,*,8,0.000131759102294269,0.0693458112284623,0.0111428198694594,0.00633245029368407,0.0131241446049931,0.00757076223343768,DOK4,F,0.0783272963596772
chr12,10875369,10875874,506,*,2,0.00790581388897599,0.0697469137267786,0.0493320841000387,0.0577765036276009,0.00343056049353733,0.001054498825868,YBX3,F,0.0787612456900117
chr1,3157287,3157904,618,*,5,0.00332528376977118,0.0700283051909781,0.0153589491857035,0.0143458303276978,-0.0123986592695233,-0.00661379869092305,PRDM16,F,0.0790215210260201
chr8,29206910,29207241,332,*,3,0.00978925538305807,0.0700283051909781,0.0209578678850989,0.0356801809332163,-0.0129353889430267,0.0016675485912494,DUSP4,F,0.0790215210260201
chr5,98108198,98108865,668,*,5,0.0131527796339684,0.0700072992776845,0.0536995469721654,0.044751540533297,-0.0210685772326646,-0.000583408838649943,"RGMB, RGMB-AS1",F,0.0790215210260201
chr5,140733385,140733421,37,*,2,0.0116143645670736,0.0700483940402604,0.0140353293598773,0.0154246198881585,-0.0323270075072903,-0.0266157044900965,"PCDHGA1, PCDHGA2, PCDHGA3, PCDHGB1",F,0.0790250414354391
chr8,65498440,65499369,930,*,8,0.00495292545882831,0.0703542560263108,0.0228402810133955,0.011364145037143,-0.0222033992406083,-0.00142822341673176,,F,0.0793508768017751
chr19,35981224,35981677,454,*,7,0.0099965226053087,0.0703797416489133,0.0386426358275047,0.0228001618420937,0.0251158636045459,0.00407690473780837,KRTDAP,F,0.0793604011765107
chr5,123986915,123987747,833,*,7,4.59678453535713e-05,0.0704423514590276,0.00689268899370422,0.00578520008120585,-0.0351426667541503,-0.00703240202014463,ZNF608,F,0.0794117721483156
chr1,10725218,10725332,115,*,4,0.00997625454238945,0.0709388435953377,0.0157654572139537,0.01452980779772,0.0137371092495732,0.00307371037711474,CASZ1,F,0.0799521284180754
chr2,27192857,27193835,979,*,9,0.00265125536445843,0.0710181645472006,0.0142266219555378,0.0145528130320695,0.00903259472623232,0.00255952855638852,"MAPRE3, AC013472.4",F,0.0799989805687528
chr7,54609587,54609776,190,*,4,0.0159088797218711,0.0710319486046366,0.0734362155513225,0.0477334191983446,0.0136102968912428,0.00905010824526761,,F,0.0799989805687528
chr6,110011686,110011999,314,*,3,0.0170638268316543,0.071022445222751,0.0839069175616885,0.0597103672697982,0.0121315198503556,0.00776517550881834,AK9,F,0.0799989805687528
chr19,47633739,47634349,611,*,12,0.00868233245262687,0.0710942080830665,0.0231825443314425,0.0215525576595904,0.0138499521250226,0.00457471733989444,SAE1,F,0.0800497405809576
chr20,388401,388801,401,*,9,0.00147969142531008,0.0713767085603049,0.0130105115772458,0.012299761225593,0.00943874102827622,0.0030547493313991,RBCK1,F,0.080348400233343
chr6,166128575,166128682,108,*,3,0.0170873609853686,0.0714857289647698,0.0327515733171062,0.0163979716257719,-0.0117793445355479,-0.00104118046222679,PDE10A,F,0.0804516770877073
chr15,67546591,67547538,948,*,12,0.0020980710009685,0.0719937206306883,0.0251558855707592,0.0205619888775012,0.00891823526332636,0.00459315241764339,"IQCH, AAGAB",F,0.0810038069526735
chr17,37026641,37027030,390,*,2,0.0155066644138179,0.0721064778967279,0.0209754938563984,0.0294852201703129,0.0191571341374414,0.0120130348176218,LASP1,F,0.0811110791219955
chr1,245316446,245316477,32,*,2,0.0129294652558073,0.0722644361898536,0.0120032555420654,0.0105459815777883,0.015805826548888,0.0144605916039215,,F,0.0812691328993354
chr17,62223225,62224123,899,*,14,0.00135122080991192,0.0723726331583873,0.0132622057327462,0.012481202153821,0.00894662261413376,0.00478432425615672,"SNORA76, SNORD104",F,0.0813711619069555
chr10,127408223,127408789,567,*,5,0.0107675405483886,0.0725331789241495,0.109660512096242,0.0820271335580231,0.00931056274985084,0.00653651681674308,EDRF1,F,0.0815319850952846
chr6,150184138,150184345,208,*,2,0.00393799976268072,0.0726035037489284,0.0138425532435755,0.0147229043797443,0.0192183832561057,0.0121483082631319,"RP11-244K5.8, LRP11",F,0.0815913409649517
chr8,710997,711581,585,*,4,0.000682263932559098,0.0727441253887244,0.0119218455503145,0.00800747390168658,0.0127786800712063,-0.000566765288444765,ERICH1-AS1,F,0.081729648235293
chr11,129149916,129150282,367,*,2,0.00188990332747294,0.0729354350471367,0.010788009016712,0.00896869225465428,0.0146820337434665,0.00831663022508909,,F,0.0819248241713738
chr13,73301012,73302392,1381,*,16,0.00501884300822957,0.0731199637034848,0.0491954815479838,0.0107285282525982,0.0209204316463234,0.00555365117654061,"BORA, MZT1",F,0.0821122910458473
chr10,92617735,92618141,407,*,5,0.0116083606769412,0.0732879544702895,0.033286247201273,0.0262799768815739,0.00584740324120771,0.00189911234964638,,F,0.0822811002816148
chr15,91072797,91073105,309,*,3,0.00957886918239573,0.073434935126342,0.028034306964024,0.0186624133456839,0.00268029844841883,0.00211495714038906,,F,0.0824063838273192
chr11,66336197,66336293,97,*,3,0.0184993917117323,0.0734248365401285,0.0170087698641029,0.0311317357922918,0.0105855081261778,0.00184454138967445,CTSF,F,0.0824063838273192
chr9,118915832,118915907,76,*,3,0.015449956583589,0.0734810520782198,0.0141211291218841,0.0136281685663392,-0.0157612482042066,-0.00670390554072202,,F,0.0824382701826715
chr3,46853850,46854311,462,*,7,0.0184145185759435,0.0735535231406471,0.0729484141336923,0.0521065440386758,0.0185793406381968,-0.00172664507417707,"PRSS50, PRSS45, PRSS44",F,0.0824997006902682
chr20,30778299,30779307,1009,*,5,0.0126824084114219,0.0737306593679,0.057159418830348,0.023302645022332,0.00750992265277573,-0.00327360662027462,TSPY26P,F,0.0826784687397809
chr5,176449346,176450179,834,*,13,0.0030508187849869,0.0737566877379673,0.0672609350968201,0.0188962515133904,0.0321765419059447,0.00451832615273859,"ZNF346, UIMC1",F,0.082687745497283
chr3,18467611,18467816,206,*,2,0.0105428706659146,0.0738483924393633,0.0144789609511747,0.0172993132106499,-0.0104322849529595,-0.00636343261439289,"TBC1D5, SATB1",F,0.0827706290228917
chr14,63670711,63670940,230,*,3,0.0146291271704256,0.0738896212947228,0.0150218913143908,0.0117835764213152,0.0187201940085428,0.00722720987122157,RHOJ,F,0.0827969120234658
chr22,17489112,17489367,256,*,7,0.00881450232425697,0.0739187176145009,0.0272973146016668,0.0266415133897417,-0.0206889251313588,-0.00770365921813563,GAB4,F,0.0828095905534594
chr6,33150892,33151512,621,*,4,0.00204108700695073,0.0741119736240697,0.010286402887336,0.0118145318947895,0.0241683641430452,0.00689786096027855,COL11A2,F,0.0830061234168572
chr15,89312795,89313222,428,*,7,0.00641833721059075,0.0743519393554655,0.0167329674608816,0.0144481609000204,-0.0189028453281813,-0.00491017038639268,,F,0.0832548645295511
chr19,42721812,42722189,378,*,9,0.0060805273678067,0.0744266133545648,0.032723205904501,0.0174418658433766,0.00734566751760835,0.00471482557983163,DEDD2,F,0.0833184467288962
chr12,57940444,57941309,866,*,10,0.0051891126883977,0.0749850927924533,0.0227613768438846,0.0220716281239747,-0.022526772256874,0.00131814055984223,DCTN2,F,0.0839234744375043
chr5,75698309,75698824,516,*,6,0.00200320106549956,0.0752201348225253,0.0120032555420654,0.0100039946964943,0.0138979860963141,0.00792693474908679,,F,0.0841258808521855
chr15,63132689,63132785,97,*,2,0.0174547017024789,0.0752201348225253,0.0155084297127377,0.0202619739768214,-0.00907102474371713,-0.00244039557724668,"TLN2, RP11-1069G10.1",F,0.0841258808521855
chr14,73395778,73395839,62,*,3,0.0198403926622789,0.0752201348225253,0.0240612353830754,0.0167908875633053,0.0182634855644576,0.00736919945034901,DCAF4,F,0.0841258808521855
chr1,41284582,41285096,515,*,4,0.00905705230244333,0.0752880852969481,0.0158002144711986,0.0136055300578553,-0.0232791399010818,-0.00145024753551207,KCNQ4,F,0.0841452113525169
chr5,113391568,113392117,550,*,5,0.0129371409817551,0.0752916245879188,0.0350919678816741,0.0343610970995737,-0.0191901291806679,-0.00626371099227983,RP11-371M22.1,F,0.0841452113525169
chr1,228645704,228645796,93,*,3,0.0187622244101193,0.0752880852969481,0.148172320981189,0.110580774972596,0.0136313512057892,0.00973341778040537,,F,0.0841452113525169
chr11,126152357,126153561,1205,*,13,0.000179984444046206,0.0756551374735512,0.0108234596131977,0.00933470078435854,-0.02173725527719,-0.00219619514238766,TIRAP,F,0.0845161418841761
chr2,201935974,201936709,736,*,15,0.00381533015764509,0.0756598229579408,0.0606559128238918,0.0162138533550575,0.02041283659316,0.00701588430953018,"NDUFB3, FAM126B",F,0.0845161418841761
chr12,32260000,32260442,443,*,6,0.0129448048207418,0.075860380382998,0.0337627120293582,0.0333321833526139,-0.00790197924857901,-0.0017662322337891,"BICD1, RP11-843B15.2",F,0.0847198540632186
chr1,33282965,33283649,685,*,6,0.00837923509268867,0.0761348504494366,0.0120379043417204,0.016483457346726,-0.0192814275677414,0.000324196041322115,"S100PBP, YARS",F,0.0850059934171724
chr10,131686425,131686574,150,*,3,0.0188107016859898,0.0761801502323639,0.0133012327627035,0.0172112559634698,-0.0186912591035742,-0.0118048107224658,EBF3,F,0.0850361839961933
chr2,225266580,225266876,297,*,7,0.00349333550021002,0.076341562262133,0.0202304768127665,0.0109926729307207,-0.0315886231239497,-0.0066040735908137,FAM124B,F,0.0851959394811295
chr4,655893,656100,208,*,2,0.00520516942591319,0.076477074954823,0.0109661448276533,0.00926898023865512,0.0208516315569727,0.0135163447209031,PDE6B,F,0.0852858568162382
chr15,56757108,56757180,73,*,2,0.0142452316261549,0.076463617520053,0.012459870674024,0.0111160808366003,-0.0155013585480832,-0.00511498467920211,MNS1,F,0.0852858568162382
chr16,21289922,21289947,26,*,2,0.0203458268333783,0.076477074954823,0.124817595441511,0.100602036407533,0.00952680875582158,0.0078986563428467,CRYM,F,0.0852858568162382
chr10,130298586,130299087,502,*,6,0.00152159082392819,0.0765971229685405,0.0174234554651008,0.0118226283916573,-0.0187017449107529,-0.00319477957283321,,F,0.0853992821796728
chr1,33647028,33647561,534,*,4,0.00831629642208538,0.0766368837845363,0.0121837754920947,0.0137417260868799,0.0173465055039206,0.00806066867515553,TRIM62,F,0.0854231612696471
chr3,197463746,197464306,561,*,9,0.00999816838163219,0.0769381085439126,0.0384410860343522,0.0316614533080805,0.0061783055247995,0.00414465073551561,"FYTTD1, KIAA0226",F,0.0857383994948555
chr1,235667507,235668421,915,*,11,0.00536640718421837,0.0769951222671682,0.0651436255713408,0.0176079043963728,0.00949412920646045,0.0044161640424527,B3GALNT2,F,0.0857814077507662
chr3,178866004,178866391,388,*,3,0.010386539909615,0.0773843154016071,0.0338954475195642,0.0335343859086816,0.00499969211576547,0.00261775566092165,PIK3CA,F,0.0861943929264014
chr5,43396802,43397288,487,*,7,0.000666496630588491,0.0777857747676432,0.00823931326838979,0.0107285282525982,0.0248603134968177,0.00322191901275149,CCL28,F,0.0866208400509121
chr6,52535550,52536059,510,*,11,0.00329302992195726,0.0778108486183919,0.0169152684412999,0.0152278651101182,0.007157487746387,0.00308900031958947,TMEM14A,F,0.0866280473382384
chr2,209271505,209272057,553,*,6,0.010447303387739,0.0781406990581755,0.04200830308387,0.0157065615679591,-0.0168821564700921,-0.00784795141129697,PTH2R,F,0.0869744826754119
chr17,74379499,74379922,424,*,5,0.00775984749062381,0.0782171512597325,0.0364929529402089,0.0240970779622437,0.0144317729120761,0.00359343539223956,"SPHK1, PRPSAP1",F,0.0870387750099341
chr6,24774877,24775229,353,*,5,0.00139752911652244,0.0783604969936932,0.00823931326838979,0.00903934727444739,0.0244792117017134,0.0118134431446752,GMNN,F,0.0871774568799878
chr1,115396035,115396629,595,*,5,0.000143502673229717,0.0790140668484183,0.014028012201689,0.00615213519039912,-0.0206862221236376,0.000706546781096317,,F,0.0878835704115319
chr12,50794088,50795366,1279,*,13,0.000810359300896818,0.0790959979259712,0.0156715631432692,0.014408060698639,0.0156659852774721,0.00674747924194698,LARP4,F,0.0879326957128784
chr6,135375750,135376917,1168,*,11,0.00195461709369782,0.0790866212468946,0.0108676295557037,0.014963699610304,-0.0195574490395151,0.00295784996294723,"CTA-212D2.2, HBS1L",F,0.0879326957128784
chr7,6543803,6544329,527,*,3,0.00127694119502437,0.0794968838368174,0.00864787756341542,0.00859497897599778,-0.0179852024912008,0.00432049999282881,GRID2IP,F,0.0883361937552037
chr17,80554772,80555018,247,*,5,0.0137240268527529,0.0794891291902934,0.0149687283544164,0.0342694305435026,-0.00884293816658899,-0.00230804062659447,FOXK2,F,0.0883361937552037
chr13,111163978,111164702,725,*,4,0.00859387173808841,0.079531987200941,0.0157445541596265,0.0348290030078444,-0.018098074133671,-0.010117021534769,COL4A2,F,0.0883541184147858
chr19,57049857,57050834,978,*,6,0.0032417415628734,0.0797928592296126,0.0180621721908296,0.01320464799731,-0.025262192112413,-0.0130990606828607,"ZFP28, AC005498.3",F,0.0886227868906048
chr1,211431567,211432139,573,*,5,0.000523138479144102,0.0804833908595251,0.0151362917524141,0.00903633674022568,-0.0303467070001819,-0.00918004602916074,RCOR3,F,0.0893684194641889
chr11,10589810,10590003,194,*,2,0.0118915902703352,0.0805458572971165,0.0141934982929194,0.0167371156476033,-0.0142542551053669,-0.00678056413967792,"MRVI1-AS1, LYVE1",F,0.0894164618433067
chr7,139025145,139026114,970,*,15,0.00181229265340756,0.0808219066591335,0.0128635722373312,0.0173457084374476,0.0247133884540581,0.00782367353632637,"C7orf55, C7orf55-LUC7L2, LUC7L2",F,0.089701529864534
chr4,41992123,41992621,499,*,10,0.0112908188318115,0.080920321552334,0.056831942025953,0.0261233931817802,0.0177530557074801,0.00813300237144424,SLC30A9,F,0.089789358463002
chr15,66083595,66085093,1499,*,12,0.00600377167295626,0.0810681615530852,0.0426850312664106,0.0107836756099801,-0.0175261002541761,0.00215947309756273,"RAB11A, DENND4A",F,0.089931974357484
chr5,37835506,37836119,614,*,9,0.00635360918918725,0.0814339702686994,0.0369979524292342,0.0240251292317396,-0.0143993992855427,-0.00817303606347284,GDNF,F,0.0903162656683336
chr6,31631675,31632541,867,*,13,0.011029321539658,0.0815111246837486,0.145638036093997,0.128901040929287,0.0371984902760526,0.0112535998206352,GPANK1,F,0.090380311345766
chr10,15138979,15139785,807,*,12,0.0107440653379646,0.0816815342230402,0.100112905454566,0.0265135758067733,0.00941843454884303,0.0027492206241534,"RPP38, C10orf111",F,0.0905261553728459
chr16,21170267,21170695,429,*,3,0.0111572755363214,0.0816799435288211,0.0579687553305526,0.0423252342391394,0.0123709861965728,0.00191237784831993,"TMEM159, DNAH3",F,0.0905261553728459
chr7,138915876,138916241,366,*,4,0.00275537654934593,0.0818240866728721,0.0110711756086248,0.0114690945752873,-0.00723677556801865,-0.000231025896447497,UBN2,F,0.0906625676030372
chr2,46612964,46613024,61,*,2,0.018144134421274,0.0819105565205154,0.111166102859381,0.100115763873273,-0.0168033244321631,-0.00929865659424567,EPAS1,F,0.0907367891807898
chr20,30406707,30407261,555,*,8,0.0173204754031602,0.0821178657669685,0.0700737332894419,0.051378179825148,-0.0218344455344486,-0.00358970001367863,MYLK2,F,0.0909448040135012
chr11,62456939,62457677,739,*,8,0.00922076884796675,0.0821785617265523,0.0192264992685957,0.0220678964962194,0.00614947851261838,0.00144280291074717,LRRN4CL,F,0.0909903856301841
chr1,9711398,9711961,564,*,5,0.00206248361498302,0.0827358192377063,0.0162492765578928,0.00942662856910712,0.0145860806020371,0.00573420854847365,PIK3CD,F,0.0915856216282382
chr22,40296767,40297036,270,*,2,0.0194583902171043,0.0830176455065824,0.114483638163362,0.102316251225406,0.0421686574201381,0.031309425811198,,F,0.0918757545447134
chr8,96281399,96282015,617,*,10,0.0150350841626144,0.0830529477933653,0.0444509731369948,0.0277544910661146,0.0161689192580653,0.00613613582858257,"KB-1047C11.2, C8orf37",F,0.091892985952412
chr4,75023219,75023664,446,*,7,0.0152291241904474,0.0831971056508494,0.0421358162020015,0.0291792435949018,-0.0146513523584035,0.000584238256019087,"MTHFD2L, AC093677.1",F,0.0920306225691225
chr3,101443264,101443851,588,*,12,0.0138387934063256,0.0832759331224565,0.0663838665862309,0.0217778259076905,0.0127501565298879,0.00650045645733499,CEP97,F,0.092075688752962
chr6,33398522,33398923,402,*,7,0.0170411806465682,0.0832773890975899,0.0459948727160542,0.021534174593782,0.0231914265883727,0.00865478341291673,SYNGAP1,F,0.092075688752962
chr1,109288968,109289596,629,*,8,0.00564207348997866,0.083544048837889,0.0186864199297689,0.0233178955302403,0.00953690878276876,0.00402425409539707,STXBP3,F,0.0923485961163183
chr9,91925643,91925980,338,*,3,0.00339947079378475,0.0835865143210766,0.012904171888162,0.014963699610304,0.00700146075967025,0.00138980303688592,,F,0.0923736111042368
chr6,29715846,29717223,1378,*,24,0.00217035510338318,0.0836477487123221,0.0385915346375142,0.0282938462839255,0.0162269789560909,0.00377517635802403,"HCG9P5, HLA-F-AS1, MICE",F,0.0924193513056427
chr10,102671993,102672737,745,*,10,0.0105296084634723,0.083687085113701,0.0283695437250858,0.0184517180068467,0.0111313794477017,0.00658516855323899,"FAM178A, RP11-179B2.2",F,0.0924408812558125
chr10,73574855,73574943,89,*,3,0.0191703158542343,0.083998535870731,0.0140446903998739,0.0207124837591468,-0.0123664362944198,-0.00527740228113912,CDH23,F,0.0927629076476154
chr1,109968473,109968980,508,*,4,0.0150758734022491,0.0840711021534469,0.0263354307523158,0.020877361458511,0.0118649029949849,0.00348484280620327,PSMA5,F,0.0928210343121389
chr1,37979729,37980043,315,*,3,0.0190355212726231,0.0842088469033655,0.0546733788402575,0.0762780972835389,0.012349809193781,0.00428440604034206,MEAF6,F,0.0929510784614774
chr3,101568503,101569045,543,*,3,0.013468074031262,0.0849441506384938,0.0736948780230964,0.0600086913402556,0.00713603521300354,0.0050546334485677,NFKBIZ,F,0.0937404998870772
chr22,40390264,40390957,694,*,5,0.00985725037470222,0.0854925509772644,0.0157552243459595,0.0108882685709929,-0.0152139107636091,-0.0044800538995354,FAM83F,F,0.0943233380481214
chr17,46655164,46655836,673,*,15,0.00931859282404185,0.086882836537348,0.0389377797045638,0.0529300616042706,0.0172652212508362,0.00656221696504087,"HOXB-AS3, HOXB3, HOXB4",F,0.0958345262326929
chr11,108368462,108368923,462,*,7,0.00334187192692433,0.0872422934891844,0.0164668015941568,0.0151156824849821,0.0165464666376765,0.00679333331885443,KDELC2,F,0.096208231299818
chr3,38537279,38538168,890,*,9,1.05771269233031e-05,0.0881534265532715,0.010788009016712,0.00288108154701735,0.0165208925284299,0.00620695704642841,EXOG,F,0.0971669840138664
chr10,102494880,102495660,781,*,5,0.00320054787432612,0.0881534265532715,0.0132622057327462,0.0123372705967199,-0.0184633400781656,-0.00362209623063541,PAX2,F,0.0971669840138664
chr14,58666188,58666607,420,*,5,0.00231461001889761,0.0885496253941957,0.0134130200755828,0.0162065865603604,0.022319394449221,0.0096647786453926,C14orf37,F,0.0975805976007499
chr1,217804643,217804877,235,*,4,0.0142543625559574,0.0885824951655817,0.00770680374802052,0.00930642157847018,0.0169468601225585,0.00665166982456092,SPATA17,F,0.0975937260435566
chr3,62360162,62360674,513,*,5,0.00926947561167781,0.088715098875884,0.042370678568882,0.0464937627957144,0.0187326348350152,0.00593418356766058,,F,0.0977167018602157
chr10,28591736,28592238,503,*,5,0.0121945004557356,0.0889306584067098,0.0387421526669971,0.0202388470028337,-0.0136452529468871,-0.00260853351654447,MPP7,F,0.0979078194326354
chr19,43918868,43919039,172,*,7,0.0133943245306413,0.0889306584067098,0.0493615626722903,0.0493536251902679,0.00974737869861397,0.00193272485491867,TEX101,F,0.0979078194326354
chr7,2078650,2079008,359,*,4,0.000183990951264208,0.0890630562022256,0.0128171077435999,0.0052783135135065,0.0136262851277066,0.00637927644677608,MAD1L1,F,0.0980304071694078
chr17,998432,998711,280,*,3,0.00834031100825792,0.0894030698200379,0.0137012401766371,0.0124489023197516,-0.074352682642288,-0.0538175342784875,ABR,F,0.0983814026823999
chr7,86273058,86273429,372,*,6,0.0109025359995831,0.0898582190797466,0.0119421690000001,0.0224239106477539,0.00893277998642349,0.00126529144115845,GRM3,F,0.0988589006034443
chr10,101989177,101990206,1030,*,11,0.00254325121007502,0.0905247555624166,0.0164985062496045,0.0117450209322311,0.0159285871999825,0.00125105353248237,"RP11-316M21.6, CHUK",F,0.0995686789452466
chr2,113403002,113403454,453,*,4,0.0108204222245727,0.0905650306581428,0.0141211291218841,0.029957899219817,0.00974769285037412,0.00303529472360424,"SLC20A1, AC079922.3",F,0.0995894563813391
chr7,2106321,2106929,609,*,4,0.0104106425965551,0.0908939858647189,0.0249532163289917,0.035271913784916,0.0146213622392208,-0.00307696175309707,MAD1L1,F,0.0999275949414533
chr12,7013997,7014288,292,*,3,0.00862760509210886,0.0911338532917326,0.0163180442699041,0.031880345395532,0.0101082162109103,0.00303512586720024,LRRC23,F,0.100167655128534
chr1,26201866,26202137,272,*,2,0.0111012601846417,0.0913002708198654,0.024093828546159,0.0361950180612245,0.00561382603824876,0.00505108008669982,,F,0.10032689032754
chr19,59084588,59085259,672,*,13,0.00689998206913021,0.0915905574261375,0.0331220872288611,0.0470570227847829,0.013099478609779,0.00355840882702849,"AC016629.8, CENPBD1P1, MZF1",F,0.100622133978184
chr19,1020733,1021716,984,*,7,0.00150439638352034,0.0917797200312996,0.0177012608434182,0.0092569529340747,0.0215840520021953,0.00810115689417257,"RNU6-2, TMEM259",F,0.100806168911736
chr20,57582706,57583709,1004,*,19,6.50855803301867e-05,0.0920447281633282,0.0155628477945941,0.00922518304513542,-0.0663895061767172,-0.0290619171933802,,F,0.101073402276968
chr15,40330701,40331621,921,*,10,0.00589968769101543,0.0921521121256342,0.0480925207215033,0.0135229138394539,0.0111377052271226,0.00452070718258227,"SRP14-AS1, SRP14",F,0.101167464914917
chr1,18971676,18972096,421,*,4,0.0189150267568024,0.0922222131446317,0.0190819437035218,0.0320882614758344,0.0252401909657635,0.00788666437461887,PAX7,F,0.101220562482807
chr1,95537846,95538652,807,*,10,0.00921243715482148,0.0924903906211567,0.036627047106111,0.0780205203156246,-0.0154595599111498,0.00333986414029236,ALG14,F,0.101467078709712
chr17,76227227,76227386,160,*,4,0.0160066910283408,0.0924903906211567,0.117774119536682,0.0751518102666433,-0.0155424789222433,-0.000436725014114188,,F,0.101467078709712
chr6,31685430,31685575,146,*,6,0.00658176660354423,0.0935331158244385,0.02343685173617,0.0156908564650737,-0.00858450932745503,-0.00540200245478643,"LY6G6F, MEGT1, LY6G6D",F,0.102586839471128
chr6,33419766,33420805,1040,*,6,0.00864384570282715,0.0936268700308288,0.0513728245935079,0.0723142261803714,-0.00940989347031351,-0.00277075947784455,SYNGAP1,F,0.102665489459282
chr12,8815308,8815634,327,*,4,0.0100556404626773,0.09368799420097,0.0138794694307532,0.0209755782292299,0.0197267360615027,0.000101000665858941,MFAP5,F,0.102708330742448
chr3,10324999,10325494,496,*,2,0.000238115538137045,0.0937736914062061,0.00934337517034838,0.00790650658527671,-0.0167489949044938,-0.0114133790632432,RP11-438J1.1,F,0.102778084461921
chr16,4386844,4386944,101,*,2,0.0138582129240039,0.0940471675385841,0.012743488801035,0.0116607745606993,-0.00805597438236783,-0.0075953494870632,"GLIS2, PAM16, RP11-295D4.1",F,0.103053566876985
chr20,56804780,56805151,372,*,2,0.00351761146722453,0.0940779520115495,0.0137045395908425,0.0147549461904279,-0.0279041854819846,-0.0245363138893947,,F,0.103063049286706
chr13,37005074,37005115,42,*,3,0.0205198851300458,0.0941472234617311,0.0301518308272392,0.0456508829676439,0.0276577022838836,0.0138933524158741,,F,0.103114680070856
chr7,43769014,43769411,398,*,10,0.00606218107047855,0.0943612219426843,0.0343241892419734,0.0189402133166788,0.0123187534046771,0.00549029071042705,COA1,F,0.103324761482972
chr2,119605441,119606501,1061,*,7,0.00278865165544754,0.0943956681034361,0.0276196143986659,0.028917245087251,-0.012065709531893,-0.00325886428840823,,F,0.103338182030489
chr19,16189360,16189693,334,*,2,0.000567205196872748,0.0944817651144309,0.00727784058168756,0.005950054557616,0.021803157298987,0.0158942965640777,TPM4,F,0.103408126941928
chr22,38141419,38141834,416,*,3,0.0142190154261616,0.094906672583106,0.0122261821304003,0.0133601023222956,-0.0208583960208317,-0.00214692901266311,"NOL12, TRIOBP",F,0.103848772138046
chr21,35013827,35015322,1496,*,17,0.00357946404977414,0.0950513584221235,0.0475983842753052,0.0115602968374877,0.0211072928101678,0.00407895466936005,"ITSN1, AP000304.12, CRYZL1",F,0.103982658250371
chr7,77427426,77427774,349,*,5,0.01793838195703,0.0955600499010766,0.156817524398826,0.166855474177854,0.0125974683168942,0.00503946517132831,TMEM60,F,0.104514596615621
chr14,65346686,65347518,833,*,7,0.00120202696494652,0.0958984792931084,0.0156715631432692,0.0147707920719533,0.0084792019986117,0.00417210269207769,,F,0.104837170592674
chr20,21685401,21685925,525,*,4,0.0132883741300727,0.0959000100332381,0.0153382611473204,0.0351290766465299,0.0184571852768281,0.00685948901311205,,F,0.104837170592674
chr2,20865845,20866500,656,*,11,0.00300997167303568,0.0962628474137629,0.0139711840814012,0.0151875085450616,0.0130711134628174,0.00344952467452498,GDF7,F,0.105209124713892
chr10,3826854,3827878,1025,*,12,0.00312075702208075,0.0964103361706493,0.025975294520261,0.0102341532805454,0.00680791593196133,0.00255393242079202,KLF6,F,0.10534559726577
chr16,19895321,19895651,331,*,3,0.0149957204697937,0.0965006254610692,0.0199162823520126,0.0390373758958447,0.0112150239233966,0.00483265022801907,GPRC5B,F,0.105419519768285
chr2,145088871,145089003,133,*,2,0.000798517196668328,0.0965905432727751,0.00702158268925885,0.00579813960360115,0.0198337864885029,0.0192093133229832,GTDC1,F,0.105468267296908
chr7,98553760,98554099,340,*,4,0.00271192628788163,0.0965905432727751,0.010286402887336,0.0120274301265131,-0.011826682701592,-0.00701899061908862,TRRAP,F,0.105468267296908
chr12,49110646,49110861,216,*,7,0.0157923348301098,0.0966791031114798,0.0418197192390119,0.0345002858848957,0.00915717299076305,0.00459223072146656,CCNT1,F,0.10554022109474
chr7,2586532,2586681,150,*,2,0.0166517209579244,0.0967990614993524,0.0140871088640329,0.016807894021679,0.0275979458795776,0.0125821000740595,BRAT1,F,0.105646409515464
chr2,131512890,131513608,719,*,9,0.00745364020924202,0.0971512482080904,0.0692767087162749,0.0201656644756331,0.0117351505730448,-0.00122329779256337,"AMER3, AC140481.8",F,0.105989509108393
chr4,151936449,151936469,21,*,2,0.0141327857873697,0.0971589466145006,0.0491826247200793,0.0680497067873991,0.0221008574386041,0.0147211502596772,LRBA,F,0.105989509108393
chr7,56174025,56174888,864,*,10,0.00351874524954779,0.0971842496053091,0.0128635722373312,0.0148947823711771,-0.0164064586396819,0.000251644488886418,CHCHD2,F,0.105992283468835
chr13,33780362,33780951,590,*,3,0.0103507000154648,0.0976315885236807,0.0200102989828199,0.0412084902283806,-0.0168531641147003,-0.0102704379019206,STARD13,F,0.106455234782201
chr2,133426129,133426418,290,*,3,0.00152351669469408,0.0978997791800465,0.00775948980931479,0.00843417621795499,-0.0236302721821463,-0.0141921948730114,LYPD1,F,0.106722675946039
chr17,2603638,2603795,158,*,3,0.0081149931870686,0.0981697188417643,0.0109661448276533,0.012132014628435,0.0126933882755632,0.00404804418556633,CLUH,F,0.106974271988762
chr15,96873951,96874052,102,*,5,0.0192365294787898,0.0981765167446791,0.0743508766005377,0.0761111936492535,-0.0112622116170345,-0.00100249899620878,NR2F2,F,0.106974271988762
chr7,148892367,148892859,493,*,10,0.0121155262306016,0.0987535248804475,0.0542608209754271,0.0251503006869412,0.014646631028501,0.00696071390100759,ZNF282,F,0.10755784783483
chr20,1538353,1538671,319,*,3,0.0137282447234386,0.098758290174304,0.0324859152275954,0.022768687399021,0.00152375595257914,0.000993932147530963,"SIRPD, RP4-576H24.4",F,0.10755784783483
chr19,17666374,17667154,781,*,8,0.0119077128231347,0.0991413259485621,0.0199646202722927,0.02851296643859,0.00600221451537968,0.00325924979123709,COLGALT1,F,0.107949767346845
chr10,12110577,12111049,473,*,9,0.0128922972551927,0.0993862215889543,0.0153501819585996,0.0251507963025518,0.0215365463101805,0.00627702327528805,DHTKD1,F,0.108191125278111
chr10,134593236,134593761,526,*,8,0.00115578154319218,0.0995150390867324,0.0132162446268132,0.0110159653177804,-0.0130421809757767,-0.00303883025384062,INPP5A,F,0.108306038099302
chr7,97501417,97501730,314,*,4,0.0173808626508004,0.0997583036230009,0.107547094239554,0.0772705251676005,0.00600929077256487,0.00290442223915898,ASNS,F,0.108545425227176
chr7,130353086,130353831,746,*,9,0.00922732625661853,0.0999529448850357,0.132111167623389,0.111804844108434,0.00791951190089645,0.00252168151189217,"COPG2, TSGA13",F,0.10873180666424
chr10,83635300,83635375,76,*,2,0.0168566741398409,0.100263792945698,0.0132622057327462,0.0133732857282508,-0.0195874535581357,-0.0184532253899615,NRG3,F,0.109044484761353
chr16,88744522,88744842,321,*,3,0.00173093586711386,0.100440070789056,0.00877398510683811,0.00829283559153749,0.0278750303203573,0.0119128807591247,"SNAI3-AS1, SNAI3",F,0.109210695695689
chr20,37101172,37101903,732,*,11,0.00658145327625528,0.100612193369052,0.010788009016712,0.0269707802650661,0.0136936561840392,0.00381058374343552,RALGAPB,F,0.109355839547305
chr7,90033097,90033375,279,*,3,0.0164621129559408,0.100620522323428,0.0375807908681981,0.0491310795116527,0.0221177481494716,0.0131014707334054,"CLDN12, CTB-13L3.1",F,0.109355839547305
chr19,19843991,19844278,288,*,6,0.00827722767307927,0.100668335238405,0.0178986669464251,0.0318218656191733,0.00541016812191533,0.00289954350032775,,F,0.109380318504422
chr2,54197786,54198159,374,*,3,0.0177665322229621,0.100690020491402,0.0212703886417699,0.0254093618344124,0.00473207146858619,0.00277801770492885,"ACYP2, PSME4",F,0.109380318504422
chr22,39101979,39102110,132,*,3,0.0191703158542343,0.100843084112434,0.224315826260536,0.176812285413575,0.0054056907460329,0.00342279021082519,GTPBP1,F,0.10952104540849
chr4,185394988,185395982,995,*,7,0.00229260203816416,0.101383768664117,0.0143063327438957,0.021285140436895,0.0175516530540841,0.00484884236860289,"RP11-326I11.3, IRF2",F,0.110063049697004
chr8,146125639,146126196,558,*,4,0.0111886200215139,0.101389410178258,0.0969736251691396,0.119153805177005,0.02547129928961,0.0146721292783552,ZNF250,F,0.110063049697004
chr6,100016130,100016838,709,*,10,0.00621088991396796,0.101542062803024,0.0139945010668247,0.0347394376358424,0.0176163495280263,0.0054667725388636,"RP1-199J3.7, CCNC",F,0.110177396662088
chr1,173793636,173794210,575,*,12,0.0136242081233,0.101534356727577,0.100112905454566,0.0284412759512331,0.0109230931778574,0.00464425844803446,"DARS2, CENPL",F,0.110177396662088
chr1,43919477,43920264,788,*,15,0.000570946078175395,0.101875208722166,0.0157282803062235,0.0140121429733419,0.0202128702227918,0.00696043316414085,"HYI-AS1, HYI",F,0.110513125324744
chr19,36132263,36132507,245,*,3,0.00955226430726796,0.102140450727645,0.0361879884825949,0.0244930454453807,-0.0206729719332274,0.00116556353657028,,F,0.110775053339227
chr4,156297616,156298427,812,*,13,0.00344801366956656,0.102325331493753,0.0274231411096962,0.0152237145370961,0.0184385588124229,0.0047000826526846,"AC097467.2, MAP9",F,0.110949724974717
chr22,39269086,39269216,131,*,3,0.015409744193867,0.102841300625291,0.0217231730524492,0.0441662787701489,0.034054154241436,0.00790354112108561,,F,0.111483225561448
chr1,68516374,68516465,92,*,4,0.0196628936171559,0.103417273837654,0.0497695899801474,0.054154635450591,0.0165260761580858,0.00536474951074517,"GNG12-AS1, DIRAS3",F,0.112081509020702
chr3,58222756,58223527,772,*,7,0.00985386979511546,0.103638316087743,0.038150547021381,0.0197805327615032,0.0148465011082763,0.00290899036625029,ABHD6,F,0.112294936719548
chr11,68670825,68671964,1140,*,13,0.00201291675252929,0.104032639159427,0.0109661448276533,0.0224342864415533,-0.012328932710444,0.0024338510314521,"IGHMBP2, MRPL21",F,0.112669767573361
chr4,166248057,166249239,1183,*,17,0.00320504692531326,0.104032639159427,0.0118564782534789,0.0266941797709252,0.0120075090914018,0.00443760861674259,MSMO1,F,0.112669767573361
chr20,2781122,2782078,957,*,12,0.000191011128690868,0.104543609313765,0.0160370937134264,0.00961226226198727,0.0210277197917989,0.0041242715489779,CPXM1,F,0.113153545330471
chr9,120466493,120466837,345,*,3,0.0012734442791823,0.104552223654073,0.00782845630868617,0.00797297956142293,-0.0464367788579121,-0.0137974678931499,TLR4,F,0.113153545330471
chr12,58012960,58013271,312,*,6,0.0120710478257958,0.104543609313765,0.0559612433236674,0.0532872891036727,-0.0290339321271176,-0.00538675102306523,"ARHGEF25, AC025165.8",F,0.113153545330471
chr3,10547537,10547584,48,*,3,0.0166849455780325,0.104843395130158,0.0249621624587309,0.0493045742226136,0.0123944409334689,0.00222004221646412,ATP2B2,F,0.113442307416623
chr2,198651498,198651576,79,*,2,0.0129349571763728,0.104905544204799,0.143253243215018,0.131959304478796,-0.0201044878542405,-0.0148577267959309,,F,0.113483186843611
chr5,175815445,175816344,900,*,13,0.00263437224034226,0.104982474649047,0.0230179586297857,0.010964547436645,0.010520430285517,0.00440273824680698,"ARL10, HIGD2A, NOP16",F,0.113540033544035
chr2,29092871,29093905,1035,*,11,0.00170024100877566,0.105034748134361,0.0250772827062238,0.0151643631485919,-0.013914480744855,0.00266095652275137,TRMT61B,F,0.113543830562145
chr6,46138699,46139019,321,*,11,0.00848950992483033,0.105033702095476,0.0453401929643455,0.019557989490165,-0.0162112209478282,0.000599022513253234,ENPP5,F,0.113543830562145
chr2,466826,467891,1066,*,8,0.00558475208451568,0.105143739928885,0.0560373145600177,0.0304598174545793,-0.0136950192530951,-0.00475447506901662,,F,0.113635274274499
chr16,23464139,23464338,200,*,3,0.0167902220139855,0.105457940723918,0.0542444624722045,0.0709267641306891,0.00178851963445406,-9.87695484257756e-05,"CTD-2270L9.4, COG7",F,0.11394840602118
chr14,31926216,31926862,647,*,6,0.00402099295071969,0.10576309026146,0.0175122356578278,0.011248381657263,0.0210127368459056,0.0109533429137974,"RP11-176H8.1, DTD2",F,0.1142516147872
chr22,44893917,44894386,470,*,6,0.00970489944716122,0.106563056479258,0.0133220537410505,0.019557989490165,-0.0114988456184102,9.66146723303953e-05,LDOC1L,F,0.115062405291887
chr19,17829496,17830151,656,*,6,0.00977231165760082,0.106563056479258,0.0199439777988043,0.0196527266603972,-0.0157785744673304,0.00163874007986876,MAP1S,F,0.115062405291887
chr11,44341831,44342177,347,*,2,0.00260374133247967,0.106587813994235,0.0136441385691954,0.0147580782716799,0.0204357713764628,0.00839296612564856,,F,0.115062459381352
chr10,124907942,124908083,142,*,2,0.0157507188497485,0.106702944089071,0.0274526583467707,0.0431325124758871,0.0269162035506103,0.00619371307665056,HMX2,F,0.115160048811774
chr19,41036236,41036807,572,*,5,0.00966229635465078,0.106732083618148,0.0116886256840952,0.0194908118754458,0.0143125204745572,0.00157686675433139,SPTBN4,F,0.115164808482325
chr12,1724930,1725036,107,*,2,0.00145695635139148,0.106768402452265,0.010788009016712,0.00900461797260603,-0.00910467326999809,-0.00584245209615597,WNT5B,F,0.11517731068339
chr16,1295309,1295608,300,*,2,0.00769770180427558,0.106802309224048,0.0127861596266558,0.0119245304078531,-0.015274792979194,-0.00153210125338252,,F,0.115187205663824
chr13,28498334,28498544,211,*,4,0.0150912265981491,0.106895985535544,0.0143225508533281,0.0195827044096735,-0.0294806085960903,-0.00872440992312485,PDX1,F,0.115261543097715
chr9,109623589,109623731,143,*,2,0.00901021958948433,0.106944278922781,0.012288931516823,0.0112274296497142,-0.0268979838703358,-0.024497430789742,,F,0.115286922903563
chr4,89513149,89513922,774,*,11,0.00613903766027634,0.107250246603421,0.0120773702505077,0.0336880571182319,0.00630348094541962,0.00178092979232967,HERC3,F,0.115509805372833
chr14,91592462,91592793,332,*,3,0.0067415631420758,0.107244213665143,0.012765569588324,0.0153264845610467,-0.0133114027092897,-0.0106417250425278,"C14orf159, SNORA11B",F,0.115509805372833
chr6,29617549,29618382,834,*,20,0.00761851355661439,0.107221967575234,0.0374617379597373,0.0702159189787967,-0.0165784385419578,0.00302631456152493,,F,0.115509805372833
chr7,50861418,50861602,185,*,8,0.0188118517942273,0.107221967575234,0.0268408743436484,0.0444334130166892,-0.0306152626796768,-0.0183676609462108,,F,0.115509805372833
chr1,76189707,76190172,466,*,8,0.00860918097091148,0.107711926635902,0.0465524226346944,0.0252483314112061,0.0129370833406774,0.00688300133981842,ACADM,F,0.115980217882866
chr11,1009739,1009801,63,*,3,0.0110478963129313,0.107828652487271,0.0140989547166037,0.0255444505766417,-0.0152532174595086,-0.00887716709216916,AP2A2,F,0.116079064871294
chr4,76958061,76958126,66,*,2,0.0156427060743327,0.107944357156079,0.0136340723527492,0.0147540305924835,0.0114647822615731,0.00338322566873234,"ART3, CXCL11, RP11-630D6.1",F,0.116176767107894
chr2,136634144,136634366,223,*,6,0.0105804730633099,0.108824416973858,0.0126233547998453,0.0143232493897433,0.0197768830302127,0.00587425303500787,,F,0.117096883051585
chr11,57195187,57195540,354,*,4,0.0113634723745825,0.10908296754746,0.0290727625258676,0.0390561205717911,-0.019397946881249,-0.0166719929696691,,F,0.117347974097602
chr7,30066256,30066888,633,*,10,0.0108858144656884,0.109347391712203,0.0405271024333689,0.0286359883549109,0.0145259959289456,0.00694216015186752,FKBP14,F,0.117605266328806
chr1,201915446,201915999,554,*,9,0.00823724182502767,0.109706935049151,0.0138794694307532,0.0244329015226806,-0.0262067768036688,-0.00700920440887668,LMOD1,F,0.117964718661717
chr10,90640409,90640720,312,*,3,0.00623465748330294,0.110058565758699,0.0446217132418142,0.0442088335020204,0.00921433828461868,0.00502582702815303,STAMBPL1,F,0.118315498785379
chr19,53970585,53971035,451,*,5,0.00536640718421837,0.110176687327974,0.0131961570945224,0.0166217800306858,-0.0718118665490549,-0.0175715502240068,ZNF813,F,0.118415147215873
chr14,23292092,23292518,427,*,4,0.0129324058638166,0.110337090026472,0.015801249196495,0.0242818102793968,0.0104549135085569,0.00501802107151518,SLC7A7,F,0.118560181876622
chr10,2370970,2371438,469,*,7,0.00138141719389017,0.111292433906361,0.0183191435833497,0.011718353910223,0.0300423638324857,0.00200622063518507,,F,0.119559138339544
chr22,30867673,30868226,554,*,6,0.0103961704255905,0.111349856560257,0.0242919514828549,0.0219851368097937,0.0299854457045067,0.0153381790057542,SEC14L3,F,0.119593238468892
chr13,113537534,113538109,576,*,6,0.00326862337733726,0.111418600541302,0.0130674198008828,0.0142876104736532,-0.013137991504224,-0.00410709188030656,ATP11A,F,0.119639479529824
chr6,30165652,30166479,828,*,10,0.00493787414588144,0.112180542709012,0.0526961369670712,0.0612283133200366,-0.0208710242892163,-0.00456183980396992,TRIM26,F,0.120374456884917
chr11,66405549,66406312,764,*,8,0.0079992166581617,0.112180542709012,0.0204886266572276,0.0217458992861137,0.0136758232519781,0.00609711066662758,"RBM4, RBM14-RBM4",F,0.120374456884917
chr11,124734412,124735554,1143,*,11,0.00905230333651034,0.112180619042418,0.0739173545877307,0.0275693600947292,-0.0332702550175041,-0.0055317166149411,ROBO3,F,0.120374456884917
chr22,50946451,50946971,521,*,8,0.00723256266916779,0.112761834390503,0.016200740995575,0.0284998638971613,-0.0184872286557567,0.00110321810320578,NCAPH2,F,0.120970251729227
chr12,48099887,48100805,919,*,5,0.000830124059577606,0.112855899667618,0.0122403633470174,0.00915054387643938,0.0265054891948912,0.0112285665392039,RP1-197B17.3,F,0.121043280689105
chr13,21713913,21715145,1233,*,15,0.00180902824801416,0.11295702784676,0.033987955280034,0.0117945357602355,0.0133765377570071,0.00489256753479934,"SAP18, SNORD27",F,0.121123849569965
chr5,50259409,50260240,832,*,8,0.00137289840809956,0.113147808082665,0.0175122356578278,0.0135900385463391,0.0182194165019106,0.00682966051678694,,F,0.121300493149395
chr5,138629068,138630502,1435,*,15,0.000434064143174392,0.114240039704589,0.0132622057327462,0.0105228245950907,0.0157518666164668,0.007179121252787,"MATR3, SIL1",F,0.122443237032053
chr4,158141076,158141936,861,*,7,0.000848822336087577,0.114375331834354,0.00701917363471232,0.00815574496825358,-0.0181485595939331,-0.0106392390098496,GRIA2,F,0.122560036896592
chr1,31193990,31194554,565,*,4,0.00252619105229421,0.114584853422336,0.0118564782534789,0.0108329192944303,0.0109526739833311,0.00405146597317893,"MATN1-AS1, MATN1",F,0.122756306047347
chr9,131549075,131549326,252,*,3,0.00464549149163868,0.114915758122557,0.00954876902182324,0.0104836245820219,0.012053328627752,0.00389647512613096,,F,0.123082494382876
chr13,45010973,45011471,499,*,9,0.00119995470417444,0.115304491587194,0.0109661448276533,0.0117831950158546,0.0111949732084363,0.00501840578354668,"RP11-71C5.2, TSC22D1",F,0.12347045696058
chr14,100530975,100532036,1062,*,4,0.000906794999837427,0.115599500541317,0.00928924739848483,0.0110124084722797,0.0696507587102783,0.0274976507596401,"EVL, CTD-2376I20.1",F,0.123757902073773
chr9,129985863,129986197,335,*,2,0.00788773258985022,0.116166815352387,0.0138274016768025,0.0155157435149506,-0.0181493966111435,-0.0166106210179713,,F,0.124336671821665
chr2,127978490,127978579,90,*,2,0.0184370064287114,0.116203118966459,0.0143350925694435,0.0183388516761398,-0.0106166464620375,-0.00678973829218273,,F,0.124346949684467
chr11,133826329,133827520,1192,*,9,0.000575850000476699,0.116478529320665,0.0106875728806504,0.0085641893243764,0.0104295067863916,0.00256731851113988,"IGSF9B, AP000911.1",F,0.124613028037293
chr1,230513277,230513970,694,*,5,0.0056020309044474,0.116734783643056,0.0209339416670017,0.00995435473217771,-0.00947372320812878,-0.00588320532425282,PGBD5,F,0.124858495044949
chr17,7137333,7137540,208,*,3,0.00972204440922539,0.117192563721663,0.0436805192237426,0.0449823774681058,0.00951253623061457,0.00343680396198587,DVL2,F,0.12531935000041
chr2,2875763,2875964,202,*,2,0.00928191017444812,0.117459548716675,0.0132504463602097,0.0134742609032305,-0.00753306394272779,-0.00125266098992433,,F,0.125576014318998
chr6,30308067,30308653,587,*,5,0.0184920199648111,0.117772901970035,0.0625843967445647,0.0772070221363561,-0.011806235954002,-0.0105585239699196,"TRIM39, TRIM39-RPP21",F,0.125882121752227
chr5,176738672,176738937,266,*,3,0.0135170634329761,0.118146769567523,0.0262858505593152,0.037289190604866,-0.0158904656871939,-0.00317245926025965,MXD3,F,0.126252754904992
chr20,31643051,31643309,259,*,3,0.00371350177744012,0.119644096000303,0.0149867943313053,0.0102472862194705,-0.012586278558598,-0.00760273885632186,BPIFB3,F,0.127764860140658
chr22,41636941,41637467,527,*,4,0.00429130642503759,0.119644096000303,0.0336642830006136,0.0212086933392611,-0.016164105917133,-0.00322716846425836,,F,0.127764860140658
chr6,32022470,32023383,914,*,11,0.00716370694079234,0.119644096000303,0.0299145644703814,0.0176422264030836,0.0339470692612831,0.00826456973543892,TNXB,F,0.127764860140658
chr8,99957225,99957607,383,*,3,0.00123358433447253,0.119703206249154,0.010286402887336,0.0094712379992236,0.00998499579445058,0.0012870679952073,OSR2,F,0.127772373718965
chr10,23384664,23385077,414,*,5,0.00665314840049553,0.119706005268594,0.0116941661509395,0.0200614059373295,0.0127868891176176,0.00289391340052529,MSRB2,F,0.127772373718965
chr1,44435673,44436080,408,*,4,0.010828142831852,0.119972760424452,0.0250855625243166,0.0650532794611167,0.00965686740561361,0.00564801088304694,DPH2,F,0.128014538544797
chr6,1708566,1708713,148,*,3,0.0166300915124538,0.11998785929741,0.0364158511304163,0.0198464753501014,-0.00623228988423952,-0.00353019284941247,GMDS,F,0.128014538544797
chr6,12289897,12290035,139,*,2,0.00777958372412385,0.120194610369033,0.0128239583572442,0.0121771109264369,0.00911148451025717,0.0090626363844384,,F,0.128205749081216
chr1,161087200,161087723,524,*,6,0.0125762057220226,0.121135920215641,0.0512588361145808,0.0241369309411998,0.0101400404538698,0.004832086527666,PFDN2,F,0.129180210772667
chr12,50505329,50505957,629,*,9,0.0121234406457101,0.12134076419601,0.0152372462635325,0.0415076479345607,-0.00676919427401612,0.0018214510313043,COX14,F,0.129369033621982
chr5,162993262,162993374,113,*,2,0.00922272240572491,0.121785700152949,0.0137634880179967,0.0154461105199917,0.00224208846414976,0.00183372996337124,,F,0.12981368862721
chr12,12939519,12940139,621,*,4,0.015489265122507,0.122721281590934,0.0691115043520063,0.0444836027365347,0.0065104884330295,0.00506906056389964,APOLD1,F,0.130781008780087
chr16,31884589,31885194,606,*,9,0.0100638057112023,0.12294971450294,0.00944701868847725,0.0257001319996313,0.0141356664204996,0.00432479121667868,ZNF267,F,0.130994468185814
chr8,124214953,124215152,200,*,4,0.00485852256230269,0.123165406459647,0.00973675916781557,0.0122175530061785,-0.0232324105102618,-0.00702309679660038,"FAM83A, FAM83A-AS1",F,0.131194258436087
chr5,139947627,139947773,147,*,2,0.0136445230354337,0.123298065491549,0.0132622057327462,0.014161232832871,0.012422804361007,0.00657873429766215,"SLC35A4, APBB3",F,0.131305531898958
chr19,12721341,12721799,459,*,11,0.00314625527268829,0.123715250805709,0.0214744613542633,0.0210517395529577,0.0239253269126128,0.00438437609253533,"ZNF791, ZNF490",F,0.131599342851117
chr2,32852456,32853151,696,*,13,0.00599389454018481,0.123715250805709,0.058813083021441,0.031390329559427,-0.0162360381057918,0.00323976131931308,TTC27,F,0.131599342851117
chr1,6694331,6694556,226,*,3,0.00734566225595818,0.123715164941166,0.010788009016712,0.0112622373673243,0.0175837273103985,0.00597327060507894,"THAP3, DNAJC11",F,0.131599342851117
chr13,48877530,48878037,508,*,12,0.0103890867087172,0.123715250805709,0.0415233926437238,0.0618754969272897,0.0102284741709251,0.00480289873857428,"RB1, LINC00441",F,0.131599342851117
chr13,101287124,101287307,184,*,3,0.0127837186316088,0.123715250805709,0.0142266219555378,0.0192087648753444,-0.0128746589803853,-0.0124446613568614,TMTC4,F,0.131599342851117
chr16,31146682,31147199,518,*,7,0.0112316095606499,0.123818233150993,0.0598077533877272,0.0176421435934525,-0.019265603880038,0.0016690617733307,PRSS8,F,0.131678810638085
chr3,40518091,40518138,48,*,2,0.00815921574137026,0.123959107056727,0.0215947027601832,0.0357516408567671,-0.0324122387794449,-0.0321998114359904,,F,0.131798530037255
chr3,186284968,186285622,655,*,9,0.000851768917650459,0.124190146214706,0.0141513963439856,0.0109050837608241,0.0117207248182519,0.00429488558820893,"DNAJB11, TBCCD1",F,0.132014040383904
chr19,12848092,12848676,585,*,10,0.00370424658330159,0.124336743992462,0.0339188038323496,0.0136015316579528,0.0188356627465044,0.0089328632141347,ASNA1,F,0.132139711723619
chr9,17134569,17134842,274,*,2,0.0124289845415041,0.124543083916861,0.0140871088640329,0.0175215600891338,-0.011994329966768,-0.0116612298088864,,F,0.132328802601146
chr1,36234974,36235431,458,*,4,0.0102423064081843,0.125288723454685,0.1469438245308,0.10561403158668,0.0119863698114235,0.00646760157314524,CLSPN,F,0.133090690038428
chr11,64658622,64658726,105,*,2,0.0183201231743851,0.125959378204097,0.193803526746131,0.170713865421893,0.00138404442007689,0.001090974675928,MIR192,F,0.133772593910258
chr18,54318324,54318490,167,*,4,0.0192255376093449,0.126125396745358,0.0300259023436786,0.0383702021249602,0.00608887586959527,0.00384561391425029,TXNL1,F,0.133918370415671
chr10,3145966,3146549,584,*,6,0.0116803421015105,0.126851887746442,0.0270990780425696,0.0276513520823966,-0.0151970272610794,-0.00770463351786194,PFKP,F,0.134659047466419
chr18,3261469,3262035,567,*,7,0.00928744431345426,0.1273936324962,0.0155236989496522,0.0442971407582384,0.00919221597453936,0.0042249273056751,"MYL12B, RP13-270P17.1",F,0.135203315071742
chr15,42349113,42349787,675,*,5,0.00809964957139579,0.127507101844414,0.0289725150858926,0.0176022044550478,-0.020744758755421,-0.00409315766791518,,F,0.135292908017644
chr6,31670463,31671391,929,*,36,3.30881233763517e-05,0.127549008893383,0.0619491083384213,0.0103553446056208,0.0196939646737567,0.00739426357786887,"ABHD16A, XXbac-BPG32J3.20",F,0.135306545425167
chr3,45837170,45838094,925,*,10,0.00163509066383738,0.127730264164992,0.0141331328283809,0.0141568041978194,0.0181544594918059,0.00452474204168544,SLC6A20,F,0.135467966343969
chr3,183852724,183853160,437,*,8,0.016070680897052,0.127924232348163,0.0738728641951828,0.0524752295361561,0.00899336487717321,0.00480469036530651,"EIF2B5, RP11-778D9.12",F,0.135642793726182
chr8,77912326,77912832,507,*,9,0.0154000207717627,0.129758419070229,0.0195266713138032,0.0662013495383197,0.00600814193714733,0.00256821404883054,PEX2,F,0.137556329981802
chr1,155533819,155534509,691,*,2,1.19941960673835e-06,0.130113455113509,0.00333513406649978,0.00186993104734644,0.03137136506696,0.0219064726309932,,F,0.137901310983981
chr7,92220582,92220885,304,*,3,0.00690274185282993,0.130265014436278,0.0140871088640329,0.0226669515868125,-0.0276223737105992,-0.0199951428664278,,F,0.138030528379919
chr6,147827800,147828073,274,*,4,0.00765535078835658,0.130548916607275,0.0169748416272238,0.0125547319821092,0.015513964962985,0.00832821660848774,,F,0.13829988731576
chr6,28510306,28510740,435,*,11,0.0032417415628734,0.130674684447237,0.0152622909881793,0.0306230457657456,-0.0147584984345885,-0.00123464375503233,,F,0.138401638724308
chr8,38126029,38126098,70,*,2,0.0145472941333206,0.131792366790348,0.0154335148679141,0.0226669515868125,0.0107014726731046,0.00501488628146569,"DDHD2, PPAPDC1B",F,0.13955367261088
chr3,184095245,184095505,261,*,2,0.00379436098258895,0.132191469086947,0.0117705407563178,0.0104077490179395,0.0166807043778453,0.0103446192459032,"EIF2B5, THPO",F,0.139880861517362
chr5,73980834,73981306,473,*,8,0.0122702724018378,0.132189555038723,0.0208060696958207,0.0316692863292214,0.00940533517314807,0.00329884630414517,HEXB,F,0.139880861517362
chr17,80879439,80879483,45,*,2,0.0154630494834419,0.13216553569594,0.0168445520343799,0.0275693600947292,-0.0153147808321796,-0.0105310049146229,TBCD,F,0.139880861517362
chr17,73974861,73976089,1229,*,15,0.001728815211523,0.132613763239134,0.0203185280547641,0.00815574496825358,0.0254738128196651,0.00517466779128333,"TEN1, TEN1-CDK3, ACOX1",F,0.140295841754804
chr16,5121151,5121731,581,*,4,0.00483246795038297,0.132874683454366,0.0153884936427576,0.0088075900274432,-0.0531902344349057,-0.00778175950280691,ALG1,F,0.140539950226432
chr22,26908215,26908877,663,*,12,0.0033253792812065,0.133474260185507,0.0279163596742478,0.039966868305937,0.0181163101227865,0.00250365268739474,"CTA-445C9.14, TFIP11",F,0.141142059419597
chr4,148652849,148653917,1069,*,7,0.00212295783639366,0.135276622059706,0.0156777089105834,0.012594025214462,0.00735122117346885,0.000867416592939582,ARHGAP10,F,0.143015488974358
chr17,56084885,56085264,380,*,5,0.0180840559451723,0.135599944554625,0.127961501141313,0.144670561230403,0.0140534001784497,0.00693643584738391,,F,0.143324771173601
chr8,134308734,134309501,768,*,4,0.0133943245306413,0.135660767616618,0.0324049194891087,0.0422936610472135,0.0196090232520817,0.0088481487623254,NDRG1,F,0.1433565225302
chr12,6862076,6862228,153,*,3,0.0154891172599915,0.136047623441433,0.0387313931339221,0.0666144438414937,0.00529068444932195,0.00278112325566847,MLF2,F,0.143732709248356
chr1,145395607,145395846,240,*,3,0.00590578769491857,0.136383396788475,0.0109661448276533,0.0128738363430408,0.0188461402426239,0.0064650264162118,,F,0.144054769526861
chr6,31645968,31646377,410,*,7,0.00609612769538769,0.13684469758161,0.0151323816592907,0.0128025534072725,-0.0136132506248273,0.00232741280239171,LY6G5C,F,0.144509241867927
chr2,242088304,242089018,715,*,9,0.00988695508315404,0.136979037487231,0.0587235328185099,0.025620920700851,-0.0218136073000384,-0.000872711997846742,"PPP1R7, PASK",F,0.144618312758566
chr14,102476960,102477046,87,*,3,0.0116579174315306,0.13736544495281,0.0201243699517908,0.0403831175414497,-0.0114509797026249,-0.00816629198948593,DYNC1H1,F,0.144993399171631
chr7,134896293,134896791,499,*,9,0.00464925511178858,0.137468733095242,0.0202604763043246,0.0813555499414907,0.0162084726080359,0.0033748788718338,WDR91,F,0.145069542267062
chr8,22462455,22462867,413,*,7,0.00435246657956243,0.137682393392724,0.0132622057327462,0.0212786209960534,0.0251526448013185,0.00646245783276626,CCAR2,F,0.145262099236501
chr11,1521172,1521257,86,*,2,0.0203584569827575,0.139489453272595,0.0585684791293402,0.0913151278144772,-0.00623948185585421,-0.00480222668892977,MOB2,F,0.147135307789462
chr3,48956311,48957246,936,*,9,0.0036005441123322,0.139532445553059,0.015892558252374,0.0345413888343633,0.0135032786576192,0.00425505468130759,"ARIH2, ARIH2OS",F,0.14714732765865
chr16,69788707,69789280,574,*,6,0.0103819991746516,0.139950679353744,0.0451971913901284,0.0231442539183667,0.0150994755685984,0.00560374947538683,NOB1,F,0.147554972549329
chr4,81106240,81106463,224,*,6,0.0112051665986656,0.140050534664453,0.0143350925694435,0.0189698290784451,0.0165910906656136,0.00900431783449682,"PRDM8, RP11-377G16.2",F,0.147626831130004
chr12,54069773,54070610,838,*,15,0.00698819754709513,0.140571998435591,0.0322882539046477,0.0582202725910246,-0.0223495841695213,0.000864186352438323,ATP5G2,F,0.148142972779938
chr3,132136102,132136356,255,*,6,0.0111663307594888,0.141131336013392,0.0185610822602583,0.0283322487629327,0.00737392055798051,0.00535774305662047,,F,0.148698785478364
chr10,85898649,85899580,932,*,10,0.000385476033569145,0.141866664007408,0.00573258176258614,0.00926448605931215,0.0400669853171042,0.0136773487207952,"GHITM, RP11-338I21.1",F,0.149439731798801
chr3,193853443,193854201,759,*,11,0.00614677223430587,0.143287813896422,0.0572585708411351,0.0390710744276898,0.0277742222977191,0.00586498571070506,HES1,F,0.150902611785535
chr22,37976631,37976725,95,*,2,0.0187906269904239,0.143901588179546,0.111993909243985,0.140295248180255,-0.0128433296206081,-0.0113222896533732,LGALS2,F,0.151514740255968
chr11,61129864,61130361,498,*,7,0.00515194470793909,0.144076966524877,0.0162149799274486,0.0255490654832548,0.0203571773536248,0.00405426282114741,TMEM138,F,0.151665106940857
chr1,46768592,46768912,321,*,2,0.0141110182990378,0.144300110354481,0.0928493674280155,0.126110665469791,0.00885692953591692,0.00502090947536598,LRRC41,F,0.151865675462331
chr1,111682262,111683302,1041,*,9,0.00779098980782738,0.144937882540004,0.0383402720491218,0.0631043463442921,0.0130647998203609,0.00630650526955378,"CEPT1, DRAM2",F,0.152502421823045
chr12,110841169,110842031,863,*,15,0.000659277963847841,0.145264223939448,0.0113761336854926,0.0103745417075304,0.0181068888742477,0.00873175700204496,"ANAPC7, RP11-478C19.2",F,0.152811269682857
chr11,118175172,118175675,504,*,4,0.00114499533638409,0.145940339493671,0.00727784058168756,0.00968138733849169,0.06186573978937,0.0327623653684449,CD3E,F,0.153487841242553
chr15,52472025,52472330,306,*,3,0.0158028271203557,0.146259590794827,0.0587200433908193,0.0472961769490911,0.00258729371758324,0.000990823543117638,"RP11-430B1.2, GNB5",F,0.153788872054981
chr4,122686269,122686667,399,*,9,0.0127654429478639,0.146362448150022,0.0352153555914335,0.0232683545967831,-0.00771790981320397,-0.000491750453368131,"AC079341.1, TMEM155",F,0.153862284657936
chr19,31840737,31841161,425,*,4,0.00455062556116064,0.148106339938968,0.0129109335157902,0.0185277560434909,0.00642013557587788,0.00249451255150141,AC007796.1,F,0.155660398351562
chr17,4843156,4843839,684,*,9,0.00686207441980165,0.148563689682522,0.0228304704092294,0.0252345197116937,0.0115597586291221,0.00460197295719212,"RNF167, SLC25A11",F,0.156105844506206
chr8,141297750,141297844,95,*,3,0.000708230646406366,0.148746731448242,0.00668530391036088,0.00669051739293759,-0.0186966043463432,-0.0113837844956954,TRAPPC9,F,0.156262920901075
chr11,67225897,67225937,41,*,2,0.0151151480300523,0.148822428312873,0.0135977461401208,0.0152124599846094,-0.0124055008842706,-0.00364996212874824,CABP4,F,0.156307182826579
chr8,9951983,9952099,117,*,2,0.00458849011128687,0.14901038801651,0.0121837754920947,0.0110931244617454,0.00262159697916542,0.00258925186922776,MSRA,F,0.156434034488929
chr17,73996245,73996331,87,*,2,0.0115600220269504,0.14901038801651,0.0132622057327462,0.0139177574303019,-0.0140040106849196,-0.0105875851590553,"TEN1, TEN1-CDK3",F,0.156434034488929
chr1,39407387,39407451,65,*,2,0.0174195536015308,0.149411942545904,0.0153501819585996,0.0227227583926617,0.0280916116175692,0.0146884447500433,RHBDL2,F,0.156820242604524
chr19,11038957,11039385,429,*,8,0.00405199769142653,0.149908879022108,0.0157359313500454,0.0679439045449518,-0.0134170314602663,0.00213699314525432,YIPF2,F,0.157306365391158
chr20,30945677,30946267,591,*,5,0.003046181741045,0.15027459084068,0.0202391623839226,0.013393690248207,0.0225120380914392,0.00816901806278538,ASXL1,F,0.157654600032675
chr7,157915171,157915584,414,*,4,0.0172907797101267,0.151157864596717,0.0347366368120885,0.0193086730834433,-0.0113384124819295,-0.00384756021438593,PTPRN2,F,0.158545535006061
chr3,150804058,150804063,6,*,2,0.01269173680774,0.151252560922177,0.0142567767470425,0.0188740568573046,-0.00487869188756587,-0.00111020917755093,MED12L,F,0.158609136729245
chr22,39529123,39529323,201,*,5,0.0131019101391993,0.156240631042912,0.0117098145537896,0.0223266016475182,0.0269446800288087,0.00856781463549052,CBX7,F,0.163802930834498
chr7,51383119,51383661,543,*,3,0.00862613132361915,0.158687647877088,0.0129337919935356,0.0212661494529575,-0.0045757761752543,0.00130217070425308,COBL,F,0.166330942193023
chr14,102975405,102976856,1452,*,9,0.00542798862083586,0.158792134601265,0.0204897794271131,0.0146391633592622,0.00603670540469411,0.00389175617163032,ANKRD9,F,0.166403008739444
chr18,72123958,72124791,834,*,6,0.00705424536510392,0.159026933543666,0.0127126463827053,0.0335183202610906,0.0105931760031626,0.00215961687536828,FAM69C,F,0.166611570194117
chr6,32906857,32907385,529,*,3,4.19139711788031e-05,0.159219479907644,0.00854278047426466,0.0092569529340747,0.0352091575560236,0.00670698983107578,"HLA-DMB, XXbac-BPG181M17.5",F,0.166775780011223
chr16,30456761,30457337,577,*,9,0.00567775856654252,0.160363272543668,0.0301690637832535,0.0561890515378438,0.0136980608179669,0.00690855852235056,SEPHS2,F,0.167936082805456
chr21,34443601,34444339,739,*,5,0.00874079487813519,0.160499996876937,0.0420352448807199,0.0318929969343249,0.0245234316908269,0.00780579069646385,OLIG1,F,0.168003705429512
chr3,45729776,45730489,714,*,7,0.0106069627606845,0.160498254430076,0.0406933129699345,0.0604318414682895,0.0241750989939302,0.0113686471595313,LIMD1-AS1,F,0.168003705429512
chr6,31513680,31513886,207,*,3,0.0167438825201788,0.160751226244388,0.0186822859249072,0.0487276632354214,0.00790500844788633,0.00422279902425952,"ATP6V1G2-DDX39B, ATP6V1G2",F,0.168228867555082
chr1,47488757,47489282,526,*,4,0.00545235992607737,0.161269774211475,0.039277965247469,0.0399165631775101,-0.0469213861258385,-0.0144555895647314,CYP4X1,F,0.168733619075004
chr2,28718959,28719042,84,*,2,0.0143429103423485,0.161379459538455,0.0140795358325773,0.0179241679025437,0.00635742352139612,0.00620439133989537,PLB1,F,0.168810454418371
chr22,39190118,39190571,454,*,9,0.0139492862868884,0.161962944367893,0.0312889274007736,0.0446096887300832,0.0325539917291523,0.00999517250440519,"SUN2, DNAL4",F,0.169382760368578
chr17,37308828,37308900,73,*,2,0.0117812002298942,0.162566423048702,0.0792263698277424,0.120452622727591,-0.00619792251416507,-0.00054735160519187,PLXDC1,F,0.169975714444949
chr2,217557996,217558075,80,*,2,0.00939819034655484,0.163556903818457,0.0115405716428096,0.0103101709663774,0.0103174445319737,0.00641039266190478,IGFBP5,F,0.170972951982616
chr6,29407689,29408447,759,*,11,0.0111575055417916,0.164046696439171,0.0581511261920098,0.0437084955685471,0.0325834185934707,0.00899378064045349,"OR10C1, OR11A1",F,0.171446468877293
chr12,12764333,12765398,1066,*,13,0.000176717972518198,0.164731259270391,0.007812197136308,0.00807789113762502,0.0305358846891685,0.00618491221003869,CREBL2,F,0.172123283469197
chr6,7389544,7390179,636,*,15,0.0164534494399327,0.165040583644613,0.0819155335918733,0.0635931504924888,0.0129357898738528,0.00245040378590619,"RIOK1, CAGE1",F,0.17236914062188
chr8,144672161,144672242,82,*,2,0.0166704187535085,0.165009162271699,0.0132741200564817,0.0146986856522216,-0.00817611136730101,-0.00301422922223454,EEF1D,F,0.17236914062188
chr8,118532625,118533254,630,*,11,0.00921111007073928,0.165141079920683,0.013913796747682,0.0413230442141032,0.014681297820118,0.00562216481409581,MED30,F,0.172435428069646
chr19,4303817,4304446,630,*,5,0.00788904329060536,0.165191045580376,0.0285869666171516,0.0260444895586154,0.0507157833224879,0.0213004265733918,,F,0.172448935052188
chr15,59062977,59063885,909,*,13,0.00179327667446586,0.165312634417436,0.0177550702945774,0.0191412214277637,0.0100592242901068,0.00336301472866142,"FAM63B, RP11-30K9.6",F,0.172537189260869
chr1,47081524,47082691,1168,*,6,2.1994397397933e-05,0.166084194035149,0.00701917363471232,0.00637971134076026,0.0248593490666034,0.00664854386354979,"MKNK1, MOB3C",F,0.173267971228285
chr5,131892242,131893006,765,*,9,0.00512074812676385,0.166087228594173,0.0336032858736656,0.0243428007372442,-0.0255234991495209,0.00110717061810863,"RAD50, IL5",F,0.173267971228285
chr5,158634905,158634989,85,*,2,0.0189812381308018,0.166318046397812,0.0313265949606975,0.0560862345549496,0.00584144780329511,0.00554249197921327,RNF145,F,0.173469908639331
chr12,131400857,131401305,449,*,5,0.00739320404324731,0.166966052139891,0.0132622057327462,0.0156908564650737,0.0201742937561987,0.00523721714011808,,F,0.174106785672968
chr13,88323266,88323452,187,*,4,0.00379879039231351,0.167794965397575,0.00789543307350259,0.0102939668699635,0.012223591177246,0.00288814444440922,MIR4500HG,F,0.174931979820127
chr6,53013589,53013647,59,*,2,0.013806509736668,0.167912440407939,0.0158407448165796,0.0253481464285516,-0.0144027400811085,-0.00982996151966287,GCM1,F,0.175015271929224
chr16,46654691,46655473,783,*,9,0.00482726909939682,0.169009376540474,0.0231934705670839,0.0116599847352388,0.0151837898766724,0.00673665298572646,SHCBP1,F,0.176119191440811
chr16,89763370,89763816,447,*,2,0.012647150289405,0.169557293034614,0.0606001194038408,0.101160125554088,0.0143405383262083,0.00825846347192527,SPATA2L,F,0.17665062945463
chr6,26087607,26088202,596,*,5,0.000976509293505357,0.170325736143912,0.00881723425110111,0.00859497897599778,0.0139259194351654,0.00742966087795442,HFE,F,0.177411530579781
chr3,134092608,134092862,255,*,5,0.00781533825203966,0.170778168679611,0.0162028376627624,0.0242229145173633,0.00947593352522766,-0.000704770007446278,AMOTL2,F,0.17784300794744
chr11,102496104,102496501,398,*,4,0.00631880554575778,0.171280704158425,0.0136441385691954,0.0167239761810501,-0.00430129450829486,-0.000709721973040978,RP11-817J15.2,F,0.178326456352735
chr7,42277347,42277394,48,*,3,0.0199270186843215,0.171714454744142,0.0756005305087569,0.129345299201806,-0.00519078020276338,-0.00200983874944388,GLI3,F,0.17873809024217
chr11,3012310,3012800,491,*,4,0.00448510105470619,0.172140733311473,0.0172779876104575,0.0124847534247821,0.0109398096813369,0.00663204109327372,"AC131971.1, NAP1L4",F,0.179141764252856
chr15,49169965,49170751,787,*,15,0.00563062907810244,0.172470924997083,0.0129853447435716,0.037289190604866,0.0163604969029649,0.00494971037141124,"EID1, AC012379.1, SHC4",F,0.179445285458315
chr22,24180995,24181562,568,*,6,0.0128672809706871,0.172819124235752,0.0241386276838876,0.0323936936845552,0.00343033041836339,0.00156084077421009,DERL3,F,0.179767402628076
chr16,86542659,86543519,861,*,10,0.00949115417984569,0.173691587616369,0.0477415452407653,0.0670759605857228,0.0122007441341815,0.00640641162883963,FENDRR,F,0.180631474894313
chr3,123813191,123813596,406,*,10,0.0145553187282858,0.173727372997987,0.0485278748694223,0.0419417439118765,0.0359891068269761,0.00795423141470565,KALRN,F,0.180631474894313
chr6,84937277,84937888,612,*,11,0.00652546624321122,0.173810504565386,0.0604071598884634,0.0202683701922778,0.0143474858333495,0.00565938354654989,KIAA1009,F,0.180677571375224
chr6,31690725,31691050,326,*,7,0.0143315408449587,0.173939831118404,0.154501086308404,0.180574591363849,-0.0281389816690663,-0.00907401640104036,C6orf25,F,0.180771656665567
chr1,146713916,146714493,578,*,11,0.00445088737615945,0.174227401826869,0.0200684825872218,0.0321625873544299,-0.027405768021503,-0.00462570785432336,"RP11-337C18.10, CHD1L, FMO5",F,0.181030122781733
chr2,191744975,191745502,528,*,6,0.00487575273002793,0.174818474808461,0.0202391623839226,0.0406779352859873,0.0118340107705986,0.00458891418290084,,F,0.181603755784743
chr12,125509938,125510168,231,*,2,0.00862265497419269,0.175231872639863,0.015187395909009,0.0225784323983189,-0.0172085290429124,-0.0113670127241615,BRI3BP,F,0.181992602784086
chr19,54641315,54642290,976,*,10,0.00222024357408622,0.176384179019528,0.0360020609425245,0.0197743280252082,0.00530255497441473,0.00241008692732424,CNOT3,F,0.183148522116821
chr19,3538338,3538705,368,*,2,0.00666213159974861,0.176584202879755,0.0228402810133955,0.0411001658067965,-0.00228640512362355,-0.000336065286993259,MFSD12,F,0.183315343916856
chr7,23749533,23750085,553,*,13,0.00416040403178629,0.178200263223054,0.0127861596266558,0.041764809762618,-0.0360744388928562,-0.00926293721824382,STK31,F,0.184951777541734
chr17,7080988,7081366,379,*,2,0.00376385940396554,0.178344506935008,0.0151745255114526,0.022546648006072,0.0131948225715279,0.0106124222231805,ASGR1,F,0.185060242601678
chr17,40264626,40265577,952,*,6,0.00922707771039821,0.179308912256526,0.0504277237453596,0.0354177955857742,0.00913603209216073,0.00473721405776091,"DHX58, KAT2A",F,0.186019515343872
chr8,38088736,38089920,1185,*,19,0.000505925985888077,0.179427685272817,0.0155505088259558,0.0126959864764265,-0.0153180586978489,0.00260859459601332,DDHD2,F,0.186101276239535
chr5,176930263,176930754,492,*,4,0.0149823661575485,0.179967292250722,0.0647095669062545,0.0727418268337717,0.00487375319052408,0.00231849454926811,"RP11-1334A24.6, DOK3",F,0.186619389893479
chr12,133706422,133706789,368,*,3,0.00261617885324472,0.180329921727784,0.0128635722373312,0.0111728384453081,0.0171347827073464,0.00392857251730951,ZNF891,F,0.186953794631854
chr3,98620816,98620877,62,*,3,0.0200788022848179,0.180558698393186,0.132398014707025,0.13270610412851,0.00254709686662946,0.0014602599949896,,F,0.18714931191121
chr20,22559456,22559676,221,*,2,0.0192841386965727,0.183958604106756,0.0790026519752078,0.126569170103733,-0.00518924154380018,-0.000329149089587075,,F,0.190630889925492
chr5,172672390,172672684,295,*,3,0.0123686823799558,0.184216949777786,0.00944701868847725,0.0103751418627241,-0.0109513925251668,-0.0032317183650475,,F,0.190856136844305
chr22,24950917,24951237,321,*,4,0.00519353159649597,0.184553004284396,0.0113761336854926,0.0211461501536904,0.0102048346391377,0.00498518664378707,GUCD1,F,0.191161775122872
chr1,40626946,40627697,752,*,11,1.34420025396014e-05,0.185172151954845,0.010788009016712,0.00749674703210516,0.0166669785748311,0.00564022242136828,RLF,F,0.191760442884971
chr9,140499397,140499623,227,*,2,0.0110337997679521,0.186179330253313,0.0125077749322433,0.0117730413355408,-0.00214267701539524,-0.00188159245690184,,F,0.19276059159397
chr6,134273564,134274457,894,*,6,0.00207697312486319,0.18726262743845,0.00944701868847725,0.0136780103377458,0.0264749655436488,0.0124011525945532,TBPL1,F,0.193839087793035
chr2,241395181,241395755,575,*,5,0.00327168359352206,0.187419377334724,0.011878582599305,0.0239692289269522,-0.0236638556199285,-0.00946347122553239,"GPC1, MIR149, AC110619.2",F,0.193958231166179
chr1,234350003,234350327,325,*,4,0.0133728828809952,0.187964803429209,0.0544846032784049,0.0357588385606248,-0.009773822256956,-0.000985708890207595,"SLC35F3, RP4-799P18.2",F,0.194479468911314
chr7,6629350,6629515,166,*,2,0.0159003903635362,0.188275813521751,0.0178618117107415,0.0318116858574486,0.0112169947200574,0.00730420314936808,,F,0.194757988354241
chr10,32216390,32217076,687,*,5,0.00669820786816151,0.189869039693544,0.0256336505602482,0.0252301748839317,0.0218590425724473,0.00979273210644057,ARHGAP12,F,0.196362451222037
chr14,105993363,105993747,385,*,3,0.0146213549468993,0.190697125401463,0.0344787843427233,0.0887951404587112,-0.0117068153281347,-0.00464559243080521,TMEM121,F,0.197175069492588
chr6,33262579,33263475,897,*,13,0.0011656496135835,0.191682511627821,0.0144777411645042,0.0166018288699399,0.0186078344292413,0.0038954268575592,"PFDN6, RGL2",F,0.198149934883632
chr1,53924763,53925053,291,*,3,0.0132504706232835,0.192418884030009,0.0456433337168003,0.0658148776825194,-0.0134091218996413,-0.0075081624923277,,F,0.198867009082946
chr19,33864973,33865273,301,*,2,0.0114444889323307,0.193338390860876,0.0322506160812186,0.0598109209570332,0.0102805006677846,0.00714520372339203,CEBPG,F,0.199772994506124
chr6,133561368,133562336,969,*,29,0.00266486483455896,0.193560205520161,0.0344290231261654,0.0353504184385357,-0.0214524726640917,-0.0046132266428795,EYA4,F,0.199957825445295
chr7,32529948,32530336,389,*,10,0.0142935267827283,0.195038134326528,0.041975102803532,0.0378544349298527,0.0196491335765117,0.00854483781164866,LSM5,F,0.201439918287567
chr6,33158960,33159361,402,*,3,0.0088043478199495,0.195490858500877,0.200341667959603,0.250701660327868,-0.00817122897239631,-0.00626327366587387,COL11A2,F,0.20179292757745
chr15,25334879,25334988,110,*,2,0.0096880371971552,0.195509918236945,0.0144325856432852,0.0200834417209368,-0.0160574329368022,-0.00921357131709294,SNHG14,F,0.20179292757745
chr1,147012684,147013020,337,*,5,0.0139617233259843,0.195509918236945,0.0154856439573902,0.0478838620998319,-0.0335640392125101,-0.00965066680794141,,F,0.20179292757745
chr11,75046951,75047180,230,*,3,0.00804492481344584,0.195668125650019,0.0144261820900454,0.0237141390446466,0.00386547091807188,0.00187693640308417,ARRB1,F,0.20191146934459
chr6,151561667,151562429,763,*,3,0.010138755088678,0.196376353114681,0.0357078722224629,0.0852264176949807,-0.0112694779564209,-0.00410037502108416,AKAP12,F,0.202597402847822
chr22,40440322,40440766,445,*,8,0.00905621710969866,0.196668082769514,0.0143969325284381,0.0516162822218901,0.0153720208471569,0.00370342768586573,RP3-496C20.1,F,0.202853435538787
chr2,182548308,182549104,797,*,5,0.00296961991002826,0.197548414234553,0.0141211291218841,0.012731234321783,0.0164979499626905,0.00307319645237235,AC013733.3,F,0.203716334165259
chr3,52719268,52719575,308,*,3,0.000623045690968977,0.199029538736617,0.00854278047426466,0.00966704031413783,0.0247645441765131,0.0164551468472144,"GNL3, PBRM1",F,0.205198264754578
chr15,44580831,44581013,183,*,3,0.00881144682927837,0.199616192419568,0.0130674198008828,0.0237064794066551,0.00823656006059962,0.00363428190337074,CASC4,F,0.205757549379798
chr6,41747768,41748519,752,*,7,0.0054987879234408,0.200259914655589,0.0163180442699041,0.0441258521238694,0.00943958213933654,0.00350117311643394,"PRICKLE4, FRS3",F,0.206329739502451
chr2,216301341,216301490,150,*,2,0.0159089857939432,0.200259914655589,0.00798710548832524,0.00668398840478539,-0.0137642684107091,-0.00349335740966578,AC012462.1,F,0.206329739502451
chr15,80444736,80445874,1139,*,11,0.0013346865156794,0.202264877674144,0.0144777411645042,0.0146384544803705,-0.0158481413675714,0.00241951644076894,FAH,F,0.208349377422802
chr6,31778194,31779381,1188,*,13,0.0023420565191371,0.204397616043095,0.029026394324182,0.054310214022294,0.0281637993314784,-0.00340405161402895,HSPA1L,F,0.210499712054996
chr17,47210027,47210822,796,*,9,0.000734914906734116,0.205841622434889,0.0162028376627624,0.0153656362559035,-0.0231310057700615,-0.00314473017012034,B4GALNT2,F,0.211939959248127
chr6,33171319,33171765,447,*,5,0.0147846901990114,0.207333384173212,0.0791500205068918,0.140921587241228,-0.01184591843031,-0.00707100803528278,SLC39A7,F,0.213428729021806
chr16,89237573,89238330,758,*,8,0.00431612058708212,0.20772696085237,0.00878743299374643,0.0214733144508899,0.0342839152933597,0.00943758352593038,CDH15,F,0.21378662026287
chr8,142262059,142262071,13,*,2,0.0169317652655897,0.208824488870849,0.0140446903998739,0.0182128407621861,-0.0101997035813821,-0.00914610730780063,SLC45A4,F,0.214868679777186
chr14,24583689,24584161,473,*,6,0.0147416123210819,0.214693676768455,0.0994897129473989,0.209245943560344,0.00679893651313634,0.00327492861591425,"DCAF11, NRL",F,0.220858946920851
chr12,107350911,107351181,271,*,4,0.00775989362569675,0.218315658497988,0.0136441385691954,0.0180324656289395,0.0236639443565021,0.0122246019124283,C12orf23,F,0.224535340464913
chr1,70687080,70687559,480,*,6,0.00470847631100734,0.218412956999923,0.00934337517034838,0.0212186001670646,-0.0132808945077411,0.0030249411381681,SRSF11,F,0.224585811602703
chr12,121147668,121148294,627,*,5,0.00699764670096982,0.219727423274838,0.0228354452887187,0.0158087256286225,-0.0384494700991576,-0.00301822407283835,UNC119B,F,0.225887551918526
chr6,32137705,32138807,1103,*,15,0.00779360669799493,0.220526855729677,0.0463517021687436,0.0546653946806292,-0.00873058444251673,-0.000253011365409368,"PPT2-EGFL8, AGPAT1",F,0.226659361538977
chr15,29561501,29562525,1025,*,9,0.00501482576018218,0.221430693052646,0.012904171888162,0.0126344826516687,0.0166637626362602,0.00734637360839691,"FAM189A1, NDNL2",F,0.227538115080797
chr3,135915004,135915963,960,*,3,0.000933589627580429,0.221619474426914,0.0148651410323364,0.0289407296992357,-0.00529010212104697,0.00124880804233347,MSL2,F,0.22768186463846
chr2,232646431,232646458,28,*,2,0.0197589014804566,0.222397726198898,0.214113167980117,0.251112318146645,0.00806252383565215,0.0045150875913042,"COPS7B, PDE6D",F,0.228431012551449
chr2,165697595,165698022,428,*,3,0.0127561061378826,0.222587986900239,0.0161752269581799,0.0460173160821214,0.00926533374193643,-0.0024266219219354,"AC019181.2, COBLL1",F,0.228576020946949
chr1,167905730,167905793,64,*,2,0.018793618833902,0.225246865905898,0.239132149549281,0.268151065173146,0.00653797980834718,0.00563007496357063,"DCAF6, MPC2",F,0.231255435300654
chr12,101673672,101674229,558,*,9,0.00203113246897889,0.22712310043378,0.0338954475195642,0.0122972893646919,0.0136931411016106,0.00416478134210117,UTP20,F,0.233027600511151
chr3,150329548,150329793,246,*,3,0.00356870111455308,0.227078366435532,0.00944701868847725,0.00958361737762098,0.0469127270649874,0.0162162801203088,"SELT, RP11-392O18.2",F,0.233027600511151
chr9,100264941,100265181,241,*,3,0.00645764475841996,0.22710743551295,0.0122261821304003,0.0199482983150896,-0.0241348121349515,-0.0133917553289269,TMOD1,F,0.233027600511151
chr6,166400494,166401464,971,*,9,0.000708758852857058,0.227754603613056,0.0121837754920947,0.0163631285635025,0.0216609862184304,0.00747833827586902,LINC00473,F,0.233624050446256
chr15,63569245,63570396,1152,*,15,0.000742702658222443,0.22955872962024,0.0152622909881793,0.010842277294323,-0.0161036845112487,0.00178047809112356,APH1B,F,0.23542281520402
chr4,1049609,1050226,618,*,5,0.0100722199421989,0.230438941507096,0.0162881196347724,0.0215962204037356,0.01231126666462,0.00768069355130062,RNF212,F,0.236273480977223
chr13,111141830,111142065,236,*,6,0.00808046473129419,0.231367104247247,0.0109661448276533,0.0259553462743705,-0.019124645600331,-0.0121618190796465,COL4A2,F,0.237172926365712
chr12,19592184,19593035,852,*,6,0.00172131095523256,0.232362435704643,0.00951109236233659,0.0298241320581431,0.0136966228533398,0.00153767539741605,AEBP2,F,0.238140814937615
chr16,89752555,89753195,641,*,6,0.00467997982629488,0.232953313812079,0.011537631514985,0.0218173653593321,0.0144766838565511,0.00448575744667874,"CDK10, RP11-368I7.4",F,0.238661821998742
chr11,32914605,32915131,527,*,6,0.00911169356922627,0.232973296715971,0.0138794694307532,0.0339988200557478,0.00930828281507304,0.00393771863104305,QSER1,F,0.238661821998742
chr5,142150321,142150831,511,*,4,0.00761850760517177,0.233126504156317,0.0210745187675536,0.0430538058344842,-0.00370645942418903,-0.000294951690686444,ARHGAP26,F,0.238766248043978
chr3,184870408,184870705,298,*,3,0.019501636834859,0.233585299815412,0.0449480022181127,0.118279359179193,-0.0154833689673561,-0.00497488297307837,C3orf70,F,0.23918354029032
chr14,23066984,23067978,995,*,11,0.00077497686023308,0.234258893650426,0.0158027275667924,0.0117152005037598,0.00961082465031073,0.00409702636474377,"ABHD4, CTD-2555K7.4",F,0.239820546874046
chr11,62783123,62783543,421,*,7,0.00480229049795392,0.238659322754413,0.00753413913857507,0.0204094485596336,0.0335684527606522,0.0208602135136176,SLC22A8,F,0.244271750784022
chr14,69446137,69446504,368,*,3,0.016070680897052,0.239333783157793,0.0369979524292342,0.0982624048977251,-0.00999720773763103,-0.00207497574248285,"ACTN1-AS1, ACTN1",F,0.2449082461362
chr14,88458917,88459866,950,*,8,0.0032640188542822,0.241018380517632,0.00956554448383203,0.0183472517973344,0.0349994577511245,0.00608750765602332,GALC,F,0.246577899400398
chr4,188924612,188924752,141,*,3,0.00143941905399603,0.242281427323158,0.00760076808210923,0.00818695870374463,-0.0157459768326431,-0.0130985128715173,ZFP42,F,0.247815639587952
chr3,135684688,135685131,444,*,4,0.00954952248977467,0.242387040991635,0.0163603785499718,0.0210566977480462,-0.010465490266533,-0.00199959600009172,PPP2R3A,F,0.24786922483488
chr6,28677112,28677698,587,*,4,0.000345475600042187,0.242581543221003,0.00689268899370422,0.00814024064096036,0.0090893506542326,-0.00037281653265007,,F,0.248013665593899
chr6,33385541,33386556,1016,*,40,0.000845442231750896,0.242735442966856,0.049811140236605,0.0500076593170655,0.0141176185897619,0.00287461907490541,CUTA,F,0.248116540363619
chr12,122907090,122907396,307,*,2,0.0128509210459324,0.244436590566366,0.0312244882999221,0.0608312213980546,0.00468023329345127,0.00371943023551899,CLIP1,F,0.249800571048402
chr8,129020343,129020489,147,*,3,0.014893105248286,0.246247936915421,0.0177012608434182,0.0199442900644094,-0.015405826515287,-0.00800418261000387,PVT1,F,0.251596455071328
chr11,62473659,62474759,1101,*,12,0.00446381951553995,0.246421542911545,0.0298872733881126,0.0459575481126546,-0.00946918397435137,0.000102577524353333,"BSCL2, HNRNPUL2-BSCL2",F,0.251718606128332
chr10,73498624,73498766,143,*,3,0.00855697491402827,0.246506631845246,0.0132622057327462,0.0269791203550821,-0.0553894286388423,-0.0252697090159321,CDH23,F,0.251750303619147
chr10,101419318,101419627,310,*,3,0.0170804645681777,0.246653382118954,0.28122170547848,0.336663155780391,0.0100202990226948,0.00738496500535377,ENTPD7,F,0.251844946399467
chr12,12715028,12715811,784,*,7,0.00308044066813317,0.247483793426851,0.0109661448276533,0.0150638753558004,0.0271574697107334,0.00743622695571974,DUSP16,F,0.252637445416231
chr12,113916891,113917621,731,*,7,0.0135189762431742,0.248485769784228,0.0276156148309643,0.0848643167758493,0.0172330902877545,0.00113702638392187,RP11-82C23.2,F,0.253604696446449
chr11,102187898,102188539,642,*,11,0.0011901219717781,0.248802479197339,0.00864787756341542,0.0122441123148183,0.0273191233945367,0.00836500553964678,BIRC3,F,0.253872293081071
chr2,191183734,191184571,838,*,6,0.0012126523191787,0.252622304140402,0.0173736063299095,0.0216871748255687,0.0078795196759142,0.0026486783867104,HIBCH,F,0.25771348748781
chr11,117801332,117801492,161,*,2,0.0127805266836411,0.254389282905967,0.0141211291218841,0.0191373886504297,-0.0191258620582838,-0.00563825688261316,,F,0.259459240143033
chr9,132636402,132636787,386,*,3,0.00999005219324063,0.256555429079351,0.0115405716428096,0.0150761676091905,0.0224823977254182,0.0120364521641809,USP20,F,0.261611261927422
chr3,36985697,36986154,458,*,3,0.0149880251988041,0.25706937601444,0.200181482068459,0.247930355364951,0.00256663110739998,0.00181832797539858,TRANK1,F,0.262077951860605
chr12,4382878,4383770,893,*,11,0.00689522557502573,0.257792656474929,0.0197728772641134,0.0267593320363167,0.02438727113837,0.00563413891203591,"CCND2, CCND2-AS1, CCND2-AS2",F,0.262757802846081
chr19,45316493,45316789,297,*,4,0.00972531500778119,0.259405947071988,0.0136600376921907,0.036107198284544,0.0054967790971181,0.000297699883017755,BCAM,F,0.264344309740535
chr1,179712591,179712740,150,*,2,0.0102462190458281,0.260480743097115,0.10240849244439,0.172284024651974,-0.0236447778920817,-0.0142942988212562,FAM163A,F,0.265381496522263
chr6,146349312,146349638,327,*,4,0.00478884143352464,0.262018024042924,0.0134798757438089,0.0107285282525982,0.0156349053515392,-0.000617017066473484,GRM1,F,0.266889312766382
chr15,40860968,40861582,615,*,5,0.00587816436692514,0.263376198534607,0.0137287900939543,0.0167065461803508,-0.0217204542948848,0.00456833741558953,RPUSD2,F,0.268214073163277
chr4,15375625,15376180,556,*,9,0.00223191483154983,0.264512178073939,0.011537631514985,0.0176427967300494,-0.0137382583575624,-0.00355682994819744,"C1QTNF7, RP11-665G4.1, RP11-484O2.1",F,0.269312027391852
chr2,38303899,38304517,619,*,8,0.00949223388180369,0.26463040195873,0.0953542202966969,0.196970329097652,0.00918640476418287,0.00215523496527799,"CYP1B1-AS1, CYP1B1",F,0.269373504245204
chr14,55657967,55658093,127,*,2,0.0128657607653229,0.26492987364924,0.0129781491295114,0.0135900385463391,0.0136709132460206,0.00869849759256076,DLGAP5,F,0.269619410311301
chr19,57862242,57862713,472,*,10,0.0153930754948902,0.265498207161337,0.0383861016288583,0.0564115946745203,0.00761067549022526,0.00396257294871728,"ZNF304, CTC-444N24.13",F,0.270138770100578
chr1,161068138,161068387,250,*,4,0.0179836888414185,0.266493805819222,0.180263230971418,0.281925590537032,-0.0113180334865309,-0.00173476921226453,KLHDC9,F,0.271033337781201
chr12,65562903,65563210,308,*,6,0.0190482551694491,0.266488043196987,0.0115329336061832,0.0384871939017802,0.0218795809249626,0.00928235953720314,,F,0.271033337781201
chr14,50234727,50235780,1054,*,6,0.00308983704347042,0.26940088429073,0.0449496013646973,0.0246849645446514,0.00802769938278901,0.000928416629737465,KLHDC2,F,0.273910389570591
chr1,8483390,8484097,708,*,5,0.0060716452493905,0.269440303762696,0.0180977477845542,0.0808159213072658,0.0136013846705871,0.00720033726974819,RERE,F,0.273910389570591
chr3,180707371,180707907,537,*,5,0.00980630499001854,0.270832538323976,0.0129781491295114,0.0342705223981142,0.0213286210920179,0.0101240963148603,"SOX2-OT, DNAJC19",F,0.275265633124129
chr12,5019311,5019482,172,*,2,0.0201749764340378,0.27207401016702,0.298497667114861,0.334024229701505,-0.00063495017686345,-0.000271917520849242,KCNA1,F,0.276467088227758
chr20,43103795,43104027,233,*,3,0.0145323750856937,0.272435896714522,0.0336753846453167,0.101002466039829,0.0288392447091855,0.00492995181890793,,F,0.276774426483318
chr17,79603513,79603768,256,*,3,0.0151562031521376,0.277976347409175,0.036082772251167,0.104951928817377,0.01343789659064,0.00901735105090141,NPLOC4,F,0.282341515787247
chr1,167423965,167424194,230,*,2,0.0180375504292129,0.279271393938673,0.0285447535345413,0.0563833442400705,-0.0151481229866012,-0.00769614695392865,CD247,F,0.283595046134409
chr6,50812995,50813341,347,*,2,0.012627989519732,0.279861152359893,0.0610565616968779,0.118896751493472,0.0235778966080544,0.00132722908918561,TFAP2B,F,0.284131978753003
chr22,43484984,43485335,352,*,4,0.00865656744147346,0.286195835682162,0.0289483995266031,0.0520653214003319,0.0145675078575287,0.00750361438795534,TTLL1,F,0.290500001475987
chr17,7960406,7961098,693,*,3,0.0167069945394608,0.288267050463813,0.0201466907865154,0.0429644357646087,0.0107039776163057,0.00318187319422302,RP11-599B13.3,F,0.292538604055344
chr5,135467951,135468353,403,*,5,0.0142249006861256,0.292416738144108,0.0424749304528777,0.0372623109051503,-0.021537819694534,-0.00139431047128381,SMAD5-AS1,F,0.296685130618107
chr6,32044104,32044959,856,*,10,0.00452971817248231,0.292615931954975,0.0204414785211932,0.0413221398470419,-0.0404445261832652,-0.00715242092640982,TNXB,F,0.296822564825598
chr12,56694168,56694667,500,*,10,0.00257734248686352,0.295175511077959,0.0065996811128245,0.0153535827841448,0.0208629604893194,0.00348416114725707,"RP11-977G19.11, CS, RP11-977G19.10",F,0.299353735864559
chr16,11371235,11371350,116,*,2,0.0111187258269379,0.299704180399179,0.0198450833133157,0.0380584237941221,-0.00592715566268731,-0.00509169597046527,RMI2,F,0.303880332706069
chr8,26435291,26435609,319,*,8,0.0153691066382196,0.303772303842253,0.0266767004382986,0.0418687865073865,0.0222917594232503,0.00636119716091684,DPYSL2,F,0.307938097299385
chr1,156252187,156252642,456,*,6,0.00947586451191081,0.31479023112737,0.0285162126600989,0.0341913352646699,0.0165567944340176,0.00637895607471392,SMG5,F,0.319037672766085
chr12,50478480,50479197,718,*,9,0.0121574154978482,0.317354181881296,0.0635250959818865,0.0290951606025052,0.0132519428828589,0.00479466763745068,SMARCD1,F,0.321566236949782
chr12,64238325,64238719,395,*,9,0.00962483469584433,0.320036353688407,0.0141331328283809,0.030226339237919,0.0105707675760036,0.00398649385642827,SRGAP1,F,0.324213465113533
chr19,19303735,19303979,245,*,2,0.0109103137700315,0.323637480949242,0.0419128756713243,0.0863337193829335,0.0138498534378376,0.00850851630339457,RFXANK,F,0.327790288991
chr13,52027945,52028301,357,*,4,0.0138883456738834,0.324411207946405,0.0168577778922898,0.0481225608394017,0.00740836444478336,0.00420411572832276,"INTS6-AS1, RPS4XP16, INTS6",F,0.328502499544773
chr20,33589992,33590313,322,*,2,0.00368392927269075,0.324595858975435,0.0109661448276533,0.00972419481915983,0.0129143318594509,0.00632115759564633,"MYH7B, TRPC4AP",F,0.328618025054043
chr3,138170552,138170766,215,*,3,0.0188982504957784,0.326011843021506,0.0132622057327462,0.026188654981098,0.0116048191468803,-0.00081450806871423,ESYT3,F,0.32997982024585
chr5,40755670,40756512,843,*,10,0.011192056391283,0.326218416661577,0.0172756172730674,0.0247062391614304,-0.0184658033416244,0.00347867691288568,TTC33,F,0.330117159146668
chr7,93520445,93521196,752,*,7,0.0107316225037449,0.332841762977904,0.0773688415090708,0.0957888856785106,-0.0189802919320432,-0.00876320491419451,"GNGT1, AC002076.10",F,0.336746489287008
chr3,11888434,11888606,173,*,6,0.0153020131640796,0.343488063151855,0.0182782597813934,0.0398040438166426,0.0126288123900427,0.00413942722608135,,F,0.347442204626018
chr7,55147074,55147374,301,*,3,0.00204487562643464,0.344754351834395,0.00860648330882047,0.010272730949981,-0.0206927807831788,-0.00621345712014517,EGFR,F,0.348647343429485
chr18,43546845,43547701,857,*,9,0.0080995700584285,0.345906686582672,0.0118564782534789,0.0468933376381726,0.00497594186223457,0.000735011897479467,EPG5,F,0.349736743251304
chr16,28875557,28875725,169,*,2,0.0107717884230952,0.34889504153129,0.0351910947740129,0.0728701379492887,0.0124849241942757,0.00825623950997652,SH2B1,F,0.352681616759543
chr7,100080970,100082322,1353,*,10,0.000212656795426515,0.354360612923605,0.00517375652780275,0.00671619847665678,-0.0189978850116977,0.000695606484882394,"NYAP1, AC092849.1",F,0.358128770482905
chr11,66035370,66036138,769,*,40,0.0111719408739663,0.355807700183923,0.0579872376366475,0.187333814410184,0.0111649493737151,0.00468470813675525,"RAB1B, RP11-867G23.2",F,0.359513226243551
chr6,34664215,34664703,489,*,4,0.0146291271704256,0.357260752421234,0.0628367810040224,0.22355878001194,0.00649439996226267,0.00511320551433494,"RP11-140K17.3, C6orf106",F,0.360903107163923
chr19,3178742,3178955,214,*,4,0.0198021657335227,0.358996484922073,0.112158675071141,0.286110199651071,0.00498962584217716,0.00243264004028963,S1PR4,F,0.362577885552395
chr1,93646168,93646783,616,*,12,0.00255600540507246,0.36012891587915,0.0261162066190858,0.053664553396125,0.0206565781227654,0.0074567957629005,"CCDC18, TMED5",F,0.363642749620382
chr6,31697106,31697721,616,*,12,0.011743276177267,0.365778945970915,0.168103507772959,0.352488332451871,-0.0115993824758674,0.00261240040769448,DDAH2,F,0.369267841185032
chr5,111093286,111093945,660,*,9,0.01001697116167,0.366547213043705,0.0621907115024531,0.0392797192713791,0.0347428777832,0.00511061721642151,NREP,F,0.369963236052131
chr8,104309910,104310380,471,*,2,0.0123283767934595,0.36691924392012,0.0641693106612952,0.131211350243503,-0.0420155644064429,-0.0318355594928539,RP11-318M2.2,F,0.370258487310076
chr1,180471249,180471735,487,*,5,0.00380718324188085,0.379209090432269,0.0169595141273544,0.013579446254509,0.0101386991373249,0.000528448261131602,ACBD6,F,0.382577282093387
chr17,21030030,21030248,219,*,7,0.013895016893155,0.385389688889541,0.0593868289028012,0.0550329526101428,0.0151839486398031,0.00837749379716289,DHRS7B,F,0.388728564253539
chr11,1892139,1892888,750,*,7,0.00132242952449061,0.385474928149913,0.0162116740689407,0.025857375369348,0.051893315209957,0.0303292780009424,LSP1,F,0.388730346555684
chr6,127664470,127665252,783,*,8,0.0112007283653478,0.38557406557433,0.0127717014422968,0.071374779120563,0.00930766111504647,0.00321643095066289,ECHDC1,F,0.388746140588798
chr4,21949853,21950567,715,*,5,0.0182067483068039,0.387096277159938,0.0782043435478201,0.055780404970834,-0.0461277547222051,-0.0196980605679575,KCNIP4,F,0.390196398860136
chr1,9353314,9353862,549,*,3,0.00577684377689647,0.387834924367091,0.0118564782534789,0.0192025460193705,0.0103150652572165,0.00567544012536371,SPSB1,F,0.390856360696287
chr3,49467188,49467370,183,*,3,0.0171097193674337,0.388144765133548,0.0151362917524141,0.0481695420732389,0.0139731694563334,0.0074689213951285,,F,0.391083983389644
chr7,149470694,149471044,351,*,4,0.0157017263374572,0.389112959223897,0.0106591027648992,0.0217443962459983,0.013366122387541,0.00232649328769213,,F,0.391974702813258
chr6,33266652,33267268,617,*,17,0.0121779202569045,0.392832647573382,0.109913808649392,0.219602358995898,0.0172182380038825,0.00501450700608314,RGL2,F,0.395636167765839
chr7,157347628,157347704,77,*,2,0.0141423600877968,0.404813984934654,0.0273791269516576,0.0557897540154828,-0.00927363112217916,-0.00482428424060194,PTPRN2,F,0.407614860073661
chr12,7281566,7282511,946,*,11,0.00151726687143025,0.406533946411386,0.0430011703838036,0.107501690833899,-0.0304790375010136,-0.000494361179304595,"CLSTN3, RP11-273B20.1",F,0.40925823355768
chr3,49592476,49592529,54,*,2,0.00796163061785348,0.406840900783869,0.0243152932537331,0.048804218186288,-0.0141944818948864,-0.0103973696069605,BSN,F,0.409478728106868
chr7,102036757,102037347,591,*,7,0.000363491497469397,0.409762380154051,0.00886571626191301,0.0103824908797082,0.0127502235739105,0.0048475523013299,PRKRIP1,F,0.412330035518024
chr4,187618483,187618563,81,*,3,0.0132587118309379,0.416375341842313,0.0150218913143908,0.0481733318014822,-0.0193002557888271,-0.012695135698736,FAT1,F,0.418893922436736
chr5,115152019,115152326,308,*,2,0.0152386899737263,0.418230062621336,0.169476117910433,0.280952586368997,-0.00241378304226322,-0.00155774784642836,CDO1,F,0.420668985232734
chr11,128563027,128564180,1154,*,10,0.00199908088948556,0.42008349606538,0.0100059904361552,0.0235739488607082,0.0204583775661841,0.00768832178433127,"FLI1, SENCR",F,0.422441986866006
chr3,40350888,40351380,493,*,8,0.012637936964951,0.426431541929517,0.0181244643264911,0.0402139047643803,0.0128231697388273,0.00313147226954329,EIF1B,F,0.428733093861347
chr12,54785003,54785055,53,*,3,0.0198797602619691,0.428682289640214,0.0208060696958207,0.079189313270631,0.00570306506616291,0.0036501354608813,"RP11-753H16.3, RP11-753H16.5, ZNF385A",F,0.430902961980246
chr19,58090450,58090465,16,*,3,0.0195039852238481,0.429124098236409,0.0896324122848821,0.241576980270915,0.00334985398685096,0.00148534474687623,ZIK1,F,0.431253976151695
chr7,140624194,140624905,712,*,5,0.00888091461015149,0.435716925154254,0.0204646302648689,0.118626815765119,0.00604072186925185,0.00227834450715136,BRAF,F,0.437785052954339
chr12,50134882,50135515,634,*,14,0.0024187796822921,0.445266067946063,0.012904171888162,0.0905713002066756,0.0167328635620038,0.00622757969485302,TMBIM6,F,0.447186559936342
chr19,16771653,16771812,160,*,3,0.017670601394215,0.445266067946063,0.0348903276027858,0.100742241296148,0.0065045955187124,0.00535166947570616,,F,0.447186559936342
chr7,116503126,116503444,319,*,5,0.00307325813881921,0.463432552581491,0.007812197136308,0.0183005356993859,0.01645707259089,0.00705967352435118,CAPZA2,F,0.465331047298836
chr15,93616424,93617080,657,*,10,0.0121406460310086,0.503229006708767,0.0322545300850453,0.0310281715145138,-0.0150703647822021,-0.00423619607450182,RGMA,F,0.505181609019774
chr4,154265616,154265635,20,*,2,0.019935246595976,0.508498279418939,0.50328514870171,0.602208017668026,0.00595840129603709,0.00491151697080991,,F,0.510361311908189
chr16,67280963,67282115,1153,*,7,0.000149893226725445,0.511510632279797,0.00689268899370422,0.0155166395501002,-0.0158469941027867,-0.00348334419444995,"SLC9A5, FHOD1",F,0.513274081992461
chr2,145274975,145275868,894,*,7,0.00770665080200195,0.518265291258098,0.0240421978242361,0.0248148104612376,0.0247306618520925,0.00779255499886732,"ZEB2-AS1, ZEB2",F,0.519939995990729
chr8,28269204,28269396,193,*,2,0.0105397867593724,0.518970491563414,0.0129109335157902,0.0135203133335462,0.00926028708011839,0.0091000383655984,FBXO16,F,0.52053533905036
chr1,114301432,114302134,703,*,10,0.0109207434079221,0.536807128261324,0.0183733764388121,0.0345934800531034,0.0122308413483841,0.00285288318540189,PHTF1,F,0.538309818327517
chr13,96329351,96329433,83,*,4,0.0188990297094466,0.545385356622437,0.22392903064201,0.501280295976576,0.00342605623156804,0.0014703439279196,DNAJC3,F,0.546794317715971
chr12,125478229,125478807,579,*,6,0.0163204993684924,0.560675319168041,0.275500387998657,0.534959854103014,0.00659827726057923,0.00302136604418972,BRI3BP,F,0.562002789790264
chr1,154531393,154531641,249,*,6,0.0104082729216074,0.590619932854912,0.00928924739848483,0.0279727452100849,-0.0196694599905175,-0.000868798219085065,UBE2Q1,F,0.591890903229035
chr19,50316212,50316468,257,*,5,0.0178186318946529,0.607544178095962,0.0203171119014991,0.182603938412307,-0.01239371330888,-0.000791205494512411,FUZ,F,0.608720576031174
chr15,41185800,41186526,727,*,9,0.00264319464210638,0.644270663224039,0.00932014638056616,0.0802497095169485,0.02175989561576,0.00763389254273056,,F,0.645379324292181
chr15,100882020,100882647,628,*,11,0.00426594999344873,0.650522830847182,0.007812197136308,0.0457504190640811,0.0108218963969441,0.00333451374202977,ADAMTS17,F,0.651502112528027
chr9,6681415,6681608,194,*,3,0.00617503817637057,0.65958031979413,0.0122261821304003,0.0212209529852301,-0.0138292833980342,-0.00476401578875507,,F,0.660431208187758
chr15,42264445,42264708,264,*,2,0.0139731757786166,0.668541487601069,0.616175108618647,0.749354754689462,0.00800579797206081,0.00568243592411245,EHD4,F,0.669260040360744
chr5,112630811,112631052,242,*,3,0.0165267897948283,0.703316592613514,0.00928924739848483,0.0112364607965109,0.00863396292984286,0.000941581246582268,MCC,F,0.70392120606085
chr19,49403168,49403306,139,*,3,0.0199720428147612,0.757293004881606,0.560179586859022,0.790024389698117,0.00328524378192083,0.000875226337951581,,F,0.757781161094465
chr22,23484598,23484600,3,*,2,0.0198631826766772,0.861945597460854,0.777957175485292,0.909347487739777,0.0188185539830152,0.0164644003768768,RTDR1,F,0.862315928544618
chr15,76604101,76604113,13,*,2,0.0196136685939597,0.949726262337343,0.873648197734775,0.969551748885581,0.00480242620171484,0.00256934916441871,,F,0.949930241345577
chr19,35629356,35629603,248,*,3,0.0201677031120431,0.987795786613214,0.706746821689337,0.941819453806665,0.0208301900547895,0.0113271796289423,"LGI4, AC020907.2",F,0.987795786613214
